ISO-10303-21;
HEADER;
FILE_DESCRIPTION (( 'STEP AP203' ),
    '1' );
FILE_NAME ('19034-E0W.STEP',
    '2021-12-01T18:34:37',
    ( '' ),
    ( '' ),
    'SwSTEP 2.0',
    'SolidWorks 2018',
    '' );
FILE_SCHEMA (( 'CONFIG_CONTROL_DESIGN' ));
ENDSEC;

DATA;
#1 = CARTESIAN_POINT ( 'NONE',  ( 0.6226231904530005190, 0.9999606299212604466, -0.8422597562642643032 ) ) ;
#2 = CARTESIAN_POINT ( 'NONE',  ( 0.7660574447030850109, 1.000000000000000222, -0.8635094644519379914 ) ) ;
#3 = CARTESIAN_POINT ( 'NONE',  ( 0.5406488653795514798, 0.9999606299209538030, -0.8452731984650193597 ) ) ;
#4 = ORIENTED_EDGE ( 'NONE', *, *, #4640, .T. ) ;
#5 = CARTESIAN_POINT ( 'NONE',  ( 0.7660358056750076194, 0.9999606299212598914, -0.8653902929186875204 ) ) ;
#6 = EDGE_CURVE ( 'NONE', #5349, #404, #5569, .T. ) ;
#7 = LINE ( 'NONE', #4736, #4031 ) ;
#8 = DIRECTION ( 'NONE',  ( -0.000000000000000000, 1.000000000000000000, -0.000000000000000000 ) ) ;
#9 = CARTESIAN_POINT ( 'NONE',  ( 0.6583010529713259062, 0.9999606299212603355, -0.8159289227139038259 ) ) ;
#10 = VERTEX_POINT ( 'NONE', #1411 ) ;
#11 = ORIENTED_EDGE ( 'NONE', *, *, #6608, .F. ) ;
#12 = CARTESIAN_POINT ( 'NONE',  ( 0.4944322300693970718, 1.000000000000000000, -0.4944322300693970718 ) ) ;
#13 = B_SPLINE_CURVE_WITH_KNOTS ( 'NONE', 3,
 ( #3114, #929, #4822, #3687, #1474, #432, #977, #1527, #6380, #6888, #3173 ),
 .UNSPECIFIED., .F., .F.,
 ( 4, 1, 1, 1, 1, 1, 1, 1, 4 ),
 ( 0.000000000000000000, 0.1352840289639625770, 0.2694096554749934591, 0.4028008870521619378, 0.5361909441160749301, 0.6652106699871638273, 0.7853428009871218363, 0.8963177665284689510, 0.9999999999999998890 ),
 .UNSPECIFIED. ) ;
#14 = ORIENTED_EDGE ( 'NONE', *, *, #4784, .F. ) ;
#15 = EDGE_CURVE ( 'NONE', #1752, #6990, #6155, .T. ) ;
#16 = ORIENTED_EDGE ( 'NONE', *, *, #1759, .T. ) ;
#17 = CARTESIAN_POINT ( 'NONE',  ( 0.6202650649540416561, 0.9999999999999995559, -0.8641057757814939455 ) ) ;
#18 = CARTESIAN_POINT ( 'NONE',  ( 0.6028331955279843113, 0.9999606299212597804, -0.7892121663673321574 ) ) ;
#19 = CARTESIAN_POINT ( 'NONE',  ( 0.8139140152903605596, 0.9999606299212596694, -0.8456558990862904635 ) ) ;
#20 = CARTESIAN_POINT ( 'NONE',  ( 0.6297935931577517410, 0.9999606299212597804, -0.8346573809053896564 ) ) ;
#21 = DIRECTION ( 'NONE',  ( 1.000000000000000000, 0.000000000000000000, 0.000000000000000000 ) ) ;
#22 = ADVANCED_FACE ( 'NONE', ( #6337 ), #3600, .F. ) ;
#23 = CARTESIAN_POINT ( 'NONE',  ( 0.5430847435701688930, 0.9999999999999996669, -0.8476338165329216912 ) ) ;
#24 = ORIENTED_EDGE ( 'NONE', *, *, #7022, .T. ) ;
#25 = CARTESIAN_POINT ( 'NONE',  ( 0.7240356644000547348, 0.9999606299212597804, -0.8614371012631655278 ) ) ;
#26 = CARTESIAN_POINT ( 'NONE',  ( 0.7649878302051119627, 0.9999606299212596694, -0.8705864598940491472 ) ) ;
#27 = VECTOR ( 'NONE', #4813, 39.37007874015748143 ) ;
#28 = CARTESIAN_POINT ( 'NONE',  ( 0.7236683739506467594, 0.9999606299212597804, -0.7969460518492634815 ) ) ;
#29 = CARTESIAN_POINT ( 'NONE',  ( 0.6636765377371066643, 1.000000000000000000, -0.7914338591376051113 ) ) ;
#30 = DIRECTION ( 'NONE',  ( 0.000000000000000000, 0.000000000000000000, -1.000000000000000000 ) ) ;
#31 = CARTESIAN_POINT ( 'NONE',  ( 0.6307998393527062264, 0.9999606299212597804, -0.8649047188760621285 ) ) ;
#32 = VECTOR ( 'NONE', #4724, 39.37007874015748854 ) ;
#33 = LINE ( 'NONE', #5013, #5347 ) ;
#34 = CARTESIAN_POINT ( 'NONE',  ( 0.3333966783382540933, 0.9999606299212597804, -0.4971953688795429094 ) ) ;
#35 = ORIENTED_EDGE ( 'NONE', *, *, #6203, .F. ) ;
#36 = FACE_OUTER_BOUND ( 'NONE', #6164, .T. ) ;
#37 = CARTESIAN_POINT ( 'NONE',  ( 0.6870272143641589224, 0.9999606299212598914, -0.8786438570300100226 ) ) ;
#38 = ORIENTED_EDGE ( 'NONE', *, *, #1312, .F. ) ;
#39 = FACE_OUTER_BOUND ( 'NONE', #4574, .T. ) ;
#40 = LINE ( 'NONE', #1537, #6945 ) ;
#41 = VERTEX_POINT ( 'NONE', #6696 ) ;
#42 = CARTESIAN_POINT ( 'NONE',  ( 0.6333880155766994369, 1.000000000000000000, -0.8204031962414457535 ) ) ;
#43 = B_SPLINE_SURFACE_WITH_KNOTS ( 'NONE', 3, 1, ( 
 ( #4002, #5106 ),
 ( #738, #4571 ),
 ( #711, #692 ),
 ( #1279, #2944 ),
 ( #5123, #2904 ),
 ( #6718, #4555 ),
 ( #1812, #1256 ),
 ( #3498, #651 ),
 ( #4491, #1187 ),
 ( #1749, #5564 ),
 ( #5201, #233 ),
 ( #1327, #2438 ),
 ( #5747, #4645 ),
 ( #3019, #6233 ),
 ( #1883, #2491 ),
 ( #3517, #6287 ),
 ( #2994, #3048 ),
 ( #6770, #6842 ),
 ( #3542, #1940 ) ),
 .UNSPECIFIED., .F., .F., .F.,
 ( 4, 1, 1, 1, 1, 1, 1, 1, 1, 1, 1, 1, 1, 1, 1, 1, 4 ),
 ( 2, 2 ),
 ( 0.000000000000000000, 0.08817828793540191668, 0.1703962258015032927, 0.2478554589180556877, 0.3223119628233686029, 0.3939861698943331048, 0.4626934939826060633, 0.5304592248215022066, 0.5989497110176139616, 0.6349980497359262177, 0.6748411946041483755, 0.7189748316776007897, 0.7666373843242443309, 0.8184614652166471993, 0.8745656704273196969, 0.9350741581065670216, 1.000000000000000000 ),
 ( 0.000000000000000000, 1.000000000000000000 ),
 .UNSPECIFIED. ) ;
#44 = LINE ( 'NONE', #4821, #3233 ) ;
#45 = DIRECTION ( 'NONE',  ( -0.4999999999999934497, -0.7071067811865567876, 0.4999999999999934497 ) ) ;
#46 = EDGE_CURVE ( 'NONE', #1843, #5655, #4418, .T. ) ;
#47 = ORIENTED_EDGE ( 'NONE', *, *, #3357, .F. ) ;
#48 = CARTESIAN_POINT ( 'NONE',  ( 0.5562164819967891916, 0.9999999999999994449, -0.8706171274575333907 ) ) ;
#49 = EDGE_CURVE ( 'NONE', #4371, #358, #3397, .T. ) ;
#50 = EDGE_LOOP ( 'NONE', ( #6907, #2639, #879, #6226 ) ) ;
#51 = CARTESIAN_POINT ( 'NONE',  ( 0.6150098424463943392, 0.9999606299212595584, -0.8511251954736048786 ) ) ;
#52 = CARTESIAN_POINT ( 'NONE',  ( 0.7879252927544552199, 1.000000000000000222, -0.8104116514621957368 ) ) ;
#53 = VECTOR ( 'NONE', #2163, 39.37007874015748854 ) ;
#54 = PLANE ( 'NONE',  #6176 ) ;
#55 = CARTESIAN_POINT ( 'NONE',  ( 0.7511001722967165506, 0.9999606299212598914, -0.8811175302417850741 ) ) ;
#56 = CARTESIAN_POINT ( 'NONE',  ( 0.7055786886870878405, 0.9999606299212595584, -0.8775147297059879836 ) ) ;
#57 = CARTESIAN_POINT ( 'NONE',  ( 0.8034018303688242879, 0.9999606299212601135, -0.7897654830495048905 ) ) ;
#58 = ORIENTED_EDGE ( 'NONE', *, *, #134, .T. ) ;
#59 = ADVANCED_FACE ( 'NONE', ( #6509 ), #4755, .T. ) ;
#60 = CARTESIAN_POINT ( 'NONE',  ( 0.6181766148131794258, 0.9999606299212596694, -0.8721920652603382118 ) ) ;
#61 = VERTEX_POINT ( 'NONE', #5108 ) ;
#62 = ORIENTED_EDGE ( 'NONE', *, *, #459, .T. ) ;
#63 = CARTESIAN_POINT ( 'NONE',  ( 0.6036546443377976967, 1.000000000000000000, -0.8784337237097977757 ) ) ;
#64 = DIRECTION ( 'NONE',  ( -0.000000000000000000, 1.000000000000000000, -0.000000000000000000 ) ) ;
#65 = CARTESIAN_POINT ( 'NONE',  ( 0.6164156097575766990, 1.000000000000000222, -0.7909561189494803690 ) ) ;
#66 = CARTESIAN_POINT ( 'NONE',  ( 0.6465580069663424689, 0.9999606299212597804, -0.8220416822290746994 ) ) ;
#67 = PLANE ( 'NONE',  #3839 ) ;
#68 = CARTESIAN_POINT ( 'NONE',  ( 0.5455788205981677574, 0.9999606299209538030, -0.8522783806427721709 ) ) ;
#69 = DATE_AND_TIME ( #1024, #2744 ) ;
#70 = DIRECTION ( 'NONE',  ( 0.6512707515841301698, 0.000000000000000000, 0.7588454441657024319 ) ) ;
#71 = CARTESIAN_POINT ( 'NONE',  ( 0.7521527521776396608, 0.9999606299212598914, -0.8810834780775854691 ) ) ;
#72 = CARTESIAN_POINT ( 'NONE',  ( 0.6306985527556340232, 0.9999606299212596694, -0.8615936849225361849 ) ) ;
#73 = CARTESIAN_POINT ( 'NONE',  ( 1.000000000000000222, 0.000000000000000000, -0.9921259842519688510 ) ) ;
#74 = PERSON_AND_ORGANIZATION_ROLE ( 'creator' ) ;
#75 = B_SPLINE_SURFACE_WITH_KNOTS ( 'NONE', 3, 1, ( 
 ( #4177, #356 ),
 ( #1980, #5215 ),
 ( #4638, #4145 ),
 ( #6254, #5816 ),
 ( #826, #3663 ),
 ( #3635, #3071 ),
 ( #1394, #3037 ),
 ( #797, #4743 ),
 ( #2562, #1956 ),
 ( #5715, #5771 ),
 ( #2458, #6860 ) ),
 .UNSPECIFIED., .F., .F., .F.,
 ( 4, 1, 1, 1, 1, 1, 1, 1, 4 ),
 ( 2, 2 ),
 ( 0.000000000000000000, 0.1179223197415644464, 0.2352430577939114698, 0.3551368795786943311, 0.4784261928938882136, 0.6040343206453691050, 0.7311470825726777978, 0.8629462348892448231, 1.000000000000000000 ),
 ( 0.000000000000000000, 1.000000000000000000 ),
 .UNSPECIFIED. ) ;
#76 = B_SPLINE_CURVE_WITH_KNOTS ( 'NONE', 3,
 ( #4625, #5206, #817, #290, #4082, #342, #5685, #1916, #2448, #3624, #6240, #3524, #5178 ),
 .UNSPECIFIED., .F., .F.,
 ( 4, 1, 1, 1, 1, 1, 1, 1, 1, 1, 4 ),
 ( 0.000000000000000000, 0.1227496676134315762, 0.2345844757249748447, 0.3360613725792306883, 0.4265798447320822140, 0.5068085108969682118, 0.5755457069859388763, 0.6345771878879875594, 0.6821573405218291919, 0.8461889169654391862, 1.000000000000000000 ),
 .UNSPECIFIED. ) ;
#77 = VECTOR ( 'NONE', #428, 39.37007874015748143 ) ;
#78 = CARTESIAN_POINT ( 'NONE',  ( 0.7240356644000547348, 1.000000000000000000, -0.8614371012631655278 ) ) ;
#79 = CARTESIAN_POINT ( 'NONE',  ( 0.8746874818887180325, 1.000000000000000222, -0.8648454906776096296 ) ) ;
#80 = EDGE_CURVE ( 'NONE', #1521, #1552, #1480, .T. ) ;
#81 = EDGE_CURVE ( 'NONE', #4511, #992, #5084, .T. ) ;
#82 = CARTESIAN_POINT ( 'NONE',  ( 0.6195146932752324531, 0.9999606299212598914, -0.8437091626978248105 ) ) ;
#83 = CARTESIAN_POINT ( 'NONE',  ( 0.6570999704030301425, 1.000000000000000000, -0.8839185404004011870 ) ) ;
#84 = CARTESIAN_POINT ( 'NONE',  ( 0.6790592276694676910, 1.000000000000000222, -0.8467048560202088403 ) ) ;
#85 = ORIENTED_EDGE ( 'NONE', *, *, #2076, .F. ) ;
#86 = ORIENTED_EDGE ( 'NONE', *, *, #6519, .F. ) ;
#87 = CARTESIAN_POINT ( 'NONE',  ( 0.5563225302492712521, 0.9999606299212596694, -0.8514536213020551525 ) ) ;
#88 = CARTESIAN_POINT ( 'NONE',  ( 0.6669056890068546517, 0.9999606299212597804, -0.5063145128993086219 ) ) ;
#89 = CARTESIAN_POINT ( 'NONE',  ( 0.6731510670087190729, 1.000000000000000222, -0.7884151460066252115 ) ) ;
#90 = ADVANCED_FACE ( 'NONE', ( #3632 ), #3721, .T. ) ;
#91 = CARTESIAN_POINT ( 'NONE',  ( 0.6629932833446272600, 1.000000000000000000, -0.8534349067718657311 ) ) ;
#92 = ORIENTED_EDGE ( 'NONE', *, *, #1482, .F. ) ;
#93 = EDGE_LOOP ( 'NONE', ( #7007, #2846, #4825, #5729, #4452, #6357, #5236, #5263 ) ) ;
#94 = DIRECTION ( 'NONE',  ( 0.000000000000000000, 0.000000000000000000, -1.000000000000000000 ) ) ;
#95 = EDGE_CURVE ( 'NONE', #3992, #5312, #673, .T. ) ;
#96 = CARTESIAN_POINT ( 'NONE',  ( 0.6292002856737414218, 0.9999606299212595584, -0.8553621008842855478 ) ) ;
#97 = ORIENTED_EDGE ( 'NONE', *, *, #6076, .F. ) ;
#98 = CARTESIAN_POINT ( 'NONE',  ( 0.6205115754182020105, 1.000000000000000000, -0.8083121304628591020 ) ) ;
#99 = CARTESIAN_POINT ( 'NONE',  ( 0.7360430571224761964, 1.000000000000000222, -0.8874039640064115275 ) ) ;
#100 = CARTESIAN_POINT ( 'NONE',  ( 0.8789909792674789335, 1.000000000000000000, -0.8693161850699836490 ) ) ;
#101 = ORIENTED_EDGE ( 'NONE', *, *, #6249, .T. ) ;
#102 = AXIS2_PLACEMENT_3D ( 'NONE', #2294, #684, #3998 ) ;
#103 = AXIS2_PLACEMENT_3D ( 'NONE', #4928, #1015, #1588 ) ;
#104 = CARTESIAN_POINT ( 'NONE',  ( 0.6055449592480123266, 0.9999606299212596694, -0.8783459343720481094 ) ) ;
#105 = CARTESIAN_POINT ( 'NONE',  ( 0.6496315538352936958, 0.9999999999999998890, -0.8697422488373888205 ) ) ;
#106 = CARTESIAN_POINT ( 'NONE',  ( 0.6228277477735760792, 1.000000000000000444, -0.7941589578937484628 ) ) ;
#107 = DIRECTION ( 'NONE',  ( 0.000000000000000000, -1.000000000000000000, 0.000000000000000000 ) ) ;
#108 = EDGE_LOOP ( 'NONE', ( #1801, #1827, #1915, #2961 ) ) ;
#109 = DIRECTION ( 'NONE',  ( -1.000000000000000000, 0.000000000000000000, 2.220446049250312588E-16 ) ) ;
#110 = LINE ( 'NONE', #6683, #5751 ) ;
#111 = DIRECTION ( 'NONE',  ( -0.000000000000000000, 1.000000000000000000, -0.000000000000000000 ) ) ;
#112 = CARTESIAN_POINT ( 'NONE',  ( 0.7549371892924866545, 1.000000000000000222, -0.8393649343690235964 ) ) ;
#113 = VECTOR ( 'NONE', #4532, 39.37007874015748143 ) ;
#114 = CARTESIAN_POINT ( 'NONE',  ( 0.7765628897788425800, 0.9999606299212596694, -0.8633042799778021248 ) ) ;
#115 = FACE_OUTER_BOUND ( 'NONE', #4343, .T. ) ;
#116 = EDGE_LOOP ( 'NONE', ( #2920, #5363, #5918, #4607 ) ) ;
#117 = ORIENTED_EDGE ( 'NONE', *, *, #6125, .F. ) ;
#118 = CARTESIAN_POINT ( 'NONE',  ( 0.7430828785441020434, 1.000000000000000222, -0.8100027315092160896 ) ) ;
#119 = VECTOR ( 'NONE', #6946, 39.37007874015748143 ) ;
#120 = VERTEX_POINT ( 'NONE', #5884 ) ;
#121 = FACE_OUTER_BOUND ( 'NONE', #1390, .T. ) ;
#122 = ADVANCED_FACE ( 'NONE', ( #3460 ), #919, .T. ) ;
#123 = CARTESIAN_POINT ( 'NONE',  ( 0.6307998393527062264, 1.000000000000000000, -0.8649047188760621285 ) ) ;
#124 = ORIENTED_EDGE ( 'NONE', *, *, #1200, .T. ) ;
#125 = VECTOR ( 'NONE', #621, 39.37007874015748143 ) ;
#126 = ORIENTED_EDGE ( 'NONE', *, *, #2761, .F. ) ;
#127 = CARTESIAN_POINT ( 'NONE',  ( 0.6614396022649267071, 1.000000000000000000, -0.8554232751731447593 ) ) ;
#128 = EDGE_LOOP ( 'NONE', ( #5967, #4593, #3956, #4403, #3098, #4801 ) ) ;
#129 = DIRECTION ( 'NONE',  ( 1.000000000000000000, 0.000000000000000000, 0.000000000000000000 ) ) ;
#130 = DIRECTION ( 'NONE',  ( -0.000000000000000000, 0.000000000000000000, 1.000000000000000000 ) ) ;
#131 = PLANE ( 'NONE',  #4898 ) ;
#132 = LINE ( 'NONE', #5198, #4519 ) ;
#133 = CARTESIAN_POINT ( 'NONE',  ( 0.6068040883551996112, 0.9999606299212596694, -0.8485240428304315907 ) ) ;
#134 = EDGE_CURVE ( 'NONE', #832, #6111, #4055, .T. ) ;
#135 = CARTESIAN_POINT ( 'NONE',  ( 0.9921259842519684069, 0.9921259842519686289, -1.000000000000000222 ) ) ;
#136 = CARTESIAN_POINT ( 'NONE',  ( 0.6708814705904601050, 1.000000000000000000, -0.8490291558032766472 ) ) ;
#137 = CARTESIAN_POINT ( 'NONE',  ( 0.8149424715777129347, 0.9999606299212598914, -0.8561376230420852940 ) ) ;
#138 = CARTESIAN_POINT ( 'NONE',  ( 0.7604496146064423368, 0.9999606299212597804, -0.8467631471138685750 ) ) ;
#139 = CARTESIAN_POINT ( 'NONE',  ( 0.7757107943059536881, 1.000000000000000000, -0.8712407520041617337 ) ) ;
#140 = AXIS2_PLACEMENT_3D ( 'NONE', #6282, #6330, #332 ) ;
#141 = CARTESIAN_POINT ( 'NONE',  ( 0.8999056890068602987, 0.9999606299212597804, -0.5027180562063946478 ) ) ;
#142 = CARTESIAN_POINT ( 'NONE',  ( 0.5338816965646214774, 1.000000000000000000, -0.8781145340020231060 ) ) ;
#143 = CARTESIAN_POINT ( 'NONE',  ( 0.7389793448996627712, 0.9999606299212596694, -0.8045562993890116310 ) ) ;
#144 = EDGE_LOOP ( 'NONE', ( #3196, #5331, #256, #2440 ) ) ;
#145 = CARTESIAN_POINT ( 'NONE',  ( 0.7500109865483965965, 1.000000000000000000, -0.8916158426702358586 ) ) ;
#146 = EDGE_CURVE ( 'NONE', #224, #4662, #5839, .T. ) ;
#147 = EDGE_LOOP ( 'NONE', ( #5953, #1597, #2411, #3313 ) ) ;
#148 = CARTESIAN_POINT ( 'NONE',  ( 0.8380953178263084169, 0.9999606299212595584, -0.8399096678467666832 ) ) ;
#149 = ORIENTED_EDGE ( 'NONE', *, *, #3685, .T. ) ;
#150 = CARTESIAN_POINT ( 'NONE',  ( 0.7765628897788425800, 0.9999606299212597804, -0.8010307920775594503 ) ) ;
#151 = DIRECTION ( 'NONE',  ( -0.000000000000000000, 1.000000000000000000, -0.000000000000000000 ) ) ;
#152 = B_SPLINE_SURFACE_WITH_KNOTS ( 'NONE', 3, 1, ( 
 ( #3325, #558 ),
 ( #6547, #6040 ),
 ( #5017, #4927 ),
 ( #2225, #2165 ),
 ( #4468, #3277 ),
 ( #2186, #2813 ),
 ( #6532, #4429 ),
 ( #4993, #2789 ),
 ( #3, #6564 ),
 ( #5992, #2743 ),
 ( #7052, #23 ),
 ( #595, #3342 ),
 ( #4408, #3297 ),
 ( #68, #3915 ),
 ( #1103, #3885 ),
 ( #2249, #3865 ),
 ( #5529, #6589 ),
 ( #4958, #579 ),
 ( #4451, #1143 ) ),
 .UNSPECIFIED., .F., .F., .F.,
 ( 4, 1, 1, 1, 1, 1, 1, 1, 1, 1, 1, 1, 1, 1, 1, 1, 4 ),
 ( 2, 2 ),
 ( 0.000000000000000000, 0.07933163976990142974, 0.1537058950589995088, 0.2235825672582203438, 0.2886839698318713343, 0.3495399928518381771, 0.4073819931817304618, 0.4623637744252813153, 0.5158699708091207814, 0.5692497121945874206, 0.6228150815935783458, 0.6780574414592039911, 0.7361071860083753249, 0.7963668575775398883, 0.8598454786757323554, 0.9278131519447374576, 1.000000000000000000 ),
 ( 0.000000000000000000, 1.000000000000000000 ),
 .UNSPECIFIED. ) ;
#153 = CARTESIAN_POINT ( 'NONE',  ( 0.8210651023810849880, 0.9999999999999996669, -0.8556761094458823491 ) ) ;
#154 = LINE ( 'NONE', #5302, #77 ) ;
#155 = CARTESIAN_POINT ( 'NONE',  ( 0.5519408021102324424, 1.000000000000000000, -0.8408334392162400972 ) ) ;
#156 = ADVANCED_FACE ( 'NONE', ( #5354 ), #3765, .T. ) ;
#157 = PLANE ( 'NONE',  #3331 ) ;
#158 = CARTESIAN_POINT ( 'NONE',  ( 0.7016961051779964098, 1.000000000000000000, -0.8164052500498332199 ) ) ;
#159 = CARTESIAN_POINT ( 'NONE',  ( 0.7445658046900017757, 0.9999606299212597804, -0.8278985333781498923 ) ) ;
#160 = LINE ( 'NONE', #1079, #3430 ) ;
#161 = DIRECTION ( 'NONE',  ( -0.000000000000000000, 0.000000000000000000, -1.000000000000000000 ) ) ;
#162 = B_SPLINE_CURVE_WITH_KNOTS ( 'NONE', 3,
 ( #4577, #214, #1351, #4050, #2443, #6236, #2997, #3546, #260, #4103, #5613, #2343, #4702, #2688, #3470, #1719, #1429, #5845, #3028 ),
 .UNSPECIFIED., .F., .F.,
 ( 4, 1, 1, 1, 1, 1, 1, 1, 1, 1, 1, 1, 1, 1, 1, 1, 4 ),
 ( 0.000000000000000000, 0.08200255231875340500, 0.1597715690462407079, 0.2336177311362617193, 0.3034280842814565116, 0.3703725193437349961, 0.4345243117234923180, 0.4964024124852134956, 0.5573274680850505147, 0.6162825864692522693, 0.6725038525717199622, 0.7274967451323800516, 0.7809690145095001812, 0.8345385593342701247, 0.8882595021382543310, 0.9431158980645314438, 1.000000000000000000 ),
 .UNSPECIFIED. ) ;
#163 = CARTESIAN_POINT ( 'NONE',  ( 0.6001521902821929100, 1.000000000000000222, -0.8785050715275161126 ) ) ;
#164 = CARTESIAN_POINT ( 'NONE',  ( 0.9960629921259840369, 0.9921259842519682959, -0.003937007874015997777 ) ) ;
#165 = ORIENTED_EDGE ( 'NONE', *, *, #419, .T. ) ;
#166 = CARTESIAN_POINT ( 'NONE',  ( 0.7305098975806701977, 0.9999999999999995559, -0.8820469032395041875 ) ) ;
#167 = FACE_OUTER_BOUND ( 'NONE', #1689, .T. ) ;
#168 = DIRECTION ( 'NONE',  ( -0.000000000000000000, 1.000000000000000000, -0.000000000000000000 ) ) ;
#169 = EDGE_CURVE ( 'NONE', #2898, #5763, #303, .T. ) ;
#170 = ORIENTED_EDGE ( 'NONE', *, *, #3729, .T. ) ;
#171 = EDGE_CURVE ( 'NONE', #6663, #5027, #1833, .T. ) ;
#172 = EDGE_LOOP ( 'NONE', ( #3751, #2341, #2933 ) ) ;
#173 = CARTESIAN_POINT ( 'NONE',  ( 0.6492070135044262225, 1.000000000000000222, -0.8649333176124806011 ) ) ;
#174 = EDGE_CURVE ( 'NONE', #2467, #2427, #899, .T. ) ;
#175 = CARTESIAN_POINT ( 'NONE',  ( 0.003937007874015793080, 0.007874015748031721468, -0.003937007874015861601 ) ) ;
#176 = CARTESIAN_POINT ( 'NONE',  ( 0.8297674717737739680, 1.000000000000000444, -0.8512443130280837877 ) ) ;
#177 = CARTESIAN_POINT ( 'NONE',  ( 0.5374775531794113714, 1.000000000000000444, -0.8310503272349416548 ) ) ;
#178 = VERTEX_POINT ( 'NONE', #3864 ) ;
#179 = CARTESIAN_POINT ( 'NONE',  ( 0.6652921233592093975, 0.9999999999999998890, -0.8515934313970509040 ) ) ;
#180 = ORIENTED_EDGE ( 'NONE', *, *, #2893, .F. ) ;
#181 = DIRECTION ( 'NONE',  ( -1.000000000000000000, 0.000000000000000000, 0.000000000000000000 ) ) ;
#182 = CARTESIAN_POINT ( 'NONE',  ( 0.8303890407153958764, 1.000000000000000000, -0.8221367912720285442 ) ) ;
#183 = CARTESIAN_POINT ( 'NONE',  ( 0.7765074100665567691, 0.9999606299212597804, -0.8660006231897163786 ) ) ;
#184 = CARTESIAN_POINT ( 'NONE',  ( 0.7962605992958878831, 0.9999606299212597804, -0.8890138945870291742 ) ) ;
#185 = CARTESIAN_POINT ( 'NONE',  ( 0.5432038824471105976, 1.000000000000000000, -0.8729113496539329109 ) ) ;
#186 = CARTESIAN_POINT ( 'NONE',  ( 0.6072459469057198689, 1.000000000000000222, -0.8781663899976834831 ) ) ;
#187 = CARTESIAN_POINT ( 'NONE',  ( 0.4942290533678576625, 0.9999606299212597804, -0.8903270752214988981 ) ) ;
#188 = ORIENTED_EDGE ( 'NONE', *, *, #1133, .T. ) ;
#189 = CARTESIAN_POINT ( 'NONE',  ( 1.000000000000000222, 0.9921259842519686289, -1.000000000000000222 ) ) ;
#190 = DIRECTION ( 'NONE',  ( 1.000000000000000000, 0.000000000000000000, 0.000000000000000000 ) ) ;
#191 = ORIENTED_EDGE ( 'NONE', *, *, #3863, .F. ) ;
#192 = ADVANCED_FACE ( 'NONE', ( #4173 ), #1219, .T. ) ;
#193 = CARTESIAN_POINT ( 'NONE',  ( 0.8399435030130631974, 1.000000000000000222, -0.8339467881694069273 ) ) ;
#194 = FACE_OUTER_BOUND ( 'NONE', #333, .T. ) ;
#195 = LINE ( 'NONE', #66, #1487 ) ;
#196 = CARTESIAN_POINT ( 'NONE',  ( 0.6597246229977640208, 0.9999606299212598914, -0.8626508684468602306 ) ) ;
#197 = EDGE_CURVE ( 'NONE', #404, #5858, #5003, .T. ) ;
#198 = ORIENTED_EDGE ( 'NONE', *, *, #2985, .F. ) ;
#199 = B_SPLINE_SURFACE_WITH_KNOTS ( 'NONE', 3, 1, ( 
 ( #4714, #3634 ),
 ( #2561, #5214 ),
 ( #1367, #4117 ),
 ( #4198, #3612 ),
 ( #2990, #2482 ),
 ( #1342, #4143 ),
 ( #250, #846 ),
 ( #354, #331 ),
 ( #901, #6328 ),
 ( #1393, #5235 ),
 ( #1896, #5193 ),
 ( #4741, #1955 ),
 ( #796, #2509 ),
 ( #871, #5768 ),
 ( #5714, #2457 ) ),
 .UNSPECIFIED., .F., .F., .F.,
 ( 4, 1, 1, 1, 1, 1, 1, 1, 1, 1, 1, 1, 4 ),
 ( 2, 2 ),
 ( 0.000000000000000000, 0.08427347156089418090, 0.1665166244253428462, 0.2473877598069609829, 0.3288365457123073043, 0.4090983268496182212, 0.4877267016055328863, 0.5657077880693260896, 0.6449848608508597092, 0.7265584459444189847, 0.8120697979385852472, 0.9027287756276028974, 1.000000000000000000 ),
 ( 0.000000000000000000, 1.000000000000000000 ),
 .UNSPECIFIED. ) ;
#200 = LINE ( 'NONE', #6265, #3641 ) ;
#201 = DIRECTION ( 'NONE',  ( -0.4832823832550152132, 0.000000000000000000, -0.8754645270000107615 ) ) ;
#202 = ORIENTED_EDGE ( 'NONE', *, *, #1335, .F. ) ;
#203 = LINE ( 'NONE', #6769, #1229 ) ;
#204 = VECTOR ( 'NONE', #5752, 39.37007874015748143 ) ;
#205 = CARTESIAN_POINT ( 'NONE',  ( 0.1003966783382542194, 1.000000000000000000, -0.4935989121866296570 ) ) ;
#206 = ORIENTED_EDGE ( 'NONE', *, *, #1178, .F. ) ;
#207 = LINE ( 'NONE', #3566, #2872 ) ;
#208 = CARTESIAN_POINT ( 'NONE',  ( 0.6963502220339163884, 0.9999999999999998890, -0.8044835485326863322 ) ) ;
#209 = CARTESIAN_POINT ( 'NONE',  ( 0.7525127294194865479, 0.9999606299212598914, -0.8364813673410808059 ) ) ;
#210 = DIRECTION ( 'NONE',  ( -1.000000000000000000, 0.000000000000000000, 0.000000000000000000 ) ) ;
#211 = CARTESIAN_POINT ( 'NONE',  ( 0.8191650406486701286, 0.9999606299212593363, -0.7884939628495177821 ) ) ;
#212 = B_SPLINE_CURVE_WITH_KNOTS ( 'NONE', 3,
 ( #5990, #5435, #5373, #3814, #3182, #3720, #3207, #2116, #6977, #3753, #1584 ),
 .UNSPECIFIED., .F., .F.,
 ( 4, 1, 1, 1, 1, 1, 1, 1, 4 ),
 ( 0.000000000000000000, 0.1115694784847078430, 0.2312276298721046008, 0.3616269854306210507, 0.5010346984701832262, 0.6401569435219168769, 0.7693287052360811007, 0.8892759623006144531, 1.000000000000000000 ),
 .UNSPECIFIED. ) ;
#213 = VERTEX_POINT ( 'NONE', #690 ) ;
#214 = CARTESIAN_POINT ( 'NONE',  ( 0.8303870356266155328, 0.9999606299212596694, -0.8239367574989286958 ) ) ;
#215 = CARTESIAN_POINT ( 'NONE',  ( 0.6307998393527062264, 0.9999606299212597804, -0.8649047188760621285 ) ) ;
#216 = CARTESIAN_POINT ( 'NONE',  ( 0.6492604016786401866, 1.000000000000000222, -0.8606700067235739660 ) ) ;
#217 = VECTOR ( 'NONE', #4877, 39.37007874015748854 ) ;
#218 = CARTESIAN_POINT ( 'NONE',  ( 0.6879180705894645254, 0.9999606299212598914, -0.8003507755660881351 ) ) ;
#219 = DIRECTION ( 'NONE',  ( 1.000000000000000000, 0.000000000000000000, -2.603493823086944073E-17 ) ) ;
#220 = EDGE_CURVE ( 'NONE', #6101, #1777, #1310, .T. ) ;
#221 = CARTESIAN_POINT ( 'NONE',  ( 0.8408825466829497053, 1.000000000000000000, -0.8248534096467965426 ) ) ;
#222 = CARTESIAN_POINT ( 'NONE',  ( 0.7488658620550907585, 1.000000000000000444, -0.8810991435934059091 ) ) ;
#223 = DIRECTION ( 'NONE',  ( 0.000000000000000000, 0.000000000000000000, 1.000000000000000000 ) ) ;
#224 = VERTEX_POINT ( 'NONE', #5609 ) ;
#225 = B_SPLINE_SURFACE_WITH_KNOTS ( 'NONE', 3, 1, ( 
 ( #6058, #3395 ),
 ( #2821, #2840 ),
 ( #1754, #2907 ),
 ( #2321, #4518 ),
 ( #6121, #2887 ),
 ( #4558, #98 ),
 ( #3982, #3959 ),
 ( #3433, #5110 ),
 ( #3938, #6598 ),
 ( #4474, #3457 ),
 ( #3370, #1241 ) ),
 .UNSPECIFIED., .F., .F., .F.,
 ( 4, 1, 1, 1, 1, 1, 1, 1, 4 ),
 ( 2, 2 ),
 ( 0.000000000000000000, 0.1210409259551177147, 0.2361565684961507150, 0.3502598871584625684, 0.4667719731857895016, 0.5882478153244237173, 0.7153606937404149990, 0.8524502302519096908, 1.000000000000000000 ),
 ( 0.000000000000000000, 1.000000000000000000 ),
 .UNSPECIFIED. ) ;
#226 = CARTESIAN_POINT ( 'NONE',  ( 0.6593637466283008841, 1.000000000000000000, -0.8128429045682378229 ) ) ;
#227 = DIRECTION ( 'NONE',  ( 0.9922778767136675171, 0.000000000000000000, -0.1240347345892100356 ) ) ;
#228 = EDGE_CURVE ( 'NONE', #551, #2196, #1213, .T. ) ;
#229 = ADVANCED_FACE ( 'NONE', ( #6020 ), #709, .T. ) ;
#230 = CARTESIAN_POINT ( 'NONE',  ( 0.7389951038543258743, 1.000000000000000222, -0.8757083944647922058 ) ) ;
#231 = CARTESIAN_POINT ( 'NONE',  ( 0.6835922516145649386, 1.000000000000000222, -0.7997646976258886431 ) ) ;
#232 = CARTESIAN_POINT ( 'NONE',  ( 0.6054144127382214968, 1.000000000000000000, -0.7892223455588420755 ) ) ;
#233 = CARTESIAN_POINT ( 'NONE',  ( 0.6130584695480808533, 0.9999999999999998890, -0.8350748753807551994 ) ) ;
#234 = ORIENTED_EDGE ( 'NONE', *, *, #346, .T. ) ;
#235 = CARTESIAN_POINT ( 'NONE',  ( 0.8409087408678576070, 0.9999606299212597804, -0.8236421211273345921 ) ) ;
#236 = CARTESIAN_POINT ( 'NONE',  ( 0.6115654911700553198, 0.9999606299212597804, -0.8896375955386560674 ) ) ;
#237 = CARTESIAN_POINT ( 'NONE',  ( 0.6195146932752324531, 1.000000000000000222, -0.8437091626978248105 ) ) ;
#238 = CARTESIAN_POINT ( 'NONE',  ( 0.7016658453538804352, 0.9999606299212601135, -0.8151745511279236966 ) ) ;
#239 = LOCAL_TIME ( 13, 34, 37.00000000000000000, #937 ) ;
#240 = PLANE ( 'NONE',  #1711 ) ;
#241 = CARTESIAN_POINT ( 'NONE',  ( 0.9921259842519684069, 0.000000000000000000, -0.9921259842519688510 ) ) ;
#242 = AXIS2_PLACEMENT_3D ( 'NONE', #743, #717, #5203 ) ;
#243 = CARTESIAN_POINT ( 'NONE',  ( 0.6624263539471000328, 0.9999999999999998890, -0.8729356241436480035 ) ) ;
#244 = EDGE_CURVE ( 'NONE', #2073, #3657, #6354, .T. ) ;
#245 = DIRECTION ( 'NONE',  ( 0.000000000000000000, 1.000000000000000000, 0.000000000000000000 ) ) ;
#246 = CARTESIAN_POINT ( 'NONE',  ( 0.7345411094758121928, 0.9999606299212597804, -0.8601239206286958039 ) ) ;
#247 = VECTOR ( 'NONE', #3682, 39.37007874015748143 ) ;
#248 = CARTESIAN_POINT ( 'NONE',  ( 0.6664466469950878214, 0.9999606299212602245, -0.8897739807944798907 ) ) ;
#249 = CARTESIAN_POINT ( 'NONE',  ( 0.5265250895968467404, 0.9999606299212597804, -0.8785084495112716052 ) ) ;
#250 = CARTESIAN_POINT ( 'NONE',  ( 0.7060454254211615543, 0.9999606299212595584, -0.7987410619511384757 ) ) ;
#251 = VECTOR ( 'NONE', #3093, 39.37007874015748143 ) ;
#252 = CARTESIAN_POINT ( 'NONE',  ( 0.6790592276694676910, 0.9999606299212598914, -0.8467048560202088403 ) ) ;
#253 = EDGE_LOOP ( 'NONE', ( #384, #543, #5689, #1400 ) ) ;
#254 = CARTESIAN_POINT ( 'NONE',  ( 0.7016658453538804352, 1.000000000000000222, -0.8151745511279236966 ) ) ;
#255 = DIRECTION ( 'NONE',  ( 1.960096666941618365E-16, 0.000000000000000000, 1.000000000000000000 ) ) ;
#256 = ORIENTED_EDGE ( 'NONE', *, *, #5905, .T. ) ;
#257 = CARTESIAN_POINT ( 'NONE',  ( 0.6664095519143636848, 0.9999606299212603355, -0.8394357131857610455 ) ) ;
#258 = CARTESIAN_POINT ( 'NONE',  ( 0.8293589885136479767, 0.9999606299212596694, -0.7937777314372113091 ) ) ;
#259 = B_SPLINE_CURVE_WITH_KNOTS ( 'NONE', 3,
 ( #4540, #1243, #3436, #5617, #6145, #4030, #5112, #1214, #4477, #1778, #1176 ),
 .UNSPECIFIED., .F., .F.,
 ( 4, 1, 1, 1, 1, 1, 1, 1, 4 ),
 ( 0.000000000000000000, 0.1352840289639625770, 0.2694096554749934591, 0.4028008870521619378, 0.5361909441160749301, 0.6652106699871638273, 0.7853428009871218363, 0.8963177665284689510, 0.9999999999999998890 ),
 .UNSPECIFIED. ) ;
#260 = CARTESIAN_POINT ( 'NONE',  ( 0.8267260802674171183, 0.9999606299212592253, -0.8382022359123721955 ) ) ;
#261 = DIRECTION ( 'NONE',  ( 1.000000000000000000, 0.000000000000000000, 0.000000000000000000 ) ) ;
#262 = PLANE ( 'NONE',  #3554 ) ;
#263 = ORIENTED_EDGE ( 'NONE', *, *, #3029, .F. ) ;
#264 = CARTESIAN_POINT ( 'NONE',  ( 0.4938811870757103262, 1.000000000000000000, -0.3332102154469469002 ) ) ;
#265 = CARTESIAN_POINT ( 'NONE',  ( 0.7227199909194933491, 1.000000000000000222, -0.7898279662150948788 ) ) ;
#266 = DIRECTION ( 'NONE',  ( -1.000000000000000000, 0.000000000000000000, 0.000000000000000000 ) ) ;
#267 = VERTEX_POINT ( 'NONE', #1277 ) ;
#268 = DIRECTION ( 'NONE',  ( -0.000000000000000000, 1.000000000000000000, -0.000000000000000000 ) ) ;
#269 = ADVANCED_FACE ( 'NONE', ( #4946 ), #1363, .T. ) ;
#270 = CARTESIAN_POINT ( 'NONE',  ( 0.8133114290965804960, 0.9999606299212597804, -0.8456789336495292853 ) ) ;
#271 = ORIENTED_EDGE ( 'NONE', *, *, #1381, .F. ) ;
#272 = EDGE_CURVE ( 'NONE', #1979, #3666, #1776, .T. ) ;
#273 = CARTESIAN_POINT ( 'NONE',  ( 0.7379629501358914156, 0.9999606299212593363, -0.8742638583198655278 ) ) ;
#274 = CARTESIAN_POINT ( 'NONE',  ( 0.8131472815172717805, 0.9999606299212598914, -0.7878989857328626556 ) ) ;
#275 = CARTESIAN_POINT ( 'NONE',  ( 0.6963502220339163884, 1.000000000000000000, -0.8044835485326863322 ) ) ;
#276 = EDGE_CURVE ( 'NONE', #3905, #1909, #203, .T. ) ;
#277 = CARTESIAN_POINT ( 'NONE',  ( 0.6570634520421000380, 1.000000000000000000, -0.8233548628635444233 ) ) ;
#278 = PLANE ( 'NONE',  #3785 ) ;
#279 = ORIENTED_EDGE ( 'NONE', *, *, #4587, .F. ) ;
#280 = CARTESIAN_POINT ( 'NONE',  ( 0.5403371620901796790, 1.000000000000000222, -0.8759521036879713840 ) ) ;
#281 = DIRECTION ( 'NONE',  ( -0.9922778767136675171, 0.000000000000000000, 0.1240347345892100356 ) ) ;
#282 = CARTESIAN_POINT ( 'NONE',  ( 0.6760898755266825377, 0.9999606299212595584, -0.8474374806973931085 ) ) ;
#283 = CARTESIAN_POINT ( 'NONE',  ( 0.5389295270822994643, 0.9999606299212597804, -0.8767859620688394084 ) ) ;
#284 = CARTESIAN_POINT ( 'NONE',  ( 0.7650087456977051614, 0.9999606299212597804, -0.8563759309584413337 ) ) ;
#285 = CARTESIAN_POINT ( 'NONE',  ( 0.8408837647919278346, 0.9999606299212596694, -0.8224375978934863607 ) ) ;
#286 = ORIENTED_EDGE ( 'NONE', *, *, #2373, .F. ) ;
#287 = CARTESIAN_POINT ( 'NONE',  ( 0.7664943029549099451, 0.9999606299212596694, -0.8868160776743327922 ) ) ;
#288 = FACE_OUTER_BOUND ( 'NONE', #4495, .T. ) ;
#289 = ORIENTED_EDGE ( 'NONE', *, *, #5519, .F. ) ;
#290 = CARTESIAN_POINT ( 'NONE',  ( 0.7488167913515607621, 0.9999606299212595584, -0.8164038082894575776 ) ) ;
#291 = PLANE ( 'NONE',  #1244 ) ;
#292 = LINE ( 'NONE', #5976, #5020 ) ;
#293 = LINE ( 'NONE', #6302, #2338 ) ;
#294 = CARTESIAN_POINT ( 'NONE',  ( 0.000000000000000000, 0.007874015748031721468, -0.9944322300693975158 ) ) ;
#295 = ORIENTED_EDGE ( 'NONE', *, *, #6389, .F. ) ;
#296 = CARTESIAN_POINT ( 'NONE',  ( 0.6503512504552305673, 0.9999606299212593363, -0.8049086846567531373 ) ) ;
#297 = ORIENTED_EDGE ( 'NONE', *, *, #1644, .F. ) ;
#298 = LINE ( 'NONE', #3264, #2194 ) ;
#299 = CARTESIAN_POINT ( 'NONE',  ( 0.7456571051109108783, 0.9999606299212602245, -0.8804139390355678607 ) ) ;
#300 = CARTESIAN_POINT ( 'NONE',  ( 0.8270481709674836202, 0.9999606299212598914, -0.7919691730303489718 ) ) ;
#301 = ORIENTED_EDGE ( 'NONE', *, *, #597, .F. ) ;
#303 = LINE ( 'NONE', #3775, #1591 ) ;
#302 = CARTESIAN_POINT ( 'NONE',  ( 0.6774302463176601341, 1.000000000000000222, -0.8916184882352731211 ) ) ;
#304 = CARTESIAN_POINT ( 'NONE',  ( 0.7122170386898273309, 0.9999606299212597804, -0.8173429577713626770 ) ) ;
#305 = DIRECTION ( 'NONE',  ( 1.070649645329241253E-14, -0.7071067811865534569, -0.7071067811865413555 ) ) ;
#306 = VERTEX_POINT ( 'NONE', #4699 ) ;
#307 = FACE_BOUND ( 'NONE', #1716, .T. ) ;
#308 = CARTESIAN_POINT ( 'NONE',  ( 0.5376933153935025134, 0.9999606299212597804, -0.8773118590410354800 ) ) ;
#309 = DIRECTION ( 'NONE',  ( -1.000000000000000000, 0.000000000000000000, 0.000000000000000000 ) ) ;
#310 = ADVANCED_FACE ( 'NONE', ( #3471 ), #1902, .F. ) ;
#311 = CARTESIAN_POINT ( 'NONE',  ( 0.7379629501358914156, 0.9999999999999995559, -0.8742638583198655278 ) ) ;
#312 = ORIENTED_EDGE ( 'NONE', *, *, #4196, .F. ) ;
#313 = CARTESIAN_POINT ( 'NONE',  ( 0.6325956309625537788, 1.000000000000000222, -0.8102125922393977886 ) ) ;
#314 = VECTOR ( 'NONE', #3647, 39.37007874015748143 ) ;
#315 = CARTESIAN_POINT ( 'NONE',  ( 0.6764533848479417077, 0.9999606299212597804, -0.8361583740496238981 ) ) ;
#316 = B_SPLINE_CURVE_WITH_KNOTS ( 'NONE', 3,
 ( #5438, #881, #4236, #857, #6487, #6339, #2493, #510, #4363, #1054, #5241 ),
 .UNSPECIFIED., .F., .F.,
 ( 4, 1, 1, 1, 1, 1, 1, 1, 4 ),
 ( 0.000000000000000000, 0.1693237986142559770, 0.3253554330119017290, 0.4689155231524376743, 0.6003115468851079051, 0.7188463901177559734, 0.8249851745593383967, 0.9187577878191786063, 1.000000000000000000 ),
 .UNSPECIFIED. ) ;
#317 = CARTESIAN_POINT ( 'NONE',  ( 0.6506448837966236631, 1.000000000000000222, -0.8545330488736799790 ) ) ;
#318 = CARTESIAN_POINT ( 'NONE',  ( 0.6254274338233063446, 0.9999606299212596694, -0.8812694544856947143 ) ) ;
#319 = EDGE_CURVE ( 'NONE', #2705, #1240, #6171, .T. ) ;
#320 = CARTESIAN_POINT ( 'NONE',  ( 0.8622189700039214477, 0.9999999999999996669, -0.8679277630126680521 ) ) ;
#321 = DIRECTION ( 'NONE',  ( -0.7071067811865821007, -0.000000000000000000, -0.7071067811865130448 ) ) ;
#322 = PLANE ( 'NONE',  #698 ) ;
#323 = CARTESIAN_POINT ( 'NONE',  ( 0.6800192808665818101, 1.000000000000000000, -0.8915985599421687446 ) ) ;
#324 = EDGE_CURVE ( 'NONE', #2158, #6561, #5595, .T. ) ;
#325 = PLANE ( 'NONE',  #140 ) ;
#326 = CARTESIAN_POINT ( 'NONE',  ( 0.7345481399209000672, 1.000000000000000222, -0.8609453504331833207 ) ) ;
#327 = CARTESIAN_POINT ( 'NONE',  ( 0.8367236643178307398, 0.9999999999999998890, -0.8039040955710897718 ) ) ;
#328 = ORIENTED_EDGE ( 'NONE', *, *, #1739, .F. ) ;
#329 = CARTESIAN_POINT ( 'NONE',  ( 0.5567037087622670466, 1.000000000000000444, -0.8683666179796919460 ) ) ;
#330 = CARTESIAN_POINT ( 'NONE',  ( 0.8999056890068602987, 0.9999606299212597804, -0.5027180562063946478 ) ) ;
#331 = CARTESIAN_POINT ( 'NONE',  ( 0.7034696186716190569, 1.000000000000000000, -0.7958583680617214995 ) ) ;
#332 = DIRECTION ( 'NONE',  ( 0.000000000000000000, 0.000000000000000000, 1.000000000000000000 ) ) ;
#333 = EDGE_LOOP ( 'NONE', ( #2874, #742, #1934, #5692 ) ) ;
#334 = DIRECTION ( 'NONE',  ( 0.7588454441657001004, -0.000000000000000000, -0.6512707515841328343 ) ) ;
#335 = DIRECTION ( 'NONE',  ( -0.000000000000000000, 1.000000000000000000, -0.000000000000000000 ) ) ;
#336 = CARTESIAN_POINT ( 'NONE',  ( 0.7242929884615382230, 1.000000000000000222, -0.7990117204254685301 ) ) ;
#337 = PERSON_AND_ORGANIZATION ( #3334, #3267 ) ;
#338 = CARTESIAN_POINT ( 'NONE',  ( 0.6498292647742284212, 0.9999606299212595584, -0.8575236235957504061 ) ) ;
#339 = CARTESIAN_POINT ( 'NONE',  ( 0.7643483821859998750, 0.9999999999999996669, -0.8340143874491631193 ) ) ;
#340 = CARTESIAN_POINT ( 'NONE',  ( 0.7467216788381468850, 0.9999606299212597804, -0.8301284162405954126 ) ) ;
#341 = CARTESIAN_POINT ( 'NONE',  ( 0.5454981294423530969, 1.000000000000000000, -0.8686505320728133972 ) ) ;
#342 = CARTESIAN_POINT ( 'NONE',  ( 0.7455470229289257178, 0.9999606299212597804, -0.8128394050871722287 ) ) ;
#343 = CARTESIAN_POINT ( 'NONE',  ( 0.6972544986349045182, 0.9999606299212598914, -0.8280041081269086112 ) ) ;
#344 = LINE ( 'NONE', #6924, #517 ) ;
#345 = DIRECTION ( 'NONE',  ( -0.000000000000000000, 1.000000000000000000, -0.000000000000000000 ) ) ;
#346 = EDGE_CURVE ( 'NONE', #4507, #3320, #5099, .T. ) ;
#347 = ADVANCED_FACE ( 'NONE', ( #3145 ), #1403, .T. ) ;
#348 = CARTESIAN_POINT ( 'NONE',  ( 0.6466132105241687578, 0.9999999999999998890, -0.8207611638191728565 ) ) ;
#349 = CARTESIAN_POINT ( 'NONE',  ( 0.8219576338362144519, 1.000000000000000222, -0.7893132719945268327 ) ) ;
#350 = ORIENTED_EDGE ( 'NONE', *, *, #3697, .F. ) ;
#351 = CARTESIAN_POINT ( 'NONE',  ( 0.5449961121297485223, 0.9999999999999998890, -0.8868011150367807183 ) ) ;
#352 = LINE ( 'NONE', #749, #3100 ) ;
#353 = CARTESIAN_POINT ( 'NONE',  ( 0.6801716670200932402, 0.9999606299212598914, -0.7997523659885155123 ) ) ;
#354 = CARTESIAN_POINT ( 'NONE',  ( 0.7034696186716190569, 0.9999606299212597804, -0.7958583680617214995 ) ) ;
#355 = ORIENTED_EDGE ( 'NONE', *, *, #4087, .F. ) ;
#356 = CARTESIAN_POINT ( 'NONE',  ( 0.8133114290965804960, 1.000000000000000000, -0.8456789336495292853 ) ) ;
#357 = CARTESIAN_POINT ( 'NONE',  ( 0.6819990479916574477, 1.000000000000000000, -0.8459956272793259791 ) ) ;
#358 = VERTEX_POINT ( 'NONE', #6923 ) ;
#359 = CARTESIAN_POINT ( 'NONE',  ( 0.6851754897725765847, 0.9999606299212598914, -0.8791843116555899673 ) ) ;
#360 = CARTESIAN_POINT ( 'NONE',  ( 0.5545839674193597801, 0.9999606299212597804, -0.8458248433995798621 ) ) ;
#361 = CARTESIAN_POINT ( 'NONE',  ( 0.7121729072982182496, 0.9999606299212597804, -0.8187076454723399843 ) ) ;
#362 = CARTESIAN_POINT ( 'NONE',  ( 0.6736662567795460577, 0.9999999999999998890, -0.8369447627075603524 ) ) ;
#363 = CARTESIAN_POINT ( 'NONE',  ( 0.8131472815172717805, 1.000000000000000222, -0.7878989857328626556 ) ) ;
#364 = CARTESIAN_POINT ( 'NONE',  ( 0.5822121558773274419, 0.9999606299212597804, -0.8785084495112716052 ) ) ;
#365 = CARTESIAN_POINT ( 'NONE',  ( 0.6652921233592093975, 0.9999606299212596694, -0.8515934313970509040 ) ) ;
#366 = CARTESIAN_POINT ( 'NONE',  ( 0.6706410640585741545, 1.000000000000000222, -0.8787274383127279265 ) ) ;
#367 = CARTESIAN_POINT ( 'NONE',  ( 0.7765105504430256378, 1.000000000000000222, -0.8608718825023117249 ) ) ;
#368 = CARTESIAN_POINT ( 'NONE',  ( 0.7072861836724662066, 0.9999999999999996669, -0.8739348211626274399 ) ) ;
#369 = CARTESIAN_POINT ( 'NONE',  ( 0.8719642344371589804, 1.000000000000000000, -0.4935145128993084218 ) ) ;
#370 = CARTESIAN_POINT ( 'NONE',  ( 0.8076863202092761096, 0.9999606299212602245, -0.7995947685267508209 ) ) ;
#371 = CARTESIAN_POINT ( 'NONE',  ( 0.8390650614201082824, 1.000000000000000000, -0.8099828641552212494 ) ) ;
#372 = DIRECTION ( 'NONE',  ( 0.7071067811865129338, -5.551115123125782702E-17, -0.7071067811865819897 ) ) ;
#373 = EDGE_CURVE ( 'NONE', #527, #3398, #4431, .T. ) ;
#374 = ORIENTED_EDGE ( 'NONE', *, *, #5133, .F. ) ;
#375 = CARTESIAN_POINT ( 'NONE',  ( 0.6978530702468556113, 1.000000000000000222, -0.8408982155253648116 ) ) ;
#376 = DIRECTION ( 'NONE',  ( -0.5054494651244481052, -0.8628562094610024991, -6.436748085282677133E-15 ) ) ;
#377 = CARTESIAN_POINT ( 'NONE',  ( 0.5454981294423530969, 0.9999606299212597804, -0.8686505320728133972 ) ) ;
#378 = CARTESIAN_POINT ( 'NONE',  ( 0.6599646800649972000, 1.000000000000000222, -0.8670896381574224598 ) ) ;
#379 = FACE_OUTER_BOUND ( 'NONE', #4766, .T. ) ;
#380 = CARTESIAN_POINT ( 'NONE',  ( 0.6990081667136880395, 0.9999606299212598914, -0.8609325131076448478 ) ) ;
#381 = VECTOR ( 'NONE', #2125, 39.37007874015748854 ) ;
#382 = VERTEX_POINT ( 'NONE', #2567 ) ;
#383 = CARTESIAN_POINT ( 'NONE',  ( 0.6803724083039373038, 0.9999606299212597804, -0.7878989857328625446 ) ) ;
#384 = ORIENTED_EDGE ( 'NONE', *, *, #2289, .T. ) ;
#385 = LINE ( 'NONE', #1193, #6667 ) ;
#386 = CARTESIAN_POINT ( 'NONE',  ( 0.8089677342692325190, 1.000000000000000222, -0.7990550667118301309 ) ) ;
#387 = CARTESIAN_POINT ( 'NONE',  ( 0.7270162540003514140, 1.000000000000000444, -0.8055387846828000464 ) ) ;
#388 = ORIENTED_EDGE ( 'NONE', *, *, #2048, .F. ) ;
#389 = LINE ( 'NONE', #5538, #4509 ) ;
#390 = FACE_OUTER_BOUND ( 'NONE', #1495, .T. ) ;
#391 = CARTESIAN_POINT ( 'NONE',  ( 0.6518766215005360465, 0.9999606299212598914, -0.8517586746982940271 ) ) ;
#392 = CARTESIAN_POINT ( 'NONE',  ( 0.6232919331632321702, 0.9999606299212596694, -0.8837847176025624973 ) ) ;
#393 = EDGE_CURVE ( 'NONE', #6528, #5018, #4768, .T. ) ;
#394 = CARTESIAN_POINT ( 'NONE',  ( 0.6669056890068546517, 1.000000000000000000, -0.4935145128993084218 ) ) ;
#395 = VERTEX_POINT ( 'NONE', #958 ) ;
#396 = CARTESIAN_POINT ( 'NONE',  ( 0.5279762983177685998, 0.9999606299212596694, -0.8903295152023718018 ) ) ;
#397 = LINE ( 'NONE', #5632, #4589 ) ;
#398 = ADVANCED_FACE ( 'NONE', ( #722 ), #5821, .F. ) ;
#399 = CARTESIAN_POINT ( 'NONE',  ( 0.8111322253087638323, 0.9999999999999995559, -0.8455842042894221589 ) ) ;
#400 = CARTESIAN_POINT ( 'NONE',  ( 0.6850288628179920236, 0.9999606299212593363, -0.8336870952819691594 ) ) ;
#401 = CARTESIAN_POINT ( 'NONE',  ( 0.7765105504430256378, 0.9999606299212598914, -0.8608718825023117249 ) ) ;
#402 = CARTESIAN_POINT ( 'NONE',  ( 0.000000000000000000, 0.007874015748031721468, 0.000000000000000000 ) ) ;
#403 = CARTESIAN_POINT ( 'NONE',  ( 0.6479903657474559431, 0.9999999999999998890, -0.8111790365610598297 ) ) ;
#404 = VERTEX_POINT ( 'NONE', #6894 ) ;
#405 = DIRECTION ( 'NONE',  ( -1.000000000000000000, -0.000000000000000000, -0.000000000000000000 ) ) ;
#406 = CARTESIAN_POINT ( 'NONE',  ( 0.8291802149620441931, 0.9999999999999998890, -0.8128518819949104302 ) ) ;
#407 = VECTOR ( 'NONE', #776, 39.37007874015748143 ) ;
#408 = DIRECTION ( 'NONE',  ( 0.9922778767136675171, 0.000000000000000000, -0.1240347345892100356 ) ) ;
#409 = CARTESIAN_POINT ( 'NONE',  ( 0.6229207555458879941, 0.9999606299212597804, -0.8188202859851411164 ) ) ;
#410 = CARTESIAN_POINT ( 'NONE',  ( 0.8579800891159637954, 0.9999606299212597804, -0.8535580174563472955 ) ) ;
#411 = CARTESIAN_POINT ( 'NONE',  ( 0.8303613160901479606, 0.9999606299212597804, -0.8203264572259574283 ) ) ;
#412 = ORIENTED_EDGE ( 'NONE', *, *, #4379, .T. ) ;
#413 = CARTESIAN_POINT ( 'NONE',  ( 0.6645774423013499632, 1.000000000000000000, -0.8753574800562177183 ) ) ;
#414 = DIRECTION ( 'NONE',  ( 0.7071067811865440200, -0.7071067811865510144, -1.385997644975561158E-16 ) ) ;
#415 = CARTESIAN_POINT ( 'NONE',  ( 0.7061398606158038049, 1.000000000000000222, -0.8349144278522555584 ) ) ;
#416 = CARTESIAN_POINT ( 'NONE',  ( 0.6966230186554996928, 0.9999606299212597804, -0.8414931703771569849 ) ) ;
#417 = VERTEX_POINT ( 'NONE', #4780 ) ;
#418 = CARTESIAN_POINT ( 'NONE',  ( 0.6193050896013467810, 1.000000000000000000, -0.8306015105827115885 ) ) ;
#419 = EDGE_CURVE ( 'NONE', #1317, #5349, #6633, .T. ) ;
#420 = CARTESIAN_POINT ( 'NONE',  ( 0.8826842998019249764, 1.000000000000000000, -0.8916402558559686220 ) ) ;
#421 = EDGE_CURVE ( 'NONE', #6451, #3320, #1497, .T. ) ;
#422 = CARTESIAN_POINT ( 'NONE',  ( 0.6781145732723425912, 0.9999606299212597804, -0.8798151207316160516 ) ) ;
#423 = CARTESIAN_POINT ( 'NONE',  ( 0.6795439065220810759, 0.9999606299212596694, -0.8353106461589371312 ) ) ;
#424 = ORIENTED_EDGE ( 'NONE', *, *, #4377, .F. ) ;
#425 = CARTESIAN_POINT ( 'NONE',  ( 0.7034690106834402545, 0.9999606299212595584, -0.8807600557603575409 ) ) ;
#426 = CARTESIAN_POINT ( 'NONE',  ( 0.8012211069964783050, 1.000000000000000222, -0.7908642649450137174 ) ) ;
#427 = EDGE_CURVE ( 'NONE', #4832, #2375, #2322, .T. ) ;
#428 = DIRECTION ( 'NONE',  ( -1.000000000000000000, 0.000000000000000000, 0.000000000000000000 ) ) ;
#429 = CARTESIAN_POINT ( 'NONE',  ( 0.8304032957921000380, 1.000000000000000000, -0.8230676045997541435 ) ) ;
#430 = CARTESIAN_POINT ( 'NONE',  ( 0.6479903657474559431, 0.9999606299212596694, -0.8111790365610598297 ) ) ;
#431 = CARTESIAN_POINT ( 'NONE',  ( 0.6111021298356607012, 0.9999606299210463956, -0.8492696619469072283 ) ) ;
#432 = CARTESIAN_POINT ( 'NONE',  ( 0.8733126897531563460, 0.9999606299212595584, -0.8774873332112212987 ) ) ;
#433 = CARTESIAN_POINT ( 'NONE',  ( 0.8253147280072884451, 0.9999606299212596694, -0.8050138157358052160 ) ) ;
#434 = CARTESIAN_POINT ( 'NONE',  ( 0.000000000000000000, 1.000000000000000000, 0.000000000000000000 ) ) ;
#435 = LINE ( 'NONE', #6947, #3349 ) ;
#436 = DIRECTION ( 'NONE',  ( 0.4511001660035920402, 0.4511001660035998673, 0.7700761523791374019 ) ) ;
#437 = DIRECTION ( 'NONE',  ( -0.000000000000000000, 1.000000000000000000, -0.000000000000000000 ) ) ;
#438 = CARTESIAN_POINT ( 'NONE',  ( 0.7259598452104255584, 0.9999606299212595584, -0.8033042973682742449 ) ) ;
#439 = CARTESIAN_POINT ( 'NONE',  ( 0.6104708787816611748, 1.000000000000000000, -0.8357602120492878539 ) ) ;
#440 = CARTESIAN_POINT ( 'NONE',  ( 0.8894964243432363915, 0.9999606299212597804, -0.7892121663673321574 ) ) ;
#441 = CARTESIAN_POINT ( 'NONE',  ( 0.8133114290965804960, 1.000000000000000000, -0.8456789336495292853 ) ) ;
#442 = CARTESIAN_POINT ( 'NONE',  ( 0.6301317277733514688, 1.000000000000000222, -0.8583941672233812437 ) ) ;
#443 = ORIENTED_EDGE ( 'NONE', *, *, #1116, .F. ) ;
#444 = CARTESIAN_POINT ( 'NONE',  ( 0.6766456191286117638, 0.9999999999999996669, -0.8798025389195446300 ) ) ;
#445 = ORIENTED_EDGE ( 'NONE', *, *, #1515, .T. ) ;
#446 = CARTESIAN_POINT ( 'NONE',  ( 0.4938811870757103262, 0.9999606299212597804, -0.1281516700166490386 ) ) ;
#447 = CARTESIAN_POINT ( 'NONE',  ( 0.5285778706073609445, 0.9999606299212596694, -0.8785046558439243425 ) ) ;
#448 = CARTESIAN_POINT ( 'NONE',  ( 0.7976804099700207651, 0.9999606299212598914, -0.8173002919053251603 ) ) ;
#449 = CARTESIAN_POINT ( 'NONE',  ( 0.8265307269052583061, 1.000000000000000222, -0.8067228652284170742 ) ) ;
#450 = ORIENTED_EDGE ( 'NONE', *, *, #3448, .T. ) ;
#451 = CARTESIAN_POINT ( 'NONE',  ( 0.7016961051779964098, 0.9999606299212597804, -0.8164052500498332199 ) ) ;
#452 = ORIENTED_EDGE ( 'NONE', *, *, #5157, .T. ) ;
#453 = EDGE_LOOP ( 'NONE', ( #1223, #5988, #5252, #4443 ) ) ;
#454 = CARTESIAN_POINT ( 'NONE',  ( 0.6039584828725994559, 1.000000000000000000, -0.8483284226014822238 ) ) ;
#455 = ORIENTED_EDGE ( 'NONE', *, *, #1188, .T. ) ;
#456 = CARTESIAN_POINT ( 'NONE',  ( 0.8226365956385602862, 0.9999606299212597804, -0.8021132967129698255 ) ) ;
#457 = CARTESIAN_POINT ( 'NONE',  ( 0.6931854794213843096, 0.9999999999999998890, -0.8749993834533454917 ) ) ;
#458 = PLANE ( 'NONE',  #5548 ) ;
#459 = EDGE_CURVE ( 'NONE', #1909, #1228, #560, .T. ) ;
#460 = ORIENTED_EDGE ( 'NONE', *, *, #6958, .F. ) ;
#461 = CARTESIAN_POINT ( 'NONE',  ( 0.6202088749649572463, 0.9999606299212596694, -0.8657592348341839328 ) ) ;
#462 = CARTESIAN_POINT ( 'NONE',  ( 0.6333119291265902895, 1.000000000000000222, -0.8144649954552737325 ) ) ;
#463 = CARTESIAN_POINT ( 'NONE',  ( 0.8267260802674171183, 0.9999999999999994449, -0.8382022359123721955 ) ) ;
#464 = EDGE_CURVE ( 'NONE', #3286, #6990, #3237, .T. ) ;
#465 = PLANE ( 'NONE',  #6703 ) ;
#466 = CARTESIAN_POINT ( 'NONE',  ( 0.5262653775769686737, 1.000000000000000222, -0.8903279097309420020 ) ) ;
#467 = CARTESIAN_POINT ( 'NONE',  ( 0.7265775306239781184, 0.9999999999999996669, -0.8745829095702205569 ) ) ;
#468 = LINE ( 'NONE', #6962, #6080 ) ;
#469 = CARTESIAN_POINT ( 'NONE',  ( 0.7701910970960779146, 0.9999606299212602245, -0.8421095660237284397 ) ) ;
#470 = PLANE ( 'NONE',  #1984 ) ;
#471 = EDGE_LOOP ( 'NONE', ( #6951, #350, #2067, #4545 ) ) ;
#472 = EDGE_LOOP ( 'NONE', ( #6410, #2346, #6108, #2879, #6730, #1879, #4315, #4436, #770, #6995, #2316, #3645, #475, #2981, #726 ) ) ;
#473 = FACE_OUTER_BOUND ( 'NONE', #4040, .T. ) ;
#474 = CARTESIAN_POINT ( 'NONE',  ( 0.8253147280072884451, 0.9999999999999998890, -0.8050138157358052160 ) ) ;
#475 = ORIENTED_EDGE ( 'NONE', *, *, #2527, .T. ) ;
#477 = FACE_OUTER_BOUND ( 'NONE', #5631, .T. ) ;
#476 = CARTESIAN_POINT ( 'NONE',  ( 0.4942290533678576625, 0.9999606299212597804, -0.7892121663673321574 ) ) ;
#478 = EDGE_CURVE ( 'NONE', #5867, #2131, #3434, .T. ) ;
#479 = FACE_OUTER_BOUND ( 'NONE', #3930, .T. ) ;
#480 = EDGE_LOOP ( 'NONE', ( #7035, #559, #5678, #2114, #2339 ) ) ;
#481 = PLANE ( 'NONE',  #6124 ) ;
#482 = ORIENTED_EDGE ( 'NONE', *, *, #2429, .F. ) ;
#483 = LINE ( 'NONE', #330, #3396 ) ;
#484 = DIRECTION ( 'NONE',  ( 0.1503504868318499554, 0.000000000000000000, -0.9886327584646512623 ) ) ;
#485 = CARTESIAN_POINT ( 'NONE',  ( 0.4551450449156568268, 0.9999606299212597804, -0.1495351693177169317 ) ) ;
#486 = ORIENTED_EDGE ( 'NONE', *, *, #1047, .F. ) ;
#487 = CARTESIAN_POINT ( 'NONE',  ( 0.6570999704030301425, 0.9999606299212597804, -0.8839185404004011870 ) ) ;
#488 = CARTESIAN_POINT ( 'NONE',  ( 0.7404548590622047621, 0.9999606299212595584, -0.8898035897182929865 ) ) ;
#489 = VECTOR ( 'NONE', #3425, 39.37007874015748854 ) ;
#490 = DIRECTION ( 'NONE',  ( -1.000000000000000000, 0.000000000000000000, 0.000000000000000000 ) ) ;
#491 = ADVANCED_FACE ( 'NONE', ( #3314 ), #3446, .T. ) ;
#492 = VERTEX_POINT ( 'NONE', #3222 ) ;
#493 = CARTESIAN_POINT ( 'NONE',  ( 0.8297673454499467915, 1.000000000000000000, -0.8304184162244282463 ) ) ;
#494 = CARTESIAN_POINT ( 'NONE',  ( 0.7643385356885443738, 1.000000000000000444, -0.8721347332379562056 ) ) ;
#495 = CARTESIAN_POINT ( 'NONE',  ( 0.8369691989644486574, 0.9999606299212597804, -0.8771952688768018813 ) ) ;
#496 = CARTESIAN_POINT ( 'NONE',  ( 0.6220916038555037719, 0.9999606299212593363, -0.8454333353718936905 ) ) ;
#497 = LINE ( 'NONE', #215, #2889 ) ;
#498 = DIRECTION ( 'NONE',  ( -0.000000000000000000, 1.000000000000000000, -0.000000000000000000 ) ) ;
#499 = CARTESIAN_POINT ( 'NONE',  ( 0.6132360483666740025, 1.000000000000000000, -0.8023029358172020231 ) ) ;
#500 = CARTESIAN_POINT ( 'NONE',  ( 0.9960629921259841479, 0.9960629921259843700, -0.9921259842519689620 ) ) ;
#501 = ORIENTED_EDGE ( 'NONE', *, *, #3250, .T. ) ;
#502 = CARTESIAN_POINT ( 'NONE',  ( 0.6831878374655813158, 0.9999606299212597804, -0.8795437517128988913 ) ) ;
#503 = DIRECTION ( 'NONE',  ( -0.000000000000000000, 1.000000000000000000, -0.000000000000000000 ) ) ;
#504 = VERTEX_POINT ( 'NONE', #2221 ) ;
#505 = CARTESIAN_POINT ( 'NONE',  ( 0.6614196435358249415, 0.9999606299212597804, -0.8873176713681779626 ) ) ;
#506 = CARTESIAN_POINT ( 'NONE',  ( 0.9999999999999998890, 0.007874015748031175030, -0.007874015748032028514 ) ) ;
#507 = CARTESIAN_POINT ( 'NONE',  ( 0.7249050421175181613, 0.9999606299212598914, -0.8684450205073588336 ) ) ;
#508 = DIRECTION ( 'NONE',  ( 0.000000000000000000, 0.000000000000000000, 1.000000000000000000 ) ) ;
#509 = CARTESIAN_POINT ( 'NONE',  ( 0.6718673049670507158, 1.000000000000000222, -0.8012446319307104936 ) ) ;
#510 = CARTESIAN_POINT ( 'NONE',  ( 0.6935557398699419007, 0.9999606299212598914, -0.8426674459427683228 ) ) ;
#511 = CARTESIAN_POINT ( 'NONE',  ( 0.7240356644000547348, 1.000000000000000000, -0.8614371012631655278 ) ) ;
#512 = LINE ( 'NONE', #5351, #6624 ) ;
#513 = CARTESIAN_POINT ( 'NONE',  ( 0.1003966783382542194, 1.000000000000000000, -0.5063989121866298015 ) ) ;
#514 = EDGE_CURVE ( 'NONE', #3235, #3886, #389, .T. ) ;
#515 = CARTESIAN_POINT ( 'NONE',  ( 0.6089089739164069703, 1.000000000000000222, -0.8013199249294178372 ) ) ;
#516 = CARTESIAN_POINT ( 'NONE',  ( 0.6785257480367141714, 1.000000000000000000, -0.8916402558559686220 ) ) ;
#517 = VECTOR ( 'NONE', #1454, 39.37007874015748143 ) ;
#518 = CARTESIAN_POINT ( 'NONE',  ( 0.6186076074979468542, 1.000000000000000000, -0.8872442239902663674 ) ) ;
#519 = CARTESIAN_POINT ( 'NONE',  ( 0.6133867112099100627, 1.000000000000000000, -0.8892252871107787504 ) ) ;
#520 = ORIENTED_EDGE ( 'NONE', *, *, #6638, .T. ) ;
#521 = DIRECTION ( 'NONE',  ( -0.000000000000000000, 1.000000000000000000, -0.000000000000000000 ) ) ;
#522 = FACE_OUTER_BOUND ( 'NONE', #2820, .T. ) ;
#523 = AXIS2_PLACEMENT_3D ( 'NONE', #4556, #5611, #1257 ) ;
#524 = EDGE_CURVE ( 'NONE', #5936, #2591, #1146, .T. ) ;
#525 = CARTESIAN_POINT ( 'NONE',  ( 0.6824279364885159627, 0.9999606299212598914, -0.8344677198152149478 ) ) ;
#526 = CARTESIAN_POINT ( 'NONE',  ( 0.5047344984436151760, 0.9999606299212597804, -0.8785084495112716052 ) ) ;
#527 = VERTEX_POINT ( 'NONE', #2267 ) ;
#528 = ORIENTED_EDGE ( 'NONE', *, *, #2476, .F. ) ;
#529 = CARTESIAN_POINT ( 'NONE',  ( 0.5433448192304956015, 1.000000000000000222, -0.8876969206164638804 ) ) ;
#530 = CARTESIAN_POINT ( 'NONE',  ( 0.8301242287640748785, 0.9999999999999998890, -0.8280973590356740521 ) ) ;
#531 = CARTESIAN_POINT ( 'NONE',  ( 0.7649878302051119627, 0.9999606299212596694, -0.8705864598940491472 ) ) ;
#532 = ADVANCED_FACE ( 'NONE', ( #39 ), #3458, .T. ) ;
#533 = CARTESIAN_POINT ( 'NONE',  ( 0.7664943029549099451, 0.9999999999999998890, -0.8868160776743327922 ) ) ;
#534 = CARTESIAN_POINT ( 'NONE',  ( 0.8634368444494837647, 1.000000000000000000, -0.8564549405671526561 ) ) ;
#535 = CARTESIAN_POINT ( 'NONE',  ( 0.7509558674066835193, 0.9999606299212597804, -0.8916402558559687330 ) ) ;
#536 = CARTESIAN_POINT ( 'NONE',  ( 0.5265250895968467404, 0.9999606299212597804, -0.8785084495112716052 ) ) ;
#537 = PLANE ( 'NONE',  #4006 ) ;
#538 = ORIENTED_EDGE ( 'NONE', *, *, #5459, .F. ) ;
#539 = CARTESIAN_POINT ( 'NONE',  ( 0.7527820092264928542, 0.9999606299212597804, -0.8206669462523641378 ) ) ;
#540 = CARTESIAN_POINT ( 'NONE',  ( 0.7976804099700207651, 1.000000000000000222, -0.8173002919053251603 ) ) ;
#541 = CARTESIAN_POINT ( 'NONE',  ( 0.6931854794213843096, 0.9999606299212596694, -0.8749993834533454917 ) ) ;
#542 = DIRECTION ( 'NONE',  ( -0.000000000000000000, 1.000000000000000000, -0.000000000000000000 ) ) ;
#543 = ORIENTED_EDGE ( 'NONE', *, *, #393, .F. ) ;
#544 = EDGE_CURVE ( 'NONE', #683, #5407, #6671, .T. ) ;
#545 = CARTESIAN_POINT ( 'NONE',  ( 0.5503118313162933539, 1.000000000000000222, -0.8385645700545302228 ) ) ;
#546 = CARTESIAN_POINT ( 'NONE',  ( 0.6334262006216455632, 1.000000000000000222, -0.8189023597747955296 ) ) ;
#547 = EDGE_CURVE ( 'NONE', #5425, #120, #4265, .T. ) ;
#548 = VECTOR ( 'NONE', #5227, 39.37007874015748143 ) ;
#549 = LINE ( 'NONE', #3762, #4861 ) ;
#550 = DIRECTION ( 'NONE',  ( 1.000000000000000000, 0.000000000000000000, 0.000000000000000000 ) ) ;
#551 = VERTEX_POINT ( 'NONE', #6666 ) ;
#552 = EDGE_CURVE ( 'NONE', #4354, #4501, #5048, .T. ) ;
#553 = VERTEX_POINT ( 'NONE', #6019 ) ;
#554 = CARTESIAN_POINT ( 'NONE',  ( 0.7505660169058253617, 0.9999606299212598914, -0.8811348107802111640 ) ) ;
#555 = CARTESIAN_POINT ( 'NONE',  ( 0.7660358056750076194, 1.000000000000000222, -0.8653902929186875204 ) ) ;
#556 = ORIENTED_EDGE ( 'NONE', *, *, #6519, .T. ) ;
#557 = LINE ( 'NONE', #5686, #2788 ) ;
#558 = CARTESIAN_POINT ( 'NONE',  ( 0.5267302740709827180, 1.000000000000000222, -0.8417393917461202246 ) ) ;
#559 = ORIENTED_EDGE ( 'NONE', *, *, #146, .T. ) ;
#560 = LINE ( 'NONE', #2641, #3646 ) ;
#561 = CARTESIAN_POINT ( 'NONE',  ( 0.7568544282954486890, 0.9999999999999998890, -0.8911677719052504276 ) ) ;
#562 = CARTESIAN_POINT ( 'NONE',  ( 0.7282507208324542347, 0.9999606299212595584, -0.8078577913099899144 ) ) ;
#563 = ORIENTED_EDGE ( 'NONE', *, *, #2453, .T. ) ;
#564 = CARTESIAN_POINT ( 'NONE',  ( 0.8692461744893721365, 0.9999606299212597804, -0.8604274803638423119 ) ) ;
#565 = FACE_OUTER_BOUND ( 'NONE', #2646, .T. ) ;
#566 = ORIENTED_EDGE ( 'NONE', *, *, #427, .F. ) ;
#567 = CARTESIAN_POINT ( 'NONE',  ( 0.8076863202092761096, 1.000000000000000444, -0.7995947685267508209 ) ) ;
#568 = B_SPLINE_CURVE_WITH_KNOTS ( 'NONE', 3,
 ( #5249, #1871, #2419, #1927, #6220, #4632, #3111, #2531, #3732, #5868, #6375, #2098, #2030, #4193, #2634, #2577, #6324, #5889, #6967 ),
 .UNSPECIFIED., .F., .F.,
 ( 4, 1, 1, 1, 1, 1, 1, 1, 1, 1, 1, 1, 1, 1, 1, 1, 4 ),
 ( 0.000000000000000000, 0.07657281352907717442, 0.1493228985313955759, 0.2172186749416054607, 0.2820872493082849930, 0.3432655771108265030, 0.4022310899227212744, 0.4584773865507846824, 0.5141512058041738387, 0.5690726415643291292, 0.6243527363272768360, 0.6811913672928029406, 0.7394041584491219954, 0.7998297883091651794, 0.8628307336450702358, 0.9296455439554817124, 0.9999999999999998890 ),
 .UNSPECIFIED. ) ;
#569 = ORIENTED_EDGE ( 'NONE', *, *, #3489, .F. ) ;
#570 = ADVANCED_FACE ( 'NONE', ( #4583 ), #2673, .T. ) ;
#571 = CARTESIAN_POINT ( 'NONE',  ( 0.6126133221408956997, 0.9999606299212596694, -0.8770528758860777208 ) ) ;
#572 = LINE ( 'NONE', #5077, #5605 ) ;
#573 = PLANE ( 'NONE',  #3062 ) ;
#574 = CARTESIAN_POINT ( 'NONE',  ( 0.6101213259732490846, 0.9999606299212597804, -0.8777432419872369662 ) ) ;
#575 = CARTESIAN_POINT ( 'NONE',  ( 0.5421724899642393902, 0.9999606299212597804, -0.8881506759291972752 ) ) ;
#576 = EDGE_CURVE ( 'NONE', #10, #4511, #1667, .T. ) ;
#577 = CARTESIAN_POINT ( 'NONE',  ( 0.6202943942769485464, 0.9999606299212596694, -0.8632427246355613981 ) ) ;
#578 = CARTESIAN_POINT ( 'NONE',  ( 0.7649878302051119627, 1.000000000000000000, -0.8705864598940491472 ) ) ;
#579 = CARTESIAN_POINT ( 'NONE',  ( 0.5467400692296846554, 1.000000000000000222, -0.8597129257055334817 ) ) ;
#580 = VERTEX_POINT ( 'NONE', #7004 ) ;
#581 = CARTESIAN_POINT ( 'NONE',  ( 0.5047344984436151760, 0.9999606299212597804, -0.8299207660358928207 ) ) ;
#582 = CARTESIAN_POINT ( 'NONE',  ( 0.7604626171503697796, 0.9999606299212597804, -0.8773632143779913628 ) ) ;
#583 = CARTESIAN_POINT ( 'NONE',  ( 0.6689228663867632374, 0.9999606299212598914, -0.8780975139642395177 ) ) ;
#584 = ORIENTED_EDGE ( 'NONE', *, *, #5634, .T. ) ;
#585 = CARTESIAN_POINT ( 'NONE',  ( 0.6910976708289684467, 1.000000000000000222, -0.8896840010012001532 ) ) ;
#586 = CARTESIAN_POINT ( 'NONE',  ( 0.7995429467746849594, 0.9999999999999996669, -0.8094554972446074137 ) ) ;
#587 = CARTESIAN_POINT ( 'NONE',  ( 0.6072459469057198689, 0.9999606299212598914, -0.8781663899976834831 ) ) ;
#588 = B_SPLINE_CURVE_WITH_KNOTS ( 'NONE', 3,
 ( #5877, #4717, #2612, #5239, #6407, #3118, #360, #6952, #3714, #4286, #4204, #982, #1959, #2511, #3667, #909, #2039, #5847, #2588 ),
 .UNSPECIFIED., .F., .F.,
 ( 4, 1, 1, 1, 1, 1, 1, 1, 1, 1, 1, 1, 1, 1, 1, 1, 4 ),
 ( 0.000000000000000000, 0.06663285196891145790, 0.1303182302904987988, 0.1914143839273964309, 0.2502217418280934802, 0.3076442014429975891, 0.3637784217418167931, 0.4189405473986046458, 0.4741773679110783402, 0.5293394935678664703, 0.5857243568435807068, 0.6441603494436983768, 0.7054841805206443217, 0.7712613324447833429, 0.8419873188392221763, 0.9179167043621037081, 0.9999999999999998890 ),
 .UNSPECIFIED. ) ;
#589 = EDGE_CURVE ( 'NONE', #2075, #4697, #5443, .T. ) ;
#590 = CARTESIAN_POINT ( 'NONE',  ( 0.6111021298356607012, 1.000000000000000000, -0.8492696619469072283 ) ) ;
#591 = VECTOR ( 'NONE', #5398, 39.37007874015748143 ) ;
#592 = CARTESIAN_POINT ( 'NONE',  ( 0.5567037087622670466, 1.000000000000000444, -0.8683666179796919460 ) ) ;
#593 = CARTESIAN_POINT ( 'NONE',  ( 0.6166209565795146563, 1.000000000000000222, -0.8524413188383418438 ) ) ;
#594 = ADVANCED_FACE ( 'NONE', ( #121 ), #4367, .F. ) ;
#595 = CARTESIAN_POINT ( 'NONE',  ( 0.5440929756788409621, 0.9999606299209542470, -0.8490158016966471433 ) ) ;
#596 = DIRECTION ( 'NONE',  ( 0.000000000000000000, 0.000000000000000000, 1.000000000000000000 ) ) ;
#597 = EDGE_CURVE ( 'NONE', #1638, #4134, #2792, .T. ) ;
#598 = FACE_OUTER_BOUND ( 'NONE', #1250, .T. ) ;
#599 = CARTESIAN_POINT ( 'NONE',  ( 0.7406117543479000531, 0.9999606299212596694, -0.8237992485957675859 ) ) ;
#600 = APPROVAL_STATUS ( 'not_yet_approved' ) ;
#601 = ORIENTED_EDGE ( 'NONE', *, *, #2985, .T. ) ;
#602 = ORIENTED_EDGE ( 'NONE', *, *, #6355, .F. ) ;
#603 = CARTESIAN_POINT ( 'NONE',  ( 0.8125786463085485911, 1.000000000000000000, -0.7984212482097680086 ) ) ;
#604 = CARTESIAN_POINT ( 'NONE',  ( 0.6307567529051865129, 0.9999606299212597804, -0.8661183907893835743 ) ) ;
#605 = ORIENTED_EDGE ( 'NONE', *, *, #679, .T. ) ;
#606 = VERTEX_POINT ( 'NONE', #3848 ) ;
#607 = EDGE_LOOP ( 'NONE', ( #4805, #5031, #5612, #1583 ) ) ;
#608 = AXIS2_PLACEMENT_3D ( 'NONE', #3218, #4417, #4919 ) ;
#609 = EDGE_CURVE ( 'NONE', #6059, #2259, #3984, .T. ) ;
#610 = VERTEX_POINT ( 'NONE', #7054 ) ;
#611 = CARTESIAN_POINT ( 'NONE',  ( 0.6001521902821929100, 0.9999606299212598914, -0.8785050715275161126 ) ) ;
#612 = DIRECTION ( 'NONE',  ( -0.8754645270000246393, -0.000000000000000000, -0.4832823832549899556 ) ) ;
#613 = CARTESIAN_POINT ( 'NONE',  ( 0.6144993457716731999, 1.000000000000000444, -0.7904433374284779434 ) ) ;
#614 = CARTESIAN_POINT ( 'NONE',  ( 0.8789909792674789335, 1.000000000000000000, -0.7892121663673321574 ) ) ;
#615 = CARTESIAN_POINT ( 'NONE',  ( 0.6030588984495338645, 0.9999606299207710602, -0.8010307920775594503 ) ) ;
#616 = CARTESIAN_POINT ( 'NONE',  ( 0.6788745616427451779, 0.9999606299212597804, -0.8798216301457413291 ) ) ;
#617 = EDGE_LOOP ( 'NONE', ( #4045, #2110, #638, #234 ) ) ;
#618 = PLANE ( 'NONE',  #3204 ) ;
#619 = CARTESIAN_POINT ( 'NONE',  ( 0.7505660169058253617, 0.9999606299212598914, -0.8811348107802111640 ) ) ;
#620 = CARTESIAN_POINT ( 'NONE',  ( 0.6195146932752324531, 0.9999606299212598914, -0.8437091626978248105 ) ) ;
#621 = DIRECTION ( 'NONE',  ( 1.000000000000000000, 0.000000000000000000, 2.220446049250312588E-16 ) ) ;
#622 = APPROVAL_STATUS ( 'not_yet_approved' ) ;
#623 = CARTESIAN_POINT ( 'NONE',  ( 0.5348728563400749758, 1.000000000000000222, -0.8898498711280964368 ) ) ;
#624 = B_SPLINE_CURVE_WITH_KNOTS ( 'NONE', 3,
 ( #3696, #2644, #2594, #4833, #4883, #6438, #418, #6387, #6957, #4267, #1050, #6483, #439, #3718, #6998, #5926, #1580, #3772, #4862 ),
 .UNSPECIFIED., .F., .F.,
 ( 4, 1, 1, 1, 1, 1, 1, 1, 1, 1, 1, 1, 1, 1, 1, 1, 4 ),
 ( 0.000000000000000000, 0.08817828793540191668, 0.1703962258015032927, 0.2478554589180556877, 0.3223119628233686029, 0.3939861698943331048, 0.4626934939826060633, 0.5304592248215022066, 0.5989497110176139616, 0.6349980497359262177, 0.6748411946041483755, 0.7189748316776007897, 0.7666373843242443309, 0.8184614652166471993, 0.8745656704273196969, 0.9350741581065670216, 1.000000000000000000 ),
 .UNSPECIFIED. ) ;
#625 = VECTOR ( 'NONE', #4944, 39.37007874015748143 ) ;
#626 = VECTOR ( 'NONE', #2204, 39.37007874015748143 ) ;
#627 = CARTESIAN_POINT ( 'NONE',  ( 0.7241439281232215919, 0.9999606299212597804, -0.8626561746448543344 ) ) ;
#628 = ORIENTED_EDGE ( 'NONE', *, *, #5228, .T. ) ;
#629 = ORIENTED_EDGE ( 'NONE', *, *, #4446, .F. ) ;
#630 = VECTOR ( 'NONE', #4963, 39.37007874015748143 ) ;
#631 = ADVANCED_FACE ( 'NONE', ( #2618 ), #3866, .T. ) ;
#632 = CARTESIAN_POINT ( 'NONE',  ( 0.8588618150978601928, 0.9999606299212602245, -0.8539768846195576746 ) ) ;
#633 = ORIENTED_EDGE ( 'NONE', *, *, #1139, .T. ) ;
#634 = LINE ( 'NONE', #3003, #4860 ) ;
#635 = B_SPLINE_CURVE_WITH_KNOTS ( 'NONE', 3,
 ( #659, #3439, #3420, #3988, #3373, #2301, #2261, #6064, #6659, #6086, #676, #3962, #148, #1709, #5070, #2844, #6619, #2824, #3400 ),
 .UNSPECIFIED., .F., .F.,
 ( 4, 1, 1, 1, 1, 1, 1, 1, 1, 1, 1, 1, 1, 1, 1, 1, 4 ),
 ( 0.000000000000000000, 0.05381367553717396335, 0.1069528195400285681, 0.1592297411669608698, 0.2119878441294305027, 0.2664171771063136851, 0.3219455670150585536, 0.3804321554930928384, 0.4418041305516793860, 0.5050050872753460984, 0.5687997946032421481, 0.6342267874690939999, 0.7013374851512627073, 0.7709830105630235408, 0.8438657153438668956, 0.9200500377805954644, 1.000000000000000000 ),
 .UNSPECIFIED. ) ;
#636 = VECTOR ( 'NONE', #6862, 39.37007874015748143 ) ;
#637 = EDGE_LOOP ( 'NONE', ( #3980, #1113, #7021, #3678 ) ) ;
#638 = ORIENTED_EDGE ( 'NONE', *, *, #4292, .F. ) ;
#639 = CARTESIAN_POINT ( 'NONE',  ( 0.6195146932752324531, 1.000000000000000222, -0.8437091626978248105 ) ) ;
#640 = CARTESIAN_POINT ( 'NONE',  ( 0.8369691989644486574, 0.9999606299212597804, -0.8890138945870291742 ) ) ;
#641 = FACE_OUTER_BOUND ( 'NONE', #4375, .T. ) ;
#642 = CARTESIAN_POINT ( 'NONE',  ( 0.7962605992958878831, 1.000000000000000000, -0.8890138945870291742 ) ) ;
#643 = EDGE_CURVE ( 'NONE', #3912, #1888, #4680, .T. ) ;
#644 = EDGE_LOOP ( 'NONE', ( #1821, #6091, #5188, #3615, #2262, #4610, #6879 ) ) ;
#645 = CARTESIAN_POINT ( 'NONE',  ( 0.5461267592029824813, 0.9999606299212595584, -0.8347325727115483263 ) ) ;
#646 = EDGE_CURVE ( 'NONE', #4832, #2106, #2876, .T. ) ;
#647 = DIRECTION ( 'NONE',  ( -0.7071067811865474617, 0.000000000000000000, -0.7071067811865474617 ) ) ;
#648 = CARTESIAN_POINT ( 'NONE',  ( 0.5066811870757106373, 1.000000000000000000, -0.3332102154469469002 ) ) ;
#649 = VECTOR ( 'NONE', #8, 39.37007874015748143 ) ;
#650 = CARTESIAN_POINT ( 'NONE',  ( 0.8133114290965804960, 0.9999606299212597804, -0.8456789336495292853 ) ) ;
#651 = CARTESIAN_POINT ( 'NONE',  ( 0.6178238796664532462, 0.9999999999999998890, -0.8322613928434122732 ) ) ;
#652 = DIRECTION ( 'NONE',  ( -1.000000000000000000, 0.000000000000000000, 0.000000000000000000 ) ) ;
#653 = APPROVAL_STATUS ( 'not_yet_approved' ) ;
#654 = CARTESIAN_POINT ( 'NONE',  ( 0.5279762983177685998, 0.9999999999999998890, -0.8903295152023718018 ) ) ;
#655 = VECTOR ( 'NONE', #4550, 39.37007874015748143 ) ;
#656 = CARTESIAN_POINT ( 'NONE',  ( 0.7404548590622047621, 0.9999999999999996669, -0.8898035897182929865 ) ) ;
#657 = AXIS2_PLACEMENT_3D ( 'NONE', #4594, #4016, #5713 ) ;
#658 = EDGE_CURVE ( 'NONE', #5788, #4380, #2348, .T. ) ;
#659 = CARTESIAN_POINT ( 'NONE',  ( 0.8162455670767237992, 0.9999606299212597804, -0.8561843787252867433 ) ) ;
#660 = CARTESIAN_POINT ( 'NONE',  ( 0.6314484695946720461, 1.000000000000000444, -0.8312589230155386089 ) ) ;
#661 = CARTESIAN_POINT ( 'NONE',  ( 0.6951848192596311593, 1.000000000000000000, -0.8421157516830495293 ) ) ;
#662 = CARTESIAN_POINT ( 'NONE',  ( 0.6078982677346296271, 0.9999606299212597804, -0.7894019672889153183 ) ) ;
#663 = EDGE_LOOP ( 'NONE', ( #2288, #4091, #2460, #5637 ) ) ;
#664 = CARTESIAN_POINT ( 'NONE',  ( 0.5339553019792798727, 0.9999606299212596694, -0.8303889770550862970 ) ) ;
#665 = CARTESIAN_POINT ( 'NONE',  ( 0.6850131763060101076, 0.9999606299212601135, -0.7880135766155972332 ) ) ;
#666 = ADVANCED_FACE ( 'NONE', ( #3823 ), #4453, .F. ) ;
#667 = CARTESIAN_POINT ( 'NONE',  ( 0.6639846845494006278, 1.000000000000000222, -0.8524462989516282674 ) ) ;
#668 = CARTESIAN_POINT ( 'NONE',  ( 0.8047927355881713263, 0.9999606299212597804, -0.8540273575926122795 ) ) ;
#669 = CARTESIAN_POINT ( 'NONE',  ( 0.7604496146064423368, 1.000000000000000444, -0.8467631471138685750 ) ) ;
#670 = DIRECTION ( 'NONE',  ( 0.000000000000000000, 0.000000000000000000, 1.000000000000000000 ) ) ;
#671 = CARTESIAN_POINT ( 'NONE',  ( 0.7428914314934005336, 1.000000000000000222, -0.8906220900637549232 ) ) ;
#672 = CARTESIAN_POINT ( 'NONE',  ( 0.7371674707447516406, 0.9999606299212597804, -0.8010307920775594503 ) ) ;
#673 = B_SPLINE_CURVE_WITH_KNOTS ( 'NONE', 3,
 ( #6978, #3675, #6875, #442, #6368, #4212, #6931, #5343, #5829, #2066, #5393 ),
 .UNSPECIFIED., .F., .F.,
 ( 4, 1, 1, 1, 1, 1, 1, 1, 4 ),
 ( 0.000000000000000000, 0.1333786706066391048, 0.2619252341554843544, 0.3867490650401659846, 0.5114364515435128045, 0.6336363288425959084, 0.7543578055143889127, 0.8757685104033915424, 1.000000000000000000 ),
 .UNSPECIFIED. ) ;
#674 = VECTOR ( 'NONE', #1422, 39.37007874015747433 ) ;
#675 = CARTESIAN_POINT ( 'NONE',  ( 0.7289964890183951995, 1.000000000000000222, -0.8797981088489448265 ) ) ;
#676 = CARTESIAN_POINT ( 'NONE',  ( 0.8353134293721999892, 0.9999606299212595584, -0.8451051907111396533 ) ) ;
#677 = VECTOR ( 'NONE', #6152, 39.37007874015748143 ) ;
#678 = CARTESIAN_POINT ( 'NONE',  ( 0.6491843682352819167, 0.9999606299212597804, -0.8639403518476234112 ) ) ;
#679 = EDGE_CURVE ( 'NONE', #1663, #3083, #4160, .T. ) ;
#680 = CARTESIAN_POINT ( 'NONE',  ( 0.7467216788381468850, 1.000000000000000000, -0.8301284162405954126 ) ) ;
#681 = CARTESIAN_POINT ( 'NONE',  ( 0.6491843682352819167, 1.000000000000000000, -0.8639403518476234112 ) ) ;
#682 = CARTESIAN_POINT ( 'NONE',  ( 0.8353134293721999892, 0.9999999999999996669, -0.8451051907111396533 ) ) ;
#683 = VERTEX_POINT ( 'NONE', #3974 ) ;
#684 = DIRECTION ( 'NONE',  ( -0.000000000000000000, 0.000000000000000000, -1.000000000000000000 ) ) ;
#685 = VECTOR ( 'NONE', #2336, 39.37007874015748143 ) ;
#686 = CARTESIAN_POINT ( 'NONE',  ( 0.6803724083039373038, 0.9999606299212597804, -0.7878989857328625446 ) ) ;
#687 = CARTESIAN_POINT ( 'NONE',  ( 0.8367236643178307398, 0.9999999999999998890, -0.8039040955710897718 ) ) ;
#688 = ORIENTED_EDGE ( 'NONE', *, *, #3129, .F. ) ;
#689 = DIRECTION ( 'NONE',  ( -0.000000000000000000, 1.000000000000000000, -0.000000000000000000 ) ) ;
#690 = CARTESIAN_POINT ( 'NONE',  ( 0.7345411094758121928, 0.9999606299212597804, -0.8601239206286958039 ) ) ;
#691 = ORIENTED_EDGE ( 'NONE', *, *, #828, .F. ) ;
#692 = CARTESIAN_POINT ( 'NONE',  ( 0.6228524975244725814, 0.9999999999999998890, -0.8215742393954990064 ) ) ;
#693 = CARTESIAN_POINT ( 'NONE',  ( 0.5455788205981677574, 0.9999606299212596694, -0.8522783806427721709 ) ) ;
#694 = CARTESIAN_POINT ( 'NONE',  ( 0.3333966783382540933, 1.000000000000000000, -0.4971953688795429094 ) ) ;
#695 = CARTESIAN_POINT ( 'NONE',  ( 0.7305098975806701977, 0.9999606299212593363, -0.8820469032395041875 ) ) ;
#696 = ADVANCED_FACE ( 'NONE', ( #800 ), #618, .F. ) ;
#697 = CARTESIAN_POINT ( 'NONE',  ( 0.8692369421922574446, 0.9999999999999998890, -0.8603980288405687071 ) ) ;
#698 = AXIS2_PLACEMENT_3D ( 'NONE', #6778, #4158, #5244 ) ;
#699 = CARTESIAN_POINT ( 'NONE',  ( 0.6496315538352936958, 0.9999999999999998890, -0.8697422488373888205 ) ) ;
#700 = EDGE_CURVE ( 'NONE', #5006, #6451, #1218, .T. ) ;
#701 = CARTESIAN_POINT ( 'NONE',  ( 0.7497558658184076963, 1.000000000000000000, -0.8334209749413856727 ) ) ;
#702 = CARTESIAN_POINT ( 'NONE',  ( 0.6966230186554996928, 1.000000000000000000, -0.8414931703771569849 ) ) ;
#703 = CARTESIAN_POINT ( 'NONE',  ( 0.8409087408678576070, 1.000000000000000000, -0.8236421211273345921 ) ) ;
#704 = CARTESIAN_POINT ( 'NONE',  ( 0.6039584828725994559, 0.9999606299212597804, -0.8483284226014822238 ) ) ;
#705 = CARTESIAN_POINT ( 'NONE',  ( 0.6195146932752324531, 0.9999606299212598914, -0.8437091626978248105 ) ) ;
#706 = VERTEX_POINT ( 'NONE', #6116 ) ;
#707 = CARTESIAN_POINT ( 'NONE',  ( 0.8334315328481495255, 0.9999999999999995559, -0.7983918485030624401 ) ) ;
#708 = CARTESIAN_POINT ( 'NONE',  ( 0.5466877842308862645, 0.9999606299212596694, -0.8633694455463898354 ) ) ;
#709 = PLANE ( 'NONE',  #3422 ) ;
#710 = VECTOR ( 'NONE', #2452, 39.37007874015748143 ) ;
#711 = CARTESIAN_POINT ( 'NONE',  ( 0.6228524975244725814, 0.9999606299212596694, -0.8215742393954990064 ) ) ;
#712 = PLANE ( 'NONE',  #523 ) ;
#713 = VECTOR ( 'NONE', #408, 39.37007874015748854 ) ;
#714 = ORIENTED_EDGE ( 'NONE', *, *, #1418, .F. ) ;
#715 = B_SPLINE_CURVE_WITH_KNOTS ( 'NONE', 3,
 ( #6313, #4723, #5412, #939, #5292, #4209, #4703, #2016, #5826, #1587, #1407, #6845, #1963, #339, #916, #2569, #5779, #2515, #3078 ),
 .UNSPECIFIED., .F., .F.,
 ( 4, 1, 1, 1, 1, 1, 1, 1, 1, 1, 1, 1, 1, 1, 1, 1, 4 ),
 ( 0.000000000000000000, 0.04878347937587476646, 0.09693138956973551545, 0.1450915008017290564, 0.1933977841194995384, 0.2422569075037523945, 0.2911229018096250232, 0.3408352192596681984, 0.3915951061367892172, 0.4457719150393729679, 0.5061126198317961178, 0.5725064867171759664, 0.6449505620533887429, 0.7242299195761300323, 0.8096884027761085401, 0.9016917347513256908, 1.000000000000000000 ),
 .UNSPECIFIED. ) ;
#716 = ORIENTED_EDGE ( 'NONE', *, *, #4090, .F. ) ;
#717 = DIRECTION ( 'NONE',  ( 2.220446049250312588E-16, 0.000000000000000000, 1.000000000000000000 ) ) ;
#718 = CARTESIAN_POINT ( 'NONE',  ( 0.5262653775769686737, 1.000000000000000222, -0.8903279097309420020 ) ) ;
#719 = LINE ( 'NONE', #4711, #2615 ) ;
#720 = ORIENTED_EDGE ( 'NONE', *, *, #5086, .F. ) ;
#721 = CARTESIAN_POINT ( 'NONE',  ( 0.7321975978215637948, 1.000000000000000444, -0.8840661356334647003 ) ) ;
#722 = FACE_OUTER_BOUND ( 'NONE', #1575, .T. ) ;
#723 = DIRECTION ( 'NONE',  ( 0.2255500830017914682, 0.4511001660036044192, 0.8635020557528543250 ) ) ;
#724 = ORIENTED_EDGE ( 'NONE', *, *, #5994, .T. ) ;
#725 = FACE_OUTER_BOUND ( 'NONE', #4869, .T. ) ;
#726 = ORIENTED_EDGE ( 'NONE', *, *, #4968, .T. ) ;
#727 = EDGE_LOOP ( 'NONE', ( #5914, #3730, #3143, #4224 ) ) ;
#728 = DIRECTION ( 'NONE',  ( -1.000000000000000000, 0.000000000000000000, 0.000000000000000000 ) ) ;
#729 = ORIENTED_EDGE ( 'NONE', *, *, #2155, .F. ) ;
#730 = CARTESIAN_POINT ( 'NONE',  ( 0.6575065175280906393, 0.9999999999999995559, -0.8194809920475888410 ) ) ;
#731 = DIRECTION ( 'NONE',  ( -0.000000000000000000, 1.000000000000000000, -0.000000000000000000 ) ) ;
#732 = VECTOR ( 'NONE', #5423, 39.37007874015748143 ) ;
#733 = EDGE_CURVE ( 'NONE', #5908, #5092, #7018, .T. ) ;
#734 = ADVANCED_FACE ( 'NONE', ( #6256 ), #54, .T. ) ;
#735 = CARTESIAN_POINT ( 'NONE',  ( 0.7761782938154014877, 1.000000000000000222, -0.8686523912574353190 ) ) ;
#736 = CARTESIAN_POINT ( 'NONE',  ( 0.7988869605648273309, 0.9999606299212597804, -0.8357069682065249028 ) ) ;
#737 = DIRECTION ( 'NONE',  ( -1.000000000000000000, 0.000000000000000000, 0.000000000000000000 ) ) ;
#738 = CARTESIAN_POINT ( 'NONE',  ( 0.6228974784046907853, 0.9999606299212598914, -0.8197594307340561048 ) ) ;
#739 = AXIS2_PLACEMENT_3D ( 'NONE', #5697, #4150, #4074 ) ;
#740 = CARTESIAN_POINT ( 'NONE',  ( 0.5315297334727591139, 0.9999606299212595584, -0.8419882865091842250 ) ) ;
#741 = CARTESIAN_POINT ( 'NONE',  ( 0.5444406234384360221, 1.000000000000000000, -0.8709206650490960433 ) ) ;
#742 = ORIENTED_EDGE ( 'NONE', *, *, #5780, .F. ) ;
#743 = CARTESIAN_POINT ( 'NONE',  ( 1.000000000000000222, 1.000000000000000000, -1.000000000000000222 ) ) ;
#744 = CARTESIAN_POINT ( 'NONE',  ( 0.5411221689001016744, 1.000000000000000000, -0.8885335216759411292 ) ) ;
#745 = DIRECTION ( 'NONE',  ( 1.000000000000000000, 0.000000000000000000, 2.220446049250312588E-16 ) ) ;
#746 = PLANE ( 'NONE',  #3922 ) ;
#747 = EDGE_CURVE ( 'NONE', #2586, #6919, #4935, .T. ) ;
#748 = ORIENTED_EDGE ( 'NONE', *, *, #6638, .F. ) ;
#749 = CARTESIAN_POINT ( 'NONE',  ( 0.000000000000000000, 0.007874015748031721468, -0.9944322300693975158 ) ) ;
#750 = EDGE_LOOP ( 'NONE', ( #2643, #1531, #7049, #6442 ) ) ;
#751 = CARTESIAN_POINT ( 'NONE',  ( 0.6536251328669437921, 0.9999606299212597804, -0.8797645298054748153 ) ) ;
#752 = DIRECTION ( 'NONE',  ( 0.000000000000000000, 0.000000000000000000, 1.000000000000000000 ) ) ;
#753 = CARTESIAN_POINT ( 'NONE',  ( 0.6111021298356607012, 0.9999606299212597804, -0.8492696619469072283 ) ) ;
#754 = CALENDAR_DATE ( 2021, 1, 12 ) ;
#755 = CARTESIAN_POINT ( 'NONE',  ( 0.6596898133110393747, 0.9999606299212597804, -0.8636941304786603935 ) ) ;
#756 = PLANE ( 'NONE',  #5196 ) ;
#757 = CARTESIAN_POINT ( 'NONE',  ( 0.7017115936140698729, 1.000000000000000000, -0.8170351810601588216 ) ) ;
#758 = CARTESIAN_POINT ( 'NONE',  ( 0.7505660169058253617, 1.000000000000000222, -0.8811348107802111640 ) ) ;
#759 = SHAPE_DEFINITION_REPRESENTATION ( #4830, #5832 ) ;
#760 = CARTESIAN_POINT ( 'NONE',  ( 0.8131472815172717805, 0.9999606299212598914, -0.7878989857328626556 ) ) ;
#761 = CARTESIAN_POINT ( 'NONE',  ( 0.7870683348546002600, 0.9999606299212597804, -0.8167889596911960259 ) ) ;
#762 = CARTESIAN_POINT ( 'NONE',  ( 0.7356345055456632309, 0.9999606299212597804, -0.8690738448904549163 ) ) ;
#763 = VECTOR ( 'NONE', #6965, 39.37007874015748143 ) ;
#764 = ADVANCED_FACE ( 'NONE', ( #379 ), #2815, .F. ) ;
#765 = CARTESIAN_POINT ( 'NONE',  ( 0.8186822224386715030, 1.000000000000000000, -0.8560984584283786170 ) ) ;
#766 = EDGE_CURVE ( 'NONE', #3948, #1119, #3348, .T. ) ;
#767 = ORIENTED_EDGE ( 'NONE', *, *, #1625, .T. ) ;
#768 = EDGE_CURVE ( 'NONE', #4686, #3989, #2888, .T. ) ;
#769 = DIRECTION ( 'NONE',  ( 0.000000000000000000, 0.000000000000000000, 1.000000000000000000 ) ) ;
#770 = ORIENTED_EDGE ( 'NONE', *, *, #6297, .T. ) ;
#771 = CARTESIAN_POINT ( 'NONE',  ( 0.6492070135044262225, 0.9999606299212601135, -0.8649333176124806011 ) ) ;
#772 = EDGE_CURVE ( 'NONE', #5407, #1240, #6436, .T. ) ;
#773 = DIRECTION ( 'NONE',  ( 0.000000000000000000, 0.000000000000000000, 1.000000000000000000 ) ) ;
#774 = ORIENTED_EDGE ( 'NONE', *, *, #6035, .F. ) ;
#775 = EDGE_LOOP ( 'NONE', ( #5536, #6471, #1800, #1198 ) ) ;
#776 = DIRECTION ( 'NONE',  ( 0.000000000000000000, 0.000000000000000000, 1.000000000000000000 ) ) ;
#777 = EDGE_LOOP ( 'NONE', ( #3570, #897, #5071 ) ) ;
#778 = CARTESIAN_POINT ( 'NONE',  ( 0.6223856006527225260, 0.9999606299212597804, -0.8130853091124239373 ) ) ;
#779 = CARTESIAN_POINT ( 'NONE',  ( 0.6492100313969567660, 0.9999606299212596694, -0.8628365297406112022 ) ) ;
#780 = CARTESIAN_POINT ( 'NONE',  ( 0.5994066148099149727, 1.000000000000000000, -0.8785084495112716052 ) ) ;
#781 = CARTESIAN_POINT ( 'NONE',  ( 0.7345411094758121928, 1.000000000000000000, -0.8601239206286958039 ) ) ;
#782 = CARTESIAN_POINT ( 'NONE',  ( 0.6314288043381214299, 0.9999606299212595584, -0.8062486558833154016 ) ) ;
#783 = ORIENTED_EDGE ( 'NONE', *, *, #1179, .T. ) ;
#784 = CARTESIAN_POINT ( 'NONE',  ( 0.6334262006216457852, 1.000000000000000222, -0.8189023597747957517 ) ) ;
#785 = CARTESIAN_POINT ( 'NONE',  ( 0.7920504915700032900, 0.9999606299212597804, -0.7997539788417156181 ) ) ;
#786 = CARTESIAN_POINT ( 'NONE',  ( 0.7389951038543258743, 0.9999606299212601135, -0.8757083944647922058 ) ) ;
#787 = CARTESIAN_POINT ( 'NONE',  ( 0.6689228663867632374, 1.000000000000000222, -0.8780975139642395177 ) ) ;
#788 = CARTESIAN_POINT ( 'NONE',  ( 0.8162455670767237992, 0.9999606299212597804, -0.8561843787252867433 ) ) ;
#789 = CARTESIAN_POINT ( 'NONE',  ( 0.7441634769401428429, 0.9999999999999996669, -0.8798058155270558345 ) ) ;
#790 = LINE ( 'NONE', #5428, #4068 ) ;
#791 = VECTOR ( 'NONE', #6202, 39.37007874015748143 ) ;
#792 = CARTESIAN_POINT ( 'NONE',  ( 0.6949388338549836730, 0.9999606299212596694, -0.8033594290794592307 ) ) ;
#793 = ORIENTED_EDGE ( 'NONE', *, *, #49, .T. ) ;
#794 = DIRECTION ( 'NONE',  ( -1.000000000000000000, 0.000000000000000000, 0.000000000000000000 ) ) ;
#795 = LINE ( 'NONE', #5962, #5665 ) ;
#796 = CARTESIAN_POINT ( 'NONE',  ( 0.6850131763060101076, 0.9999606299212601135, -0.7880135766155972332 ) ) ;
#798 = EDGE_LOOP ( 'NONE', ( #3613, #3608, #3639, #5563, #1953, #4349, #3834, #85 ) ) ;
#797 = CARTESIAN_POINT ( 'NONE',  ( 0.8014990467084530668, 0.9999606299212598914, -0.8399016448917363542 ) ) ;
#799 = CARTESIAN_POINT ( 'NONE',  ( 0.5994066148099149727, 0.9999606299212597804, -0.8785084495112716052 ) ) ;
#800 = FACE_OUTER_BOUND ( 'NONE', #1409, .T. ) ;
#801 = LINE ( 'NONE', #974, #7019 ) ;
#802 = ORIENTED_EDGE ( 'NONE', *, *, #81, .F. ) ;
#803 = ADVANCED_FACE ( 'NONE', ( #5586 ), #1299, .T. ) ;
#804 = DIRECTION ( 'NONE',  ( 0.000000000000000000, -6.315733405374184092E-12, 1.000000000000000000 ) ) ;
#805 = ORIENTED_EDGE ( 'NONE', *, *, #2595, .T. ) ;
#806 = VECTOR ( 'NONE', #2481, 39.37007874015748143 ) ;
#807 = CARTESIAN_POINT ( 'NONE',  ( 0.6102475980942227984, 1.000000000000000000, -0.7896394250322061881 ) ) ;
#808 = CARTESIAN_POINT ( 'NONE',  ( 0.6592654049371046154, 0.9999606299212597804, -0.8431175235250665256 ) ) ;
#809 = VERTEX_POINT ( 'NONE', #4072 ) ;
#810 = B_SPLINE_CURVE_WITH_KNOTS ( 'NONE', 3,
 ( #6241, #5207, #4109, #818, #6194, #4653, #5754, #5654, #2499, #786, #6725, #6295, #6753, #762, #5705, #3061, #1286, #3525, #2955 ),
 .UNSPECIFIED., .F., .F.,
 ( 4, 1, 1, 1, 1, 1, 1, 1, 1, 1, 1, 1, 1, 1, 1, 1, 4 ),
 ( 0.000000000000000000, 0.05804926609053103620, 0.1133148320836870199, 0.1675622724459477075, 0.2211424480951672267, 0.2755171013253210344, 0.3295224528313848156, 0.3857580765321443894, 0.4438934661352197386, 0.5036774965383488123, 0.5646453277561711559, 0.6280046557190139822, 0.6950187707529349446, 0.7646653028278009856, 0.8387700575937284686, 0.9171404580728554912, 1.000000000000000000 ),
 .UNSPECIFIED. ) ;
#811 = ORIENTED_EDGE ( 'NONE', *, *, #6984, .T. ) ;
#812 = CARTESIAN_POINT ( 'NONE',  ( 0.6087772477888061529, 1.000000000000000000, -0.8780027510771254429 ) ) ;
#813 = CARTESIAN_POINT ( 'NONE',  ( 0.6181771650034260102, 0.9999606299212595584, -0.7916244778511143387 ) ) ;
#814 = EDGE_CURVE ( 'NONE', #2966, #3877, #4538, .T. ) ;
#815 = CARTESIAN_POINT ( 'NONE',  ( 0.8894964243432363915, 1.000000000000000000, -0.7892121663673321574 ) ) ;
#816 = FACE_BOUND ( 'NONE', #4915, .T. ) ;
#817 = CARTESIAN_POINT ( 'NONE',  ( 0.7507271315789980637, 0.9999606299212598914, -0.8184806564976550014 ) ) ;
#818 = CARTESIAN_POINT ( 'NONE',  ( 0.7472272226327671962, 0.9999606299212596694, -0.8808060458656048475 ) ) ;
#819 = CARTESIAN_POINT ( 'NONE',  ( 0.6725085159130109735, 1.000000000000000222, -0.8792265762110750282 ) ) ;
#820 = EDGE_CURVE ( 'NONE', #6373, #1191, #6592, .T. ) ;
#821 = CARTESIAN_POINT ( 'NONE',  ( 0.8579800891159637954, 1.000000000000000000, -0.8535580174563472955 ) ) ;
#822 = CARTESIAN_POINT ( 'NONE',  ( 0.7456571051109108783, 1.000000000000000444, -0.8804139390355678607 ) ) ;
#823 = CARTESIAN_POINT ( 'NONE',  ( 0.8162092151352582370, 0.9999606299212601135, -0.7879878259827545195 ) ) ;
#824 = LINE ( 'NONE', #3102, #6459 ) ;
#825 = CARTESIAN_POINT ( 'NONE',  ( 0.5030847303827993278, 0.9999606299212597804, -0.1002102154469468043 ) ) ;
#826 = CARTESIAN_POINT ( 'NONE',  ( 0.8069299293202731871, 0.9999606299212597804, -0.8442169099050588210 ) ) ;
#827 = DIRECTION ( 'NONE',  ( -0.000000000000000000, -0.000000000000000000, -1.000000000000000000 ) ) ;
#828 = EDGE_CURVE ( 'NONE', #2152, #1491, #5083, .T. ) ;
#829 = CARTESIAN_POINT ( 'NONE',  ( 0.6780379871999184793, 0.9999606299212595584, -0.8469568254510316807 ) ) ;
#830 = CARTESIAN_POINT ( 'NONE',  ( 0.5305136758054093127, 0.9999606299212601135, -0.8784136533597488583 ) ) ;
#831 = CARTESIAN_POINT ( 'NONE',  ( 0.7765628897788425800, 1.000000000000000000, -0.8010307920775594503 ) ) ;
#832 = VERTEX_POINT ( 'NONE', #1325 ) ;
#833 = CARTESIAN_POINT ( 'NONE',  ( 0.6552156077990857197, 0.9999606299212598914, -0.8468293919109184387 ) ) ;
#834 = PLANE ( 'NONE',  #2126 ) ;
#835 = CARTESIAN_POINT ( 'NONE',  ( 0.6277734467568422128, 1.000000000000000222, -0.8376506193669376321 ) ) ;
#836 = PERSON_AND_ORGANIZATION ( #3334, #3267 ) ;
#837 = CARTESIAN_POINT ( 'NONE',  ( 0.7297403645128291982, 1.000000000000000222, -0.8102516149981203730 ) ) ;
#838 = CARTESIAN_POINT ( 'NONE',  ( 0.6645774423013499632, 1.000000000000000000, -0.8753574800562177183 ) ) ;
#839 = EDGE_CURVE ( 'NONE', #1240, #2678, #3976, .T. ) ;
#840 = ADVANCED_FACE ( 'NONE', ( #4570 ), #1790, .T. ) ;
#841 = CARTESIAN_POINT ( 'NONE',  ( 0.6472160292147318694, 0.9999606299212596694, -0.8146131129823395156 ) ) ;
#842 = CARTESIAN_POINT ( 'NONE',  ( 0.5066811870757106373, 0.9999606299212597804, -0.3332102154469469002 ) ) ;
#843 = LINE ( 'NONE', #842, #1705 ) ;
#844 = CARTESIAN_POINT ( 'NONE',  ( 0.6591535153628622634, 0.9999999999999996669, -0.8857465167478716372 ) ) ;
#845 = CARTESIAN_POINT ( 'NONE',  ( 0.6130584695480808533, 0.9999606299212596694, -0.8350748753807551994 ) ) ;
#846 = CARTESIAN_POINT ( 'NONE',  ( 0.7060454254211615543, 0.9999999999999996669, -0.7987410619511384757 ) ) ;
#847 = CARTESIAN_POINT ( 'NONE',  ( 0.3054552237685526639, 0.9999606299212597804, -0.5063989121866298015 ) ) ;
#848 = CARTESIAN_POINT ( 'NONE',  ( 0.6800654990315384563, 0.9999606299212601135, -0.8464620940508051916 ) ) ;
#849 = VECTOR ( 'NONE', #877, 39.37007874015748854 ) ;
#850 = CARTESIAN_POINT ( 'NONE',  ( 0.7765628897788425800, 0.9999606299212597804, -0.8010307920775594503 ) ) ;
#851 = CARTESIAN_POINT ( 'NONE',  ( 0.6144993457716731999, 1.000000000000000222, -0.7904433374284779434 ) ) ;
#852 = VERTEX_POINT ( 'NONE', #2902 ) ;
#853 = PLANE ( 'NONE',  #739 ) ;
#854 = B_SPLINE_CURVE_WITH_KNOTS ( 'NONE', 3,
 ( #4104, #1943, #5682, #6166, #6747, #236, #4079, #4128, #4622, #1329, #4186, #392, #318, #5956, #5799, #5750, #2140, #3256, #7028 ),
 .UNSPECIFIED., .F., .F.,
 ( 4, 1, 1, 1, 1, 1, 1, 1, 1, 1, 1, 1, 1, 1, 1, 1, 4 ),
 ( 0.000000000000000000, 0.05441990084519061216, 0.1060523162565172456, 0.1549730787461440495, 0.2012838652153503827, 0.2452075788106306276, 0.2863483776398000336, 0.3259675705682531510, 0.3636675859428587509, 0.4367582574700967224, 0.5112362885366324994, 0.5876989460161565759, 0.6682289134090623195, 0.7504893743805782780, 0.8322579304600487005, 0.9146071290589892211, 1.000000000000000000 ),
 .UNSPECIFIED. ) ;
#855 = VECTOR ( 'NONE', #6882, 39.37007874015748143 ) ;
#856 = CARTESIAN_POINT ( 'NONE',  ( 0.6491843682352819167, 1.000000000000000000, -0.8639403518476234112 ) ) ;
#857 = CARTESIAN_POINT ( 'NONE',  ( 0.6847719099614063554, 0.9999606299212601135, -0.8452681109666898562 ) ) ;
#858 = CARTESIAN_POINT ( 'NONE',  ( 0.6606766352279460630, 0.9999999999999998890, -0.8101607673207487093 ) ) ;
#859 = CARTESIAN_POINT ( 'NONE',  ( 0.8369691989644486574, 1.000000000000000000, -0.8771952688768018813 ) ) ;
#860 = ORIENTED_EDGE ( 'NONE', *, *, #4784, .T. ) ;
#861 = DIRECTION ( 'NONE',  ( 0.000000000000000000, 0.000000000000000000, -1.000000000000000000 ) ) ;
#862 = CARTESIAN_POINT ( 'NONE',  ( 0.7758842741770022311, 1.000000000000000222, -0.8560758600613797009 ) ) ;
#863 = VERTEX_POINT ( 'NONE', #4000 ) ;
#864 = ORIENTED_EDGE ( 'NONE', *, *, #1701, .F. ) ;
#865 = CARTESIAN_POINT ( 'NONE',  ( 0.5047344984436151760, 0.9999606299212597804, -0.7892121663673321574 ) ) ;
#866 = CARTESIAN_POINT ( 'NONE',  ( 0.6608933233737882551, 0.9999606299212596694, -0.7930165775937458861 ) ) ;
#867 = CARTESIAN_POINT ( 'NONE',  ( 0.7427572632841946687, 1.000000000000000222, -0.8790268463394927956 ) ) ;
#868 = CARTESIAN_POINT ( 'NONE',  ( 0.5572352147279092671, 1.000000000000000222, -0.8635547218014715254 ) ) ;
#869 = EDGE_CURVE ( 'NONE', #6657, #3465, #5615, .T. ) ;
#870 = CARTESIAN_POINT ( 'NONE',  ( 0.6193050896013467810, 0.9999606299212597804, -0.8306015105827115885 ) ) ;
#871 = CARTESIAN_POINT ( 'NONE',  ( 0.6819551955684837186, 0.9999606299212598914, -0.7879380682704392180 ) ) ;
#872 = DIRECTION ( 'NONE',  ( -1.000000000000000000, 0.000000000000000000, 0.000000000000000000 ) ) ;
#873 = CARTESIAN_POINT ( 'NONE',  ( 0.6790592276694675800, 1.000000000000000222, -0.8467048560202086183 ) ) ;
#874 = ADVANCED_FACE ( 'NONE', ( #477 ), #1376, .T. ) ;
#875 = PLANE ( 'NONE',  #4804 ) ;
#876 = DIRECTION ( 'NONE',  ( 0.6512707515841219541, -0.000000000000000000, -0.7588454441657095373 ) ) ;
#877 = DIRECTION ( 'NONE',  ( -0.8535533905932667365, 0.5000000000000296430, -0.1464466094066651791 ) ) ;
#878 = AXIS2_PLACEMENT_3D ( 'NONE', #3739, #1571, #3172 ) ;
#879 = ORIENTED_EDGE ( 'NONE', *, *, #2287, .T. ) ;
#880 = CARTESIAN_POINT ( 'NONE',  ( 0.8579800891159637954, 1.000000000000000000, -0.8535580174563472955 ) ) ;
#881 = CARTESIAN_POINT ( 'NONE',  ( 0.6800654990315384563, 0.9999606299212601135, -0.8464620940508051916 ) ) ;
#882 = FACE_OUTER_BOUND ( 'NONE', #6347, .T. ) ;
#883 = EDGE_CURVE ( 'NONE', #41, #5593, #6837, .T. ) ;
#884 = CARTESIAN_POINT ( 'NONE',  ( 0.6570634520421000380, 1.000000000000000000, -0.8233548628635444233 ) ) ;
#885 = CARTESIAN_POINT ( 'NONE',  ( 0.8894964243432363915, 1.000000000000000000, -0.8916402558559686220 ) ) ;
#886 = CARTESIAN_POINT ( 'NONE',  ( 0.6997631245907419695, 0.9999606299212596694, -0.8249185306815322027 ) ) ;
#887 = FACE_OUTER_BOUND ( 'NONE', #2043, .T. ) ;
#888 = LINE ( 'NONE', #6991, #1062 ) ;
#889 = CARTESIAN_POINT ( 'NONE',  ( 0.6947288839558277695, 0.9999999999999998890, -0.8880799212838957901 ) ) ;
#890 = ORIENTED_EDGE ( 'NONE', *, *, #5478, .F. ) ;
#891 = CARTESIAN_POINT ( 'NONE',  ( 0.6583122394895126739, 1.000000000000000000, -0.7948953575833088703 ) ) ;
#892 = ORIENTED_EDGE ( 'NONE', *, *, #6067, .T. ) ;
#893 = ORIENTED_EDGE ( 'NONE', *, *, #4498, .F. ) ;
#894 = VECTOR ( 'NONE', #6679, 39.37007874015748854 ) ;
#895 = CARTESIAN_POINT ( 'NONE',  ( 0.6669056890068546517, 0.9999606299212597804, -0.4935145128993084218 ) ) ;
#896 = CARTESIAN_POINT ( 'NONE',  ( 0.5391773499778149681, 1.000000000000000444, -0.8443178810191206418 ) ) ;
#897 = ORIENTED_EDGE ( 'NONE', *, *, #5495, .T. ) ;
#899 = LINE ( 'NONE', #5991, #7032 ) ;
#898 = CARTESIAN_POINT ( 'NONE',  ( 0.9960629921259841479, 0.9921259842519684069, -0.003937007874015845989 ) ) ;
#900 = CARTESIAN_POINT ( 'NONE',  ( 0.6812752199901351835, 0.9999606299212597804, -0.7997176114430898375 ) ) ;
#901 = CARTESIAN_POINT ( 'NONE',  ( 0.7004953671445436347, 0.9999606299212598914, -0.7934131500608874177 ) ) ;
#902 = VERTEX_POINT ( 'NONE', #1901 ) ;
#903 = FACE_OUTER_BOUND ( 'NONE', #3709, .T. ) ;
#904 = CARTESIAN_POINT ( 'NONE',  ( 0.5467329420601512169, 0.9999606299212597804, -0.8614596693637011082 ) ) ;
#905 = ORIENTED_EDGE ( 'NONE', *, *, #3401, .T. ) ;
#906 = CARTESIAN_POINT ( 'NONE',  ( 0.6966230186554996928, 0.9999606299212597804, -0.8414931703771569849 ) ) ;
#907 = DIRECTION ( 'NONE',  ( -1.000000000000000000, 0.000000000000000000, 0.000000000000000000 ) ) ;
#908 = EDGE_LOOP ( 'NONE', ( #2536, #2633, #1063, #5941 ) ) ;
#909 = CARTESIAN_POINT ( 'NONE',  ( 0.5339553019792798727, 0.9999606299212596694, -0.8303889770550862970 ) ) ;
#910 = ORIENTED_EDGE ( 'NONE', *, *, #3190, .T. ) ;
#911 = CARTESIAN_POINT ( 'NONE',  ( 0.8030434377472029928, 0.9999606299212597804, -0.8032718715363469375 ) ) ;
#912 = LINE ( 'NONE', #6539, #4422 ) ;
#913 = CARTESIAN_POINT ( 'NONE',  ( 0.7270162540003514140, 0.9999606299212602245, -0.8055387846828000464 ) ) ;
#914 = CARTESIAN_POINT ( 'NONE',  ( 0.7034170399435336618, 0.9999606299212591143, -0.8374836320127004852 ) ) ;
#915 = CARTESIAN_POINT ( 'NONE',  ( 0.6664095519143636848, 0.9999606299212603355, -0.8394357131857610455 ) ) ;
#916 = CARTESIAN_POINT ( 'NONE',  ( 0.7618871272168473707, 1.000000000000000222, -0.8309127068499613245 ) ) ;
#917 = EDGE_CURVE ( 'NONE', #3564, #2629, #1578, .T. ) ;
#918 = CARTESIAN_POINT ( 'NONE',  ( 0.8821759544478553483, 0.9999606299212596694, -0.8904785207707350825 ) ) ;
#919 = PLANE ( 'NONE',  #2556 ) ;
#920 = EDGE_CURVE ( 'NONE', #3220, #2966, #6600, .T. ) ;
#921 = CARTESIAN_POINT ( 'NONE',  ( 0.6893554035575926164, 1.000000000000000222, -0.8322592030674729191 ) ) ;
#922 = CARTESIAN_POINT ( 'NONE',  ( 0.7737946504668669068, 0.9999606299212601135, -0.8490610989751981030 ) ) ;
#923 = EDGE_CURVE ( 'NONE', #6634, #3816, #1061, .T. ) ;
#924 = DIRECTION ( 'NONE',  ( -0.000000000000000000, 1.000000000000000000, -0.000000000000000000 ) ) ;
#925 = CARTESIAN_POINT ( 'NONE',  ( 0.5461215783088000375, 1.000000000000000000, -0.8541163956984264560 ) ) ;
#926 = ORIENTED_EDGE ( 'NONE', *, *, #3904, .T. ) ;
#927 = CARTESIAN_POINT ( 'NONE',  ( 0.7345411094758121928, 0.9999606299212597804, -0.8601239206286958039 ) ) ;
#928 = CARTESIAN_POINT ( 'NONE',  ( 0.7121729072982182496, 0.9999606299212597804, -0.8187076454723399843 ) ) ;
#929 = CARTESIAN_POINT ( 'NONE',  ( 0.8593970938948159999, 0.9999606299212597804, -0.8662294505723240334 ) ) ;
#930 = VERTEX_POINT ( 'NONE', #6242 ) ;
#931 = CARTESIAN_POINT ( 'NONE',  ( 0.8275463911775710057, 0.9999606299212597804, -0.8086302586628927314 ) ) ;
#932 = CARTESIAN_POINT ( 'NONE',  ( 0.6634330775597121477, 1.000000000000000000, -0.8741838213431236682 ) ) ;
#933 = CARTESIAN_POINT ( 'NONE',  ( 0.6307998393527062264, 0.9999606299212597804, -0.8649047188760621285 ) ) ;
#934 = ORIENTED_EDGE ( 'NONE', *, *, #6501, .F. ) ;
#935 = CARTESIAN_POINT ( 'NONE',  ( 0.8052729521335399987, 0.9999606299212596694, -0.8011321810131296628 ) ) ;
#936 = CARTESIAN_POINT ( 'NONE',  ( 0.7406117543479000531, 0.9999999999999998890, -0.8237992485957675859 ) ) ;
#937 = COORDINATED_UNIVERSAL_TIME_OFFSET ( 5, 0, .BEHIND. ) ;
#938 = CARTESIAN_POINT ( 'NONE',  ( 0.6610654199394738750, 0.9999999999999998890, -0.8419815077369885437 ) ) ;
#939 = CARTESIAN_POINT ( 'NONE',  ( 0.7762840642732415919, 0.9999999999999998890, -0.8584576424867981226 ) ) ;
#940 = CARTESIAN_POINT ( 'NONE',  ( 0.6639846845494006278, 0.9999606299212598914, -0.8524462989516282674 ) ) ;
#941 = CARTESIAN_POINT ( 'NONE',  ( 0.5368118483510653238, 0.9999606299212601135, -0.8895920082159313180 ) ) ;
#942 = CARTESIAN_POINT ( 'NONE',  ( 0.7988869605648273309, 1.000000000000000000, -0.8357069682065249028 ) ) ;
#943 = LINE ( 'NONE', #6224, #677 ) ;
#944 = CARTESIAN_POINT ( 'NONE',  ( 0.7618871272168473707, 0.9999606299212598914, -0.8309127068499613245 ) ) ;
#945 = CARTESIAN_POINT ( 'NONE',  ( 0.6933746849295332471, 0.9999606299212597804, -0.8023939109661617497 ) ) ;
#946 = CARTESIAN_POINT ( 'NONE',  ( 0.6666480682162392313, 1.000000000000000222, -0.7901362017635119583 ) ) ;
#947 = CARTESIAN_POINT ( 'NONE',  ( 0.8002343416492493366, 0.9999606299212597804, -0.8076519721001044205 ) ) ;
#948 = CARTESIAN_POINT ( 'NONE',  ( 0.8136275051139127967, 0.9999606299212596694, -0.7984234853223503015 ) ) ;
#949 = CARTESIAN_POINT ( 'NONE',  ( 0.7765628897788425800, 0.9999606299212597804, -0.7892121663673321574 ) ) ;
#950 = LINE ( 'NONE', #6118, #2154 ) ;
#951 = CARTESIAN_POINT ( 'NONE',  ( 0.7002379209571267804, 0.9999606299212598914, -0.8397447041516571398 ) ) ;
#952 = ORIENTED_EDGE ( 'NONE', *, *, #6147, .T. ) ;
#953 = CARTESIAN_POINT ( 'NONE',  ( 0.007874015748031584425, 0.000000000000000000, -0.007874015748031584425 ) ) ;
#954 = CARTESIAN_POINT ( 'NONE',  ( 0.6812752199901351835, 0.9999606299212597804, -0.7997176114430898375 ) ) ;
#955 = ORIENTED_EDGE ( 'NONE', *, *, #2494, .T. ) ;
#956 = CARTESIAN_POINT ( 'NONE',  ( 0.6972465282685108567, 0.9999606299212601135, -0.8688425454709171047 ) ) ;
#957 = CARTESIAN_POINT ( 'NONE',  ( 0.2840717244674835773, 0.9999606299212597804, -0.5451350543466844112 ) ) ;
#958 = CARTESIAN_POINT ( 'NONE',  ( 0.7765628897788425800, 0.9999606299212597804, -0.7892121663673321574 ) ) ;
#959 = CARTESIAN_POINT ( 'NONE',  ( 0.7232278502862382608, 0.9999606299212597804, -0.7949258532059307880 ) ) ;
#960 = CARTESIAN_POINT ( 'NONE',  ( 0.6669056890068546517, 1.000000000000000000, -0.4935145128993084218 ) ) ;
#961 = ORIENTED_EDGE ( 'NONE', *, *, #1850, .T. ) ;
#962 = ORIENTED_EDGE ( 'NONE', *, *, #2377, .F. ) ;
#963 = EDGE_LOOP ( 'NONE', ( #5182, #3744, #6773, #2029 ) ) ;
#964 = CARTESIAN_POINT ( 'NONE',  ( 0.8297673454499467915, 0.9999606299212597804, -0.8304184162244282463 ) ) ;
#965 = CARTESIAN_POINT ( 'NONE',  ( 0.5822121558773274419, 0.9999606299212597804, -0.8785084495112716052 ) ) ;
#966 = EDGE_CURVE ( 'NONE', #5270, #6258, #6660, .T. ) ;
#967 = CARTESIAN_POINT ( 'NONE',  ( 0.8579800891159637954, 1.000000000000000000, -0.8653766431665746994 ) ) ;
#968 = CARTESIAN_POINT ( 'NONE',  ( 0.6689228663867632374, 0.9999606299212598914, -0.8780975139642395177 ) ) ;
#969 = CARTESIAN_POINT ( 'NONE',  ( 0.6940356556442052183, 1.000000000000000222, -0.8302788862393933877 ) ) ;
#970 = CARTESIAN_POINT ( 'NONE',  ( 0.7560464414415563050, 0.9999606299212598914, -0.8242106597779452759 ) ) ;
#971 = DIRECTION ( 'NONE',  ( -1.000000000000000000, 0.000000000000000000, 0.000000000000000000 ) ) ;
#972 = CARTESIAN_POINT ( 'NONE',  ( 0.7995429467746849594, 0.9999606299212595584, -0.8094554972446074137 ) ) ;
#973 = VERTEX_POINT ( 'NONE', #1969 ) ;
#974 = CARTESIAN_POINT ( 'NONE',  ( 0.005448360143634410971, 0.008281706262178566841, -0.9951282013107228819 ) ) ;
#975 = EDGE_CURVE ( 'NONE', #5298, #6710, #634, .T. ) ;
#976 = CARTESIAN_POINT ( 'NONE',  ( 0.6028331955279843113, 1.000000000000000000, -0.7892121663673321574 ) ) ;
#977 = CARTESIAN_POINT ( 'NONE',  ( 0.8763612976193928539, 0.9999606299212598914, -0.8810356350777240886 ) ) ;
#978 = CARTESIAN_POINT ( 'NONE',  ( 0.6940356556442052183, 1.000000000000000222, -0.8302788862393933877 ) ) ;
#979 = VECTOR ( 'NONE', #2550, 39.37007874015748854 ) ;
#980 = CARTESIAN_POINT ( 'NONE',  ( 0.6979119214586464448, 1.000000000000000222, -0.8668925892085056484 ) ) ;
#981 = VECTOR ( 'NONE', #1856, 39.37007874015748143 ) ;
#982 = CARTESIAN_POINT ( 'NONE',  ( 0.5461267592029824813, 0.9999606299212595584, -0.8347325727115483263 ) ) ;
#983 = ORIENTED_EDGE ( 'NONE', *, *, #3860, .F. ) ;
#984 = ORIENTED_EDGE ( 'NONE', *, *, #427, .T. ) ;
#985 = FACE_OUTER_BOUND ( 'NONE', #2559, .T. ) ;
#986 = CARTESIAN_POINT ( 'NONE',  ( 0.7660574447030851220, 1.000000000000000222, -0.8635094644519381024 ) ) ;
#987 = DIRECTION ( 'NONE',  ( 1.000000000000000000, 0.000000000000000000, 0.000000000000000000 ) ) ;
#988 = EDGE_LOOP ( 'NONE', ( #1613, #6255, #412, #793, #7013 ) ) ;
#989 = LINE ( 'NONE', #5830, #1396 ) ;
#990 = VECTOR ( 'NONE', #503, 39.37007874015748143 ) ;
#991 = CARTESIAN_POINT ( 'NONE',  ( 0.8243355984494754596, 0.9999999999999996669, -0.8411499578510847064 ) ) ;
#992 = VERTEX_POINT ( 'NONE', #1891 ) ;
#993 = EDGE_CURVE ( 'NONE', #4134, #1082, #4341, .T. ) ;
#994 = DIRECTION ( 'NONE',  ( 0.6512707515841285044, 0.000000000000000000, -0.7588454441657038752 ) ) ;
#995 = ORIENTED_EDGE ( 'NONE', *, *, #2064, .F. ) ;
#996 = DIRECTION ( 'NONE',  ( 0.000000000000000000, 0.000000000000000000, 1.000000000000000000 ) ) ;
#997 = LINE ( 'NONE', #2989, #3908 ) ;
#998 = CARTESIAN_POINT ( 'NONE',  ( 0.8133114290965804960, 1.000000000000000000, -0.8456789336495292853 ) ) ;
#999 = PLANE ( 'NONE',  #2219 ) ;
#1000 = ORIENTED_EDGE ( 'NONE', *, *, #6527, .F. ) ;
#1001 = PLANE ( 'NONE',  #5517 ) ;
#1002 = ORIENTED_EDGE ( 'NONE', *, *, #2864, .T. ) ;
#1003 = CARTESIAN_POINT ( 'NONE',  ( 0.8064632311484982718, 0.9999606299212593363, -0.8002970741371010499 ) ) ;
#1004 = CARTESIAN_POINT ( 'NONE',  ( 0.6800192808665818101, 0.9999606299212597804, -0.8915985599421687446 ) ) ;
#1005 = CARTESIAN_POINT ( 'NONE',  ( 0.6996400595918019771, 1.000000000000000222, -0.8085246920269987259 ) ) ;
#1006 = DIRECTION ( 'NONE',  ( 0.5773502691896157391, 0.5773502691896257311, -0.5773502691896358341 ) ) ;
#1007 = CARTESIAN_POINT ( 'NONE',  ( 0.8164758996067921215, 0.9999606299212598914, -0.7987828606274613996 ) ) ;
#1008 = CARTESIAN_POINT ( 'NONE',  ( 0.3054552237685529414, 0.9999606299212597804, -0.4935989121866296570 ) ) ;
#1009 = EDGE_LOOP ( 'NONE', ( #4180, #6317, #1717 ) ) ;
#1010 = CARTESIAN_POINT ( 'NONE',  ( 0.6591535153628622634, 0.9999606299212595584, -0.8857465167478716372 ) ) ;
#1011 = CARTESIAN_POINT ( 'NONE',  ( 0.6198306029405349360, 0.9999606299212595584, -0.8681405867693348100 ) ) ;
#1012 = CARTESIAN_POINT ( 'NONE',  ( 0.6314288043381214299, 1.000000000000000000, -0.8062486558833154016 ) ) ;
#1013 = CARTESIAN_POINT ( 'NONE',  ( 0.7729353301229352491, 0.9999606299212595584, -0.8785269255378758135 ) ) ;
#1014 = EDGE_CURVE ( 'NONE', #1567, #5451, #6144, .T. ) ;
#1015 = DIRECTION ( 'NONE',  ( 0.6512707515841327233, 0.000000000000000000, 0.7588454441657002114 ) ) ;
#1016 = CARTESIAN_POINT ( 'NONE',  ( 0.7701910970960779146, 1.000000000000000444, -0.8421095660237284397 ) ) ;
#1017 = ORIENTED_EDGE ( 'NONE', *, *, #2289, .F. ) ;
#1018 = CARTESIAN_POINT ( 'NONE',  ( 0.7085365076118879113, 0.9999999999999998890, -0.8700361716470736972 ) ) ;
#1019 = CARTESIAN_POINT ( 'NONE',  ( 0.6030588984495338645, 0.9999606299212597804, -0.8903270752214988981 ) ) ;
#1020 = EDGE_CURVE ( 'NONE', #3886, #5655, #2003, .T. ) ;
#1021 = CARTESIAN_POINT ( 'NONE',  ( 0.6061357381674028488, 0.9999999999999998890, -0.8010647893357073501 ) ) ;
#1022 = CARTESIAN_POINT ( 'NONE',  ( 0.8284295548768166872, 1.000000000000000222, -0.8106686503326612225 ) ) ;
#1023 = ADVANCED_FACE ( 'NONE', ( #6160 ), #5971, .T. ) ;
#1024 = CALENDAR_DATE ( 2021, 1, 12 ) ;
#1025 = CARTESIAN_POINT ( 'NONE',  ( 0.6669056890068546517, 0.9999606299212597804, -0.4935145128993084218 ) ) ;
#1026 = AXIS2_PLACEMENT_3D ( 'NONE', #2474, #4086, #6705 ) ;
#1027 = CARTESIAN_POINT ( 'NONE',  ( 0.6764533848479417077, 0.9999606299212597804, -0.8361583740496238981 ) ) ;
#1028 = AXIS2_PLACEMENT_3D ( 'NONE', #3303, #6494, #5979 ) ;
#1029 = EDGE_CURVE ( 'NONE', #5593, #1638, #5431, .T. ) ;
#1030 = CARTESIAN_POINT ( 'NONE',  ( 0.7643385356885443738, 1.000000000000000222, -0.8721347332379562056 ) ) ;
#1031 = VECTOR ( 'NONE', #1805, 39.37007874015748854 ) ;
#1032 = CARTESIAN_POINT ( 'NONE',  ( 0.7765074100665567691, 0.9999606299212598914, -0.8660006231897163786 ) ) ;
#1033 = DIRECTION ( 'NONE',  ( 1.000000000000000000, 0.000000000000000000, -0.000000000000000000 ) ) ;
#1034 = CARTESIAN_POINT ( 'NONE',  ( 0.7660501171509341845, 1.000000000000000222, -0.8641463631438334181 ) ) ;
#1035 = CARTESIAN_POINT ( 'NONE',  ( 0.7715891625142065058, 0.9999999999999996669, -0.8444898201653916470 ) ) ;
#1036 = ORIENTED_EDGE ( 'NONE', *, *, #1781, .F. ) ;
#1037 = DIRECTION ( 'NONE',  ( -0.000000000000000000, 1.000000000000000000, -0.000000000000000000 ) ) ;
#1038 = LINE ( 'NONE', #6826, #6311 ) ;
#1039 = APPLICATION_PROTOCOL_DEFINITION ( 'international standard', 'config_control_design', 1994, #7006 ) ;
#1040 = CARTESIAN_POINT ( 'NONE',  ( 0.8136275051139127967, 0.9999999999999998890, -0.7984234853223503015 ) ) ;
#1041 = ORIENTED_EDGE ( 'NONE', *, *, #5293, .T. ) ;
#1042 = DIRECTION ( 'NONE',  ( -1.000000000000000000, 0.000000000000000000, 2.603493823086944073E-17 ) ) ;
#1043 = ORIENTED_EDGE ( 'NONE', *, *, #6873, .F. ) ;
#1044 = CARTESIAN_POINT ( 'NONE',  ( 0.6111021298356607012, 1.000000000000000000, -0.8492696619469072283 ) ) ;
#1045 = CARTESIAN_POINT ( 'NONE',  ( 0.6030588984495338645, 1.000000000000000000, -0.8903270752214988981 ) ) ;
#1046 = CARTESIAN_POINT ( 'NONE',  ( 0.8579800891159637954, 0.9999606299212597804, -0.8653766431665746994 ) ) ;
#1047 = EDGE_CURVE ( 'NONE', #6101, #1162, #5258, .T. ) ;
#1048 = CARTESIAN_POINT ( 'NONE',  ( 0.7305098975806701977, 0.9999606299212593363, -0.8820469032395041875 ) ) ;
#1049 = PLANE ( 'NONE',  #2486 ) ;
#1050 = CARTESIAN_POINT ( 'NONE',  ( 0.6130584695480808533, 0.9999999999999998890, -0.8350748753807551994 ) ) ;
#1051 = EDGE_CURVE ( 'NONE', #3212, #3564, #3892, .T. ) ;
#1052 = CARTESIAN_POINT ( 'NONE',  ( 0.3333966783382540933, 0.9999606299212597804, -0.5028024554937162716 ) ) ;
#1053 = CARTESIAN_POINT ( 'NONE',  ( 0.7883815154890697618, 0.9999606299212597804, -0.8372048148677169177 ) ) ;
#1054 = CARTESIAN_POINT ( 'NONE',  ( 0.6961670604443146448, 0.9999606299212597804, -0.8416905498638732608 ) ) ;
#1055 = CARTESIAN_POINT ( 'NONE',  ( 0.5822121558773274419, 0.9999606299212597804, -0.8010307920775594503 ) ) ;
#1056 = CARTESIAN_POINT ( 'NONE',  ( 0.7685157522959098486, 0.9999999999999998890, -0.8395957786717709315 ) ) ;
#1057 = CARTESIAN_POINT ( 'NONE',  ( 0.5262653775769686737, 0.9999606299212598914, -0.8903279097309420020 ) ) ;
#1058 = EDGE_LOOP ( 'NONE', ( #2964, #5356, #3871, #3587 ) ) ;
#1059 = VECTOR ( 'NONE', #2978, 39.37007874015748143 ) ;
#1060 = CARTESIAN_POINT ( 'NONE',  ( 0.6606766352279460630, 0.9999606299212596694, -0.8101607673207487093 ) ) ;
#1061 = LINE ( 'NONE', #294, #710 ) ;
#1062 = VECTOR ( 'NONE', #3766, 39.37007874015748854 ) ;
#1063 = ORIENTED_EDGE ( 'NONE', *, *, #4837, .F. ) ;
#1064 = CARTESIAN_POINT ( 'NONE',  ( 0.7243539646598755599, 0.9999606299212596694, -0.8650212323347966636 ) ) ;
#1065 = PRODUCT ( '19034-E0W', '19034-E0W', '', ( #6535 ) ) ;
#1066 = ORIENTED_EDGE ( 'NONE', *, *, #1784, .F. ) ;
#1067 = ORIENTED_EDGE ( 'NONE', *, *, #324, .T. ) ;
#1068 = LINE ( 'NONE', #1946, #6432 ) ;
#1069 = ADVANCED_FACE ( 'NONE', ( #3039 ), #1569, .T. ) ;
#1070 = CARTESIAN_POINT ( 'NONE',  ( 0.6038320232758666029, 0.9999606299212598914, -0.8903215404734198257 ) ) ;
#1071 = CARTESIAN_POINT ( 'NONE',  ( 0.6202943942769485464, 1.000000000000000000, -0.8632427246355613981 ) ) ;
#1073 = ORIENTED_EDGE ( 'NONE', *, *, #6391, .F. ) ;
#1072 = CC_DESIGN_DATE_AND_TIME_ASSIGNMENT ( #5891, #5000, ( #3049 ) ) ;
#1074 = VECTOR ( 'NONE', #129, 39.37007874015748143 ) ;
#1075 = PLANE ( 'NONE',  #4161 ) ;
#1076 = VERTEX_POINT ( 'NONE', #3164 ) ;
#1077 = CARTESIAN_POINT ( 'NONE',  ( 0.6202943942769485464, 0.9999606299212597804, -0.8632427246355613981 ) ) ;
#1078 = FACE_OUTER_BOUND ( 'NONE', #172, .T. ) ;
#1079 = CARTESIAN_POINT ( 'NONE',  ( 0.005567769930602607317, 0.9921259842519684069, -0.9944322300693974048 ) ) ;
#1080 = ORIENTED_EDGE ( 'NONE', *, *, #5766, .F. ) ;
#1081 = CARTESIAN_POINT ( 'NONE',  ( 0.5519198003994467694, 1.000000000000000000, -0.8803083775255041710 ) ) ;
#1082 = VERTEX_POINT ( 'NONE', #4022 ) ;
#1083 = CARTESIAN_POINT ( 'NONE',  ( 0.6780127659512521499, 1.000000000000000222, -0.7998203569479919173 ) ) ;
#1084 = CARTESIAN_POINT ( 'NONE',  ( 0.7870683348546001490, 1.000000000000000000, -0.8167889596911959149 ) ) ;
#1085 = PLANE ( 'NONE',  #103 ) ;
#1086 = VECTOR ( 'NONE', #5794, 39.37007874015748143 ) ;
#1087 = CARTESIAN_POINT ( 'NONE',  ( 0.8588618150978601928, 1.000000000000000444, -0.8539768846195576746 ) ) ;
#1088 = CARTESIAN_POINT ( 'NONE',  ( 0.5401428198444120365, 0.9999606299212596694, -0.8888625323065203476 ) ) ;
#1089 = CARTESIAN_POINT ( 'NONE',  ( 0.7379841407875403769, 0.9999606299212602245, -0.8208781948511510995 ) ) ;
#1090 = CARTESIAN_POINT ( 'NONE',  ( 0.6132360483666740025, 0.9999606299207710602, -0.8023029358172020231 ) ) ;
#1091 = CARTESIAN_POINT ( 'NONE',  ( 0.7455470229289257178, 1.000000000000000222, -0.8128394050871722287 ) ) ;
#1092 = CARTESIAN_POINT ( 'NONE',  ( 0.7920504915700032900, 0.9999606299212598914, -0.7997539788417156181 ) ) ;
#1093 = ORIENTED_EDGE ( 'NONE', *, *, #5086, .T. ) ;
#1094 = CARTESIAN_POINT ( 'NONE',  ( 0.6170140060587968600, 0.9999606299212597804, -0.8738589233642973797 ) ) ;
#1095 = CARTESIAN_POINT ( 'NONE',  ( 0.3054552237685526639, 1.000000000000000000, -0.5063989121866298015 ) ) ;
#1096 = ORIENTED_EDGE ( 'NONE', *, *, #3961, .T. ) ;
#1097 = EDGE_LOOP ( 'NONE', ( #1676, #126, #2353, #6005 ) ) ;
#1098 = CARTESIAN_POINT ( 'NONE',  ( 0.5461267592029824813, 0.9999999999999996669, -0.8347325727115483263 ) ) ;
#1099 = CARTESIAN_POINT ( 'NONE',  ( 0.6333873772510280054, 0.9999606299212597804, -0.8173947796082953188 ) ) ;
#1100 = CARTESIAN_POINT ( 'NONE',  ( 0.5433448192304956015, 0.9999606299212598914, -0.8876969206164638804 ) ) ;
#1101 = CARTESIAN_POINT ( 'NONE',  ( 0.7626492965223349296, 1.000000000000000222, -0.8749599761135716802 ) ) ;
#1102 = ADVANCED_FACE ( 'NONE', ( #3900 ), #6449, .T. ) ;
#1103 = CARTESIAN_POINT ( 'NONE',  ( 0.5461215783088000375, 0.9999606299209539140, -0.8541163956984264560 ) ) ;
#1104 = CARTESIAN_POINT ( 'NONE',  ( 0.7643679409360158994, 0.9999606299212598914, -0.8883053647443317491 ) ) ;
#1105 = EDGE_CURVE ( 'NONE', #2427, #4233, #1262, .T. ) ;
#1106 = DIRECTION ( 'NONE',  ( 0.000000000000000000, -0.7071067811865534569, -0.7071067811865413555 ) ) ;
#1107 = CARTESIAN_POINT ( 'NONE',  ( 0.7093516426380762629, 1.000000000000000222, -0.8658397141948055431 ) ) ;
#1108 = LINE ( 'NONE', #2222, #2665 ) ;
#1109 = AXIS2_PLACEMENT_3D ( 'NONE', #1451, #3073, #1985 ) ;
#1110 = CARTESIAN_POINT ( 'NONE',  ( 0.7988614203109725143, 1.000000000000000444, -0.8113802538105511220 ) ) ;
#1111 = B_SPLINE_CURVE_WITH_KNOTS ( 'NONE', 3,
 ( #4248, #448, #4278, #1998, #6420, #972, #947, #4794, #1493, #4217, #3168, #3141, #1003, #370, #6940, #1467, #6912, #4817, #2558 ),
 .UNSPECIFIED., .F., .F.,
 ( 4, 1, 1, 1, 1, 1, 1, 1, 1, 1, 1, 1, 1, 1, 1, 1, 4 ),
 ( 0.000000000000000000, 0.08820144037149701965, 0.1718893103146723056, 0.2504170396028652656, 0.3244954435711902008, 0.3944548941301357359, 0.4608552762109065504, 0.5235657346858992867, 0.5835685647968428258, 0.6410899172662984924, 0.6961139743723587792, 0.7480632207189562566, 0.7995118824307310135, 0.8496678227294929275, 0.8992658375494803069, 0.9491826341192718397, 1.000000000000000000 ),
 .UNSPECIFIED. ) ;
#1112 = CARTESIAN_POINT ( 'NONE',  ( 0.6810754168713436529, 0.9999606299212601135, -0.8797733873218087641 ) ) ;
#1113 = ORIENTED_EDGE ( 'NONE', *, *, #3991, .F. ) ;
#1114 = FACE_OUTER_BOUND ( 'NONE', #2265, .T. ) ;
#1115 = AXIS2_PLACEMENT_3D ( 'NONE', #2450, #1356, #266 ) ;
#1116 = EDGE_CURVE ( 'NONE', #3235, #1843, #3636, .T. ) ;
#1117 = CARTESIAN_POINT ( 'NONE',  ( 0.6297935931577517410, 1.000000000000000000, -0.8346573809053896564 ) ) ;
#1118 = CARTESIAN_POINT ( 'NONE',  ( 0.9960629921259840369, 1.000000000000000000, -0.003937007874015997777 ) ) ;
#1119 = VERTEX_POINT ( 'NONE', #3819 ) ;
#1120 = EDGE_LOOP ( 'NONE', ( #5932, #934, #3381, #3076 ) ) ;
#1121 = CARTESIAN_POINT ( 'NONE',  ( 0.5415856299984210809, 0.9999606299212597804, -0.8883778227172078878 ) ) ;
#1122 = CARTESIAN_POINT ( 'NONE',  ( 0.6803724083039373038, 1.000000000000000000, -0.7878989857328625446 ) ) ;
#1123 = CARTESIAN_POINT ( 'NONE',  ( 0.7895801031042189999, 1.000000000000000222, -0.8047185706337192102 ) ) ;
#1124 = DIRECTION ( 'NONE',  ( 0.7588454441657001004, -0.000000000000000000, -0.6512707515841328343 ) ) ;
#1125 = ORIENTED_EDGE ( 'NONE', *, *, #5802, .T. ) ;
#1126 = ORIENTED_EDGE ( 'NONE', *, *, #3860, .T. ) ;
#1127 = CARTESIAN_POINT ( 'NONE',  ( 0.6673300188378902265, 0.9999606299212597804, -0.8773283811301076929 ) ) ;
#1128 = CARTESIAN_POINT ( 'NONE',  ( 0.6871609061643593197, 0.9999999999999998890, -0.8908367566420667405 ) ) ;
#1129 = CARTESIAN_POINT ( 'NONE',  ( 0.8131472815172717805, 0.9999606299212598914, -0.7878989857328626556 ) ) ;
#1130 = ADVANCED_FACE ( 'NONE', ( #887 ), #1085, .F. ) ;
#1131 = CARTESIAN_POINT ( 'NONE',  ( 0.6101213259732490846, 0.9999606299212597804, -0.8777432419872369662 ) ) ;
#1132 = EDGE_LOOP ( 'NONE', ( #6602, #6024, #5987, #4297 ) ) ;
#1133 = EDGE_CURVE ( 'NONE', #3465, #358, #292, .T. ) ;
#1134 = CARTESIAN_POINT ( 'NONE',  ( 0.6140771803507344417, 1.000000000000000000, -0.8763652889079717179 ) ) ;
#1135 = EDGE_CURVE ( 'NONE', #5693, #2898, #2102, .T. ) ;
#1136 = FACE_OUTER_BOUND ( 'NONE', #5775, .T. ) ;
#1137 = LINE ( 'NONE', #614, #1906 ) ;
#1138 = CARTESIAN_POINT ( 'NONE',  ( 0.5572617238224032432, 1.000000000000000222, -0.8610267323148937946 ) ) ;
#1139 = EDGE_CURVE ( 'NONE', #2680, #1752, #3553, .T. ) ;
#1140 = ORIENTED_EDGE ( 'NONE', *, *, #2287, .F. ) ;
#1141 = ORIENTED_EDGE ( 'NONE', *, *, #5802, .F. ) ;
#1142 = LINE ( 'NONE', #5647, #894 ) ;
#1143 = CARTESIAN_POINT ( 'NONE',  ( 0.5467562787466456742, 1.000000000000000222, -0.8604727342347270325 ) ) ;
#1144 = ORIENTED_EDGE ( 'NONE', *, *, #6492, .T. ) ;
#1145 = DIRECTION ( 'NONE',  ( -1.570092458683788232E-16, -0.7071067811865414665, 0.7071067811865535679 ) ) ;
#1146 = LINE ( 'NONE', #2827, #3051 ) ;
#1147 = CARTESIAN_POINT ( 'NONE',  ( 0.7519760653198122036, 1.000000000000000444, -0.8916103090523279651 ) ) ;
#1148 = VECTOR ( 'NONE', #3158, 39.37007874015748143 ) ;
#1149 = CARTESIAN_POINT ( 'NONE',  ( 0.8369691989644486574, 1.000000000000000000, -0.8890138945870291742 ) ) ;
#1150 = PERSON_AND_ORGANIZATION_ROLE ( 'creator' ) ;
#1151 = ORIENTED_EDGE ( 'NONE', *, *, #4971, .F. ) ;
#1152 = CARTESIAN_POINT ( 'NONE',  ( 0.7507271315789980637, 1.000000000000000444, -0.8184806564976550014 ) ) ;
#1153 = LINE ( 'NONE', #34, #4438 ) ;
#1154 = ORIENTED_EDGE ( 'NONE', *, *, #6958, .T. ) ;
#1155 = VERTEX_POINT ( 'NONE', #3776 ) ;
#1156 = CARTESIAN_POINT ( 'NONE',  ( 0.6306721157475827511, 1.000000000000000222, -0.8685024755055859025 ) ) ;
#1157 = VECTOR ( 'NONE', #647, 39.37007874015748854 ) ;
#1158 = VERTEX_POINT ( 'NONE', #4867 ) ;
#1159 = CARTESIAN_POINT ( 'NONE',  ( 0.6790592276694676910, 1.000000000000000222, -0.8467048560202088403 ) ) ;
#1160 = CARTESIAN_POINT ( 'NONE',  ( 0.6054144127382214968, 0.9999606299212597804, -0.7892223455588420755 ) ) ;
#1161 = CARTESIAN_POINT ( 'NONE',  ( 0.5480526281587658755, 0.9999999999999998890, -0.8846429829422888247 ) ) ;
#1162 = VERTEX_POINT ( 'NONE', #3796 ) ;
#1163 = CARTESIAN_POINT ( 'NONE',  ( 0.7100228778774707594, 0.9999606299212598914, -0.8055203814908296067 ) ) ;
#1164 = ADVANCED_FACE ( 'NONE', ( #5088 ), #7029, .T. ) ;
#1165 = CARTESIAN_POINT ( 'NONE',  ( 0.7539625600978226982, 1.000000000000000222, -0.8915519976518780920 ) ) ;
#1166 = EDGE_LOOP ( 'NONE', ( #691, #2266, #6045, #4678 ) ) ;
#1167 = ORIENTED_EDGE ( 'NONE', *, *, #1922, .T. ) ;
#1168 = CARTESIAN_POINT ( 'NONE',  ( 0.8894964243432363915, 0.9999606299212597804, -0.8916402558559686220 ) ) ;
#1169 = CARTESIAN_POINT ( 'NONE',  ( 0.7579523300823067800, 0.9999606299212598914, -0.8792159152055016857 ) ) ;
#1170 = CARTESIAN_POINT ( 'NONE',  ( 0.8130446892802037917, 0.9999606299212597804, -0.7984044308086201136 ) ) ;
#1171 = CARTESIAN_POINT ( 'NONE',  ( 0.3333966783382540933, 0.9999606299212597804, -0.4971953688795429094 ) ) ;
#1172 = ORIENTED_EDGE ( 'NONE', *, *, #6389, .T. ) ;
#1173 = CARTESIAN_POINT ( 'NONE',  ( 0.7377583413368189458, 0.9999606299212597804, -0.8021804958728306900 ) ) ;
#1174 = B_SPLINE_CURVE_WITH_KNOTS ( 'NONE', 3,
 ( #6504, #5076, #704, #133, #4546, #1806, #5579 ),
 .UNSPECIFIED., .F., .F.,
 ( 4, 1, 1, 1, 4 ),
 ( 0.000000000000000000, 0.3231090798450225732, 0.5974912675160265474, 0.8217859227818740120, 1.000000000000000000 ),
 .UNSPECIFIED. ) ;
#1175 = ORIENTED_EDGE ( 'NONE', *, *, #5543, .F. ) ;
#1176 = CARTESIAN_POINT ( 'NONE',  ( 0.8826842998019249764, 1.000000000000000000, -0.8916402558559686220 ) ) ;
#1177 = CARTESIAN_POINT ( 'NONE',  ( 0.6208455904127261338, 1.000000000000000222, -0.8858395494766578837 ) ) ;
#1178 = EDGE_CURVE ( 'NONE', #863, #6831, #1819, .T. ) ;
#1179 = EDGE_CURVE ( 'NONE', #606, #3301, #1918, .T. ) ;
#1180 = CARTESIAN_POINT ( 'NONE',  ( 0.6205538871384149724, 0.9999606299212598914, -0.8432246152831492925 ) ) ;
#1181 = CARTESIAN_POINT ( 'NONE',  ( 0.6935557398699419007, 1.000000000000000222, -0.8426674459427683228 ) ) ;
#1182 = PLANE ( 'NONE',  #3957 ) ;
#1183 = CARTESIAN_POINT ( 'NONE',  ( 0.6202716985600887911, 0.9999999999999998890, -0.8623241402846539838 ) ) ;
#1184 = CARTESIAN_POINT ( 'NONE',  ( 0.7740755315781393531, 1.000000000000000222, -0.8761754789118554321 ) ) ;
#1185 = DIRECTION ( 'NONE',  ( -0.7588454441657038752, -0.000000000000000000, -0.6512707515841286154 ) ) ;
#1186 = DIRECTION ( 'NONE',  ( -0.000000000000000000, -0.000000000000000000, -1.000000000000000000 ) ) ;
#1187 = CARTESIAN_POINT ( 'NONE',  ( 0.6160894753258195911, 1.000000000000000222, -0.8335992047502248647 ) ) ;
#1188 = EDGE_CURVE ( 'NONE', #3564, #6219, #76, .T. ) ;
#1189 = VECTOR ( 'NONE', #1427, 39.37007874015748143 ) ;
#1190 = CARTESIAN_POINT ( 'NONE',  ( 0.7340454559242571841, 1.000000000000000222, -0.8858576064929593041 ) ) ;
#1191 = VERTEX_POINT ( 'NONE', #6752 ) ;
#1192 = APPROVAL ( #622, 'UNSPECIFIED' ) ;
#1193 = CARTESIAN_POINT ( 'NONE',  ( 0.5717067108015697618, 0.9999606299212597804, -0.8903270752214988981 ) ) ;
#1194 = ADVANCED_FACE ( 'NONE', ( #6510 ), #240, .T. ) ;
#1195 = CARTESIAN_POINT ( 'NONE',  ( 0.8692369421922574446, 0.9999606299212596694, -0.8603980288405687071 ) ) ;
#1196 = VERTEX_POINT ( 'NONE', #1333 ) ;
#1197 = ORIENTED_EDGE ( 'NONE', *, *, #3769, .T. ) ;
#1198 = ORIENTED_EDGE ( 'NONE', *, *, #6979, .T. ) ;
#1199 = CARTESIAN_POINT ( 'NONE',  ( 0.6536251328669437921, 1.000000000000000000, -0.8797645298054748153 ) ) ;
#1200 = EDGE_CURVE ( 'NONE', #306, #6973, #3304, .T. ) ;
#1201 = EDGE_LOOP ( 'NONE', ( #5049, #4779, #3290 ) ) ;
#1202 = CARTESIAN_POINT ( 'NONE',  ( 0.6055449592480123266, 0.9999999999999998890, -0.8783459343720481094 ) ) ;
#1203 = CARTESIAN_POINT ( 'NONE',  ( 0.6819990479916574477, 0.9999999999999998890, -0.8459956272793259791 ) ) ;
#1204 = CARTESIAN_POINT ( 'NONE',  ( 0.6629932833446272600, 1.000000000000000000, -0.8534349067718657311 ) ) ;
#1205 = CARTESIAN_POINT ( 'NONE',  ( 0.5572103846550993111, 1.000000000000000000, -0.8577089365698691292 ) ) ;
#1206 = DIRECTION ( 'NONE',  ( 0.1411506510712295381, 0.000000000000000000, -0.9899881280612248258 ) ) ;
#1207 = CARTESIAN_POINT ( 'NONE',  ( 0.6668484245860077930, 1.000000000000000000, -0.8506961865826445646 ) ) ;
#1208 = CARTESIAN_POINT ( 'NONE',  ( 0.6015815702357554251, 0.9999606299212597804, -0.8364866692082413291 ) ) ;
#1209 = CARTESIAN_POINT ( 'NONE',  ( 0.6467210527339772863, 1.000000000000000222, -0.8182596233304516575 ) ) ;
#1210 = CARTESIAN_POINT ( 'NONE',  ( 0.7421479023018504595, 1.000000000000000222, -0.8088649968042922467 ) ) ;
#1211 = CARTESIAN_POINT ( 'NONE',  ( 0.5030847303827993278, 1.000000000000000000, -0.1002102154469468043 ) ) ;
#1212 = DIRECTION ( 'NONE',  ( -1.000000000000000000, 0.000000000000000000, 0.000000000000000000 ) ) ;
#1213 = B_SPLINE_CURVE_WITH_KNOTS ( 'NONE', 3,
 ( #5562, #5625, #2903, #1791, #1255, #6159, #5585, #2315, #6117, #6676, #5645, #5044, #4023, #6100, #3451, #2882, #2384, #182, #3497 ),
 .UNSPECIFIED., .F., .F.,
 ( 4, 1, 1, 1, 1, 1, 1, 1, 1, 1, 1, 1, 1, 1, 1, 1, 4 ),
 ( 0.000000000000000000, 0.05209732262054465879, 0.1031017125429984360, 0.1538005850222740334, 0.2052543937058748380, 0.2577240493729187620, 0.3121926273023798437, 0.3697360009396601921, 0.4300616318925726267, 0.4928681751518541043, 0.5569346627599189858, 0.6229750124240596154, 0.6914696535390251197, 0.7631504096806910331, 0.8380916681716272798, 0.9167521411516647012, 1.000000000000000000 ),
 .UNSPECIFIED. ) ;
#1214 = CARTESIAN_POINT ( 'NONE',  ( 0.8789779878393317869, 1.000000000000000222, -0.8845768447026165493 ) ) ;
#1215 = ORIENTED_EDGE ( 'NONE', *, *, #2632, .F. ) ;
#1216 = LINE ( 'NONE', #1617, #630 ) ;
#1217 = CARTESIAN_POINT ( 'NONE',  ( 0.8789909792674789335, 0.9999606299212597804, -0.8693161850699836490 ) ) ;
#1218 = LINE ( 'NONE', #3343, #113 ) ;
#1219 = B_SPLINE_SURFACE_WITH_KNOTS ( 'NONE', 3, 1, ( 
 ( #3296, #2 ),
 ( #3844, #1034 ),
 ( #3232, #555 ),
 ( #6506, #4407 ),
 ( #2139, #5955 ),
 ( #531, #578 ),
 ( #1651, #494 ),
 ( #6485, #4426 ),
 ( #4975, #1101 ),
 ( #4333, #4383 ),
 ( #5436, #1678 ),
 ( #2164, #4957 ),
 ( #3276, #6015 ),
 ( #2207, #1610 ),
 ( #4885, #2766 ),
 ( #3794, #3255 ),
 ( #6546, #2117 ),
 ( #5928, #7001 ),
 ( #5411, #2691 ) ),
 .UNSPECIFIED., .F., .F., .F.,
 ( 4, 1, 1, 1, 1, 1, 1, 1, 1, 1, 1, 1, 1, 1, 1, 1, 4 ),
 ( 2, 2 ),
 ( 0.000000000000000000, 0.07278041585726258145, 0.1421477661410837645, 0.2091827705192678966, 0.2742917701525884877, 0.3377688011273047297, 0.4007572236760696960, 0.4628012679375321792, 0.5255951311873956477, 0.5875404891381641459, 0.6475290235975756925, 0.7063226117617421584, 0.7636995326185592736, 0.8213742411629888496, 0.8796189551866803180, 0.9389099248298979905, 1.000000000000000000 ),
 ( 0.000000000000000000, 1.000000000000000000 ),
 .UNSPECIFIED. ) ;
#1220 = FACE_OUTER_BOUND ( 'NONE', #3560, .T. ) ;
#1221 = ORIENTED_EDGE ( 'NONE', *, *, #5461, .F. ) ;
#1222 = CARTESIAN_POINT ( 'NONE',  ( 0.6629932833446272600, 1.000000000000000000, -0.8534349067718657311 ) ) ;
#1223 = ORIENTED_EDGE ( 'NONE', *, *, #658, .T. ) ;
#1224 = CARTESIAN_POINT ( 'NONE',  ( 0.7570722884748636305, 1.000000000000000000, -0.8420324026558677621 ) ) ;
#1225 = CARTESIAN_POINT ( 'NONE',  ( 0.6721797960092293911, 1.000000000000000222, -0.8911912924236381484 ) ) ;
#1226 = FACE_OUTER_BOUND ( 'NONE', #5494, .T. ) ;
#1227 = DIRECTION ( 'NONE',  ( 0.000000000000000000, 1.000000000000000000, 0.000000000000000000 ) ) ;
#1228 = VERTEX_POINT ( 'NONE', #6801 ) ;
#1229 = VECTOR ( 'NONE', #255, 39.37007874015748143 ) ;
#1230 = EDGE_CURVE ( 'NONE', #2174, #4354, #4458, .T. ) ;
#1231 = ADVANCED_FACE ( 'NONE', ( #5937 ), #322, .T. ) ;
#1232 = CARTESIAN_POINT ( 'NONE',  ( 0.8141820961003646273, 1.000000000000000000, -0.7879290102851955746 ) ) ;
#1233 = ORIENTED_EDGE ( 'NONE', *, *, #4446, .T. ) ;
#1234 = LINE ( 'NONE', #3869, #1932 ) ;
#1235 = DIRECTION ( 'NONE',  ( -2.603493823086944073E-17, 0.000000000000000000, -1.000000000000000000 ) ) ;
#1236 = CARTESIAN_POINT ( 'NONE',  ( 0.6503512504552305673, 0.9999999999999995559, -0.8049086846567531373 ) ) ;
#1237 = VERTEX_POINT ( 'NONE', #3601 ) ;
#1238 = DIRECTION ( 'NONE',  ( 0.000000000000000000, 0.000000000000000000, 1.000000000000000000 ) ) ;
#1239 = CARTESIAN_POINT ( 'NONE',  ( 0.5464796937283914469, 0.9999606299212595584, -0.8561046460574629480 ) ) ;
#1240 = VERTEX_POINT ( 'NONE', #885 ) ;
#1241 = CARTESIAN_POINT ( 'NONE',  ( 0.6229207555458879941, 1.000000000000000222, -0.8188202859851411164 ) ) ;
#1242 = FACE_OUTER_BOUND ( 'NONE', #5151, .T. ) ;
#1243 = CARTESIAN_POINT ( 'NONE',  ( 0.8593970938948159999, 1.000000000000000000, -0.8662294505723240334 ) ) ;
#1244 = AXIS2_PLACEMENT_3D ( 'NONE', #4687, #2473, #6272 ) ;
#1245 = EDGE_CURVE ( 'NONE', #2198, #5852, #6344, .T. ) ;
#1246 = CARTESIAN_POINT ( 'NONE',  ( 0.6307567529051865129, 1.000000000000000000, -0.8661183907893835743 ) ) ;
#1247 = PLANE ( 'NONE',  #6661 ) ;
#1248 = CARTESIAN_POINT ( 'NONE',  ( 0.6614196435358249415, 1.000000000000000000, -0.8873176713681779626 ) ) ;
#1249 = CARTESIAN_POINT ( 'NONE',  ( 0.6202943942769485464, 0.9999606299212597804, -0.8632427246355613981 ) ) ;
#1250 = EDGE_LOOP ( 'NONE', ( #4480, #4525, #2209, #2886 ) ) ;
#1251 = CARTESIAN_POINT ( 'NONE',  ( 0.5563225302492712521, 1.000000000000000000, -0.8514536213020551525 ) ) ;
#1252 = ORIENTED_EDGE ( 'NONE', *, *, #4693, .F. ) ;
#1253 = DIRECTION ( 'NONE',  ( 0.7588454441657095373, 0.000000000000000000, 0.6512707515841218431 ) ) ;
#1254 = CARTESIAN_POINT ( 'NONE',  ( 0.6139958123139325208, 0.9999606299212598914, -0.8026322046403433497 ) ) ;
#1255 = CARTESIAN_POINT ( 'NONE',  ( 0.8181159161351605480, 0.9999999999999996669, -0.7992905953222593229 ) ) ;
#1256 = CARTESIAN_POINT ( 'NONE',  ( 0.6193050896013467810, 1.000000000000000000, -0.8306015105827115885 ) ) ;
#1257 = DIRECTION ( 'NONE',  ( -1.000000000000000000, 0.000000000000000000, -2.220446049250312588E-16 ) ) ;
#1258 = B_SPLINE_CURVE_WITH_KNOTS ( 'NONE', 3,
 ( #363, #1988, #3672, #4887, #3362, #1631, #5482, #1680, #4977, #2208, #5464, #6017, #1652, #1123, #2768, #52, #6507, #5501, #1084 ),
 .UNSPECIFIED., .F., .F.,
 ( 4, 1, 1, 1, 1, 1, 1, 1, 1, 1, 1, 1, 1, 1, 1, 1, 4 ),
 ( 0.000000000000000000, 0.05991172980839196832, 0.1179453118744456241, 0.1747353202218606127, 0.2309363807107545352, 0.2872236714907132060, 0.3440136798381277505, 0.4021676354599058589, 0.4619625304058084247, 0.5232662706646541428, 0.5850556471251051605, 0.6482099413387855114, 0.7130717256955925176, 0.7802081309692127098, 0.8497849120801859168, 0.9231076765046575261, 1.000000000000000000 ),
 .UNSPECIFIED. ) ;
#1259 = CARTESIAN_POINT ( 'NONE',  ( 0.7082342803950923971, 1.000000000000000000, -0.8019907281758515971 ) ) ;
#1260 = DIRECTION ( 'NONE',  ( -0.9922778767136675171, 0.000000000000000000, -0.1240347345892100356 ) ) ;
#1261 = CARTESIAN_POINT ( 'NONE',  ( 0.5304518464801836197, 1.000000000000000000, -0.8902084004749131196 ) ) ;
#1262 = B_SPLINE_CURVE_WITH_KNOTS ( 'NONE', 3,
 ( #5957, #2670, #2166, #6469, #4364, #2119, #2141 ),
 .UNSPECIFIED., .F., .F.,
 ( 4, 1, 1, 1, 4 ),
 ( 0.000000000000000000, 0.3127941251982871984, 0.5827301107661225776, 0.8109483712724621096, 1.000000000000000000 ),
 .UNSPECIFIED. ) ;
#1263 = ADVANCED_FACE ( 'NONE', ( #4499 ), #6980, .T. ) ;
#1264 = CARTESIAN_POINT ( 'NONE',  ( 0.8335898575554961942, 0.9999606299212596694, -0.8473849108260267382 ) ) ;
#1265 = EDGE_CURVE ( 'NONE', #6065, #2095, #989, .T. ) ;
#1266 = EDGE_CURVE ( 'NONE', #382, #6237, #6060, .T. ) ;
#1267 = FACE_OUTER_BOUND ( 'NONE', #2543, .T. ) ;
#1268 = DIRECTION ( 'NONE',  ( 0.000000000000000000, 0.000000000000000000, 1.000000000000000000 ) ) ;
#1269 = EDGE_CURVE ( 'NONE', #1237, #41, #5168, .T. ) ;
#1270 = CARTESIAN_POINT ( 'NONE',  ( 0.7765628897788425800, 0.9999606299212597804, -0.7892121663673321574 ) ) ;
#1271 = CARTESIAN_POINT ( 'NONE',  ( 0.6118036899361023462, 0.9999606299212598914, -0.8495195699614875862 ) ) ;
#1272 = VERTEX_POINT ( 'NONE', #1540 ) ;
#1273 = CARTESIAN_POINT ( 'NONE',  ( 0.000000000000000000, 0.9999606299212597804, 0.000000000000000000 ) ) ;
#1274 = FACE_OUTER_BOUND ( 'NONE', #4551, .T. ) ;
#1275 = CARTESIAN_POINT ( 'NONE',  ( 0.8408837647919278346, 0.9999999999999998890, -0.8224375978934863607 ) ) ;
#1276 = ORIENTED_EDGE ( 'NONE', *, *, #3269, .F. ) ;
#1277 = CARTESIAN_POINT ( 'NONE',  ( 0.005567769930603426974, 0.007874015748031176765, -1.000000000000000444 ) ) ;
#1278 = VERTEX_POINT ( 'NONE', #1516 ) ;
#1279 = CARTESIAN_POINT ( 'NONE',  ( 0.6223862226781181617, 0.9999606299212597804, -0.8241792286974758408 ) ) ;
#1280 = CARTESIAN_POINT ( 'NONE',  ( 0.5375261915353468645, 0.9999606299212601135, -0.8435241733517401252 ) ) ;
#1281 = CARTESIAN_POINT ( 'NONE',  ( 0.6803724083039373038, 1.000000000000000000, -0.7878989857328625446 ) ) ;
#1282 = CARTESIAN_POINT ( 'NONE',  ( 0.7527820092264928542, 1.000000000000000000, -0.8206669462523641378 ) ) ;
#1283 = CARTESIAN_POINT ( 'NONE',  ( 0.9960629921259841479, 0.007874015748031721468, -0.003937007874015860734 ) ) ;
#1284 = CARTESIAN_POINT ( 'NONE',  ( 0.6533953228602225050, 1.000000000000000000, -0.8491802357443022364 ) ) ;
#1285 = CARTESIAN_POINT ( 'NONE',  ( 0.7991313338522284537, 1.000000000000000222, -0.7921815367202853508 ) ) ;
#1286 = CARTESIAN_POINT ( 'NONE',  ( 0.7345618199175575347, 0.9999606299212596694, -0.8625437068443827515 ) ) ;
#1287 = VERTEX_POINT ( 'NONE', #3162 ) ;
#1288 = ORIENTED_EDGE ( 'NONE', *, *, #1245, .T. ) ;
#1289 = CARTESIAN_POINT ( 'NONE',  ( 0.8405072643419061462, 0.9999999999999996669, -0.8306769262634553508 ) ) ;
#1290 = ORIENTED_EDGE ( 'NONE', *, *, #4629, .T. ) ;
#1291 = CARTESIAN_POINT ( 'NONE',  ( 0.7509558674066834083, 1.000000000000000000, -0.8916402558559686220 ) ) ;
#1292 = AXIS2_PLACEMENT_3D ( 'NONE', #1938, #5746, #4073 ) ;
#1293 = CARTESIAN_POINT ( 'NONE',  ( 0.000000000000000000, 0.007874015748031721468, 0.000000000000000000 ) ) ;
#1294 = CARTESIAN_POINT ( 'NONE',  ( 0.6190236228816499153, 0.9999606299212597804, -0.8559193409404984854 ) ) ;
#1295 = VERTEX_POINT ( 'NONE', #5375 ) ;
#1296 = ORIENTED_EDGE ( 'NONE', *, *, #2350, .T. ) ;
#1297 = ADVANCED_FACE ( 'NONE', ( #2609 ), #3723, .F. ) ;
#1298 = CARTESIAN_POINT ( 'NONE',  ( 0.8999056890068602987, 0.9999606299212597804, -0.5027180562063946478 ) ) ;
#1299 = PLANE ( 'NONE',  #4655 ) ;
#1300 = VECTOR ( 'NONE', #4850, 39.37007874015748143 ) ;
#1301 = CARTESIAN_POINT ( 'NONE',  ( 0.7509558674066834083, 0.9999606299212597804, -0.8916402558559686220 ) ) ;
#1302 = VECTOR ( 'NONE', #2875, 39.37007874015748143 ) ;
#1303 = B_SPLINE_CURVE_WITH_KNOTS ( 'NONE', 3,
 ( #409, #6280, #6327, #4713, #3092, #2034, #870, #5234, #6858, #3034, #845, #5282, #4694, #6379, #5840, #1391, #1954, #3147, #2508 ),
 .UNSPECIFIED., .F., .F.,
 ( 4, 1, 1, 1, 1, 1, 1, 1, 1, 1, 1, 1, 1, 1, 1, 1, 4 ),
 ( 0.000000000000000000, 0.08817828793540191668, 0.1703962258015032927, 0.2478554589180556877, 0.3223119628233686029, 0.3939861698943331048, 0.4626934939826060633, 0.5304592248215022066, 0.5989497110176139616, 0.6349980497359262177, 0.6748411946041483755, 0.7189748316776007897, 0.7666373843242443309, 0.8184614652166471993, 0.8745656704273196969, 0.9350741581065670216, 1.000000000000000000 ),
 .UNSPECIFIED. ) ;
#1304 = ORIENTED_EDGE ( 'NONE', *, *, #5222, .T. ) ;
#1305 = CARTESIAN_POINT ( 'NONE',  ( 0.7434461156533098691, 0.9999606299212597804, -0.8267404066867864998 ) ) ;
#1306 = CARTESIAN_POINT ( 'NONE',  ( 0.5368118483510653238, 1.000000000000000222, -0.8895920082159313180 ) ) ;
#1307 = VECTOR ( 'NONE', #6616, 39.37007874015748143 ) ;
#1308 = CARTESIAN_POINT ( 'NONE',  ( 0.7991313338522284537, 0.9999606299212596694, -0.7921815367202853508 ) ) ;
#1309 = ORIENTED_EDGE ( 'NONE', *, *, #1323, .T. ) ;
#1310 = LINE ( 'NONE', #5079, #5669 ) ;
#1311 = LINE ( 'NONE', #3054, #979 ) ;
#1312 = EDGE_CURVE ( 'NONE', #852, #1158, #4584, .T. ) ;
#1313 = CARTESIAN_POINT ( 'NONE',  ( 0.8405072643419061462, 0.9999606299212595584, -0.8306769262634553508 ) ) ;
#1314 = ORIENTED_EDGE ( 'NONE', *, *, #46, .F. ) ;
#1315 = FACE_OUTER_BOUND ( 'NONE', #1398, .T. ) ;
#1316 = CARTESIAN_POINT ( 'NONE',  ( 0.7401725182893974520, 1.000000000000000222, -0.8769751792681502733 ) ) ;
#1317 = VERTEX_POINT ( 'NONE', #4788 ) ;
#1318 = CARTESIAN_POINT ( 'NONE',  ( 0.6933746849295332471, 0.9999606299212597804, -0.8023939109661617497 ) ) ;
#1319 = VERTEX_POINT ( 'NONE', #2649 ) ;
#1320 = DIRECTION ( 'NONE',  ( -0.000000000000000000, 0.000000000000000000, -1.000000000000000000 ) ) ;
#1321 = CARTESIAN_POINT ( 'NONE',  ( 0.6131742180266165354, 0.9999606299212601135, -0.8500077761092023065 ) ) ;
#1322 = LINE ( 'NONE', #3254, #7037 ) ;
#1323 = EDGE_CURVE ( 'NONE', #1600, #3109, #468, .T. ) ;
#1324 = DIRECTION ( 'NONE',  ( 1.000000000000000000, 0.000000000000000000, 0.000000000000000000 ) ) ;
#1325 = CARTESIAN_POINT ( 'NONE',  ( 0.7371674707447516406, 1.000000000000000000, -0.8010307920775594503 ) ) ;
#1326 = CARTESIAN_POINT ( 'NONE',  ( 0.6255005044896253530, 0.9999999999999998890, -0.7964886749430329926 ) ) ;
#1327 = CARTESIAN_POINT ( 'NONE',  ( 0.6118444894250256727, 0.9999606299212596694, -0.8354774025281451744 ) ) ;
#1328 = ORIENTED_EDGE ( 'NONE', *, *, #2893, .T. ) ;
#1329 = CARTESIAN_POINT ( 'NONE',  ( 0.6186076074979468542, 0.9999606299212597804, -0.8872442239902663674 ) ) ;
#1330 = CARTESIAN_POINT ( 'NONE',  ( 0.6491843682352819167, 1.000000000000000000, -0.8639403518476234112 ) ) ;
#1331 = CARTESIAN_POINT ( 'NONE',  ( 0.7935714380775038546, 0.9999999999999998890, -0.7975396947954325189 ) ) ;
#1332 = VERTEX_POINT ( 'NONE', #3108 ) ;
#1333 = CARTESIAN_POINT ( 'NONE',  ( 0.6030588984495338645, 0.9999606299212597804, -0.8903270752214988981 ) ) ;
#1334 = CARTESIAN_POINT ( 'NONE',  ( 0.6603585221265858562, 1.000000000000000000, -0.8686759774879980744 ) ) ;
#1335 = EDGE_CURVE ( 'NONE', #1332, #610, #4058, .T. ) ;
#1336 = ORIENTED_EDGE ( 'NONE', *, *, #3950, .F. ) ;
#1337 = ADVANCED_FACE ( 'NONE', ( #390 ), #6270, .T. ) ;
#1338 = CARTESIAN_POINT ( 'NONE',  ( 0.8579800891159637954, 0.9999606299212597804, -0.8535580174563472955 ) ) ;
#1339 = ORIENTED_EDGE ( 'NONE', *, *, #5087, .F. ) ;
#1340 = CARTESIAN_POINT ( 'NONE',  ( 0.6721797960092293911, 0.9999606299212601135, -0.8911912924236381484 ) ) ;
#1341 = CARTESIAN_POINT ( 'NONE',  ( 0.6748595198407207896, 0.9999606299212597804, -0.8003761882059740040 ) ) ;
#1342 = CARTESIAN_POINT ( 'NONE',  ( 0.7082342803950923971, 0.9999606299212597804, -0.8019907281758515971 ) ) ;
#1343 = CARTESIAN_POINT ( 'NONE',  ( 0.5462206844561949826, 1.000000000000000000, -0.8661164679819240986 ) ) ;
#1344 = CARTESIAN_POINT ( 'NONE',  ( 0.6491843682352819167, 0.9999606299212597804, -0.8639403518476234112 ) ) ;
#1345 = CARTESIAN_POINT ( 'NONE',  ( 0.6733436877350287286, 1.000000000000000222, -0.8482468787339186855 ) ) ;
#1346 = CARTESIAN_POINT ( 'NONE',  ( 0.7620800999449668378, 1.000000000000000444, -0.8494496466739990259 ) ) ;
#1347 = CARTESIAN_POINT ( 'NONE',  ( 0.6572993517122300844, 0.9999606299212597804, -0.8447063485976692432 ) ) ;
#1348 = FACE_OUTER_BOUND ( 'NONE', #3155, .T. ) ;
#1349 = CARTESIAN_POINT ( 'NONE',  ( 0.8380257162970673468, 0.9999606299212601135, -0.8068751373813524141 ) ) ;
#1350 = B_SPLINE_CURVE_WITH_KNOTS ( 'NONE', 3,
 ( #681, #6606, #2326, #105, #2808, #4483, #5539, #4544, #3444, #83, #2242, #1248, #1714, #2268, #6093, #1225, #3965, #5578, #3946 ),
 .UNSPECIFIED., .F., .F.,
 ( 4, 1, 1, 1, 1, 1, 1, 1, 1, 1, 1, 1, 1, 1, 1, 1, 4 ),
 ( 0.000000000000000000, 0.06553421244304745430, 0.1288270559297153284, 0.1899548512024747116, 0.2496480368191134058, 0.3082483091336524761, 0.3667963607881989385, 0.4255009350642030008, 0.4858920521208373589, 0.5466819835686107520, 0.6066869295489978331, 0.6675221296550224448, 0.7294256136805833401, 0.7931375186351564688, 0.8590270504025696585, 0.9276974320877974245, 1.000000000000000000 ),
 .UNSPECIFIED. ) ;
#1351 = CARTESIAN_POINT ( 'NONE',  ( 0.8303553547571921323, 0.9999606299212598914, -0.8256301916484224401 ) ) ;
#1352 = CARTESIAN_POINT ( 'NONE',  ( 0.5415856299984210809, 1.000000000000000000, -0.8883778227172078878 ) ) ;
#1353 = CARTESIAN_POINT ( 'NONE',  ( 0.6253704975498750596, 1.000000000000000222, -0.8401817862137092030 ) ) ;
#1354 = CARTESIAN_POINT ( 'NONE',  ( 0.7016961051779964098, 0.9999606299212597804, -0.8164052500498332199 ) ) ;
#1355 = CARTESIAN_POINT ( 'NONE',  ( 0.7282507208324542347, 0.9999999999999996669, -0.8078577913099899144 ) ) ;
#1356 = DIRECTION ( 'NONE',  ( -0.000000000000000000, 0.000000000000000000, -1.000000000000000000 ) ) ;
#1357 = LINE ( 'NONE', #3694, #1628 ) ;
#1358 = CARTESIAN_POINT ( 'NONE',  ( 0.6132360483666740025, 0.9999606299212597804, -0.8023029358172020231 ) ) ;
#1359 = EDGE_CURVE ( 'NONE', #3481, #2152, #4434, .T. ) ;
#1360 = CARTESIAN_POINT ( 'NONE',  ( 0.7351375710717196199, 1.000000000000000000, -0.8670421205111057406 ) ) ;
#1361 = DIRECTION ( 'NONE',  ( 0.9922778767136675171, 0.000000000000000000, -0.1240347345892100356 ) ) ;
#1362 = ORIENTED_EDGE ( 'NONE', *, *, #2959, .F. ) ;
#1363 = B_SPLINE_SURFACE_WITH_KNOTS ( 'NONE', 3, 1, ( 
 ( #1811, #6651 ),
 ( #159, #3412 ),
 ( #6184, #5122 ),
 ( #1839, #2942 ),
 ( #209, #4047 ),
 ( #4533, #112 ),
 ( #5104, #4490 ),
 ( #3428, #3953 ),
 ( #138, #669 ),
 ( #4099, #1346 ),
 ( #5167, #3594 ),
 ( #284, #3018 ),
 ( #4598, #4617 ),
 ( #5696, #5144 ),
 ( #2489, #5722 ) ),
 .UNSPECIFIED., .F., .F., .F.,
 ( 4, 1, 1, 1, 1, 1, 1, 1, 1, 1, 1, 1, 4 ),
 ( 2, 2 ),
 ( 0.000000000000000000, 0.1093800741214252387, 0.2106028248854710239, 0.3040152216769070326, 0.3890488990674318970, 0.4663664913632530329, 0.5360298331844524089, 0.5979862717537249850, 0.6521467510862020145, 0.7493520093192567177, 0.8388265501964041748, 0.9217438124469414795, 1.000000000000000000 ),
 ( 0.000000000000000000, 1.000000000000000000 ),
 .UNSPECIFIED. ) ;
#1364 = CARTESIAN_POINT ( 'NONE',  ( 0.6812752199901351835, 0.9999606299212597804, -0.7997176114430898375 ) ) ;
#1365 = EDGE_CURVE ( 'NONE', #3202, #1557, #4266, .T. ) ;
#1366 = CARTESIAN_POINT ( 'NONE',  ( 0.7120870554585800871, 1.000000000000000222, -0.8213624665733370023 ) ) ;
#1367 = CARTESIAN_POINT ( 'NONE',  ( 0.7120842346310363169, 0.9999606299212598914, -0.8132615888722629638 ) ) ;
#1368 = ORIENTED_EDGE ( 'NONE', *, *, #5807, .F. ) ;
#1369 = CARTESIAN_POINT ( 'NONE',  ( 0.5365916823618347431, 0.9999606299212596694, -0.8776363942880496261 ) ) ;
#1370 = CARTESIAN_POINT ( 'NONE',  ( 0.7095906774208878831, 0.9999606299212597804, -0.8614371012631655278 ) ) ;
#1371 = ORIENTED_EDGE ( 'NONE', *, *, #4419, .F. ) ;
#1372 = ORIENTED_EDGE ( 'NONE', *, *, #6292, .T. ) ;
#1373 = ADVANCED_FACE ( 'NONE', ( #1136 ), #4146, .T. ) ;
#1374 = PLANE ( 'NONE',  #3692 ) ;
#1375 = ORIENTED_EDGE ( 'NONE', *, *, #3598, .T. ) ;
#1376 = PLANE ( 'NONE',  #5391 ) ;
#1377 = CARTESIAN_POINT ( 'NONE',  ( 0.6333119291265902895, 1.000000000000000000, -0.8144649954552737325 ) ) ;
#1378 = CARTESIAN_POINT ( 'NONE',  ( 0.6132360483666740025, 0.9999606299212597804, -0.8023029358172020231 ) ) ;
#1379 = CARTESIAN_POINT ( 'NONE',  ( 0.7701144065265195238, 0.9999606299212596694, -0.8830058032257509515 ) ) ;
#1380 = CARTESIAN_POINT ( 'NONE',  ( 0.9921259842519684069, 1.000000000000000000, -1.000000000000000222 ) ) ;
#1381 = EDGE_CURVE ( 'NONE', #6919, #6973, #3378, .T. ) ;
#1382 = ORIENTED_EDGE ( 'NONE', *, *, #5456, .F. ) ;
#1383 = CARTESIAN_POINT ( 'NONE',  ( 0.7962605992958878831, 1.000000000000000000, -0.8890138945870291742 ) ) ;
#1384 = DIRECTION ( 'NONE',  ( 1.000000000000000000, 0.000000000000000000, 0.000000000000000000 ) ) ;
#1385 = DIRECTION ( 'NONE',  ( 1.960096666941618365E-16, 0.000000000000000000, 1.000000000000000000 ) ) ;
#1386 = CARTESIAN_POINT ( 'NONE',  ( 0.6608944070391453707, 1.000000000000000000, -0.8701811080770729401 ) ) ;
#1387 = CARTESIAN_POINT ( 'NONE',  ( 0.7356345055456632309, 0.9999606299212597804, -0.8690738448904549163 ) ) ;
#1388 = DIRECTION ( 'NONE',  ( 0.1240347345892100356, 0.000000000000000000, 0.9922778767136675171 ) ) ;
#1389 = CARTESIAN_POINT ( 'NONE',  ( 0.5519198003994467694, 1.000000000000000000, -0.8803083775255041710 ) ) ;
#1390 = EDGE_LOOP ( 'NONE', ( #3831, #1215, #5025, #3899 ) ) ;
#1391 = CARTESIAN_POINT ( 'NONE',  ( 0.6055363111371877549, 0.9999606299212593363, -0.8363709765062656842 ) ) ;
#1392 = FACE_OUTER_BOUND ( 'NONE', #3014, .T. ) ;
#1393 = CARTESIAN_POINT ( 'NONE',  ( 0.6971644214242577187, 0.9999606299212592253, -0.7913940603027647125 ) ) ;
#1394 = CARTESIAN_POINT ( 'NONE',  ( 0.8031282926226771535, 0.9999606299212595584, -0.8416329271692627456 ) ) ;
#1395 = DIRECTION ( 'NONE',  ( -0.000000000000000000, 1.000000000000000000, -0.000000000000000000 ) ) ;
#1396 = VECTOR ( 'NONE', #6392, 39.37007874015748143 ) ;
#1397 = LINE ( 'NONE', #476, #2264 ) ;
#1398 = EDGE_LOOP ( 'NONE', ( #6411, #4792, #24, #1421 ) ) ;
#1399 = CARTESIAN_POINT ( 'NONE',  ( 0.7505660169058253617, 1.000000000000000222, -0.8811348107802111640 ) ) ;
#1400 = ORIENTED_EDGE ( 'NONE', *, *, #6527, .T. ) ;
#1401 = LINE ( 'NONE', #6719, #7026 ) ;
#1402 = DIRECTION ( 'NONE',  ( 0.000000000000000000, 0.000000000000000000, -1.000000000000000000 ) ) ;
#1403 = B_SPLINE_SURFACE_WITH_KNOTS ( 'NONE', 3, 1, ( 
 ( #6205, #2972 ),
 ( #6740, #3515 ),
 ( #1881, #2993 ),
 ( #3540, #4205 ),
 ( #3178, #6385 ),
 ( #4230, #3716 ),
 ( #4748, #5795 ),
 ( #3642, #3693 ),
 ( #4262, #2059 ),
 ( #911, #1452 ),
 ( #4807, #6954 ),
 ( #935, #5288 ),
 ( #5339, #3199 ),
 ( #2010, #2544 ),
 ( #6334, #386 ),
 ( #1507, #5878 ),
 ( #6433, #5366 ),
 ( #1431, #2616 ),
 ( #3097, #6408 ) ),
 .UNSPECIFIED., .F., .F., .F.,
 ( 4, 1, 1, 1, 1, 1, 1, 1, 1, 1, 1, 1, 1, 1, 1, 1, 4 ),
 ( 2, 2 ),
 ( 0.000000000000000000, 0.08820144037149701965, 0.1718893103146723056, 0.2504170396028652656, 0.3244954435711902008, 0.3944548941301357359, 0.4608552762109065504, 0.5235657346858992867, 0.5835685647968428258, 0.6410899172662984924, 0.6961139743723587792, 0.7480632207189562566, 0.7995118824307310135, 0.8496678227294929275, 0.8992658375494803069, 0.9491826341192718397, 1.000000000000000000 ),
 ( 0.000000000000000000, 1.000000000000000000 ),
 .UNSPECIFIED. ) ;
#1404 = ORIENTED_EDGE ( 'NONE', *, *, #3627, .F. ) ;
#1405 = VECTOR ( 'NONE', #1699, 39.37007874015748143 ) ;
#1406 = CARTESIAN_POINT ( 'NONE',  ( 0.6710348678700397418, 0.9999606299212596694, -0.8377733412507021304 ) ) ;
#1407 = CARTESIAN_POINT ( 'NONE',  ( 0.7701910970960779146, 1.000000000000000444, -0.8421095660237284397 ) ) ;
#1408 = EDGE_CURVE ( 'NONE', #4643, #178, #6427, .T. ) ;
#1409 = EDGE_LOOP ( 'NONE', ( #1154, #3715, #2760, #3394 ) ) ;
#1410 = CARTESIAN_POINT ( 'NONE',  ( 0.8763612976193928539, 1.000000000000000222, -0.8810356350777240886 ) ) ;
#1411 = CARTESIAN_POINT ( 'NONE',  ( 0.9921259842519686289, 0.9921259842519684069, -2.582993871724054864E-17 ) ) ;
#1412 = LINE ( 'NONE', #3579, #5273 ) ;
#1413 = EDGE_CURVE ( 'NONE', #2869, #4945, #5518, .T. ) ;
#1414 = CARTESIAN_POINT ( 'NONE',  ( 0.7242929884615382230, 1.000000000000000222, -0.7990117204254685301 ) ) ;
#1415 = ORIENTED_EDGE ( 'NONE', *, *, #4303, .T. ) ;
#1416 = CARTESIAN_POINT ( 'NONE',  ( 0.7006322102130058127, 1.000000000000000222, -0.8231458661854084147 ) ) ;
#1417 = CARTESIAN_POINT ( 'NONE',  ( 0.6829335558508707882, 0.9999606299212597804, -0.8915172002585354250 ) ) ;
#1418 = EDGE_CURVE ( 'NONE', #6831, #4763, #6741, .T. ) ;
#1419 = ADVANCED_FACE ( 'NONE', ( #3893 ), #3820, .T. ) ;
#1420 = CARTESIAN_POINT ( 'NONE',  ( 0.6559536094489299973, 1.000000000000000222, -0.7970570344677021524 ) ) ;
#1421 = ORIENTED_EDGE ( 'NONE', *, *, #1359, .T. ) ;
#1422 = DIRECTION ( 'NONE',  ( -0.7588454441657038752, -0.000000000000000000, -0.6512707515841286154 ) ) ;
#1423 = CARTESIAN_POINT ( 'NONE',  ( 0.5275650023682493250, 1.000000000000000222, -0.8417581454208279412 ) ) ;
#1424 = LINE ( 'NONE', #3125, #314 ) ;
#1425 = CARTESIAN_POINT ( 'NONE',  ( 0.6334262006216457852, 1.000000000000000222, -0.8189023597747957517 ) ) ;
#1426 = CARTESIAN_POINT ( 'NONE',  ( 0.7083554720258721238, 0.9999999999999996669, -0.8319801185870843163 ) ) ;
#1427 = DIRECTION ( 'NONE',  ( 1.000000000000000000, -0.000000000000000000, -0.000000000000000000 ) ) ;
#1428 = CARTESIAN_POINT ( 'NONE',  ( 0.5432038824471105976, 1.000000000000000222, -0.8729113496539329109 ) ) ;
#1429 = CARTESIAN_POINT ( 'NONE',  ( 0.8150977077282578476, 0.9999606299212597804, -0.8456106510560544853 ) ) ;
#1430 = ORIENTED_EDGE ( 'NONE', *, *, #5057, .F. ) ;
#1431 = CARTESIAN_POINT ( 'NONE',  ( 0.8125786463085485911, 0.9999606299212597804, -0.7984212482097680086 ) ) ;
#1432 = CARTESIAN_POINT ( 'NONE',  ( 0.7250576324960876784, 0.9999606299212598914, -0.8011328958978062298 ) ) ;
#1433 = VERTEX_POINT ( 'NONE', #1344 ) ;
#1434 = DIRECTION ( 'NONE',  ( 0.000000000000000000, 1.000000000000000000, -0.000000000000000000 ) ) ;
#1435 = DIRECTION ( 'NONE',  ( 1.000000000000000000, 0.000000000000000000, 0.000000000000000000 ) ) ;
#1436 = CARTESIAN_POINT ( 'NONE',  ( 0.7017115936140698729, 1.000000000000000000, -0.8170351810601588216 ) ) ;
#1437 = CARTESIAN_POINT ( 'NONE',  ( 0.8733126897531563460, 0.9999606299212595584, -0.8774873332112212987 ) ) ;
#1438 = CARTESIAN_POINT ( 'NONE',  ( 0.9960629921259841479, 1.000000000000000000, -0.003937007874015860734 ) ) ;
#1439 = CARTESIAN_POINT ( 'NONE',  ( 0.6745091291578042547, 0.9999606299212597804, -0.8795543512288385157 ) ) ;
#1440 = CARTESIAN_POINT ( 'NONE',  ( 0.7012706060004654240, 1.000000000000000222, -0.8212368324395175057 ) ) ;
#1441 = AXIS2_PLACEMENT_3D ( 'NONE', #3101, #4208, #2015 ) ;
#1442 = ORIENTED_EDGE ( 'NONE', *, *, #5317, .F. ) ;
#1443 = CARTESIAN_POINT ( 'NONE',  ( 0.6089089739164069703, 0.9999606299212601135, -0.8013199249294178372 ) ) ;
#1444 = CARTESIAN_POINT ( 'NONE',  ( 0.005567769930603342840, 1.000000000000000000, -0.9944322300693967387 ) ) ;
#1445 = CARTESIAN_POINT ( 'NONE',  ( 0.5406488653795514798, 0.9999999999999998890, -0.8452731984650193597 ) ) ;
#1446 = CARTESIAN_POINT ( 'NONE',  ( 0.7014205899378095355, 1.000000000000000222, -0.8133699969989833800 ) ) ;
#1447 = CARTESIAN_POINT ( 'NONE',  ( 0.6790592276694676910, 0.9999606299212598914, -0.8467048560202088403 ) ) ;
#1448 = CARTESIAN_POINT ( 'NONE',  ( 0.6292002856737414218, 0.9999606299212595584, -0.8553621008842855478 ) ) ;
#1449 = CARTESIAN_POINT ( 'NONE',  ( 0.6984426461920135720, 0.9999999999999995559, -0.8647776631724646279 ) ) ;
#1450 = VECTOR ( 'NONE', #3859, 39.37007874015748143 ) ;
#1451 = CARTESIAN_POINT ( 'NONE',  ( 0.9999999999999998890, 1.000000000000000000, -1.365923996832131609E-16 ) ) ;
#1452 = CARTESIAN_POINT ( 'NONE',  ( 0.8030434377472029928, 1.000000000000000000, -0.8032718715363469375 ) ) ;
#1453 = EDGE_LOOP ( 'NONE', ( #1080, #2187, #5824, #5208 ) ) ;
#1454 = DIRECTION ( 'NONE',  ( -0.000000000000000000, 1.000000000000000000, -0.000000000000000000 ) ) ;
#1455 = B_SPLINE_SURFACE_WITH_KNOTS ( 'NONE', 3, 1, ( 
 ( #678, #3442 ),
 ( #771, #173 ),
 ( #6707, #4060 ),
 ( #6664, #699 ),
 ( #1802, #5620 ),
 ( #3491, #4036 ),
 ( #6688, #5135 ),
 ( #751, #1199 ),
 ( #1853, #6200 ),
 ( #2965, #6733 ),
 ( #4172, #844 ),
 ( #5232, #4141 ),
 ( #2987, #3588 ),
 ( #248, #1930 ),
 ( #2507, #4634 ),
 ( #1340, #2479 ),
 ( #5162, #6786 ),
 ( #4195, #302 ),
 ( #5764, #3631 ) ),
 .UNSPECIFIED., .F., .F., .F.,
 ( 4, 1, 1, 1, 1, 1, 1, 1, 1, 1, 1, 1, 1, 1, 1, 1, 4 ),
 ( 2, 2 ),
 ( 0.000000000000000000, 0.06553421244304745430, 0.1288270559297153284, 0.1899548512024747116, 0.2496480368191134058, 0.3082483091336524761, 0.3667963607881989385, 0.4255009350642030008, 0.4858920521208373589, 0.5466819835686107520, 0.6066869295489978331, 0.6675221296550224448, 0.7294256136805833401, 0.7931375186351564688, 0.8590270504025696585, 0.9276974320877974245, 1.000000000000000000 ),
 ( 0.000000000000000000, 1.000000000000000000 ),
 .UNSPECIFIED. ) ;
#1456 = VECTOR ( 'NONE', #723, 39.37007874015748143 ) ;
#1457 = CARTESIAN_POINT ( 'NONE',  ( 0.6572993517122300844, 1.000000000000000000, -0.8447063485976692432 ) ) ;
#1458 = CARTESIAN_POINT ( 'NONE',  ( 0.7509558674066834083, 1.000000000000000000, -0.8916402558559686220 ) ) ;
#1459 = CARTESIAN_POINT ( 'NONE',  ( 0.6687344524619661668, 0.9999606299212597804, -0.8498824165422602661 ) ) ;
#1460 = CARTESIAN_POINT ( 'NONE',  ( 0.8894964243432363915, 0.9999606299212597804, -0.8916402558559686220 ) ) ;
#1461 = EDGE_LOOP ( 'NONE', ( #1368, #117, #2423, #501 ) ) ;
#1462 = CARTESIAN_POINT ( 'NONE',  ( 0.6669056890068546517, 0.9999606299212597804, -0.5063145128993086219 ) ) ;
#1463 = CARTESIAN_POINT ( 'NONE',  ( 0.7765453672368547444, 1.000000000000000000, -0.8624899443308079450 ) ) ;
#1464 = ORIENTED_EDGE ( 'NONE', *, *, #4884, .T. ) ;
#1465 = CARTESIAN_POINT ( 'NONE',  ( 0.7538939239274961013, 0.9999606299212598914, -0.8218739883673926716 ) ) ;
#1466 = CARTESIAN_POINT ( 'NONE',  ( 0.6583122394895126739, 0.9999606299212597804, -0.7948953575833088703 ) ) ;
#1467 = CARTESIAN_POINT ( 'NONE',  ( 0.8102929885979633928, 0.9999606299212598914, -0.7986897690708553155 ) ) ;
#1468 = CARTESIAN_POINT ( 'NONE',  ( 0.5467085976091365929, 0.9999999999999998890, -0.8582377179138638290 ) ) ;
#1469 = CARTESIAN_POINT ( 'NONE',  ( 0.7016658453538804352, 1.000000000000000444, -0.8151745511279236966 ) ) ;
#1470 = ORIENTED_EDGE ( 'NONE', *, *, #4056, .T. ) ;
#1471 = EDGE_CURVE ( 'NONE', #902, #4668, #1903, .T. ) ;
#1472 = VERTEX_POINT ( 'NONE', #3079 ) ;
#1473 = CARTESIAN_POINT ( 'NONE',  ( 0.7121729072982182496, 1.000000000000000000, -0.8187076454723399843 ) ) ;
#1474 = CARTESIAN_POINT ( 'NONE',  ( 0.8699079082578643485, 0.9999606299212601135, -0.8740452215087192167 ) ) ;
#1475 = CARTESIAN_POINT ( 'NONE',  ( 0.6972544986349045182, 1.000000000000000222, -0.8280041081269086112 ) ) ;
#1476 = CARTESIAN_POINT ( 'NONE',  ( 0.6603585221265858562, 1.000000000000000000, -0.8686759774879980744 ) ) ;
#1477 = CARTESIAN_POINT ( 'NONE',  ( 0.6931854794213843096, 0.9999606299212596694, -0.8749993834533454917 ) ) ;
#1478 = CARTESIAN_POINT ( 'NONE',  ( 0.7002379209571267804, 1.000000000000000222, -0.8397447041516571398 ) ) ;
#1479 = CARTESIAN_POINT ( 'NONE',  ( 0.7424826207913650666, 1.000000000000000222, -0.8257406080007630989 ) ) ;
#1480 = LINE ( 'NONE', #3183, #5506 ) ;
#1481 = CARTESIAN_POINT ( 'NONE',  ( 0.7595516240031920940, 0.9999606299212597804, -0.8904900236103824307 ) ) ;
#1482 = EDGE_CURVE ( 'NONE', #3320, #2869, #6022, .T. ) ;
#1483 = CARTESIAN_POINT ( 'NONE',  ( 0.6733436877350287286, 0.9999606299212601135, -0.8482468787339186855 ) ) ;
#1484 = CARTESIAN_POINT ( 'NONE',  ( 0.6766456191286117638, 0.9999606299212595584, -0.8798025389195446300 ) ) ;
#1485 = CARTESIAN_POINT ( 'NONE',  ( 0.6597246229977640208, 1.000000000000000222, -0.8626508684468602306 ) ) ;
#1486 = LINE ( 'NONE', #6901, #204 ) ;
#1487 = VECTOR ( 'NONE', #6544, 39.37007874015748143 ) ;
#1488 = CARTESIAN_POINT ( 'NONE',  ( 0.8123493432103897627, 0.9999999999999998890, -0.8560445803690532873 ) ) ;
#1489 = CARTESIAN_POINT ( 'NONE',  ( 0.6949388338549836730, 0.9999606299212596694, -0.8033594290794592307 ) ) ;
#1490 = CARTESIAN_POINT ( 'NONE',  ( 0.6465580069663424689, 0.9999606299212597804, -0.8220416822290746994 ) ) ;
#1491 = VERTEX_POINT ( 'NONE', #1436 ) ;
#1492 = VECTOR ( 'NONE', #6743, 39.37007874015748854 ) ;
#1493 = CARTESIAN_POINT ( 'NONE',  ( 0.8020038928504341635, 0.9999606299212598914, -0.8045600056511554854 ) ) ;
#1494 = CARTESIAN_POINT ( 'NONE',  ( 0.8240005100210946454, 1.000000000000000222, -0.8034782705232555999 ) ) ;
#1495 = EDGE_LOOP ( 'NONE', ( #5760, #5330, #3702, #5580 ) ) ;
#1497 = LINE ( 'NONE', #4287, #5853 ) ;
#1496 = CARTESIAN_POINT ( 'NONE',  ( 0.6466132105241687578, 0.9999606299212596694, -0.8207611638191728565 ) ) ;
#1498 = VECTOR ( 'NONE', #6340, 39.37007874015748143 ) ;
#1499 = DIRECTION ( 'NONE',  ( -0.000000000000000000, 1.000000000000000000, -0.000000000000000000 ) ) ;
#1500 = CARTESIAN_POINT ( 'NONE',  ( 0.8105856109519569141, 1.000000000000000000, -0.7879723454705768182 ) ) ;
#1501 = ORIENTED_EDGE ( 'NONE', *, *, #920, .F. ) ;
#1502 = VECTOR ( 'NONE', #4092, 39.37007874015748143 ) ;
#1503 = DIRECTION ( 'NONE',  ( -0.5773502691896359451, -0.5773502691896158501, 0.5773502691896257311 ) ) ;
#1504 = CARTESIAN_POINT ( 'NONE',  ( 0.6608944070391453707, 1.000000000000000000, -0.8701811080770729401 ) ) ;
#1505 = CARTESIAN_POINT ( 'NONE',  ( 0.6972465282685108567, 1.000000000000000222, -0.8688425454709171047 ) ) ;
#1506 = ORIENTED_EDGE ( 'NONE', *, *, #5091, .T. ) ;
#1507 = CARTESIAN_POINT ( 'NONE',  ( 0.8102929885979633928, 0.9999606299212598914, -0.7986897690708553155 ) ) ;
#1508 = LINE ( 'NONE', #3406, #6604 ) ;
#1509 = CARTESIAN_POINT ( 'NONE',  ( 0.7371674707447516406, 0.9999606299212597804, -0.8010307920775594503 ) ) ;
#1510 = CARTESIAN_POINT ( 'NONE',  ( 0.6978530702468556113, 0.9999606299212598914, -0.8408982155253648116 ) ) ;
#1511 = CARTESIAN_POINT ( 'NONE',  ( 0.8267260802674171183, 0.9999606299212592253, -0.8382022359123721955 ) ) ;
#1512 = EDGE_CURVE ( 'NONE', #6641, #2259, #6934, .T. ) ;
#1513 = CARTESIAN_POINT ( 'NONE',  ( 0.8811235080818567988, 0.9999606299212595584, -0.8880733372494941102 ) ) ;
#1514 = DIRECTION ( 'NONE',  ( -0.000000000000000000, 0.000000000000000000, 1.000000000000000000 ) ) ;
#1515 = EDGE_CURVE ( 'NONE', #1600, #4511, #1311, .T. ) ;
#1516 = CARTESIAN_POINT ( 'NONE',  ( 0.8505807351360898938, 0.9999606299212597804, -0.5450506550593627875 ) ) ;
#1517 = CARTESIAN_POINT ( 'NONE',  ( 0.6764533848479417077, 0.9999606299212597804, -0.8361583740496238981 ) ) ;
#1518 = CARTESIAN_POINT ( 'NONE',  ( 0.8024505644223910439, 1.000000000000000000, -0.8528295517165793704 ) ) ;
#1519 = CARTESIAN_POINT ( 'NONE',  ( 0.5047344984436151760, 0.9999606299212597804, -0.8299207660358928207 ) ) ;
#1520 = EDGE_CURVE ( 'NONE', #2131, #3466, #1486, .T. ) ;
#1521 = VERTEX_POINT ( 'NONE', #4156 ) ;
#1522 = DIRECTION ( 'NONE',  ( 0.4832823832550023901, -0.000000000000000000, 0.8754645270000177559 ) ) ;
#1523 = CARTESIAN_POINT ( 'NONE',  ( 0.8181159161351605480, 0.9999999999999996669, -0.7992905953222593229 ) ) ;
#1524 = ORIENTED_EDGE ( 'NONE', *, *, #346, .F. ) ;
#1525 = CARTESIAN_POINT ( 'NONE',  ( 0.7017115936140698729, 0.9999606299212597804, -0.8170351810601588216 ) ) ;
#1526 = CARTESIAN_POINT ( 'NONE',  ( 0.3333966783382540933, 1.000000000000000000, -0.5028024554937162716 ) ) ;
#1527 = CARTESIAN_POINT ( 'NONE',  ( 0.8789779878393317869, 0.9999606299212601135, -0.8845768447026165493 ) ) ;
#1528 = ORIENTED_EDGE ( 'NONE', *, *, #3991, .T. ) ;
#1529 = CARTESIAN_POINT ( 'NONE',  ( 0.7006322102130058127, 1.000000000000000222, -0.8231458661854084147 ) ) ;
#1530 = CARTESIAN_POINT ( 'NONE',  ( 0.6870272143641589224, 0.9999606299212598914, -0.8786438570300100226 ) ) ;
#1531 = ORIENTED_EDGE ( 'NONE', *, *, #2211, .F. ) ;
#1533 = AXIS2_PLACEMENT_3D ( 'NONE', #6802, #5154, #1385 ) ;
#1532 = CARTESIAN_POINT ( 'NONE',  ( 0.6492515295403380460, 0.9999606299212601135, -0.8668852882146558247 ) ) ;
#1534 = CARTESIAN_POINT ( 'NONE',  ( 0.7083554720258721238, 0.9999999999999996669, -0.8319801185870843163 ) ) ;
#1535 = CARTESIAN_POINT ( 'NONE',  ( 0.7228828550870388669, 0.9999606299212596694, -0.7929776944214556034 ) ) ;
#1536 = CARTESIAN_POINT ( 'NONE',  ( 0.7757107943059536881, 0.9999606299212597804, -0.8712407520041617337 ) ) ;
#1537 = CARTESIAN_POINT ( 'NONE',  ( 0.7345411094758121928, 0.9999606299212597804, -0.8601239206286958039 ) ) ;
#1538 = DIRECTION ( 'NONE',  ( 0.000000000000000000, -1.000000000000000000, 0.000000000000000000 ) ) ;
#1539 = CARTESIAN_POINT ( 'NONE',  ( 0.5265250895968467404, 1.000000000000000000, -0.8785084495112716052 ) ) ;
#1540 = CARTESIAN_POINT ( 'NONE',  ( 0.6007608323392118477, 1.000000000000000000, -0.8483052949184685110 ) ) ;
#1541 = CARTESIAN_POINT ( 'NONE',  ( 0.6307656644520664990, 0.9999999999999998890, -0.8637875497772126154 ) ) ;
#1542 = LINE ( 'NONE', #5325, #6122 ) ;
#1543 = CARTESIAN_POINT ( 'NONE',  ( 0.8012671004648037609, 1.000000000000000000, -0.8522243183744641071 ) ) ;
#1544 = CARTESIAN_POINT ( 'NONE',  ( 0.2840717244674832442, 0.9999606299212597804, -0.4548627700265742702 ) ) ;
#1545 = DIRECTION ( 'NONE',  ( 1.000000000000000000, 0.000000000000000000, -2.603493823086944073E-17 ) ) ;
#1546 = CARTESIAN_POINT ( 'NONE',  ( 0.6829335558508707882, 0.9999606299212597804, -0.8915172002585354250 ) ) ;
#1547 = CARTESIAN_POINT ( 'NONE',  ( 0.6731510670087190729, 0.9999606299212598914, -0.7884151460066252115 ) ) ;
#1548 = VECTOR ( 'NONE', #4770, 39.37007874015748143 ) ;
#1549 = CARTESIAN_POINT ( 'NONE',  ( 0.5047344984436151760, 1.000000000000000000, -0.7892121663673321574 ) ) ;
#1550 = ORIENTED_EDGE ( 'NONE', *, *, #3091, .T. ) ;
#1551 = CARTESIAN_POINT ( 'NONE',  ( 0.8301032469824644044, 0.9999606299212596694, -0.8176888736796270596 ) ) ;
#1552 = VERTEX_POINT ( 'NONE', #394 ) ;
#1553 = DIRECTION ( 'NONE',  ( 0.7071067811865474617, 0.000000000000000000, 0.7071067811865474617 ) ) ;
#1554 = EDGE_CURVE ( 'NONE', #6373, #2869, #5854, .T. ) ;
#1555 = CARTESIAN_POINT ( 'NONE',  ( 0.6191292386197910780, 1.000000000000000222, -0.8702798903709293432 ) ) ;
#1556 = ADVANCED_FACE ( 'NONE', ( #6755 ), #4705, .T. ) ;
#1557 = VERTEX_POINT ( 'NONE', #364 ) ;
#1558 = ORIENTED_EDGE ( 'NONE', *, *, #2118, .F. ) ;
#1559 = VERTEX_POINT ( 'NONE', #6366 ) ;
#1560 = CARTESIAN_POINT ( 'NONE',  ( 0.8303870356266155328, 0.9999606299212596694, -0.8239367574989286958 ) ) ;
#1561 = EDGE_CURVE ( 'NONE', #1557, #606, #3131, .T. ) ;
#1562 = DIRECTION ( 'NONE',  ( -0.9886424642564118903, 0.000000000000000000, -0.1502866523315008196 ) ) ;
#1563 = CARTESIAN_POINT ( 'NONE',  ( 0.7289964890183951995, 1.000000000000000222, -0.8797981088489448265 ) ) ;
#1564 = DIRECTION ( 'NONE',  ( -0.4832823832549972831, -0.000000000000000000, 0.8754645270000206425 ) ) ;
#1565 = CARTESIAN_POINT ( 'NONE',  ( 0.6111021298356607012, 1.000000000000000000, -0.8492696619469072283 ) ) ;
#1566 =( NAMED_UNIT ( * ) PLANE_ANGLE_UNIT ( ) SI_UNIT ( $, .RADIAN. ) );
#1567 = VERTEX_POINT ( 'NONE', #5856 ) ;
#1568 = CARTESIAN_POINT ( 'NONE',  ( 0.8303613160901479606, 1.000000000000000000, -0.8203264572259574283 ) ) ;
#1569 = B_SPLINE_SURFACE_WITH_KNOTS ( 'NONE', 3, 1, ( 
 ( #4318, #1543 ),
 ( #2026, #1518 ),
 ( #3727, #4298 ),
 ( #2555, #4790 ),
 ( #5397, #1488 ),
 ( #5806, #5833 ),
 ( #5324, #3110 ) ),
 .UNSPECIFIED., .F., .F., .F.,
 ( 4, 1, 1, 1, 4 ),
 ( 2, 2 ),
 ( 0.000000000000000000, 0.2544048168317847303, 0.5034877679196680944, 0.7504933180397435066, 0.9999999999999998890 ),
 ( 0.000000000000000000, 1.000000000000000000 ),
 .UNSPECIFIED. ) ;
#1570 = DIRECTION ( 'NONE',  ( -0.000000000000000000, 0.000000000000000000, 1.000000000000000000 ) ) ;
#1571 = DIRECTION ( 'NONE',  ( 0.3574067443366071295, -0.8628562094610198185, 0.3574067443365722685 ) ) ;
#1572 = CARTESIAN_POINT ( 'NONE',  ( 0.7883815154890697618, 1.000000000000000000, -0.8372048148677169177 ) ) ;
#1573 = CC_DESIGN_APPROVAL ( #4751, ( #3049 ) ) ;
#1574 = CARTESIAN_POINT ( 'NONE',  ( 0.6785257480367141714, 0.9999606299212597804, -0.8916402558559686220 ) ) ;
#1575 = EDGE_LOOP ( 'NONE', ( #6540, #1043, #3206, #601 ) ) ;
#1576 = LINE ( 'NONE', #6079, #3221 ) ;
#1577 = CARTESIAN_POINT ( 'NONE',  ( 0.6325956309625537788, 0.9999606299212598914, -0.8102125922393977886 ) ) ;
#1578 = LINE ( 'NONE', #5734, #548 ) ;
#1579 = LINE ( 'NONE', #2638, #3810 ) ;
#1580 = CARTESIAN_POINT ( 'NONE',  ( 0.6036075299061250954, 1.000000000000000222, -0.8364880272644980019 ) ) ;
#1581 = ORIENTED_EDGE ( 'NONE', *, *, #2159, .T. ) ;
#1582 = AXIS2_PLACEMENT_3D ( 'NONE', #4513, #1145, #2297 ) ;
#1583 = ORIENTED_EDGE ( 'NONE', *, *, #6944, .T. ) ;
#1584 = CARTESIAN_POINT ( 'NONE',  ( 0.8579800891159637954, 0.9999606299212597804, -0.8535580174563472955 ) ) ;
#1585 = CARTESIAN_POINT ( 'NONE',  ( 0.5401428198444120365, 0.9999999999999998890, -0.8888625323065203476 ) ) ;
#1586 = LINE ( 'NONE', #6917, #4866 ) ;
#1587 = CARTESIAN_POINT ( 'NONE',  ( 0.7715891625142065058, 0.9999999999999996669, -0.8444898201653916470 ) ) ;
#1588 = DIRECTION ( 'NONE',  ( 0.7588454441657002114, 0.000000000000000000, -0.6512707515841327233 ) ) ;
#1589 = CARTESIAN_POINT ( 'NONE',  ( 0.6307998393527062264, 0.9999606299212597804, -0.8649047188760621285 ) ) ;
#1590 = ORIENTED_EDGE ( 'NONE', *, *, #220, .T. ) ;
#1591 = VECTOR ( 'NONE', #2669, 39.37007874015748143 ) ;
#1592 = CARTESIAN_POINT ( 'NONE',  ( 1.000000000000000222, 1.000000000000000000, -1.000000000000000222 ) ) ;
#1593 = EDGE_LOOP ( 'NONE', ( #4554, #6467, #1144, #1619 ) ) ;
#1594 = CARTESIAN_POINT ( 'NONE',  ( 0.6871609061643593197, 0.9999606299212596694, -0.8908367566420667405 ) ) ;
#1595 = LINE ( 'NONE', #3369, #4356 ) ;
#1596 = B_SPLINE_SURFACE_WITH_KNOTS ( 'NONE', 3, 1, ( 
 ( #1364, #5251 ),
 ( #4115, #4661 ),
 ( #1974, #1894 ),
 ( #6248, #2455 ),
 ( #5789, #5213 ),
 ( #3532, #3090 ),
 ( #6857, #4089 ),
 ( #1318, #1873 ),
 ( #792, #3009 ),
 ( #3565, #275 ),
 ( #5738, #3144 ),
 ( #5915, #2580 ),
 ( #4739, #1005 ),
 ( #5329, #3171 ),
 ( #4767, #3214 ),
 ( #6378, #1446 ),
 ( #4220, #1469 ),
 ( #451, #3189 ),
 ( #6400, #4846 ) ),
 .UNSPECIFIED., .F., .F., .F.,
 ( 4, 1, 1, 1, 1, 1, 1, 1, 1, 1, 1, 1, 1, 1, 1, 1, 4 ),
 ( 2, 2 ),
 ( 0.000000000000000000, 0.07812529689189208482, 0.1518301493922382395, 0.2221520613979006964, 0.2890233266244048860, 0.3525976224640660073, 0.4148420026739735311, 0.4749348900295516374, 0.5348433958080156536, 0.5934135167521031873, 0.6507869454438930390, 0.7072859995271792988, 0.7634577572775824716, 0.8197238077213176988, 0.8778515259498448353, 0.9374785251711055256, 1.000000000000000000 ),
 ( 0.000000000000000000, 1.000000000000000000 ),
 .UNSPECIFIED. ) ;
#1597 = ORIENTED_EDGE ( 'NONE', *, *, #2988, .T. ) ;
#1598 = CARTESIAN_POINT ( 'NONE',  ( 0.5260736837537477451, 1.000000000000000000, -0.8299207660358928207 ) ) ;
#1599 = CARTESIAN_POINT ( 'NONE',  ( 0.6166654893556383632, 0.9999999999999998890, -0.8881395051619502823 ) ) ;
#1600 = VERTEX_POINT ( 'NONE', #2517 ) ;
#1601 = CARTESIAN_POINT ( 'NONE',  ( 0.6964104210564623365, 0.9999606299212597804, -0.8706203103445218083 ) ) ;
#1602 = LINE ( 'NONE', #4827, #6856 ) ;
#1603 = CARTESIAN_POINT ( 'NONE',  ( 0.8579800891159637954, 1.000000000000000000, -0.8653766431665746994 ) ) ;
#1604 = CARTESIAN_POINT ( 'NONE',  ( 0.6721797960092293911, 0.9999606299212601135, -0.8911912924236381484 ) ) ;
#1605 = CARTESIAN_POINT ( 'NONE',  ( 0.6775143704743910034, 0.9999606299212597804, -0.8358673464491107596 ) ) ;
#1606 = CARTESIAN_POINT ( 'NONE',  ( 0.7381876888052568697, 0.9999606299212598914, -0.8887075141972798908 ) ) ;
#1607 = CARTESIAN_POINT ( 'NONE',  ( 0.7604626171503697796, 1.000000000000000000, -0.8773632143779913628 ) ) ;
#1608 = CARTESIAN_POINT ( 'NONE',  ( 0.5548821937111297897, 1.000000000000000000, -0.8748126772757981451 ) ) ;
#1609 = CARTESIAN_POINT ( 'NONE',  ( 0.8303553547571921323, 1.000000000000000222, -0.8256301916484224401 ) ) ;
#1610 = CARTESIAN_POINT ( 'NONE',  ( 0.7566108822338961648, 1.000000000000000222, -0.8799373532387749774 ) ) ;
#1611 = ADVANCED_FACE ( 'NONE', ( #3146 ), #6314, .F. ) ;
#1612 = CARTESIAN_POINT ( 'NONE',  ( 0.7870683348546001490, 0.9999606299212597804, -0.8167889596911959149 ) ) ;
#1613 = ORIENTED_EDGE ( 'NONE', *, *, #6781, .T. ) ;
#1614 = CARTESIAN_POINT ( 'NONE',  ( 0.6039584828725994559, 1.000000000000000000, -0.8483284226014822238 ) ) ;
#1615 = EDGE_CURVE ( 'NONE', #213, #2237, #40, .T. ) ;
#1616 = CARTESIAN_POINT ( 'NONE',  ( 0.6126176342488018900, 0.9999606299207711713, -0.8021019868142471587 ) ) ;
#1617 = CARTESIAN_POINT ( 'NONE',  ( 0.9999999999999998890, 1.000000000000000000, -0.007874015748032028514 ) ) ;
#1618 = AXIS2_PLACEMENT_3D ( 'NONE', #6865, #2542, #1553 ) ;
#1619 = ORIENTED_EDGE ( 'NONE', *, *, #5281, .T. ) ;
#1620 = CARTESIAN_POINT ( 'NONE',  ( 0.8056943205540838537, 0.9999606299212595584, -0.7889208000954396338 ) ) ;
#1621 = B_SPLINE_CURVE_WITH_KNOTS ( 'NONE', 3,
 ( #3223, #5475, #4922, #3271, #6008, #4902, #1030, #2687, #7017, #2176, #1607, #5970, #6503, #5430, #5986, #5406, #7064, #3808, #3771 ),
 .UNSPECIFIED., .F., .F.,
 ( 4, 1, 1, 1, 1, 1, 1, 1, 1, 1, 1, 1, 1, 1, 1, 1, 4 ),
 ( 0.000000000000000000, 0.07278041585726258145, 0.1421477661410837645, 0.2091827705192678966, 0.2742917701525884877, 0.3377688011273047297, 0.4007572236760696960, 0.4628012679375321792, 0.5255951311873956477, 0.5875404891381641459, 0.6475290235975756925, 0.7063226117617421584, 0.7636995326185592736, 0.8213742411629888496, 0.8796189551866803180, 0.9389099248298979905, 1.000000000000000000 ),
 .UNSPECIFIED. ) ;
#1622 = CARTESIAN_POINT ( 'NONE',  ( 0.6166654893556383632, 0.9999999999999998890, -0.8881395051619502823 ) ) ;
#1623 = DIRECTION ( 'NONE',  ( -0.9238795325112865164, 0.3826834323650902259, 0.000000000000000000 ) ) ;
#1624 = DATE_AND_TIME ( #4114, #2995 ) ;
#1625 = EDGE_CURVE ( 'NONE', #2077, #1828, #2370, .T. ) ;
#1626 = CARTESIAN_POINT ( 'NONE',  ( 0.8505807351360893387, 0.9999606299212597804, -0.4547783707392524799 ) ) ;
#1627 = CARTESIAN_POINT ( 'NONE',  ( 0.7500109865483965965, 0.9999606299212597804, -0.8916158426702358586 ) ) ;
#1628 = VECTOR ( 'NONE', #5340, 39.37007874015748143 ) ;
#1629 = CARTESIAN_POINT ( 'NONE',  ( 0.5449961121297485223, 0.9999999999999998890, -0.8868011150367807183 ) ) ;
#1630 = CARTESIAN_POINT ( 'NONE',  ( 0.5411221689001016744, 0.9999606299212597804, -0.8885335216759411292 ) ) ;
#1631 = CARTESIAN_POINT ( 'NONE',  ( 0.8034018303688242879, 1.000000000000000222, -0.7897654830495048905 ) ) ;
#1632 = EDGE_LOOP ( 'NONE', ( #5972, #5090, #3258, #6809, #4152 ) ) ;
#1633 = CARTESIAN_POINT ( 'NONE',  ( 0.7568544282954486890, 0.9999606299212595584, -0.8911677719052504276 ) ) ;
#1634 = VECTOR ( 'NONE', #872, 39.37007874015748143 ) ;
#1635 = CARTESIAN_POINT ( 'NONE',  ( 0.7228828550870388669, 0.9999606299212596694, -0.7929776944214556034 ) ) ;
#1636 = CARTESIAN_POINT ( 'NONE',  ( 0.6112526865241931784, 0.9999606299207709492, -0.8016584573468257258 ) ) ;
#1637 = B_SPLINE_SURFACE_WITH_KNOTS ( 'NONE', 3, 1, ( 
 ( #1121, #7048 ),
 ( #575, #6011 ),
 ( #1100, #529 ),
 ( #4405, #1629 ),
 ( #2810, #2161 ),
 ( #3811, #1161 ),
 ( #6584, #2784 ),
 ( #6562, #2179 ),
 ( #3862, #1081 ),
 ( #3359, #3340 ),
 ( #6052, #4923 ),
 ( #3293, #1608 ),
 ( #5499, #4990 ),
 ( #5460, #48 ),
 ( #4954, #592 ),
 ( #1648, #4423 ),
 ( #4449, #5477 ),
 ( #4972, #2245 ),
 ( #4465, #1138 ) ),
 .UNSPECIFIED., .F., .F., .F.,
 ( 4, 1, 1, 1, 1, 1, 1, 1, 1, 1, 1, 1, 1, 1, 1, 1, 4 ),
 ( 2, 2 ),
 ( 0.000000000000000000, 0.05607242287283241422, 0.1120119725189303722, 0.1671711735185538172, 0.2228105982289998732, 0.2789095579811581294, 0.3363553597455306021, 0.3951582856753002027, 0.4560715820962335521, 0.5180446356179407852, 0.5814041097871026631, 0.6456616003006555582, 0.7121082578731906532, 0.7800609799435819225, 0.8508852361240133444, 0.9237296004347441691, 1.000000000000000000 ),
 ( 0.000000000000000000, 1.000000000000000000 ),
 .UNSPECIFIED. ) ;
#1638 = VERTEX_POINT ( 'NONE', #1626 ) ;
#1639 = ORIENTED_EDGE ( 'NONE', *, *, #2826, .T. ) ;
#1640 = CARTESIAN_POINT ( 'NONE',  ( 0.7870683348546001490, 0.9999606299212597804, -0.8167889596911959149 ) ) ;
#1641 = ADVANCED_FACE ( 'NONE', ( #5670 ), #1075, .T. ) ;
#1642 = CARTESIAN_POINT ( 'NONE',  ( 0.6954795193159251099, 0.9999606299212595584, -0.8722461049484135920 ) ) ;
#1643 = ORIENTED_EDGE ( 'NONE', *, *, #6944, .F. ) ;
#1644 = EDGE_CURVE ( 'NONE', #1552, #5616, #4421, .T. ) ;
#1645 = CARTESIAN_POINT ( 'NONE',  ( 0.7241439281232215919, 0.9999606299212597804, -0.8626561746448543344 ) ) ;
#1646 = CARTESIAN_POINT ( 'NONE',  ( 0.5572617238224032432, 0.9999606299212598914, -0.8610267323148937946 ) ) ;
#1647 = EDGE_CURVE ( 'NONE', #6863, #4844, #2233, .T. ) ;
#1648 = CARTESIAN_POINT ( 'NONE',  ( 0.5570140337114404261, 0.9999606299212596694, -0.8660125429873773983 ) ) ;
#1649 = EDGE_CURVE ( 'NONE', #5105, #5693, #790, .T. ) ;
#1650 = CARTESIAN_POINT ( 'NONE',  ( 0.007874015748031584425, 1.000000000000000000, -2.049995136288944771E-19 ) ) ;
#1651 = CARTESIAN_POINT ( 'NONE',  ( 0.7643385356885443738, 0.9999606299212601135, -0.8721347332379562056 ) ) ;
#1652 = CARTESIAN_POINT ( 'NONE',  ( 0.7907099193092536060, 1.000000000000000222, -0.8021403651246330480 ) ) ;
#1653 = CARTESIAN_POINT ( 'NONE',  ( 0.8746874818887180325, 1.000000000000000222, -0.8648454906776096296 ) ) ;
#1654 = CARTESIAN_POINT ( 'NONE',  ( 0.7740755315781393531, 1.000000000000000222, -0.8761754789118554321 ) ) ;
#1655 = ORIENTED_EDGE ( 'NONE', *, *, #15, .T. ) ;
#1656 = CARTESIAN_POINT ( 'NONE',  ( 0.5994066148099149727, 0.9999606299212597804, -0.8785084495112716052 ) ) ;
#1657 = CARTESIAN_POINT ( 'NONE',  ( 0.6030588984495338645, 0.9999606299207710602, -0.8010307920775594503 ) ) ;
#1658 = CARTESIAN_POINT ( 'NONE',  ( 0.8789909792674789335, 0.9999606299212597804, -0.7892121663673321574 ) ) ;
#1659 = VECTOR ( 'NONE', #542, 39.37007874015748143 ) ;
#1660 = VECTOR ( 'NONE', #1695, 39.37007874015748854 ) ;
#1661 = CARTESIAN_POINT ( 'NONE',  ( 0.8089677342692325190, 1.000000000000000222, -0.7990550667118301309 ) ) ;
#1662 = B_SPLINE_CURVE_WITH_KNOTS ( 'NONE', 3,
 ( #5021, #1725, #5, #6568, #1682, #26, #4930, #3867, #3344, #4432, #582, #3917, #1169, #4470, #2210, #2771, #71, #55, #619 ),
 .UNSPECIFIED., .F., .F.,
 ( 4, 1, 1, 1, 1, 1, 1, 1, 1, 1, 1, 1, 1, 1, 1, 1, 4 ),
 ( 0.000000000000000000, 0.07278041585726258145, 0.1421477661410837645, 0.2091827705192678966, 0.2742917701525884877, 0.3377688011273047297, 0.4007572236760696960, 0.4628012679375321792, 0.5255951311873956477, 0.5875404891381641459, 0.6475290235975756925, 0.7063226117617421584, 0.7636995326185592736, 0.8213742411629888496, 0.8796189551866803180, 0.9389099248298979905, 1.000000000000000000 ),
 .UNSPECIFIED. ) ;
#1663 = VERTEX_POINT ( 'NONE', #1053 ) ;
#1664 = VECTOR ( 'NONE', #4626, 39.37007874015748854 ) ;
#1665 = CARTESIAN_POINT ( 'NONE',  ( 0.6113024737536214559, 0.9999606299212596694, -0.8774984988413762066 ) ) ;
#1666 = EDGE_LOOP ( 'NONE', ( #2449, #486, #4600, #4994 ) ) ;
#1667 = LINE ( 'NONE', #2724, #6843 ) ;
#1668 = VECTOR ( 'NONE', #309, 39.37007874015748143 ) ;
#1669 = EDGE_LOOP ( 'NONE', ( #6403, #5047, #2592, #4560 ) ) ;
#1670 = CARTESIAN_POINT ( 'NONE',  ( 0.6334262006216457852, 0.9999606299212598914, -0.8189023597747957517 ) ) ;
#1671 = LINE ( 'NONE', #3288, #5861 ) ;
#1672 = CARTESIAN_POINT ( 'NONE',  ( 0.5066811870757106373, 0.9999606299212597804, -0.1281516700166467904 ) ) ;
#1673 = ORIENTED_EDGE ( 'NONE', *, *, #733, .T. ) ;
#1674 = CARTESIAN_POINT ( 'NONE',  ( 0.8133114290965804960, 0.9999606299212597804, -0.8456789336495292853 ) ) ;
#1675 = EDGE_CURVE ( 'NONE', #2180, #492, #2842, .T. ) ;
#1676 = ORIENTED_EDGE ( 'NONE', *, *, #6033, .T. ) ;
#1677 = CARTESIAN_POINT ( 'NONE',  ( 0.6205538871384149724, 0.9999606299212598914, -0.8432246152831492925 ) ) ;
#1678 = CARTESIAN_POINT ( 'NONE',  ( 0.7604626171503697796, 1.000000000000000222, -0.8773632143779913628 ) ) ;
#1679 = ADVANCED_FACE ( 'NONE', ( #2781 ), #1001, .T. ) ;
#1680 = CARTESIAN_POINT ( 'NONE',  ( 0.7991313338522284537, 1.000000000000000000, -0.7921815367202853508 ) ) ;
#1681 = LINE ( 'NONE', #5361, #217 ) ;
#1682 = CARTESIAN_POINT ( 'NONE',  ( 0.7654457620321576394, 0.9999606299212596694, -0.8689348123574484051 ) ) ;
#1683 = CARTESIAN_POINT ( 'NONE',  ( 0.6615654197209412946, 0.9999606299212601135, -0.8716080630376257243 ) ) ;
#1684 = CARTESIAN_POINT ( 'NONE',  ( 0.7527820092264928542, 1.000000000000000222, -0.8206669462523641378 ) ) ;
#1685 = CARTESIAN_POINT ( 'NONE',  ( 0.7991313338522284537, 0.9999606299212597804, -0.7921815367202853508 ) ) ;
#1686 = ORIENTED_EDGE ( 'NONE', *, *, #4592, .T. ) ;
#1687 = CARTESIAN_POINT ( 'NONE',  ( 0.6053386720810758348, 0.9999606299212598914, -0.8903107544770365589 ) ) ;
#1688 = B_SPLINE_CURVE_WITH_KNOTS ( 'NONE', 3,
 ( #6989, #6971, #5919, #1007, #4283, #5943, #2608, #456, #3712, #433, #4848, #931, #6382, #3688, #4774, #1551, #411, #2080, #5384 ),
 .UNSPECIFIED., .F., .F.,
 ( 4, 1, 1, 1, 1, 1, 1, 1, 1, 1, 1, 1, 1, 1, 1, 1, 4 ),
 ( 0.000000000000000000, 0.05209732262054465879, 0.1031017125429984360, 0.1538005850222740334, 0.2052543937058748380, 0.2577240493729187620, 0.3121926273023798437, 0.3697360009396601921, 0.4300616318925726267, 0.4928681751518541043, 0.5569346627599189858, 0.6229750124240596154, 0.6914696535390251197, 0.7631504096806910331, 0.8380916681716272798, 0.9167521411516647012, 1.000000000000000000 ),
 .UNSPECIFIED. ) ;
#1689 = EDGE_LOOP ( 'NONE', ( #1558, #263, #5334, #14, #5378, #206, #3740, #1221, #2433, #629, #1442, #97, #4503, #3878, #3649, #3747 ) ) ;
#1690 = EDGE_CURVE ( 'NONE', #6431, #7023, #2928, .T. ) ;
#1691 = CARTESIAN_POINT ( 'NONE',  ( 0.4551450449156568268, 1.000000000000000000, -0.1495351693177169317 ) ) ;
#1692 = CARTESIAN_POINT ( 'NONE',  ( 0.6255005044896253530, 1.000000000000000222, -0.7964886749430329926 ) ) ;
#1693 = B_SPLINE_SURFACE_WITH_KNOTS ( 'NONE', 3, 1, ( 
 ( #3371, #78 ),
 ( #627, #5471 ),
 ( #1064, #5450 ),
 ( #2197, #2170 ),
 ( #2730, #6513 ),
 ( #3287, #7059 ),
 ( #3833, #5999 ),
 ( #2752, #675 ),
 ( #695, #166 ),
 ( #4008, #721 ),
 ( #6123, #4521 ),
 ( #6685, #99 ),
 ( #3941, #2284 ),
 ( #2890, #656 ),
 ( #6656, #6702 ),
 ( #3399, #1730 ),
 ( #2909, #3986 ),
 ( #3459, #145 ),
 ( #4559, #1757 ) ),
 .UNSPECIFIED., .F., .F., .F.,
 ( 4, 1, 1, 1, 1, 1, 1, 1, 1, 1, 1, 1, 1, 1, 1, 1, 4 ),
 ( 2, 2 ),
 ( 0.000000000000000000, 0.08100969503787931736, 0.1571624851194896311, 0.2293186239864799525, 0.2971995747160054990, 0.3619501700138804678, 0.4237206412699677793, 0.4831222440402877516, 0.5409816837709608972, 0.5976614915012079532, 0.6531809217988236993, 0.7078518819289711939, 0.7635482905380027718, 0.8195365889150312277, 0.8776400206428162099, 0.9374543783683187970, 1.000000000000000000 ),
 ( 0.000000000000000000, 1.000000000000000000 ),
 .UNSPECIFIED. ) ;
#1694 = ORIENTED_EDGE ( 'NONE', *, *, #2581, .F. ) ;
#1695 = DIRECTION ( 'NONE',  ( -0.7588454441657042082, -0.000000000000000000, -0.6512707515841279493 ) ) ;
#1696 = PLANE ( 'NONE',  #6004 ) ;
#1697 = CARTESIAN_POINT ( 'NONE',  ( 0.7519760653198122036, 1.000000000000000444, -0.8916103090523279651 ) ) ;
#1698 = COORDINATED_UNIVERSAL_TIME_OFFSET ( 5, 0, .BEHIND. ) ;
#1699 = DIRECTION ( 'NONE',  ( -0.000000000000000000, 1.000000000000000000, -0.000000000000000000 ) ) ;
#1700 = DIRECTION ( 'NONE',  ( 1.472728573529817790E-13, 1.000000000000000000, -1.795789435765200755E-12 ) ) ;
#1701 = EDGE_CURVE ( 'NONE', #1433, #6381, #2619, .T. ) ;
#1702 = CARTESIAN_POINT ( 'NONE',  ( 0.7355879200541969309, 0.9999606299212596694, -0.8180689020707913039 ) ) ;
#1703 = APPROVAL_ROLE ( '' ) ;
#1704 = B_SPLINE_SURFACE_WITH_KNOTS ( 'NONE', 3, 1, ( 
 ( #5863, #5322 ),
 ( #5886, #1463 ),
 ( #2628, #367 ),
 ( #6417, #3724 ),
 ( #3625, #862 ),
 ( #4214, #5297 ),
 ( #2024, #3368 ),
 ( #4334, #6057 ),
 ( #7003, #3777 ),
 ( #3797, #1035 ),
 ( #2650, #1016 ),
 ( #4889, #1056 ),
 ( #4868, #2694 ),
 ( #2838, #6613 ),
 ( #2142, #3209 ),
 ( #5958, #3390 ),
 ( #6447, #4839 ),
 ( #2818, #7030 ),
 ( #6594, #3257 ) ),
 .UNSPECIFIED., .F., .F., .F.,
 ( 4, 1, 1, 1, 1, 1, 1, 1, 1, 1, 1, 1, 1, 1, 1, 1, 4 ),
 ( 2, 2 ),
 ( 0.000000000000000000, 0.04878347937587476646, 0.09693138956973551545, 0.1450915008017290564, 0.1933977841194995384, 0.2422569075037523945, 0.2911229018096250232, 0.3408352192596681984, 0.3915951061367892172, 0.4457719150393729679, 0.5061126198317961178, 0.5725064867171759664, 0.6449505620533887429, 0.7242299195761300323, 0.8096884027761085401, 0.9016917347513256908, 1.000000000000000000 ),
 ( 0.000000000000000000, 1.000000000000000000 ),
 .UNSPECIFIED. ) ;
#1705 = VECTOR ( 'NONE', #2506, 39.37007874015748143 ) ;
#1706 = CC_DESIGN_PERSON_AND_ORGANIZATION_ASSIGNMENT ( #6475, #74, ( #5030 ) ) ;
#1707 = CARTESIAN_POINT ( 'NONE',  ( 0.7873628360651387936, 0.9999606299212597804, -0.8135304990921058410 ) ) ;
#1708 = ADVANCED_FACE ( 'NONE', ( #194 ), #6460, .T. ) ;
#1709 = CARTESIAN_POINT ( 'NONE',  ( 0.8391087153974873258, 0.9999606299212597804, -0.8370148053080976869 ) ) ;
#1710 = LINE ( 'NONE', #6374, #1634 ) ;
#1711 = AXIS2_PLACEMENT_3D ( 'NONE', #1889, #1384, #861 ) ;
#1712 = EDGE_CURVE ( 'NONE', #1076, #1272, #5659, .T. ) ;
#1713 = CARTESIAN_POINT ( 'NONE',  ( 0.6072459469057198689, 0.9999606299212598914, -0.8781663899976834831 ) ) ;
#1714 = CARTESIAN_POINT ( 'NONE',  ( 0.6638505180369452807, 1.000000000000000222, -0.8886490695155546682 ) ) ;
#1715 = CARTESIAN_POINT ( 'NONE',  ( 0.6668484245860077930, 1.000000000000000000, -0.8506961865826445646 ) ) ;
#1716 = EDGE_LOOP ( 'NONE', ( #3699, #6763, #2703, #1501, #1036, #374 ) ) ;
#1717 = ORIENTED_EDGE ( 'NONE', *, *, #5634, .F. ) ;
#1718 = UNCERTAINTY_MEASURE_WITH_UNIT (LENGTH_MEASURE( 1.000000000000000082E-05 ), #4872, 'distance_accuracy_value', 'NONE');
#1719 = CARTESIAN_POINT ( 'NONE',  ( 0.8168382781253089586, 0.9999606299212601135, -0.8453523022403706122 ) ) ;
#1720 = CARTESIAN_POINT ( 'NONE',  ( 0.6333143308762795298, 0.9999606299212602245, -0.8232993218209845310 ) ) ;
#1721 = CARTESIAN_POINT ( 'NONE',  ( 0.7568544282954486890, 0.9999999999999998890, -0.8911677719052504276 ) ) ;
#1722 = EDGE_LOOP ( 'NONE', ( #1375, #2404, #4988, #4, #3356, #3551, #4374, #2231 ) ) ;
#1723 = CARTESIAN_POINT ( 'NONE',  ( 0.8505807351360898938, 1.000000000000000000, -0.5450506550593627875 ) ) ;
#1724 = ORIENTED_EDGE ( 'NONE', *, *, #6067, .F. ) ;
#1725 = CARTESIAN_POINT ( 'NONE',  ( 0.7660501171509341845, 0.9999606299212597804, -0.8641463631438334181 ) ) ;
#1726 = ORIENTED_EDGE ( 'NONE', *, *, #2373, .T. ) ;
#1727 = CARTESIAN_POINT ( 'NONE',  ( 0.6292002856737414218, 0.9999999999999996669, -0.8553621008842855478 ) ) ;
#1728 = DIRECTION ( 'NONE',  ( -1.000000000000000000, 0.000000000000000000, 0.000000000000000000 ) ) ;
#1729 = B_SPLINE_CURVE_WITH_KNOTS ( 'NONE', 3,
 ( #6209, #4004, #2409, #4621, #6697, #3500, #1863 ),
 .UNSPECIFIED., .F., .F.,
 ( 4, 1, 1, 1, 4 ),
 ( 0.000000000000000000, 0.2544048168317847303, 0.5034877679196680944, 0.7504933180397435066, 0.9999999999999998890 ),
 .UNSPECIFIED. ) ;
#1730 = CARTESIAN_POINT ( 'NONE',  ( 0.7454536939245104410, 0.9999999999999996669, -0.8912161392352804246 ) ) ;
#1731 = CARTESIAN_POINT ( 'NONE',  ( 0.6307998393527062264, 0.9999606299212597804, -0.8649047188760621285 ) ) ;
#1732 = ORIENTED_EDGE ( 'NONE', *, *, #1323, .F. ) ;
#1733 = CARTESIAN_POINT ( 'NONE',  ( 0.6226231904530005190, 1.000000000000000666, -0.8422597562642643032 ) ) ;
#1734 = DIRECTION ( 'NONE',  ( -0.000000000000000000, 1.000000000000000000, -0.000000000000000000 ) ) ;
#1735 = CARTESIAN_POINT ( 'NONE',  ( 0.6760898755266825377, 0.9999999999999996669, -0.8474374806973931085 ) ) ;
#1736 = EDGE_CURVE ( 'NONE', #2077, #1491, #2943, .T. ) ;
#1737 = VECTOR ( 'NONE', #827, 39.37007874015748143 ) ;
#1738 = CARTESIAN_POINT ( 'NONE',  ( 0.7870683348546001490, 0.9999606299212597804, -0.8167889596911959149 ) ) ;
#1739 = EDGE_CURVE ( 'NONE', #4323, #2898, #2092, .T. ) ;
#1740 = VERTEX_POINT ( 'NONE', #2173 ) ;
#1741 = CARTESIAN_POINT ( 'NONE',  ( 0.7060454254211615543, 0.9999606299212595584, -0.7987410619511384757 ) ) ;
#1742 = LINE ( 'NONE', #2654, #3035 ) ;
#1743 = ADVANCED_FACE ( 'NONE', ( #5011 ), #2735, .T. ) ;
#1744 = CARTESIAN_POINT ( 'NONE',  ( 0.8314813383077128695, 1.000000000000000000, -0.7959453046900970552 ) ) ;
#1745 = ORIENTED_EDGE ( 'NONE', *, *, #1135, .T. ) ;
#1746 = DIRECTION ( 'NONE',  ( -0.000000000000000000, 1.000000000000000000, -0.000000000000000000 ) ) ;
#1747 = DIRECTION ( 'NONE',  ( -0.8754645270000246393, -0.000000000000000000, -0.4832823832549899556 ) ) ;
#1748 = VECTOR ( 'NONE', #4189, 39.37007874015748143 ) ;
#1749 = CARTESIAN_POINT ( 'NONE',  ( 0.6144882098178690022, 0.9999606299212596694, -0.8345094157865492468 ) ) ;
#1750 = CARTESIAN_POINT ( 'NONE',  ( 0.7404548590622047621, 0.9999999999999996669, -0.8898035897182929865 ) ) ;
#1751 = LINE ( 'NONE', #5963, #3464 ) ;
#1752 = VERTEX_POINT ( 'NONE', #3803 ) ;
#1753 = ORIENTED_EDGE ( 'NONE', *, *, #3621, .T. ) ;
#1754 = CARTESIAN_POINT ( 'NONE',  ( 0.6154781476912922766, 0.9999606299212598914, -0.8032746236797895234 ) ) ;
#1755 = FACE_OUTER_BOUND ( 'NONE', #1453, .T. ) ;
#1756 = ORIENTED_EDGE ( 'NONE', *, *, #2959, .T. ) ;
#1757 = CARTESIAN_POINT ( 'NONE',  ( 0.7509558674066834083, 1.000000000000000000, -0.8916402558559686220 ) ) ;
#1758 = VECTOR ( 'NONE', #3128, 39.37007874015748854 ) ;
#1759 = EDGE_CURVE ( 'NONE', #395, #5323, #5508, .T. ) ;
#1760 = CARTESIAN_POINT ( 'NONE',  ( 0.6299926654034629925, 0.9999606299212593363, -0.8719956252677736330 ) ) ;
#1761 = ORIENTED_EDGE ( 'NONE', *, *, #6397, .F. ) ;
#1762 = FACE_OUTER_BOUND ( 'NONE', #471, .T. ) ;
#1763 = CARTESIAN_POINT ( 'NONE',  ( 0.6597908120003782573, 1.000000000000000444, -0.8606671541464090414 ) ) ;
#1764 = ORIENTED_EDGE ( 'NONE', *, *, #2028, .F. ) ;
#1765 = DIRECTION ( 'NONE',  ( -1.000000000000000000, 0.000000000000000000, 0.000000000000000000 ) ) ;
#1766 = CARTESIAN_POINT ( 'NONE',  ( 0.5822121558773274419, 0.9999999999997825073, -0.8483052949184685110 ) ) ;
#1767 = DIRECTION ( 'NONE',  ( 1.000000000000000000, 0.000000000000000000, 0.000000000000000000 ) ) ;
#1768 = FACE_OUTER_BOUND ( 'NONE', #6560, .T. ) ;
#1769 = CARTESIAN_POINT ( 'NONE',  ( 0.5260736837537477451, 1.000000000000000222, -0.8299207660358928207 ) ) ;
#1770 = CARTESIAN_POINT ( 'NONE',  ( 0.005567769930603399219, 0.9947506561679788639, -0.9981440766897986538 ) ) ;
#1771 = CARTESIAN_POINT ( 'NONE',  ( 0.7729353301229352491, 0.9999999999999996669, -0.8785269255378758135 ) ) ;
#1772 = CARTESIAN_POINT ( 'NONE',  ( 0.7488167913515607621, 0.9999999999999996669, -0.8164038082894575776 ) ) ;
#1773 = CARTESIAN_POINT ( 'NONE',  ( 0.5267302740709826070, 0.9999606299209541360, -0.8417393917461201136 ) ) ;
#1774 = PERSON_AND_ORGANIZATION_ROLE ( 'classification_officer' ) ;
#1775 = CARTESIAN_POINT ( 'NONE',  ( 0.7389793448996627712, 1.000000000000000222, -0.8045562993890116310 ) ) ;
#1776 = B_SPLINE_CURVE_WITH_KNOTS ( 'NONE', 3,
 ( #2437, #3047, #1377, #313, #2465, #4149, #4676, #1326, #5676, #6232, #1859, #3573, #851, #6794, #807, #5200, #232, #4123, #5219 ),
 .UNSPECIFIED., .F., .F.,
 ( 4, 1, 1, 1, 1, 1, 1, 1, 1, 1, 1, 1, 1, 1, 1, 1, 4 ),
 ( 0.000000000000000000, 0.09271675908828247437, 0.1801828503269487514, 0.2644844746646980993, 0.3464547069403144941, 0.4250710312591280959, 0.4992283855822984839, 0.5714123754260503896, 0.6423085886576510584, 0.6788506151926677612, 0.7174739186893362985, 0.7581199166695006264, 0.8008069053587525410, 0.8468253388439295204, 0.8950746429128073611, 0.9461164316244252692, 1.000000000000000000 ),
 .UNSPECIFIED. ) ;
#1777 = VERTEX_POINT ( 'NONE', #485 ) ;
#1778 = CARTESIAN_POINT ( 'NONE',  ( 0.8821759544478553483, 0.9999999999999998890, -0.8904785207707350825 ) ) ;
#1779 = ADVANCED_FACE ( 'NONE', ( #3541 ), #7062, .F. ) ;
#1780 = EDGE_CURVE ( 'NONE', #5852, #6561, #6345, .T. ) ;
#1781 = EDGE_CURVE ( 'NONE', #4268, #3220, #6838, .T. ) ;
#1782 = VERTEX_POINT ( 'NONE', #3784 ) ;
#1783 = CARTESIAN_POINT ( 'NONE',  ( 0.5717067108015697618, 1.000000000000000000, -0.8903270752214988981 ) ) ;
#1784 = EDGE_CURVE ( 'NONE', #6237, #3083, #888, .T. ) ;
#1785 = CARTESIAN_POINT ( 'NONE',  ( 0.7604496146064423368, 1.000000000000000000, -0.8467631471138685750 ) ) ;
#1786 = CARTESIAN_POINT ( 'NONE',  ( 0.8012671004648037609, 0.9999606299212597804, -0.8522243183744641071 ) ) ;
#1787 = CARTESIAN_POINT ( 'NONE',  ( 0.8368182036660689604, 1.000000000000000444, -0.8426021715844518312 ) ) ;
#1788 = CARTESIAN_POINT ( 'NONE',  ( 0.5545839674193597801, 0.9999606299212597804, -0.8458248433995798621 ) ) ;
#1789 = CARTESIAN_POINT ( 'NONE',  ( 0.8219576338362144519, 1.000000000000000222, -0.7893132719945268327 ) ) ;
#1790 = PLANE ( 'NONE',  #6910 ) ;
#1791 = CARTESIAN_POINT ( 'NONE',  ( 0.8164758996067921215, 1.000000000000000222, -0.7987828606274613996 ) ) ;
#1792 = VECTOR ( 'NONE', #305, 39.37007874015748854 ) ;
#1793 = CARTESIAN_POINT ( 'NONE',  ( 0.5467562787466456742, 0.9999606299212598914, -0.8604727342347270325 ) ) ;
#1794 = CARTESIAN_POINT ( 'NONE',  ( 0.7122170386898273309, 1.000000000000000000, -0.8173429577713626770 ) ) ;
#1795 = DIRECTION ( 'NONE',  ( 0.000000000000000000, 0.000000000000000000, 1.000000000000000000 ) ) ;
#1796 = ORIENTED_EDGE ( 'NONE', *, *, #4733, .T. ) ;
#1797 = DIRECTION ( 'NONE',  ( 0.7071067811865474617, 0.000000000000000000, 0.7071067811865474617 ) ) ;
#1798 = FACE_OUTER_BOUND ( 'NONE', #4411, .T. ) ;
#1799 = CARTESIAN_POINT ( 'NONE',  ( 0.6111021298356607012, 0.9999606299212597804, -0.8492696619469072283 ) ) ;
#1800 = ORIENTED_EDGE ( 'NONE', *, *, #6929, .T. ) ;
#1801 = ORIENTED_EDGE ( 'NONE', *, *, #2662, .F. ) ;
#1802 = CARTESIAN_POINT ( 'NONE',  ( 0.6502339196273054789, 0.9999606299212597804, -0.8724700688054520814 ) ) ;
#1803 = CARTESIAN_POINT ( 'NONE',  ( 0.7549371892924866545, 0.9999999999999998890, -0.8393649343690235964 ) ) ;
#1804 = CARTESIAN_POINT ( 'NONE',  ( 0.6718673049670507158, 0.9999606299212601135, -0.8012446319307104936 ) ) ;
#1805 = DIRECTION ( 'NONE',  ( 0.9922778767136675171, 0.000000000000000000, -0.1240347345892100356 ) ) ;
#1806 = CARTESIAN_POINT ( 'NONE',  ( 0.6105029728483033491, 0.9999606299212596694, -0.8491116882634612839 ) ) ;
#1807 = ORIENTED_EDGE ( 'NONE', *, *, #2518, .F. ) ;
#1808 = ADVANCED_FACE ( 'NONE', ( #2525 ), #573, .T. ) ;
#1809 = CARTESIAN_POINT ( 'NONE',  ( 0.8162092151352582370, 1.000000000000000222, -0.7879878259827545195 ) ) ;
#1810 = CARTESIAN_POINT ( 'NONE',  ( 0.8894964243432363915, 1.000000000000000000, -0.8916402558559686220 ) ) ;
#1811 = CARTESIAN_POINT ( 'NONE',  ( 0.7434461156533098691, 0.9999606299212597804, -0.8267404066867864998 ) ) ;
#1812 = CARTESIAN_POINT ( 'NONE',  ( 0.6193050896013467810, 0.9999606299212597804, -0.8306015105827115885 ) ) ;
#1813 = CARTESIAN_POINT ( 'NONE',  ( 0.5066811870757106373, 0.9999606299212597804, -0.1281516700166467904 ) ) ;
#1814 = B_SPLINE_CURVE_WITH_KNOTS ( 'NONE', 3,
 ( #1458, #1697, #1165, #1721, #3846, #5975, #2721, #533, #4384, #2901, #5560, #1771, #1184, #6649, #3972, #735, #6136, #4488, #2834 ),
 .UNSPECIFIED., .F., .F.,
 ( 4, 1, 1, 1, 1, 1, 1, 1, 1, 1, 1, 1, 1, 1, 1, 1, 4 ),
 ( 0.000000000000000000, 0.07132852292713433295, 0.1388884808472360399, 0.2034880553541816572, 0.2653888690468860223, 0.3261469149304310755, 0.3858495392516026468, 0.4464210050912525984, 0.5085062454043187685, 0.5707165835193898085, 0.6319861944004557808, 0.6929433797704668274, 0.7531646365281643440, 0.8133972833669929070, 0.8747321709321982386, 0.9368339827764042838, 1.000000000000000000 ),
 .UNSPECIFIED. ) ;
#1815 = CARTESIAN_POINT ( 'NONE',  ( 0.5389295270822994643, 1.000000000000000000, -0.8767859620688394084 ) ) ;
#1816 = CARTESIAN_POINT ( 'NONE',  ( 0.6198306029405349360, 0.9999999999999996669, -0.8681405867693348100 ) ) ;
#1817 = CARTESIAN_POINT ( 'NONE',  ( 0.7407466664097811515, 1.000000000000000444, -0.8070764066612252652 ) ) ;
#1818 = ORIENTED_EDGE ( 'NONE', *, *, #1850, .F. ) ;
#1819 = B_SPLINE_CURVE_WITH_KNOTS ( 'NONE', 3,
 ( #6212, #4685, #3059, #2412, #1945, #5224, #5753 ),
 .UNSPECIFIED., .F., .F.,
 ( 4, 1, 1, 1, 4 ),
 ( 0.000000000000000000, 0.2837744943495275618, 0.5395840214497915621, 0.7756449623277218430, 1.000000000000000000 ),
 .UNSPECIFIED. ) ;
#1820 = CARTESIAN_POINT ( 'NONE',  ( 0.6785257480367141714, 0.9999606299212597804, -0.8916402558559686220 ) ) ;
#1821 = ORIENTED_EDGE ( 'NONE', *, *, #4948, .T. ) ;
#1822 = CARTESIAN_POINT ( 'NONE',  ( 0.8186822224386715030, 0.9999606299212597804, -0.8560984584283786170 ) ) ;
#1823 = VECTOR ( 'NONE', #6849, 39.37007874015748854 ) ;
#1824 = LINE ( 'NONE', #4305, #3227 ) ;
#1825 = ORIENTED_EDGE ( 'NONE', *, *, #2123, .T. ) ;
#1826 = CARTESIAN_POINT ( 'NONE',  ( 0.7765628897788425800, 0.9999606299212597804, -0.8010307920775594503 ) ) ;
#1827 = ORIENTED_EDGE ( 'NONE', *, *, #1615, .F. ) ;
#1828 = VERTEX_POINT ( 'NONE', #1027 ) ;
#1829 = VECTOR ( 'NONE', #3960, 39.37007874015748143 ) ;
#1830 = CARTESIAN_POINT ( 'NONE',  ( 0.6202716985600887911, 0.9999606299212596694, -0.8623241402846539838 ) ) ;
#1831 = VERTEX_POINT ( 'NONE', #1603 ) ;
#1832 = DIRECTION ( 'NONE',  ( 0.000000000000000000, -0.000000000000000000, 1.000000000000000000 ) ) ;
#1833 = LINE ( 'NONE', #2720, #2956 ) ;
#1834 = EDGE_CURVE ( 'NONE', #2198, #2158, #4162, .T. ) ;
#1835 = DIRECTION ( 'NONE',  ( 0.000000000000000000, -1.000000000000000000, 0.000000000000000000 ) ) ;
#1836 = ORIENTED_EDGE ( 'NONE', *, *, #5372, .T. ) ;
#1837 = LINE ( 'NONE', #4197, #6261 ) ;
#1838 = CARTESIAN_POINT ( 'NONE',  ( 0.5454981294423530969, 0.9999606299212597804, -0.8686505320728133972 ) ) ;
#1839 = CARTESIAN_POINT ( 'NONE',  ( 0.7497558658184076963, 0.9999606299212597804, -0.8334209749413856727 ) ) ;
#1840 = CARTESIAN_POINT ( 'NONE',  ( 0.7765628897788425800, 1.000000000000000000, -0.8633042799778021248 ) ) ;
#1841 = ORIENTED_EDGE ( 'NONE', *, *, #2667, .T. ) ;
#1842 = CARTESIAN_POINT ( 'NONE',  ( 0.7360430571224761964, 1.000000000000000222, -0.8874039640064115275 ) ) ;
#1843 = VERTEX_POINT ( 'NONE', #3266 ) ;
#1844 = CARTESIAN_POINT ( 'NONE',  ( 0.6202088749649572463, 0.9999999999999998890, -0.8657592348341839328 ) ) ;
#1845 = CARTESIAN_POINT ( 'NONE',  ( 0.6255005044896253530, 0.9999606299212596694, -0.7964886749430329926 ) ) ;
#1846 = CARTESIAN_POINT ( 'NONE',  ( 0.6506448837966236631, 1.000000000000000222, -0.8545330488736799790 ) ) ;
#1847 = FACE_OUTER_BOUND ( 'NONE', #5320, .T. ) ;
#1848 = CARTESIAN_POINT ( 'NONE',  ( 0.7907099193092536060, 0.9999606299212597804, -0.8021403651246330480 ) ) ;
#1849 = CARTESIAN_POINT ( 'NONE',  ( 0.9809904443907626614, 0.000000000000000000, -0.007874015748031610445 ) ) ;
#1850 = EDGE_CURVE ( 'NONE', #1119, #4402, #2178, .T. ) ;
#1851 = ADVANCED_FACE ( 'NONE', ( #115 ), #6153, .T. ) ;
#1852 = DIRECTION ( 'NONE',  ( 0.3574067443365953056, -0.3574067443365915864, 0.8628562094610165989 ) ) ;
#1853 = CARTESIAN_POINT ( 'NONE',  ( 0.6552355168686387898, 0.9999606299212597804, -0.8819253371149851084 ) ) ;
#1854 = VERTEX_POINT ( 'NONE', #6500 ) ;
#1855 = ORIENTED_EDGE ( 'NONE', *, *, #6196, .T. ) ;
#1856 = DIRECTION ( 'NONE',  ( -0.000000000000000000, 1.000000000000000000, -0.000000000000000000 ) ) ;
#1857 = ORIENTED_EDGE ( 'NONE', *, *, #2159, .F. ) ;
#1858 = DIRECTION ( 'NONE',  ( -0.5773502691896359451, 0.5773502691896257311, 0.5773502691896158501 ) ) ;
#1859 = CARTESIAN_POINT ( 'NONE',  ( 0.6181771650034260102, 0.9999999999999996669, -0.7916244778511143387 ) ) ;
#1860 = CARTESIAN_POINT ( 'NONE',  ( 0.6506448837966236631, 0.9999606299212598914, -0.8545330488736799790 ) ) ;
#1861 = CARTESIAN_POINT ( 'NONE',  ( 0.7016450209108158198, 1.000000000000000000, -0.8191768156799559275 ) ) ;
#1862 = B_SPLINE_CURVE_WITH_KNOTS ( 'NONE', 3,
 ( #3244, #3215, #3781, #4344, #3801, #4895, #2105, #4799, #1599, #518, #5332, #5357, #2054, #5420, #4281, #2149, #5964, #5872, #6497 ),
 .UNSPECIFIED., .F., .F.,
 ( 4, 1, 1, 1, 1, 1, 1, 1, 1, 1, 1, 1, 1, 1, 1, 1, 4 ),
 ( 0.000000000000000000, 0.05441990084519061216, 0.1060523162565172456, 0.1549730787461440495, 0.2012838652153503827, 0.2452075788106306276, 0.2863483776398000336, 0.3259675705682531510, 0.3636675859428587509, 0.4367582574700967224, 0.5112362885366324994, 0.5876989460161565759, 0.6682289134090623195, 0.7504893743805782780, 0.8322579304600487005, 0.9146071290589892211, 1.000000000000000000 ),
 .UNSPECIFIED. ) ;
#1863 = CARTESIAN_POINT ( 'NONE',  ( 0.8162455670767237992, 1.000000000000000000, -0.8561843787252867433 ) ) ;
#1864 = DIRECTION ( 'NONE',  ( -0.000000000000000000, 1.000000000000000000, -0.000000000000000000 ) ) ;
#1865 = CARTESIAN_POINT ( 'NONE',  ( 0.6333143308762795298, 1.000000000000000444, -0.8232993218209845310 ) ) ;
#1866 = DIRECTION ( 'NONE',  ( 1.000000000000000000, 0.000000000000000000, 0.000000000000000000 ) ) ;
#1867 = CARTESIAN_POINT ( 'NONE',  ( 0.7228828550870388669, 0.9999999999999998890, -0.7929776944214556034 ) ) ;
#1868 = CARTESIAN_POINT ( 'NONE',  ( 0.8050630132363176816, 0.9999606299212597804, -0.8771952688768018813 ) ) ;
#1869 = CARTESIAN_POINT ( 'NONE',  ( 1.000000000000000222, 0.9921259842519685179, -3.459714703546670911E-16 ) ) ;
#1870 = EDGE_CURVE ( 'NONE', #4662, #902, #5181, .T. ) ;
#1871 = CARTESIAN_POINT ( 'NONE',  ( 0.6990081667136880395, 1.000000000000000222, -0.8609325131076448478 ) ) ;
#1872 = FACE_OUTER_BOUND ( 'NONE', #988, .T. ) ;
#1873 = CARTESIAN_POINT ( 'NONE',  ( 0.6933746849295332471, 1.000000000000000222, -0.8023939109661617497 ) ) ;
#1874 = EDGE_CURVE ( 'NONE', #3170, #6111, #6089, .T. ) ;
#1875 = CARTESIAN_POINT ( 'NONE',  ( 0.8162455670767237992, 1.000000000000000000, -0.8561843787252867433 ) ) ;
#1876 = VECTOR ( 'NONE', #210, 39.37007874015748143 ) ;
#1877 = ADVANCED_FACE ( 'NONE', ( #5260 ), #1247, .T. ) ;
#1878 = CARTESIAN_POINT ( 'NONE',  ( 0.7356345055456632309, 1.000000000000000000, -0.8690738448904549163 ) ) ;
#1879 = ORIENTED_EDGE ( 'NONE', *, *, #1266, .T. ) ;
#1880 = CARTESIAN_POINT ( 'NONE',  ( 0.6858198770581785952, 1.000000000000000000, -0.7999985318083218111 ) ) ;
#1881 = CARTESIAN_POINT ( 'NONE',  ( 0.7978882134242424318, 0.9999606299212598914, -0.8157376284004128619 ) ) ;
#1882 = ORIENTED_EDGE ( 'NONE', *, *, #747, .T. ) ;
#1883 = CARTESIAN_POINT ( 'NONE',  ( 0.6073235434794097554, 0.9999606299212602245, -0.8362378122882302423 ) ) ;
#1884 = CARTESIAN_POINT ( 'NONE',  ( 0.8141820961003646273, 0.9999606299212597804, -0.7879290102851955746 ) ) ;
#1885 = DIRECTION ( 'NONE',  ( -0.000000000000000000, 0.000000000000000000, -1.000000000000000000 ) ) ;
#1886 = CARTESIAN_POINT ( 'NONE',  ( 0.2840717244674835773, 0.9999606299212597804, -0.5451350543466844112 ) ) ;
#1887 = CARTESIAN_POINT ( 'NONE',  ( 0.6710348678700397418, 0.9999999999999998890, -0.8377733412507021304 ) ) ;
#1888 = VERTEX_POINT ( 'NONE', #2356 ) ;
#1889 = CARTESIAN_POINT ( 'NONE',  ( 0.8579800891159637954, 0.9999606299212597804, -0.8535580174563472955 ) ) ;
#1890 = ORIENTED_EDGE ( 'NONE', *, *, #6731, .F. ) ;
#1891 = CARTESIAN_POINT ( 'NONE',  ( 0.007874015748031584425, 0.007874015748031721468, -2.049995136288955604E-19 ) ) ;
#1892 = CARTESIAN_POINT ( 'NONE',  ( 0.8353134293721999892, 0.9999999999999996669, -0.8451051907111396533 ) ) ;
#1893 = CARTESIAN_POINT ( 'NONE',  ( 0.7345411094758121928, 1.000000000000000222, -0.8601239206286958039 ) ) ;
#1894 = CARTESIAN_POINT ( 'NONE',  ( 0.6835922516145649386, 1.000000000000000444, -0.7997646976258886431 ) ) ;
#1895 = CARTESIAN_POINT ( 'NONE',  ( 0.6780127659512521499, 1.000000000000000222, -0.7998203569479919173 ) ) ;
#1896 = CARTESIAN_POINT ( 'NONE',  ( 0.6934765442922979917, 0.9999606299212602245, -0.7897920140987046977 ) ) ;
#1897 = VERTEX_POINT ( 'NONE', #5575 ) ;
#1898 = CARTESIAN_POINT ( 'NONE',  ( 0.5403371620901796790, 0.9999606299212598914, -0.8759521036879713840 ) ) ;
#1899 = DIRECTION ( 'NONE',  ( 0.000000000000000000, -1.000000000000000000, 0.000000000000000000 ) ) ;
#1900 = DIRECTION ( 'NONE',  ( 1.000000000000000000, 0.000000000000000000, -2.603493823086944073E-17 ) ) ;
#1901 = CARTESIAN_POINT ( 'NONE',  ( 0.005567769930603315952, 0.9921259842519682959, -0.9944322300693967387 ) ) ;
#1902 = PLANE ( 'NONE',  #1292 ) ;
#1903 = LINE ( 'NONE', #4095, #2256 ) ;
#1904 = CARTESIAN_POINT ( 'NONE',  ( 0.6552156077990857197, 0.9999606299212598914, -0.8468293919109184387 ) ) ;
#1905 = CARTESIAN_POINT ( 'NONE',  ( 0.8390650614201082824, 0.9999606299212597804, -0.8099828641552212494 ) ) ;
#1906 = VECTOR ( 'NONE', #3911, 39.37007874015748143 ) ;
#1907 = B_SPLINE_CURVE_WITH_KNOTS ( 'NONE', 3,
 ( #1773, #5588, #2319, #740, #5628, #6119, #1280, #5125, #2884, #2387, #6653, #6186, #3936, #693, #4536, #1239, #4492, #5081, #1793 ),
 .UNSPECIFIED., .F., .F.,
 ( 4, 1, 1, 1, 1, 1, 1, 1, 1, 1, 1, 1, 1, 1, 1, 1, 4 ),
 ( 0.000000000000000000, 0.07933163976990142974, 0.1537058950589995088, 0.2235825672582203438, 0.2886839698318713343, 0.3495399928518381771, 0.4073819931817304618, 0.4623637744252813153, 0.5158699708091207814, 0.5692497121945874206, 0.6228150815935783458, 0.6780574414592039911, 0.7361071860083753249, 0.7963668575775398883, 0.8598454786757323554, 0.9278131519447374576, 1.000000000000000000 ),
 .UNSPECIFIED. ) ;
#1908 = EDGE_LOOP ( 'NONE', ( #1093, #170, #2431 ) ) ;
#1909 = VERTEX_POINT ( 'NONE', #4015 ) ;
#1910 = CARTESIAN_POINT ( 'NONE',  ( 0.7620661946498672457, 0.9999606299212595584, -0.8895469263232936852 ) ) ;
#1911 = CARTESIAN_POINT ( 'NONE',  ( 0.005567769930603302941, 0.007874015748031199316, -0.9944322300693967387 ) ) ;
#1912 = LINE ( 'NONE', #1658, #5582 ) ;
#1913 = EDGE_CURVE ( 'NONE', #930, #2802, #5432, .T. ) ;
#1914 = CARTESIAN_POINT ( 'NONE',  ( 0.6492100313969567660, 0.9999999999999998890, -0.8628365297406112022 ) ) ;
#1915 = ORIENTED_EDGE ( 'NONE', *, *, #2133, .T. ) ;
#1916 = CARTESIAN_POINT ( 'NONE',  ( 0.7430828785441020434, 0.9999606299212596694, -0.8100027315092160896 ) ) ;
#1917 = PLANE ( 'NONE',  #5068 ) ;
#1918 = LINE ( 'NONE', #2722, #3226 ) ;
#1919 = VECTOR ( 'NONE', #1042, 39.37007874015748143 ) ;
#1920 = CARTESIAN_POINT ( 'NONE',  ( 0.6785257480367141714, 1.000000000000000000, -0.8916402558559686220 ) ) ;
#1921 = EDGE_LOOP ( 'NONE', ( #6926, #6966, #3201, #5434 ) ) ;
#1922 = EDGE_CURVE ( 'NONE', #5298, #6101, #3555, .T. ) ;
#1923 = ADVANCED_FACE ( 'NONE', ( #2103 ), #2397, .F. ) ;
#1924 = PLANE ( 'NONE',  #1026 ) ;
#1925 = VERTEX_POINT ( 'NONE', #1291 ) ;
#1926 = VECTOR ( 'NONE', #6580, 39.37007874015748143 ) ;
#1927 = CARTESIAN_POINT ( 'NONE',  ( 0.6984426461920135720, 0.9999999999999995559, -0.8647776631724646279 ) ) ;
#1928 = CARTESIAN_POINT ( 'NONE',  ( 0.7434461156533098691, 1.000000000000000000, -0.8267404066867864998 ) ) ;
#1929 = ORIENTED_EDGE ( 'NONE', *, *, #5573, .T. ) ;
#1930 = CARTESIAN_POINT ( 'NONE',  ( 0.6664466469950878214, 1.000000000000000444, -0.8897739807944798907 ) ) ;
#1931 = DIRECTION ( 'NONE',  ( -0.000000000000000000, 1.000000000000000000, -0.000000000000000000 ) ) ;
#1932 = VECTOR ( 'NONE', #4999, 39.37007874015748143 ) ;
#1933 = CARTESIAN_POINT ( 'NONE',  ( 0.5353196123472238055, 0.9999606299212601135, -0.8778913082979886706 ) ) ;
#1934 = ORIENTED_EDGE ( 'NONE', *, *, #4498, .T. ) ;
#1935 = CARTESIAN_POINT ( 'NONE',  ( 0.6917100886745867205, 0.9999606299212598914, -0.8432852447937406737 ) ) ;
#1936 = CARTESIAN_POINT ( 'NONE',  ( 1.000000000000000222, 0.000000000000000000, -1.000000000000000222 ) ) ;
#1937 = CARTESIAN_POINT ( 'NONE',  ( 0.5376933153935025134, 0.9999606299212597804, -0.8773118590410354800 ) ) ;
#1938 = CARTESIAN_POINT ( 'NONE',  ( 0.5030847303827993278, 0.9999606299212597804, -0.1002102154469468043 ) ) ;
#1939 = VECTOR ( 'NONE', #6054, 39.37007874015748143 ) ;
#1940 = CARTESIAN_POINT ( 'NONE',  ( 0.6015815702357554251, 1.000000000000000000, -0.8364866692082413291 ) ) ;
#1941 = AXIS2_PLACEMENT_3D ( 'NONE', #3662, #5306, #2035 ) ;
#1942 = CARTESIAN_POINT ( 'NONE',  ( 0.6491843682352819167, 0.9999606299212597804, -0.8639403518476234112 ) ) ;
#1943 = CARTESIAN_POINT ( 'NONE',  ( 0.6038320232758666029, 0.9999606299212598914, -0.8903215404734198257 ) ) ;
#1944 = CARTESIAN_POINT ( 'NONE',  ( 0.5822121558773274419, 0.9999606299212597804, -0.8483052949184685110 ) ) ;
#1945 = CARTESIAN_POINT ( 'NONE',  ( 0.6614396022649267071, 0.9999606299212597804, -0.8554232751731447593 ) ) ;
#1946 = CARTESIAN_POINT ( 'NONE',  ( 0.5265250895968467404, 1.000000000000000000, -0.8785084495112716052 ) ) ;
#1947 = AXIS2_PLACEMENT_3D ( 'NONE', #5371, #994, #4834 ) ;
#1948 = DIRECTION ( 'NONE',  ( 0.000000000000000000, 1.000000000000000000, -0.000000000000000000 ) ) ;
#1949 = ORIENTED_EDGE ( 'NONE', *, *, #6203, .T. ) ;
#1950 = DIRECTION ( 'NONE',  ( 1.000000000000000000, 0.000000000000000000, 1.514127248974570157E-14 ) ) ;
#1951 = DIRECTION ( 'NONE',  ( -0.8754645270000246393, 0.000000000000000000, -0.4832823832549899556 ) ) ;
#1952 = CARTESIAN_POINT ( 'NONE',  ( 0.6334262006216457852, 0.9999606299212598914, -0.8189023597747957517 ) ) ;
#1953 = ORIENTED_EDGE ( 'NONE', *, *, #6216, .F. ) ;
#1954 = CARTESIAN_POINT ( 'NONE',  ( 0.6036075299061250954, 0.9999606299212598914, -0.8364880272644980019 ) ) ;
#1955 = CARTESIAN_POINT ( 'NONE',  ( 0.6894158785427353386, 1.000000000000000000, -0.7887124802793079592 ) ) ;
#1956 = CARTESIAN_POINT ( 'NONE',  ( 0.8000462686994838091, 0.9999999999999998890, -0.8379283927419142186 ) ) ;
#1957 = CARTESIAN_POINT ( 'NONE',  ( 0.6819990479916574477, 0.9999606299212596694, -0.8459956272793259791 ) ) ;
#1958 = ADVANCED_FACE ( 'NONE', ( #479 ), #1455, .T. ) ;
#1959 = CARTESIAN_POINT ( 'NONE',  ( 0.5435635622975668602, 0.9999606299212602245, -0.8332215125683118950 ) ) ;
#1960 = CARTESIAN_POINT ( 'NONE',  ( 0.8826842998019249764, 1.000000000000000000, -0.8916402558559686220 ) ) ;
#1961 = CARTESIAN_POINT ( 'NONE',  ( 0.6610654199394738750, 0.9999606299212596694, -0.8419815077369885437 ) ) ;
#1962 = CARTESIAN_POINT ( 'NONE',  ( 0.6764533848479417077, 0.9999606299212597804, -0.8361583740496238981 ) ) ;
#1963 = CARTESIAN_POINT ( 'NONE',  ( 0.7665941975310421874, 1.000000000000000444, -0.8368812635807443279 ) ) ;
#1964 = CARTESIAN_POINT ( 'NONE',  ( 0.8811235080818567988, 0.9999999999999996669, -0.8880733372494941102 ) ) ;
#1965 = CARTESIAN_POINT ( 'NONE',  ( 0.5462206844561949826, 0.9999999999999998890, -0.8661164679819240986 ) ) ;
#1966 = CARTESIAN_POINT ( 'NONE',  ( 0.2840717244674832442, 0.9999606299212597804, -0.4548627700265742702 ) ) ;
#1967 = CARTESIAN_POINT ( 'NONE',  ( 0.6824279364885159627, 1.000000000000000222, -0.8344677198152149478 ) ) ;
#1968 = VECTOR ( 'NONE', #2292, 39.37007874015748143 ) ;
#1969 = CARTESIAN_POINT ( 'NONE',  ( 0.005567769930603392280, 0.9944322300693976269, -0.9976937541825714462 ) ) ;
#1970 = CARTESIAN_POINT ( 'NONE',  ( 0.6608933233737882551, 0.9999999999999998890, -0.7930165775937458861 ) ) ;
#1971 = CARTESIAN_POINT ( 'NONE',  ( 0.7362690325568378436, 0.9999606299212596694, -0.8709527415770058623 ) ) ;
#1972 = CARTESIAN_POINT ( 'NONE',  ( 0.5337041415892254115, 1.000000000000000222, -0.8423579175422329923 ) ) ;
#1973 = EDGE_LOOP ( 'NONE', ( #2232, #4042, #1362, #4701, #6195, #5261, #5748 ) ) ;
#1974 = CARTESIAN_POINT ( 'NONE',  ( 0.6835922516145649386, 0.9999606299212601135, -0.7997646976258886431 ) ) ;
#1975 = EDGE_CURVE ( 'NONE', #1888, #5867, #3939, .T. ) ;
#1976 = LINE ( 'NONE', #4515, #2393 ) ;
#1977 = CARTESIAN_POINT ( 'NONE',  ( 0.6966230186554996928, 1.000000000000000000, -0.8414931703771569849 ) ) ;
#1978 = PLANE ( 'NONE',  #6897 ) ;
#1979 = VERTEX_POINT ( 'NONE', #1425 ) ;
#1980 = CARTESIAN_POINT ( 'NONE',  ( 0.8125837904825062852, 0.9999606299212596694, -0.8456473034088487495 ) ) ;
#1981 = CARTESIAN_POINT ( 'NONE',  ( 0.6800654990315384563, 1.000000000000000444, -0.8464620940508051916 ) ) ;
#1982 = ORIENTED_EDGE ( 'NONE', *, *, #5321, .F. ) ;
#1983 = CARTESIAN_POINT ( 'NONE',  ( 0.6943952232717411910, 0.9999606299212596694, -0.8737031298765288723 ) ) ;
#1984 = AXIS2_PLACEMENT_3D ( 'NONE', #6450, #7005, #971 ) ;
#1985 = DIRECTION ( 'NONE',  ( 2.480795431559006810E-16, 0.000000000000000000, -1.000000000000000000 ) ) ;
#1986 = CARTESIAN_POINT ( 'NONE',  ( 0.7232278502862382608, 1.000000000000000000, -0.7949258532059307880 ) ) ;
#1987 = CARTESIAN_POINT ( 'NONE',  ( 0.6686109860171985941, 0.9999606299212593363, -0.8385776279986463244 ) ) ;
#1988 = CARTESIAN_POINT ( 'NONE',  ( 0.8122843743570313801, 0.9999999999999996669, -0.7879236972019343366 ) ) ;
#1989 = EDGE_CURVE ( 'NONE', #2513, #4003, #293, .T. ) ;
#1990 = DIRECTION ( 'NONE',  ( -0.000000000000000000, 1.000000000000000000, -0.000000000000000000 ) ) ;
#1991 = CARTESIAN_POINT ( 'NONE',  ( 0.8821759544478553483, 0.9999999999999998890, -0.8904785207707350825 ) ) ;
#1992 = CARTESIAN_POINT ( 'NONE',  ( 0.5376933153935025134, 1.000000000000000000, -0.8773118590410354800 ) ) ;
#1993 = DIRECTION ( 'NONE',  ( 0.000000000000000000, 0.000000000000000000, -1.000000000000000000 ) ) ;
#1994 = DIRECTION ( 'NONE',  ( 1.960096666941618365E-16, 0.000000000000000000, 1.000000000000000000 ) ) ;
#1995 = CARTESIAN_POINT ( 'NONE',  ( 0.6112526865241931784, 0.9999606299212596694, -0.8016584573468257258 ) ) ;
#1996 = ADVANCED_FACE ( 'NONE', ( #6511 ), #1596, .T. ) ;
#1997 = CARTESIAN_POINT ( 'NONE',  ( 0.6766947430229646177, 0.9999606299212601135, -0.7879761026020778436 ) ) ;
#1998 = CARTESIAN_POINT ( 'NONE',  ( 0.7983509859243422824, 0.9999606299212595584, -0.8134881005215410799 ) ) ;
#1999 = CARTESIAN_POINT ( 'NONE',  ( 0.5430847435701688930, 0.9999999999999996669, -0.8476338165329216912 ) ) ;
#2000 = VECTOR ( 'NONE', #3456, 39.37007874015748143 ) ;
#2001 = CARTESIAN_POINT ( 'NONE',  ( 0.6030588984495338645, 0.9999606299212597804, -0.8010307920775594503 ) ) ;
#2002 = CARTESIAN_POINT ( 'NONE',  ( 0.005567769930603315952, 0.007874015748031199316, -0.9944322300693967387 ) ) ;
#2003 = LINE ( 'NONE', #2502, #3809 ) ;
#2004 = CARTESIAN_POINT ( 'NONE',  ( 0.6918370088339471646, 0.9999606299212597804, -0.8761345290727960977 ) ) ;
#2005 = FACE_OUTER_BOUND ( 'NONE', #3469, .T. ) ;
#2006 = ORIENTED_EDGE ( 'NONE', *, *, #169, .F. ) ;
#2007 = CARTESIAN_POINT ( 'NONE',  ( 0.5822121558773274419, 0.9999606299212597804, -0.8364866692082413291 ) ) ;
#2008 = ORIENTED_EDGE ( 'NONE', *, *, #5190, .F. ) ;
#2009 = VECTOR ( 'NONE', #4347, 39.37007874015748143 ) ;
#2010 = CARTESIAN_POINT ( 'NONE',  ( 0.8076863202092761096, 0.9999606299212602245, -0.7995947685267508209 ) ) ;
#2011 = CARTESIAN_POINT ( 'NONE',  ( 0.7333888948168920674, 0.9999606299212598914, -0.8153772215395659329 ) ) ;
#2012 = CARTESIAN_POINT ( 'NONE',  ( 0.8505807351360898938, 0.9999606299212597804, -0.5450506550593627875 ) ) ;
#2013 = ORIENTED_EDGE ( 'NONE', *, *, #1701, .T. ) ;
#2014 = VECTOR ( 'NONE', #5265, 39.37007874015748143 ) ;
#2015 = DIRECTION ( 'NONE',  ( 0.7071067811865474617, 0.000000000000000000, 0.7071067811865474617 ) ) ;
#2016 = CARTESIAN_POINT ( 'NONE',  ( 0.7737946504668669068, 1.000000000000000222, -0.8490610989751981030 ) ) ;
#2017 = EDGE_CURVE ( 'NONE', #2513, #3816, #801, .T. ) ;
#2018 = ORIENTED_EDGE ( 'NONE', *, *, #6492, .F. ) ;
#2019 = CARTESIAN_POINT ( 'NONE',  ( 0.6633058361417558668, 0.9999606299212597804, -0.8531232346274393308 ) ) ;
#2020 = CARTESIAN_POINT ( 'NONE',  ( 0.7371674707447516406, 1.000000000000000000, -0.8010307920775594503 ) ) ;
#2021 = VECTOR ( 'NONE', #64, 39.37007874015748143 ) ;
#2022 = EDGE_CURVE ( 'NONE', #1782, #61, #4759, .T. ) ;
#2023 = DIRECTION ( 'NONE',  ( -0.7071067811865534569, -1.240310932717398136E-14, -0.7071067811865413555 ) ) ;
#2024 = CARTESIAN_POINT ( 'NONE',  ( 0.7746285440201090555, 0.9999606299212596694, -0.8513776938515746906 ) ) ;
#2025 = ORIENTED_EDGE ( 'NONE', *, *, #609, .T. ) ;
#2026 = CARTESIAN_POINT ( 'NONE',  ( 0.8024505644223910439, 0.9999606299212597804, -0.8528295517165793704 ) ) ;
#2027 = CARTESIAN_POINT ( 'NONE',  ( 0.7952908776309878247, 1.000000000000000222, -0.7955378417665045498 ) ) ;
#2028 = EDGE_CURVE ( 'NONE', #395, #5636, #4573, .T. ) ;
#2029 = ORIENTED_EDGE ( 'NONE', *, *, #4547, .T. ) ;
#2030 = CARTESIAN_POINT ( 'NONE',  ( 0.6887655462923318872, 0.9999999999999996669, -0.8779721761762573351 ) ) ;
#2031 = CARTESIAN_POINT ( 'NONE',  ( 0.8245866731894526680, 0.9999606299212596694, -0.7904706051175182102 ) ) ;
#2032 = FACE_OUTER_BOUND ( 'NONE', #5290, .T. ) ;
#2033 = CARTESIAN_POINT ( 'NONE',  ( 0.3333966783382540933, 0.9999606299212597804, -0.4971953688795429094 ) ) ;
#2034 = CARTESIAN_POINT ( 'NONE',  ( 0.6206037686288503608, 0.9999606299212595584, -0.8287138894630317054 ) ) ;
#2035 = DIRECTION ( 'NONE',  ( -1.000000000000000000, 0.000000000000000000, -0.000000000000000000 ) ) ;
#2036 = CARTESIAN_POINT ( 'NONE',  ( 0.6986406809929145423, 1.000000000000000444, -0.8265405903788701769 ) ) ;
#2037 = CARTESIAN_POINT ( 'NONE',  ( 0.6615654197209412946, 0.9999606299212601135, -0.8716080630376257243 ) ) ;
#2038 = CARTESIAN_POINT ( 'NONE',  ( 0.6570634520421000380, 1.000000000000000000, -0.8233548628635444233 ) ) ;
#2039 = CARTESIAN_POINT ( 'NONE',  ( 0.5301175129339944503, 0.9999606299212598914, -0.8300059327762228101 ) ) ;
#2040 = CARTESIAN_POINT ( 'NONE',  ( 0.7120870554585800871, 1.000000000000000222, -0.8213624665733370023 ) ) ;
#2041 = ORIENTED_EDGE ( 'NONE', *, *, #2738, .T. ) ;
#2042 = CARTESIAN_POINT ( 'NONE',  ( 0.8150977077282578476, 0.9999606299212597804, -0.8456106510560544853 ) ) ;
#2043 = EDGE_LOOP ( 'NONE', ( #6221, #4637, #301, #6811 ) ) ;
#2044 = CARTESIAN_POINT ( 'NONE',  ( 0.7549371892924866545, 0.9999606299212596694, -0.8393649343690235964 ) ) ;
#2045 = DIRECTION ( 'NONE',  ( 0.4832823832550008913, 0.000000000000000000, 0.8754645270000186441 ) ) ;
#2046 = CARTESIAN_POINT ( 'NONE',  ( 0.6910829291551359166, 1.000000000000000222, -0.8316094542858193384 ) ) ;
#2047 = CARTESIAN_POINT ( 'NONE',  ( 0.7527820092264928542, 0.9999606299212597804, -0.8206669462523641378 ) ) ;
#2048 = EDGE_CURVE ( 'NONE', #3109, #2181, #5089, .T. ) ;
#2049 = CARTESIAN_POINT ( 'NONE',  ( 0.6731510670087190729, 1.000000000000000222, -0.7884151460066252115 ) ) ;
#2050 = CARTESIAN_POINT ( 'NONE',  ( 0.7095906774208878831, 1.000000000000000000, -0.8614371012631655278 ) ) ;
#2051 = CARTESIAN_POINT ( 'NONE',  ( 0.8253147280072884451, 0.9999606299212596694, -0.8050138157358052160 ) ) ;
#2052 = APPROVAL_PERSON_ORGANIZATION ( #2655, #4751, #1703 ) ;
#2053 = DIRECTION ( 'NONE',  ( -0.1464466094067450042, 0.4999999999999952260, -0.8535533905932733978 ) ) ;
#2054 = CARTESIAN_POINT ( 'NONE',  ( 0.6254274338233063446, 0.9999999999999998890, -0.8812694544856947143 ) ) ;
#2055 = CARTESIAN_POINT ( 'NONE',  ( 0.8080884075033395453, 0.9999606299212603355, -0.7883256228661946752 ) ) ;
#2056 = CARTESIAN_POINT ( 'NONE',  ( 0.6795439065220810759, 0.9999999999999998890, -0.8353106461589371312 ) ) ;
#2057 = LINE ( 'NONE', #4737, #2660 ) ;
#2058 = DIRECTION ( 'NONE',  ( -1.960096666941618365E-16, 0.000000000000000000, -1.000000000000000000 ) ) ;
#2059 = CARTESIAN_POINT ( 'NONE',  ( 0.8020038928504341635, 1.000000000000000222, -0.8045600056511554854 ) ) ;
#2060 = CARTESIAN_POINT ( 'NONE',  ( 0.7434461156533098691, 1.000000000000000000, -0.8267404066867864998 ) ) ;
#2061 = VECTOR ( 'NONE', #924, 39.37007874015748143 ) ;
#2062 = CARTESIAN_POINT ( 'NONE',  ( 0.8255745899752073846, 0.9999606299212603355, -0.8397497679507937018 ) ) ;
#2063 = CARTESIAN_POINT ( 'NONE',  ( 0.6997631245907419695, 0.9999606299212596694, -0.8249185306815322027 ) ) ;
#2064 = EDGE_CURVE ( 'NONE', #5790, #4673, #549, .T. ) ;
#2065 = CARTESIAN_POINT ( 'NONE',  ( 0.005567769930602607317, 0.9921259842519684069, -0.9944322300693974048 ) ) ;
#2066 = CARTESIAN_POINT ( 'NONE',  ( 0.6203802142725932667, 0.9999999999999998890, -0.8442882699683321723 ) ) ;
#2067 = ORIENTED_EDGE ( 'NONE', *, *, #244, .F. ) ;
#2068 = CARTESIAN_POINT ( 'NONE',  ( 0.6673300188378902265, 1.000000000000000000, -0.8773283811301076929 ) ) ;
#2069 = EDGE_LOOP ( 'NONE', ( #1290, #2395, #1288, #1197, #6997, #2308, #3139, #1002 ) ) ;
#2070 = CARTESIAN_POINT ( 'NONE',  ( 0.5272296883617476615, 0.9999606299212596694, -0.8785071473688054189 ) ) ;
#2071 = DIRECTION ( 'NONE',  ( 0.6512707515841280603, 0.000000000000000000, -0.7588454441657042082 ) ) ;
#2072 = CARTESIAN_POINT ( 'NONE',  ( 0.8211874424221267121, 1.000000000000000222, -0.8009737192794806893 ) ) ;
#2073 = VERTEX_POINT ( 'NONE', #2033 ) ;
#2074 = DIRECTION ( 'NONE',  ( -0.000000000000000000, 1.000000000000000000, -0.000000000000000000 ) ) ;
#2075 = VERTEX_POINT ( 'NONE', #898 ) ;
#2076 = EDGE_CURVE ( 'NONE', #5425, #1155, #1397, .T. ) ;
#2077 = VERTEX_POINT ( 'NONE', #1525 ) ;
#2078 = CARTESIAN_POINT ( 'NONE',  ( 0.7975737799303576070, 1.000000000000000000, -0.8181021403256655278 ) ) ;
#2079 = DIMENSIONAL_EXPONENTS ( 1.000000000000000000, 0.000000000000000000, 0.000000000000000000, 0.000000000000000000, 0.000000000000000000, 0.000000000000000000, 0.000000000000000000 ) ;
#2080 = CARTESIAN_POINT ( 'NONE',  ( 0.8303890407153958764, 0.9999606299212597804, -0.8221367912720285442 ) ) ;
#2081 = CARTESIAN_POINT ( 'NONE',  ( 0.6990852323451304251, 0.9999606299212597804, -0.8601239206286958039 ) ) ;
#2082 = CARTESIAN_POINT ( 'NONE',  ( 0.7016890094247981713, 0.9999999999999998890, -0.8177617112931225840 ) ) ;
#2083 = ORIENTED_EDGE ( 'NONE', *, *, #2632, .T. ) ;
#2084 = CARTESIAN_POINT ( 'NONE',  ( 0.7101041423585456869, 0.9999999999999998890, -0.8287453454768844985 ) ) ;
#2085 = CARTESIAN_POINT ( 'NONE',  ( 0.7314523344949506178, 0.9999606299212596694, -0.8127631955290024468 ) ) ;
#2086 = AXIS2_PLACEMENT_3D ( 'NONE', #4242, #6932, #2045 ) ;
#2087 = CARTESIAN_POINT ( 'NONE',  ( 0.8304032957921000380, 0.9999606299212597804, -0.8230676045997541435 ) ) ;
#2088 = EDGE_CURVE ( 'NONE', #6639, #4167, #5589, .T. ) ;
#2089 = CARTESIAN_POINT ( 'NONE',  ( 0.7017115936140698729, 0.9999606299212597804, -0.8170351810601588216 ) ) ;
#2090 = CARTESIAN_POINT ( 'NONE',  ( 0.8049605397514665306, 1.000000000000000000, -0.8430674817901511187 ) ) ;
#2091 = CARTESIAN_POINT ( 'NONE',  ( 0.7241439281232215919, 1.000000000000000000, -0.8626561746448543344 ) ) ;
#2092 = LINE ( 'NONE', #1095, #1300 ) ;
#2093 = FACE_OUTER_BOUND ( 'NONE', #4135, .T. ) ;
#2094 = CARTESIAN_POINT ( 'NONE',  ( 0.7055786886870878405, 0.9999999999999996669, -0.8775147297059879836 ) ) ;
#2095 = VERTEX_POINT ( 'NONE', #5892 ) ;
#2096 = ORIENTED_EDGE ( 'NONE', *, *, #5662, .T. ) ;
#2097 = FACE_OUTER_BOUND ( 'NONE', #6439, .T. ) ;
#2098 = CARTESIAN_POINT ( 'NONE',  ( 0.6903678614620676335, 1.000000000000000222, -0.8771294502298963014 ) ) ;
#2099 = CARTESIAN_POINT ( 'NONE',  ( 0.6910976708289684467, 0.9999606299212598914, -0.8896840010012001532 ) ) ;
#2100 = ORIENTED_EDGE ( 'NONE', *, *, #6643, .F. ) ;
#2102 = LINE ( 'NONE', #4385, #2177 ) ;
#2101 = CARTESIAN_POINT ( 'NONE',  ( 0.6583122394895126739, 0.9999606299212597804, -0.7948953575833088703 ) ) ;
#2103 = FACE_OUTER_BOUND ( 'NONE', #908, .T. ) ;
#2104 = EDGE_LOOP ( 'NONE', ( #716, #2905, #3285, #6850 ) ) ;
#2105 = CARTESIAN_POINT ( 'NONE',  ( 0.6133867112099100627, 1.000000000000000000, -0.8892252871107787504 ) ) ;
#2106 = VERTEX_POINT ( 'NONE', #6423 ) ;
#2107 = FACE_OUTER_BOUND ( 'NONE', #3336, .T. ) ;
#2108 = CARTESIAN_POINT ( 'NONE',  ( 0.6873375944177732011, 1.000000000000000222, -0.8329585385075675141 ) ) ;
#2109 = CARTESIAN_POINT ( 'NONE',  ( 0.5822121558773274419, 0.9999606299212597804, -0.8010307920775594503 ) ) ;
#2110 = ORIENTED_EDGE ( 'NONE', *, *, #1554, .F. ) ;
#2111 = CARTESIAN_POINT ( 'NONE',  ( 0.5374775531794113714, 1.000000000000000222, -0.8310503272349416548 ) ) ;
#2112 = VECTOR ( 'NONE', #4332, 39.37007874015748143 ) ;
#2113 = CARTESIAN_POINT ( 'NONE',  ( 0.5066811870757106373, 0.9999606299212597804, -0.1281516700166467904 ) ) ;
#2114 = ORIENTED_EDGE ( 'NONE', *, *, #2892, .F. ) ;
#2115 = CARTESIAN_POINT ( 'NONE',  ( 0.8292356529404493193, 0.9999606299212598914, -0.8325900822582182892 ) ) ;
#2116 = CARTESIAN_POINT ( 'NONE',  ( 0.8634368444494837647, 0.9999606299212597804, -0.8564549405671526561 ) ) ;
#2117 = CARTESIAN_POINT ( 'NONE',  ( 0.7521527521776396608, 1.000000000000000222, -0.8810834780775854691 ) ) ;
#2118 = EDGE_CURVE ( 'NONE', #3523, #6639, #3485, .T. ) ;
#2119 = CARTESIAN_POINT ( 'NONE',  ( 0.6126176342488018900, 1.000000000000000222, -0.8021019868142471587 ) ) ;
#2120 = CARTESIAN_POINT ( 'NONE',  ( 0.6220916038555037719, 0.9999999999999995559, -0.8454333353718936905 ) ) ;
#2121 = LINE ( 'NONE', #3385, #655 ) ;
#2122 = CARTESIAN_POINT ( 'NONE',  ( 0.6465580069663424689, 1.000000000000000000, -0.8220416822290746994 ) ) ;
#2123 = EDGE_CURVE ( 'NONE', #4003, #3398, #3737, .T. ) ;
#2124 = CARTESIAN_POINT ( 'NONE',  ( 0.6593637466283008841, 0.9999606299212597804, -0.8128429045682378229 ) ) ;
#2125 = DIRECTION ( 'NONE',  ( -0.9922778767136675171, 0.000000000000000000, -0.1240347345892100356 ) ) ;
#2126 = AXIS2_PLACEMENT_3D ( 'NONE', #1380, #2926, #2389 ) ;
#2127 = CARTESIAN_POINT ( 'NONE',  ( 0.6105029728483033491, 0.9999606299210462845, -0.8491116882634612839 ) ) ;
#2128 = ORIENTED_EDGE ( 'NONE', *, *, #5157, .F. ) ;
#2129 = CARTESIAN_POINT ( 'NONE',  ( 0.8719642344371588694, 1.000000000000000000, -0.5063145128993086219 ) ) ;
#2130 = DIRECTION ( 'NONE',  ( 0.000000000000000000, -1.000000000000000000, 0.000000000000000000 ) ) ;
#2131 = VERTEX_POINT ( 'NONE', #1598 ) ;
#2132 = CARTESIAN_POINT ( 'NONE',  ( 0.5047344984436151760, 0.9999606299212597804, -0.7892121663673321574 ) ) ;
#2133 = EDGE_CURVE ( 'NONE', #213, #4832, #3391, .T. ) ;
#2134 = CARTESIAN_POINT ( 'NONE',  ( 0.5260736837537477451, 1.000000000000000000, -0.8299207660358928207 ) ) ;
#2135 = CARTESIAN_POINT ( 'NONE',  ( 0.5562164819967891916, 0.9999606299212592253, -0.8706171274575333907 ) ) ;
#2136 = ADVANCED_FACE ( 'NONE', ( #2005 ), #4875, .F. ) ;
#2137 = CARTESIAN_POINT ( 'NONE',  ( 0.8285271145986111696, 1.000000000000000000, -0.8346000374147056755 ) ) ;
#2138 = CARTESIAN_POINT ( 'NONE',  ( 0.8168382781253089586, 1.000000000000000222, -0.8453523022403706122 ) ) ;
#2139 = CARTESIAN_POINT ( 'NONE',  ( 0.7654457620321576394, 0.9999606299212596694, -0.8689348123574484051 ) ) ;
#2140 = CARTESIAN_POINT ( 'NONE',  ( 0.6306721157475827511, 0.9999606299212598914, -0.8685024755055859025 ) ) ;
#2141 = CARTESIAN_POINT ( 'NONE',  ( 0.6132360483666740025, 1.000000000000000000, -0.8023029358172020231 ) ) ;
#2142 = CARTESIAN_POINT ( 'NONE',  ( 0.7618871272168473707, 0.9999606299212598914, -0.8309127068499613245 ) ) ;
#2143 = LINE ( 'NONE', #4245, #2830 ) ;
#2144 = CARTESIAN_POINT ( 'NONE',  ( 0.5265250895968467404, 1.000000000000000222, -0.8785084495112716052 ) ) ;
#2145 = CARTESIAN_POINT ( 'NONE',  ( 0.6690783597755619594, 0.9999606299212597804, -0.8025014760547143355 ) ) ;
#2146 = CARTESIAN_POINT ( 'NONE',  ( 0.6947288839558277695, 0.9999606299212596694, -0.8880799212838957901 ) ) ;
#2147 = CARTESIAN_POINT ( 'NONE',  ( 0.2840717244674832442, 0.9999606299212597804, -0.4548627700265742702 ) ) ;
#2148 = FACE_OUTER_BOUND ( 'NONE', #2234, .T. ) ;
#2149 = CARTESIAN_POINT ( 'NONE',  ( 0.6299926654034629925, 0.9999999999999995559, -0.8719956252677736330 ) ) ;
#2150 = ADVANCED_FACE ( 'NONE', ( #2702 ), #5419, .F. ) ;
#2151 = CARTESIAN_POINT ( 'NONE',  ( 0.6943952232717411910, 0.9999606299212596694, -0.8737031298765288723 ) ) ;
#2152 = VERTEX_POINT ( 'NONE', #4322 ) ;
#2153 = CARTESIAN_POINT ( 'NONE',  ( 0.8162455670767237992, 0.9999606299212597804, -0.8561843787252867433 ) ) ;
#2154 = VECTOR ( 'NONE', #2921, 39.37007874015748143 ) ;
#2155 = EDGE_CURVE ( 'NONE', #3738, #1600, #5938, .T. ) ;
#2156 = CARTESIAN_POINT ( 'NONE',  ( 0.5572617238224032432, 1.000000000000000222, -0.8610267323148937946 ) ) ;
#2157 = CARTESIAN_POINT ( 'NONE',  ( 0.5540386495742067874, 0.9999606299212596694, -0.8767663970327501666 ) ) ;
#2158 = VERTEX_POINT ( 'NONE', #5793 ) ;
#2159 = EDGE_CURVE ( 'NONE', #3465, #6260, #1751, .T. ) ;
#2160 = ORIENTED_EDGE ( 'NONE', *, *, #3769, .F. ) ;
#2161 = CARTESIAN_POINT ( 'NONE',  ( 0.5465713325299915715, 1.000000000000000222, -0.8857919000159768519 ) ) ;
#2162 = EDGE_CURVE ( 'NONE', #3816, #2845, #1579, .T. ) ;
#2163 = DIRECTION ( 'NONE',  ( -0.7071067811865320296, 6.469997135533360238E-15, 0.7071067811865627828 ) ) ;
#2164 = CARTESIAN_POINT ( 'NONE',  ( 0.7592540757329977463, 0.9999606299212598914, -0.8783871716738368418 ) ) ;
#2165 = CARTESIAN_POINT ( 'NONE',  ( 0.5315297334727591139, 0.9999999999999996669, -0.8419882865091842250 ) ) ;
#2166 = CARTESIAN_POINT ( 'NONE',  ( 0.6061357381674028488, 0.9999999999999998890, -0.8010647893357073501 ) ) ;
#2167 = CARTESIAN_POINT ( 'NONE',  ( 0.8721007727025127387, 1.000000000000000000, -0.8625883005894828814 ) ) ;
#2168 = CARTESIAN_POINT ( 'NONE',  ( 0.000000000000000000, 0.000000000000000000, 0.000000000000000000 ) ) ;
#2169 = CARTESIAN_POINT ( 'NONE',  ( 0.7085365076118879113, 0.9999606299212596694, -0.8700361716470736972 ) ) ;
#2170 = CARTESIAN_POINT ( 'NONE',  ( 0.7249050421175181613, 1.000000000000000222, -0.8684450205073588336 ) ) ;
#2171 = B_SPLINE_CURVE_WITH_KNOTS ( 'NONE', 3,
 ( #1875, #6668, #6179, #153, #5096, #6201, #5622, #176, #3966, #4038, #682, #1787, #3996, #5691, #2426, #3423, #4528, #2359, #703 ),
 .UNSPECIFIED., .F., .F.,
 ( 4, 1, 1, 1, 1, 1, 1, 1, 1, 1, 1, 1, 1, 1, 1, 1, 4 ),
 ( 0.000000000000000000, 0.05381367553717396335, 0.1069528195400285681, 0.1592297411669608698, 0.2119878441294305027, 0.2664171771063136851, 0.3219455670150585536, 0.3804321554930928384, 0.4418041305516793860, 0.5050050872753460984, 0.5687997946032421481, 0.6342267874690939999, 0.7013374851512627073, 0.7709830105630235408, 0.8438657153438668956, 0.9200500377805954644, 1.000000000000000000 ),
 .UNSPECIFIED. ) ;
#2172 = CARTESIAN_POINT ( 'NONE',  ( 0.6150900134109537065, 0.9999606299212598914, -0.8887350664976129133 ) ) ;
#2173 = CARTESIAN_POINT ( 'NONE',  ( 0.005567769930603426974, 0.9921259842519686289, -1.000000000000000444 ) ) ;
#2174 = VERTEX_POINT ( 'NONE', #4803 ) ;
#2175 = CARTESIAN_POINT ( 'NONE',  ( 0.5563225302492712521, 0.9999999999999998890, -0.8514536213020551525 ) ) ;
#2176 = CARTESIAN_POINT ( 'NONE',  ( 0.7616093935533786441, 0.9999999999999998890, -0.8762234252958760461 ) ) ;
#2177 = VECTOR ( 'NONE', #2693, 39.37007874015748143 ) ;
#2178 = LINE ( 'NONE', #2153, #3979 ) ;
#2179 = CARTESIAN_POINT ( 'NONE',  ( 0.5507289622481419400, 1.000000000000000000, -0.8819016207120410344 ) ) ;
#2180 = VERTEX_POINT ( 'NONE', #933 ) ;
#2181 = VERTEX_POINT ( 'NONE', #2563 ) ;
#2182 = CARTESIAN_POINT ( 'NONE',  ( 0.8139140152903605596, 0.9999999999999998890, -0.8456558990862904635 ) ) ;
#2183 = CARTESIAN_POINT ( 'NONE',  ( 0.5385683859456459333, 0.9999606299212597804, -0.8892697774064808325 ) ) ;
#2184 = LINE ( 'NONE', #1301, #4064 ) ;
#2185 = ADVANCED_FACE ( 'NONE', ( #3305, #4342, #2867 ), #4777, .F. ) ;
#2186 = CARTESIAN_POINT ( 'NONE',  ( 0.5357048174554760456, 0.9999606299209536919, -0.8428641042664105631 ) ) ;
#2187 = ORIENTED_EDGE ( 'NONE', *, *, #1712, .F. ) ;
#2188 = VECTOR ( 'NONE', #437, 39.37007874015748143 ) ;
#2189 = CARTESIAN_POINT ( 'NONE',  ( 0.7749666312247462940, 1.000000000000000222, -0.8737358404433144266 ) ) ;
#2190 = CARTESIAN_POINT ( 'NONE',  ( 0.7314523344949506178, 0.9999606299212596694, -0.8127631955290024468 ) ) ;
#2191 = CARTESIAN_POINT ( 'NONE',  ( 0.6572164174530390479, 0.9999606299212596694, -0.8220174347405604376 ) ) ;
#2192 = ORIENTED_EDGE ( 'NONE', *, *, #319, .T. ) ;
#2193 = CARTESIAN_POINT ( 'NONE',  ( 0.7471025293344624174, 0.9999606299212596694, -0.8145145253007580743 ) ) ;
#2194 = VECTOR ( 'NONE', #1499, 39.37007874015748143 ) ;
#2195 = ORIENTED_EDGE ( 'NONE', *, *, #6148, .T. ) ;
#2196 = VERTEX_POINT ( 'NONE', #4257 ) ;
#2197 = CARTESIAN_POINT ( 'NONE',  ( 0.7249050421175181613, 0.9999606299212598914, -0.8684450205073588336 ) ) ;
#2198 = VERTEX_POINT ( 'NONE', #1008 ) ;
#2199 = CARTESIAN_POINT ( 'NONE',  ( 0.6788745616427451779, 0.9999606299212597804, -0.8798216301457413291 ) ) ;
#2200 = VECTOR ( 'NONE', #5388, 39.37007874015748143 ) ;
#2201 = CARTESIAN_POINT ( 'NONE',  ( 0.6197740921962708871, 1.000000000000000222, -0.8581005706048645543 ) ) ;
#2202 = CARTESIAN_POINT ( 'NONE',  ( 0.5406706571336936662, 0.9999999999999998890, -0.8320204561352398942 ) ) ;
#2203 = CARTESIAN_POINT ( 'NONE',  ( 0.5822121558773274419, 0.9999606299212597804, -0.8785084495112716052 ) ) ;
#2204 = DIRECTION ( 'NONE',  ( 0.000000000000000000, 0.000000000000000000, -1.000000000000000000 ) ) ;
#2205 = ORIENTED_EDGE ( 'NONE', *, *, #3328, .F. ) ;
#2206 = CARTESIAN_POINT ( 'NONE',  ( 0.6131742180266165354, 0.9999606299212598914, -0.8500077761092023065 ) ) ;
#2207 = CARTESIAN_POINT ( 'NONE',  ( 0.7566108822338961648, 0.9999606299212597804, -0.8799373532387749774 ) ) ;
#2208 = CARTESIAN_POINT ( 'NONE',  ( 0.7952908776309878247, 1.000000000000000000, -0.7955378417665045498 ) ) ;
#2209 = ORIENTED_EDGE ( 'NONE', *, *, #2118, .T. ) ;
#2210 = CARTESIAN_POINT ( 'NONE',  ( 0.7551844020690483550, 0.9999606299212597804, -0.8804602073735225964 ) ) ;
#2211 = EDGE_CURVE ( 'NONE', #683, #2705, #1824, .T. ) ;
#2212 = CARTESIAN_POINT ( 'NONE',  ( 0.6766456191286117638, 0.9999606299212595584, -0.8798025389195446300 ) ) ;
#2213 = ORIENTED_EDGE ( 'NONE', *, *, #6150, .F. ) ;
#2214 = CARTESIAN_POINT ( 'NONE',  ( 0.7095095208052704105, 0.9999606299212597804, -0.8629318676783394038 ) ) ;
#2215 = CARTESIAN_POINT ( 'NONE',  ( 0.7660574447030851220, 0.9999606299212598914, -0.8635094644519381024 ) ) ;
#2216 = B_SPLINE_CURVE_WITH_KNOTS ( 'NONE', 3,
 ( #5176, #4651, #3502, #3165, #218, #4604, #4052, #945, #1489, #3000, #5684, #5703, #6211, #3550, #2447, #6750, #238, #1354, #6239 ),
 .UNSPECIFIED., .F., .F.,
 ( 4, 1, 1, 1, 1, 1, 1, 1, 1, 1, 1, 1, 1, 1, 1, 1, 4 ),
 ( 0.000000000000000000, 0.07812529689189208482, 0.1518301493922382395, 0.2221520613979006964, 0.2890233266244048860, 0.3525976224640660073, 0.4148420026739735311, 0.4749348900295516374, 0.5348433958080156536, 0.5934135167521031873, 0.6507869454438930390, 0.7072859995271792988, 0.7634577572775824716, 0.8197238077213176988, 0.8778515259498448353, 0.9374785251711055256, 1.000000000000000000 ),
 .UNSPECIFIED. ) ;
#2217 = ADVANCED_FACE ( 'NONE', ( #3132 ), #3837, .T. ) ;
#2218 = PERSON_AND_ORGANIZATION ( #3334, #3267 ) ;
#2219 = AXIS2_PLACEMENT_3D ( 'NONE', #3978, #161, #652 ) ;
#2220 = EDGE_CURVE ( 'NONE', #5515, #6431, #2430, .T. ) ;
#2221 = CARTESIAN_POINT ( 'NONE',  ( 0.7660574447030851220, 0.9999606299212598914, -0.8635094644519381024 ) ) ;
#2222 = CARTESIAN_POINT ( 'NONE',  ( 0.5267302740709826070, 0.9999606299212597804, -0.8417393917461201136 ) ) ;
#2223 = LENGTH_MEASURE_WITH_UNIT ( LENGTH_MEASURE( 0.02539999999999999897 ), #4962 );
#2224 = DIRECTION ( 'NONE',  ( -0.000000000000000000, 1.000000000000000000, -0.000000000000000000 ) ) ;
#2225 = CARTESIAN_POINT ( 'NONE',  ( 0.5315297334727591139, 0.9999606299209536919, -0.8419882865091842250 ) ) ;
#2226 = CARTESIAN_POINT ( 'NONE',  ( 0.8125837904825062852, 0.9999606299212596694, -0.8456473034088487495 ) ) ;
#2227 = CARTESIAN_POINT ( 'NONE',  ( 0.7643679409360158994, 1.000000000000000222, -0.8883053647443317491 ) ) ;
#2228 = VECTOR ( 'NONE', #4199, 39.37007874015748143 ) ;
#2229 = CARTESIAN_POINT ( 'NONE',  ( 0.7297403645128291982, 0.9999606299212601135, -0.8102516149981203730 ) ) ;
#2230 = CARTESIAN_POINT ( 'NONE',  ( 0.7507271315789980637, 0.9999606299212598914, -0.8184806564976550014 ) ) ;
#2231 = ORIENTED_EDGE ( 'NONE', *, *, #4502, .T. ) ;
#2232 = ORIENTED_EDGE ( 'NONE', *, *, #5662, .F. ) ;
#2233 = B_SPLINE_CURVE_WITH_KNOTS ( 'NONE', 3,
 ( #6925, #1510, #4720, #914, #4232, #2547, #6336, #3644, #3122, #361, #4750 ),
 .UNSPECIFIED., .F., .F.,
 ( 4, 1, 1, 1, 1, 1, 1, 1, 4 ),
 ( 0.000000000000000000, 0.1337850715093810983, 0.2593853989987147113, 0.3808217004101775438, 0.4995309368699202279, 0.6183575741441209583, 0.7398956903217168701, 0.8662956414442500863, 1.000000000000000000 ),
 .UNSPECIFIED. ) ;
#2234 = EDGE_LOOP ( 'NONE', ( #6308, #3441, #633, #1655 ) ) ;
#2235 = CARTESIAN_POINT ( 'NONE',  ( 0.8122843743570313801, 0.9999606299212595584, -0.7879236972019343366 ) ) ;
#2236 = CARTESIAN_POINT ( 'NONE',  ( 0.6075359376047169135, 1.000000000000000000, -0.8901594018174896483 ) ) ;
#2237 = VERTEX_POINT ( 'NONE', #5875 ) ;
#2238 = VERTEX_POINT ( 'NONE', #2038 ) ;
#2239 = ORIENTED_EDGE ( 'NONE', *, *, #4587, .T. ) ;
#2240 = ORIENTED_EDGE ( 'NONE', *, *, #3773, .F. ) ;
#2241 = CARTESIAN_POINT ( 'NONE',  ( 0.6113024737536214559, 0.9999999999999998890, -0.8774984988413762066 ) ) ;
#2242 = CARTESIAN_POINT ( 'NONE',  ( 0.6591535153628622634, 0.9999999999999996669, -0.8857465167478716372 ) ) ;
#2243 = CARTESIAN_POINT ( 'NONE',  ( 0.6491843682352819167, 1.000000000000000000, -0.8639403518476234112 ) ) ;
#2244 = EDGE_CURVE ( 'NONE', #1278, #4380, #6595, .T. ) ;
#2245 = CARTESIAN_POINT ( 'NONE',  ( 0.5572527531377392540, 1.000000000000000222, -0.8618822046330096853 ) ) ;
#2246 = EDGE_CURVE ( 'NONE', #267, #1740, #5012, .T. ) ;
#2247 = CARTESIAN_POINT ( 'NONE',  ( 0.6766947430229646177, 1.000000000000000222, -0.7879761026020778436 ) ) ;
#2248 = ADVANCED_FACE ( 'NONE', ( #1220 ), #6181, .T. ) ;
#2249 = CARTESIAN_POINT ( 'NONE',  ( 0.5464796937283914469, 0.9999606299209536919, -0.8561046460574629480 ) ) ;
#2250 = ORIENTED_EDGE ( 'NONE', *, *, #6704, .T. ) ;
#2251 = DIRECTION ( 'NONE',  ( -1.000000000000000000, 0.000000000000000000, 2.603493823086944073E-17 ) ) ;
#2252 = CARTESIAN_POINT ( 'NONE',  ( 0.7684097941636351958, 0.9999606299212601135, -0.8850337923727090716 ) ) ;
#2253 = CARTESIAN_POINT ( 'NONE',  ( 0.6243392353770509384, 1.000000000000000222, -0.8475394206626919447 ) ) ;
#2254 = CARTESIAN_POINT ( 'NONE',  ( 0.6634330775597121477, 0.9999606299212597804, -0.8741838213431236682 ) ) ;
#2255 = CARTESIAN_POINT ( 'NONE',  ( 0.7442271727834030015, 1.000000000000000222, -0.8113221134195118811 ) ) ;
#2256 = VECTOR ( 'NONE', #1899, 39.37007874015748143 ) ;
#2257 = VECTOR ( 'NONE', #550, 39.37007874015748143 ) ;
#2258 = CARTESIAN_POINT ( 'NONE',  ( 0.3333966783382540933, 0.9999606299212597804, -0.5028024554937162716 ) ) ;
#2259 = VERTEX_POINT ( 'NONE', #880 ) ;
#2260 = VECTOR ( 'NONE', #1994, 39.37007874015748143 ) ;
#2261 = CARTESIAN_POINT ( 'NONE',  ( 0.8277122184865896015, 0.9999606299212597804, -0.8527640527431691320 ) ) ;
#2262 = ORIENTED_EDGE ( 'NONE', *, *, #95, .T. ) ;
#2263 = VECTOR ( 'NONE', #689, 39.37007874015748143 ) ;
#2264 = VECTOR ( 'NONE', #6886, 39.37007874015748143 ) ;
#2265 = EDGE_LOOP ( 'NONE', ( #6218, #6087, #2651, #3016 ) ) ;
#2266 = ORIENTED_EDGE ( 'NONE', *, *, #1359, .F. ) ;
#2267 = CARTESIAN_POINT ( 'NONE',  ( 0.000000000000000000, 0.007874015748031721468, -0.007874015748031721468 ) ) ;
#2268 = CARTESIAN_POINT ( 'NONE',  ( 0.6664466469950878214, 1.000000000000000444, -0.8897739807944798907 ) ) ;
#2269 = FACE_OUTER_BOUND ( 'NONE', #5278, .T. ) ;
#2270 = CARTESIAN_POINT ( 'NONE',  ( 0.6278086807554191795, 1.000000000000000222, -0.7993418089596948661 ) ) ;
#2271 = ORIENTED_EDGE ( 'NONE', *, *, #1105, .F. ) ;
#2272 = CARTESIAN_POINT ( 'NONE',  ( 0.5406706571336936662, 1.000000000000000000, -0.8320204561352398942 ) ) ;
#2273 = ORIENTED_EDGE ( 'NONE', *, *, #4377, .T. ) ;
#2274 = CARTESIAN_POINT ( 'NONE',  ( 0.6652921233592093975, 0.9999606299212596694, -0.8515934313970509040 ) ) ;
#2275 = VECTOR ( 'NONE', #745, 39.37007874015748143 ) ;
#2276 = DIRECTION ( 'NONE',  ( -0.000000000000000000, 1.000000000000000000, -0.000000000000000000 ) ) ;
#2277 = ORIENTED_EDGE ( 'NONE', *, *, #5911, .T. ) ;
#2278 = CARTESIAN_POINT ( 'NONE',  ( 0.7595516240031920940, 0.9999606299212596694, -0.8904900236103824307 ) ) ;
#2279 = CARTESIAN_POINT ( 'NONE',  ( 0.6195146932752324531, 1.000000000000000222, -0.8437091626978248105 ) ) ;
#2280 = CARTESIAN_POINT ( 'NONE',  ( 0.6599646800649972000, 0.9999606299212601135, -0.8670896381574224598 ) ) ;
#2281 = PLANE ( 'NONE',  #2861 ) ;
#2282 = B_SPLINE_CURVE_WITH_KNOTS ( 'NONE', 3,
 ( #5148, #5681, #1844, #1816, #5649, #2388, #4601, #5629, #4647, #6682, #2949, #3482, #812, #186, #4557, #2368, #4026, #163, #6165 ),
 .UNSPECIFIED., .F., .F.,
 ( 4, 1, 1, 1, 1, 1, 1, 1, 1, 1, 1, 1, 1, 1, 1, 1, 4 ),
 ( 0.000000000000000000, 0.08594776776712514943, 0.1646612895918341535, 0.2391822142960184361, 0.3092369848563656376, 0.3766943517160651345, 0.4407479895346235188, 0.5032957377886658756, 0.5666613310136063841, 0.6011212985389541297, 0.6409394331421699453, 0.6866273269858721440, 0.7373982524124178539, 0.7941894459313129095, 0.8569408067006942797, 0.9257597107636975631, 1.000000000000000000 ),
 .UNSPECIFIED. ) ;
#2283 = VECTOR ( 'NONE', #6815, 39.37007874015748143 ) ;
#2284 = CARTESIAN_POINT ( 'NONE',  ( 0.7381876888052568697, 1.000000000000000222, -0.8887075141972798908 ) ) ;
#2285 = ADVANCED_FACE ( 'NONE', ( #3379 ), #6798, .F. ) ;
#2286 = CARTESIAN_POINT ( 'NONE',  ( 0.6232919331632321702, 0.9999606299212596694, -0.8837847176025624973 ) ) ;
#2287 = EDGE_CURVE ( 'NONE', #2375, #3212, #2799, .T. ) ;
#2288 = ORIENTED_EDGE ( 'NONE', *, *, #272, .F. ) ;
#2289 = EDGE_CURVE ( 'NONE', #4336, #5018, #5846, .T. ) ;
#2290 = CARTESIAN_POINT ( 'NONE',  ( 0.6297935931577517410, 0.9999606299212597804, -0.8346573809053896564 ) ) ;
#2291 = CARTESIAN_POINT ( 'NONE',  ( 0.6917100886745867205, 1.000000000000000222, -0.8432852447937406737 ) ) ;
#2292 = DIRECTION ( 'NONE',  ( -0.000000000000000000, 1.000000000000000000, -0.000000000000000000 ) ) ;
#2293 = ORIENTED_EDGE ( 'NONE', *, *, #4379, .F. ) ;
#2294 = CARTESIAN_POINT ( 'NONE',  ( 0.5994066148099149727, 0.9999606299212597804, -0.8785084495112716052 ) ) ;
#2295 = CARTESIAN_POINT ( 'NONE',  ( 0.6253704975498750596, 0.9999606299212598914, -0.8401817862137092030 ) ) ;
#2296 = CARTESIAN_POINT ( 'NONE',  ( 0.8404856034602981030, 1.000000000000000222, -0.8165722899721367112 ) ) ;
#2297 = DIRECTION ( 'NONE',  ( 1.000000000000000000, 0.000000000000000000, 2.220446049250312588E-16 ) ) ;
#2298 = CARTESIAN_POINT ( 'NONE',  ( 0.7389793448996627712, 0.9999999999999998890, -0.8045562993890116310 ) ) ;
#2299 = CARTESIAN_POINT ( 'NONE',  ( 0.7509558674066834083, 1.000000000000000000, -0.8916402558559686220 ) ) ;
#2300 = CARTESIAN_POINT ( 'NONE',  ( 0.7371674707447516406, 1.000000000000000222, -0.8010307920775594503 ) ) ;
#2301 = CARTESIAN_POINT ( 'NONE',  ( 0.8255848922406960888, 0.9999606299212601135, -0.8540192153289786203 ) ) ;
#2302 = LINE ( 'NONE', #4017, #7065 ) ;
#2303 = DIRECTION ( 'NONE',  ( -0.000000000000000000, 0.000000000000000000, 1.000000000000000000 ) ) ;
#2304 = EDGE_CURVE ( 'NONE', #6640, #2948, #624, .T. ) ;
#2305 = CARTESIAN_POINT ( 'NONE',  ( 0.6333143308762795298, 1.000000000000000444, -0.8232993218209845310 ) ) ;
#2306 = CARTESIAN_POINT ( 'NONE',  ( 0.6202943942769485464, 0.9999606299212597804, -0.8632427246355613981 ) ) ;
#2307 = CARTESIAN_POINT ( 'NONE',  ( 0.6652921233592093975, 0.9999999999999998890, -0.8515934313970509040 ) ) ;
#2308 = ORIENTED_EDGE ( 'NONE', *, *, #4693, .T. ) ;
#2309 = PLANE ( 'NONE',  #102 ) ;
#2310 = VECTOR ( 'NONE', #1852, 39.37007874015748854 ) ;
#2311 = ADVANCED_FACE ( 'NONE', ( #4851 ), #3973, .T. ) ;
#2312 = CARTESIAN_POINT ( 'NONE',  ( 0.5322807360438444046, 0.9999999999999998890, -0.8783027571202980388 ) ) ;
#2313 = ORIENTED_EDGE ( 'NONE', *, *, #4292, .T. ) ;
#2314 = DIRECTION ( 'NONE',  ( 0.7588454441657024319, 0.000000000000000000, -0.6512707515841301698 ) ) ;
#2315 = CARTESIAN_POINT ( 'NONE',  ( 0.8226365956385602862, 1.000000000000000000, -0.8021132967129698255 ) ) ;
#2316 = ORIENTED_EDGE ( 'NONE', *, *, #46, .T. ) ;
#2317 = DIRECTION ( 'NONE',  ( -1.000000000000000000, 0.000000000000000000, 0.000000000000000000 ) ) ;
#2318 = ORIENTED_EDGE ( 'NONE', *, *, #1312, .T. ) ;
#2319 = CARTESIAN_POINT ( 'NONE',  ( 0.5291822973143083253, 0.9999606299212601135, -0.8417944808648570865 ) ) ;
#2320 = CARTESIAN_POINT ( 'NONE',  ( 0.5365916823618347431, 0.9999999999999998890, -0.8776363942880496261 ) ) ;
#2321 = CARTESIAN_POINT ( 'NONE',  ( 0.6174351665782740195, 0.9999606299212597804, -0.8046743204395842008 ) ) ;
#2322 = B_SPLINE_CURVE_WITH_KNOTS ( 'NONE', 3,
 ( #4950, #1645, #6993, #507, #7046, #3270, #4355, #3770, #1048, #7016, #6502, #4901, #1606, #488, #3807, #4921, #5429, #1627, #5985 ),
 .UNSPECIFIED., .F., .F.,
 ( 4, 1, 1, 1, 1, 1, 1, 1, 1, 1, 1, 1, 1, 1, 1, 1, 4 ),
 ( 0.000000000000000000, 0.08100969503787931736, 0.1571624851194896311, 0.2293186239864799525, 0.2971995747160054990, 0.3619501700138804678, 0.4237206412699677793, 0.4831222440402877516, 0.5409816837709608972, 0.5976614915012079532, 0.6531809217988236993, 0.7078518819289711939, 0.7635482905380027718, 0.8195365889150312277, 0.8776400206428162099, 0.9374543783683187970, 1.000000000000000000 ),
 .UNSPECIFIED. ) ;
#2323 = DIRECTION ( 'NONE',  ( 0.7588454441657023208, -0.000000000000000000, -0.6512707515841301698 ) ) ;
#2324 = CARTESIAN_POINT ( 'NONE',  ( 0.6186076074979468542, 0.9999606299212597804, -0.8872442239902663674 ) ) ;
#2325 = CARTESIAN_POINT ( 'NONE',  ( 0.7636345360901121149, 0.9999999999999995559, -0.8526478818462309706 ) ) ;
#2326 = CARTESIAN_POINT ( 'NONE',  ( 0.6492515295403380460, 1.000000000000000222, -0.8668852882146558247 ) ) ;
#2327 = CARTESIAN_POINT ( 'NONE',  ( 0.6166209565795146563, 0.9999606299212601135, -0.8524413188383418438 ) ) ;
#2328 = CARTESIAN_POINT ( 'NONE',  ( 0.5568768515468544011, 0.9999606299212598914, -0.8544980232573418100 ) ) ;
#2329 = EDGE_CURVE ( 'NONE', #6219, #3170, #3894, .T. ) ;
#2330 = LINE ( 'NONE', #4078, #2000 ) ;
#2331 = VECTOR ( 'NONE', #4326, 39.37007874015748854 ) ;
#2332 = CARTESIAN_POINT ( 'NONE',  ( 0.8409087408678576070, 1.000000000000000000, -0.8236421211273345921 ) ) ;
#2333 = DIRECTION ( 'NONE',  ( 0.000000000000000000, 0.000000000000000000, 1.000000000000000000 ) ) ;
#2334 = CARTESIAN_POINT ( 'NONE',  ( 0.6465580069663424689, 1.000000000000000000, -0.8220416822290746994 ) ) ;
#2335 = VECTOR ( 'NONE', #2276, 39.37007874015748143 ) ;
#2336 = DIRECTION ( 'NONE',  ( -0.000000000000000000, 1.000000000000000000, -0.000000000000000000 ) ) ;
#2337 = CARTESIAN_POINT ( 'NONE',  ( 0.8999056890068602987, 0.9999606299212597804, -0.4971109695922215632 ) ) ;
#2338 = VECTOR ( 'NONE', #4611, 39.37007874015748854 ) ;
#2339 = ORIENTED_EDGE ( 'NONE', *, *, #4466, .F. ) ;
#2340 = CARTESIAN_POINT ( 'NONE',  ( 0.7004953671445436347, 1.000000000000000222, -0.7934131500608874177 ) ) ;
#2341 = ORIENTED_EDGE ( 'NONE', *, *, #3773, .T. ) ;
#2342 = ORIENTED_EDGE ( 'NONE', *, *, #6147, .F. ) ;
#2343 = CARTESIAN_POINT ( 'NONE',  ( 0.8229829019661459855, 0.9999606299212598914, -0.8423488217799099953 ) ) ;
#2344 = CARTESIAN_POINT ( 'NONE',  ( 0.7430828785441020434, 0.9999606299212596694, -0.8100027315092160896 ) ) ;
#2345 = LINE ( 'NONE', #4757, #6167 ) ;
#2346 = ORIENTED_EDGE ( 'NONE', *, *, #464, .T. ) ;
#2347 = CARTESIAN_POINT ( 'NONE',  ( 0.5047344984436151760, 1.000000000000000000, -0.8785084495112716052 ) ) ;
#2348 = LINE ( 'NONE', #1723, #5945 ) ;
#2349 = AXIS2_PLACEMENT_3D ( 'NONE', #1052, #1033, #7024 ) ;
#2350 = EDGE_CURVE ( 'NONE', #5145, #6059, #1137, .T. ) ;
#2351 = ADVANCED_FACE ( 'NONE', ( #2093 ), #1637, .T. ) ;
#2352 = CARTESIAN_POINT ( 'NONE',  ( 0.8721007727025127387, 0.9999606299212597804, -0.8625883005894828814 ) ) ;
#2353 = ORIENTED_EDGE ( 'NONE', *, *, #1029, .F. ) ;
#2354 = VECTOR ( 'NONE', #2927, 39.37007874015748143 ) ;
#2355 = ORIENTED_EDGE ( 'NONE', *, *, #4728, .F. ) ;
#2356 = CARTESIAN_POINT ( 'NONE',  ( 0.5415856299984210809, 1.000000000000000000, -0.8883778227172078878 ) ) ;
#2357 = ORIENTED_EDGE ( 'NONE', *, *, #1178, .T. ) ;
#2358 = DIRECTION ( 'NONE',  ( -0.7071067811865510144, -0.7071067811865439090, 1.761425441745306889E-14 ) ) ;
#2359 = CARTESIAN_POINT ( 'NONE',  ( 0.8408825466829497053, 1.000000000000000000, -0.8248534096467965426 ) ) ;
#2360 = FACE_OUTER_BOUND ( 'NONE', #5944, .T. ) ;
#2361 = CARTESIAN_POINT ( 'NONE',  ( 0.6698046599048013139, 1.000000000000000000, -0.7891294942891030617 ) ) ;
#2362 = DIRECTION ( 'NONE',  ( 0.1503504868318499554, 0.000000000000000000, -0.9886327584646512623 ) ) ;
#2363 = CARTESIAN_POINT ( 'NONE',  ( 0.6479903657474559431, 0.9999999999999998890, -0.8111790365610598297 ) ) ;
#2364 = CARTESIAN_POINT ( 'NONE',  ( 0.7471025293344624174, 0.9999999999999998890, -0.8145145253007580743 ) ) ;
#2365 = PLANE ( 'NONE',  #2593 ) ;
#2366 = B_SPLINE_CURVE_WITH_KNOTS ( 'NONE', 3,
 ( #2332, #1275, #3999, #2296, #5583, #5043, #3426, #687, #5121, #707, #1744, #3933, #2856, #5100, #1789, #6627, #1809, #1232, #4510 ),
 .UNSPECIFIED., .F., .F.,
 ( 4, 1, 1, 1, 1, 1, 1, 1, 1, 1, 1, 1, 1, 1, 1, 1, 4 ),
 ( 0.000000000000000000, 0.07152128527813941816, 0.1409085920610133602, 0.2081481640820319889, 0.2739483020399233748, 0.3386781189449227791, 0.4025137052908060453, 0.4663027642352107760, 0.5299468537417435510, 0.5923596431366285886, 0.6518067656789366948, 0.7096549910940228578, 0.7661428078629968219, 0.8225137027642687171, 0.8796980306125220528, 0.9385876062756559612, 0.9999999999999998890 ),
 .UNSPECIFIED. ) ;
#2367 = CARTESIAN_POINT ( 'NONE',  ( 0.7121724122900977560, 1.000000000000000222, -0.8159714876401552575 ) ) ;
#2368 = CARTESIAN_POINT ( 'NONE',  ( 0.6036546443377976967, 1.000000000000000000, -0.8784337237097977757 ) ) ;
#2369 = CARTESIAN_POINT ( 'NONE',  ( 0.6629932833446272600, 1.000000000000000000, -0.8534349067718657311 ) ) ;
#2370 = B_SPLINE_CURVE_WITH_KNOTS ( 'NONE', 3,
 ( #2089, #2645, #5881, #6440, #3205, #2063, #2621, #6414, #3180, #6959, #3719, #5781, #7045, #3806, #3268, #525, #4900, #1605, #4376 ),
 .UNSPECIFIED., .F., .F.,
 ( 4, 1, 1, 1, 1, 1, 1, 1, 1, 1, 1, 1, 1, 1, 1, 1, 4 ),
 ( 0.000000000000000000, 0.06282749138135880485, 0.1223726895779770341, 0.1803837658619592277, 0.2364891989894712943, 0.2926289502320359448, 0.3503980605968383122, 0.4101926792197947425, 0.4734229773823797061, 0.5102124852509628550, 0.5552799601987792322, 0.6084730122619794734, 0.6698570376582488883, 0.7400379641843852774, 0.8179174674906523057, 0.9048122599055274939, 1.000000000000000000 ),
 .UNSPECIFIED. ) ;
#2371 = CARTESIAN_POINT ( 'NONE',  ( 0.8579800891159637954, 0.9999606299212597804, -0.8653766431665746994 ) ) ;
#2372 = CARTESIAN_POINT ( 'NONE',  ( 0.8368182036660689604, 0.9999606299212602245, -0.8426021715844518312 ) ) ;
#2373 = EDGE_CURVE ( 'NONE', #3582, #4323, #2421, .T. ) ;
#2374 = EDGE_CURVE ( 'NONE', #3398, #2513, #5660, .T. ) ;
#2375 = VERTEX_POINT ( 'NONE', #3843 ) ;
#2376 = CARTESIAN_POINT ( 'NONE',  ( 0.6597246229977640208, 1.000000000000000222, -0.8626508684468602306 ) ) ;
#2377 = EDGE_CURVE ( 'NONE', #6639, #5858, #195, .T. ) ;
#2378 = CARTESIAN_POINT ( 'NONE',  ( 0.6665444782928602319, 0.9999999999999996669, -0.8040587467150480672 ) ) ;
#2379 = PLANE ( 'NONE',  #6655 ) ;
#2380 = APPROVAL_DATE_TIME ( #2908, #6574 ) ;
#2381 = ADVANCED_FACE ( 'NONE', ( #2947 ), #4012, .T. ) ;
#2382 = CARTESIAN_POINT ( 'NONE',  ( 0.7441634769401428429, 0.9999999999999995559, -0.8798058155270558345 ) ) ;
#2383 = CARTESIAN_POINT ( 'NONE',  ( 0.5432038824471105976, 0.9999606299212597804, -0.8729113496539329109 ) ) ;
#2384 = CARTESIAN_POINT ( 'NONE',  ( 0.8303613160901479606, 1.000000000000000000, -0.8203264572259574283 ) ) ;
#2385 = PLANE ( 'NONE',  #3417 ) ;
#2386 = VECTOR ( 'NONE', #773, 39.37007874015748143 ) ;
#2387 = CARTESIAN_POINT ( 'NONE',  ( 0.5419639185436666562, 0.9999606299212597804, -0.8463651222919994499 ) ) ;
#2388 = CARTESIAN_POINT ( 'NONE',  ( 0.6181766148131794258, 0.9999999999999998890, -0.8721920652603382118 ) ) ;
#2389 = DIRECTION ( 'NONE',  ( 0.000000000000000000, -1.000000000000000000, 0.000000000000000000 ) ) ;
#2390 = CARTESIAN_POINT ( 'NONE',  ( 0.6297935931577517410, 1.000000000000000000, -0.8346573809053896564 ) ) ;
#2391 = DIRECTION ( 'NONE',  ( 0.000000000000000000, 0.000000000000000000, -1.000000000000000000 ) ) ;
#2392 = CARTESIAN_POINT ( 'NONE',  ( 0.7017115936140698729, 1.000000000000000000, -0.8170351810601588216 ) ) ;
#2393 = VECTOR ( 'NONE', #1238, 39.37007874015748143 ) ;
#2394 = CARTESIAN_POINT ( 'NONE',  ( 0.6803724083039373038, 0.9999606299212597804, -0.7878989857328625446 ) ) ;
#2395 = ORIENTED_EDGE ( 'NONE', *, *, #4837, .T. ) ;
#2396 = ORIENTED_EDGE ( 'NONE', *, *, #5293, .F. ) ;
#2397 = PLANE ( 'NONE',  #3792 ) ;
#2398 = PLANE ( 'NONE',  #4478 ) ;
#2399 = PLANE ( 'NONE',  #6956 ) ;
#2400 = ORIENTED_EDGE ( 'NONE', *, *, #2162, .F. ) ;
#2401 = ORIENTED_EDGE ( 'NONE', *, *, #2895, .F. ) ;
#2402 = CARTESIAN_POINT ( 'NONE',  ( 0.6203802142725932667, 0.9999606299212596694, -0.8442882699683321723 ) ) ;
#2403 = CARTESIAN_POINT ( 'NONE',  ( 0.7414182069716351853, 1.000000000000000000, -0.8780892087008453917 ) ) ;
#2404 = ORIENTED_EDGE ( 'NONE', *, *, #6244, .T. ) ;
#2405 = CARTESIAN_POINT ( 'NONE',  ( 0.6215975392420495238, 0.9999606299212597804, -0.8105642753144211010 ) ) ;
#2406 = DIRECTION ( 'NONE',  ( 0.000000000000000000, -1.000000000000000000, -0.000000000000000000 ) ) ;
#2407 = CARTESIAN_POINT ( 'NONE',  ( 0.8408345578505146412, 0.9999606299212597804, -0.8200644907502592229 ) ) ;
#2408 = B_SPLINE_CURVE_WITH_KNOTS ( 'NONE', 3,
 ( #2078, #540, #3873, #5510, #1110, #586, #4916, #4414, #3895, #4459, #4964, #6575, #5491, #567, #1661, #4392, #4442, #603, #6048 ),
 .UNSPECIFIED., .F., .F.,
 ( 4, 1, 1, 1, 1, 1, 1, 1, 1, 1, 1, 1, 1, 1, 1, 1, 4 ),
 ( 0.000000000000000000, 0.08820144037149701965, 0.1718893103146723056, 0.2504170396028652656, 0.3244954435711902008, 0.3944548941301357359, 0.4608552762109065504, 0.5235657346858992867, 0.5835685647968428258, 0.6410899172662984924, 0.6961139743723587792, 0.7480632207189562566, 0.7995118824307310135, 0.8496678227294929275, 0.8992658375494803069, 0.9491826341192718397, 1.000000000000000000 ),
 .UNSPECIFIED. ) ;
#2409 = CARTESIAN_POINT ( 'NONE',  ( 0.8047927355881713263, 1.000000000000000000, -0.8540273575926122795 ) ) ;
#2410 = CARTESIAN_POINT ( 'NONE',  ( 0.6333873772510280054, 0.9999606299212597804, -0.8173947796082953188 ) ) ;
#2411 = ORIENTED_EDGE ( 'NONE', *, *, #2162, .T. ) ;
#2412 = CARTESIAN_POINT ( 'NONE',  ( 0.6604096109879394882, 0.9999606299212596694, -0.8578726677132449963 ) ) ;
#2413 = CARTESIAN_POINT ( 'NONE',  ( 0.7017115936140698729, 0.9999606299212597804, -0.8170351810601588216 ) ) ;
#2414 = CARTESIAN_POINT ( 'NONE',  ( 0.6673300188378902265, 1.000000000000000000, -0.8773283811301076929 ) ) ;
#2415 = EDGE_CURVE ( 'NONE', #2680, #3286, #6744, .T. ) ;
#2416 = ADVANCED_FACE ( 'NONE', ( #2783 ), #2309, .T. ) ;
#2417 = CARTESIAN_POINT ( 'NONE',  ( 0.8170611933736137145, 0.9999999999999998890, -0.8561556184604214303 ) ) ;
#2418 = B_SPLINE_SURFACE_WITH_KNOTS ( 'NONE', 3, 1, ( 
 ( #539, #1684 ),
 ( #4934, #3284 ),
 ( #2230, #1152 ),
 ( #5469, #4390 ),
 ( #2193, #7057 ),
 ( #3829, #1091 ),
 ( #5002, #2255 ),
 ( #2344, #118 ),
 ( #5630, #3416 ),
 ( #6143, #1817 ),
 ( #143, #1775 ),
 ( #1173, #6614 ),
 ( #672, #2300 ) ),
 .UNSPECIFIED., .F., .F., .F.,
 ( 4, 1, 1, 1, 1, 1, 1, 1, 1, 1, 4 ),
 ( 2, 2 ),
 ( 0.000000000000000000, 0.1227496676134315762, 0.2345844757249748447, 0.3360613725792306883, 0.4265798447320822140, 0.5068085108969682118, 0.5755457069859388763, 0.6345771878879875594, 0.6821573405218291919, 0.8461889169654391862, 1.000000000000000000 ),
 ( 0.000000000000000000, 1.000000000000000000 ),
 .UNSPECIFIED. ) ;
#2419 = CARTESIAN_POINT ( 'NONE',  ( 0.6988578827821755324, 1.000000000000000222, -0.8625093308726275998 ) ) ;
#2420 = VECTOR ( 'NONE', #5803, 39.37007874015748143 ) ;
#2421 = LINE ( 'NONE', #2740, #1660 ) ;
#2422 = CARTESIAN_POINT ( 'NONE',  ( 0.5465713325299915715, 1.000000000000000222, -0.8857919000159768519 ) ) ;
#2423 = ORIENTED_EDGE ( 'NONE', *, *, #814, .T. ) ;
#2424 = DIRECTION ( 'NONE',  ( -0.000000000000000000, 0.000000000000000000, 1.000000000000000000 ) ) ;
#2425 = LINE ( 'NONE', #4873, #3731 ) ;
#2426 = CARTESIAN_POINT ( 'NONE',  ( 0.8399435030130631974, 1.000000000000000222, -0.8339467881694069273 ) ) ;
#2427 = VERTEX_POINT ( 'NONE', #2763 ) ;
#2428 = VECTOR ( 'NONE', #7002, 39.37007874015748854 ) ;
#2429 = EDGE_CURVE ( 'NONE', #1076, #5515, #1174, .T. ) ;
#2430 = LINE ( 'NONE', #2709, #6010 ) ;
#2431 = ORIENTED_EDGE ( 'NONE', *, *, #2155, .T. ) ;
#2432 = CARTESIAN_POINT ( 'NONE',  ( 0.7348054100325174254, 1.000000000000000444, -0.8648652309006683581 ) ) ;
#2433 = ORIENTED_EDGE ( 'NONE', *, *, #4246, .F. ) ;
#2434 = B_SPLINE_SURFACE_WITH_KNOTS ( 'NONE', 3, 1, ( 
 ( #2394, #6198 ),
 ( #6911, #5785 ),
 ( #1997, #2557 ),
 ( #5866, #2049 ),
 ( #4192, #3681 ),
 ( #6298, #946 ),
 ( #6348, #2602 ),
 ( #866, #1970 ),
 ( #1466, #891 ),
 ( #6323, #1420 ),
 ( #5248, #5301 ),
 ( #3584, #2528 ),
 ( #296, #4793 ),
 ( #4138, #3086 ),
 ( #2504, #403 ),
 ( #841, #4247 ),
 ( #4689, #4165 ),
 ( #5808, #348 ),
 ( #1490, #6852 ) ),
 .UNSPECIFIED., .F., .F., .F.,
 ( 4, 1, 1, 1, 1, 1, 1, 1, 1, 1, 1, 1, 1, 1, 1, 1, 4 ),
 ( 2, 2 ),
 ( 0.000000000000000000, 0.06906221142851934336, 0.1347658792836469999, 0.1976107057024324987, 0.2585282108425840386, 0.3181274252810143977, 0.3770582660618966298, 0.4356857915191255648, 0.4947336263914089427, 0.5540911070636512781, 0.6133334186580052805, 0.6729241889746491179, 0.7340655047106257047, 0.7962987887860594194, 0.8612408916846016060, 0.9289703310657799751, 1.000000000000000000 ),
 ( 0.000000000000000000, 1.000000000000000000 ),
 .UNSPECIFIED. ) ;
#2435 = LINE ( 'NONE', #3376, #3561 ) ;
#2436 = CARTESIAN_POINT ( 'NONE',  ( 0.6949388338549836730, 0.9999999999999998890, -0.8033594290794592307 ) ) ;
#2437 = CARTESIAN_POINT ( 'NONE',  ( 0.6334262006216457852, 1.000000000000000222, -0.8189023597747957517 ) ) ;
#2438 = CARTESIAN_POINT ( 'NONE',  ( 0.6118444894250256727, 0.9999999999999998890, -0.8354774025281451744 ) ) ;
#2440 = ORIENTED_EDGE ( 'NONE', *, *, #643, .T. ) ;
#2439 = CC_DESIGN_APPROVAL ( #1192, ( #4520 ) ) ;
#2441 = CARTESIAN_POINT ( 'NONE',  ( 0.8351809088539038362, 0.9999606299212602245, -0.8010727231647289948 ) ) ;
#2442 = ORIENTED_EDGE ( 'NONE', *, *, #3840, .F. ) ;
#2443 = CARTESIAN_POINT ( 'NONE',  ( 0.8297673454499467915, 0.9999606299212597804, -0.8304184162244282463 ) ) ;
#2444 = CARTESIAN_POINT ( 'NONE',  ( 0.6164156097575766990, 0.9999606299212596694, -0.7909561189494803690 ) ) ;
#2445 = CARTESIAN_POINT ( 'NONE',  ( 0.6664095519143636848, 1.000000000000000444, -0.8394357131857610455 ) ) ;
#2446 = VECTOR ( 'NONE', #1734, 39.37007874015748143 ) ;
#2447 = CARTESIAN_POINT ( 'NONE',  ( 0.7009806675740903881, 0.9999606299212602245, -0.8116706504801229904 ) ) ;
#2448 = CARTESIAN_POINT ( 'NONE',  ( 0.7421479023018504595, 0.9999606299212598914, -0.8088649968042922467 ) ) ;
#2449 = ORIENTED_EDGE ( 'NONE', *, *, #6035, .T. ) ;
#2450 = CARTESIAN_POINT ( 'NONE',  ( 0.5066811870757106373, 0.9999606299212597804, -0.3332102154469469002 ) ) ;
#2451 = AXIS2_PLACEMENT_3D ( 'NONE', #6388, #6928, #6871 ) ;
#2452 = DIRECTION ( 'NONE',  ( 1.000000000000000000, -0.000000000000000000, 2.453269466693455261E-14 ) ) ;
#2453 = EDGE_CURVE ( 'NONE', #2075, #10, #33, .T. ) ;
#2454 = CARTESIAN_POINT ( 'NONE',  ( 0.7370152816038172405, 0.9999606299212601135, -0.8727007122770812364 ) ) ;
#2455 = CARTESIAN_POINT ( 'NONE',  ( 0.6858198770581785952, 1.000000000000000222, -0.7999985318083218111 ) ) ;
#2456 = ORIENTED_EDGE ( 'NONE', *, *, #1780, .F. ) ;
#2457 = CARTESIAN_POINT ( 'NONE',  ( 0.6803724083039373038, 1.000000000000000000, -0.7878989857328625446 ) ) ;
#2458 = CARTESIAN_POINT ( 'NONE',  ( 0.7988869605648273309, 0.9999606299212597804, -0.8357069682065249028 ) ) ;
#2459 = CARTESIAN_POINT ( 'NONE',  ( 0.6873192785678214900, 0.9999606299212596694, -0.8445956455822249964 ) ) ;
#2460 = ORIENTED_EDGE ( 'NONE', *, *, #4704, .T. ) ;
#2461 = ADVANCED_FACE ( 'NONE', ( #4258 ), #3967, .F. ) ;
#2462 = CARTESIAN_POINT ( 'NONE',  ( 0.7472272226327671962, 0.9999999999999998890, -0.8808060458656048475 ) ) ;
#2463 = B_SPLINE_SURFACE_WITH_KNOTS ( 'NONE', 3, 1, ( 
 ( #5458, #546 ),
 ( #1099, #4881 ),
 ( #3750, #462 ),
 ( #1577, #4309 ),
 ( #5950, #1012 ),
 ( #4858, #5540 ),
 ( #6095, #2270 ),
 ( #6581, #1692 ),
 ( #3319, #106 ),
 ( #5054, #3355 ),
 ( #6559, #3909 ),
 ( #5556, #65 ),
 ( #4970, #613 ),
 ( #2873, #4462 ),
 ( #3947, #3377 ),
 ( #662, #6623 ),
 ( #1160, #2829 ),
 ( #5010, #3407 ),
 ( #18, #4506 ) ),
 .UNSPECIFIED., .F., .F., .F.,
 ( 4, 1, 1, 1, 1, 1, 1, 1, 1, 1, 1, 1, 1, 1, 1, 1, 4 ),
 ( 2, 2 ),
 ( 0.000000000000000000, 0.09271675908828247437, 0.1801828503269487514, 0.2644844746646980993, 0.3464547069403144941, 0.4250710312591280959, 0.4992283855822984839, 0.5714123754260503896, 0.6423085886576510584, 0.6788506151926677612, 0.7174739186893362985, 0.7581199166695006264, 0.8008069053587525410, 0.8468253388439295204, 0.8950746429128073611, 0.9461164316244252692, 1.000000000000000000 ),
 ( 0.000000000000000000, 1.000000000000000000 ),
 .UNSPECIFIED. ) ;
#2464 = CARTESIAN_POINT ( 'NONE',  ( 0.5265250895968467404, 0.9999606299212597804, -0.8785084495112716052 ) ) ;
#2465 = CARTESIAN_POINT ( 'NONE',  ( 0.6314288043381214299, 0.9999999999999996669, -0.8062486558833154016 ) ) ;
#2466 = CARTESIAN_POINT ( 'NONE',  ( 0.6491843682352819167, 0.9999606299212597804, -0.8639403518476234112 ) ) ;
#2467 = VERTEX_POINT ( 'NONE', #5623 ) ;
#2468 = B_SPLINE_CURVE_WITH_KNOTS ( 'NONE', 3,
 ( #4049, #285, #2407, #6208, #4076, #1905, #1349, #6771, #2441, #5726, #3543, #258, #5698, #2996, #6234, #211, #5202, #1884, #760 ),
 .UNSPECIFIED., .F., .F.,
 ( 4, 1, 1, 1, 1, 1, 1, 1, 1, 1, 1, 1, 1, 1, 1, 1, 4 ),
 ( 0.000000000000000000, 0.07152128527813941816, 0.1409085920610133602, 0.2081481640820319889, 0.2739483020399233748, 0.3386781189449227791, 0.4025137052908060453, 0.4663027642352107760, 0.5299468537417435510, 0.5923596431366285886, 0.6518067656789366948, 0.7096549910940228578, 0.7661428078629968219, 0.8225137027642687171, 0.8796980306125220528, 0.9385876062756559612, 0.9999999999999998890 ),
 .UNSPECIFIED. ) ;
#2469 = CARTESIAN_POINT ( 'NONE',  ( 0.6492100313969567660, 0.9999999999999998890, -0.8628365297406112022 ) ) ;
#2470 = CARTESIAN_POINT ( 'NONE',  ( 0.9809904443907625504, 1.000000000000000000, -0.007874015748031747489 ) ) ;
#2471 = DIRECTION ( 'NONE',  ( 0.000000000000000000, 0.5054494651244125780, 0.8628562094610232602 ) ) ;
#2472 = CARTESIAN_POINT ( 'NONE',  ( 0.7355879200541969309, 0.9999999999999998890, -0.8180689020707913039 ) ) ;
#2473 = DIRECTION ( 'NONE',  ( 0.5000000000000000000, -0.7071067811865474617, -0.5000000000000000000 ) ) ;
#2474 = CARTESIAN_POINT ( 'NONE',  ( 0.5717067108015697618, 0.9999606299212597804, -0.7892121663673321574 ) ) ;
#2475 = B_SPLINE_SURFACE_WITH_KNOTS ( 'NONE', 3, 1, ( 
 ( #235, #4619 ),
 ( #4102, #4646 ),
 ( #5767, #6823 ),
 ( #4296, #6774 ),
 ( #3920, #3586 ),
 ( #6884, #371 ),
 ( #6351, #4170 ),
 ( #2578, #327 ),
 ( #3112, #5837 ),
 ( #4194, #5787 ),
 ( #3007, #5303 ),
 ( #3607, #3630 ),
 ( #300, #5250 ),
 ( #2031, #6784 ),
 ( #2532, #349 ),
 ( #5737, #2478 ),
 ( #823, #6300 ),
 ( #3088, #3563 ),
 ( #274, #4690 ) ),
 .UNSPECIFIED., .F., .F., .F.,
 ( 4, 1, 1, 1, 1, 1, 1, 1, 1, 1, 1, 1, 1, 1, 1, 1, 4 ),
 ( 2, 2 ),
 ( 0.000000000000000000, 0.07152128527813941816, 0.1409085920610133602, 0.2081481640820319889, 0.2739483020399233748, 0.3386781189449227791, 0.4025137052908060453, 0.4663027642352107760, 0.5299468537417435510, 0.5923596431366285886, 0.6518067656789366948, 0.7096549910940228578, 0.7661428078629968219, 0.8225137027642687171, 0.8796980306125220528, 0.9385876062756559612, 0.9999999999999998890 ),
 ( 0.000000000000000000, 1.000000000000000000 ),
 .UNSPECIFIED. ) ;
#2476 = EDGE_CURVE ( 'NONE', #6288, #5763, #6935, .T. ) ;
#2477 = CARTESIAN_POINT ( 'NONE',  ( 0.7472272226327671962, 0.9999606299212596694, -0.8808060458656048475 ) ) ;
#2478 = CARTESIAN_POINT ( 'NONE',  ( 0.8191650406486701286, 0.9999999999999995559, -0.7884939628495177821 ) ) ;
#2479 = CARTESIAN_POINT ( 'NONE',  ( 0.6721797960092293911, 1.000000000000000222, -0.8911912924236381484 ) ) ;
#2480 = EDGE_CURVE ( 'NONE', #4264, #2736, #4059, .T. ) ;
#2481 = DIRECTION ( 'NONE',  ( -0.000000000000000000, 1.000000000000000000, -0.000000000000000000 ) ) ;
#2482 = CARTESIAN_POINT ( 'NONE',  ( 0.7100228778774707594, 1.000000000000000222, -0.8055203814908296067 ) ) ;
#2483 = CARTESIAN_POINT ( 'NONE',  ( 0.5353196123472238055, 1.000000000000000444, -0.8778913082979886706 ) ) ;
#2484 = CARTESIAN_POINT ( 'NONE',  ( 0.6951848192596311593, 0.9999606299212597804, -0.8421157516830495293 ) ) ;
#2485 = LINE ( 'NONE', #5822, #849 ) ;
#2486 = AXIS2_PLACEMENT_3D ( 'NONE', #2203, #490, #508 ) ;
#2487 = DIRECTION ( 'NONE',  ( -1.000000000000000000, 0.000000000000000000, 2.220446049250312588E-16 ) ) ;
#2488 = CARTESIAN_POINT ( 'NONE',  ( 0.5338816965646214774, 0.9999606299212597804, -0.8781145340020231060 ) ) ;
#2489 = CARTESIAN_POINT ( 'NONE',  ( 0.7660574447030851220, 0.9999606299212598914, -0.8635094644519381024 ) ) ;
#2490 = ORIENTED_EDGE ( 'NONE', *, *, #975, .F. ) ;
#2491 = CARTESIAN_POINT ( 'NONE',  ( 0.6073235434794097554, 1.000000000000000444, -0.8362378122882302423 ) ) ;
#2492 = CARTESIAN_POINT ( 'NONE',  ( 0.6492604016786401866, 0.9999606299212598914, -0.8606700067235739660 ) ) ;
#2493 = CARTESIAN_POINT ( 'NONE',  ( 0.6917100886745867205, 0.9999606299212598914, -0.8432852447937406737 ) ) ;
#2494 = EDGE_CURVE ( 'NONE', #1777, #6528, #3726, .T. ) ;
#2495 = CARTESIAN_POINT ( 'NONE',  ( 0.8505807351360893387, 0.9999606299212597804, -0.4547783707392524799 ) ) ;
#2496 = CARTESIAN_POINT ( 'NONE',  ( 0.7120842346310363169, 1.000000000000000222, -0.8132615888722629638 ) ) ;
#2497 = ORIENTED_EDGE ( 'NONE', *, *, #643, .F. ) ;
#2498 = CARTESIAN_POINT ( 'NONE',  ( 0.7424826207913650666, 1.000000000000000222, -0.8257406080007630989 ) ) ;
#2499 = CARTESIAN_POINT ( 'NONE',  ( 0.7401725182893974520, 0.9999606299212598914, -0.8769751792681502733 ) ) ;
#2500 = ORIENTED_EDGE ( 'NONE', *, *, #3126, .T. ) ;
#2501 = ORIENTED_EDGE ( 'NONE', *, *, #1690, .T. ) ;
#2502 = CARTESIAN_POINT ( 'NONE',  ( 0.8050630132363176816, 0.9999606299212597804, -0.8771952688768018813 ) ) ;
#2503 = ADVANCED_FACE ( 'NONE', ( #6583 ), #2399, .T. ) ;
#2504 = CARTESIAN_POINT ( 'NONE',  ( 0.6479903657474559431, 0.9999606299212596694, -0.8111790365610598297 ) ) ;
#2505 = B_SPLINE_SURFACE_WITH_KNOTS ( 'NONE', 3, 1, ( 
 ( #3951, #91 ),
 ( #2917, #6694 ),
 ( #3473, #667 ),
 ( #2274, #179 ),
 ( #6115, #1207 ),
 ( #4531, #5060 ),
 ( #2878, #136 ),
 ( #4020, #1345 ),
 ( #282, #4642 ),
 ( #829, #6204 ),
 ( #252, #6182 ) ),
 .UNSPECIFIED., .F., .F., .F.,
 ( 4, 1, 1, 1, 1, 1, 1, 1, 4 ),
 ( 2, 2 ),
 ( 0.000000000000000000, 0.07501569460760568187, 0.1629301842777474696, 0.2646744147797601143, 0.3809699752964743613, 0.5123091530377105185, 0.6582210125869660811, 0.8208323791787902612, 1.000000000000000000 ),
 ( 0.000000000000000000, 1.000000000000000000 ),
 .UNSPECIFIED. ) ;
#2506 = DIRECTION ( 'NONE',  ( -0.000000000000000000, 1.000000000000000000, -0.000000000000000000 ) ) ;
#2507 = CARTESIAN_POINT ( 'NONE',  ( 0.6692318982681991768, 0.9999606299212596694, -0.8906057877633354325 ) ) ;
#2508 = CARTESIAN_POINT ( 'NONE',  ( 0.6015815702357554251, 0.9999606299212597804, -0.8364866692082413291 ) ) ;
#2509 = CARTESIAN_POINT ( 'NONE',  ( 0.6850131763060101076, 1.000000000000000222, -0.7880135766155972332 ) ) ;
#2510 = CARTESIAN_POINT ( 'NONE',  ( 0.5444406234384360221, 0.9999606299212597804, -0.8709206650490960433 ) ) ;
#2511 = CARTESIAN_POINT ( 'NONE',  ( 0.5406706571336936662, 0.9999606299212596694, -0.8320204561352398942 ) ) ;
#2512 = CARTESIAN_POINT ( 'NONE',  ( 0.2840717244674832442, 1.000000000000000000, -0.4548627700265742702 ) ) ;
#2513 = VERTEX_POINT ( 'NONE', #6711 ) ;
#2514 = CARTESIAN_POINT ( 'NONE',  ( 0.6710348678700397418, 0.9999999999999998890, -0.8377733412507021304 ) ) ;
#2515 = CARTESIAN_POINT ( 'NONE',  ( 0.7538939239274961013, 1.000000000000000222, -0.8218739883673926716 ) ) ;
#2516 = LINE ( 'NONE', #4982, #2863 ) ;
#2517 = CARTESIAN_POINT ( 'NONE',  ( 0.007874015748031584425, 1.000000000000000000, -0.007874015748031721468 ) ) ;
#2518 = EDGE_CURVE ( 'NONE', #863, #5451, #3544, .T. ) ;
#2519 = CARTESIAN_POINT ( 'NONE',  ( 0.8303870356266155328, 0.9999999999999998890, -0.8239367574989286958 ) ) ;
#2520 = CARTESIAN_POINT ( 'NONE',  ( 0.5466877842308862645, 0.9999999999999998890, -0.8633694455463898354 ) ) ;
#2521 = EDGE_CURVE ( 'NONE', #1155, #1332, #4758, .T. ) ;
#2522 = CARTESIAN_POINT ( 'NONE',  ( 0.7236683739506467594, 1.000000000000000000, -0.7969460518492634815 ) ) ;
#2523 = CARTESIAN_POINT ( 'NONE',  ( 0.6850288628179920236, 0.9999999999999995559, -0.8336870952819691594 ) ) ;
#2524 = VECTOR ( 'NONE', #1746, 39.37007874015748143 ) ;
#2525 = FACE_OUTER_BOUND ( 'NONE', #3927, .T. ) ;
#2526 = ORIENTED_EDGE ( 'NONE', *, *, #3490, .T. ) ;
#2527 = EDGE_CURVE ( 'NONE', #1897, #4402, #1729, .T. ) ;
#2528 = CARTESIAN_POINT ( 'NONE',  ( 0.6519410977245277961, 1.000000000000000222, -0.8020705669904442114 ) ) ;
#2529 = EDGE_LOOP ( 'NONE', ( #774, #279, #5525, #92, #5212, #312, #1017, #2205 ) ) ;
#2530 = FACE_OUTER_BOUND ( 'NONE', #4441, .T. ) ;
#2531 = CARTESIAN_POINT ( 'NONE',  ( 0.6954795193159251099, 0.9999999999999996669, -0.8722461049484135920 ) ) ;
#2532 = CARTESIAN_POINT ( 'NONE',  ( 0.8219576338362144519, 0.9999606299212601135, -0.7893132719945268327 ) ) ;
#2533 = ORIENTED_EDGE ( 'NONE', *, *, #2662, .T. ) ;
#2535 = VECTOR ( 'NONE', #1186, 39.37007874015748143 ) ;
#2534 = DIRECTION ( 'NONE',  ( -0.000000000000000000, 1.000000000000000000, -0.000000000000000000 ) ) ;
#2536 = ORIENTED_EDGE ( 'NONE', *, *, #3136, .T. ) ;
#2537 = LINE ( 'NONE', #189, #2275 ) ;
#2538 = CARTESIAN_POINT ( 'NONE',  ( 0.5376933153935025134, 1.000000000000000222, -0.8773118590410354800 ) ) ;
#2539 = CARTESIAN_POINT ( 'NONE',  ( 0.6935557398699419007, 0.9999606299212598914, -0.8426674459427683228 ) ) ;
#2540 = CARTESIAN_POINT ( 'NONE',  ( 0.6943952232717411910, 0.9999999999999998890, -0.8737031298765288723 ) ) ;
#2541 = ADVANCED_FACE ( 'NONE', ( #5844 ), #6142, .F. ) ;
#2542 = DIRECTION ( 'NONE',  ( 0.5000000000000045519, -0.7071067811865412445, -0.5000000000000045519 ) ) ;
#2543 = EDGE_LOOP ( 'NONE', ( #4989, #180, #1550, #5815 ) ) ;
#2544 = CARTESIAN_POINT ( 'NONE',  ( 0.8076863202092761096, 1.000000000000000444, -0.7995947685267508209 ) ) ;
#2545 = FACE_OUTER_BOUND ( 'NONE', #7058, .T. ) ;
#2546 = CARTESIAN_POINT ( 'NONE',  ( 0.7228828550870388669, 0.9999999999999998890, -0.7929776944214556034 ) ) ;
#2547 = CARTESIAN_POINT ( 'NONE',  ( 0.7083554720258721238, 0.9999606299212595584, -0.8319801185870843163 ) ) ;
#2548 = CARTESIAN_POINT ( 'NONE',  ( 0.6644029180612499585, 0.9999999999999996669, -0.8402506438780078524 ) ) ;
#2549 = CARTESIAN_POINT ( 'NONE',  ( 0.007874015748031584425, 1.000000000000000000, 0.000000000000000000 ) ) ;
#2550 = DIRECTION ( 'NONE',  ( 6.839255870354760098E-17, -0.7071067811865413555, 0.7071067811865534569 ) ) ;
#2551 = CARTESIAN_POINT ( 'NONE',  ( 0.8622189700039214477, 0.9999606299212595584, -0.8679277630126680521 ) ) ;
#2552 = CARTESIAN_POINT ( 'NONE',  ( 0.5327533902458122528, 0.9999606299212596694, -0.8900860171702897894 ) ) ;
#2553 = CARTESIAN_POINT ( 'NONE',  ( 0.6986406809929145423, 0.9999606299212603355, -0.8265405903788701769 ) ) ;
#2554 = AXIS2_PLACEMENT_3D ( 'NONE', #434, #4284, #3094 ) ;
#2555 = CARTESIAN_POINT ( 'NONE',  ( 0.8085194455510876788, 0.9999606299212598914, -0.8552747935226379106 ) ) ;
#2556 = AXIS2_PLACEMENT_3D ( 'NONE', #5374, #3754, #5860 ) ;
#2557 = CARTESIAN_POINT ( 'NONE',  ( 0.6766947430229646177, 1.000000000000000222, -0.7879761026020778436 ) ) ;
#2558 = CARTESIAN_POINT ( 'NONE',  ( 0.8130446892802037917, 0.9999606299212597804, -0.7984044308086201136 ) ) ;
#2559 = EDGE_LOOP ( 'NONE', ( #4709, #5642, #4219, #5810 ) ) ;
#2560 = CARTESIAN_POINT ( 'NONE',  ( 0.7002379209571267804, 1.000000000000000222, -0.8397447041516571398 ) ) ;
#2561 = CARTESIAN_POINT ( 'NONE',  ( 0.7121724122900977560, 0.9999606299212598914, -0.8159714876401552575 ) ) ;
#2562 = CARTESIAN_POINT ( 'NONE',  ( 0.8000462686994838091, 0.9999606299212596694, -0.8379283927419142186 ) ) ;
#2563 = CARTESIAN_POINT ( 'NONE',  ( 0.000000000000000000, 0.9921259842519682959, -0.9944322300693975158 ) ) ;
#2564 = EDGE_LOOP ( 'NONE', ( #5527, #2862, #2213, #4321 ) ) ;
#2565 = DIRECTION ( 'NONE',  ( 0.1240347345892100356, 0.000000000000000000, -0.9922778767136675171 ) ) ;
#2566 = B_SPLINE_SURFACE_WITH_KNOTS ( 'NONE', 3, 1, ( 
 ( #6789, #4667 ),
 ( #904, #6889 ),
 ( #3569, #4695 ),
 ( #3614, #1343 ),
 ( #377, #5195 ),
 ( #2510, #6304 ),
 ( #4715, #1428 ),
 ( #6812, #3013 ),
 ( #1898, #280 ),
 ( #4118, #5256 ),
 ( #308, #2538 ),
 ( #1369, #5791 ),
 ( #1933, #2483 ),
 ( #2984, #4762 ),
 ( #4899, #2312 ),
 ( #5337, #5888 ),
 ( #447, #4871 ),
 ( #2070, #3260 ),
 ( #2631, #2144 ) ),
 .UNSPECIFIED., .F., .F., .F.,
 ( 4, 1, 1, 1, 1, 1, 1, 1, 1, 1, 1, 1, 1, 1, 1, 1, 4 ),
 ( 2, 2 ),
 ( 0.000000000000000000, 0.09376966784605159089, 0.1814496951761755683, 0.2641822854488731775, 0.3436335622917463528, 0.4187129931995769994, 0.4866707474100396835, 0.5498141589810481289, 0.6096023918924798890, 0.6413727845851210363, 0.6773810832927650294, 0.7185834291285159159, 0.7646708573159137767, 0.8157394516080673785, 0.8718106984770618295, 0.9330045890898940320, 0.9999999999999998890 ),
 ( 0.000000000000000000, 1.000000000000000000 ),
 .UNSPECIFIED. ) ;
#2567 = CARTESIAN_POINT ( 'NONE',  ( 0.8133114290965804960, 1.000000000000000000, -0.8456789336495292853 ) ) ;
#2568 = CARTESIAN_POINT ( 'NONE',  ( 0.7333888948168920674, 1.000000000000000222, -0.8153772215395659329 ) ) ;
#2569 = CARTESIAN_POINT ( 'NONE',  ( 0.7591016985133969275, 0.9999999999999996669, -0.8276543752134778442 ) ) ;
#2570 = CARTESIAN_POINT ( 'NONE',  ( 0.7658966610195915292, 0.9999606299212596694, -0.8599798450585702803 ) ) ;
#2571 = CARTESIAN_POINT ( 'NONE',  ( 1.000815381028293372, 0.9988468770912856121, -0.008689396776325523236 ) ) ;
#2572 = DIRECTION ( 'NONE',  ( 1.000000000000000000, 0.000000000000000000, 0.000000000000000000 ) ) ;
#2573 = CARTESIAN_POINT ( 'NONE',  ( 0.7006322102130058127, 0.9999606299212598914, -0.8231458661854084147 ) ) ;
#2574 = CARTESIAN_POINT ( 'NONE',  ( 0.7009330484471133493, 0.9999606299212598914, -0.8835965995110574012 ) ) ;
#2575 = CARTESIAN_POINT ( 'NONE',  ( 0.7895801031042189999, 0.9999606299212598914, -0.8047185706337192102 ) ) ;
#2576 = DIRECTION ( 'NONE',  ( 9.614813431917987947E-17, -0.7071067811865413555, 0.7071067811865534569 ) ) ;
#2577 = CARTESIAN_POINT ( 'NONE',  ( 0.6831878374655813158, 1.000000000000000000, -0.8795437517128988913 ) ) ;
#2578 = CARTESIAN_POINT ( 'NONE',  ( 0.8367236643178307398, 0.9999606299212596694, -0.8039040955710897718 ) ) ;
#2579 = EDGE_LOOP ( 'NONE', ( #584, #6577, #1382, #3279 ) ) ;
#2580 = CARTESIAN_POINT ( 'NONE',  ( 0.6987228412854259441, 0.9999999999999998890, -0.8070730345289581775 ) ) ;
#2581 = EDGE_CURVE ( 'NONE', #6669, #4354, #4937, .T. ) ;
#2582 = FACE_OUTER_BOUND ( 'NONE', #5836, .T. ) ;
#2583 = CLOSED_SHELL ( 'NONE', ( #3042, #5120, #6126, #2541, #5033, #6063, #5197, #4656, #3875, #1641, #1556, #3537, #1231, #4164, #666, #6618, #5635, #3971, #398, #6648, #594, #1611, #5059, #1130, #6531, #2136, #2503, #59, #1679, #1708, #5513, #1194, #2833, #6156, #4522, #6686, #6454, #347, #4428, #2311, #5708, #3085, #4394, #734, #122, #4120, #2931, #1069, #5571, #4340, #5400, #3310, #1877, #3438, #6197, #269, #192, #6825, #5158, #3761, #5974, #4043, #4549, #3372, #5607, #4362, #3472, #1996, #4010, #2248, #1958, #1023, #1373, #2217, #1337, #1851, #4992, #1419, #3504, #6588, #5925, #2733, #5545, #90, #5481, #4085, #532, #6274, #2677, #6229, #2416, #491, #3004, #3616, #5262, #570, #5784, #6039, #4614, #7027, #1164, #2461, #229, #1263, #4698, #156, #2351, #2381, #874, #631, #5085, #840, #3224, #5744, #4882, #3410, #1779, #7009 ) ) ;
#2584 = CARTESIAN_POINT ( 'NONE',  ( 0.6893554035575926164, 1.000000000000000222, -0.8322592030674729191 ) ) ;
#2585 = CARTESIAN_POINT ( 'NONE',  ( 0.6603585221265858562, 0.9999606299212597804, -0.8686759774879980744 ) ) ;
#2586 = VERTEX_POINT ( 'NONE', #4039 ) ;
#2587 = AXIS2_PLACEMENT_3D ( 'NONE', #1444, #1950, #5277 ) ;
#2588 = CARTESIAN_POINT ( 'NONE',  ( 0.5260736837537477451, 0.9999606299212597804, -0.8299207660358928207 ) ) ;
#2589 = DIRECTION ( 'NONE',  ( 0.000000000000000000, 0.000000000000000000, 1.000000000000000000 ) ) ;
#2590 = CARTESIAN_POINT ( 'NONE',  ( 0.7227224837655850109, 0.9999606299212597804, -0.7892121663673321574 ) ) ;
#2591 = VERTEX_POINT ( 'NONE', #6721 ) ;
#2592 = ORIENTED_EDGE ( 'NONE', *, *, #5057, .T. ) ;
#2593 = AXIS2_PLACEMENT_3D ( 'NONE', #6695, #3479, #2946 ) ;
#2594 = CARTESIAN_POINT ( 'NONE',  ( 0.6228524975244725814, 0.9999999999999998890, -0.8215742393954990064 ) ) ;
#2595 = EDGE_CURVE ( 'NONE', #7023, #4285, #2282, .T. ) ;
#2596 = CARTESIAN_POINT ( 'NONE',  ( 0.5066811870757106373, 0.9999606299212597804, -0.1281516700166467904 ) ) ;
#2597 = CARTESIAN_POINT ( 'NONE',  ( 0.8763612976193928539, 0.9999606299212598914, -0.8810356350777240886 ) ) ;
#2598 = DIRECTION ( 'NONE',  ( 1.000000000000000000, 0.000000000000000000, 0.000000000000000000 ) ) ;
#2599 = CARTESIAN_POINT ( 'NONE',  ( 0.7016890094247981713, 0.9999606299212596694, -0.8177617112931225840 ) ) ;
#2600 = CARTESIAN_POINT ( 'NONE',  ( 0.8505807351360893387, 0.9999606299212597804, -0.4547783707392524799 ) ) ;
#2601 = CARTESIAN_POINT ( 'NONE',  ( 0.7886652562639381303, 0.9999606299212593363, -0.8074769613114650690 ) ) ;
#2602 = CARTESIAN_POINT ( 'NONE',  ( 0.6636765377371066643, 1.000000000000000000, -0.7914338591376051113 ) ) ;
#2603 = CARTESIAN_POINT ( 'NONE',  ( 0.2840717244674835773, 0.9999606299212597804, -0.5451350543466844112 ) ) ;
#2604 = ORIENTED_EDGE ( 'NONE', *, *, #134, .F. ) ;
#2605 = CARTESIAN_POINT ( 'NONE',  ( 0.8275463911775710057, 1.000000000000000000, -0.8086302586628927314 ) ) ;
#2606 = VECTOR ( 'NONE', #2598, 39.37007874015748143 ) ;
#2607 = CARTESIAN_POINT ( 'NONE',  ( 0.8080884075033395453, 1.000000000000000888, -0.7883256228661946752 ) ) ;
#2608 = CARTESIAN_POINT ( 'NONE',  ( 0.8211874424221267121, 0.9999606299212598914, -0.8009737192794806893 ) ) ;
#2609 = FACE_OUTER_BOUND ( 'NONE', #4424, .T. ) ;
#2610 = DIRECTION ( 'NONE',  ( 0.000000000000000000, 1.000000000000000000, 0.000000000000000000 ) ) ;
#2611 = VECTOR ( 'NONE', #1434, 39.37007874015748143 ) ;
#2612 = CARTESIAN_POINT ( 'NONE',  ( 0.5572103846550993111, 0.9999606299212596694, -0.8577089365698691292 ) ) ;
#2613 = EDGE_LOOP ( 'NONE', ( #4775, #2396, #35, #2400 ) ) ;
#2614 = B_SPLINE_SURFACE_WITH_KNOTS ( 'NONE', 3, 1, ( 
 ( #2753, #1045 ),
 ( #1070, #2708 ),
 ( #1687, #3335 ),
 ( #5514, #2236 ),
 ( #6576, #6049 ),
 ( #2803, #3265 ),
 ( #7041, #519 ),
 ( #2172, #4372 ),
 ( #4918, #1622 ),
 ( #2324, #6637 ),
 ( #2891, #1177 ),
 ( #2286, #5596 ),
 ( #5552, #3898 ),
 ( #4460, #6687 ),
 ( #4479, #5537 ),
 ( #1760, #2865 ),
 ( #5034, #1156 ),
 ( #604, #1246 ),
 ( #1731, #123 ) ),
 .UNSPECIFIED., .F., .F., .F.,
 ( 4, 1, 1, 1, 1, 1, 1, 1, 1, 1, 1, 1, 1, 1, 1, 1, 4 ),
 ( 2, 2 ),
 ( 0.000000000000000000, 0.05441990084519061216, 0.1060523162565172456, 0.1549730787461440495, 0.2012838652153503827, 0.2452075788106306276, 0.2863483776398000336, 0.3259675705682531510, 0.3636675859428587509, 0.4367582574700967224, 0.5112362885366324994, 0.5876989460161565759, 0.6682289134090623195, 0.7504893743805782780, 0.8322579304600487005, 0.9146071290589892211, 1.000000000000000000 ),
 ( 0.000000000000000000, 1.000000000000000000 ),
 .UNSPECIFIED. ) ;
#2615 = VECTOR ( 'NONE', #4659, 39.37007874015748143 ) ;
#2616 = CARTESIAN_POINT ( 'NONE',  ( 0.8125786463085485911, 1.000000000000000000, -0.7984212482097680086 ) ) ;
#2617 = EDGE_LOOP ( 'NONE', ( #1309, #4914, #4094 ) ) ;
#2618 = FACE_OUTER_BOUND ( 'NONE', #2679, .T. ) ;
#2619 = LINE ( 'NONE', #5455, #3902 ) ;
#2620 = CARTESIAN_POINT ( 'NONE',  ( 0.8303870356266155328, 0.9999999999999998890, -0.8239367574989286958 ) ) ;
#2621 = CARTESIAN_POINT ( 'NONE',  ( 0.6986406809929145423, 0.9999606299212603355, -0.8265405903788701769 ) ) ;
#2622 = ORIENTED_EDGE ( 'NONE', *, *, #5519, .T. ) ;
#2623 = CARTESIAN_POINT ( 'NONE',  ( 0.7434461156533098691, 0.9999606299212597804, -0.8267404066867864998 ) ) ;
#2624 = CARTESIAN_POINT ( 'NONE',  ( 0.6519410977245277961, 1.000000000000000222, -0.8020705669904442114 ) ) ;
#2625 = FACE_OUTER_BOUND ( 'NONE', #6839, .T. ) ;
#2626 = EDGE_CURVE ( 'NONE', #5908, #2948, #5268, .T. ) ;
#2627 = CARTESIAN_POINT ( 'NONE',  ( 0.6781145732723425912, 1.000000000000000000, -0.8798151207316160516 ) ) ;
#2628 = CARTESIAN_POINT ( 'NONE',  ( 0.7765105504430256378, 0.9999606299212598914, -0.8608718825023117249 ) ) ;
#2629 = VERTEX_POINT ( 'NONE', #1282 ) ;
#2630 = DIRECTION ( 'NONE',  ( -0.000000000000000000, 1.000000000000000000, -0.000000000000000000 ) ) ;
#2631 = CARTESIAN_POINT ( 'NONE',  ( 0.5265250895968467404, 0.9999606299212597804, -0.8785084495112716052 ) ) ;
#2632 = EDGE_CURVE ( 'NONE', #5383, #5449, #2330, .T. ) ;
#2633 = ORIENTED_EDGE ( 'NONE', *, *, #1834, .F. ) ;
#2634 = CARTESIAN_POINT ( 'NONE',  ( 0.6851754897725765847, 1.000000000000000222, -0.8791843116555899673 ) ) ;
#2635 = CARTESIAN_POINT ( 'NONE',  ( 0.8284295548768166872, 0.9999606299212601135, -0.8106686503326612225 ) ) ;
#2636 = LINE ( 'NONE', #6097, #6674 ) ;
#2637 = CARTESIAN_POINT ( 'NONE',  ( 0.8105856109519569141, 0.9999606299212595584, -0.7879723454705768182 ) ) ;
#2638 = CARTESIAN_POINT ( 'NONE',  ( 0.005567769930602607317, 1.000000000000000000, -0.9944322300693974048 ) ) ;
#2639 = ORIENTED_EDGE ( 'NONE', *, *, #4335, .F. ) ;
#2640 = CARTESIAN_POINT ( 'NONE',  ( 0.7227224837655850109, 0.9999606299212597804, -0.7892121663673321574 ) ) ;
#2641 = CARTESIAN_POINT ( 'NONE',  ( 0.005567769930602735687, 0.000000000000000000, -1.005567769930602484 ) ) ;
#2642 = CARTESIAN_POINT ( 'NONE',  ( 0.7379841407875403769, 0.9999606299212602245, -0.8208781948511510995 ) ) ;
#2643 = ORIENTED_EDGE ( 'NONE', *, *, #319, .F. ) ;
#2644 = CARTESIAN_POINT ( 'NONE',  ( 0.6228974784046907853, 1.000000000000000222, -0.8197594307340561048 ) ) ;
#2645 = CARTESIAN_POINT ( 'NONE',  ( 0.7016890094247981713, 0.9999606299212596694, -0.8177617112931225840 ) ) ;
#2646 = EDGE_LOOP ( 'NONE', ( #5338, #5882, #4998, #3148 ) ) ;
#2647 = CARTESIAN_POINT ( 'NONE',  ( 0.8277213142483336172, 1.000000000000000444, -0.8364827334506785839 ) ) ;
#2648 = CARTESIAN_POINT ( 'NONE',  ( 0.5305136758054093127, 1.000000000000000222, -0.8784136533597488583 ) ) ;
#2649 = CARTESIAN_POINT ( 'NONE',  ( 0.8894964243432363915, 0.9999606299212597804, -0.7892121663673321574 ) ) ;
#2650 = CARTESIAN_POINT ( 'NONE',  ( 0.7701910970960779146, 0.9999606299212602245, -0.8421095660237284397 ) ) ;
#2651 = ORIENTED_EDGE ( 'NONE', *, *, #4629, .F. ) ;
#2652 = CARTESIAN_POINT ( 'NONE',  ( 0.7746285440201090555, 0.9999606299212596694, -0.8513776938515746906 ) ) ;
#2653 = DIRECTION ( 'NONE',  ( 0.000000000000000000, 0.000000000000000000, -1.000000000000000000 ) ) ;
#2654 = CARTESIAN_POINT ( 'NONE',  ( 0.3333966783382540933, 1.000000000000000000, -0.5028024554937162716 ) ) ;
#2655 = PERSON_AND_ORGANIZATION ( #3334, #3267 ) ;
#2656 = CARTESIAN_POINT ( 'NONE',  ( 0.6698046599048013139, 0.9999606299212597804, -0.7891294942891030617 ) ) ;
#2657 = CARTESIAN_POINT ( 'NONE',  ( 0.6091497356444605105, 1.000000000000000000, -0.8487548938503477469 ) ) ;
#2658 = CARTESIAN_POINT ( 'NONE',  ( 0.4942290533678576625, 0.9999606299212597804, -0.7892121663673321574 ) ) ;
#2659 = CARTESIAN_POINT ( 'NONE',  ( 0.000000000000000000, 0.007874015748031721468, -0.9944322300693975158 ) ) ;
#2660 = VECTOR ( 'NONE', #1522, 39.37007874015748854 ) ;
#2661 = CARTESIAN_POINT ( 'NONE',  ( 0.6638505180369452807, 0.9999606299212598914, -0.8886490695155546682 ) ) ;
#2662 = EDGE_CURVE ( 'NONE', #2237, #2106, #4849, .T. ) ;
#2663 = DIRECTION ( 'NONE',  ( 0.9922778767136675171, 0.000000000000000000, -0.1240347345892100356 ) ) ;
#2664 = CARTESIAN_POINT ( 'NONE',  ( 0.5548821937111297897, 0.9999606299212597804, -0.8748126772757981451 ) ) ;
#2665 = VECTOR ( 'NONE', #2851, 39.37007874015748143 ) ;
#2666 = CARTESIAN_POINT ( 'NONE',  ( 0.8229829019661459855, 1.000000000000000222, -0.8423488217799099953 ) ) ;
#2667 = EDGE_CURVE ( 'NONE', #5887, #4686, #162, .T. ) ;
#2668 = CARTESIAN_POINT ( 'NONE',  ( 0.8184876965017517936, 0.9999999999999998890, -0.8448596806740620302 ) ) ;
#2669 = DIRECTION ( 'NONE',  ( -1.000000000000000000, -0.000000000000000000, -0.000000000000000000 ) ) ;
#2670 = CARTESIAN_POINT ( 'NONE',  ( 0.6041335956484206182, 0.9999999999999998890, -0.8010426668456498422 ) ) ;
#2671 = CARTESIAN_POINT ( 'NONE',  ( 0.6262873077361971186, 0.9999606299212595584, -0.8498957523883271525 ) ) ;
#2672 = ORIENTED_EDGE ( 'NONE', *, *, #820, .T. ) ;
#2673 = PLANE ( 'NONE',  #3883 ) ;
#2674 = CARTESIAN_POINT ( 'NONE',  ( 0.6015815702357554251, 0.9999606299212597804, -0.8364866692082413291 ) ) ;
#2675 = CARTESIAN_POINT ( 'NONE',  ( 0.6126176342488018900, 1.000000000000000222, -0.8021019868142471587 ) ) ;
#2676 = DIRECTION ( 'NONE',  ( -0.000000000000000000, -0.000000000000000000, -1.000000000000000000 ) ) ;
#2677 = ADVANCED_FACE ( 'NONE', ( #307, #3568, #6522 ), #262, .T. ) ;
#2678 = VERTEX_POINT ( 'NONE', #815 ) ;
#2679 = EDGE_LOOP ( 'NONE', ( #4955, #983, #4475, #2918 ) ) ;
#2680 = VERTEX_POINT ( 'NONE', #5652 ) ;
#2681 = CARTESIAN_POINT ( 'NONE',  ( 0.6105029728483033491, 0.9999999999999998890, -0.8491116882634612839 ) ) ;
#2682 = ORIENTED_EDGE ( 'NONE', *, *, #1975, .F. ) ;
#2683 = CARTESIAN_POINT ( 'NONE',  ( 0.6990852323451304251, 0.9999606299212597804, -0.8601239206286958039 ) ) ;
#2684 = CARTESIAN_POINT ( 'NONE',  ( 0.6195146932752324531, 1.000000000000000222, -0.8437091626978248105 ) ) ;
#2685 = EDGE_LOOP ( 'NONE', ( #58, #3440, #892, #3763, #5680, #101, #4641, #2533, #3374, #1464, #3415, #724 ) ) ;
#2686 = CARTESIAN_POINT ( 'NONE',  ( 0.6181766148131794258, 0.9999999999999998890, -0.8721920652603382118 ) ) ;
#2687 = CARTESIAN_POINT ( 'NONE',  ( 0.7635605713388142757, 0.9999999999999996669, -0.8735903743797991394 ) ) ;
#2688 = CARTESIAN_POINT ( 'NONE',  ( 0.8200802496274429698, 0.9999606299212597804, -0.8442425063963516774 ) ) ;
#2689 = AXIS2_PLACEMENT_3D ( 'NONE', #1438, #321, #2906 ) ;
#2690 = CARTESIAN_POINT ( 'NONE',  ( 0.8255745899752073846, 1.000000000000000444, -0.8397497679507937018 ) ) ;
#2691 = CARTESIAN_POINT ( 'NONE',  ( 0.7505660169058253617, 1.000000000000000222, -0.8811348107802111640 ) ) ;
#2692 = CARTESIAN_POINT ( 'NONE',  ( 0.9960629921259840369, 0.007874015748031199316, -0.003937007874016023798 ) ) ;
#2693 = DIRECTION ( 'NONE',  ( -0.000000000000000000, 1.000000000000000000, -0.000000000000000000 ) ) ;
#2694 = CARTESIAN_POINT ( 'NONE',  ( 0.7665941975310421874, 1.000000000000000444, -0.8368812635807443279 ) ) ;
#2695 = MANIFOLD_SOLID_BREP ( '19034-001-1-solid2', #6251 ) ;
#2696 = CARTESIAN_POINT ( 'NONE',  ( 0.6570634520421000380, 0.9999606299212597804, -0.8233548628635444233 ) ) ;
#2697 = ORIENTED_EDGE ( 'NONE', *, *, #576, .F. ) ;
#2698 = LINE ( 'NONE', #3578, #1059 ) ;
#2699 = CARTESIAN_POINT ( 'NONE',  ( 0.6748595198407207896, 0.9999606299212597804, -0.8003761882059740040 ) ) ;
#2700 = CARTESIAN_POINT ( 'NONE',  ( 0.7009330484471133493, 0.9999606299212598914, -0.8835965995110574012 ) ) ;
#2701 = VECTOR ( 'NONE', #6628, 39.37007874015748143 ) ;
#2702 = FACE_OUTER_BOUND ( 'NONE', #2762, .T. ) ;
#2703 = ORIENTED_EDGE ( 'NONE', *, *, #814, .F. ) ;
#2704 = CARTESIAN_POINT ( 'NONE',  ( 0.6018831325039580848, 0.9999606299210466176, -0.8483134121915056891 ) ) ;
#2705 = VERTEX_POINT ( 'NONE', #3522 ) ;
#2706 = ORIENTED_EDGE ( 'NONE', *, *, #700, .F. ) ;
#2707 = FACE_OUTER_BOUND ( 'NONE', #4416, .T. ) ;
#2708 = CARTESIAN_POINT ( 'NONE',  ( 0.6038320232758666029, 1.000000000000000222, -0.8903215404734198257 ) ) ;
#2709 = CARTESIAN_POINT ( 'NONE',  ( 0.6111021298356607012, 0.9999606299212597804, -0.8492696619469072283 ) ) ;
#2710 = ORIENTED_EDGE ( 'NONE', *, *, #2817, .T. ) ;
#2711 = VECTOR ( 'NONE', #335, 39.37007874015748143 ) ;
#2712 = CARTESIAN_POINT ( 'NONE',  ( 0.6118036899361023462, 1.000000000000000222, -0.8495195699614875862 ) ) ;
#2713 = EDGE_LOOP ( 'NONE', ( #5446, #5602, #5489, #3418 ) ) ;
#2714 = CARTESIAN_POINT ( 'NONE',  ( 0.5572443546610056364, 0.9999999999999998890, -0.8599042495633131278 ) ) ;
#2715 = VECTOR ( 'NONE', #1260, 39.37007874015748854 ) ;
#2716 = CARTESIAN_POINT ( 'NONE',  ( 0.5567037087622670466, 0.9999606299212602245, -0.8683666179796919460 ) ) ;
#2717 = CARTESIAN_POINT ( 'NONE',  ( 0.007874015748031584425, 0.000000000000000000, -1.000000000000000000 ) ) ;
#2718 = EDGE_LOOP ( 'NONE', ( #355, #6090, #984, #3123 ) ) ;
#2719 = CARTESIAN_POINT ( 'NONE',  ( 0.9960629921259841479, 1.000000000000000000, -0.003937007874015860734 ) ) ;
#2720 = CARTESIAN_POINT ( 'NONE',  ( 0.1003966783382542194, 0.9999606299212597804, -0.4935989121866296570 ) ) ;
#2721 = CARTESIAN_POINT ( 'NONE',  ( 0.7643679409360158994, 1.000000000000000222, -0.8883053647443317491 ) ) ;
#2722 = CARTESIAN_POINT ( 'NONE',  ( 0.5822121558773274419, 1.000000000000000000, -0.8785084495112716052 ) ) ;
#2723 = VECTOR ( 'NONE', #4179, 39.37007874015748143 ) ;
#2724 = CARTESIAN_POINT ( 'NONE',  ( 1.000000000000000000, 0.9921259842519684069, -2.603493823086943765E-17 ) ) ;
#2725 = CARTESIAN_POINT ( 'NONE',  ( 0.6174351665782740195, 1.000000000000000000, -0.8046743204395842008 ) ) ;
#2726 = EDGE_CURVE ( 'NONE', #5312, #1979, #6187, .T. ) ;
#2727 = B_SPLINE_SURFACE_WITH_KNOTS ( 'NONE', 3, 1, ( 
 ( #1657, #5445 ),
 ( #3827, #3778 ),
 ( #5487, #1021 ),
 ( #6985, #515 ),
 ( #1636, #5934 ),
 ( #1616, #2675 ),
 ( #1090, #499 ) ),
 .UNSPECIFIED., .F., .F., .F.,
 ( 4, 1, 1, 1, 4 ),
 ( 2, 2 ),
 ( 0.000000000000000000, 0.3127941251982871984, 0.5827301107661225776, 0.8109483712724621096, 1.000000000000000000 ),
 ( 0.000000000000000000, 1.000000000000000000 ),
 .UNSPECIFIED. ) ;
#2728 = CARTESIAN_POINT ( 'NONE',  ( 0.7660574447030851220, 1.000000000000000222, -0.8635094644519381024 ) ) ;
#2729 = AXIS2_PLACEMENT_3D ( 'NONE', #2745, #1700, #6042 ) ;
#2730 = CARTESIAN_POINT ( 'NONE',  ( 0.7256697612547802212, 0.9999606299212596694, -0.8716216825638445354 ) ) ;
#2731 = ORIENTED_EDGE ( 'NONE', *, *, #5624, .F. ) ;
#2732 = B_SPLINE_CURVE_WITH_KNOTS ( 'NONE', 3,
 ( #6896, #6434, #7047, #5389, #4952, #5924, #6994, #2759, #6523, #2739, #2157, #2664, #3788, #2135, #2716, #6975, #3842, #3292, #1646 ),
 .UNSPECIFIED., .F., .F.,
 ( 4, 1, 1, 1, 1, 1, 1, 1, 1, 1, 1, 1, 1, 1, 1, 1, 4 ),
 ( 0.000000000000000000, 0.05607242287283241422, 0.1120119725189303722, 0.1671711735185538172, 0.2228105982289998732, 0.2789095579811581294, 0.3363553597455306021, 0.3951582856753002027, 0.4560715820962335521, 0.5180446356179407852, 0.5814041097871026631, 0.6456616003006555582, 0.7121082578731906532, 0.7800609799435819225, 0.8508852361240133444, 0.9237296004347441691, 1.000000000000000000 ),
 .UNSPECIFIED. ) ;
#2733 = ADVANCED_FACE ( 'NONE', ( #6099 ), #5205, .T. ) ;
#2734 = CARTESIAN_POINT ( 'NONE',  ( 0.6015888956978779900, 0.9999606299212598914, -0.8784985622367255109 ) ) ;
#2735 = PLANE ( 'NONE',  #6321 ) ;
#2736 = VERTEX_POINT ( 'NONE', #1383 ) ;
#2737 = AXIS2_PLACEMENT_3D ( 'NONE', #5690, #2424, #5136 ) ;
#2738 = EDGE_CURVE ( 'NONE', #1740, #1158, #2537, .T. ) ;
#2739 = CARTESIAN_POINT ( 'NONE',  ( 0.5530169933058884935, 0.9999606299212597804, -0.8785908603912627735 ) ) ;
#2740 = CARTESIAN_POINT ( 'NONE',  ( 0.2840717244674835773, 1.000000000000000000, -0.5451350543466844112 ) ) ;
#2741 = CARTESIAN_POINT ( 'NONE',  ( 0.3054552237685526639, 1.000000000000000000, -0.5063989121866298015 ) ) ;
#2742 = DIRECTION ( 'NONE',  ( -0.000000000000000000, 1.000000000000000000, -0.000000000000000000 ) ) ;
#2743 = CARTESIAN_POINT ( 'NONE',  ( 0.5419639185436666562, 1.000000000000000000, -0.8463651222919994499 ) ) ;
#2744 = LOCAL_TIME ( 13, 34, 37.00000000000000000, #6050 ) ;
#2745 = CARTESIAN_POINT ( 'NONE',  ( 0.6557972972394755518, 0.9999606299212598914, -0.7972952377615746267 ) ) ;
#2746 = B_SPLINE_SURFACE_WITH_KNOTS ( 'NONE', 3, 1, ( 
 ( #6760, #4169 ),
 ( #6276, #5687 ),
 ( #4609, #222 ),
 ( #2477, #6299 ),
 ( #299, #822 ),
 ( #4658, #789 ),
 ( #6245, #867 ),
 ( #5736, #5187 ),
 ( #3031, #1316 ),
 ( #6199, #3531 ),
 ( #273, #4112 ),
 ( #2454, #2986 ),
 ( #1971, #3585 ),
 ( #1387, #6783 ),
 ( #5161, #1360 ),
 ( #5786, #5210 ),
 ( #6827, #4139 ),
 ( #3606, #326 ),
 ( #246, #1893 ) ),
 .UNSPECIFIED., .F., .F., .F.,
 ( 4, 1, 1, 1, 1, 1, 1, 1, 1, 1, 1, 1, 1, 1, 1, 1, 4 ),
 ( 2, 2 ),
 ( 0.000000000000000000, 0.05804926609053103620, 0.1133148320836870199, 0.1675622724459477075, 0.2211424480951672267, 0.2755171013253210344, 0.3295224528313848156, 0.3857580765321443894, 0.4438934661352197386, 0.5036774965383488123, 0.5646453277561711559, 0.6280046557190139822, 0.6950187707529349446, 0.7646653028278009856, 0.8387700575937284686, 0.9171404580728554912, 1.000000000000000000 ),
 ( 0.000000000000000000, 1.000000000000000000 ),
 .UNSPECIFIED. ) ;
#2747 = CARTESIAN_POINT ( 'NONE',  ( 0.7424826207913650666, 0.9999606299212598914, -0.8257406080007630989 ) ) ;
#2748 = APPLICATION_PROTOCOL_DEFINITION ( 'international standard', 'config_control_design', 1994, #3759 ) ;
#2749 = CARTESIAN_POINT ( 'NONE',  ( 0.6980261947654833321, 0.9999606299212595584, -0.8860548810534304431 ) ) ;
#2750 = CARTESIAN_POINT ( 'NONE',  ( 0.6166209565795146563, 1.000000000000000222, -0.8524413188383418438 ) ) ;
#2751 = FACE_OUTER_BOUND ( 'NONE', #253, .T. ) ;
#2752 = CARTESIAN_POINT ( 'NONE',  ( 0.7289964890183951995, 0.9999606299212598914, -0.8797981088489448265 ) ) ;
#2753 = CARTESIAN_POINT ( 'NONE',  ( 0.6030588984495338645, 0.9999606299212597804, -0.8903270752214988981 ) ) ;
#2754 = ORIENTED_EDGE ( 'NONE', *, *, #1736, .F. ) ;
#2755 = DIRECTION ( 'NONE',  ( -0.000000000000000000, 1.000000000000000000, -0.000000000000000000 ) ) ;
#2756 = VECTOR ( 'NONE', #3592, 39.37007874015748143 ) ;
#2757 = B_SPLINE_SURFACE_WITH_KNOTS ( 'NONE', 3, 1, ( 
 ( #6918, #3711 ),
 ( #5894, #4253 ),
 ( #2637, #1500 ),
 ( #2055, #2607 ),
 ( #4282, #6424 ),
 ( #3193, #5834 ),
 ( #4624, #426 ),
 ( #1308, #1285 ),
 ( #4791, #3680 ),
 ( #5865, #2027 ),
 ( #6937, #1331 ),
 ( #785, #5130 ),
 ( #1848, #6192 ),
 ( #2575, #6372 ),
 ( #2601, #3135 ),
 ( #6909, #5152 ),
 ( #4581, #4081 ),
 ( #2953, #6396 ),
 ( #761, #3704 ) ),
 .UNSPECIFIED., .F., .F., .F.,
 ( 4, 1, 1, 1, 1, 1, 1, 1, 1, 1, 1, 1, 1, 1, 1, 1, 4 ),
 ( 2, 2 ),
 ( 0.000000000000000000, 0.05991172980839196832, 0.1179453118744456241, 0.1747353202218606127, 0.2309363807107545352, 0.2872236714907132060, 0.3440136798381277505, 0.4021676354599058589, 0.4619625304058084247, 0.5232662706646541428, 0.5850556471251051605, 0.6482099413387855114, 0.7130717256955925176, 0.7802081309692127098, 0.8497849120801859168, 0.9231076765046575261, 1.000000000000000000 ),
 ( 0.000000000000000000, 1.000000000000000000 ),
 .UNSPECIFIED. ) ;
#2758 = CARTESIAN_POINT ( 'NONE',  ( 0.5274561759992952847, 1.000000000000000000, -0.8299498825867746010 ) ) ;
#2759 = CARTESIAN_POINT ( 'NONE',  ( 0.5507289622481419400, 0.9999606299212597804, -0.8819016207120410344 ) ) ;
#2760 = ORIENTED_EDGE ( 'NONE', *, *, #576, .T. ) ;
#2761 = EDGE_CURVE ( 'NONE', #1638, #553, #4684, .T. ) ;
#2762 = EDGE_LOOP ( 'NONE', ( #1067, #2456, #5408, #6585 ) ) ;
#2763 = CARTESIAN_POINT ( 'NONE',  ( 0.6030588984495338645, 1.000000000000000000, -0.8010307920775594503 ) ) ;
#2764 = EDGE_CURVE ( 'NONE', #5032, #6381, #5699, .T. ) ;
#2765 = CARTESIAN_POINT ( 'NONE',  ( 0.6277734467568422128, 0.9999606299212598914, -0.8376506193669376321 ) ) ;
#2766 = CARTESIAN_POINT ( 'NONE',  ( 0.7551844020690483550, 1.000000000000000222, -0.8804602073735225964 ) ) ;
#2767 = ADVANCED_FACE ( 'NONE', ( #3749 ), #6268, .T. ) ;
#2768 = CARTESIAN_POINT ( 'NONE',  ( 0.7886652562639381303, 0.9999999999999996669, -0.8074769613114650690 ) ) ;
#2769 = CARTESIAN_POINT ( 'NONE',  ( 0.8663189268610997917, 0.9999999999999998890, -0.8583001028979616587 ) ) ;
#2770 = ORIENTED_EDGE ( 'NONE', *, *, #5766, .T. ) ;
#2771 = CARTESIAN_POINT ( 'NONE',  ( 0.7537029275451095911, 0.9999606299212598914, -0.8808587574177545454 ) ) ;
#2772 = ORIENTED_EDGE ( 'NONE', *, *, #2521, .T. ) ;
#2773 = CARTESIAN_POINT ( 'NONE',  ( 0.6745091291578042547, 0.9999606299212597804, -0.8795543512288385157 ) ) ;
#2774 = CARTESIAN_POINT ( 'NONE',  ( 0.7095906774208878831, 1.000000000000000000, -0.8614371012631655278 ) ) ;
#2775 = CARTESIAN_POINT ( 'NONE',  ( 0.7935714380775038546, 0.9999606299212595584, -0.7975396947954325189 ) ) ;
#2776 = B_SPLINE_CURVE_WITH_KNOTS ( 'NONE', 3,
 ( #5912, #2191, #3302, #9, #2124, #1060, #3799, #5417, #3211, #2145, #4912, #2699, #5961, #4369, #4412 ),
 .UNSPECIFIED., .F., .F.,
 ( 4, 1, 1, 1, 1, 1, 1, 1, 1, 1, 1, 1, 4 ),
 ( 0.000000000000000000, 0.1067133849812025997, 0.2023827530813265274, 0.2879881362754683760, 0.3651321209974016102, 0.4381553218526830218, 0.5114419818683964003, 0.5870934926508706297, 0.6659855935524692239, 0.7468394073744432093, 0.8288800136248052342, 0.9125295864996457729, 0.9999999999999998890 ),
 .UNSPECIFIED. ) ;
#2777 = CARTESIAN_POINT ( 'NONE',  ( 0.6156452009227151301, 0.9999606299212597804, -0.8752600690818127527 ) ) ;
#2778 = ORIENTED_EDGE ( 'NONE', *, *, #6608, .T. ) ;
#2779 = ORIENTED_EDGE ( 'NONE', *, *, #766, .T. ) ;
#2780 = CARTESIAN_POINT ( 'NONE',  ( 0.6277734467568422128, 1.000000000000000222, -0.8376506193669376321 ) ) ;
#2781 = FACE_OUTER_BOUND ( 'NONE', #5520, .T. ) ;
#2782 = MANIFOLD_SOLID_BREP ( '19034-001-1-solid1', #2583 ) ;
#2783 = FACE_OUTER_BOUND ( 'NONE', #3316, .T. ) ;
#2784 = CARTESIAN_POINT ( 'NONE',  ( 0.5494313111633191138, 1.000000000000000222, -0.8833366556138465553 ) ) ;
#2785 = AXIS2_PLACEMENT_3D ( 'NONE', #4891, #4909, #5442 ) ;
#2786 = VERTEX_POINT ( 'NONE', #5728 ) ;
#2787 = CARTESIAN_POINT ( 'NONE',  ( 0.6111021298356608122, 1.000000000000000222, -0.8492696619469073394 ) ) ;
#2788 = VECTOR ( 'NONE', #4582, 39.37007874015748143 ) ;
#2789 = CARTESIAN_POINT ( 'NONE',  ( 0.5391773499778149681, 1.000000000000000444, -0.8443178810191206418 ) ) ;
#2790 = VERTEX_POINT ( 'NONE', #1944 ) ;
#2791 = CARTESIAN_POINT ( 'NONE',  ( 1.000000000000000000, 1.000000000000000000, -2.603493823086943765E-17 ) ) ;
#2792 = LINE ( 'NONE', #3280, #6943 ) ;
#2793 = CARTESIAN_POINT ( 'NONE',  ( 0.5415856299984210809, 0.9999606299212597804, -0.8883778227172078878 ) ) ;
#2794 = VECTOR ( 'NONE', #1990, 39.37007874015748143 ) ;
#2795 = CARTESIAN_POINT ( 'NONE',  ( 0.6645774423013499632, 0.9999606299212597804, -0.8753574800562177183 ) ) ;
#2796 = ORIENTED_EDGE ( 'NONE', *, *, #4196, .T. ) ;
#2797 = CARTESIAN_POINT ( 'NONE',  ( 0.7009330484471133493, 1.000000000000000222, -0.8835965995110574012 ) ) ;
#2798 = VECTOR ( 'NONE', #752, 39.37007874015748143 ) ;
#2799 = B_SPLINE_CURVE_WITH_KNOTS ( 'NONE', 3,
 ( #5825, #6364, #6899, #3671, #1481, #1910, #3577, #287, #4681, #1379, #5749, #1013, #3228, #3159, #1536, #4331, #1032, #6927, #5370 ),
 .UNSPECIFIED., .F., .F.,
 ( 4, 1, 1, 1, 1, 1, 1, 1, 1, 1, 1, 1, 1, 1, 1, 1, 4 ),
 ( 0.000000000000000000, 0.07132852292713433295, 0.1388884808472360399, 0.2034880553541816572, 0.2653888690468860223, 0.3261469149304310755, 0.3858495392516026468, 0.4464210050912525984, 0.5085062454043187685, 0.5707165835193898085, 0.6319861944004557808, 0.6929433797704668274, 0.7531646365281643440, 0.8133972833669929070, 0.8747321709321982386, 0.9368339827764042838, 1.000000000000000000 ),
 .UNSPECIFIED. ) ;
#2800 = ORIENTED_EDGE ( 'NONE', *, *, #524, .T. ) ;
#2801 = CARTESIAN_POINT ( 'NONE',  ( 0.8012211069964783050, 0.9999606299212597804, -0.7908642649450137174 ) ) ;
#2802 = VERTEX_POINT ( 'NONE', #5223 ) ;
#2803 = CARTESIAN_POINT ( 'NONE',  ( 0.6115654911700553198, 0.9999606299212597804, -0.8896375955386560674 ) ) ;
#2804 = LINE ( 'NONE', #1786, #2446 ) ;
#2805 = B_SPLINE_CURVE_WITH_KNOTS ( 'NONE', 3,
 ( #5921, #6430, #1532, #5946, #3248, #7012, #3768, #3219, #6992, #487, #1010, #505, #2661, #4328, #4351, #1604, #3198, #4879, #1574 ),
 .UNSPECIFIED., .F., .F.,
 ( 4, 1, 1, 1, 1, 1, 1, 1, 1, 1, 1, 1, 1, 1, 1, 1, 4 ),
 ( 0.000000000000000000, 0.06553421244304745430, 0.1288270559297153284, 0.1899548512024747116, 0.2496480368191134058, 0.3082483091336524761, 0.3667963607881989385, 0.4255009350642030008, 0.4858920521208373589, 0.5466819835686107520, 0.6066869295489978331, 0.6675221296550224448, 0.7294256136805833401, 0.7931375186351564688, 0.8590270504025696585, 0.9276974320877974245, 1.000000000000000000 ),
 .UNSPECIFIED. ) ;
#2806 = EDGE_CURVE ( 'NONE', #6831, #5997, #6235, .T. ) ;
#2807 = CARTESIAN_POINT ( 'NONE',  ( 0.6101213259732490846, 1.000000000000000000, -0.8777432419872369662 ) ) ;
#2808 = CARTESIAN_POINT ( 'NONE',  ( 0.6502339196273054789, 1.000000000000000000, -0.8724700688054520814 ) ) ;
#2809 = CARTESIAN_POINT ( 'NONE',  ( 0.6733436877350287286, 1.000000000000000222, -0.8482468787339186855 ) ) ;
#2810 = CARTESIAN_POINT ( 'NONE',  ( 0.5465713325299915715, 0.9999606299212601135, -0.8857919000159768519 ) ) ;
#2811 = ORIENTED_EDGE ( 'NONE', *, *, #5459, .T. ) ;
#2812 = CARTESIAN_POINT ( 'NONE',  ( 0.7120842346310363169, 0.9999606299212598914, -0.8132615888722629638 ) ) ;
#2813 = CARTESIAN_POINT ( 'NONE',  ( 0.5357048174554760456, 0.9999999999999996669, -0.8428641042664105631 ) ) ;
#2814 = ORIENTED_EDGE ( 'NONE', *, *, #2852, .T. ) ;
#2815 = PLANE ( 'NONE',  #5247 ) ;
#2816 = CARTESIAN_POINT ( 'NONE',  ( 0.8579800891159637954, 0.9999606299212597804, -0.8535580174563472955 ) ) ;
#2817 = EDGE_CURVE ( 'NONE', #6669, #504, #4575, .T. ) ;
#2818 = CARTESIAN_POINT ( 'NONE',  ( 0.7538939239274961013, 0.9999606299212598914, -0.8218739883673926716 ) ) ;
#2819 = CARTESIAN_POINT ( 'NONE',  ( 0.6725085159130109735, 0.9999606299212598914, -0.8792265762110750282 ) ) ;
#2820 = EDGE_LOOP ( 'NONE', ( #6405, #1818, #3734, #5191 ) ) ;
#2821 = CARTESIAN_POINT ( 'NONE',  ( 0.6139958123139325208, 0.9999606299212598914, -0.8026322046403433497 ) ) ;
#2822 = CC_DESIGN_PERSON_AND_ORGANIZATION_ASSIGNMENT ( #2218, #3937, ( #5030 ) ) ;
#2823 = DIRECTION ( 'NONE',  ( -0.7071067811865474617, 0.000000000000000000, -0.7071067811865474617 ) ) ;
#2824 = CARTESIAN_POINT ( 'NONE',  ( 0.8408825466829497053, 0.9999606299212597804, -0.8248534096467965426 ) ) ;
#2825 = AXIS2_PLACEMENT_3D ( 'NONE', #3312, #2130, #5385 ) ;
#2826 = EDGE_CURVE ( 'NONE', #2259, #1831, #1412, .T. ) ;
#2827 = CARTESIAN_POINT ( 'NONE',  ( 0.5260736837537477451, 0.9999606299212597804, -0.8299207660358928207 ) ) ;
#2828 = DIRECTION ( 'NONE',  ( -0.000000000000000000, 1.000000000000000000, -0.000000000000000000 ) ) ;
#2829 = CARTESIAN_POINT ( 'NONE',  ( 0.6054144127382214968, 1.000000000000000222, -0.7892223455588420755 ) ) ;
#2830 = VECTOR ( 'NONE', #1866, 39.37007874015748143 ) ;
#2831 = CARTESIAN_POINT ( 'NONE',  ( 0.5435635622975668602, 0.9999606299212602245, -0.8332215125683118950 ) ) ;
#2832 = CARTESIAN_POINT ( 'NONE',  ( 0.6326059151031696581, 0.9999606299212593363, -0.8274588167253960069 ) ) ;
#2833 = ADVANCED_FACE ( 'NONE', ( #4279 ), #6225, .T. ) ;
#2834 = CARTESIAN_POINT ( 'NONE',  ( 0.7765628897788425800, 1.000000000000000000, -0.8633042799778021248 ) ) ;
#2835 = CARTESIAN_POINT ( 'NONE',  ( 0.8000462686994838091, 0.9999606299212596694, -0.8379283927419142186 ) ) ;
#2836 = CARTESIAN_POINT ( 'NONE',  ( 0.7684097941636351958, 1.000000000000000444, -0.8850337923727090716 ) ) ;
#2837 = LINE ( 'NONE', #3445, #3944 ) ;
#2838 = CARTESIAN_POINT ( 'NONE',  ( 0.7643483821859998750, 0.9999606299212595584, -0.8340143874491631193 ) ) ;
#2839 = APPROVAL_ROLE ( '' ) ;
#2840 = CARTESIAN_POINT ( 'NONE',  ( 0.6139958123139325208, 1.000000000000000222, -0.8026322046403433497 ) ) ;
#2841 = ORIENTED_EDGE ( 'NONE', *, *, #6244, .F. ) ;
#2842 = B_SPLINE_CURVE_WITH_KNOTS ( 'NONE', 3,
 ( #31, #6537, #5716, #5257, #1448, #5296, #6905, #4906, #6530, #2402, #705 ),
 .UNSPECIFIED., .F., .F.,
 ( 4, 1, 1, 1, 1, 1, 1, 1, 4 ),
 ( 0.000000000000000000, 0.1333786706066391048, 0.2619252341554843544, 0.3867490650401659846, 0.5114364515435128045, 0.6336363288425959084, 0.7543578055143889127, 0.8757685104033915424, 1.000000000000000000 ),
 .UNSPECIFIED. ) ;
#2843 = ORIENTED_EDGE ( 'NONE', *, *, #2826, .F. ) ;
#2844 = CARTESIAN_POINT ( 'NONE',  ( 0.8405072643419061462, 0.9999606299212595584, -0.8306769262634553508 ) ) ;
#2845 = VERTEX_POINT ( 'NONE', #2065 ) ;
#2846 = ORIENTED_EDGE ( 'NONE', *, *, #883, .T. ) ;
#2847 = ORIENTED_EDGE ( 'NONE', *, *, #2480, .T. ) ;
#2848 = ORIENTED_EDGE ( 'NONE', *, *, #2133, .F. ) ;
#2849 = CARTESIAN_POINT ( 'NONE',  ( 0.6326059151031696581, 0.9999999999999995559, -0.8274588167253960069 ) ) ;
#2850 = DIRECTION ( 'NONE',  ( -1.960096666941618365E-16, 0.000000000000000000, -1.000000000000000000 ) ) ;
#2851 = DIRECTION ( 'NONE',  ( -0.000000000000000000, 1.000000000000000000, -0.000000000000000000 ) ) ;
#2852 = EDGE_CURVE ( 'NONE', #2238, #2152, #5648, .T. ) ;
#2853 = CARTESIAN_POINT ( 'NONE',  ( 0.5572617238224031322, 1.000000000000000222, -0.8610267323148936836 ) ) ;
#2854 = EDGE_CURVE ( 'NONE', #2196, #382, #5126, .T. ) ;
#2855 = CARTESIAN_POINT ( 'NONE',  ( 0.6934765442922979917, 0.9999606299212602245, -0.7897920140987046977 ) ) ;
#2856 = CARTESIAN_POINT ( 'NONE',  ( 0.8270481709674836202, 1.000000000000000222, -0.7919691730303489718 ) ) ;
#2857 = ORIENTED_EDGE ( 'NONE', *, *, #1265, .F. ) ;
#2858 = CARTESIAN_POINT ( 'NONE',  ( 0.5415856299984210809, 0.9999606299212597804, -0.8883778227172078878 ) ) ;
#2859 = CARTESIAN_POINT ( 'NONE',  ( 0.7527820092264928542, 1.000000000000000000, -0.8206669462523641378 ) ) ;
#2860 = DIRECTION ( 'NONE',  ( 1.000000000000000000, -0.000000000000000000, 0.000000000000000000 ) ) ;
#2861 = AXIS2_PLACEMENT_3D ( 'NONE', #6632, #5568, #5064 ) ;
#2862 = ORIENTED_EDGE ( 'NONE', *, *, #4547, .F. ) ;
#2863 = VECTOR ( 'NONE', #3347, 39.37007874015748854 ) ;
#2864 = EDGE_CURVE ( 'NONE', #5693, #6288, #1322, .T. ) ;
#2865 = CARTESIAN_POINT ( 'NONE',  ( 0.6299926654034629925, 0.9999999999999995559, -0.8719956252677736330 ) ) ;
#2866 = VECTOR ( 'NONE', #2925, 39.37007874015748143 ) ;
#2867 = FACE_OUTER_BOUND ( 'NONE', #1908, .T. ) ;
#2868 = ORIENTED_EDGE ( 'NONE', *, *, #2088, .T. ) ;
#2869 = VERTEX_POINT ( 'NONE', #3774 ) ;
#2870 = CARTESIAN_POINT ( 'NONE',  ( 0.5994066148099149727, 1.000000000000000000, -0.8785084495112716052 ) ) ;
#2871 = CARTESIAN_POINT ( 'NONE',  ( 0.7371674707447516406, 0.9999606299212597804, -0.8010307920775594503 ) ) ;
#2872 = VECTOR ( 'NONE', #3509, 39.37007874015748143 ) ;
#2873 = CARTESIAN_POINT ( 'NONE',  ( 0.6124492371076710739, 0.9999606299212601135, -0.7899769259086102391 ) ) ;
#2874 = ORIENTED_EDGE ( 'NONE', *, *, #2350, .F. ) ;
#2875 = DIRECTION ( 'NONE',  ( -0.000000000000000000, 1.000000000000000000, -0.000000000000000000 ) ) ;
#2876 = LINE ( 'NONE', #25, #1405 ) ;
#2877 = DIRECTION ( 'NONE',  ( 0.000000000000000000, -1.000000000000000000, 0.000000000000000000 ) ) ;
#2878 = CARTESIAN_POINT ( 'NONE',  ( 0.6708814705904601050, 0.9999606299212597804, -0.8490291558032766472 ) ) ;
#2879 = ORIENTED_EDGE ( 'NONE', *, *, #228, .T. ) ;
#2880 = FACE_BOUND ( 'NONE', #5496, .T. ) ;
#2881 = CARTESIAN_POINT ( 'NONE',  ( 0.8012671004648037609, 0.9999606299212597804, -0.8522243183744641071 ) ) ;
#2882 = CARTESIAN_POINT ( 'NONE',  ( 0.8301032469824644044, 0.9999999999999998890, -0.8176888736796270596 ) ) ;
#2883 = ORIENTED_EDGE ( 'NONE', *, *, #6873, .T. ) ;
#2884 = CARTESIAN_POINT ( 'NONE',  ( 0.5406488653795514798, 0.9999606299212596694, -0.8452731984650193597 ) ) ;
#2885 = CARTESIAN_POINT ( 'NONE',  ( 0.5353196123472238055, 1.000000000000000222, -0.8778913082979886706 ) ) ;
#2886 = ORIENTED_EDGE ( 'NONE', *, *, #2377, .T. ) ;
#2887 = CARTESIAN_POINT ( 'NONE',  ( 0.6191304840773658169, 1.000000000000000222, -0.8063294968161830445 ) ) ;
#2888 = B_SPLINE_CURVE_WITH_KNOTS ( 'NONE', 3,
 ( #650, #2226, #6650, #5078, #5019, #5546, #6074, #5503, #2835, #4489, #736 ),
 .UNSPECIFIED., .F., .F.,
 ( 4, 1, 1, 1, 1, 1, 1, 1, 4 ),
 ( 0.000000000000000000, 0.1179223197415644464, 0.2352430577939114698, 0.3551368795786943311, 0.4784261928938882136, 0.6040343206453691050, 0.7311470825726777978, 0.8629462348892448231, 1.000000000000000000 ),
 .UNSPECIFIED. ) ;
#2889 = VECTOR ( 'NONE', #1864, 39.37007874015748143 ) ;
#2890 = CARTESIAN_POINT ( 'NONE',  ( 0.7404548590622047621, 0.9999606299212595584, -0.8898035897182929865 ) ) ;
#2891 = CARTESIAN_POINT ( 'NONE',  ( 0.6208455904127261338, 0.9999606299212598914, -0.8858395494766578837 ) ) ;
#2892 = EDGE_CURVE ( 'NONE', #6284, #4747, #5598, .T. ) ;
#2893 = EDGE_CURVE ( 'NONE', #5323, #2174, #5530, .T. ) ;
#2894 = CARTESIAN_POINT ( 'NONE',  ( 0.1003966783382542194, 0.9999606299212597804, -0.4935989121866296570 ) ) ;
#2895 = EDGE_CURVE ( 'NONE', #2075, #4673, #3058, .T. ) ;
#2896 = DIRECTION ( 'NONE',  ( 0.7071067811865413555, 1.225145004162355375E-14, 0.7071067811865536790 ) ) ;
#2897 = DIRECTION ( 'NONE',  ( 0.000000000000000000, 0.000000000000000000, 1.000000000000000000 ) ) ;
#2898 = VERTEX_POINT ( 'NONE', #2741 ) ;
#2899 = CARTESIAN_POINT ( 'NONE',  ( 0.5568768515468544011, 1.000000000000000222, -0.8544980232573418100 ) ) ;
#2900 = ADVANCED_FACE ( 'NONE', ( #1762 ), #5954, .F. ) ;
#2901 = CARTESIAN_POINT ( 'NONE',  ( 0.7701144065265195238, 0.9999999999999998890, -0.8830058032257509515 ) ) ;
#2902 = CARTESIAN_POINT ( 'NONE',  ( 0.9999999999999996669, 0.9921259842519688510, -0.9921259842519689620 ) ) ;
#2903 = CARTESIAN_POINT ( 'NONE',  ( 0.8147809100785063929, 0.9999999999999996669, -0.7984611946113968628 ) ) ;
#2904 = CARTESIAN_POINT ( 'NONE',  ( 0.6216606592701802159, 1.000000000000000222, -0.8265702838716502132 ) ) ;
#2905 = ORIENTED_EDGE ( 'NONE', *, *, #1020, .F. ) ;
#2906 = DIRECTION ( 'NONE',  ( 0.000000000000000000, -1.000000000000000000, 0.000000000000000000 ) ) ;
#2907 = CARTESIAN_POINT ( 'NONE',  ( 0.6154781476912922766, 1.000000000000000222, -0.8032746236797895234 ) ) ;
#2908 = DATE_AND_TIME ( #6701, #4207 ) ;
#2909 = CARTESIAN_POINT ( 'NONE',  ( 0.7481624862169775625, 0.9999606299212596694, -0.8915680823822358381 ) ) ;
#2910 = CARTESIAN_POINT ( 'NONE',  ( 0.8606987140955579818, 0.9999606299212598914, -0.8548495102289500602 ) ) ;
#2911 = VECTOR ( 'NONE', #731, 39.37007874015748143 ) ;
#2912 = DIRECTION ( 'NONE',  ( 1.000000000000000000, 0.000000000000000000, 0.000000000000000000 ) ) ;
#2913 = EDGE_CURVE ( 'NONE', #1287, #6641, #212, .T. ) ;
#2914 = ORIENTED_EDGE ( 'NONE', *, *, #514, .T. ) ;
#2915 = CARTESIAN_POINT ( 'NONE',  ( 1.000000000000000222, 1.000000000000000000, -1.000000000000000222 ) ) ;
#2916 = FACE_OUTER_BOUND ( 'NONE', #2954, .T. ) ;
#2917 = CARTESIAN_POINT ( 'NONE',  ( 0.6633058361417558668, 0.9999606299212597804, -0.8531232346274393308 ) ) ;
#2918 = ORIENTED_EDGE ( 'NONE', *, *, #966, .T. ) ;
#2919 = CARTESIAN_POINT ( 'NONE',  ( 0.6917032025074838497, 0.9999999999999998890, -0.8015395794740604041 ) ) ;
#2920 = ORIENTED_EDGE ( 'NONE', *, *, #2304, .F. ) ;
#2921 = DIRECTION ( 'NONE',  ( -0.4832823832549972831, -0.000000000000000000, 0.8754645270000206425 ) ) ;
#2922 = DIRECTION ( 'NONE',  ( 1.000000000000000000, -0.000000000000000000, -0.000000000000000000 ) ) ;
#2923 = B_SPLINE_CURVE_WITH_KNOTS ( 'NONE', 3,
 ( #4789, #1485, #5276, #5804, #6878, #5345, #6319 ),
 .UNSPECIFIED., .F., .F.,
 ( 4, 1, 1, 1, 4 ),
 ( 0.000000000000000000, 0.2837744943495275618, 0.5395840214497915621, 0.7756449623277218430, 1.000000000000000000 ),
 .UNSPECIFIED. ) ;
#2924 = CARTESIAN_POINT ( 'NONE',  ( 0.6850131763060101076, 1.000000000000000222, -0.7880135766155972332 ) ) ;
#2925 = DIRECTION ( 'NONE',  ( -0.000000000000000000, 1.000000000000000000, -0.000000000000000000 ) ) ;
#2926 = DIRECTION ( 'NONE',  ( -0.7071067811865414665, 0.000000000000000000, 0.7071067811865535679 ) ) ;
#2927 = DIRECTION ( 'NONE',  ( 0.000000000000000000, 0.000000000000000000, 1.000000000000000000 ) ) ;
#2928 = B_SPLINE_CURVE_WITH_KNOTS ( 'NONE', 3,
 ( #4920, #2712, #6699, #4184, #2750, #4526, #3838, #2201, #6003, #4397, #1071 ),
 .UNSPECIFIED., .F., .F.,
 ( 4, 1, 1, 1, 1, 1, 1, 1, 4 ),
 ( 0.000000000000000000, 0.1232115076675094206, 0.2406990252533365848, 0.3542612932167210071, 0.4669536443969418693, 0.5842822876469543347, 0.7105515410306887381, 0.8478091896452396581, 1.000000000000000000 ),
 .UNSPECIFIED. ) ;
#2929 = CARTESIAN_POINT ( 'NONE',  ( 0.000000000000000000, 1.000000000000000000, 0.000000000000000000 ) ) ;
#2930 = ORIENTED_EDGE ( 'NONE', *, *, #276, .F. ) ;
#2931 = ADVANCED_FACE ( 'NONE', ( #4080 ), #465, .T. ) ;
#2932 = CARTESIAN_POINT ( 'NONE',  ( 0.8380953178263084169, 0.9999606299212595584, -0.8399096678467666832 ) ) ;
#2933 = ORIENTED_EDGE ( 'NONE', *, *, #1265, .T. ) ;
#2934 = CARTESIAN_POINT ( 'NONE',  ( 0.5415856299984210809, 1.000000000000000000, -0.8883778227172078878 ) ) ;
#2935 = CARTESIAN_POINT ( 'NONE',  ( 0.6606766352279460630, 0.9999999999999998890, -0.8101607673207487093 ) ) ;
#2936 = CARTESIAN_POINT ( 'NONE',  ( 0.4974776437686259101, 0.9999606299212597804, -0.1002102154469468043 ) ) ;
#2937 = ORIENTED_EDGE ( 'NONE', *, *, #6216, .T. ) ;
#2938 = EDGE_CURVE ( 'NONE', #5270, #5425, #6766, .T. ) ;
#2939 = VECTOR ( 'NONE', #6821, 39.37007874015748143 ) ;
#2940 = DIRECTION ( 'NONE',  ( -0.000000000000000000, 1.000000000000000000, -0.000000000000000000 ) ) ;
#2941 = CARTESIAN_POINT ( 'NONE',  ( 0.6174351665782740195, 0.9999606299212597804, -0.8046743204395842008 ) ) ;
#2942 = CARTESIAN_POINT ( 'NONE',  ( 0.7497558658184076963, 1.000000000000000444, -0.8334209749413856727 ) ) ;
#2943 = LINE ( 'NONE', #7011, #4256 ) ;
#2944 = CARTESIAN_POINT ( 'NONE',  ( 0.6223862226781181617, 1.000000000000000000, -0.8241792286974758408 ) ) ;
#2945 = AXIS2_PLACEMENT_3D ( 'NONE', #5677, #2406, #1402 ) ;
#2946 = DIRECTION ( 'NONE',  ( -0.000000000000000000, 0.000000000000000000, -1.000000000000000000 ) ) ;
#2947 = FACE_OUTER_BOUND ( 'NONE', #3041, .T. ) ;
#2948 = VERTEX_POINT ( 'NONE', #5410 ) ;
#2949 = CARTESIAN_POINT ( 'NONE',  ( 0.6113024737536214559, 0.9999999999999998890, -0.8774984988413762066 ) ) ;
#2950 = DIRECTION ( 'NONE',  ( -0.000000000000000000, 0.000000000000000000, 1.000000000000000000 ) ) ;
#2951 = VECTOR ( 'NONE', #4599, 39.37007874015748143 ) ;
#2952 = DIRECTION ( 'NONE',  ( -1.000000000000000000, 0.000000000000000000, 0.000000000000000000 ) ) ;
#2953 = CARTESIAN_POINT ( 'NONE',  ( 0.7871680448649841511, 0.9999606299212596694, -0.8156857345479882060 ) ) ;
#2954 = EDGE_LOOP ( 'NONE', ( #5142, #4166, #6027, #4360, #6139 ) ) ;
#2955 = CARTESIAN_POINT ( 'NONE',  ( 0.7345411094758121928, 0.9999606299212597804, -0.8601239206286958039 ) ) ;
#2956 = VECTOR ( 'NONE', #2742, 39.37007874015748143 ) ;
#2957 = AXIS2_PLACEMENT_3D ( 'NONE', #2871, #130, #6622 ) ;
#2958 = VECTOR ( 'NONE', #6877, 39.37007874015748143 ) ;
#2959 = EDGE_CURVE ( 'NONE', #492, #4358, #6720, .T. ) ;
#2960 = CARTESIAN_POINT ( 'NONE',  ( 0.8170611933736137145, 0.9999606299212596694, -0.8561556184604214303 ) ) ;
#2961 = ORIENTED_EDGE ( 'NONE', *, *, #646, .T. ) ;
#2962 = LINE ( 'NONE', #3311, #2009 ) ;
#2963 = CARTESIAN_POINT ( 'NONE',  ( 0.6629932833446272600, 0.9999606299212597804, -0.8534349067718657311 ) ) ;
#2964 = ORIENTED_EDGE ( 'NONE', *, *, #6846, .F. ) ;
#2965 = CARTESIAN_POINT ( 'NONE',  ( 0.6570999704030301425, 0.9999606299212597804, -0.8839185404004011870 ) ) ;
#2966 = VERTEX_POINT ( 'NONE', #4406 ) ;
#2967 = CARTESIAN_POINT ( 'NONE',  ( 0.6665444782928602319, 0.9999606299212595584, -0.8040587467150480672 ) ) ;
#2968 = LINE ( 'NONE', #73, #125 ) ;
#2969 = ADVANCED_FACE ( 'NONE', ( #5949 ), #67, .F. ) ;
#2970 = DIRECTION ( 'NONE',  ( -0.1502866523315007918, 0.000000000000000000, 0.9886424642564117793 ) ) ;
#2971 = CARTESIAN_POINT ( 'NONE',  ( 0.5066811870757106373, 0.9999606299212597804, -0.3332102154469469002 ) ) ;
#2972 = CARTESIAN_POINT ( 'NONE',  ( 0.7975737799303576070, 1.000000000000000000, -0.8181021403256655278 ) ) ;
#2973 = CARTESIAN_POINT ( 'NONE',  ( 0.6518766215005360465, 0.9999606299212598914, -0.8517586746982940271 ) ) ;
#2974 = DIRECTION ( 'NONE',  ( -0.000000000000000000, 1.000000000000000000, -0.000000000000000000 ) ) ;
#2975 = B_SPLINE_CURVE_WITH_KNOTS ( 'NONE', 3,
 ( #1129, #2235, #6028, #4984, #1620, #57, #2801, #1685, #3332, #3350, #2775, #1092, #6553, #4939, #3307, #5004, #1707, #5535, #1640 ),
 .UNSPECIFIED., .F., .F.,
 ( 4, 1, 1, 1, 1, 1, 1, 1, 1, 1, 1, 1, 1, 1, 1, 1, 4 ),
 ( 0.000000000000000000, 0.05991172980839196832, 0.1179453118744456241, 0.1747353202218606127, 0.2309363807107545352, 0.2872236714907132060, 0.3440136798381277505, 0.4021676354599058589, 0.4619625304058084247, 0.5232662706646541428, 0.5850556471251051605, 0.6482099413387855114, 0.7130717256955925176, 0.7802081309692127098, 0.8497849120801859168, 0.9231076765046575261, 1.000000000000000000 ),
 .UNSPECIFIED. ) ;
#2976 = VERTEX_POINT ( 'NONE', #554 ) ;
#2977 = CARTESIAN_POINT ( 'NONE',  ( 0.6015815702357554251, 0.9999606299212597804, -0.8364866692082413291 ) ) ;
#2978 = DIRECTION ( 'NONE',  ( -0.000000000000000000, 1.000000000000000000, -0.000000000000000000 ) ) ;
#2979 = CARTESIAN_POINT ( 'NONE',  ( 0.6592654049371046154, 1.000000000000000000, -0.8431175235250665256 ) ) ;
#2980 = DESIGN_CONTEXT ( 'detailed design', #7006, 'design' ) ;
#2981 = ORIENTED_EDGE ( 'NONE', *, *, #6524, .T. ) ;
#2982 = CARTESIAN_POINT ( 'NONE',  ( 0.6634330775597121477, 1.000000000000000000, -0.8741838213431236682 ) ) ;
#2983 = ORIENTED_EDGE ( 'NONE', *, *, #1870, .F. ) ;
#2984 = CARTESIAN_POINT ( 'NONE',  ( 0.5338816965646214774, 0.9999606299212597804, -0.8781145340020231060 ) ) ;
#2985 = EDGE_CURVE ( 'NONE', #1237, #1521, #5102, .T. ) ;
#2986 = CARTESIAN_POINT ( 'NONE',  ( 0.7370152816038172405, 1.000000000000000444, -0.8727007122770812364 ) ) ;
#2987 = CARTESIAN_POINT ( 'NONE',  ( 0.6638505180369452807, 0.9999606299212598914, -0.8886490695155546682 ) ) ;
#2988 = EDGE_CURVE ( 'NONE', #4673, #3816, #6955, .T. ) ;
#2989 = CARTESIAN_POINT ( 'NONE',  ( 0.5822121558773274419, 0.9999606299212597804, -0.8483052949184685110 ) ) ;
#2990 = CARTESIAN_POINT ( 'NONE',  ( 0.7100228778774707594, 0.9999606299212598914, -0.8055203814908296067 ) ) ;
#2991 = DIRECTION ( 'NONE',  ( -0.000000000000000000, 0.000000000000000000, -1.000000000000000000 ) ) ;
#2992 = CARTESIAN_POINT ( 'NONE',  ( 0.6996400595918019771, 1.000000000000000000, -0.8085246920269987259 ) ) ;
#2993 = CARTESIAN_POINT ( 'NONE',  ( 0.7978882134242424318, 1.000000000000000222, -0.8157376284004128619 ) ) ;
#2994 = CARTESIAN_POINT ( 'NONE',  ( 0.6036075299061250954, 0.9999606299212598914, -0.8364880272644980019 ) ) ;
#2995 = LOCAL_TIME ( 13, 34, 37.00000000000000000, #3089 ) ;
#2996 = CARTESIAN_POINT ( 'NONE',  ( 0.8245866731894526680, 0.9999606299212596694, -0.7904706051175182102 ) ) ;
#2997 = CARTESIAN_POINT ( 'NONE',  ( 0.8285271145986111696, 0.9999606299212597804, -0.8346000374147056755 ) ) ;
#2998 = CARTESIAN_POINT ( 'NONE',  ( 0.6278086807554191795, 0.9999606299212597804, -0.7993418089596948661 ) ) ;
#2999 = DIRECTION ( 'NONE',  ( -8.768150530713212499E-15, 0.8628562094610232602, -0.5054494651244125780 ) ) ;
#3000 = CARTESIAN_POINT ( 'NONE',  ( 0.6963502220339163884, 0.9999606299212596694, -0.8044835485326863322 ) ) ;
#3001 = CARTESIAN_POINT ( 'NONE',  ( 0.5047344984436151760, 0.9999606299212597804, -0.8785084495112716052 ) ) ;
#3002 = LINE ( 'NONE', #1447, #1548 ) ;
#3003 = CARTESIAN_POINT ( 'NONE',  ( 0.4938811870757103262, 0.9999606299212597804, -0.3332102154469469002 ) ) ;
#3004 = ADVANCED_FACE ( 'NONE', ( #3402 ), #4021, .T. ) ;
#3005 = CARTESIAN_POINT ( 'NONE',  ( 0.8391087153974873258, 0.9999606299212597804, -0.8370148053080976869 ) ) ;
#3006 = ORIENTED_EDGE ( 'NONE', *, *, #869, .F. ) ;
#3007 = CARTESIAN_POINT ( 'NONE',  ( 0.8314813383077128695, 0.9999606299212597804, -0.7959453046900970552 ) ) ;
#3008 = ORIENTED_EDGE ( 'NONE', *, *, #3685, .F. ) ;
#3009 = CARTESIAN_POINT ( 'NONE',  ( 0.6949388338549836730, 1.000000000000000000, -0.8033594290794592307 ) ) ;
#3010 = CARTESIAN_POINT ( 'NONE',  ( 0.6690783597755619594, 0.9999606299212597804, -0.8025014760547143355 ) ) ;
#3011 = DIRECTION ( 'NONE',  ( -0.7588454441656941052, 0.000000000000000000, 0.6512707515841398287 ) ) ;
#3012 = ORIENTED_EDGE ( 'NONE', *, *, #3448, .F. ) ;
#3013 = CARTESIAN_POINT ( 'NONE',  ( 0.5418496593508164150, 1.000000000000000000, -0.8746142363534465947 ) ) ;
#3014 = EDGE_LOOP ( 'NONE', ( #202, #6360, #1096, #6780 ) ) ;
#3015 = EDGE_LOOP ( 'NONE', ( #563, #3403, #3176, #2401 ) ) ;
#3016 = ORIENTED_EDGE ( 'NONE', *, *, #2476, .T. ) ;
#3017 = CARTESIAN_POINT ( 'NONE',  ( 0.5260736837537477451, 0.9999606299212597804, -0.8299207660358928207 ) ) ;
#3018 = CARTESIAN_POINT ( 'NONE',  ( 0.7650087456977051614, 1.000000000000000444, -0.8563759309584413337 ) ) ;
#3019 = CARTESIAN_POINT ( 'NONE',  ( 0.6089681431753442009, 0.9999606299212595584, -0.8360374523992285534 ) ) ;
#3020 = DIRECTION ( 'NONE',  ( -0.9922778767136675171, 0.000000000000000000, 0.1240347345892100356 ) ) ;
#3021 = B_SPLINE_CURVE_WITH_KNOTS ( 'NONE', 3,
 ( #5042, #4467, #2812, #4425, #1163, #5015, #1741, #6529, #3295, #5581, #2855, #5058, #665, #4530, #686 ),
 .UNSPECIFIED., .F., .F.,
 ( 4, 1, 1, 1, 1, 1, 1, 1, 1, 1, 1, 1, 4 ),
 ( 0.000000000000000000, 0.08427347156089418090, 0.1665166244253428462, 0.2473877598069609829, 0.3288365457123073043, 0.4090983268496182212, 0.4877267016055328863, 0.5657077880693260896, 0.6449848608508597092, 0.7265584459444189847, 0.8120697979385852472, 0.9027287756276028974, 1.000000000000000000 ),
 .UNSPECIFIED. ) ;
#3022 = CARTESIAN_POINT ( 'NONE',  ( 0.6498292647742284212, 0.9999999999999996669, -0.8575236235957504061 ) ) ;
#3023 = CARTESIAN_POINT ( 'NONE',  ( 0.6028331955279843113, 0.9999606299212597804, -0.7892121663673321574 ) ) ;
#3024 = EDGE_CURVE ( 'NONE', #5790, #10, #2636, .T. ) ;
#3025 = CARTESIAN_POINT ( 'NONE',  ( 0.005567769930602607317, 0.9921259842519684069, -0.9944322300693974048 ) ) ;
#3026 = CARTESIAN_POINT ( 'NONE',  ( 0.7406117543479000531, 0.9999999999999998890, -0.8237992485957675859 ) ) ;
#3027 = DIRECTION ( 'NONE',  ( -0.000000000000000000, 1.000000000000000000, -0.000000000000000000 ) ) ;
#3028 = CARTESIAN_POINT ( 'NONE',  ( 0.8133114290965804960, 0.9999606299212597804, -0.8456789336495292853 ) ) ;
#3029 = EDGE_CURVE ( 'NONE', #4844, #3523, #3021, .T. ) ;
#3030 = CARTESIAN_POINT ( 'NONE',  ( 0.8297674717737739680, 1.000000000000000444, -0.8512443130280837877 ) ) ;
#3031 = CARTESIAN_POINT ( 'NONE',  ( 0.7401725182893974520, 0.9999606299212598914, -0.8769751792681502733 ) ) ;
#3032 = CARTESIAN_POINT ( 'NONE',  ( 0.8505807351360898938, 1.000000000000000000, -0.5450506550593627875 ) ) ;
#3033 = ORIENTED_EDGE ( 'NONE', *, *, #4463, .F. ) ;
#3034 = CARTESIAN_POINT ( 'NONE',  ( 0.6144882098178690022, 0.9999606299212596694, -0.8345094157865492468 ) ) ;
#3035 = VECTOR ( 'NONE', #2676, 39.37007874015748143 ) ;
#3036 = DIRECTION ( 'NONE',  ( -0.4832823832549972831, 0.000000000000000000, 0.8754645270000206425 ) ) ;
#3037 = CARTESIAN_POINT ( 'NONE',  ( 0.8031282926226771535, 0.9999999999999996669, -0.8416329271692627456 ) ) ;
#3038 = CARTESIAN_POINT ( 'NONE',  ( 0.6847719099614063554, 1.000000000000000444, -0.8452681109666898562 ) ) ;
#3039 = FACE_OUTER_BOUND ( 'NONE', #4863, .T. ) ;
#3040 = VECTOR ( 'NONE', #3247, 39.37007874015748143 ) ;
#3041 = EDGE_LOOP ( 'NONE', ( #5597, #4663, #628, #6083 ) ) ;
#3042 = ADVANCED_FACE ( 'NONE', ( #5367, #4512, #6269, #2880, #1078, #4874, #816, #3916 ), #1696, .F. ) ;
#3043 = PLANE ( 'NONE',  #3453 ) ;
#3044 = ORIENTED_EDGE ( 'NONE', *, *, #3136, .F. ) ;
#3045 = FACE_OUTER_BOUND ( 'NONE', #4175, .T. ) ;
#3046 = CARTESIAN_POINT ( 'NONE',  ( 0.6669056890068546517, 0.9999606299212597804, -0.4935145128993084218 ) ) ;
#3047 = CARTESIAN_POINT ( 'NONE',  ( 0.6333873772510280054, 1.000000000000000000, -0.8173947796082953188 ) ) ;
#3048 = CARTESIAN_POINT ( 'NONE',  ( 0.6036075299061250954, 1.000000000000000222, -0.8364880272644980019 ) ) ;
#3050 = ORIENTED_EDGE ( 'NONE', *, *, #6984, .F. ) ;
#3049 = SECURITY_CLASSIFICATION ( '', '', #4493 ) ;
#3051 = VECTOR ( 'NONE', #3928, 39.37007874015748143 ) ;
#3052 = CARTESIAN_POINT ( 'NONE',  ( 0.6626305879917344654, 0.9999606299212602245, -0.8411251867112434777 ) ) ;
#3053 = DIRECTION ( 'NONE',  ( 0.7071067811865536790, -0.7071067811865413555, 0.000000000000000000 ) ) ;
#3054 = CARTESIAN_POINT ( 'NONE',  ( 0.007874015748031584425, 0.9921259842519684069, -2.049995136288955845E-19 ) ) ;
#3055 = ORIENTED_EDGE ( 'NONE', *, *, #2329, .F. ) ;
#3056 = CARTESIAN_POINT ( 'NONE',  ( 0.6333880155766994369, 1.000000000000000000, -0.8204031962414457535 ) ) ;
#3057 = DIRECTION ( 'NONE',  ( -0.000000000000000000, 1.000000000000000000, -0.000000000000000000 ) ) ;
#3058 = LINE ( 'NONE', #2719, #3242 ) ;
#3059 = CARTESIAN_POINT ( 'NONE',  ( 0.6597908120003782573, 0.9999606299212603355, -0.8606671541464090414 ) ) ;
#3060 = ORIENTED_EDGE ( 'NONE', *, *, #373, .T. ) ;
#3061 = CARTESIAN_POINT ( 'NONE',  ( 0.7348054100325174254, 0.9999606299212602245, -0.8648652309006683581 ) ) ;
#3062 = AXIS2_PLACEMENT_3D ( 'NONE', #2659, #4327, #4348 ) ;
#3063 = CARTESIAN_POINT ( 'NONE',  ( 0.6599646800649972000, 1.000000000000000222, -0.8670896381574224598 ) ) ;
#3064 = EDGE_CURVE ( 'NONE', #902, #973, #5035, .T. ) ;
#3065 = CARTESIAN_POINT ( 'NONE',  ( 0.9927025457063257674, 0.008281706262178384695, 0.0004076905141466290205 ) ) ;
#3066 = ORIENTED_EDGE ( 'NONE', *, *, #4798, .F. ) ;
#3067 = DIRECTION ( 'NONE',  ( 0.4832823832549900112, 0.000000000000000000, -0.8754645270000247503 ) ) ;
#3068 = FACE_OUTER_BOUND ( 'NONE', #5490, .T. ) ;
#3069 = CARTESIAN_POINT ( 'NONE',  ( 0.5530169933058884935, 1.000000000000000000, -0.8785908603912627735 ) ) ;
#3070 = CARTESIAN_POINT ( 'NONE',  ( 0.7120870554585800871, 0.9999606299212598914, -0.8213624665733370023 ) ) ;
#3071 = CARTESIAN_POINT ( 'NONE',  ( 0.8049605397514665306, 1.000000000000000000, -0.8430674817901511187 ) ) ;
#3072 = DIRECTION ( 'NONE',  ( -0.1240347345892100356, 0.000000000000000000, -0.9922778767136675171 ) ) ;
#3073 = DIRECTION ( 'NONE',  ( -1.000000000000000000, 0.000000000000000000, -2.480795431559006810E-16 ) ) ;
#3074 = DIRECTION ( 'NONE',  ( -0.4832823832550036669, -0.000000000000000000, 0.8754645270000170898 ) ) ;
#3075 = CARTESIAN_POINT ( 'NONE',  ( 0.8789909792674789335, 1.000000000000000000, -0.8693161850699836490 ) ) ;
#3076 = ORIENTED_EDGE ( 'NONE', *, *, #5186, .T. ) ;
#3077 = CARTESIAN_POINT ( 'NONE',  ( 0.6644029180612499585, 0.9999606299212595584, -0.8402506438780078524 ) ) ;
#3078 = CARTESIAN_POINT ( 'NONE',  ( 0.7527820092264928542, 1.000000000000000000, -0.8206669462523641378 ) ) ;
#3079 = CARTESIAN_POINT ( 'NONE',  ( 0.8409087408678576070, 1.000000000000000000, -0.8236421211273345921 ) ) ;
#3080 = CARTESIAN_POINT ( 'NONE',  ( 0.6708814705904601050, 0.9999606299212597804, -0.8490291558032766472 ) ) ;
#3081 = CARTESIAN_POINT ( 'NONE',  ( 0.7259598452104255584, 0.9999999999999996669, -0.8033042973682742449 ) ) ;
#3082 = CARTESIAN_POINT ( 'NONE',  ( 0.6764533848479417077, 1.000000000000000000, -0.8361583740496238981 ) ) ;
#3083 = VERTEX_POINT ( 'NONE', #3969 ) ;
#3084 = CARTESIAN_POINT ( 'NONE',  ( 0.6910976708289684467, 0.9999606299212598914, -0.8896840010012001532 ) ) ;
#3085 = ADVANCED_FACE ( 'NONE', ( #5770 ), #6626, .T. ) ;
#3086 = CARTESIAN_POINT ( 'NONE',  ( 0.6490492940847852887, 1.000000000000000444, -0.8079466562738653046 ) ) ;
#3087 = CARTESIAN_POINT ( 'NONE',  ( 0.8130446892802037917, 0.9999606299212597804, -0.7984044308086201136 ) ) ;
#3088 = CARTESIAN_POINT ( 'NONE',  ( 0.8141820961003646273, 0.9999606299212597804, -0.7879290102851955746 ) ) ;
#3089 = COORDINATED_UNIVERSAL_TIME_OFFSET ( 5, 0, .BEHIND. ) ;
#3090 = CARTESIAN_POINT ( 'NONE',  ( 0.6898671015023896125, 1.000000000000000222, -0.8008987640222463567 ) ) ;
#3091 = EDGE_CURVE ( 'NONE', #5323, #6669, #4620, .T. ) ;
#3092 = CARTESIAN_POINT ( 'NONE',  ( 0.6216606592701802159, 0.9999606299212598914, -0.8265702838716502132 ) ) ;
#3093 = DIRECTION ( 'NONE',  ( -1.000000000000000000, 0.000000000000000000, -2.220446049250312588E-16 ) ) ;
#3094 = DIRECTION ( 'NONE',  ( 0.000000000000000000, 0.000000000000000000, -1.000000000000000000 ) ) ;
#3095 = LINE ( 'NONE', #3881, #5063 ) ;
#3096 = CARTESIAN_POINT ( 'NONE',  ( 0.9921259842519684069, 0.000000000000000000, -1.000000000000000222 ) ) ;
#3097 = CARTESIAN_POINT ( 'NONE',  ( 0.8130446892802037917, 0.9999606299212597804, -0.7984044308086201136 ) ) ;
#3098 = ORIENTED_EDGE ( 'NONE', *, *, #2304, .T. ) ;
#3099 = CARTESIAN_POINT ( 'NONE',  ( 0.7242929884615382230, 0.9999606299212601135, -0.7990117204254685301 ) ) ;
#3100 = VECTOR ( 'NONE', #4586, 39.37007874015748854 ) ;
#3101 = CARTESIAN_POINT ( 'NONE',  ( 0.000000000000000000, 1.000000000000000000, -1.000000000000000000 ) ) ;
#3102 = CARTESIAN_POINT ( 'NONE',  ( 0.6015815702357554251, 1.000000000000000000, -0.8364866692082413291 ) ) ;
#3103 = EDGE_CURVE ( 'NONE', #2073, #4568, #3830, .T. ) ;
#3104 = DIRECTION ( 'NONE',  ( -0.000000000000000000, 1.000000000000000000, -0.000000000000000000 ) ) ;
#3105 = CARTESIAN_POINT ( 'NONE',  ( 0.6780379871999184793, 0.9999606299212595584, -0.8469568254510316807 ) ) ;
#3106 = DIRECTION ( 'NONE',  ( 0.000000000000000000, 0.000000000000000000, 1.000000000000000000 ) ) ;
#3107 = ORIENTED_EDGE ( 'NONE', *, *, #3126, .F. ) ;
#3108 = CARTESIAN_POINT ( 'NONE',  ( 0.4942290533678576625, 1.000000000000000000, -0.8903270752214988981 ) ) ;
#3109 = VERTEX_POINT ( 'NONE', #5995 ) ;
#3110 = CARTESIAN_POINT ( 'NONE',  ( 0.8162455670767237992, 1.000000000000000000, -0.8561843787252867433 ) ) ;
#3111 = CARTESIAN_POINT ( 'NONE',  ( 0.6964104210564623365, 1.000000000000000000, -0.8706203103445218083 ) ) ;
#3112 = CARTESIAN_POINT ( 'NONE',  ( 0.8351809088539038362, 0.9999606299212602245, -0.8010727231647289948 ) ) ;
#3113 = CARTESIAN_POINT ( 'NONE',  ( 0.7034170399435336618, 0.9999606299212591143, -0.8374836320127004852 ) ) ;
#3114 = CARTESIAN_POINT ( 'NONE',  ( 0.8579800891159637954, 0.9999606299212597804, -0.8653766431665746994 ) ) ;
#3115 = ORIENTED_EDGE ( 'NONE', *, *, #3461, .F. ) ;
#3116 = CARTESIAN_POINT ( 'NONE',  ( 0.5047344984436151760, 0.9999606299212597804, -0.8417393917461201136 ) ) ;
#3117 = CARTESIAN_POINT ( 'NONE',  ( 0.6796206930760601006, 0.9999999999999998890, -0.8798052749185095722 ) ) ;
#3118 = CARTESIAN_POINT ( 'NONE',  ( 0.5555662179330025374, 0.9999606299212598914, -0.8485611053096431267 ) ) ;
#3119 = ORIENTED_EDGE ( 'NONE', *, *, #6731, .T. ) ;
#3120 = DIRECTION ( 'NONE',  ( -1.000000000000000000, 0.000000000000000000, 0.000000000000000000 ) ) ;
#3121 = CARTESIAN_POINT ( 'NONE',  ( 0.7379841407875403769, 1.000000000000000444, -0.8208781948511510995 ) ) ;
#3122 = CARTESIAN_POINT ( 'NONE',  ( 0.7120870554585800871, 0.9999606299212598914, -0.8213624665733370023 ) ) ;
#3123 = ORIENTED_EDGE ( 'NONE', *, *, #4335, .T. ) ;
#3124 = CARTESIAN_POINT ( 'NONE',  ( 0.4974776437686259101, 1.000000000000000000, -0.1002102154469468043 ) ) ;
#3125 = CARTESIAN_POINT ( 'NONE',  ( 0.5822121558773274419, 1.000000000000000000, -0.8364866692082413291 ) ) ;
#3126 = EDGE_CURVE ( 'NONE', #3851, #3903, #1595, .T. ) ;
#3127 = CARTESIAN_POINT ( 'NONE',  ( 0.7620800999449668378, 0.9999606299212598914, -0.8494496466739990259 ) ) ;
#3128 = DIRECTION ( 'NONE',  ( -0.4999999999999891753, -0.7071067811865474617, 0.5000000000000108802 ) ) ;
#3129 = EDGE_CURVE ( 'NONE', #2095, #1158, #4176, .T. ) ;
#3130 = DIRECTION ( 'NONE',  ( -0.7071067811865413555, -0.7071067811865536790, -2.775557561562891351E-17 ) ) ;
#3131 = LINE ( 'NONE', #965, #6582 ) ;
#3132 = FACE_OUTER_BOUND ( 'NONE', #1058, .T. ) ;
#3133 = CARTESIAN_POINT ( 'NONE',  ( 0.7765628897788425800, 0.9999606299212597804, -0.8633042799778021248 ) ) ;
#3134 = ORIENTED_EDGE ( 'NONE', *, *, #5541, .F. ) ;
#3135 = CARTESIAN_POINT ( 'NONE',  ( 0.7886652562639381303, 0.9999999999999998890, -0.8074769613114650690 ) ) ;
#3136 = EDGE_CURVE ( 'NONE', #5027, #2158, #1234, .T. ) ;
#3137 = PLANE ( 'NONE',  #2587 ) ;
#3138 = ORIENTED_EDGE ( 'NONE', *, *, #3328, .T. ) ;
#3139 = ORIENTED_EDGE ( 'NONE', *, *, #1649, .T. ) ;
#3140 = LINE ( 'NONE', #6851, #2260 ) ;
#3141 = CARTESIAN_POINT ( 'NONE',  ( 0.8052729521335399987, 0.9999606299212596694, -0.8011321810131296628 ) ) ;
#3142 = CARTESIAN_POINT ( 'NONE',  ( 0.8196757300547916625, 0.9999606299212601135, -0.8000469513972310320 ) ) ;
#3143 = ORIENTED_EDGE ( 'NONE', *, *, #6441, .T. ) ;
#3145 = FACE_OUTER_BOUND ( 'NONE', #775, .T. ) ;
#3144 = CARTESIAN_POINT ( 'NONE',  ( 0.6975947566892016782, 1.000000000000000222, -0.8057470219922899801 ) ) ;
#3146 = FACE_OUTER_BOUND ( 'NONE', #453, .T. ) ;
#3147 = CARTESIAN_POINT ( 'NONE',  ( 0.6022725610886624503, 0.9999606299212601135, -0.8364871323983357199 ) ) ;
#3148 = ORIENTED_EDGE ( 'NONE', *, *, #6355, .T. ) ;
#3149 = FACE_OUTER_BOUND ( 'NONE', #2718, .T. ) ;
#3150 = PLANE ( 'NONE',  #4096 ) ;
#3151 = CARTESIAN_POINT ( 'NONE',  ( 0.6599646800649972000, 0.9999606299212601135, -0.8670896381574224598 ) ) ;
#3152 = CARTESIAN_POINT ( 'NONE',  ( 0.6903678614620676335, 0.9999606299212601135, -0.8771294502298963014 ) ) ;
#3153 = ORIENTED_EDGE ( 'NONE', *, *, #6036, .T. ) ;
#3154 = CARTESIAN_POINT ( 'NONE',  ( 0.8789909792674789335, 1.000000000000000000, -0.7892121663673321574 ) ) ;
#3155 = EDGE_LOOP ( 'NONE', ( #3138, #1000, #6953, #5939 ) ) ;
#3156 = FACE_OUTER_BOUND ( 'NONE', #6175, .T. ) ;
#3157 = DIRECTION ( 'NONE',  ( -0.000000000000000000, 1.000000000000000000, -0.000000000000000000 ) ) ;
#3158 = DIRECTION ( 'NONE',  ( 1.000000000000000000, 0.000000000000000000, 0.000000000000000000 ) ) ;
#3159 = CARTESIAN_POINT ( 'NONE',  ( 0.7749666312247462940, 0.9999606299212598914, -0.8737358404433144266 ) ) ;
#3160 = CARTESIAN_POINT ( 'NONE',  ( 0.7525127294194865479, 0.9999606299212598914, -0.8364813673410808059 ) ) ;
#3161 = CARTESIAN_POINT ( 'NONE',  ( 0.5348728563400749758, 0.9999606299212601135, -0.8898498711280964368 ) ) ;
#3162 = CARTESIAN_POINT ( 'NONE',  ( 0.8789909792674789335, 0.9999606299212597804, -0.8693161850699836490 ) ) ;
#3163 = CARTESIAN_POINT ( 'NONE',  ( 0.7012706060004654240, 0.9999606299212598914, -0.8212368324395175057 ) ) ;
#3164 = CARTESIAN_POINT ( 'NONE',  ( 0.6007608323392118477, 0.9999606299210463956, -0.8483052949184685110 ) ) ;
#3165 = CARTESIAN_POINT ( 'NONE',  ( 0.6858198770581785952, 0.9999606299212597804, -0.7999985318083218111 ) ) ;
#3166 = EDGE_CURVE ( 'NONE', #4908, #863, #6772, .T. ) ;
#3167 = VERTEX_POINT ( 'NONE', #1149 ) ;
#3168 = CARTESIAN_POINT ( 'NONE',  ( 0.8041229869834248811, 0.9999606299212596694, -0.8021128305268589997 ) ) ;
#3169 = CARTESIAN_POINT ( 'NONE',  ( 0.8303890407153958764, 0.9999606299212597804, -0.8221367912720285442 ) ) ;
#3170 = VERTEX_POINT ( 'NONE', #5533 ) ;
#3171 = CARTESIAN_POINT ( 'NONE',  ( 0.7004134851776566695, 0.9999999999999998890, -0.8100447569082430688 ) ) ;
#3172 = DIRECTION ( 'NONE',  ( 0.9238795325112819645, 0.3826834323651013281, 0.000000000000000000 ) ) ;
#3173 = CARTESIAN_POINT ( 'NONE',  ( 0.8826842998019249764, 0.9999606299212597804, -0.8916402558559686220 ) ) ;
#3174 = CARTESIAN_POINT ( 'NONE',  ( 0.6997631245907419695, 0.9999999999999998890, -0.8249185306815322027 ) ) ;
#3175 = CARTESIAN_POINT ( 'NONE',  ( 0.6954795193159251099, 0.9999606299212595584, -0.8722461049484135920 ) ) ;
#3176 = ORIENTED_EDGE ( 'NONE', *, *, #2064, .T. ) ;
#3177 = PLANE ( 'NONE',  #1109 ) ;
#3178 = CARTESIAN_POINT ( 'NONE',  ( 0.7988614203109725143, 0.9999606299212602245, -0.8113802538105511220 ) ) ;
#3179 = CARTESIAN_POINT ( 'NONE',  ( 0.7227199909194933491, 1.000000000000000222, -0.7898279662150948788 ) ) ;
#3180 = CARTESIAN_POINT ( 'NONE',  ( 0.6956073509295939150, 0.9999606299212597804, -0.8292977834805598247 ) ) ;
#3181 = EDGE_CURVE ( 'NONE', #1228, #3905, #2968, .T. ) ;
#3182 = CARTESIAN_POINT ( 'NONE',  ( 0.8721007727025127387, 0.9999606299212597804, -0.8625883005894828814 ) ) ;
#3183 = CARTESIAN_POINT ( 'NONE',  ( 0.6669056890068546517, 1.000000000000000000, -0.5063145128993086219 ) ) ;
#3184 = CARTESIAN_POINT ( 'NONE',  ( 0.6658841539943012311, 1.000000000000000444, -0.8764129727265957959 ) ) ;
#3185 = CARTESIAN_POINT ( 'NONE',  ( 0.6997631245907419695, 0.9999999999999998890, -0.8249185306815322027 ) ) ;
#3186 = CARTESIAN_POINT ( 'NONE',  ( 0.7643483821859998750, 0.9999606299212595584, -0.8340143874491631193 ) ) ;
#3187 = CARTESIAN_POINT ( 'NONE',  ( 0.8789909792674789335, 0.9999606299212597804, -0.7892121663673321574 ) ) ;
#3188 = DIRECTION ( 'NONE',  ( 0.9886327584646514843, 0.000000000000000000, 0.1503504868318499832 ) ) ;
#3189 = CARTESIAN_POINT ( 'NONE',  ( 0.7016961051779964098, 1.000000000000000222, -0.8164052500498332199 ) ) ;
#3190 = EDGE_CURVE ( 'NONE', #1557, #2790, #5448, .T. ) ;
#3191 = LINE ( 'NONE', #4657, #4548 ) ;
#3192 = CARTESIAN_POINT ( 'NONE',  ( 0.6068040883551996112, 0.9999606299210462845, -0.8485240428304315907 ) ) ;
#3193 = CARTESIAN_POINT ( 'NONE',  ( 0.8034018303688242879, 0.9999606299212598914, -0.7897654830495048905 ) ) ;
#3194 = ORIENTED_EDGE ( 'NONE', *, *, #1561, .T. ) ;
#3195 = DIRECTION ( 'NONE',  ( 0.000000000000000000, -8.107972700479607415E-12, 1.000000000000000000 ) ) ;
#3196 = ORIENTED_EDGE ( 'NONE', *, *, #4640, .F. ) ;
#3197 = CARTESIAN_POINT ( 'NONE',  ( 0.6831878374655813158, 0.9999606299212597804, -0.8795437517128988913 ) ) ;
#3198 = CARTESIAN_POINT ( 'NONE',  ( 0.6752942764194443948, 0.9999606299212598914, -0.8915760465103962362 ) ) ;
#3199 = CARTESIAN_POINT ( 'NONE',  ( 0.8064632311484982718, 0.9999999999999995559, -0.8002970741371010499 ) ) ;
#3200 = ORIENTED_EDGE ( 'NONE', *, *, #2817, .F. ) ;
#3201 = ORIENTED_EDGE ( 'NONE', *, *, #820, .F. ) ;
#3202 = VERTEX_POINT ( 'NONE', #1656 ) ;
#3203 = CARTESIAN_POINT ( 'NONE',  ( 0.8301242287640748785, 0.9999999999999998890, -0.8280973590356740521 ) ) ;
#3204 = AXIS2_PLACEMENT_3D ( 'NONE', #2791, #1235, #2251 ) ;
#3205 = CARTESIAN_POINT ( 'NONE',  ( 0.7006322102130058127, 0.9999606299212598914, -0.8231458661854084147 ) ) ;
#3206 = ORIENTED_EDGE ( 'NONE', *, *, #1269, .F. ) ;
#3207 = CARTESIAN_POINT ( 'NONE',  ( 0.8663189268610997917, 0.9999606299212596694, -0.8583001028979616587 ) ) ;
#3208 = CARTESIAN_POINT ( 'NONE',  ( 0.8000462686994838091, 0.9999999999999998890, -0.8379283927419142186 ) ) ;
#3209 = CARTESIAN_POINT ( 'NONE',  ( 0.7618871272168473707, 1.000000000000000222, -0.8309127068499613245 ) ) ;
#3210 = CARTESIAN_POINT ( 'NONE',  ( 0.6215975392420495238, 1.000000000000000000, -0.8105642753144211010 ) ) ;
#3211 = CARTESIAN_POINT ( 'NONE',  ( 0.6665444782928602319, 0.9999606299212595584, -0.8040587467150480672 ) ) ;
#3212 = VERTEX_POINT ( 'NONE', #5550 ) ;
#3213 = CARTESIAN_POINT ( 'NONE',  ( 0.8130446892802037917, 1.000000000000000000, -0.7984044308086201136 ) ) ;
#3214 = CARTESIAN_POINT ( 'NONE',  ( 0.7009806675740903881, 1.000000000000000444, -0.8116706504801229904 ) ) ;
#3215 = CARTESIAN_POINT ( 'NONE',  ( 0.6038320232758666029, 1.000000000000000222, -0.8903215404734198257 ) ) ;
#3216 = DIRECTION ( 'NONE',  ( -5.487782901900146076E-13, 1.000000000000000000, 8.107972700479607415E-12 ) ) ;
#3217 = VECTOR ( 'NONE', #5284, 39.37007874015748143 ) ;
#3218 = CARTESIAN_POINT ( 'NONE',  ( 0.8789909792674789335, 0.9999606299212597804, -0.7892121663673321574 ) ) ;
#3219 = CARTESIAN_POINT ( 'NONE',  ( 0.6536251328669437921, 0.9999606299212597804, -0.8797645298054748153 ) ) ;
#3220 = VERTEX_POINT ( 'NONE', #615 ) ;
#3221 = VECTOR ( 'NONE', #1212, 39.37007874015748143 ) ;
#3222 = CARTESIAN_POINT ( 'NONE',  ( 0.6195146932752324531, 0.9999606299212598914, -0.8437091626978248105 ) ) ;
#3223 = CARTESIAN_POINT ( 'NONE',  ( 0.7660574447030851220, 1.000000000000000222, -0.8635094644519381024 ) ) ;
#3224 = ADVANCED_FACE ( 'NONE', ( #903 ), #3826, .T. ) ;
#3225 = EDGE_LOOP ( 'NONE', ( #4345, #3115, #4932, #3333 ) ) ;
#3226 = VECTOR ( 'NONE', #3278, 39.37007874015748143 ) ;
#3227 = VECTOR ( 'NONE', #4745, 39.37007874015748143 ) ;
#3228 = CARTESIAN_POINT ( 'NONE',  ( 0.7740755315781393531, 0.9999606299212598914, -0.8761754789118554321 ) ) ;
#3229 = EDGE_LOOP ( 'NONE', ( #3963, #1524, #3322, #3828 ) ) ;
#3230 = ORIENTED_EDGE ( 'NONE', *, *, #1615, .T. ) ;
#3231 = CARTESIAN_POINT ( 'NONE',  ( 0.8229829019661459855, 1.000000000000000222, -0.8423488217799099953 ) ) ;
#3232 = CARTESIAN_POINT ( 'NONE',  ( 0.7660358056750076194, 0.9999606299212598914, -0.8653902929186875204 ) ) ;
#3233 = VECTOR ( 'NONE', #6477, 39.37007874015748143 ) ;
#3234 = DIRECTION ( 'NONE',  ( 6.839255870354760098E-17, -0.7071067811865534569, -0.7071067811865413555 ) ) ;
#3235 = VERTEX_POINT ( 'NONE', #5522 ) ;
#3236 = DIRECTION ( 'NONE',  ( -1.000000000000000000, 0.000000000000000000, 2.603493823086944073E-17 ) ) ;
#3237 = LINE ( 'NONE', #4181, #3987 ) ;
#3238 = CARTESIAN_POINT ( 'NONE',  ( 0.8304032957921000380, 0.9999606299212597804, -0.8230676045997541435 ) ) ;
#3239 = EDGE_CURVE ( 'NONE', #3948, #1897, #2804, .T. ) ;
#3240 = DIRECTION ( 'NONE',  ( -1.000000000000000000, 0.000000000000000000, -0.000000000000000000 ) ) ;
#3241 = CARTESIAN_POINT ( 'NONE',  ( 0.5047344984436151760, 1.000000000000000000, -0.8299207660358928207 ) ) ;
#3242 = VECTOR ( 'NONE', #1538, 39.37007874015748143 ) ;
#3243 = DIRECTION ( 'NONE',  ( -0.4832823832550036669, 0.000000000000000000, 0.8754645270000170898 ) ) ;
#3244 = CARTESIAN_POINT ( 'NONE',  ( 0.6030588984495338645, 1.000000000000000000, -0.8903270752214988981 ) ) ;
#3245 = CARTESIAN_POINT ( 'NONE',  ( 0.6990081667136880395, 0.9999606299212598914, -0.8609325131076448478 ) ) ;
#3246 = VECTOR ( 'NONE', #2940, 39.37007874015748143 ) ;
#3247 = DIRECTION ( 'NONE',  ( -0.000000000000000000, 1.000000000000000000, -0.000000000000000000 ) ) ;
#3249 = AXIS2_PLACEMENT_3D ( 'NONE', #6114, #1206, #6647 ) ;
#3248 = CARTESIAN_POINT ( 'NONE',  ( 0.6502339196273054789, 0.9999606299212597804, -0.8724700688054520814 ) ) ;
#3250 = EDGE_CURVE ( 'NONE', #3877, #6640, #1508, .T. ) ;
#3251 = CARTESIAN_POINT ( 'NONE',  ( 0.6170140060587968600, 1.000000000000000000, -0.8738589233642973797 ) ) ;
#3252 = DIRECTION ( 'NONE',  ( -1.000000000000000000, -2.453269466693455577E-14, -2.453269466693455261E-14 ) ) ;
#3253 = CARTESIAN_POINT ( 'NONE',  ( 0.8255745899752073846, 1.000000000000000444, -0.8397497679507937018 ) ) ;
#3254 = CARTESIAN_POINT ( 'NONE',  ( 0.1003966783382542194, 0.9999606299212597804, -0.5063989121866298015 ) ) ;
#3255 = CARTESIAN_POINT ( 'NONE',  ( 0.7537029275451095911, 1.000000000000000222, -0.8808587574177545454 ) ) ;
#3256 = CARTESIAN_POINT ( 'NONE',  ( 0.6307567529051865129, 0.9999606299212597804, -0.8661183907893835743 ) ) ;
#3257 = CARTESIAN_POINT ( 'NONE',  ( 0.7527820092264928542, 1.000000000000000000, -0.8206669462523641378 ) ) ;
#3258 = ORIENTED_EDGE ( 'NONE', *, *, #3857, .F. ) ;
#3259 = DIRECTION ( 'NONE',  ( 0.000000000000000000, 0.000000000000000000, 1.000000000000000000 ) ) ;
#3260 = CARTESIAN_POINT ( 'NONE',  ( 0.5272296883617476615, 1.000000000000000000, -0.8785071473688054189 ) ) ;
#3261 = PLANE ( 'NONE',  #4151 ) ;
#3262 = DIRECTION ( 'NONE',  ( -1.308579607473143893E-12, 1.000000000000000000, -1.320746441559287241E-12 ) ) ;
#3263 = ORIENTED_EDGE ( 'NONE', *, *, #1408, .F. ) ;
#3264 = CARTESIAN_POINT ( 'NONE',  ( 0.6028331955279843113, 0.9999606299212597804, -0.7892121663673321574 ) ) ;
#3265 = CARTESIAN_POINT ( 'NONE',  ( 0.6115654911700553198, 1.000000000000000000, -0.8896375955386560674 ) ) ;
#3266 = CARTESIAN_POINT ( 'NONE',  ( 0.8369691989644486574, 1.000000000000000000, -0.8771952688768018813 ) ) ;
#3267 = ORGANIZATION ( 'UNSPECIFIED', 'UNSPECIFIED', '' ) ;
#3268 = CARTESIAN_POINT ( 'NONE',  ( 0.6850288628179920236, 0.9999606299212593363, -0.8336870952819691594 ) ) ;
#3269 = EDGE_CURVE ( 'NONE', #1559, #1317, #5172, .T. ) ;
#3270 = CARTESIAN_POINT ( 'NONE',  ( 0.7265775306239781184, 0.9999606299212595584, -0.8745829095702205569 ) ) ;
#3271 = CARTESIAN_POINT ( 'NONE',  ( 0.7657926022098706653, 1.000000000000000222, -0.8672069193065110593 ) ) ;
#3272 = EDGE_CURVE ( 'NONE', #6404, #3167, #5194, .T. ) ;
#3273 = LINE ( 'NONE', #6859, #4024 ) ;
#3274 = EDGE_CURVE ( 'NONE', #6381, #3903, #1350, .T. ) ;
#3275 = CARTESIAN_POINT ( 'NONE',  ( 0.6748595198407207896, 1.000000000000000000, -0.8003761882059740040 ) ) ;
#3276 = CARTESIAN_POINT ( 'NONE',  ( 0.7579523300823067800, 0.9999606299212598914, -0.8792159152055016857 ) ) ;
#3277 = CARTESIAN_POINT ( 'NONE',  ( 0.5337041415892254115, 1.000000000000000222, -0.8423579175422329923 ) ) ;
#3278 = DIRECTION ( 'NONE',  ( 0.000000000000000000, 0.000000000000000000, 1.000000000000000000 ) ) ;
#3279 = ORIENTED_EDGE ( 'NONE', *, *, #6610, .F. ) ;
#3280 = CARTESIAN_POINT ( 'NONE',  ( 0.8999056890068602987, 0.9999606299212597804, -0.4971109695922215632 ) ) ;
#3281 = CARTESIAN_POINT ( 'NONE',  ( 0.6228873424737788600, 0.9999999999999998890, -0.8178133828181762821 ) ) ;
#3282 = VECTOR ( 'NONE', #1037, 39.37007874015748143 ) ;
#3283 =( NAMED_UNIT ( * ) SI_UNIT ( $, .STERADIAN. ) SOLID_ANGLE_UNIT ( ) );
#3284 = CARTESIAN_POINT ( 'NONE',  ( 0.7520761277625507280, 1.000000000000000222, -0.8199159227476131573 ) ) ;
#3285 = ORIENTED_EDGE ( 'NONE', *, *, #5007, .T. ) ;
#3286 = VERTEX_POINT ( 'NONE', #5053 ) ;
#3287 = CARTESIAN_POINT ( 'NONE',  ( 0.7265775306239781184, 0.9999606299212595584, -0.8745829095702205569 ) ) ;
#3288 = CARTESIAN_POINT ( 'NONE',  ( 0.007501910090362785485, 0.006741022673974525654, -0.9988670069259437678 ) ) ;
#3289 = CC_DESIGN_PERSON_AND_ORGANIZATION_ASSIGNMENT ( #337, #6473, ( #1065 ) ) ;
#3290 = ORIENTED_EDGE ( 'NONE', *, *, #4381, .F. ) ;
#3291 = CARTESIAN_POINT ( 'NONE',  ( 0.5545839674193597801, 1.000000000000000000, -0.8458248433995798621 ) ) ;
#3292 = CARTESIAN_POINT ( 'NONE',  ( 0.5572527531377392540, 0.9999606299212598914, -0.8618822046330096853 ) ) ;
#3293 = CARTESIAN_POINT ( 'NONE',  ( 0.5548821937111297897, 0.9999606299212597804, -0.8748126772757981451 ) ) ;
#3294 = EDGE_CURVE ( 'NONE', #6868, #7023, #5674, .T. ) ;
#3295 = CARTESIAN_POINT ( 'NONE',  ( 0.7004953671445436347, 0.9999606299212598914, -0.7934131500608874177 ) ) ;
#3296 = CARTESIAN_POINT ( 'NONE',  ( 0.7660574447030850109, 0.9999606299212597804, -0.8635094644519379914 ) ) ;
#3297 = CARTESIAN_POINT ( 'NONE',  ( 0.5449106273021814273, 1.000000000000000222, -0.8505763329172455478 ) ) ;
#3298 = VERTEX_POINT ( 'NONE', #3354 ) ;
#3299 = CARTESIAN_POINT ( 'NONE',  ( 0.9938942014175508044, 0.9932589773260246391, -0.004503504411044027995 ) ) ;
#3300 = CARTESIAN_POINT ( 'NONE',  ( 0.7701144065265195238, 0.9999606299212595584, -0.8830058032257509515 ) ) ;
#3301 = VERTEX_POINT ( 'NONE', #1766 ) ;
#3302 = CARTESIAN_POINT ( 'NONE',  ( 0.6575065175280906393, 0.9999606299212593363, -0.8194809920475888410 ) ) ;
#3303 = CARTESIAN_POINT ( 'NONE',  ( 1.000000000000000000, 0.007874015748031721468, -2.603493823086943765E-17 ) ) ;
#3304 = LINE ( 'NONE', #5704, #1748 ) ;
#3305 = FACE_BOUND ( 'NONE', #6412, .T. ) ;
#3306 = ORIENTED_EDGE ( 'NONE', *, *, #3315, .F. ) ;
#3307 = CARTESIAN_POINT ( 'NONE',  ( 0.7886652562639381303, 0.9999606299212595584, -0.8074769613114650690 ) ) ;
#3308 = ORIENTED_EDGE ( 'NONE', *, *, #2374, .F. ) ;
#3309 = LINE ( 'NONE', #3419, #1829 ) ;
#3310 = ADVANCED_FACE ( 'NONE', ( #3045 ), #6109, .T. ) ;
#3311 = CARTESIAN_POINT ( 'NONE',  ( 0.9921259842519684069, 1.000000000000000000, -1.000000000000000222 ) ) ;
#3312 = CARTESIAN_POINT ( 'NONE',  ( 1.000000000000000222, 1.000000000000000000, -1.000000000000000222 ) ) ;
#3313 = ORIENTED_EDGE ( 'NONE', *, *, #5658, .T. ) ;
#3314 = FACE_OUTER_BOUND ( 'NONE', #3383, .T. ) ;
#3315 = EDGE_CURVE ( 'NONE', #6284, #6572, #5185, .T. ) ;
#3316 = EDGE_LOOP ( 'NONE', ( #4966, #4633, #6073, #3194 ) ) ;
#3317 = CARTESIAN_POINT ( 'NONE',  ( 0.6202650649540416561, 0.9999606299212593363, -0.8641057757814939455 ) ) ;
#3318 = VECTOR ( 'NONE', #6151, 39.37007874015748143 ) ;
#3319 = CARTESIAN_POINT ( 'NONE',  ( 0.6228277477735760792, 0.9999606299212598914, -0.7941589578937484628 ) ) ;
#3320 = VERTEX_POINT ( 'NONE', #3929 ) ;
#3321 = CARTESIAN_POINT ( 'NONE',  ( 0.8133114290965804960, 1.000000000000000000, -0.8456789336495292853 ) ) ;
#3322 = ORIENTED_EDGE ( 'NONE', *, *, #4303, .F. ) ;
#3323 = CARTESIAN_POINT ( 'NONE',  ( 0.6202285340598476804, 1.000000000000000000, -0.8605771042830471229 ) ) ;
#3324 = CARTESIAN_POINT ( 'NONE',  ( 0.5401428198444120365, 0.9999606299212596694, -0.8888625323065203476 ) ) ;
#3325 = CARTESIAN_POINT ( 'NONE',  ( 0.5267302740709827180, 0.9999606299209541360, -0.8417393917461202246 ) ) ;
#3326 = LINE ( 'NONE', #6870, #3408 ) ;
#3327 = CARTESIAN_POINT ( 'NONE',  ( 0.5385683859456459333, 0.9999606299212597804, -0.8892697774064808325 ) ) ;
#3328 = EDGE_CURVE ( 'NONE', #1162, #4336, #5360, .T. ) ;
#3329 = CARTESIAN_POINT ( 'NONE',  ( 0.6706410640585741545, 0.9999606299212598914, -0.8787274383127279265 ) ) ;
#3330 = CARTESIAN_POINT ( 'NONE',  ( 0.7095095208052704105, 1.000000000000000000, -0.8629318676783394038 ) ) ;
#3331 = AXIS2_PLACEMENT_3D ( 'NONE', #6672, #1253, #3449 ) ;
#3332 = CARTESIAN_POINT ( 'NONE',  ( 0.7971621616521076259, 0.9999606299212602245, -0.7937550718043046016 ) ) ;
#3333 = ORIENTED_EDGE ( 'NONE', *, *, #1512, .T. ) ;
#3334 = PERSON ( 'UNSPECIFIED', 'UNSPECIFIED', 'UNSPECIFIED', ('UNSPECIFIED'), ('UNSPECIFIED'), ('UNSPECIFIED') ) ;
#3335 = CARTESIAN_POINT ( 'NONE',  ( 0.6053386720810758348, 1.000000000000000222, -0.8903107544770365589 ) ) ;
#3336 = EDGE_LOOP ( 'NONE', ( #1724, #1764, #16, #1328 ) ) ;
#3337 = EDGE_CURVE ( 'NONE', #3212, #809, #2435, .T. ) ;
#3338 = ORIENTED_EDGE ( 'NONE', *, *, #6196, .F. ) ;
#3339 = CARTESIAN_POINT ( 'NONE',  ( 0.6036546443377976967, 0.9999606299212597804, -0.8784337237097977757 ) ) ;
#3340 = CARTESIAN_POINT ( 'NONE',  ( 0.5530169933058884935, 1.000000000000000000, -0.8785908603912627735 ) ) ;
#3341 = CARTESIAN_POINT ( 'NONE',  ( 0.6118036899361023462, 0.9999606299212597804, -0.8495195699614875862 ) ) ;
#3342 = CARTESIAN_POINT ( 'NONE',  ( 0.5440929756788409621, 1.000000000000000222, -0.8490158016966471433 ) ) ;
#3343 = CARTESIAN_POINT ( 'NONE',  ( 0.5030847303827993278, 0.9999606299212597804, -0.1002102154469468043 ) ) ;
#3344 = CARTESIAN_POINT ( 'NONE',  ( 0.7626492965223349296, 0.9999606299212598914, -0.8749599761135716802 ) ) ;
#3345 = CARTESIAN_POINT ( 'NONE',  ( 0.7333888948168920674, 0.9999606299212598914, -0.8153772215395659329 ) ) ;
#3346 = CARTESIAN_POINT ( 'NONE',  ( 0.6608933233737882551, 0.9999999999999998890, -0.7930165775937458861 ) ) ;
#3347 = DIRECTION ( 'NONE',  ( 0.7071067811865474617, 0.000000000000000000, 0.7071067811865474617 ) ) ;
#3348 = B_SPLINE_CURVE_WITH_KNOTS ( 'NONE', 3,
 ( #2881, #3427, #668, #4469, #3387, #137, #3934 ),
 .UNSPECIFIED., .F., .F.,
 ( 4, 1, 1, 1, 4 ),
 ( 0.000000000000000000, 0.2544048168317847303, 0.5034877679196680944, 0.7504933180397435066, 0.9999999999999998890 ),
 .UNSPECIFIED. ) ;
#3349 = VECTOR ( 'NONE', #5653, 39.37007874015748854 ) ;
#3350 = CARTESIAN_POINT ( 'NONE',  ( 0.7952908776309878247, 0.9999606299212597804, -0.7955378417665045498 ) ) ;
#3351 = B_SPLINE_CURVE_WITH_KNOTS ( 'NONE', 3,
 ( #5473, #5982, #6030, #3854, #3802, #60, #1094, #2777, #4444, #571, #1665, #1131, #3876, #587, #4395, #4415, #2734, #3835, #4985 ),
 .UNSPECIFIED., .F., .F.,
 ( 4, 1, 1, 1, 1, 1, 1, 1, 1, 1, 1, 1, 1, 1, 1, 1, 4 ),
 ( 0.000000000000000000, 0.08594776776712514943, 0.1646612895918341535, 0.2391822142960184361, 0.3092369848563656376, 0.3766943517160651345, 0.4407479895346235188, 0.5032957377886658756, 0.5666613310136063841, 0.6011212985389541297, 0.6409394331421699453, 0.6866273269858721440, 0.7373982524124178539, 0.7941894459313129095, 0.8569408067006942797, 0.9257597107636975631, 1.000000000000000000 ),
 .UNSPECIFIED. ) ;
#3352 = VECTOR ( 'NONE', #498, 39.37007874015748143 ) ;
#3353 = CARTESIAN_POINT ( 'NONE',  ( 0.6001521902821929100, 1.000000000000000222, -0.8785050715275161126 ) ) ;
#3354 = CARTESIAN_POINT ( 'NONE',  ( 0.5717067108015697618, 1.000000000000000000, -0.7892121663673321574 ) ) ;
#3355 = CARTESIAN_POINT ( 'NONE',  ( 0.6203450460828366930, 1.000000000000000666, -0.7925952685675000664 ) ) ;
#3356 = ORIENTED_EDGE ( 'NONE', *, *, #1975, .T. ) ;
#3357 = EDGE_CURVE ( 'NONE', #3109, #4511, #4271, .T. ) ;
#3358 = ORIENTED_EDGE ( 'NONE', *, *, #5139, .F. ) ;
#3359 = CARTESIAN_POINT ( 'NONE',  ( 0.5530169933058884935, 0.9999606299212597804, -0.8785908603912627735 ) ) ;
#3360 = EDGE_CURVE ( 'NONE', #6572, #3905, #6174, .T. ) ;
#3361 = DIRECTION ( 'NONE',  ( 0.7071067811865536790, 0.000000000000000000, -0.7071067811865413555 ) ) ;
#3362 = CARTESIAN_POINT ( 'NONE',  ( 0.8056943205540838537, 0.9999999999999996669, -0.7889208000954396338 ) ) ;
#3363 = ORIENTED_EDGE ( 'NONE', *, *, #883, .F. ) ;
#3364 = CARTESIAN_POINT ( 'NONE',  ( 0.7962605992958878831, 0.9999606299212597804, -0.8890138945870291742 ) ) ;
#3365 = ORIENTED_EDGE ( 'NONE', *, *, #3181, .T. ) ;
#3366 = CARTESIAN_POINT ( 'NONE',  ( 0.7716208551788932279, 1.000000000000000222, -0.8808163454230890643 ) ) ;
#3367 = ORIENTED_EDGE ( 'NONE', *, *, #6292, .F. ) ;
#3368 = CARTESIAN_POINT ( 'NONE',  ( 0.7746285440201090555, 0.9999999999999998890, -0.8513776938515746906 ) ) ;
#3369 = CARTESIAN_POINT ( 'NONE',  ( 0.6785257480367141714, 0.9999606299212597804, -0.8916402558559686220 ) ) ;
#3370 = CARTESIAN_POINT ( 'NONE',  ( 0.6229207555458879941, 0.9999606299212597804, -0.8188202859851411164 ) ) ;
#3371 = CARTESIAN_POINT ( 'NONE',  ( 0.7240356644000547348, 0.9999606299212597804, -0.8614371012631655278 ) ) ;
#3372 = ADVANCED_FACE ( 'NONE', ( #2269 ), #6787, .T. ) ;
#3373 = CARTESIAN_POINT ( 'NONE',  ( 0.8233695737683932592, 0.9999606299212596694, -0.8550000404217957817 ) ) ;
#3374 = ORIENTED_EDGE ( 'NONE', *, *, #4087, .T. ) ;
#3375 = CARTESIAN_POINT ( 'NONE',  ( 0.6015888956978779900, 0.9999606299212598914, -0.8784985622367255109 ) ) ;
#3376 = CARTESIAN_POINT ( 'NONE',  ( 0.7765628897788425800, 0.9999606299212597804, -0.8633042799778021248 ) ) ;
#3377 = CARTESIAN_POINT ( 'NONE',  ( 0.6102475980942227984, 1.000000000000000222, -0.7896394250322061881 ) ) ;
#3378 = LINE ( 'NONE', #3571, #3725 ) ;
#3379 = FACE_OUTER_BOUND ( 'NONE', #147, .T. ) ;
#3380 = CARTESIAN_POINT ( 'NONE',  ( 0.5572443546610056364, 1.000000000000000000, -0.8599042495633131278 ) ) ;
#3381 = ORIENTED_EDGE ( 'NONE', *, *, #3029, .T. ) ;
#3382 = CARTESIAN_POINT ( 'NONE',  ( 0.6166209565795146563, 0.9999606299212598914, -0.8524413188383418438 ) ) ;
#3383 = EDGE_LOOP ( 'NONE', ( #6853, #6377, #2811, #6615 ) ) ;
#3384 = LINE ( 'NONE', #5082, #3805 ) ;
#3385 = CARTESIAN_POINT ( 'NONE',  ( 0.6028331955279843113, 1.000000000000000000, -0.7892121663673321574 ) ) ;
#3386 = EDGE_LOOP ( 'NONE', ( #6018, #5238, #910, #450 ) ) ;
#3387 = CARTESIAN_POINT ( 'NONE',  ( 0.8123493432103897627, 0.9999606299212596694, -0.8560445803690532873 ) ) ;
#3388 = VECTOR ( 'NONE', #2630, 39.37007874015748143 ) ;
#3389 = CARTESIAN_POINT ( 'NONE',  ( 0.6790592276694676910, 0.9999606299212598914, -0.8467048560202088403 ) ) ;
#3390 = CARTESIAN_POINT ( 'NONE',  ( 0.7591016985133969275, 0.9999999999999996669, -0.8276543752134778442 ) ) ;
#3391 = LINE ( 'NONE', #927, #381 ) ;
#3392 = ORIENTED_EDGE ( 'NONE', *, *, #2076, .T. ) ;
#3393 = DATE_TIME_ROLE ( 'creation_date' ) ;
#3394 = ORIENTED_EDGE ( 'NONE', *, *, #81, .T. ) ;
#3395 = CARTESIAN_POINT ( 'NONE',  ( 0.6132360483666740025, 1.000000000000000222, -0.8023029358172020231 ) ) ;
#3396 = VECTOR ( 'NONE', #4252, 39.37007874015748143 ) ;
#3397 = B_SPLINE_CURVE_WITH_KNOTS ( 'NONE', 3,
 ( #5243, #6316, #2520, #1965, #341, #741, #185, #6120, #4188, #1815, #1992, #2320, #2885, #142, #6342, #2648, #4270, #4314, #1539 ),
 .UNSPECIFIED., .F., .F.,
 ( 4, 1, 1, 1, 1, 1, 1, 1, 1, 1, 1, 1, 1, 1, 1, 1, 4 ),
 ( 0.000000000000000000, 0.09376966784605159089, 0.1814496951761755683, 0.2641822854488731775, 0.3436335622917463528, 0.4187129931995769994, 0.4866707474100396835, 0.5498141589810481289, 0.6096023918924798890, 0.6413727845851210363, 0.6773810832927650294, 0.7185834291285159159, 0.7646708573159137767, 0.8157394516080673785, 0.8718106984770618295, 0.9330045890898940320, 0.9999999999999998890 ),
 .UNSPECIFIED. ) ;
#3398 = VERTEX_POINT ( 'NONE', #5114 ) ;
#3399 = CARTESIAN_POINT ( 'NONE',  ( 0.7454536939245104410, 0.9999606299212595584, -0.8912161392352804246 ) ) ;
#3400 = CARTESIAN_POINT ( 'NONE',  ( 0.8409087408678576070, 0.9999606299212597804, -0.8236421211273345921 ) ) ;
#3401 = EDGE_CURVE ( 'NONE', #6634, #527, #5029, .T. ) ;
#3402 = FACE_OUTER_BOUND ( 'NONE', #727, .T. ) ;
#3403 = ORIENTED_EDGE ( 'NONE', *, *, #3024, .F. ) ;
#3404 = EDGE_CURVE ( 'NONE', #6404, #3235, #6759, .T. ) ;
#3405 = CARTESIAN_POINT ( 'NONE',  ( 0.6205538871384149724, 1.000000000000000222, -0.8432246152831492925 ) ) ;
#3406 = CARTESIAN_POINT ( 'NONE',  ( 0.6229207555458879941, 0.9999606299212597804, -0.8188202859851411164 ) ) ;
#3407 = CARTESIAN_POINT ( 'NONE',  ( 0.6037089976507852285, 1.000000000000000444, -0.7892156201477802391 ) ) ;
#3408 = VECTOR ( 'NONE', #1435, 39.37007874015748143 ) ;
#3409 = CARTESIAN_POINT ( 'NONE',  ( 0.5274561759992952847, 0.9999606299212597804, -0.8299498825867746010 ) ) ;
#3410 = ADVANCED_FACE ( 'NONE', ( #565 ), #4063, .T. ) ;
#3411 = DIRECTION ( 'NONE',  ( 1.000000000000000000, 0.000000000000000000, 0.000000000000000000 ) ) ;
#3412 = CARTESIAN_POINT ( 'NONE',  ( 0.7445658046900017757, 1.000000000000000444, -0.8278985333781498923 ) ) ;
#3413 = CARTESIAN_POINT ( 'NONE',  ( 0.7765442920983791630, 1.000000000000000222, -0.8642081370348891900 ) ) ;
#3414 = DIRECTION ( 'NONE',  ( -0.000000000000000000, -0.000000000000000000, -1.000000000000000000 ) ) ;
#3415 = ORIENTED_EDGE ( 'NONE', *, *, #4811, .T. ) ;
#3416 = CARTESIAN_POINT ( 'NONE',  ( 0.7421479023018504595, 1.000000000000000444, -0.8088649968042922467 ) ) ;
#3417 = AXIS2_PLACEMENT_3D ( 'NONE', #2113, #201, #6724 ) ;
#3418 = ORIENTED_EDGE ( 'NONE', *, *, #3528, .T. ) ;
#3419 = CARTESIAN_POINT ( 'NONE',  ( 0.7505660169058253617, 0.9999606299212598914, -0.8811348107802111640 ) ) ;
#3420 = CARTESIAN_POINT ( 'NONE',  ( 0.8186822224386715030, 0.9999606299212597804, -0.8560984584283786170 ) ) ;
#3421 = CARTESIAN_POINT ( 'NONE',  ( 0.6614396022649267071, 0.9999606299212597804, -0.8554232751731447593 ) ) ;
#3422 = AXIS2_PLACEMENT_3D ( 'NONE', #6716, #3975, #737 ) ;
#3423 = CARTESIAN_POINT ( 'NONE',  ( 0.8405072643419061462, 0.9999999999999996669, -0.8306769262634553508 ) ) ;
#3424 = DIRECTION ( 'NONE',  ( -0.7071067811865129338, -1.185770910275827160E-15, 0.7071067811865821007 ) ) ;
#3425 = DIRECTION ( 'NONE',  ( 1.239484659687872950E-14, 0.5773502691896316152, -0.8164965809277217046 ) ) ;
#3426 = CARTESIAN_POINT ( 'NONE',  ( 0.8380257162970673468, 1.000000000000000222, -0.8068751373813524141 ) ) ;
#3427 = CARTESIAN_POINT ( 'NONE',  ( 0.8024505644223910439, 0.9999606299212597804, -0.8528295517165793704 ) ) ;
#3428 = CARTESIAN_POINT ( 'NONE',  ( 0.7589395083874073134, 0.9999606299212597804, -0.8444799583308565394 ) ) ;
#3429 = CARTESIAN_POINT ( 'NONE',  ( 0.7455470229289257178, 1.000000000000000000, -0.8128394050871722287 ) ) ;
#3430 = VECTOR ( 'NONE', #3252, 39.37007874015748143 ) ;
#3431 = CARTESIAN_POINT ( 'NONE',  ( 0.7381876888052568697, 1.000000000000000222, -0.8887075141972798908 ) ) ;
#3432 = CARTESIAN_POINT ( 'NONE',  ( 0.6894158785427353386, 1.000000000000000000, -0.7887124802793079592 ) ) ;
#3433 = CARTESIAN_POINT ( 'NONE',  ( 0.6223856006527225260, 0.9999606299212597804, -0.8130853091124239373 ) ) ;
#3434 = B_SPLINE_CURVE_WITH_KNOTS ( 'NONE', 3,
 ( #2156, #2714, #5457, #4330, #2175, #6521, #3291, #7063, #3841, #545, #4400, #1098, #5474, #2202, #2111, #6463, #6007, #2758, #2134 ),
 .UNSPECIFIED., .F., .F.,
 ( 4, 1, 1, 1, 1, 1, 1, 1, 1, 1, 1, 1, 1, 1, 1, 1, 4 ),
 ( 0.000000000000000000, 0.06663285196891145790, 0.1303182302904987988, 0.1914143839273964309, 0.2502217418280934802, 0.3076442014429975891, 0.3637784217418167931, 0.4189405473986046458, 0.4741773679110783402, 0.5293394935678664703, 0.5857243568435807068, 0.6441603494436983768, 0.7054841805206443217, 0.7712613324447833429, 0.8419873188392221763, 0.9179167043621037081, 0.9999999999999998890 ),
 .UNSPECIFIED. ) ;
#3435 = ORIENTED_EDGE ( 'NONE', *, *, #768, .T. ) ;
#3436 = CARTESIAN_POINT ( 'NONE',  ( 0.8622189700039214477, 0.9999999999999996669, -0.8679277630126680521 ) ) ;
#3437 = FACE_OUTER_BOUND ( 'NONE', #1666, .T. ) ;
#3438 = ADVANCED_FACE ( 'NONE', ( #2107 ), #2398, .T. ) ;
#3439 = CARTESIAN_POINT ( 'NONE',  ( 0.8170611933736137145, 0.9999606299212596694, -0.8561556184604214303 ) ) ;
#3440 = ORIENTED_EDGE ( 'NONE', *, *, #3492, .T. ) ;
#3441 = ORIENTED_EDGE ( 'NONE', *, *, #2415, .F. ) ;
#3442 = CARTESIAN_POINT ( 'NONE',  ( 0.6491843682352819167, 1.000000000000000000, -0.8639403518476234112 ) ) ;
#3443 = CARTESIAN_POINT ( 'NONE',  ( 0.4942290533678576625, 0.9999606299212597804, -0.7892121663673321574 ) ) ;
#3444 = CARTESIAN_POINT ( 'NONE',  ( 0.6552355168686387898, 1.000000000000000000, -0.8819253371149851084 ) ) ;
#3445 = CARTESIAN_POINT ( 'NONE',  ( 0.5047344984436151760, 0.9999606299212597804, -0.8785084495112716052 ) ) ;
#3446 = B_SPLINE_SURFACE_WITH_KNOTS ( 'NONE', 3, 1, ( 
 ( #1077, #6541 ),
 ( #3317, #17 ),
 ( #461, #4308 ),
 ( #1011, #4857 ),
 ( #5948, #1555 ),
 ( #5923, #2686 ),
 ( #6481, #3251 ),
 ( #4447, #5521 ),
 ( #5052, #1134 ),
 ( #4969, #3880 ),
 ( #4987, #2241 ),
 ( #574, #2807 ),
 ( #6579, #6605 ),
 ( #1713, #5008 ),
 ( #104, #1202 ),
 ( #3339, #63 ),
 ( #3375, #3906 ),
 ( #611, #3353 ),
 ( #6558, #2870 ) ),
 .UNSPECIFIED., .F., .F., .F.,
 ( 4, 1, 1, 1, 1, 1, 1, 1, 1, 1, 1, 1, 1, 1, 1, 1, 4 ),
 ( 2, 2 ),
 ( 0.000000000000000000, 0.08594776776712514943, 0.1646612895918341535, 0.2391822142960184361, 0.3092369848563656376, 0.3766943517160651345, 0.4407479895346235188, 0.5032957377886658756, 0.5666613310136063841, 0.6011212985389541297, 0.6409394331421699453, 0.6866273269858721440, 0.7373982524124178539, 0.7941894459313129095, 0.8569408067006942797, 0.9257597107636975631, 1.000000000000000000 ),
 ( 0.000000000000000000, 1.000000000000000000 ),
 .UNSPECIFIED. ) ;
#3447 = CARTESIAN_POINT ( 'NONE',  ( 0.5435635622975668602, 1.000000000000000444, -0.8332215125683118950 ) ) ;
#3448 = EDGE_CURVE ( 'NONE', #2790, #3301, #997, .T. ) ;
#3449 = DIRECTION ( 'NONE',  ( 0.6512707515841218431, 0.000000000000000000, -0.7588454441657095373 ) ) ;
#3450 = CARTESIAN_POINT ( 'NONE',  ( 0.6820624106676840270, 1.000000000000000000, -0.7997336085506604464 ) ) ;
#3451 = CARTESIAN_POINT ( 'NONE',  ( 0.8297224753577997491, 1.000000000000000444, -0.8151984372771434728 ) ) ;
#3452 = CARTESIAN_POINT ( 'NONE',  ( 0.7765442920983791630, 0.9999606299212597804, -0.8642081370348891900 ) ) ;
#3453 = AXIS2_PLACEMENT_3D ( 'NONE', #1298, #5217, #2991 ) ;
#3454 = CARTESIAN_POINT ( 'NONE',  ( 0.7321975978215637948, 1.000000000000000444, -0.8840661356334647003 ) ) ;
#3455 = CARTESIAN_POINT ( 'NONE',  ( 0.6819551955684837186, 1.000000000000000222, -0.7879380682704392180 ) ) ;
#3456 = DIRECTION ( 'NONE',  ( -0.000000000000000000, 1.000000000000000000, -0.000000000000000000 ) ) ;
#3457 = CARTESIAN_POINT ( 'NONE',  ( 0.6228873424737788600, 1.000000000000000000, -0.8178133828181762821 ) ) ;
#3458 = B_SPLINE_SURFACE_WITH_KNOTS ( 'NONE', 3, 1, ( 
 ( #82, #639 ),
 ( #1180, #3405 ),
 ( #5037, #1733 ),
 ( #5554, #6034 ),
 ( #3945, #2780 ),
 ( #2290, #1117 ),
 ( #6092, #660 ),
 ( #5577, #2849 ),
 ( #6621, #2305 ),
 ( #3858, #42 ),
 ( #1670, #5497 ) ),
 .UNSPECIFIED., .F., .F., .F.,
 ( 4, 1, 1, 1, 1, 1, 1, 1, 4 ),
 ( 2, 2 ),
 ( 0.000000000000000000, 0.1134955418346445255, 0.2259989297760152116, 0.3392690985223860700, 0.4584033987388568265, 0.5828288938708738876, 0.7128865688815807511, 0.8512114562531178930, 1.000000000000000000 ),
 ( 0.000000000000000000, 1.000000000000000000 ),
 .UNSPECIFIED. ) ;
#3459 = CARTESIAN_POINT ( 'NONE',  ( 0.7500109865483965965, 0.9999606299212597804, -0.8916158426702358586 ) ) ;
#3460 = FACE_OUTER_BOUND ( 'NONE', #3952, .T. ) ;
#3461 = EDGE_CURVE ( 'NONE', #1287, #6059, #207, .T. ) ;
#3462 = CARTESIAN_POINT ( 'NONE',  ( 0.8783458015322024304, 1.000000000000000222, -0.8685735301618215942 ) ) ;
#3463 = VECTOR ( 'NONE', #6262, 39.37007874015748143 ) ;
#3464 = VECTOR ( 'NONE', #907, 39.37007874015748143 ) ;
#3465 = VERTEX_POINT ( 'NONE', #249 ) ;
#3466 = VERTEX_POINT ( 'NONE', #5664 ) ;
#3467 = LINE ( 'NONE', #3001, #3817 ) ;
#3468 = CARTESIAN_POINT ( 'NONE',  ( 0.01900955560923652671, 1.000000000000000000, -0.9921259842519691841 ) ) ;
#3469 = EDGE_LOOP ( 'NONE', ( #3535, #4317, #3363, #2883 ) ) ;
#3470 = CARTESIAN_POINT ( 'NONE',  ( 0.8184876965017517936, 0.9999606299212596694, -0.8448596806740620302 ) ) ;
#3471 = FACE_OUTER_BOUND ( 'NONE', #4829, .T. ) ;
#3472 = ADVANCED_FACE ( 'NONE', ( #1315 ), #6191, .T. ) ;
#3473 = CARTESIAN_POINT ( 'NONE',  ( 0.6639846845494006278, 0.9999606299212598914, -0.8524462989516282674 ) ) ;
#3474 = ORIENTED_EDGE ( 'NONE', *, *, #1014, .T. ) ;
#3475 = LINE ( 'NONE', #1572, #4261 ) ;
#3476 = CARTESIAN_POINT ( 'NONE',  ( 0.6191304840773658169, 0.9999606299212597804, -0.8063294968161830445 ) ) ;
#3477 = CARTESIAN_POINT ( 'NONE',  ( 0.7658966610195915292, 0.9999999999999998890, -0.8599798450585702803 ) ) ;
#3478 = ORIENTED_EDGE ( 'NONE', *, *, #923, .T. ) ;
#3479 = DIRECTION ( 'NONE',  ( 1.000000000000000000, 0.000000000000000000, -0.000000000000000000 ) ) ;
#3480 = B_SPLINE_CURVE_WITH_KNOTS ( 'NONE', 3,
 ( #1399, #5672, #3593, #2462, #5643, #2382, #4147, #2403, #6259, #230, #311, #4615, #5165, #1878, #5694, #2432, #6230, #6767, #3538 ),
 .UNSPECIFIED., .F., .F.,
 ( 4, 1, 1, 1, 1, 1, 1, 1, 1, 1, 1, 1, 1, 1, 1, 1, 4 ),
 ( 0.000000000000000000, 0.05804926609053103620, 0.1133148320836870199, 0.1675622724459477075, 0.2211424480951672267, 0.2755171013253210344, 0.3295224528313848156, 0.3857580765321443894, 0.4438934661352197386, 0.5036774965383488123, 0.5646453277561711559, 0.6280046557190139822, 0.6950187707529349446, 0.7646653028278009856, 0.8387700575937284686, 0.9171404580728554912, 1.000000000000000000 ),
 .UNSPECIFIED. ) ;
#3481 = VERTEX_POINT ( 'NONE', #900 ) ;
#3482 = CARTESIAN_POINT ( 'NONE',  ( 0.6101213259732490846, 1.000000000000000000, -0.8777432419872369662 ) ) ;
#3483 = PLANE ( 'NONE',  #4847 ) ;
#3484 = CARTESIAN_POINT ( 'NONE',  ( 0.6626305879917344654, 1.000000000000000444, -0.8411251867112434777 ) ) ;
#3485 = B_SPLINE_CURVE_WITH_KNOTS ( 'NONE', 3,
 ( #3735, #6353, #5353, #1547, #2656, #4302, #3660, #5380, #2101, #6455, #5304, #4280, #6914, #3684, #430, #4819, #4250, #1496, #7010 ),
 .UNSPECIFIED., .F., .F.,
 ( 4, 1, 1, 1, 1, 1, 1, 1, 1, 1, 1, 1, 1, 1, 1, 1, 4 ),
 ( 0.000000000000000000, 0.06906221142851934336, 0.1347658792836469999, 0.1976107057024324987, 0.2585282108425840386, 0.3181274252810143977, 0.3770582660618966298, 0.4356857915191255648, 0.4947336263914089427, 0.5540911070636512781, 0.6133334186580052805, 0.6729241889746491179, 0.7340655047106257047, 0.7962987887860594194, 0.8612408916846016060, 0.9289703310657799751, 1.000000000000000000 ),
 .UNSPECIFIED. ) ;
#3486 = FACE_OUTER_BOUND ( 'NONE', #6068, .T. ) ;
#3487 = DIRECTION ( 'NONE',  ( 0.000000000000000000, 0.000000000000000000, -1.000000000000000000 ) ) ;
#3488 = CARTESIAN_POINT ( 'NONE',  ( 0.8391087153974873258, 1.000000000000000000, -0.8370148053080976869 ) ) ;
#3489 = EDGE_CURVE ( 'NONE', #992, #527, #4505, .T. ) ;
#3490 = EDGE_CURVE ( 'NONE', #3220, #2427, #4773, .T. ) ;
#3491 = CARTESIAN_POINT ( 'NONE',  ( 0.6511327689333697988, 0.9999606299212595584, -0.8750396132806556038 ) ) ;
#3492 = EDGE_CURVE ( 'NONE', #6111, #5636, #1837, .T. ) ;
#3493 = CARTESIAN_POINT ( 'NONE',  ( 0.6690783597755619594, 1.000000000000000000, -0.8025014760547143355 ) ) ;
#3494 = ORIENTED_EDGE ( 'NONE', *, *, #3918, .T. ) ;
#3495 = DIRECTION ( 'NONE',  ( -0.000000000000000000, 1.000000000000000000, -0.000000000000000000 ) ) ;
#3496 = CARTESIAN_POINT ( 'NONE',  ( 0.6228228850796310168, 0.9999606299212596694, -0.8158709587845451860 ) ) ;
#3497 = CARTESIAN_POINT ( 'NONE',  ( 0.8304032957921000380, 1.000000000000000000, -0.8230676045997541435 ) ) ;
#3498 = CARTESIAN_POINT ( 'NONE',  ( 0.6178238796664532462, 0.9999606299212596694, -0.8322613928434122732 ) ) ;
#3499 = CARTESIAN_POINT ( 'NONE',  ( 0.7445208382054350205, 1.300516612906046587, -0.6916093713459275927 ) ) ;
#3500 = CARTESIAN_POINT ( 'NONE',  ( 0.8149424715777129347, 1.000000000000000222, -0.8561376230420852940 ) ) ;
#3501 = CARTESIAN_POINT ( 'NONE',  ( 0.6518766215005360465, 1.000000000000000222, -0.8517586746982940271 ) ) ;
#3502 = CARTESIAN_POINT ( 'NONE',  ( 0.6835922516145649386, 0.9999606299212601135, -0.7997646976258886431 ) ) ;
#3503 = PLANE ( 'NONE',  #1115 ) ;
#3504 = ADVANCED_FACE ( 'NONE', ( #641 ), #6425, .T. ) ;
#3505 = CARTESIAN_POINT ( 'NONE',  ( 0.8297674717737739680, 0.9999606299212603355, -0.8512443130280837877 ) ) ;
#3506 = CARTESIAN_POINT ( 'NONE',  ( 0.6966230186554996928, 0.9999606299212597804, -0.8414931703771569849 ) ) ;
#3507 = LINE ( 'NONE', #5710, #674 ) ;
#3508 = EDGE_CURVE ( 'NONE', #3877, #5908, #1303, .T. ) ;
#3509 = DIRECTION ( 'NONE',  ( -0.000000000000000000, 1.000000000000000000, -0.000000000000000000 ) ) ;
#3510 = DIRECTION ( 'NONE',  ( 0.1240347345892100356, 0.000000000000000000, 0.9922778767136675171 ) ) ;
#3511 = LINE ( 'NONE', #1019, #6636 ) ;
#3512 = CARTESIAN_POINT ( 'NONE',  ( 0.5066811870757106373, 0.9999606299212597804, -0.3332102154469469002 ) ) ;
#3513 = EDGE_LOOP ( 'NONE', ( #2843, #6938, #5107, #4144 ) ) ;
#3514 = CARTESIAN_POINT ( 'NONE',  ( 0.6205115754182020105, 0.9999606299212596694, -0.8083121304628591020 ) ) ;
#3515 = CARTESIAN_POINT ( 'NONE',  ( 0.7976804099700207651, 1.000000000000000222, -0.8173002919053251603 ) ) ;
#3516 = EDGE_LOOP ( 'NONE', ( #6137, #5155, #2277, #6349 ) ) ;
#3517 = CARTESIAN_POINT ( 'NONE',  ( 0.6055363111371877549, 0.9999606299212593363, -0.8363709765062656842 ) ) ;
#3518 = CARTESIAN_POINT ( 'NONE',  ( 0.7012706060004654240, 1.000000000000000222, -0.8212368324395175057 ) ) ;
#3519 = B_SPLINE_CURVE_WITH_KNOTS ( 'NONE', 3,
 ( #511, #2091, #4472, #6077, #5907, #467, #4316, #1563, #5930, #3454, #1190, #1842, #3431, #1750, #671, #6140, #5566, #5046, #2299 ),
 .UNSPECIFIED., .F., .F.,
 ( 4, 1, 1, 1, 1, 1, 1, 1, 1, 1, 1, 1, 1, 1, 1, 1, 4 ),
 ( 0.000000000000000000, 0.08100969503787931736, 0.1571624851194896311, 0.2293186239864799525, 0.2971995747160054990, 0.3619501700138804678, 0.4237206412699677793, 0.4831222440402877516, 0.5409816837709608972, 0.5976614915012079532, 0.6531809217988236993, 0.7078518819289711939, 0.7635482905380027718, 0.8195365889150312277, 0.8776400206428162099, 0.9374543783683187970, 1.000000000000000000 ),
 .UNSPECIFIED. ) ;
#3520 = DIRECTION ( 'NONE',  ( -0.000000000000000000, 1.000000000000000000, -0.000000000000000000 ) ) ;
#3521 = CARTESIAN_POINT ( 'NONE',  ( 0.6325956309625537788, 0.9999606299212598914, -0.8102125922393977886 ) ) ;
#3522 = CARTESIAN_POINT ( 'NONE',  ( 0.8826842998019249764, 1.000000000000000000, -0.8916402558559686220 ) ) ;
#3523 = VERTEX_POINT ( 'NONE', #3633 ) ;
#3524 = CARTESIAN_POINT ( 'NONE',  ( 0.7377583413368189458, 0.9999606299212597804, -0.8021804958728306900 ) ) ;
#3525 = CARTESIAN_POINT ( 'NONE',  ( 0.7345481399209000672, 0.9999606299212597804, -0.8609453504331833207 ) ) ;
#3526 = ORIENTED_EDGE ( 'NONE', *, *, #5780, .T. ) ;
#3527 = EDGE_LOOP ( 'NONE', ( #1339, #191, #3494, #3230 ) ) ;
#3528 = EDGE_CURVE ( 'NONE', #4268, #2467, #1586, .T. ) ;
#3529 = CARTESIAN_POINT ( 'NONE',  ( 0.8277122184865896015, 1.000000000000000000, -0.8527640527431691320 ) ) ;
#3530 = EDGE_LOOP ( 'NONE', ( #6227, #4171, #3924, #4731 ) ) ;
#3531 = CARTESIAN_POINT ( 'NONE',  ( 0.7389951038543258743, 1.000000000000000444, -0.8757083944647922058 ) ) ;
#3532 = CARTESIAN_POINT ( 'NONE',  ( 0.6898671015023896125, 0.9999606299212597804, -0.8008987640222463567 ) ) ;
#3533 = CARTESIAN_POINT ( 'NONE',  ( 0.6606766352279460630, 0.9999606299212596694, -0.8101607673207487093 ) ) ;
#3534 = CARTESIAN_POINT ( 'NONE',  ( 0.4974776437686259101, 0.9999606299212597804, -0.1002102154469468043 ) ) ;
#3535 = ORIENTED_EDGE ( 'NONE', *, *, #1644, .T. ) ;
#3536 = EDGE_CURVE ( 'NONE', #6565, #5788, #483, .T. ) ;
#3537 = ADVANCED_FACE ( 'NONE', ( #2625 ), #481, .T. ) ;
#3538 = CARTESIAN_POINT ( 'NONE',  ( 0.7345411094758121928, 1.000000000000000000, -0.8601239206286958039 ) ) ;
#3539 = CARTESIAN_POINT ( 'NONE',  ( 0.7009806675740903881, 1.000000000000000444, -0.8116706504801229904 ) ) ;
#3540 = CARTESIAN_POINT ( 'NONE',  ( 0.7983509859243422824, 0.9999606299212595584, -0.8134881005215410799 ) ) ;
#3541 = FACE_OUTER_BOUND ( 'NONE', #128, .T. ) ;
#3542 = CARTESIAN_POINT ( 'NONE',  ( 0.6015815702357554251, 0.9999606299212597804, -0.8364866692082413291 ) ) ;
#3543 = CARTESIAN_POINT ( 'NONE',  ( 0.8314813383077128695, 0.9999606299212597804, -0.7959453046900970552 ) ) ;
#3544 = LINE ( 'NONE', #755, #6754 ) ;
#3545 = ORIENTED_EDGE ( 'NONE', *, *, #4246, .T. ) ;
#3546 = CARTESIAN_POINT ( 'NONE',  ( 0.8277213142483336172, 0.9999606299212603355, -0.8364827334506785839 ) ) ;
#3547 = CARTESIAN_POINT ( 'NONE',  ( 0.8133114290965804960, 0.9999606299212597804, -0.8456789336495292853 ) ) ;
#3548 = LINE ( 'NONE', #6213, #5437 ) ;
#3549 = CARTESIAN_POINT ( 'NONE',  ( 0.6228639120618391090, 0.9999606299212597804, -0.8840737727442166127 ) ) ;
#3550 = CARTESIAN_POINT ( 'NONE',  ( 0.7004134851776566695, 0.9999606299212595584, -0.8100447569082430688 ) ) ;
#3551 = ORIENTED_EDGE ( 'NONE', *, *, #478, .T. ) ;
#3552 = CARTESIAN_POINT ( 'NONE',  ( 0.3333966783382540933, 1.000000000000000000, -0.4971953688795429094 ) ) ;
#3553 = LINE ( 'NONE', #1612, #2428 ) ;
#3554 = AXIS2_PLACEMENT_3D ( 'NONE', #3549, #6210, #5150 ) ;
#3555 = LINE ( 'NONE', #6129, #6662 ) ;
#3556 = CARTESIAN_POINT ( 'NONE',  ( 0.6781145732723425912, 1.000000000000000000, -0.8798151207316160516 ) ) ;
#3557 = ORIENTED_EDGE ( 'NONE', *, *, #169, .T. ) ;
#3558 = AXIS2_PLACEMENT_3D ( 'NONE', #581, #6591, #596 ) ;
#3559 = CARTESIAN_POINT ( 'NONE',  ( 0.8255848922406960888, 1.000000000000000222, -0.8540192153289786203 ) ) ;
#3560 = EDGE_LOOP ( 'NONE', ( #7040, #6597, #3654, #2013 ) ) ;
#3561 = VECTOR ( 'NONE', #6644, 39.37007874015748143 ) ;
#3562 = CARTESIAN_POINT ( 'NONE',  ( 0.4551450449156568268, 0.9999606299212597804, -0.1495351693177169317 ) ) ;
#3563 = CARTESIAN_POINT ( 'NONE',  ( 0.8141820961003646273, 1.000000000000000000, -0.7879290102851955746 ) ) ;
#3564 = VERTEX_POINT ( 'NONE', #5893 ) ;
#3565 = CARTESIAN_POINT ( 'NONE',  ( 0.6963502220339163884, 0.9999606299212596694, -0.8044835485326863322 ) ) ;
#3566 = CARTESIAN_POINT ( 'NONE',  ( 0.8789909792674789335, 0.9999606299212597804, -0.8693161850699836490 ) ) ;
#3567 = CARTESIAN_POINT ( 'NONE',  ( 0.2840717244674832442, 1.000000000000000000, -0.4548627700265742702 ) ) ;
#3568 = FACE_BOUND ( 'NONE', #4273, .T. ) ;
#3569 = CARTESIAN_POINT ( 'NONE',  ( 0.5466877842308862645, 0.9999606299212596694, -0.8633694455463898354 ) ) ;
#3570 = ORIENTED_EDGE ( 'NONE', *, *, #589, .T. ) ;
#3571 = CARTESIAN_POINT ( 'NONE',  ( 0.7095906774208878831, 1.000000000000000000, -0.8614371012631655278 ) ) ;
#3572 = CARTESIAN_POINT ( 'NONE',  ( 0.5285778706073609445, 0.9999606299212596694, -0.8785046558439243425 ) ) ;
#3573 = CARTESIAN_POINT ( 'NONE',  ( 0.6164156097575766990, 0.9999999999999998890, -0.7909561189494803690 ) ) ;
#3574 = VECTOR ( 'NONE', #2970, 39.37007874015748854 ) ;
#3575 = CARTESIAN_POINT ( 'NONE',  ( 0.6710348678700397418, 0.9999606299212596694, -0.8377733412507021304 ) ) ;
#3576 = B_SPLINE_CURVE_WITH_KNOTS ( 'NONE', 3,
 ( #6828, #1423, #4140, #6855, #1972, #5211, #5230, #896, #1445, #5279, #1999, #5809, #3658, #4218, #925, #4765, #1468, #4249, #6986 ),
 .UNSPECIFIED., .F., .F.,
 ( 4, 1, 1, 1, 1, 1, 1, 1, 1, 1, 1, 1, 1, 1, 1, 1, 4 ),
 ( 0.000000000000000000, 0.07933163976990142974, 0.1537058950589995088, 0.2235825672582203438, 0.2886839698318713343, 0.3495399928518381771, 0.4073819931817304618, 0.4623637744252813153, 0.5158699708091207814, 0.5692497121945874206, 0.6228150815935783458, 0.6780574414592039911, 0.7361071860083753249, 0.7963668575775398883, 0.8598454786757323554, 0.9278131519447374576, 1.000000000000000000 ),
 .UNSPECIFIED. ) ;
#3577 = CARTESIAN_POINT ( 'NONE',  ( 0.7643679409360158994, 0.9999606299212601135, -0.8883053647443317491 ) ) ;
#3578 = CARTESIAN_POINT ( 'NONE',  ( 0.5260736837537477451, 0.9999606299212597804, -0.8299207660358928207 ) ) ;
#3579 = CARTESIAN_POINT ( 'NONE',  ( 0.8579800891159637954, 1.000000000000000000, -0.8535580174563472955 ) ) ;
#3580 = CARTESIAN_POINT ( 'NONE',  ( 0.7434461156533098691, 1.000000000000000000, -0.8267404066867864998 ) ) ;
#3581 = CARTESIAN_POINT ( 'NONE',  ( 0.5415856299984210809, 0.9999606299212597804, -0.8883778227172078878 ) ) ;
#3582 = VERTEX_POINT ( 'NONE', #1526 ) ;
#3583 = ADVANCED_FACE ( 'NONE', ( #4674 ), #4876, .T. ) ;
#3584 = CARTESIAN_POINT ( 'NONE',  ( 0.6519410977245277961, 0.9999606299212598914, -0.8020705669904442114 ) ) ;
#3585 = CARTESIAN_POINT ( 'NONE',  ( 0.7362690325568378436, 1.000000000000000000, -0.8709527415770058623 ) ) ;
#3586 = CARTESIAN_POINT ( 'NONE',  ( 0.8398866724807154682, 1.000000000000000222, -0.8132133103245966499 ) ) ;
#3587 = ORIENTED_EDGE ( 'NONE', *, *, #4352, .T. ) ;
#3588 = CARTESIAN_POINT ( 'NONE',  ( 0.6638505180369452807, 1.000000000000000222, -0.8886490695155546682 ) ) ;
#3589 = EDGE_CURVE ( 'NONE', #3202, #4285, #44, .T. ) ;
#3590 = CARTESIAN_POINT ( 'NONE',  ( 0.7113290267524307042, 0.9999606299212596694, -0.8251973158964208688 ) ) ;
#3591 = DIRECTION ( 'NONE',  ( 0.6512707515841398287, 0.000000000000000000, 0.7588454441656941052 ) ) ;
#3592 = DIRECTION ( 'NONE',  ( -0.000000000000000000, 1.000000000000000000, -0.000000000000000000 ) ) ;
#3593 = CARTESIAN_POINT ( 'NONE',  ( 0.7488658620550907585, 1.000000000000000222, -0.8810991435934059091 ) ) ;
#3594 = CARTESIAN_POINT ( 'NONE',  ( 0.7636345360901121149, 1.000000000000000000, -0.8526478818462309706 ) ) ;
#3595 = FACE_OUTER_BOUND ( 'NONE', #5156, .T. ) ;
#3596 = AXIS2_PLACEMENT_3D ( 'NONE', #4320, #3188, #6376 ) ;
#3597 = DIRECTION ( 'NONE',  ( -0.000000000000000000, 1.000000000000000000, -0.000000000000000000 ) ) ;
#3598 = EDGE_CURVE ( 'NONE', #6258, #120, #5942, .T. ) ;
#3599 = CARTESIAN_POINT ( 'NONE',  ( 0.8661727877379903351, 0.9999999999999996669, -0.8708697885855996024 ) ) ;
#3600 = PLANE ( 'NONE',  #2689 ) ;
#3601 = CARTESIAN_POINT ( 'NONE',  ( 0.6669056890068546517, 0.9999606299212597804, -0.5063145128993086219 ) ) ;
#3602 = DIRECTION ( 'NONE',  ( -1.840948137082051651E-17, -0.7071067811865536790, -0.7071067811865413555 ) ) ;
#3603 = LINE ( 'NONE', #4065, #2386 ) ;
#3604 = DIRECTION ( 'NONE',  ( -0.000000000000000000, 1.000000000000000000, -0.000000000000000000 ) ) ;
#3605 = CARTESIAN_POINT ( 'NONE',  ( 0.8050630132363176816, 1.000000000000000000, -0.8771952688768018813 ) ) ;
#3606 = CARTESIAN_POINT ( 'NONE',  ( 0.7345481399209000672, 0.9999606299212597804, -0.8609453504331833207 ) ) ;
#3607 = CARTESIAN_POINT ( 'NONE',  ( 0.8293589885136479767, 0.9999606299212596694, -0.7937777314372113091 ) ) ;
#3608 = ORIENTED_EDGE ( 'NONE', *, *, #5871, .F. ) ;
#3609 = CARTESIAN_POINT ( 'NONE',  ( 0.5562164819967891916, 0.9999999999999994449, -0.8706171274575333907 ) ) ;
#3610 = VECTOR ( 'NONE', #4892, 39.37007874015748143 ) ;
#3611 = CARTESIAN_POINT ( 'NONE',  ( 0.7061398606158038049, 1.000000000000000222, -0.8349144278522555584 ) ) ;
#3612 = CARTESIAN_POINT ( 'NONE',  ( 0.7113016085947266864, 0.9999999999999996669, -0.8092977747519202181 ) ) ;
#3613 = ORIENTED_EDGE ( 'NONE', *, *, #2938, .F. ) ;
#3614 = CARTESIAN_POINT ( 'NONE',  ( 0.5462206844561949826, 0.9999606299212596694, -0.8661164679819240986 ) ) ;
#3615 = ORIENTED_EDGE ( 'NONE', *, *, #3623, .T. ) ;
#3616 = ADVANCED_FACE ( 'NONE', ( #1755 ), #4098, .T. ) ;
#3617 = DIRECTION ( 'NONE',  ( -0.000000000000000000, 1.000000000000000000, -0.000000000000000000 ) ) ;
#3618 = CARTESIAN_POINT ( 'NONE',  ( 0.5454173292357670233, 0.9999606299212597804, -0.1495351693177177088 ) ) ;
#3619 = CARTESIAN_POINT ( 'NONE',  ( 0.8826842998019249764, 0.9999606299212597804, -0.8916402558559686220 ) ) ;
#3620 = DIRECTION ( 'NONE',  ( 0.6512707515841399397, -0.000000000000000000, 0.7588454441656941052 ) ) ;
#3621 = EDGE_CURVE ( 'NONE', #2095, #852, #5761, .T. ) ;
#3622 = CARTESIAN_POINT ( 'NONE',  ( 0.7445658046900017757, 0.9999606299212597804, -0.8278985333781498923 ) ) ;
#3623 = EDGE_CURVE ( 'NONE', #2802, #3992, #1862, .T. ) ;
#3624 = CARTESIAN_POINT ( 'NONE',  ( 0.7407466664097811515, 0.9999606299212598914, -0.8070764066612252652 ) ) ;
#3625 = CARTESIAN_POINT ( 'NONE',  ( 0.7758842741770022311, 0.9999606299212598914, -0.8560758600613797009 ) ) ;
#3626 = CARTESIAN_POINT ( 'NONE',  ( 0.6910976708289684467, 1.000000000000000222, -0.8896840010012001532 ) ) ;
#3627 = EDGE_CURVE ( 'NONE', #5184, #3666, #298, .T. ) ;
#3628 = CARTESIAN_POINT ( 'NONE',  ( 0.8719642344371589804, 0.9999606299212597804, -0.4935145128993084218 ) ) ;
#3629 = DIRECTION ( 'NONE',  ( -0.7588454441657042082, 0.000000000000000000, -0.6512707515841280603 ) ) ;
#3630 = CARTESIAN_POINT ( 'NONE',  ( 0.8293589885136479767, 0.9999999999999998890, -0.7937777314372113091 ) ) ;
#3631 = CARTESIAN_POINT ( 'NONE',  ( 0.6785257480367141714, 1.000000000000000000, -0.8916402558559686220 ) ) ;
#3632 = FACE_OUTER_BOUND ( 'NONE', #6193, .T. ) ;
#3633 = CARTESIAN_POINT ( 'NONE',  ( 0.6803724083039373038, 0.9999606299212597804, -0.7878989857328625446 ) ) ;
#3634 = CARTESIAN_POINT ( 'NONE',  ( 0.7122170386898273309, 1.000000000000000000, -0.8173429577713626770 ) ) ;
#3635 = CARTESIAN_POINT ( 'NONE',  ( 0.8049605397514665306, 0.9999606299212597804, -0.8430674817901511187 ) ) ;
#3636 = LINE ( 'NONE', #495, #4670 ) ;
#3637 = CARTESIAN_POINT ( 'NONE',  ( 0.6903678614620676335, 1.000000000000000222, -0.8771294502298963014 ) ) ;
#3638 = VECTOR ( 'NONE', #5838, 39.37007874015748143 ) ;
#3639 = ORIENTED_EDGE ( 'NONE', *, *, #524, .F. ) ;
#3640 = ORIENTED_EDGE ( 'NONE', *, *, #1381, .T. ) ;
#3641 = VECTOR ( 'NONE', #3020, 39.37007874015748854 ) ;
#3642 = CARTESIAN_POINT ( 'NONE',  ( 0.8010890508874156657, 0.9999606299212595584, -0.8060360696804270697 ) ) ;
#3643 = CARTESIAN_POINT ( 'NONE',  ( 0.7227149403725635635, 0.9999999999999998890, -0.7910755867724581503 ) ) ;
#3644 = CARTESIAN_POINT ( 'NONE',  ( 0.7113290267524307042, 0.9999606299212596694, -0.8251973158964208688 ) ) ;
#3645 = ORIENTED_EDGE ( 'NONE', *, *, #4090, .T. ) ;
#3646 = VECTOR ( 'NONE', #5969, 39.37007874015748854 ) ;
#3647 = DIRECTION ( 'NONE',  ( 0.000000000000000000, 0.000000000000000000, 1.000000000000000000 ) ) ;
#3648 = CARTESIAN_POINT ( 'NONE',  ( 0.8579800891159637954, 0.9999606299212597804, -0.8535580174563472955 ) ) ;
#3649 = ORIENTED_EDGE ( 'NONE', *, *, #7022, .F. ) ;
#3650 = CARTESIAN_POINT ( 'NONE',  ( 0.6642808809655278424, 1.000000000000000000, -0.8058425494386065591 ) ) ;
#3651 = VECTOR ( 'NONE', #1106, 39.37007874015748854 ) ;
#3652 = CARTESIAN_POINT ( 'NONE',  ( 0.6725085159130109735, 0.9999606299212598914, -0.8792265762110750282 ) ) ;
#3653 = ORIENTED_EDGE ( 'NONE', *, *, #768, .F. ) ;
#3654 = ORIENTED_EDGE ( 'NONE', *, *, #6076, .T. ) ;
#3655 = CARTESIAN_POINT ( 'NONE',  ( 0.7085365076118879113, 0.9999606299212596694, -0.8700361716470736972 ) ) ;
#3656 = CARTESIAN_POINT ( 'NONE',  ( 0.7765628897788425800, 1.000000000000000000, -0.7892121663673321574 ) ) ;
#3657 = VERTEX_POINT ( 'NONE', #7039 ) ;
#3658 = CARTESIAN_POINT ( 'NONE',  ( 0.5449106273021814273, 1.000000000000000222, -0.8505763329172455478 ) ) ;
#3659 = VECTOR ( 'NONE', #334, 39.37007874015748143 ) ;
#3660 = CARTESIAN_POINT ( 'NONE',  ( 0.6636765377371066643, 0.9999606299212597804, -0.7914338591376051113 ) ) ;
#3661 = CARTESIAN_POINT ( 'NONE',  ( 0.7101041423585456869, 0.9999606299212596694, -0.8287453454768844985 ) ) ;
#3662 = CARTESIAN_POINT ( 'NONE',  ( 0.6669056890068546517, 0.9999606299212597804, -0.5063145128993086219 ) ) ;
#3663 = CARTESIAN_POINT ( 'NONE',  ( 0.8069299293202731871, 1.000000000000000000, -0.8442169099050588210 ) ) ;
#3664 = CARTESIAN_POINT ( 'NONE',  ( 0.6597403748936765400, 1.000000000000000000, -0.8654172513892708363 ) ) ;
#3665 = CARTESIAN_POINT ( 'NONE',  ( 0.6788745616427451779, 0.9999606299212597804, -0.8798216301457413291 ) ) ;
#3666 = VERTEX_POINT ( 'NONE', #976 ) ;
#3667 = CARTESIAN_POINT ( 'NONE',  ( 0.5374775531794113714, 0.9999606299212601135, -0.8310503272349416548 ) ) ;
#3668 = CARTESIAN_POINT ( 'NONE',  ( 0.7034170399435336618, 0.9999999999999993339, -0.8374836320127004852 ) ) ;
#3669 = PLANE ( 'NONE',  #4471 ) ;
#3670 = ORIENTED_EDGE ( 'NONE', *, *, #5381, .T. ) ;
#3671 = CARTESIAN_POINT ( 'NONE',  ( 0.7568544282954486890, 0.9999606299212596694, -0.8911677719052504276 ) ) ;
#3672 = CARTESIAN_POINT ( 'NONE',  ( 0.8105856109519569141, 0.9999999999999998890, -0.7879723454705768182 ) ) ;
#3673 = EDGE_CURVE ( 'NONE', #6990, #551, #2408, .T. ) ;
#3674 = CARTESIAN_POINT ( 'NONE',  ( 0.7660048934891675598, 0.9999606299212598914, -0.8623558288356970580 ) ) ;
#3675 = CARTESIAN_POINT ( 'NONE',  ( 0.6307656644520664990, 0.9999999999999998890, -0.8637875497772126154 ) ) ;
#3676 = CARTESIAN_POINT ( 'NONE',  ( 0.4942290533678576625, 1.000000000000000000, -0.8903270752214988981 ) ) ;
#3677 = CARTESIAN_POINT ( 'NONE',  ( 0.7016890094247981713, 0.9999999999999998890, -0.8177617112931225840 ) ) ;
#3678 = ORIENTED_EDGE ( 'NONE', *, *, #5069, .T. ) ;
#3679 = CARTESIAN_POINT ( 'NONE',  ( 0.7095095208052704105, 1.000000000000000000, -0.8629318676783394038 ) ) ;
#3680 = CARTESIAN_POINT ( 'NONE',  ( 0.7971621616521076259, 1.000000000000000444, -0.7937550718043046016 ) ) ;
#3681 = CARTESIAN_POINT ( 'NONE',  ( 0.6698046599048013139, 1.000000000000000000, -0.7891294942891030617 ) ) ;
#3682 = DIRECTION ( 'NONE',  ( -0.000000000000000000, 1.000000000000000000, -0.000000000000000000 ) ) ;
#3683 = DIRECTION ( 'NONE',  ( -1.514127248974570157E-14, 1.409736619642167096E-15, 1.000000000000000000 ) ) ;
#3684 = CARTESIAN_POINT ( 'NONE',  ( 0.6490492940847852887, 0.9999606299212602245, -0.8079466562738653046 ) ) ;
#3685 = EDGE_CURVE ( 'NONE', #706, #2680, #2975, .T. ) ;
#3686 = DIRECTION ( 'NONE',  ( -0.000000000000000000, 1.000000000000000000, -0.000000000000000000 ) ) ;
#3687 = CARTESIAN_POINT ( 'NONE',  ( 0.8661727877379903351, 0.9999606299212595584, -0.8708697885855996024 ) ) ;
#3688 = CARTESIAN_POINT ( 'NONE',  ( 0.8291802149620441931, 0.9999606299212596694, -0.8128518819949104302 ) ) ;
#3689 = CARTESIAN_POINT ( 'NONE',  ( 0.6597068913198131934, 1.000000000000000000, -0.8642761429967594777 ) ) ;
#3690 = CARTESIAN_POINT ( 'NONE',  ( 0.007874015748031584425, 1.000000000000000000, 0.000000000000000000 ) ) ;
#3691 = FACE_OUTER_BOUND ( 'NONE', #6677, .T. ) ;
#3692 = AXIS2_PLACEMENT_3D ( 'NONE', #6738, #6285, #804 ) ;
#3693 = CARTESIAN_POINT ( 'NONE',  ( 0.8010890508874156657, 0.9999999999999996669, -0.8060360696804270697 ) ) ;
#3694 = CARTESIAN_POINT ( 'NONE',  ( 0.6195146932752324531, 0.9999606299212598914, -0.8437091626978248105 ) ) ;
#3695 = LINE ( 'NONE', #3065, #855 ) ;
#3696 = CARTESIAN_POINT ( 'NONE',  ( 0.6229207555458879941, 1.000000000000000000, -0.8188202859851411164 ) ) ;
#3697 = EDGE_CURVE ( 'NONE', #3657, #3582, #5523, .T. ) ;
#3698 = CARTESIAN_POINT ( 'NONE',  ( 0.7604496146064423368, 0.9999606299212597804, -0.8467631471138685750 ) ) ;
#3699 = ORIENTED_EDGE ( 'NONE', *, *, #733, .F. ) ;
#3700 = CARTESIAN_POINT ( 'NONE',  ( 0.6725085159130109735, 1.000000000000000222, -0.8792265762110750282 ) ) ;
#3701 = CARTESIAN_POINT ( 'NONE',  ( 0.6956073509295939150, 0.9999606299212597804, -0.8292977834805598247 ) ) ;
#3702 = ORIENTED_EDGE ( 'NONE', *, *, #3166, .T. ) ;
#3703 = CARTESIAN_POINT ( 'NONE',  ( 0.7009330484471133493, 1.000000000000000222, -0.8835965995110574012 ) ) ;
#3704 = CARTESIAN_POINT ( 'NONE',  ( 0.7870683348546002600, 1.000000000000000222, -0.8167889596911960259 ) ) ;
#3705 = DIRECTION ( 'NONE',  ( -0.000000000000000000, 1.000000000000000000, -0.000000000000000000 ) ) ;
#3706 = CARTESIAN_POINT ( 'NONE',  ( 0.8303890407153958764, 1.000000000000000000, -0.8221367912720285442 ) ) ;
#3707 = ORIENTED_EDGE ( 'NONE', *, *, #4733, .F. ) ;
#3708 = CARTESIAN_POINT ( 'NONE',  ( 0.6465580069663424689, 0.9999606299212597804, -0.8220416822290746994 ) ) ;
#3709 = EDGE_LOOP ( 'NONE', ( #1336, #5001, #1581, #1528 ) ) ;
#3710 = CARTESIAN_POINT ( 'NONE',  ( 0.6007608323392118477, 0.9999606299210463956, -0.8483052949184685110 ) ) ;
#3711 = CARTESIAN_POINT ( 'NONE',  ( 0.8131472815172716695, 1.000000000000000222, -0.7878989857328625446 ) ) ;
#3712 = CARTESIAN_POINT ( 'NONE',  ( 0.8240005100210946454, 0.9999606299212598914, -0.8034782705232555999 ) ) ;
#3713 = CARTESIAN_POINT ( 'NONE',  ( 0.6954795193159251099, 0.9999999999999996669, -0.8722461049484135920 ) ) ;
#3714 = CARTESIAN_POINT ( 'NONE',  ( 0.5519408021102324424, 0.9999606299212596694, -0.8408334392162400972 ) ) ;
#3715 = ORIENTED_EDGE ( 'NONE', *, *, #3024, .T. ) ;
#3716 = CARTESIAN_POINT ( 'NONE',  ( 0.7995429467746849594, 0.9999999999999996669, -0.8094554972446074137 ) ) ;
#3717 = DIRECTION ( 'NONE',  ( -0.000000000000000000, 1.000000000000000000, -0.000000000000000000 ) ) ;
#3718 = CARTESIAN_POINT ( 'NONE',  ( 0.6089681431753442009, 0.9999999999999996669, -0.8360374523992285534 ) ) ;
#3719 = CARTESIAN_POINT ( 'NONE',  ( 0.6925173722067974325, 0.9999606299212598914, -0.8309934817907030924 ) ) ;
#3720 = CARTESIAN_POINT ( 'NONE',  ( 0.8692369421922574446, 0.9999606299212596694, -0.8603980288405687071 ) ) ;
#3721 = PLANE ( 'NONE',  #5601 ) ;
#3722 = EDGE_CURVE ( 'NONE', #504, #4501, #6026, .T. ) ;
#3723 = PLANE ( 'NONE',  #2086 ) ;
#3724 = CARTESIAN_POINT ( 'NONE',  ( 0.7762840642732415919, 0.9999999999999998890, -0.8584576424867981226 ) ) ;
#3725 = VECTOR ( 'NONE', #281, 39.37007874015748854 ) ;
#3726 = LINE ( 'NONE', #5640, #791 ) ;
#3727 = CARTESIAN_POINT ( 'NONE',  ( 0.8047927355881713263, 0.9999606299212597804, -0.8540273575926122795 ) ) ;
#3728 = CARTESIAN_POINT ( 'NONE',  ( 0.6091497356444605105, 1.000000000000000000, -0.8487548938503477469 ) ) ;
#3729 = EDGE_CURVE ( 'NONE', #4697, #3738, #6358, .T. ) ;
#3730 = ORIENTED_EDGE ( 'NONE', *, *, #2220, .F. ) ;
#3731 = VECTOR ( 'NONE', #5935, 39.37007874015748854 ) ;
#3732 = CARTESIAN_POINT ( 'NONE',  ( 0.6943952232717411910, 0.9999999999999998890, -0.8737031298765288723 ) ) ;
#3733 = CARTESIAN_POINT ( 'NONE',  ( 0.8303613160901479606, 0.9999606299212597804, -0.8203264572259574283 ) ) ;
#3734 = ORIENTED_EDGE ( 'NONE', *, *, #5505, .T. ) ;
#3736 = VECTOR ( 'NONE', #3604, 39.37007874015748143 ) ;
#3735 = CARTESIAN_POINT ( 'NONE',  ( 0.6803724083039373038, 0.9999606299212597804, -0.7878989857328625446 ) ) ;
#3737 = LINE ( 'NONE', #4797, #1919 ) ;
#3738 = VERTEX_POINT ( 'NONE', #3923 ) ;
#3739 = CARTESIAN_POINT ( 'NONE',  ( 0.9960629921259841479, 0.007874015748031721468, -0.003937007874015860734 ) ) ;
#3740 = ORIENTED_EDGE ( 'NONE', *, *, #3166, .F. ) ;
#3741 = VECTOR ( 'NONE', #2358, 39.37007874015748143 ) ;
#3742 = CARTESIAN_POINT ( 'NONE',  ( 0.6764533848479417077, 1.000000000000000000, -0.8361583740496238981 ) ) ;
#3743 = CARTESIAN_POINT ( 'NONE',  ( 0.6796206930760601006, 0.9999606299212596694, -0.8798052749185095722 ) ) ;
#3744 = ORIENTED_EDGE ( 'NONE', *, *, #1870, .T. ) ;
#3746 = AXIS2_PLACEMENT_3D ( 'NONE', #536, #1885, #5700 ) ;
#3745 = DIRECTION ( 'NONE',  ( -0.000000000000000000, 1.000000000000000000, -0.000000000000000000 ) ) ;
#3747 = ORIENTED_EDGE ( 'NONE', *, *, #2088, .F. ) ;
#3748 = CARTESIAN_POINT ( 'NONE',  ( 0.6966230186554996928, 1.000000000000000000, -0.8414931703771569849 ) ) ;
#3749 = FACE_OUTER_BOUND ( 'NONE', #5723, .T. ) ;
#3750 = CARTESIAN_POINT ( 'NONE',  ( 0.6333119291265902895, 0.9999606299212597804, -0.8144649954552737325 ) ) ;
#3751 = ORIENTED_EDGE ( 'NONE', *, *, #3857, .T. ) ;
#3752 = CARTESIAN_POINT ( 'NONE',  ( 0.8277213142483336172, 0.9999606299212603355, -0.8364827334506785839 ) ) ;
#3753 = CARTESIAN_POINT ( 'NONE',  ( 0.8588618150978601928, 0.9999606299212602245, -0.8539768846195576746 ) ) ;
#3754 = DIRECTION ( 'NONE',  ( -1.000000000000000000, 0.000000000000000000, 0.000000000000000000 ) ) ;
#3755 = CARTESIAN_POINT ( 'NONE',  ( 0.6788745616427451779, 0.9999606299212597804, -0.8798216301457413291 ) ) ;
#3756 = CARTESIAN_POINT ( 'NONE',  ( 0.6203802142725932667, 0.9999999999999998890, -0.8442882699683321723 ) ) ;
#3757 = LINE ( 'NONE', #5719, #1086 ) ;
#3758 = CARTESIAN_POINT ( 'NONE',  ( 0.6980261947654833321, 0.9999999999999996669, -0.8860548810534304431 ) ) ;
#3759 = APPLICATION_CONTEXT ( 'configuration controlled 3d designs of mechanical parts and assemblies' ) ;
#3760 = CARTESIAN_POINT ( 'NONE',  ( 0.8211874424221267121, 0.9999606299212598914, -0.8009737192794806893 ) ) ;
#3761 = ADVANCED_FACE ( 'NONE', ( #3149 ), #1693, .T. ) ;
#3762 = CARTESIAN_POINT ( 'NONE',  ( 0.9960629921259841479, 0.007874015748031721468, -0.003937007874015860734 ) ) ;
#3763 = ORIENTED_EDGE ( 'NONE', *, *, #1230, .T. ) ;
#3764 = CARTESIAN_POINT ( 'NONE',  ( 0.6824279364885159627, 1.000000000000000222, -0.8344677198152149478 ) ) ;
#3765 = B_SPLINE_SURFACE_WITH_KNOTS ( 'NONE', 3, 1, ( 
 ( #4294, #6903 ),
 ( #4836, #466 ),
 ( #396, #6444 ),
 ( #5801, #5903 ),
 ( #2552, #4240 ),
 ( #3161, #4786 ),
 ( #941, #7051 ),
 ( #2183, #5480 ),
 ( #3324, #1585 ),
 ( #1630, #4925 ),
 ( #4361, #3815 ) ),
 .UNSPECIFIED., .F., .F., .F.,
 ( 4, 1, 1, 1, 1, 1, 1, 1, 4 ),
 ( 2, 2 ),
 ( 0.000000000000000000, 0.1626431852777583120, 0.3129011774167607118, 0.4532937951677720179, 0.5841302525373105459, 0.7028496076486201449, 0.8110576394281253654, 0.9105860842556654511, 1.000000000000000000 ),
 ( 0.000000000000000000, 1.000000000000000000 ),
 .UNSPECIFIED. ) ;
#3766 = DIRECTION ( 'NONE',  ( -0.9899881280612247147, 0.000000000000000000, -0.1411506510712295381 ) ) ;
#3767 = ORIENTED_EDGE ( 'NONE', *, *, #6692, .F. ) ;
#3768 = CARTESIAN_POINT ( 'NONE',  ( 0.6522324700215528237, 0.9999606299212598914, -0.8774874777478672838 ) ) ;
#3769 = EDGE_CURVE ( 'NONE', #5852, #2073, #1153, .T. ) ;
#3770 = CARTESIAN_POINT ( 'NONE',  ( 0.7289964890183951995, 0.9999606299212598914, -0.8797981088489448265 ) ) ;
#3771 = CARTESIAN_POINT ( 'NONE',  ( 0.7505660169058253617, 1.000000000000000222, -0.8811348107802111640 ) ) ;
#3772 = CARTESIAN_POINT ( 'NONE',  ( 0.6022725610886624503, 1.000000000000000222, -0.8364871323983357199 ) ) ;
#3773 = EDGE_CURVE ( 'NONE', #6525, #6065, #397, .T. ) ;
#3774 = CARTESIAN_POINT ( 'NONE',  ( 0.5066811870757106373, 1.000000000000000000, -0.1281516700166467904 ) ) ;
#3775 = CARTESIAN_POINT ( 'NONE',  ( 0.1003966783382542194, 1.000000000000000000, -0.5063989121866298015 ) ) ;
#3776 = CARTESIAN_POINT ( 'NONE',  ( 0.4942290533678576625, 0.9999606299212597804, -0.8903270752214988981 ) ) ;
#3777 = CARTESIAN_POINT ( 'NONE',  ( 0.7727832022684187896, 0.9999999999999996669, -0.8467799833833518086 ) ) ;
#3778 = CARTESIAN_POINT ( 'NONE',  ( 0.6041335956484206182, 0.9999999999999998890, -0.8010426668456498422 ) ) ;
#3779 = CARTESIAN_POINT ( 'NONE',  ( 0.8301032469824644044, 0.9999606299212596694, -0.8176888736796270596 ) ) ;
#3780 = VECTOR ( 'NONE', #6303, 39.37007874015748143 ) ;
#3781 = CARTESIAN_POINT ( 'NONE',  ( 0.6053386720810758348, 1.000000000000000222, -0.8903107544770365589 ) ) ;
#3782 = CARTESIAN_POINT ( 'NONE',  ( 0.6775143704743910034, 1.000000000000000000, -0.8358673464491107596 ) ) ;
#3783 = ORIENTED_EDGE ( 'NONE', *, *, #7015, .F. ) ;
#3784 = CARTESIAN_POINT ( 'NONE',  ( 0.5717067108015697618, 0.9999606299212597804, -0.7892121663673321574 ) ) ;
#3785 = AXIS2_PLACEMENT_3D ( 'NONE', #6281, #6765, #3036 ) ;
#3786 = LINE ( 'NONE', #5709, #1456 ) ;
#3787 = DIRECTION ( 'NONE',  ( 1.000000000000000000, 0.000000000000000000, 0.000000000000000000 ) ) ;
#3788 = CARTESIAN_POINT ( 'NONE',  ( 0.5556399471804420731, 0.9999606299212603355, -0.8727708921553501975 ) ) ;
#3789 = ORIENTED_EDGE ( 'NONE', *, *, #5091, .F. ) ;
#3790 = ORIENTED_EDGE ( 'NONE', *, *, #3528, .F. ) ;
#3791 = VERTEX_POINT ( 'NONE', #2347 ) ;
#3792 = AXIS2_PLACEMENT_3D ( 'NONE', #2894, #2303, #2912 ) ;
#3793 = CARTESIAN_POINT ( 'NONE',  ( 0.8184876965017517936, 0.9999606299212596694, -0.8448596806740620302 ) ) ;
#3794 = CARTESIAN_POINT ( 'NONE',  ( 0.7537029275451095911, 0.9999606299212598914, -0.8808587574177545454 ) ) ;
#3795 = DIRECTION ( 'NONE',  ( 0.000000000000000000, 0.000000000000000000, 1.000000000000000000 ) ) ;
#3796 = CARTESIAN_POINT ( 'NONE',  ( 0.4938811870757103262, 1.000000000000000000, -0.1281516700166490386 ) ) ;
#3797 = CARTESIAN_POINT ( 'NONE',  ( 0.7715891625142065058, 0.9999606299212595584, -0.8444898201653916470 ) ) ;
#3798 = CARTESIAN_POINT ( 'NONE',  ( 0.8789909792674789335, 1.000000000000000000, -0.8693161850699836490 ) ) ;
#3799 = CARTESIAN_POINT ( 'NONE',  ( 0.6623590871663405100, 0.9999606299212598914, -0.8078872227987546895 ) ) ;
#3800 = CARTESIAN_POINT ( 'NONE',  ( 0.6800192808665818101, 1.000000000000000000, -0.8915985599421687446 ) ) ;
#3801 = CARTESIAN_POINT ( 'NONE',  ( 0.6096103213310813951, 1.000000000000000222, -0.8899365092846007741 ) ) ;
#3802 = CARTESIAN_POINT ( 'NONE',  ( 0.6191292386197910780, 0.9999606299212598914, -0.8702798903709293432 ) ) ;
#3803 = CARTESIAN_POINT ( 'NONE',  ( 0.7975737799303576070, 0.9999606299212597804, -0.8181021403256655278 ) ) ;
#3804 = ORIENTED_EDGE ( 'NONE', *, *, #5326, .T. ) ;
#3805 = VECTOR ( 'NONE', #1795, 39.37007874015748143 ) ;
#3806 = CARTESIAN_POINT ( 'NONE',  ( 0.6873375944177732011, 0.9999606299212598914, -0.8329585385075675141 ) ) ;
#3807 = CARTESIAN_POINT ( 'NONE',  ( 0.7428914314934005336, 0.9999606299212598914, -0.8906220900637549232 ) ) ;
#3808 = CARTESIAN_POINT ( 'NONE',  ( 0.7511001722967165506, 1.000000000000000222, -0.8811175302417850741 ) ) ;
#3809 = VECTOR ( 'NONE', #6805, 39.37007874015748143 ) ;
#3810 = VECTOR ( 'NONE', #2610, 39.37007874015748143 ) ;
#3811 = CARTESIAN_POINT ( 'NONE',  ( 0.5480526281587658755, 0.9999606299212596694, -0.8846429829422888247 ) ) ;
#3812 = ORIENTED_EDGE ( 'NONE', *, *, #5543, .T. ) ;
#3813 = VERTEX_POINT ( 'NONE', #5066 ) ;
#3814 = CARTESIAN_POINT ( 'NONE',  ( 0.8746874818887180325, 0.9999606299212601135, -0.8648454906776096296 ) ) ;
#3815 = CARTESIAN_POINT ( 'NONE',  ( 0.5415856299984210809, 1.000000000000000000, -0.8883778227172078878 ) ) ;
#3816 = VERTEX_POINT ( 'NONE', #4494 ) ;
#3817 = VECTOR ( 'NONE', #3027, 39.37007874015748143 ) ;
#3818 = CARTESIAN_POINT ( 'NONE',  ( 0.000000000000000000, 1.000000000000000000, -0.007874015748031721468 ) ) ;
#3819 = CARTESIAN_POINT ( 'NONE',  ( 0.8162455670767237992, 0.9999606299212597804, -0.8561843787252867433 ) ) ;
#3820 = B_SPLINE_SURFACE_WITH_KNOTS ( 'NONE', 3, 1, ( 
 ( #6790, #873 ),
 ( #848, #1981 ),
 ( #1957, #357 ),
 ( #5773, #3038 ),
 ( #2459, #5792 ),
 ( #5216, #4669 ),
 ( #1935, #5743 ),
 ( #2539, #6331 ),
 ( #2484, #6861 ),
 ( #4200, #6283 ),
 ( #906, #4744 ) ),
 .UNSPECIFIED., .F., .F., .F.,
 ( 4, 1, 1, 1, 1, 1, 1, 1, 4 ),
 ( 2, 2 ),
 ( 0.000000000000000000, 0.1693237986142559770, 0.3253554330119017290, 0.4689155231524376743, 0.6003115468851079051, 0.7188463901177559734, 0.8249851745593383967, 0.9187577878191786063, 1.000000000000000000 ),
 ( 0.000000000000000000, 1.000000000000000000 ),
 .UNSPECIFIED. ) ;
#3821 = VERTEX_POINT ( 'NONE', #2371 ) ;
#3822 = CARTESIAN_POINT ( 'NONE',  ( 0.8692369421922574446, 0.9999999999999998890, -0.8603980288405687071 ) ) ;
#3823 = FACE_OUTER_BOUND ( 'NONE', #1632, .T. ) ;
#3824 = CARTESIAN_POINT ( 'NONE',  ( 0.6205115754182020105, 0.9999999999999998890, -0.8083121304628591020 ) ) ;
#3825 = EDGE_CURVE ( 'NONE', #61, #1196, #385, .T. ) ;
#3826 = PLANE ( 'NONE',  #3746 ) ;
#3827 = CARTESIAN_POINT ( 'NONE',  ( 0.6041335956484206182, 0.9999606299207709492, -0.8010426668456498422 ) ) ;
#3828 = ORIENTED_EDGE ( 'NONE', *, *, #700, .T. ) ;
#3829 = CARTESIAN_POINT ( 'NONE',  ( 0.7455470229289257178, 0.9999606299212597804, -0.8128394050871722287 ) ) ;
#3830 = LINE ( 'NONE', #1171, #649 ) ;
#3831 = ORIENTED_EDGE ( 'NONE', *, *, #4419, .T. ) ;
#3832 = AXIS2_PLACEMENT_3D ( 'NONE', #4229, #2565, #6922 ) ;
#3833 = CARTESIAN_POINT ( 'NONE',  ( 0.7277196091013499180, 0.9999606299212598914, -0.8772919511937382619 ) ) ;
#3834 = ORIENTED_EDGE ( 'NONE', *, *, #3961, .F. ) ;
#3835 = CARTESIAN_POINT ( 'NONE',  ( 0.6001521902821929100, 0.9999606299212598914, -0.8785050715275161126 ) ) ;
#3836 = LINE ( 'NONE', #957, #3997 ) ;
#3837 = B_SPLINE_SURFACE_WITH_KNOTS ( 'NONE', 3, 1, ( 
 ( #2081, #6921 ),
 ( #380, #5285 ),
 ( #6428, #6891 ),
 ( #5259, #1449 ),
 ( #4228, #980 ),
 ( #956, #1505 ),
 ( #5336, #6406 ),
 ( #3175, #3713 ),
 ( #1983, #2540 ),
 ( #1477, #457 ),
 ( #2004, #6332 ),
 ( #3152, #3637 ),
 ( #5819, #4826 ),
 ( #1530, #5362 ),
 ( #359, #4201 ),
 ( #3197, #5896 ),
 ( #6972, #6359 ),
 ( #3743, #3117 ),
 ( #3665, #5309 ) ),
 .UNSPECIFIED., .F., .F., .F.,
 ( 4, 1, 1, 1, 1, 1, 1, 1, 1, 1, 1, 1, 1, 1, 1, 1, 4 ),
 ( 2, 2 ),
 ( 0.000000000000000000, 0.07657281352907717442, 0.1493228985313955759, 0.2172186749416054607, 0.2820872493082849930, 0.3432655771108265030, 0.4022310899227212744, 0.4584773865507846824, 0.5141512058041738387, 0.5690726415643291292, 0.6243527363272768360, 0.6811913672928029406, 0.7394041584491219954, 0.7998297883091651794, 0.8628307336450702358, 0.9296455439554817124, 0.9999999999999998890 ),
 ( 0.000000000000000000, 1.000000000000000000 ),
 .UNSPECIFIED. ) ;
#3838 = CARTESIAN_POINT ( 'NONE',  ( 0.6190236228816499153, 1.000000000000000000, -0.8559193409404984854 ) ) ;
#3839 = AXIS2_PLACEMENT_3D ( 'NONE', #1650, #3361, #5544 ) ;
#3840 = EDGE_CURVE ( 'NONE', #1831, #2705, #259, .T. ) ;
#3841 = CARTESIAN_POINT ( 'NONE',  ( 0.5519408021102324424, 0.9999999999999998890, -0.8408334392162400972 ) ) ;
#3842 = CARTESIAN_POINT ( 'NONE',  ( 0.5572352147279092671, 0.9999606299212598914, -0.8635547218014715254 ) ) ;
#3843 = CARTESIAN_POINT ( 'NONE',  ( 0.7509558674066834083, 0.9999606299212597804, -0.8916402558559686220 ) ) ;
#3844 = CARTESIAN_POINT ( 'NONE',  ( 0.7660501171509341845, 0.9999606299212597804, -0.8641463631438334181 ) ) ;
#3845 = ADVANCED_FACE ( 'NONE', ( #1226 ), #5594, .F. ) ;
#3846 = CARTESIAN_POINT ( 'NONE',  ( 0.7595516240031920940, 1.000000000000000000, -0.8904900236103824307 ) ) ;
#3847 = EDGE_LOOP ( 'NONE', ( #4854, #2240, #3968, #6872, #2983, #4396 ) ) ;
#3848 = CARTESIAN_POINT ( 'NONE',  ( 0.5822121558773274419, 1.000000000000000000, -0.8785084495112716052 ) ) ;
#3849 = CARTESIAN_POINT ( 'NONE',  ( 0.7509558674066835193, 1.000000000000000222, -0.8916402558559687330 ) ) ;
#3850 = CARTESIAN_POINT ( 'NONE',  ( 0.7227199909194933491, 0.9999606299212598914, -0.7898279662150948788 ) ) ;
#3851 = VERTEX_POINT ( 'NONE', #1820 ) ;
#3852 = CARTESIAN_POINT ( 'NONE',  ( 0.007874015748031584425, 0.9921259842519684069, -2.049995136288955845E-19 ) ) ;
#3853 = ORIENTED_EDGE ( 'NONE', *, *, #1139, .F. ) ;
#3854 = CARTESIAN_POINT ( 'NONE',  ( 0.6198306029405349360, 0.9999606299212595584, -0.8681405867693348100 ) ) ;
#3855 = DIRECTION ( 'NONE',  ( 1.000000000000000000, 0.000000000000000000, 0.000000000000000000 ) ) ;
#3856 = APPROVAL_DATE_TIME ( #5131, #4751 ) ;
#3857 = EDGE_CURVE ( 'NONE', #2095, #6525, #5592, .T. ) ;
#3858 = CARTESIAN_POINT ( 'NONE',  ( 0.6333880155766994369, 0.9999606299212597804, -0.8204031962414457535 ) ) ;
#3859 = DIRECTION ( 'NONE',  ( 0.000000000000000000, 1.000000000000000000, 0.000000000000000000 ) ) ;
#3860 = EDGE_CURVE ( 'NONE', #2591, #3466, #4427, .T. ) ;
#3861 = LINE ( 'NONE', #5255, #251 ) ;
#3862 = CARTESIAN_POINT ( 'NONE',  ( 0.5519198003994467694, 0.9999606299212597804, -0.8803083775255041710 ) ) ;
#3863 = EDGE_CURVE ( 'NONE', #2976, #6066, #3309, .T. ) ;
#3864 = CARTESIAN_POINT ( 'NONE',  ( 0.5267302740709826070, 0.9999606299209541360, -0.8417393917461201136 ) ) ;
#3865 = CARTESIAN_POINT ( 'NONE',  ( 0.5464796937283914469, 0.9999999999999996669, -0.8561046460574629480 ) ) ;
#3866 = PLANE ( 'NONE',  #3558 ) ;
#3867 = CARTESIAN_POINT ( 'NONE',  ( 0.7635605713388142757, 0.9999606299212595584, -0.8735903743797991394 ) ) ;
#3868 = LINE ( 'NONE', #2696, #3282 ) ;
#3869 = CARTESIAN_POINT ( 'NONE',  ( 0.1003966783382542194, 1.000000000000000000, -0.4935989121866296570 ) ) ;
#3870 = CARTESIAN_POINT ( 'NONE',  ( 0.6559536094489299973, 1.000000000000000222, -0.7970570344677021524 ) ) ;
#3871 = ORIENTED_EDGE ( 'NONE', *, *, #5461, .T. ) ;
#3872 = ORIENTED_EDGE ( 'NONE', *, *, #1647, .T. ) ;
#3873 = CARTESIAN_POINT ( 'NONE',  ( 0.7978882134242424318, 1.000000000000000222, -0.8157376284004128619 ) ) ;
#3874 = B_SPLINE_CURVE_WITH_KNOTS ( 'NONE', 3,
 ( #753, #1271, #1321, #4595, #2327, #6736, #1294, #5115, #4565, #1830, #1249 ),
 .UNSPECIFIED., .F., .F.,
 ( 4, 1, 1, 1, 1, 1, 1, 1, 4 ),
 ( 0.000000000000000000, 0.1232115076675094206, 0.2406990252533365848, 0.3542612932167210071, 0.4669536443969418693, 0.5842822876469543347, 0.7105515410306887381, 0.8478091896452396581, 1.000000000000000000 ),
 .UNSPECIFIED. ) ;
#3875 = ADVANCED_FACE ( 'NONE', ( #4168 ), #5570, .F. ) ;
#3876 = CARTESIAN_POINT ( 'NONE',  ( 0.6087772477888061529, 0.9999606299212597804, -0.8780027510771254429 ) ) ;
#3877 = VERTEX_POINT ( 'NONE', #5225 ) ;
#3878 = ORIENTED_EDGE ( 'NONE', *, *, #6729, .F. ) ;
#3879 = ORIENTED_EDGE ( 'NONE', *, *, #1116, .T. ) ;
#3880 = CARTESIAN_POINT ( 'NONE',  ( 0.6126133221408956997, 0.9999999999999998890, -0.8770528758860777208 ) ) ;
#3881 = CARTESIAN_POINT ( 'NONE',  ( 0.7988869605648273309, 0.9999606299212597804, -0.8357069682065249028 ) ) ;
#3882 = CARTESIAN_POINT ( 'NONE',  ( 0.8150977077282578476, 1.000000000000000000, -0.8456106510560544853 ) ) ;
#3883 = AXIS2_PLACEMENT_3D ( 'NONE', #4979, #6490, #3259 ) ;
#3884 = CARTESIAN_POINT ( 'NONE',  ( 0.6150098424463943392, 0.9999999999999998890, -0.8511251954736048786 ) ) ;
#3885 = CARTESIAN_POINT ( 'NONE',  ( 0.5461215783088000375, 1.000000000000000000, -0.8541163956984264560 ) ) ;
#3886 = VERTEX_POINT ( 'NONE', #1868 ) ;
#3887 = DIRECTION ( 'NONE',  ( -0.000000000000000000, 0.000000000000000000, 1.000000000000000000 ) ) ;
#3888 = CARTESIAN_POINT ( 'NONE',  ( 0.7519760653198122036, 0.9999606299212601135, -0.8916103090523279651 ) ) ;
#3889 = CARTESIAN_POINT ( 'NONE',  ( 0.7434461156533098691, 0.9999606299212597804, -0.8267404066867864998 ) ) ;
#3890 = APPROVAL_ROLE ( '' ) ;
#3891 = CARTESIAN_POINT ( 'NONE',  ( 0.7072861836724662066, 0.9999606299212595584, -0.8739348211626274399 ) ) ;
#3892 = B_SPLINE_CURVE_WITH_KNOTS ( 'NONE', 3,
 ( #3133, #6908, #401, #4274, #6983, #6346, #2652, #922, #6395, #4244, #469, #6964, #4870, #3186, #944, #4760, #970, #1465, #2047 ),
 .UNSPECIFIED., .F., .F.,
 ( 4, 1, 1, 1, 1, 1, 1, 1, 1, 1, 1, 1, 1, 1, 1, 1, 4 ),
 ( 0.000000000000000000, 0.04878347937587476646, 0.09693138956973551545, 0.1450915008017290564, 0.1933977841194995384, 0.2422569075037523945, 0.2911229018096250232, 0.3408352192596681984, 0.3915951061367892172, 0.4457719150393729679, 0.5061126198317961178, 0.5725064867171759664, 0.6449505620533887429, 0.7242299195761300323, 0.8096884027761085401, 0.9016917347513256908, 1.000000000000000000 ),
 .UNSPECIFIED. ) ;
#3893 = FACE_OUTER_BOUND ( 'NONE', #6761, .T. ) ;
#3894 = LINE ( 'NONE', #7066, #2257 ) ;
#3895 = CARTESIAN_POINT ( 'NONE',  ( 0.8020038928504341635, 1.000000000000000222, -0.8045600056511554854 ) ) ;
#3896 = ORIENTED_EDGE ( 'NONE', *, *, #5952, .F. ) ;
#3897 = FACE_OUTER_BOUND ( 'NONE', #2579, .T. ) ;
#3898 = CARTESIAN_POINT ( 'NONE',  ( 0.6254274338233063446, 0.9999999999999998890, -0.8812694544856947143 ) ) ;
#3899 = ORIENTED_EDGE ( 'NONE', *, *, #2244, .T. ) ;
#3900 = FACE_OUTER_BOUND ( 'NONE', #6904, .T. ) ;
#3901 = B_SPLINE_CURVE_WITH_KNOTS ( 'NONE', 3,
 ( #2683, #3245, #4943, #7061, #5421, #4896, #1601, #1642, #2151, #541, #5965, #5492, #6555, #37, #5453, #502, #1112, #6499, #2199 ),
 .UNSPECIFIED., .F., .F.,
 ( 4, 1, 1, 1, 1, 1, 1, 1, 1, 1, 1, 1, 1, 1, 1, 1, 4 ),
 ( 0.000000000000000000, 0.07657281352907717442, 0.1493228985313955759, 0.2172186749416054607, 0.2820872493082849930, 0.3432655771108265030, 0.4022310899227212744, 0.4584773865507846824, 0.5141512058041738387, 0.5690726415643291292, 0.6243527363272768360, 0.6811913672928029406, 0.7394041584491219954, 0.7998297883091651794, 0.8628307336450702358, 0.9296455439554817124, 0.9999999999999998890 ),
 .UNSPECIFIED. ) ;
#3902 = VECTOR ( 'NONE', #2755, 39.37007874015748143 ) ;
#3903 = VERTEX_POINT ( 'NONE', #4083 ) ;
#3904 = EDGE_CURVE ( 'NONE', #6561, #4568, #5016, .T. ) ;
#3905 = VERTEX_POINT ( 'NONE', #241 ) ;
#3906 = CARTESIAN_POINT ( 'NONE',  ( 0.6015888956978779900, 1.000000000000000222, -0.8784985622367255109 ) ) ;
#3907 = CARTESIAN_POINT ( 'NONE',  ( 0.9999999999999996669, 0.007874015748031175030, -1.000000000000000222 ) ) ;
#3908 = VECTOR ( 'NONE', #6764, 39.37007874015748143 ) ;
#3909 = CARTESIAN_POINT ( 'NONE',  ( 0.6181771650034260102, 1.000000000000000000, -0.7916244778511143387 ) ) ;
#3910 = ORIENTED_EDGE ( 'NONE', *, *, #4931, .F. ) ;
#3911 = DIRECTION ( 'NONE',  ( 0.000000000000000000, 0.000000000000000000, -1.000000000000000000 ) ) ;
#3912 = VERTEX_POINT ( 'NONE', #3581 ) ;
#3913 = CARTESIAN_POINT ( 'NONE',  ( 0.6190236228816499153, 0.9999606299212596694, -0.8559193409404984854 ) ) ;
#3914 = ADVANCED_FACE ( 'NONE', ( #6841 ), #3503, .F. ) ;
#3915 = CARTESIAN_POINT ( 'NONE',  ( 0.5455788205981677574, 0.9999999999999998890, -0.8522783806427721709 ) ) ;
#3916 = FACE_BOUND ( 'NONE', #1722, .T. ) ;
#3917 = CARTESIAN_POINT ( 'NONE',  ( 0.7592540757329977463, 0.9999606299212598914, -0.8783871716738368418 ) ) ;
#3918 = EDGE_CURVE ( 'NONE', #2976, #213, #810, .T. ) ;
#3919 = CARTESIAN_POINT ( 'NONE',  ( 0.6306985527556340232, 0.9999999999999998890, -0.8615936849225361849 ) ) ;
#3920 = CARTESIAN_POINT ( 'NONE',  ( 0.8398866724807154682, 0.9999606299212598914, -0.8132133103245966499 ) ) ;
#3921 = CARTESIAN_POINT ( 'NONE',  ( 0.5253760565416858430, 1.000000000000000000, -0.8903270752214988981 ) ) ;
#3922 = AXIS2_PLACEMENT_3D ( 'NONE', #402, #4106, #2391 ) ;
#3923 = CARTESIAN_POINT ( 'NONE',  ( 0.007874015748031584425, 1.000000000000000000, -0.9809904443907626614 ) ) ;
#3924 = ORIENTED_EDGE ( 'NONE', *, *, #6113, .T. ) ;
#3925 = CARTESIAN_POINT ( 'NONE',  ( 0.8606987140955579818, 1.000000000000000222, -0.8548495102289500602 ) ) ;
#3926 = AXIS2_PLACEMENT_3D ( 'NONE', #6361, #3120, #2589 ) ;
#3927 = EDGE_LOOP ( 'NONE', ( #4996, #3478, #4672 ) ) ;
#3928 = DIRECTION ( 'NONE',  ( -1.000000000000000000, 0.000000000000000000, 0.000000000000000000 ) ) ;
#3929 = CARTESIAN_POINT ( 'NONE',  ( 0.5454173292357670233, 1.000000000000000000, -0.1495351693177177088 ) ) ;
#3930 = EDGE_LOOP ( 'NONE', ( #4329, #864, #4778, #2500 ) ) ;
#3931 = CARTESIAN_POINT ( 'NONE',  ( 0.5533676662915243405, 0.9999606299212601135, -0.8432520260570017800 ) ) ;
#3932 = CARTESIAN_POINT ( 'NONE',  ( 0.6202943942769485464, 1.000000000000000000, -0.8632427246355613981 ) ) ;
#3933 = CARTESIAN_POINT ( 'NONE',  ( 0.8293589885136479767, 0.9999999999999998890, -0.7937777314372113091 ) ) ;
#3934 = CARTESIAN_POINT ( 'NONE',  ( 0.8162455670767237992, 0.9999606299212597804, -0.8561843787252867433 ) ) ;
#3935 = CARTESIAN_POINT ( 'NONE',  ( 0.7761782938154014877, 1.000000000000000222, -0.8686523912574353190 ) ) ;
#3936 = CARTESIAN_POINT ( 'NONE',  ( 0.5449106273021814273, 0.9999606299212598914, -0.8505763329172455478 ) ) ;
#3937 = PERSON_AND_ORGANIZATION_ROLE ( 'design_supplier' ) ;
#3938 = CARTESIAN_POINT ( 'NONE',  ( 0.6228228850796310168, 0.9999606299212596694, -0.8158709587845451860 ) ) ;
#3939 = B_SPLINE_CURVE_WITH_KNOTS ( 'NONE', 3,
 ( #2934, #4692, #6279, #351, #2422, #5189, #6810, #6222, #1389, #3069, #5688, #6829, #6762, #3609, #329, #5712, #868, #4712, #6326 ),
 .UNSPECIFIED., .F., .F.,
 ( 4, 1, 1, 1, 1, 1, 1, 1, 1, 1, 1, 1, 1, 1, 1, 1, 4 ),
 ( 0.000000000000000000, 0.05607242287283241422, 0.1120119725189303722, 0.1671711735185538172, 0.2228105982289998732, 0.2789095579811581294, 0.3363553597455306021, 0.3951582856753002027, 0.4560715820962335521, 0.5180446356179407852, 0.5814041097871026631, 0.6456616003006555582, 0.7121082578731906532, 0.7800609799435819225, 0.8508852361240133444, 0.9237296004347441691, 1.000000000000000000 ),
 .UNSPECIFIED. ) ;
#3940 = VECTOR ( 'NONE', #5504, 39.37007874015748143 ) ;
#3941 = CARTESIAN_POINT ( 'NONE',  ( 0.7381876888052568697, 0.9999606299212598914, -0.8887075141972798908 ) ) ;
#3942 = ADVANCED_FACE ( 'NONE', ( #5264 ), #1917, .F. ) ;
#3943 = CARTESIAN_POINT ( 'NONE',  ( 0.8746874818887180325, 0.9999606299212601135, -0.8648454906776096296 ) ) ;
#3944 = VECTOR ( 'NONE', #2897, 39.37007874015748143 ) ;
#3945 = CARTESIAN_POINT ( 'NONE',  ( 0.6277734467568422128, 0.9999606299212598914, -0.8376506193669376321 ) ) ;
#3946 = CARTESIAN_POINT ( 'NONE',  ( 0.6785257480367141714, 1.000000000000000000, -0.8916402558559686220 ) ) ;
#3947 = CARTESIAN_POINT ( 'NONE',  ( 0.6102475980942227984, 0.9999606299212597804, -0.7896394250322061881 ) ) ;
#3948 = VERTEX_POINT ( 'NONE', #5731 ) ;
#3949 = CARTESIAN_POINT ( 'NONE',  ( 0.5483922455262889573, 1.000000000000000222, -0.8364993518160704911 ) ) ;
#3950 = EDGE_CURVE ( 'NONE', #358, #3791, #1068, .T. ) ;
#3951 = CARTESIAN_POINT ( 'NONE',  ( 0.6629932833446272600, 0.9999606299212597804, -0.8534349067718657311 ) ) ;
#3952 = EDGE_LOOP ( 'NONE', ( #4062, #5904, #6013, #3879 ) ) ;
#3953 = CARTESIAN_POINT ( 'NONE',  ( 0.7589395083874073134, 1.000000000000000444, -0.8444799583308565394 ) ) ;
#3954 = ORIENTED_EDGE ( 'NONE', *, *, #6, .T. ) ;
#3955 = CARTESIAN_POINT ( 'NONE',  ( 0.7407466664097811515, 1.000000000000000222, -0.8070764066612252652 ) ) ;
#3956 = ORIENTED_EDGE ( 'NONE', *, *, #1105, .T. ) ;
#3957 = AXIS2_PLACEMENT_3D ( 'NONE', #6110, #45, #5039 ) ;
#3958 = DIRECTION ( 'NONE',  ( 0.8628562094610170430, 0.3574067443365959162, 0.3574067443365899210 ) ) ;
#3959 = CARTESIAN_POINT ( 'NONE',  ( 0.6215975392420495238, 1.000000000000000222, -0.8105642753144211010 ) ) ;
#3960 = DIRECTION ( 'NONE',  ( -0.000000000000000000, 1.000000000000000000, -0.000000000000000000 ) ) ;
#3961 = EDGE_CURVE ( 'NONE', #1155, #5502, #3548, .T. ) ;
#3962 = CARTESIAN_POINT ( 'NONE',  ( 0.8368182036660689604, 0.9999606299212602245, -0.8426021715844518312 ) ) ;
#3963 = ORIENTED_EDGE ( 'NONE', *, *, #421, .T. ) ;
#3964 = CARTESIAN_POINT ( 'NONE',  ( 0.7434461156533098691, 1.000000000000000000, -0.8267404066867864998 ) ) ;
#3965 = CARTESIAN_POINT ( 'NONE',  ( 0.6752942764194443948, 1.000000000000000222, -0.8915760465103962362 ) ) ;
#3966 = CARTESIAN_POINT ( 'NONE',  ( 0.8317407041565176851, 1.000000000000000000, -0.8494571974196916120 ) ) ;
#3967 = PLANE ( 'NONE',  #4054 ) ;
#3968 = ORIENTED_EDGE ( 'NONE', *, *, #4137, .F. ) ;
#3969 = CARTESIAN_POINT ( 'NONE',  ( 0.7883815154890697618, 1.000000000000000000, -0.8372048148677169177 ) ) ;
#3970 = LINE ( 'NONE', #5404, #2331 ) ;
#3971 = ADVANCED_FACE ( 'NONE', ( #3983 ), #291, .F. ) ;
#3972 = CARTESIAN_POINT ( 'NONE',  ( 0.7757107943059536881, 1.000000000000000000, -0.8712407520041617337 ) ) ;
#3973 = B_SPLINE_SURFACE_WITH_KNOTS ( 'NONE', 3, 1, ( 
 ( #2087, #5901 ),
 ( #1560, #2620 ),
 ( #4289, #6413 ),
 ( #6976, #3203 ),
 ( #964, #493 ),
 ( #2115, #4810 ),
 ( #5390, #2137 ),
 ( #3752, #5951 ),
 ( #1511, #463 ),
 ( #2062, #3253 ),
 ( #4312, #991 ),
 ( #7020, #2666 ),
 ( #6465, #5341 ),
 ( #5879, #4359 ),
 ( #3793, #5855 ),
 ( #4904, #5315 ),
 ( #2042, #3882 ),
 ( #19, #5526 ),
 ( #1674, #3321 ) ),
 .UNSPECIFIED., .F., .F., .F.,
 ( 4, 1, 1, 1, 1, 1, 1, 1, 1, 1, 1, 1, 1, 1, 1, 1, 4 ),
 ( 2, 2 ),
 ( 0.000000000000000000, 0.08200255231875340500, 0.1597715690462407079, 0.2336177311362617193, 0.3034280842814565116, 0.3703725193437349961, 0.4345243117234923180, 0.4964024124852134956, 0.5573274680850505147, 0.6162825864692522693, 0.6725038525717199622, 0.7274967451323800516, 0.7809690145095001812, 0.8345385593342701247, 0.8882595021382543310, 0.9431158980645314438, 1.000000000000000000 ),
 ( 0.000000000000000000, 1.000000000000000000 ),
 .UNSPECIFIED. ) ;
#3974 = CARTESIAN_POINT ( 'NONE',  ( 0.8826842998019249764, 0.9999606299212597804, -0.8916402558559686220 ) ) ;
#3975 = DIRECTION ( 'NONE',  ( -0.000000000000000000, 0.000000000000000000, -1.000000000000000000 ) ) ;
#3976 = LINE ( 'NONE', #1810, #6009 ) ;
#3977 = CARTESIAN_POINT ( 'NONE',  ( 0.7430828785441020434, 0.9999999999999998890, -0.8100027315092160896 ) ) ;
#3978 = CARTESIAN_POINT ( 'NONE',  ( 0.8369691989644486574, 0.9999606299212597804, -0.8771952688768018813 ) ) ;
#3979 = VECTOR ( 'NONE', #5638, 39.37007874015748143 ) ;
#3980 = ORIENTED_EDGE ( 'NONE', *, *, #6781, .F. ) ;
#3981 = ORIENTED_EDGE ( 'NONE', *, *, #5505, .F. ) ;
#3982 = CARTESIAN_POINT ( 'NONE',  ( 0.6215975392420495238, 0.9999606299212597804, -0.8105642753144211010 ) ) ;
#3983 = FACE_OUTER_BOUND ( 'NONE', #3847, .T. ) ;
#3984 = B_SPLINE_CURVE_WITH_KNOTS ( 'NONE', 3,
 ( #3798, #4409, #4929, #1653, #2167, #3822, #2769, #534, #4386, #1087, #6548 ),
 .UNSPECIFIED., .F., .F.,
 ( 4, 1, 1, 1, 1, 1, 1, 1, 4 ),
 ( 0.000000000000000000, 0.1115694784847078430, 0.2312276298721046008, 0.3616269854306210507, 0.5010346984701832262, 0.6401569435219168769, 0.7693287052360811007, 0.8892759623006144531, 1.000000000000000000 ),
 .UNSPECIFIED. ) ;
#3985 = ORIENTED_EDGE ( 'NONE', *, *, #2806, .T. ) ;
#3986 = CARTESIAN_POINT ( 'NONE',  ( 0.7481624862169775625, 0.9999999999999998890, -0.8915680823822358381 ) ) ;
#3987 = VECTOR ( 'NONE', #2663, 39.37007874015748854 ) ;
#3988 = CARTESIAN_POINT ( 'NONE',  ( 0.8210651023810849880, 0.9999606299212595584, -0.8556761094458823491 ) ) ;
#3989 = VERTEX_POINT ( 'NONE', #5179 ) ;
#3990 = VECTOR ( 'NONE', #5927, 39.37007874015748143 ) ;
#3991 = EDGE_CURVE ( 'NONE', #6260, #3791, #3467, .T. ) ;
#3992 = VERTEX_POINT ( 'NONE', #5132 ) ;
#3993 = EDGE_CURVE ( 'NONE', #3989, #6237, #557, .T. ) ;
#3994 = ORIENTED_EDGE ( 'NONE', *, *, #4592, .F. ) ;
#3995 = CARTESIAN_POINT ( 'NONE',  ( 0.7445658046900017757, 1.000000000000000000, -0.8278985333781498923 ) ) ;
#3996 = CARTESIAN_POINT ( 'NONE',  ( 0.8380953178263084169, 0.9999999999999996669, -0.8399096678467666832 ) ) ;
#3997 = VECTOR ( 'NONE', #3617, 39.37007874015748143 ) ;
#3998 = DIRECTION ( 'NONE',  ( -1.000000000000000000, 0.000000000000000000, 0.000000000000000000 ) ) ;
#3999 = CARTESIAN_POINT ( 'NONE',  ( 0.8408345578505146412, 1.000000000000000000, -0.8200644907502592229 ) ) ;
#4000 = CARTESIAN_POINT ( 'NONE',  ( 0.6596898133110393747, 0.9999606299212597804, -0.8636941304786603935 ) ) ;
#4001 = CARTESIAN_POINT ( 'NONE',  ( 0.3333966783382540933, 0.9999606299212597804, -0.5028024554937162716 ) ) ;
#4002 = CARTESIAN_POINT ( 'NONE',  ( 0.6229207555458879941, 0.9999606299212597804, -0.8188202859851411164 ) ) ;
#4003 = VERTEX_POINT ( 'NONE', #1849 ) ;
#4004 = CARTESIAN_POINT ( 'NONE',  ( 0.8024505644223910439, 1.000000000000000000, -0.8528295517165793704 ) ) ;
#4005 = CARTESIAN_POINT ( 'NONE',  ( 0.5047344984436151760, 0.9999606299212597804, -0.8417393917461201136 ) ) ;
#4006 = AXIS2_PLACEMENT_3D ( 'NONE', #4338, #2653, #3240 ) ;
#4007 = ORIENTED_EDGE ( 'NONE', *, *, #3103, .F. ) ;
#4008 = CARTESIAN_POINT ( 'NONE',  ( 0.7321975978215637948, 0.9999606299212602245, -0.8840661356334647003 ) ) ;
#4009 = ORIENTED_EDGE ( 'NONE', *, *, #3269, .T. ) ;
#4010 = ADVANCED_FACE ( 'NONE', ( #4579 ), #4148, .T. ) ;
#4011 = CARTESIAN_POINT ( 'NONE',  ( 0.8317407041565176851, 0.9999606299212597804, -0.8494571974196916120 ) ) ;
#4012 = B_SPLINE_SURFACE_WITH_KNOTS ( 'NONE', 3, 1, ( 
 ( #5989, #2853 ),
 ( #5558, #3380 ),
 ( #6609, #1205 ),
 ( #2328, #2899 ),
 ( #87, #1251 ),
 ( #6625, #4567 ),
 ( #1788, #5098 ),
 ( #3931, #6133 ),
 ( #4508, #155 ),
 ( #5056, #6646 ),
 ( #5606, #3949 ),
 ( #645, #6670 ),
 ( #2831, #3447 ),
 ( #4485, #2272 ),
 ( #6096, #177 ),
 ( #664, #4019 ),
 ( #5041, #5542 ),
 ( #3409, #6112 ),
 ( #6070, #1769 ) ),
 .UNSPECIFIED., .F., .F., .F.,
 ( 4, 1, 1, 1, 1, 1, 1, 1, 1, 1, 1, 1, 1, 1, 1, 1, 4 ),
 ( 2, 2 ),
 ( 0.000000000000000000, 0.06663285196891145790, 0.1303182302904987988, 0.1914143839273964309, 0.2502217418280934802, 0.3076442014429975891, 0.3637784217418167931, 0.4189405473986046458, 0.4741773679110783402, 0.5293394935678664703, 0.5857243568435807068, 0.6441603494436983768, 0.7054841805206443217, 0.7712613324447833429, 0.8419873188392221763, 0.9179167043621037081, 0.9999999999999998890 ),
 ( 0.000000000000000000, 1.000000000000000000 ),
 .UNSPECIFIED. ) ;
#4013 = AXIS2_PLACEMENT_3D ( 'NONE', #1055, #5413, #5439 ) ;
#4014 = ORIENTED_EDGE ( 'NONE', *, *, #3993, .F. ) ;
#4015 = CARTESIAN_POINT ( 'NONE',  ( 0.9921259842519685179, 0.000000000000000000, -0.01900955560923664467 ) ) ;
#4016 = DIRECTION ( 'NONE',  ( 5.533906305698548698E-12, 1.000000000000000000, 1.994109342889291811E-13 ) ) ;
#4017 = CARTESIAN_POINT ( 'NONE',  ( 0.4551450449156568268, 0.9999606299212597804, -0.1495351693177169317 ) ) ;
#4018 = APPROVAL_PERSON_ORGANIZATION ( #4809, #6574, #2839 ) ;
#4019 = CARTESIAN_POINT ( 'NONE',  ( 0.5339553019792798727, 1.000000000000000000, -0.8303889770550862970 ) ) ;
#4020 = CARTESIAN_POINT ( 'NONE',  ( 0.6733436877350287286, 0.9999606299212601135, -0.8482468787339186855 ) ) ;
#4021 = B_SPLINE_SURFACE_WITH_KNOTS ( 'NONE', 3, 1, ( 
 ( #6586, #2787 ),
 ( #3341, #6038 ),
 ( #2206, #5559 ),
 ( #51, #3884 ),
 ( #3382, #593 ),
 ( #4956, #6545 ),
 ( #3913, #5479 ),
 ( #4974, #6014 ),
 ( #6071, #3323 ),
 ( #6611, #1183 ),
 ( #577, #3932 ) ),
 .UNSPECIFIED., .F., .F., .F.,
 ( 4, 1, 1, 1, 1, 1, 1, 1, 4 ),
 ( 2, 2 ),
 ( 0.000000000000000000, 0.1232115076675094206, 0.2406990252533365848, 0.3542612932167210071, 0.4669536443969418693, 0.5842822876469543347, 0.7105515410306887381, 0.8478091896452396581, 1.000000000000000000 ),
 ( 0.000000000000000000, 1.000000000000000000 ),
 .UNSPECIFIED. ) ;
#4022 = CARTESIAN_POINT ( 'NONE',  ( 0.8999056890068602987, 1.000000000000000000, -0.4971109695922215632 ) ) ;
#4023 = CARTESIAN_POINT ( 'NONE',  ( 0.8284295548768166872, 1.000000000000000222, -0.8106686503326612225 ) ) ;
#4024 = VECTOR ( 'NONE', #5740, 39.37007874015748143 ) ;
#4025 = CARTESIAN_POINT ( 'NONE',  ( 0.7060454254211615543, 0.9999999999999996669, -0.7987410619511384757 ) ) ;
#4026 = CARTESIAN_POINT ( 'NONE',  ( 0.6015888956978779900, 1.000000000000000222, -0.8784985622367255109 ) ) ;
#4027 = CARTESIAN_POINT ( 'NONE',  ( 0.5401428198444120365, 0.9999999999999998890, -0.8888625323065203476 ) ) ;
#4028 = CARTESIAN_POINT ( 'NONE',  ( 0.6610654199394738750, 0.9999999999999998890, -0.8419815077369885437 ) ) ;
#4029 = EDGE_LOOP ( 'NONE', ( #6526, #5117, #5769, #6250 ) ) ;
#4030 = CARTESIAN_POINT ( 'NONE',  ( 0.8733126897531563460, 0.9999999999999996669, -0.8774873332112212987 ) ) ;
#4031 = VECTOR ( 'NONE', #5835, 39.37007874015748854 ) ;
#4032 = EDGE_CURVE ( 'NONE', #852, #3813, #3140, .T. ) ;
#4033 = CARTESIAN_POINT ( 'NONE',  ( 0.8408313920581164114, 1.000000000000000000, -0.8272189350485392723 ) ) ;
#4034 = ORIENTED_EDGE ( 'NONE', *, *, #4931, .T. ) ;
#4035 = ORIENTED_EDGE ( 'NONE', *, *, #544, .F. ) ;
#4036 = CARTESIAN_POINT ( 'NONE',  ( 0.6511327689333697988, 0.9999999999999996669, -0.8750396132806556038 ) ) ;
#4037 = CARTESIAN_POINT ( 'NONE',  ( 0.6593637466283008841, 0.9999606299212597804, -0.8128429045682378229 ) ) ;
#4038 = CARTESIAN_POINT ( 'NONE',  ( 0.8335898575554961942, 0.9999999999999998890, -0.8473849108260267382 ) ) ;
#4039 = CARTESIAN_POINT ( 'NONE',  ( 0.7095906774208878831, 0.9999606299212597804, -0.8614371012631655278 ) ) ;
#4040 = EDGE_LOOP ( 'NONE', ( #1470, #5352, #2731, #460 ) ) ;
#4041 = EDGE_CURVE ( 'NONE', #5451, #4763, #2923, .T. ) ;
#4042 = ORIENTED_EDGE ( 'NONE', *, *, #4704, .F. ) ;
#4043 = ADVANCED_FACE ( 'NONE', ( #985 ), #1704, .T. ) ;
#4044 = CARTESIAN_POINT ( 'NONE',  ( 0.6764533848479417077, 1.000000000000000000, -0.8361583740496238981 ) ) ;
#4045 = ORIENTED_EDGE ( 'NONE', *, *, #1482, .T. ) ;
#4046 = CARTESIAN_POINT ( 'NONE',  ( 0.7004134851776566695, 0.9999999999999996669, -0.8100447569082430688 ) ) ;
#4047 = CARTESIAN_POINT ( 'NONE',  ( 0.7525127294194865479, 1.000000000000000444, -0.8364813673410808059 ) ) ;
#4048 = CARTESIAN_POINT ( 'NONE',  ( 0.6736662567795460577, 0.9999606299212596694, -0.8369447627075603524 ) ) ;
#4049 = CARTESIAN_POINT ( 'NONE',  ( 0.8409087408678576070, 0.9999606299212597804, -0.8236421211273345921 ) ) ;
#4050 = CARTESIAN_POINT ( 'NONE',  ( 0.8301242287640748785, 0.9999606299212596694, -0.8280973590356740521 ) ) ;
#4051 = ORIENTED_EDGE ( 'NONE', *, *, #993, .T. ) ;
#4052 = CARTESIAN_POINT ( 'NONE',  ( 0.6917032025074838497, 0.9999606299212596694, -0.8015395794740604041 ) ) ;
#4053 = DIRECTION ( 'NONE',  ( -1.000000000000000000, 0.000000000000000000, 0.000000000000000000 ) ) ;
#4054 = AXIS2_PLACEMENT_3D ( 'NONE', #2915, #107, #6691 ) ;
#4055 = LINE ( 'NONE', #2020, #2606 ) ;
#4056 = EDGE_CURVE ( 'NONE', #992, #3398, #2345, .T. ) ;
#4057 = CARTESIAN_POINT ( 'NONE',  ( 0.8277122184865896015, 0.9999606299212597804, -0.8527640527431691320 ) ) ;
#4058 = LINE ( 'NONE', #3676, #2958 ) ;
#4059 = LINE ( 'NONE', #5668, #981 ) ;
#4060 = CARTESIAN_POINT ( 'NONE',  ( 0.6492515295403380460, 1.000000000000000222, -0.8668852882146558247 ) ) ;
#4061 = ORIENTED_EDGE ( 'NONE', *, *, #5717, .F. ) ;
#4062 = ORIENTED_EDGE ( 'NONE', *, *, #6557, .F. ) ;
#4063 = PLANE ( 'NONE',  #2737 ) ;
#4064 = VECTOR ( 'NONE', #2974, 39.37007874015748143 ) ;
#4065 = CARTESIAN_POINT ( 'NONE',  ( 0.8894964243432363915, 0.9999606299212597804, -0.8916402558559686220 ) ) ;
#4066 = VERTEX_POINT ( 'NONE', #5414 ) ;
#4067 = VECTOR ( 'NONE', #5484, 39.37007874015748854 ) ;
#4068 = VECTOR ( 'NONE', #4439, 39.37007874015748143 ) ;
#4069 = CARTESIAN_POINT ( 'NONE',  ( 0.4974776437686259101, 1.000000000000000000, -0.1002102154469468043 ) ) ;
#4070 = ORIENTED_EDGE ( 'NONE', *, *, #5911, .F. ) ;
#4071 = VECTOR ( 'NONE', #5981, 39.37007874015748143 ) ;
#4072 = CARTESIAN_POINT ( 'NONE',  ( 0.7765628897788425800, 1.000000000000000000, -0.8633042799778021248 ) ) ;
#4073 = DIRECTION ( 'NONE',  ( 1.000000000000000000, 0.000000000000000000, -0.000000000000000000 ) ) ;
#4074 = DIRECTION ( 'NONE',  ( 0.000000000000000000, -1.000000000000000000, 0.000000000000000000 ) ) ;
#4075 = VERTEX_POINT ( 'NONE', #1170 ) ;
#4076 = CARTESIAN_POINT ( 'NONE',  ( 0.8398866724807154682, 0.9999606299212598914, -0.8132133103245966499 ) ) ;
#4077 = ORIENTED_EDGE ( 'NONE', *, *, #3239, .F. ) ;
#4078 = CARTESIAN_POINT ( 'NONE',  ( 0.8719642344371588694, 0.9999606299212597804, -0.5063145128993086219 ) ) ;
#4079 = CARTESIAN_POINT ( 'NONE',  ( 0.6133867112099100627, 0.9999606299212597804, -0.8892252871107787504 ) ) ;
#4080 = FACE_OUTER_BOUND ( 'NONE', #2104, .T. ) ;
#4081 = CARTESIAN_POINT ( 'NONE',  ( 0.7873628360651387936, 1.000000000000000222, -0.8135304990921058410 ) ) ;
#4082 = CARTESIAN_POINT ( 'NONE',  ( 0.7471025293344624174, 0.9999606299212596694, -0.8145145253007580743 ) ) ;
#4083 = CARTESIAN_POINT ( 'NONE',  ( 0.6785257480367141714, 1.000000000000000000, -0.8916402558559686220 ) ) ;
#4084 = CARTESIAN_POINT ( 'NONE',  ( 0.6706410640585741545, 1.000000000000000222, -0.8787274383127279265 ) ) ;
#4085 = ADVANCED_FACE ( 'NONE', ( #2097 ), #6486, .T. ) ;
#4086 = DIRECTION ( 'NONE',  ( 1.000000000000000000, 0.000000000000000000, 0.000000000000000000 ) ) ;
#4087 = EDGE_CURVE ( 'NONE', #2106, #1925, #3519, .T. ) ;
#4088 = PLANE ( 'NONE',  #5823 ) ;
#4089 = CARTESIAN_POINT ( 'NONE',  ( 0.6917032025074838497, 1.000000000000000000, -0.8015395794740604041 ) ) ;
#4090 = EDGE_CURVE ( 'NONE', #5655, #1897, #1142, .T. ) ;
#4091 = ORIENTED_EDGE ( 'NONE', *, *, #6148, .F. ) ;
#4092 = DIRECTION ( 'NONE',  ( -0.7071067811865413555, 2.775557561562891351E-17, -0.7071067811865536790 ) ) ;
#4093 = CARTESIAN_POINT ( 'NONE',  ( 0.005567769930603426974, 0.9921259842519613015, -1.000000000000007772 ) ) ;
#4094 = ORIENTED_EDGE ( 'NONE', *, *, #1515, .F. ) ;
#4095 = CARTESIAN_POINT ( 'NONE',  ( 0.005567769930603315952, 1.000000000000000000, -0.9944322300693967387 ) ) ;
#4096 = AXIS2_PLACEMENT_3D ( 'NONE', #953, #1503, #5335 ) ;
#4097 = CARTESIAN_POINT ( 'NONE',  ( 0.5047344984436151760, 1.000000000000000000, -0.8417393917461201136 ) ) ;
#4098 = B_SPLINE_SURFACE_WITH_KNOTS ( 'NONE', 3, 1, ( 
 ( #3710, #5917 ),
 ( #2704, #4304 ),
 ( #5403, #454 ),
 ( #3192, #6970 ),
 ( #4324, #2657 ),
 ( #2127, #2681 ),
 ( #431, #1044 ) ),
 .UNSPECIFIED., .F., .F., .F.,
 ( 4, 1, 1, 1, 4 ),
 ( 2, 2 ),
 ( 0.000000000000000000, 0.3231090798450225732, 0.5974912675160265474, 0.8217859227818740120, 1.000000000000000000 ),
 ( 0.000000000000000000, 1.000000000000000000 ),
 .UNSPECIFIED. ) ;
#4099 = CARTESIAN_POINT ( 'NONE',  ( 0.7620800999449668378, 0.9999606299212598914, -0.8494496466739990259 ) ) ;
#4100 = CARTESIAN_POINT ( 'NONE',  ( 0.6626305879917344654, 0.9999606299212602245, -0.8411251867112434777 ) ) ;
#4101 = ORIENTED_EDGE ( 'NONE', *, *, #1020, .T. ) ;
#4102 = CARTESIAN_POINT ( 'NONE',  ( 0.8408837647919278346, 0.9999606299212596694, -0.8224375978934863607 ) ) ;
#4103 = CARTESIAN_POINT ( 'NONE',  ( 0.8255745899752073846, 0.9999606299212603355, -0.8397497679507937018 ) ) ;
#4104 = CARTESIAN_POINT ( 'NONE',  ( 0.6030588984495338645, 0.9999606299212597804, -0.8903270752214988981 ) ) ;
#4105 = CARTESIAN_POINT ( 'NONE',  ( 0.6736662567795460577, 0.9999999999999998890, -0.8369447627075603524 ) ) ;
#4106 = DIRECTION ( 'NONE',  ( -0.7071067811865536790, -0.7071067811865413555, -0.000000000000000000 ) ) ;
#4107 = PERSON_AND_ORGANIZATION ( #3334, #3267 ) ;
#4108 = CARTESIAN_POINT ( 'NONE',  ( 0.7227149403725635635, 0.9999999999999998890, -0.7910755867724581503 ) ) ;
#4109 = CARTESIAN_POINT ( 'NONE',  ( 0.7488658620550907585, 0.9999606299212601135, -0.8810991435934059091 ) ) ;
#4110 = CARTESIAN_POINT ( 'NONE',  ( 0.8999056890068602987, 0.9999606299212597804, -0.4971109695922215632 ) ) ;
#4111 = CARTESIAN_POINT ( 'NONE',  ( 0.8588618150978601928, 1.000000000000000444, -0.8539768846195576746 ) ) ;
#4112 = CARTESIAN_POINT ( 'NONE',  ( 0.7379629501358914156, 0.9999999999999996669, -0.8742638583198655278 ) ) ;
#4113 = CARTESIAN_POINT ( 'NONE',  ( 0.6788745616427451779, 0.9999606299212597804, -0.8798216301457413291 ) ) ;
#4114 = CALENDAR_DATE ( 2021, 1, 12 ) ;
#4115 = CARTESIAN_POINT ( 'NONE',  ( 0.6820624106676840270, 0.9999606299212597804, -0.7997336085506604464 ) ) ;
#4116 = CARTESIAN_POINT ( 'NONE',  ( 0.6642808809655278424, 0.9999606299212597804, -0.8058425494386065591 ) ) ;
#4117 = CARTESIAN_POINT ( 'NONE',  ( 0.7120842346310363169, 1.000000000000000222, -0.8132615888722629638 ) ) ;
#4118 = CARTESIAN_POINT ( 'NONE',  ( 0.5389295270822994643, 0.9999606299212597804, -0.8767859620688394084 ) ) ;
#4119 = LINE ( 'NONE', #4666, #3780 ) ;
#4120 = ADVANCED_FACE ( 'NONE', ( #36 ), #999, .T. ) ;
#4121 = CARTESIAN_POINT ( 'NONE',  ( 0.5030847303827993278, 0.9999606299212597804, -0.1002102154469468043 ) ) ;
#4122 = CARTESIAN_POINT ( 'NONE',  ( 0.5353196123472238055, 0.9999606299212601135, -0.8778913082979886706 ) ) ;
#4123 = CARTESIAN_POINT ( 'NONE',  ( 0.6037089976507852285, 1.000000000000000222, -0.7892156201477802391 ) ) ;
#4124 = ORIENTED_EDGE ( 'NONE', *, *, #5495, .F. ) ;
#4125 = CARTESIAN_POINT ( 'NONE',  ( 0.7962605992958878831, 0.9999606299212597804, -0.8890138945870291742 ) ) ;
#4126 = CARTESIAN_POINT ( 'NONE',  ( 0.2840717244674835773, 1.000000000000000000, -0.5451350543466844112 ) ) ;
#4127 = CARTESIAN_POINT ( 'NONE',  ( 0.6533953228602225050, 0.9999606299212597804, -0.8491802357443022364 ) ) ;
#4128 = CARTESIAN_POINT ( 'NONE',  ( 0.6150900134109537065, 0.9999606299212598914, -0.8887350664976129133 ) ) ;
#4129 = EDGE_CURVE ( 'NONE', #4066, #5867, #1401, .T. ) ;
#4130 = CARTESIAN_POINT ( 'NONE',  ( 0.6764533848479417077, 1.000000000000000000, -0.8361583740496238981 ) ) ;
#4131 = ORIENTED_EDGE ( 'NONE', *, *, #6578, .T. ) ;
#4132 = CARTESIAN_POINT ( 'NONE',  ( 0.7314523344949506178, 0.9999999999999998890, -0.8127631955290024468 ) ) ;
#4133 = CARTESIAN_POINT ( 'NONE',  ( -2.049995136288990752E-19, 1.000000000000000000, -0.007874015748031721468 ) ) ;
#4134 = VERTEX_POINT ( 'NONE', #2337 ) ;
#4135 = EDGE_LOOP ( 'NONE', ( #2682, #2497, #2937, #4796 ) ) ;
#4136 = CARTESIAN_POINT ( 'NONE',  ( 0.6030588984495338645, 0.9999606299207710602, -0.8010307920775594503 ) ) ;
#4137 = EDGE_CURVE ( 'NONE', #973, #6525, #5512, .T. ) ;
#4138 = CARTESIAN_POINT ( 'NONE',  ( 0.6490492940847852887, 0.9999606299212602245, -0.8079466562738653046 ) ) ;
#4139 = CARTESIAN_POINT ( 'NONE',  ( 0.7345618199175575347, 1.000000000000000000, -0.8625437068443827515 ) ) ;
#4140 = CARTESIAN_POINT ( 'NONE',  ( 0.5291822973143083253, 1.000000000000000222, -0.8417944808648570865 ) ) ;
#4141 = CARTESIAN_POINT ( 'NONE',  ( 0.6614196435358249415, 1.000000000000000000, -0.8873176713681779626 ) ) ;
#4142 = CARTESIAN_POINT ( 'NONE',  ( 0.6801716670200932402, 1.000000000000000222, -0.7997523659885155123 ) ) ;
#4143 = CARTESIAN_POINT ( 'NONE',  ( 0.7082342803950923971, 1.000000000000000000, -0.8019907281758515971 ) ) ;
#4144 = ORIENTED_EDGE ( 'NONE', *, *, #5321, .T. ) ;
#4145 = CARTESIAN_POINT ( 'NONE',  ( 0.8111322253087638323, 0.9999999999999995559, -0.8455842042894221589 ) ) ;
#4146 = PLANE ( 'NONE',  #4523 ) ;
#4147 = CARTESIAN_POINT ( 'NONE',  ( 0.7427572632841946687, 1.000000000000000222, -0.8790268463394927956 ) ) ;
#4148 = B_SPLINE_SURFACE_WITH_KNOTS ( 'NONE', 3, 1, ( 
 ( #2413, #2392 ),
 ( #2599, #3677 ),
 ( #6393, #6906 ),
 ( #3163, #1440 ),
 ( #2573, #1416 ),
 ( #886, #3185 ),
 ( #2553, #4708 ),
 ( #343, #4730 ),
 ( #3701, #6933 ),
 ( #6370, #969 ),
 ( #4243, #5831 ),
 ( #6963, #2046 ),
 ( #4159, #921 ),
 ( #5245, #4190 ),
 ( #400, #2523 ),
 ( #6343, #1967 ),
 ( #423, #5782 ),
 ( #4272, #4815 ),
 ( #1517, #3082 ) ),
 .UNSPECIFIED., .F., .F., .F.,
 ( 4, 1, 1, 1, 1, 1, 1, 1, 1, 1, 1, 1, 1, 1, 1, 1, 4 ),
 ( 2, 2 ),
 ( 0.000000000000000000, 0.06282749138135880485, 0.1223726895779770341, 0.1803837658619592277, 0.2364891989894712943, 0.2926289502320359448, 0.3503980605968383122, 0.4101926792197947425, 0.4734229773823797061, 0.5102124852509628550, 0.5552799601987792322, 0.6084730122619794734, 0.6698570376582488883, 0.7400379641843852774, 0.8179174674906523057, 0.9048122599055274939, 1.000000000000000000 ),
 ( 0.000000000000000000, 1.000000000000000000 ),
 .UNSPECIFIED. ) ;
#4149 = CARTESIAN_POINT ( 'NONE',  ( 0.6298170188598737340, 1.000000000000000222, -0.8025962498358740760 ) ) ;
#4150 = DIRECTION ( 'NONE',  ( -0.7071067811865628938, -0.000000000000000000, -0.7071067811865321406 ) ) ;
#4151 = AXIS2_PLACEMENT_3D ( 'NONE', #1592, #6452, #4893 ) ;
#4152 = ORIENTED_EDGE ( 'NONE', *, *, #2738, .F. ) ;
#4153 = CARTESIAN_POINT ( 'NONE',  ( 0.6492100313969567660, 0.9999606299212596694, -0.8628365297406112022 ) ) ;
#4154 = DIRECTION ( 'NONE',  ( -1.000000000000000000, 0.000000000000000000, 0.000000000000000000 ) ) ;
#4155 = VECTOR ( 'NONE', #5727, 39.37007874015748854 ) ;
#4156 = CARTESIAN_POINT ( 'NONE',  ( 0.6669056890068546517, 1.000000000000000000, -0.5063145128993086219 ) ) ;
#4157 = CARTESIAN_POINT ( 'NONE',  ( 0.6572164174530390479, 0.9999999999999998890, -0.8220174347405604376 ) ) ;
#4158 = DIRECTION ( 'NONE',  ( -0.4999999999999957256, -0.7071067811865535679, 0.4999999999999957256 ) ) ;
#4159 = CARTESIAN_POINT ( 'NONE',  ( 0.6893554035575926164, 0.9999606299212601135, -0.8322592030674729191 ) ) ;
#4160 = LINE ( 'NONE', #4995, #2524 ) ;
#4161 = AXIS2_PLACEMENT_3D ( 'NONE', #506, #5968, #4353 ) ;
#4162 = LINE ( 'NONE', #4897, #3040 ) ;
#4163 = ORIENTED_EDGE ( 'NONE', *, *, #3621, .F. ) ;
#4164 = ADVANCED_FACE ( 'NONE', ( #3897 ), #712, .T. ) ;
#4165 = CARTESIAN_POINT ( 'NONE',  ( 0.6467210527339772863, 1.000000000000000222, -0.8182596233304516575 ) ) ;
#4166 = ORIENTED_EDGE ( 'NONE', *, *, #3064, .T. ) ;
#4167 = VERTEX_POINT ( 'NONE', #6103 ) ;
#4168 = FACE_OUTER_BOUND ( 'NONE', #6726, .T. ) ;
#4169 = CARTESIAN_POINT ( 'NONE',  ( 0.7505660169058252507, 1.000000000000000222, -0.8811348107802109419 ) ) ;
#4170 = CARTESIAN_POINT ( 'NONE',  ( 0.8380257162970673468, 1.000000000000000222, -0.8068751373813524141 ) ) ;
#4171 = ORIENTED_EDGE ( 'NONE', *, *, #2480, .F. ) ;
#4173 = FACE_OUTER_BOUND ( 'NONE', #3516, .T. ) ;
#4172 = CARTESIAN_POINT ( 'NONE',  ( 0.6591535153628622634, 0.9999606299212595584, -0.8857465167478716372 ) ) ;
#4174 = CARTESIAN_POINT ( 'NONE',  ( 0.7034170399435336618, 0.9999999999999993339, -0.8374836320127004852 ) ) ;
#4175 = EDGE_LOOP ( 'NONE', ( #2604, #1141, #5574, #6785 ) ) ;
#4176 = LINE ( 'NONE', #135, #3651 ) ;
#4177 = CARTESIAN_POINT ( 'NONE',  ( 0.8133114290965804960, 0.9999606299212597804, -0.8456789336495292853 ) ) ;
#4178 = CARTESIAN_POINT ( 'NONE',  ( 0.5066811870757106373, 1.000000000000000000, -0.3332102154469469002 ) ) ;
#4179 = DIRECTION ( 'NONE',  ( -0.000000000000000000, 1.000000000000000000, -0.000000000000000000 ) ) ;
#4180 = ORIENTED_EDGE ( 'NONE', *, *, #5427, .T. ) ;
#4181 = CARTESIAN_POINT ( 'NONE',  ( 0.7870683348546001490, 1.000000000000000000, -0.8167889596911959149 ) ) ;
#4182 = FACE_OUTER_BOUND ( 'NONE', #108, .T. ) ;
#4183 = DIRECTION ( 'NONE',  ( 0.7071067811865475727, 0.000000000000000000, -0.7071067811865475727 ) ) ;
#4184 = CARTESIAN_POINT ( 'NONE',  ( 0.6150098424463943392, 0.9999999999999998890, -0.8511251954736048786 ) ) ;
#4185 = CARTESIAN_POINT ( 'NONE',  ( 0.6626305879917344654, 1.000000000000000444, -0.8411251867112434777 ) ) ;
#4186 = CARTESIAN_POINT ( 'NONE',  ( 0.6208455904127261338, 0.9999606299212598914, -0.8858395494766578837 ) ) ;
#4187 = CARTESIAN_POINT ( 'NONE',  ( 0.8733126897531563460, 0.9999999999999996669, -0.8774873332112212987 ) ) ;
#4188 = CARTESIAN_POINT ( 'NONE',  ( 0.5403371620901796790, 1.000000000000000222, -0.8759521036879713840 ) ) ;
#4189 = DIRECTION ( 'NONE',  ( -0.000000000000000000, 1.000000000000000000, -0.000000000000000000 ) ) ;
#4190 = CARTESIAN_POINT ( 'NONE',  ( 0.6873375944177732011, 1.000000000000000222, -0.8329585385075675141 ) ) ;
#4191 = CARTESIAN_POINT ( 'NONE',  ( 0.6947288839558277695, 0.9999606299212596694, -0.8880799212838957901 ) ) ;
#4192 = CARTESIAN_POINT ( 'NONE',  ( 0.6698046599048013139, 0.9999606299212597804, -0.7891294942891030617 ) ) ;
#4193 = CARTESIAN_POINT ( 'NONE',  ( 0.6870272143641589224, 1.000000000000000222, -0.8786438570300100226 ) ) ;
#4194 = CARTESIAN_POINT ( 'NONE',  ( 0.8334315328481495255, 0.9999606299212593363, -0.7983918485030624401 ) ) ;
#4195 = CARTESIAN_POINT ( 'NONE',  ( 0.6774302463176601341, 0.9999606299212601135, -0.8916184882352731211 ) ) ;
#4196 = EDGE_CURVE ( 'NONE', #5018, #6451, #5849, .T. ) ;
#4197 = CARTESIAN_POINT ( 'NONE',  ( 0.7765628897788425800, 1.000000000000000000, -0.8010307920775594503 ) ) ;
#4198 = CARTESIAN_POINT ( 'NONE',  ( 0.7113016085947266864, 0.9999606299212595584, -0.8092977747519202181 ) ) ;
#4199 = DIRECTION ( 'NONE',  ( 0.000000000000000000, 0.000000000000000000, -1.000000000000000000 ) ) ;
#4200 = CARTESIAN_POINT ( 'NONE',  ( 0.6961670604443146448, 0.9999606299212597804, -0.8416905498638732608 ) ) ;
#4201 = CARTESIAN_POINT ( 'NONE',  ( 0.6851754897725765847, 1.000000000000000222, -0.8791843116555899673 ) ) ;
#4202 = ORIENTED_EDGE ( 'NONE', *, *, #1135, .F. ) ;
#4203 = ADVANCED_FACE ( 'NONE', ( #5175 ), #2365, .F. ) ;
#4204 = CARTESIAN_POINT ( 'NONE',  ( 0.5483922455262889573, 0.9999606299212598914, -0.8364993518160704911 ) ) ;
#4205 = CARTESIAN_POINT ( 'NONE',  ( 0.7983509859243422824, 0.9999999999999996669, -0.8134881005215410799 ) ) ;
#4206 = CARTESIAN_POINT ( 'NONE',  ( 0.7297403645128291982, 0.9999606299212601135, -0.8102516149981203730 ) ) ;
#4207 = LOCAL_TIME ( 13, 34, 37.00000000000000000, #4978 ) ;
#4208 = DIRECTION ( 'NONE',  ( -0.7071067811865475727, 0.000000000000000000, 0.7071067811865475727 ) ) ;
#4209 = CARTESIAN_POINT ( 'NONE',  ( 0.7753651643796900528, 1.000000000000000000, -0.8537036336987704477 ) ) ;
#4210 = EDGE_CURVE ( 'NONE', #4134, #6565, #6748, .T. ) ;
#4211 = CARTESIAN_POINT ( 'NONE',  ( 0.8826842998019249764, 0.9999606299212597804, -0.8916402558559686220 ) ) ;
#4212 = CARTESIAN_POINT ( 'NONE',  ( 0.6279148028383675362, 1.000000000000000222, -0.8525187524594262101 ) ) ;
#4213 = CARTESIAN_POINT ( 'NONE',  ( 0.7992783991678696909, 1.000000000000000222, -0.8364570287736011744 ) ) ;
#4214 = CARTESIAN_POINT ( 'NONE',  ( 0.7753651643796900528, 0.9999606299212597804, -0.8537036336987704477 ) ) ;
#4215 = FACE_OUTER_BOUND ( 'NONE', #963, .T. ) ;
#4216 = CARTESIAN_POINT ( 'NONE',  ( 0.7093516426380762629, 0.9999606299212598914, -0.8658397141948055431 ) ) ;
#4217 = CARTESIAN_POINT ( 'NONE',  ( 0.8030434377472029928, 0.9999606299212597804, -0.8032718715363469375 ) ) ;
#4218 = CARTESIAN_POINT ( 'NONE',  ( 0.5455788205981677574, 0.9999999999999998890, -0.8522783806427721709 ) ) ;
#4219 = ORIENTED_EDGE ( 'NONE', *, *, #1051, .T. ) ;
#4220 = CARTESIAN_POINT ( 'NONE',  ( 0.7016658453538804352, 0.9999606299212601135, -0.8151745511279236966 ) ) ;
#4221 = LINE ( 'NONE', #2816, #4986 ) ;
#4222 = CARTESIAN_POINT ( 'NONE',  ( 0.7101041423585456869, 0.9999999999999998890, -0.8287453454768844985 ) ) ;
#4223 = DIRECTION ( 'NONE',  ( 0.8628562094610024991, -0.5054494651244481052, 0.000000000000000000 ) ) ;
#4224 = ORIENTED_EDGE ( 'NONE', *, *, #3294, .T. ) ;
#4225 = CARTESIAN_POINT ( 'NONE',  ( 0.8894964243432363915, 0.9999606299212597804, -0.8916402558559686220 ) ) ;
#4226 = CARTESIAN_POINT ( 'NONE',  ( 0.6634330775597121477, 0.9999606299212597804, -0.8741838213431236682 ) ) ;
#4227 = ORIENTED_EDGE ( 'NONE', *, *, #6125, .T. ) ;
#4228 = CARTESIAN_POINT ( 'NONE',  ( 0.6979119214586464448, 0.9999606299212598914, -0.8668925892085056484 ) ) ;
#4229 = CARTESIAN_POINT ( 'NONE',  ( 0.7345411094758121928, 0.9999606299212597804, -0.8601239206286958039 ) ) ;
#4230 = CARTESIAN_POINT ( 'NONE',  ( 0.7995429467746849594, 0.9999606299212595584, -0.8094554972446074137 ) ) ;
#4231 = CARTESIAN_POINT ( 'NONE',  ( 0.7406117543479000531, 0.9999606299212596694, -0.8237992485957675859 ) ) ;
#4232 = CARTESIAN_POINT ( 'NONE',  ( 0.7061398606158038049, 0.9999606299212601135, -0.8349144278522555584 ) ) ;
#4233 = VERTEX_POINT ( 'NONE', #4572 ) ;
#4234 = ORIENTED_EDGE ( 'NONE', *, *, #2022, .T. ) ;
#4235 = CARTESIAN_POINT ( 'NONE',  ( 0.6610654199394738750, 0.9999606299212596694, -0.8419815077369885437 ) ) ;
#4236 = CARTESIAN_POINT ( 'NONE',  ( 0.6819990479916574477, 0.9999606299212596694, -0.8459956272793259791 ) ) ;
#4237 = EDGE_CURVE ( 'NONE', #178, #6657, #1907, .T. ) ;
#4238 = ORIENTED_EDGE ( 'NONE', *, *, #4948, .F. ) ;
#4239 = DIRECTION ( 'NONE',  ( 0.000000000000000000, 0.000000000000000000, -1.000000000000000000 ) ) ;
#4240 = CARTESIAN_POINT ( 'NONE',  ( 0.5327533902458122528, 0.9999999999999998890, -0.8900860171702897894 ) ) ;
#4241 = EDGE_CURVE ( 'NONE', #2786, #706, #2468, .T. ) ;
#4242 = CARTESIAN_POINT ( 'NONE',  ( 0.3054552237685526639, 0.9999606299212597804, -0.5063989121866298015 ) ) ;
#4243 = CARTESIAN_POINT ( 'NONE',  ( 0.6925173722067974325, 0.9999606299212598914, -0.8309934817907030924 ) ) ;
#4244 = CARTESIAN_POINT ( 'NONE',  ( 0.7715891625142065058, 0.9999606299212595584, -0.8444898201653916470 ) ) ;
#4245 = CARTESIAN_POINT ( 'NONE',  ( 0.5822121558773274419, 1.000000000000000000, -0.8483052949184685110 ) ) ;
#4246 = EDGE_CURVE ( 'NONE', #2586, #306, #200, .T. ) ;
#4247 = CARTESIAN_POINT ( 'NONE',  ( 0.6472160292147318694, 0.9999999999999998890, -0.8146131129823395156 ) ) ;
#4248 = CARTESIAN_POINT ( 'NONE',  ( 0.7975737799303576070, 0.9999606299212597804, -0.8181021403256655278 ) ) ;
#4249 = CARTESIAN_POINT ( 'NONE',  ( 0.5467400692296846554, 1.000000000000000222, -0.8597129257055334817 ) ) ;
#4250 = CARTESIAN_POINT ( 'NONE',  ( 0.6467210527339772863, 0.9999606299212598914, -0.8182596233304516575 ) ) ;
#4251 = VECTOR ( 'NONE', #3057, 39.37007874015748143 ) ;
#4252 = DIRECTION ( 'NONE',  ( -0.000000000000000000, 1.000000000000000000, -0.000000000000000000 ) ) ;
#4253 = CARTESIAN_POINT ( 'NONE',  ( 0.8122843743570313801, 0.9999999999999998890, -0.7879236972019343366 ) ) ;
#4254 = PLANE ( 'NONE',  #5147 ) ;
#4255 = CARTESIAN_POINT ( 'NONE',  ( 0.6596898133110393747, 0.9999606299212597804, -0.8636941304786603935 ) ) ;
#4256 = VECTOR ( 'NONE', #521, 39.37007874015748143 ) ;
#4257 = CARTESIAN_POINT ( 'NONE',  ( 0.8304032957921000380, 1.000000000000000000, -0.8230676045997541435 ) ) ;
#4258 = FACE_OUTER_BOUND ( 'NONE', #5567, .T. ) ;
#4259 = CARTESIAN_POINT ( 'NONE',  ( 0.8999056890068602987, 1.000000000000000000, -0.4971109695922215632 ) ) ;
#4260 = EDGE_LOOP ( 'NONE', ( #6047, #5733, #5983, #1796 ) ) ;
#4261 = VECTOR ( 'NONE', #484, 39.37007874015748854 ) ;
#4262 = CARTESIAN_POINT ( 'NONE',  ( 0.8020038928504341635, 0.9999606299212598914, -0.8045600056511554854 ) ) ;
#4263 = CARTESIAN_POINT ( 'NONE',  ( 0.7227199909194933491, 0.9999606299212598914, -0.7898279662150948788 ) ) ;
#4264 = VERTEX_POINT ( 'NONE', #184 ) ;
#4265 = LINE ( 'NONE', #3443, #5516 ) ;
#4266 = LINE ( 'NONE', #799, #1668 ) ;
#4267 = CARTESIAN_POINT ( 'NONE',  ( 0.6144882098178690022, 0.9999999999999998890, -0.8345094157865492468 ) ) ;
#4268 = VERTEX_POINT ( 'NONE', #5170 ) ;
#4269 = CARTESIAN_POINT ( 'NONE',  ( 0.8661727877379903351, 0.9999606299212595584, -0.8708697885855996024 ) ) ;
#4270 = CARTESIAN_POINT ( 'NONE',  ( 0.5285778706073609445, 0.9999999999999998890, -0.8785046558439243425 ) ) ;
#4271 = LINE ( 'NONE', #4527, #6599 ) ;
#4272 = CARTESIAN_POINT ( 'NONE',  ( 0.6775143704743910034, 0.9999606299212597804, -0.8358673464491107596 ) ) ;
#4273 = EDGE_LOOP ( 'NONE', ( #4566, #538, #7031, #482, #4953, #6673 ) ) ;
#4274 = CARTESIAN_POINT ( 'NONE',  ( 0.7762840642732415919, 0.9999606299212596694, -0.8584576424867981226 ) ) ;
#4275 = CARTESIAN_POINT ( 'NONE',  ( 0.6007608323392118477, 1.000000000000000000, -0.8483052949184685110 ) ) ;
#4276 = AXIS2_PLACEMENT_3D ( 'NONE', #1460, #4865, #3106 ) ;
#4277 = EDGE_LOOP ( 'NONE', ( #47, #3910, #569, #802 ) ) ;
#4278 = CARTESIAN_POINT ( 'NONE',  ( 0.7978882134242424318, 0.9999606299212598914, -0.8157376284004128619 ) ) ;
#4279 = FACE_OUTER_BOUND ( 'NONE', #6999, .T. ) ;
#4280 = CARTESIAN_POINT ( 'NONE',  ( 0.6519410977245277961, 0.9999606299212598914, -0.8020705669904442114 ) ) ;
#4281 = CARTESIAN_POINT ( 'NONE',  ( 0.6288832631348929558, 1.000000000000000444, -0.8753246485312685676 ) ) ;
#4282 = CARTESIAN_POINT ( 'NONE',  ( 0.8056943205540838537, 0.9999606299212593363, -0.7889208000954396338 ) ) ;
#4283 = CARTESIAN_POINT ( 'NONE',  ( 0.8181159161351605480, 0.9999606299212595584, -0.7992905953222593229 ) ) ;
#4284 = DIRECTION ( 'NONE',  ( 0.000000000000000000, -1.000000000000000000, -0.000000000000000000 ) ) ;
#4285 = VERTEX_POINT ( 'NONE', #780 ) ;
#4286 = CARTESIAN_POINT ( 'NONE',  ( 0.5503118313162933539, 0.9999606299212598914, -0.8385645700545302228 ) ) ;
#4287 = CARTESIAN_POINT ( 'NONE',  ( 0.5454173292357670233, 1.000000000000000000, -0.1495351693177177088 ) ) ;
#4288 = DIRECTION ( 'NONE',  ( -0.000000000000000000, 0.000000000000000000, 1.000000000000000000 ) ) ;
#4289 = CARTESIAN_POINT ( 'NONE',  ( 0.8303553547571921323, 0.9999606299212598914, -0.8256301916484224401 ) ) ;
#4290 = DIRECTION ( 'NONE',  ( -0.000000000000000000, 0.000000000000000000, -1.000000000000000000 ) ) ;
#4291 = ORIENTED_EDGE ( 'NONE', *, *, #6734, .T. ) ;
#4292 = EDGE_CURVE ( 'NONE', #4507, #6373, #6939, .T. ) ;
#4293 = CARTESIAN_POINT ( 'NONE',  ( 0.6812752199901351835, 1.000000000000000000, -0.7997176114430898375 ) ) ;
#4294 = CARTESIAN_POINT ( 'NONE',  ( 0.5253760565416858430, 0.9999606299212597804, -0.8903270752214988981 ) ) ;
#4295 = CARTESIAN_POINT ( 'NONE',  ( 0.6706410640585741545, 0.9999606299212598914, -0.8787274383127279265 ) ) ;
#4296 = CARTESIAN_POINT ( 'NONE',  ( 0.8404856034602981030, 0.9999606299212601135, -0.8165722899721367112 ) ) ;
#4297 = ORIENTED_EDGE ( 'NONE', *, *, #5658, .F. ) ;
#4298 = CARTESIAN_POINT ( 'NONE',  ( 0.8047927355881713263, 1.000000000000000000, -0.8540273575926122795 ) ) ;
#4299 = CARTESIAN_POINT ( 'NONE',  ( 0.5253760565416858430, 0.9999606299212597804, -0.8903270752214988981 ) ) ;
#4300 = CARTESIAN_POINT ( 'NONE',  ( 0.8131472815172717805, 0.9999606299212598914, -0.7878989857328626556 ) ) ;
#4301 = CARTESIAN_POINT ( 'NONE',  ( 0.8164758996067921215, 1.000000000000000222, -0.7987828606274613996 ) ) ;
#4302 = CARTESIAN_POINT ( 'NONE',  ( 0.6666480682162392313, 0.9999606299212598914, -0.7901362017635119583 ) ) ;
#4303 = EDGE_CURVE ( 'NONE', #5006, #4507, #6016, .T. ) ;
#4304 = CARTESIAN_POINT ( 'NONE',  ( 0.6018831325039580848, 1.000000000000000222, -0.8483134121915056891 ) ) ;
#4305 = CARTESIAN_POINT ( 'NONE',  ( 0.8826842998019249764, 0.9999606299212597804, -0.8916402558559686220 ) ) ;
#4306 = LINE ( 'NONE', #3087, #6301 ) ;
#4307 = AXIS2_PLACEMENT_3D ( 'NONE', #3534, #3011, #3591 ) ;
#4308 = CARTESIAN_POINT ( 'NONE',  ( 0.6202088749649572463, 0.9999999999999998890, -0.8657592348341839328 ) ) ;
#4309 = CARTESIAN_POINT ( 'NONE',  ( 0.6325956309625537788, 1.000000000000000444, -0.8102125922393977886 ) ) ;
#4310 = VECTOR ( 'NONE', #3157, 39.37007874015748143 ) ;
#4311 = AXIS2_PLACEMENT_3D ( 'NONE', #4603, #6190, #2952 ) ;
#4312 = CARTESIAN_POINT ( 'NONE',  ( 0.8243355984494754596, 0.9999606299212595584, -0.8411499578510847064 ) ) ;
#4313 = CARTESIAN_POINT ( 'NONE',  ( 0.8050630132363176816, 0.9999606299212597804, -0.8771952688768018813 ) ) ;
#4314 = CARTESIAN_POINT ( 'NONE',  ( 0.5272296883617476615, 0.9999999999999998890, -0.8785071473688054189 ) ) ;
#4315 = ORIENTED_EDGE ( 'NONE', *, *, #1784, .T. ) ;
#4316 = CARTESIAN_POINT ( 'NONE',  ( 0.7277196091013499180, 1.000000000000000222, -0.8772919511937382619 ) ) ;
#4317 = ORIENTED_EDGE ( 'NONE', *, *, #4561, .F. ) ;
#4318 = CARTESIAN_POINT ( 'NONE',  ( 0.8012671004648037609, 0.9999606299212597804, -0.8522243183744641071 ) ) ;
#4319 = CARTESIAN_POINT ( 'NONE',  ( 0.6229207555458879941, 1.000000000000000000, -0.8188202859851411164 ) ) ;
#4320 = CARTESIAN_POINT ( 'NONE',  ( 0.7883815154890697618, 0.9999606299212597804, -0.8372048148677169177 ) ) ;
#4321 = ORIENTED_EDGE ( 'NONE', *, *, #459, .F. ) ;
#4322 = CARTESIAN_POINT ( 'NONE',  ( 0.6812752199901351835, 1.000000000000000000, -0.7997176114430898375 ) ) ;
#4323 = VERTEX_POINT ( 'NONE', #4126 ) ;
#4324 = CARTESIAN_POINT ( 'NONE',  ( 0.6091497356444605105, 0.9999606299210463956, -0.8487548938503477469 ) ) ;
#4325 = ORIENTED_EDGE ( 'NONE', *, *, #2854, .F. ) ;
#4326 = DIRECTION ( 'NONE',  ( 0.7071067811865534569, -2.884444029575295681E-16, 0.7071067811865413555 ) ) ;
#4327 = DIRECTION ( 'NONE',  ( 1.240003739746282523E-14, -0.8628562094610178201, -0.5054494651244217929 ) ) ;
#4328 = CARTESIAN_POINT ( 'NONE',  ( 0.6664466469950878214, 0.9999606299212602245, -0.8897739807944798907 ) ) ;
#4329 = ORIENTED_EDGE ( 'NONE', *, *, #3274, .F. ) ;
#4330 = CARTESIAN_POINT ( 'NONE',  ( 0.5568768515468544011, 1.000000000000000222, -0.8544980232573418100 ) ) ;
#4331 = CARTESIAN_POINT ( 'NONE',  ( 0.7761782938154014877, 0.9999606299212598914, -0.8686523912574353190 ) ) ;
#4332 = DIRECTION ( 'NONE',  ( -0.000000000000000000, 1.000000000000000000, -0.000000000000000000 ) ) ;
#4333 = CARTESIAN_POINT ( 'NONE',  ( 0.7616093935533786441, 0.9999606299212596694, -0.8762234252958760461 ) ) ;
#4334 = CARTESIAN_POINT ( 'NONE',  ( 0.7737946504668669068, 0.9999606299212601135, -0.8490610989751981030 ) ) ;
#4335 = EDGE_CURVE ( 'NONE', #2375, #1925, #2184, .T. ) ;
#4336 = VERTEX_POINT ( 'NONE', #5679 ) ;
#4337 = LINE ( 'NONE', #1886, #4155 ) ;
#4338 = CARTESIAN_POINT ( 'NONE',  ( 0.1003966783382542194, 0.9999606299212597804, -0.5063989121866298015 ) ) ;
#4339 = PLANE ( 'NONE',  #1028 ) ;
#4340 = ADVANCED_FACE ( 'NONE', ( #4942 ), #2475, .T. ) ;
#4341 = LINE ( 'NONE', #4110, #3736 ) ;
#4342 = FACE_BOUND ( 'NONE', #2529, .T. ) ;
#4343 = EDGE_LOOP ( 'NONE', ( #6819, #1807, #2357, #5667 ) ) ;
#4344 = CARTESIAN_POINT ( 'NONE',  ( 0.6075359376047169135, 1.000000000000000000, -0.8901594018174896483 ) ) ;
#4345 = ORIENTED_EDGE ( 'NONE', *, *, #609, .F. ) ;
#4346 = VECTOR ( 'NONE', #6062, 39.37007874015748143 ) ;
#4347 = DIRECTION ( 'NONE',  ( 0.000000000000000000, -1.000000000000000000, 0.000000000000000000 ) ) ;
#4348 = DIRECTION ( 'NONE',  ( 0.000000000000000000, 0.5054494651244217929, -0.8628562094610178201 ) ) ;
#4349 = ORIENTED_EDGE ( 'NONE', *, *, #5905, .F. ) ;
#4350 = VECTOR ( 'NONE', #5776, 39.37007874015748143 ) ;
#4351 = CARTESIAN_POINT ( 'NONE',  ( 0.6692318982681991768, 0.9999606299212596694, -0.8906057877633354325 ) ) ;
#4352 = EDGE_CURVE ( 'NONE', #4908, #1567, #6587, .T. ) ;
#4353 = DIRECTION ( 'NONE',  ( 0.9238795325112830747, 0.3826834323650984415, 0.000000000000000000 ) ) ;
#4354 = VERTEX_POINT ( 'NONE', #1928 ) ;
#4355 = CARTESIAN_POINT ( 'NONE',  ( 0.7277196091013499180, 0.9999606299212598914, -0.8772919511937382619 ) ) ;
#4356 = VECTOR ( 'NONE', #4435, 39.37007874015748143 ) ;
#4357 = CARTESIAN_POINT ( 'NONE',  ( 0.7988869605648273309, 1.000000000000000000, -0.8357069682065249028 ) ) ;
#4358 = VERTEX_POINT ( 'NONE', #1952 ) ;
#4359 = CARTESIAN_POINT ( 'NONE',  ( 0.8200802496274429698, 1.000000000000000000, -0.8442425063963516774 ) ) ;
#4360 = ORIENTED_EDGE ( 'NONE', *, *, #2246, .F. ) ;
#4361 = CARTESIAN_POINT ( 'NONE',  ( 0.5415856299984210809, 0.9999606299212597804, -0.8883778227172078878 ) ) ;
#4362 = ADVANCED_FACE ( 'NONE', ( #2707 ), #5762, .T. ) ;
#4363 = CARTESIAN_POINT ( 'NONE',  ( 0.6951848192596311593, 0.9999606299212597804, -0.8421157516830495293 ) ) ;
#4364 = CARTESIAN_POINT ( 'NONE',  ( 0.6112526865241931784, 0.9999999999999998890, -0.8016584573468257258 ) ) ;
#4365 = CARTESIAN_POINT ( 'NONE',  ( 0.6301317277733514688, 0.9999606299212598914, -0.8583941672233812437 ) ) ;
#4366 = LINE ( 'NONE', #383, #2723 ) ;
#4367 = PLANE ( 'NONE',  #2785 ) ;
#4368 = CARTESIAN_POINT ( 'NONE',  ( 0.6018831325039580848, 1.000000000000000222, -0.8483134121915056891 ) ) ;
#4369 = CARTESIAN_POINT ( 'NONE',  ( 0.6801716670200932402, 0.9999606299212598914, -0.7997523659885155123 ) ) ;
#4370 = CARTESIAN_POINT ( 'NONE',  ( 0.6829335558508707882, 1.000000000000000000, -0.8915172002585354250 ) ) ;
#4371 = VERTEX_POINT ( 'NONE', #6325 ) ;
#4372 = CARTESIAN_POINT ( 'NONE',  ( 0.6150900134109537065, 1.000000000000000222, -0.8887350664976129133 ) ) ;
#4373 = CARTESIAN_POINT ( 'NONE',  ( 0.6596898133110393747, 0.9999606299212597804, -0.8636941304786603935 ) ) ;
#4374 = ORIENTED_EDGE ( 'NONE', *, *, #1520, .T. ) ;
#4375 = EDGE_LOOP ( 'NONE', ( #5772, #3338, #3872, #6421 ) ) ;
#4376 = CARTESIAN_POINT ( 'NONE',  ( 0.6764533848479417077, 0.9999606299212597804, -0.8361583740496238981 ) ) ;
#4377 = EDGE_CURVE ( 'NONE', #1082, #5788, #719, .T. ) ;
#4378 = CARTESIAN_POINT ( 'NONE',  ( 0.9999999999999998890, 0.007874015748031175030, -0.007874015748032028514 ) ) ;
#4379 = EDGE_CURVE ( 'NONE', #1295, #4371, #3576, .T. ) ;
#4380 = VERTEX_POINT ( 'NONE', #3032 ) ;
#4381 = EDGE_CURVE ( 'NONE', #267, #4668, #795, .T. ) ;
#4382 = CARTESIAN_POINT ( 'NONE',  ( 0.8292356529404493193, 1.000000000000000222, -0.8325900822582182892 ) ) ;
#4383 = CARTESIAN_POINT ( 'NONE',  ( 0.7616093935533786441, 1.000000000000000000, -0.8762234252958760461 ) ) ;
#4384 = CARTESIAN_POINT ( 'NONE',  ( 0.7684097941636351958, 1.000000000000000444, -0.8850337923727090716 ) ) ;
#4385 = CARTESIAN_POINT ( 'NONE',  ( 0.3054552237685526639, 0.9999606299212597804, -0.5063989121866298015 ) ) ;
#4386 = CARTESIAN_POINT ( 'NONE',  ( 0.8606987140955579818, 1.000000000000000222, -0.8548495102289500602 ) ) ;
#4387 = CARTESIAN_POINT ( 'NONE',  ( 0.7729353301229352491, 0.9999606299212593363, -0.8785269255378758135 ) ) ;
#4388 = CARTESIAN_POINT ( 'NONE',  ( 0.7242929884615382230, 0.9999606299212601135, -0.7990117204254685301 ) ) ;
#4389 = CARTESIAN_POINT ( 'NONE',  ( 0.6202943942769485464, 1.000000000000000000, -0.8632427246355613981 ) ) ;
#4390 = CARTESIAN_POINT ( 'NONE',  ( 0.7488167913515607621, 1.000000000000000000, -0.8164038082894575776 ) ) ;
#4391 = FACE_OUTER_BOUND ( 'NONE', #750, .T. ) ;
#4392 = CARTESIAN_POINT ( 'NONE',  ( 0.8102929885979633928, 1.000000000000000222, -0.7986897690708553155 ) ) ;
#4393 = B_SPLINE_CURVE_WITH_KNOTS ( 'NONE', 3,
 ( #5910, #4841, #4816, #2725, #6508, #3824, #3210, #5960, #6419, #3281, #4319 ),
 .UNSPECIFIED., .F., .F.,
 ( 4, 1, 1, 1, 1, 1, 1, 1, 4 ),
 ( 0.000000000000000000, 0.1210409259551177147, 0.2361565684961507150, 0.3502598871584625684, 0.4667719731857895016, 0.5882478153244237173, 0.7153606937404149990, 0.8524502302519096908, 1.000000000000000000 ),
 .UNSPECIFIED. ) ;
#4394 = ADVANCED_FACE ( 'NONE', ( #2530 ), #5418, .T. ) ;
#4395 = CARTESIAN_POINT ( 'NONE',  ( 0.6055449592480123266, 0.9999606299212596694, -0.8783459343720481094 ) ) ;
#4396 = ORIENTED_EDGE ( 'NONE', *, *, #146, .F. ) ;
#4397 = CARTESIAN_POINT ( 'NONE',  ( 0.6202716985600887911, 0.9999999999999998890, -0.8623241402846539838 ) ) ;
#4398 = CC_DESIGN_PERSON_AND_ORGANIZATION_ASSIGNMENT ( #836, #1150, ( #4520 ) ) ;
#4399 = FACE_OUTER_BOUND ( 'NONE', #4605, .T. ) ;
#4400 = CARTESIAN_POINT ( 'NONE',  ( 0.5483922455262889573, 1.000000000000000222, -0.8364993518160704911 ) ) ;
#4401 = CARTESIAN_POINT ( 'NONE',  ( 0.4942290533678576625, 1.000000000000000000, -0.7892121663673321574 ) ) ;
#4402 = VERTEX_POINT ( 'NONE', #6808 ) ;
#4403 = ORIENTED_EDGE ( 'NONE', *, *, #5807, .T. ) ;
#4404 = AXIS2_PLACEMENT_3D ( 'NONE', #2147, #6476, #3243 ) ;
#4405 = CARTESIAN_POINT ( 'NONE',  ( 0.5449961121297485223, 0.9999606299212596694, -0.8868011150367807183 ) ) ;
#4406 = CARTESIAN_POINT ( 'NONE',  ( 0.6132360483666740025, 0.9999606299212597804, -0.8023029358172020231 ) ) ;
#4407 = CARTESIAN_POINT ( 'NONE',  ( 0.7657926022098706653, 1.000000000000000222, -0.8672069193065110593 ) ) ;
#4408 = CARTESIAN_POINT ( 'NONE',  ( 0.5449106273021814273, 0.9999606299209541360, -0.8505763329172455478 ) ) ;
#4409 = CARTESIAN_POINT ( 'NONE',  ( 0.8783458015322024304, 1.000000000000000222, -0.8685735301618215942 ) ) ;
#4410 = CARTESIAN_POINT ( 'NONE',  ( 0.5260736837537477451, 0.9999606299212597804, -0.8299207660358928207 ) ) ;
#4411 = EDGE_LOOP ( 'NONE', ( #3066, #6002, #1673, #5848 ) ) ;
#4412 = CARTESIAN_POINT ( 'NONE',  ( 0.6812752199901351835, 0.9999606299212597804, -0.7997176114430898375 ) ) ;
#4413 = CARTESIAN_POINT ( 'NONE',  ( 0.6947288839558277695, 0.9999999999999998890, -0.8880799212838957901 ) ) ;
#4414 = CARTESIAN_POINT ( 'NONE',  ( 0.8010890508874156657, 0.9999999999999996669, -0.8060360696804270697 ) ) ;
#4415 = CARTESIAN_POINT ( 'NONE',  ( 0.6036546443377976967, 0.9999606299212597804, -0.8784337237097977757 ) ) ;
#4416 = EDGE_LOOP ( 'NONE', ( #86, #962, #2868, #5483 ) ) ;
#4417 = DIRECTION ( 'NONE',  ( 1.000000000000000000, 0.000000000000000000, 0.000000000000000000 ) ) ;
#4418 = LINE ( 'NONE', #859, #2939 ) ;
#4419 = EDGE_CURVE ( 'NONE', #4380, #5449, #2425, .T. ) ;
#4420 = CARTESIAN_POINT ( 'NONE',  ( 0.8304032957921000380, 0.9999606299212597804, -0.8230676045997541435 ) ) ;
#4421 = LINE ( 'NONE', #960, #1148 ) ;
#4422 = VECTOR ( 'NONE', #6106, 39.37007874015748143 ) ;
#4423 = CARTESIAN_POINT ( 'NONE',  ( 0.5570140337114404261, 0.9999999999999998890, -0.8660125429873773983 ) ) ;
#4424 = EDGE_LOOP ( 'NONE', ( #5160, #4202, #6916, #5101 ) ) ;
#4425 = CARTESIAN_POINT ( 'NONE',  ( 0.7113016085947266864, 0.9999606299212595584, -0.8092977747519202181 ) ) ;
#4426 = CARTESIAN_POINT ( 'NONE',  ( 0.7635605713388142757, 0.9999999999999998890, -0.8735903743797991394 ) ) ;
#4427 = LINE ( 'NONE', #6635, #5350 ) ;
#4428 = ADVANCED_FACE ( 'NONE', ( #882 ), #4917, .T. ) ;
#4429 = CARTESIAN_POINT ( 'NONE',  ( 0.5375261915353468645, 1.000000000000000222, -0.8435241733517401252 ) ) ;
#4430 = ORIENTED_EDGE ( 'NONE', *, *, #4032, .F. ) ;
#4431 = LINE ( 'NONE', #6307, #2014 ) ;
#4432 = CARTESIAN_POINT ( 'NONE',  ( 0.7616093935533786441, 0.9999606299212596694, -0.8762234252958760461 ) ) ;
#4433 = EDGE_CURVE ( 'NONE', #4568, #3582, #1742, .T. ) ;
#4434 = LINE ( 'NONE', #954, #3217 ) ;
#4435 = DIRECTION ( 'NONE',  ( -0.000000000000000000, 1.000000000000000000, -0.000000000000000000 ) ) ;
#4436 = ORIENTED_EDGE ( 'NONE', *, *, #5416, .T. ) ;
#4437 = PLANE ( 'NONE',  #5424 ) ;
#4438 = VECTOR ( 'NONE', #2323, 39.37007874015748854 ) ;
#4439 = DIRECTION ( 'NONE',  ( 0.4832823832550008913, -0.000000000000000000, 0.8754645270000186441 ) ) ;
#4441 = EDGE_LOOP ( 'NONE', ( #4771, #6567, #4456, #2847 ) ) ;
#4440 = AXIS2_PLACEMENT_3D ( 'NONE', #5266, #4183, #6867 ) ;
#4442 = CARTESIAN_POINT ( 'NONE',  ( 0.8116548194316139941, 0.9999999999999998890, -0.7984545849793914796 ) ) ;
#4443 = ORIENTED_EDGE ( 'NONE', *, *, #3536, .T. ) ;
#4444 = CARTESIAN_POINT ( 'NONE',  ( 0.6140771803507344417, 0.9999606299212597804, -0.8763652889079717179 ) ) ;
#4445 = LINE ( 'NONE', #5141, #3246 ) ;
#4446 = EDGE_CURVE ( 'NONE', #3851, #2586, #4679, .T. ) ;
#4447 = CARTESIAN_POINT ( 'NONE',  ( 0.6156452009227151301, 0.9999606299212597804, -0.8752600690818127527 ) ) ;
#4448 = CARTESIAN_POINT ( 'NONE',  ( 0.6687344524619661668, 1.000000000000000000, -0.8498824165422602661 ) ) ;
#4449 = CARTESIAN_POINT ( 'NONE',  ( 0.5572352147279092671, 0.9999606299212598914, -0.8635547218014715254 ) ) ;
#4450 = DIRECTION ( 'NONE',  ( 0.000000000000000000, 1.000000000000000000, 0.000000000000000000 ) ) ;
#4451 = CARTESIAN_POINT ( 'NONE',  ( 0.5467562787466456742, 0.9999606299209541360, -0.8604727342347270325 ) ) ;
#4452 = ORIENTED_EDGE ( 'NONE', *, *, #4210, .T. ) ;
#4453 = PLANE ( 'NONE',  #1582 ) ;
#4454 = PLANE ( 'NONE',  #2729 ) ;
#4455 = CARTESIAN_POINT ( 'NONE',  ( 0.6788745616427451779, 0.9999606299212597804, -0.8798216301457413291 ) ) ;
#4456 = ORIENTED_EDGE ( 'NONE', *, *, #4971, .T. ) ;
#4457 = CARTESIAN_POINT ( 'NONE',  ( 0.8719642344371589804, 0.9999606299212597804, -0.4935145128993084218 ) ) ;
#4458 = B_SPLINE_CURVE_WITH_KNOTS ( 'NONE', 3,
 ( #4707, #265, #4108, #1867, #6822, #2522, #1414, #6318, #3081, #4652, #1355, #837, #4132, #5730, #2472, #6271, #3026, #2498, #3580 ),
 .UNSPECIFIED., .F., .F.,
 ( 4, 1, 1, 1, 1, 1, 1, 1, 1, 1, 1, 1, 1, 1, 1, 1, 4 ),
 ( 0.000000000000000000, 0.04201179318333966850, 0.08511657970956543195, 0.1300841362207595109, 0.1769659536804752409, 0.2261453228974991958, 0.2772304004651412468, 0.3308011550515152499, 0.3865502460840016807, 0.4458574538040651625, 0.5099817147460025124, 0.5788566239058994256, 0.6532605220228081544, 0.7319176588047652254, 0.8160112270400413648, 0.9052459153235259404, 1.000000000000000000 ),
 .UNSPECIFIED. ) ;
#4459 = CARTESIAN_POINT ( 'NONE',  ( 0.8030434377472029928, 1.000000000000000000, -0.8032718715363469375 ) ) ;
#4460 = CARTESIAN_POINT ( 'NONE',  ( 0.6273265042318205698, 0.9999606299212596694, -0.8784434066740935965 ) ) ;
#4461 = CARTESIAN_POINT ( 'NONE',  ( 0.6961670604443146448, 1.000000000000000000, -0.8416905498638732608 ) ) ;
#4462 = CARTESIAN_POINT ( 'NONE',  ( 0.6124492371076710739, 1.000000000000000444, -0.7899769259086102391 ) ) ;
#4463 = EDGE_CURVE ( 'NONE', #3903, #6919, #5221, .T. ) ;
#4464 = FACE_OUTER_BOUND ( 'NONE', #6061, .T. ) ;
#4465 = CARTESIAN_POINT ( 'NONE',  ( 0.5572617238224032432, 0.9999606299212598914, -0.8610267323148937946 ) ) ;
#4466 = EDGE_CURVE ( 'NONE', #3813, #6284, #1216, .T. ) ;
#4467 = CARTESIAN_POINT ( 'NONE',  ( 0.7121724122900977560, 0.9999606299212598914, -0.8159714876401552575 ) ) ;
#4468 = CARTESIAN_POINT ( 'NONE',  ( 0.5337041415892254115, 0.9999606299209542470, -0.8423579175422329923 ) ) ;
#4469 = CARTESIAN_POINT ( 'NONE',  ( 0.8085194455510876788, 0.9999606299212598914, -0.8552747935226379106 ) ) ;
#4470 = CARTESIAN_POINT ( 'NONE',  ( 0.7566108822338961648, 0.9999606299212597804, -0.8799373532387749774 ) ) ;
#4471 = AXIS2_PLACEMENT_3D ( 'NONE', #3619, #4288, #987 ) ;
#4472 = CARTESIAN_POINT ( 'NONE',  ( 0.7243539646598755599, 0.9999999999999998890, -0.8650212323347966636 ) ) ;
#4473 = CARTESIAN_POINT ( 'NONE',  ( 0.5822121558773274419, 0.9999606299212597804, -0.8785084495112716052 ) ) ;
#4474 = CARTESIAN_POINT ( 'NONE',  ( 0.6228873424737788600, 0.9999606299212596694, -0.8178133828181762821 ) ) ;
#4475 = ORIENTED_EDGE ( 'NONE', *, *, #5871, .T. ) ;
#4476 = ORIENTED_EDGE ( 'NONE', *, *, #828, .T. ) ;
#4477 = CARTESIAN_POINT ( 'NONE',  ( 0.8811235080818567988, 0.9999999999999996669, -0.8880733372494941102 ) ) ;
#4478 = AXIS2_PLACEMENT_3D ( 'NONE', #1270, #1320, #794 ) ;
#4479 = CARTESIAN_POINT ( 'NONE',  ( 0.6288832631348929558, 0.9999606299212603355, -0.8753246485312685676 ) ) ;
#4480 = ORIENTED_EDGE ( 'NONE', *, *, #197, .F. ) ;
#4481 = ORIENTED_EDGE ( 'NONE', *, *, #4241, .F. ) ;
#4482 = CARTESIAN_POINT ( 'NONE',  ( 0.8826842998019249764, 0.9999606299212597804, -0.8916402558559686220 ) ) ;
#4483 = CARTESIAN_POINT ( 'NONE',  ( 0.6511327689333697988, 0.9999999999999996669, -0.8750396132806556038 ) ) ;
#4484 = CARTESIAN_POINT ( 'NONE',  ( 0.6633058361417558668, 1.000000000000000000, -0.8531232346274393308 ) ) ;
#4485 = CARTESIAN_POINT ( 'NONE',  ( 0.5406706571336936662, 0.9999606299212596694, -0.8320204561352398942 ) ) ;
#4486 = CARTESIAN_POINT ( 'NONE',  ( 0.6195146932752324531, 0.9999606299212598914, -0.8437091626978248105 ) ) ;
#4487 = ADVANCED_FACE ( 'NONE', ( #473 ), #4339, .T. ) ;
#4488 = CARTESIAN_POINT ( 'NONE',  ( 0.7765442920983791630, 1.000000000000000222, -0.8642081370348891900 ) ) ;
#4489 = CARTESIAN_POINT ( 'NONE',  ( 0.7992783991678696909, 0.9999606299212598914, -0.8364570287736011744 ) ) ;
#4490 = CARTESIAN_POINT ( 'NONE',  ( 0.7570722884748636305, 1.000000000000000444, -0.8420324026558677621 ) ) ;
#4491 = CARTESIAN_POINT ( 'NONE',  ( 0.6160894753258195911, 0.9999606299212601135, -0.8335992047502248647 ) ) ;
#4492 = CARTESIAN_POINT ( 'NONE',  ( 0.5467085976091365929, 0.9999606299212596694, -0.8582377179138638290 ) ) ;
#4493 = SECURITY_CLASSIFICATION_LEVEL ( 'unclassified' ) ;
#4494 = CARTESIAN_POINT ( 'NONE',  ( 0.005567769930602607317, 0.007874015748031721468, -0.9944322300693974048 ) ) ;
#4495 = EDGE_LOOP ( 'NONE', ( #6320, #6665, #455, #1125 ) ) ;
#4496 = FACE_OUTER_BOUND ( 'NONE', #2613, .T. ) ;
#4497 = CARTESIAN_POINT ( 'NONE',  ( 0.8663189268610997917, 0.9999999999999998890, -0.8583001028979616587 ) ) ;
#4498 = EDGE_CURVE ( 'NONE', #580, #1287, #1912, .T. ) ;
#4499 = FACE_OUTER_BOUND ( 'NONE', #5619, .T. ) ;
#4500 = VECTOR ( 'NONE', #5073, 39.37007874015748143 ) ;
#4501 = VERTEX_POINT ( 'NONE', #2728 ) ;
#4502 = EDGE_CURVE ( 'NONE', #3466, #6258, #6658, .T. ) ;
#4503 = ORIENTED_EDGE ( 'NONE', *, *, #1625, .F. ) ;
#4504 = CARTESIAN_POINT ( 'NONE',  ( 0.6847719099614063554, 1.000000000000000222, -0.8452681109666898562 ) ) ;
#4505 = LINE ( 'NONE', #175, #1502 ) ;
#4506 = CARTESIAN_POINT ( 'NONE',  ( 0.6028331955279843113, 1.000000000000000222, -0.7892121663673321574 ) ) ;
#4507 = VERTEX_POINT ( 'NONE', #5534 ) ;
#4508 = CARTESIAN_POINT ( 'NONE',  ( 0.5519408021102324424, 0.9999606299212596694, -0.8408334392162400972 ) ) ;
#4509 = VECTOR ( 'NONE', #1765, 39.37007874015748143 ) ;
#4510 = CARTESIAN_POINT ( 'NONE',  ( 0.8131472815172717805, 1.000000000000000222, -0.7878989857328626556 ) ) ;
#4511 = VERTEX_POINT ( 'NONE', #3852 ) ;
#4512 = FACE_BOUND ( 'NONE', #2685, .T. ) ;
#4513 = CARTESIAN_POINT ( 'NONE',  ( 1.000000000000000222, 0.9921259842519686289, -1.000000000000000222 ) ) ;
#4514 = CARTESIAN_POINT ( 'NONE',  ( 0.6472160292147318694, 0.9999999999999998890, -0.8146131129823395156 ) ) ;
#4515 = CARTESIAN_POINT ( 'NONE',  ( 0.4938811870757103262, 1.000000000000000000, -0.3332102154469469002 ) ) ;
#4516 = DIRECTION ( 'NONE',  ( -0.000000000000000000, 1.000000000000000000, -0.000000000000000000 ) ) ;
#4517 = ORIENTED_EDGE ( 'NONE', *, *, #547, .F. ) ;
#4518 = CARTESIAN_POINT ( 'NONE',  ( 0.6174351665782740195, 1.000000000000000222, -0.8046743204395842008 ) ) ;
#4519 = VECTOR ( 'NONE', #1900, 39.37007874015748143 ) ;
#4520 = PRODUCT_DEFINITION ( 'UNKNOWN', '', #5030, #2980 ) ;
#4521 = CARTESIAN_POINT ( 'NONE',  ( 0.7340454559242571841, 1.000000000000000222, -0.8858576064929593041 ) ) ;
#4522 = ADVANCED_FACE ( 'NONE', ( #7014 ), #4437, .T. ) ;
#4523 = AXIS2_PLACEMENT_3D ( 'NONE', #1370, #3072, #6836 ) ;
#4524 = DIRECTION ( 'NONE',  ( -0.7071067811865474617, 0.000000000000000000, -0.7071067811865474617 ) ) ;
#4525 = ORIENTED_EDGE ( 'NONE', *, *, #5186, .F. ) ;
#4526 = CARTESIAN_POINT ( 'NONE',  ( 0.6179632165940552868, 1.000000000000000000, -0.8540365773140662364 ) ) ;
#4527 = CARTESIAN_POINT ( 'NONE',  ( 0.007874015748031584425, 0.9921259842519684069, -2.049995136288950548E-19 ) ) ;
#4528 = CARTESIAN_POINT ( 'NONE',  ( 0.8408313920581164114, 1.000000000000000000, -0.8272189350485392723 ) ) ;
#4529 = ORIENTED_EDGE ( 'NONE', *, *, #3490, .F. ) ;
#4530 = CARTESIAN_POINT ( 'NONE',  ( 0.6819551955684837186, 0.9999606299212598914, -0.7879380682704392180 ) ) ;
#4531 = CARTESIAN_POINT ( 'NONE',  ( 0.6687344524619661668, 0.9999606299212597804, -0.8498824165422602661 ) ) ;
#4532 = DIRECTION ( 'NONE',  ( -0.000000000000000000, 1.000000000000000000, -0.000000000000000000 ) ) ;
#4533 = CARTESIAN_POINT ( 'NONE',  ( 0.7549371892924866545, 0.9999606299212596694, -0.8393649343690235964 ) ) ;
#4534 = CARTESIAN_POINT ( 'NONE',  ( 0.1003966783382542194, 0.9999606299212597804, -0.5063989121866298015 ) ) ;
#4535 = ORIENTED_EDGE ( 'NONE', *, *, #4041, .T. ) ;
#4536 = CARTESIAN_POINT ( 'NONE',  ( 0.5461215783088000375, 0.9999606299212597804, -0.8541163956984264560 ) ) ;
#4537 = CARTESIAN_POINT ( 'NONE',  ( 0.007874015748031584425, 1.000000000000000000, -2.049995136288944771E-19 ) ) ;
#4538 = B_SPLINE_CURVE_WITH_KNOTS ( 'NONE', 3,
 ( #6675, #1254, #5103, #2941, #3476, #3514, #2405, #778, #3496, #4616, #5675 ),
 .UNSPECIFIED., .F., .F.,
 ( 4, 1, 1, 1, 1, 1, 1, 1, 4 ),
 ( 0.000000000000000000, 0.1210409259551177147, 0.2361565684961507150, 0.3502598871584625684, 0.4667719731857895016, 0.5882478153244237173, 0.7153606937404149990, 0.8524502302519096908, 1.000000000000000000 ),
 .UNSPECIFIED. ) ;
#4539 = LINE ( 'NONE', #7034, #591 ) ;
#4540 = CARTESIAN_POINT ( 'NONE',  ( 0.8579800891159637954, 1.000000000000000000, -0.8653766431665746994 ) ) ;
#4541 = CARTESIAN_POINT ( 'NONE',  ( 0.8663189268610997917, 0.9999606299212596694, -0.8583001028979616587 ) ) ;
#4542 = FACE_OUTER_BOUND ( 'NONE', #1132, .T. ) ;
#4543 = CARTESIAN_POINT ( 'NONE',  ( 0.6604096109879394882, 0.9999606299212596694, -0.8578726677132449963 ) ) ;
#4544 = CARTESIAN_POINT ( 'NONE',  ( 0.6536251328669437921, 1.000000000000000000, -0.8797645298054748153 ) ) ;
#4545 = ORIENTED_EDGE ( 'NONE', *, *, #3103, .T. ) ;
#4546 = CARTESIAN_POINT ( 'NONE',  ( 0.6091497356444605105, 0.9999606299212597804, -0.8487548938503477469 ) ) ;
#4547 = EDGE_CURVE ( 'NONE', #4668, #4747, #2516, .T. ) ;
#4548 = VECTOR ( 'NONE', #245, 39.37007874015748143 ) ;
#4549 = ADVANCED_FACE ( 'NONE', ( #288 ), #2418, .T. ) ;
#4550 = DIRECTION ( 'NONE',  ( -1.000000000000000000, 0.000000000000000000, 0.000000000000000000 ) ) ;
#4551 = EDGE_LOOP ( 'NONE', ( #4061, #6840, #4234, #5922 ) ) ;
#4552 = CARTESIAN_POINT ( 'NONE',  ( 0.7014205899378095355, 1.000000000000000000, -0.8133699969989833800 ) ) ;
#4553 = CARTESIAN_POINT ( 'NONE',  ( 0.6490492940847852887, 1.000000000000000444, -0.8079466562738653046 ) ) ;
#4554 = ORIENTED_EDGE ( 'NONE', *, *, #839, .F. ) ;
#4555 = CARTESIAN_POINT ( 'NONE',  ( 0.6206037686288503608, 0.9999999999999996669, -0.8287138894630317054 ) ) ;
#4556 = CARTESIAN_POINT ( 'NONE',  ( 1.000000000000000222, 0.000000000000000000, -0.9921259842519688510 ) ) ;
#4557 = CARTESIAN_POINT ( 'NONE',  ( 0.6055449592480123266, 0.9999999999999998890, -0.8783459343720481094 ) ) ;
#4558 = CARTESIAN_POINT ( 'NONE',  ( 0.6205115754182020105, 0.9999606299212596694, -0.8083121304628591020 ) ) ;
#4559 = CARTESIAN_POINT ( 'NONE',  ( 0.7509558674066834083, 0.9999606299212597804, -0.8916402558559686220 ) ) ;
#4560 = ORIENTED_EDGE ( 'NONE', *, *, #2028, .T. ) ;
#4561 = EDGE_CURVE ( 'NONE', #5593, #5616, #6253, .T. ) ;
#4562 = CARTESIAN_POINT ( 'NONE',  ( 0.8317407041565176851, 1.000000000000000000, -0.8494571974196916120 ) ) ;
#4563 = CARTESIAN_POINT ( 'NONE',  ( 0.6624842428494703839, 1.000000000000000222, -0.8540863661020755560 ) ) ;
#4564 = CARTESIAN_POINT ( 'NONE',  ( 0.6583010529713259062, 1.000000000000000444, -0.8159289227139038259 ) ) ;
#4565 = CARTESIAN_POINT ( 'NONE',  ( 0.6202285340598476804, 0.9999606299212597804, -0.8605771042830471229 ) ) ;
#4566 = ORIENTED_EDGE ( 'NONE', *, *, #1365, .F. ) ;
#4567 = CARTESIAN_POINT ( 'NONE',  ( 0.5555662179330025374, 1.000000000000000222, -0.8485611053096431267 ) ) ;
#4568 = VERTEX_POINT ( 'NONE', #694 ) ;
#4569 = CARTESIAN_POINT ( 'NONE',  ( 0.5462206844561949826, 0.9999606299212596694, -0.8661164679819240986 ) ) ;
#4570 = FACE_OUTER_BOUND ( 'NONE', #637, .T. ) ;
#4571 = CARTESIAN_POINT ( 'NONE',  ( 0.6228974784046907853, 1.000000000000000222, -0.8197594307340561048 ) ) ;
#4572 = CARTESIAN_POINT ( 'NONE',  ( 0.6132360483666740025, 1.000000000000000000, -0.8023029358172020231 ) ) ;
#4573 = LINE ( 'NONE', #949, #6257 ) ;
#4574 = EDGE_LOOP ( 'NONE', ( #6520, #2342, #1756, #2195 ) ) ;
#4575 = B_SPLINE_CURVE_WITH_KNOTS ( 'NONE', 3,
 ( #2623, #3622, #340, #5800, #3160, #2044, #6367, #5294, #3698, #3127, #6902, #5828, #2570, #3674, #5883 ),
 .UNSPECIFIED., .F., .F.,
 ( 4, 1, 1, 1, 1, 1, 1, 1, 1, 1, 1, 1, 4 ),
 ( 0.000000000000000000, 0.1093800741214252387, 0.2106028248854710239, 0.3040152216769070326, 0.3890488990674318970, 0.4663664913632530329, 0.5360298331844524089, 0.5979862717537249850, 0.6521467510862020145, 0.7493520093192567177, 0.8388265501964041748, 0.9217438124469414795, 1.000000000000000000 ),
 .UNSPECIFIED. ) ;
#4576 = EDGE_LOOP ( 'NONE', ( #445, #2697, #4124, #720 ) ) ;
#4577 = CARTESIAN_POINT ( 'NONE',  ( 0.8304032957921000380, 0.9999606299212597804, -0.8230676045997541435 ) ) ;
#4578 = CARTESIAN_POINT ( 'NONE',  ( 0.6203450460828366930, 0.9999606299212602245, -0.7925952685675000664 ) ) ;
#4579 = FACE_OUTER_BOUND ( 'NONE', #6132, .T. ) ;
#4580 = CARTESIAN_POINT ( 'NONE',  ( 0.6552156077990857197, 1.000000000000000222, -0.8468293919109184387 ) ) ;
#4581 = CARTESIAN_POINT ( 'NONE',  ( 0.7873628360651387936, 0.9999606299212596694, -0.8135304990921058410 ) ) ;
#4582 = DIRECTION ( 'NONE',  ( -0.000000000000000000, 1.000000000000000000, -0.000000000000000000 ) ) ;
#4583 = FACE_OUTER_BOUND ( 'NONE', #2713, .T. ) ;
#4584 = LINE ( 'NONE', #6369, #4660 ) ;
#4585 = ADVANCED_FACE ( 'NONE', ( #4496 ), #2281, .F. ) ;
#4586 = DIRECTION ( 'NONE',  ( -0.4511001660035919292, 0.4511001660035999783, -0.7700761523791374019 ) ) ;
#4587 = EDGE_CURVE ( 'NONE', #4945, #6710, #1576, .T. ) ;
#4588 = EDGE_LOOP ( 'NONE', ( #6495, #811, #1296, #2025, #1639, #6496, #2192 ) ) ;
#4589 = VECTOR ( 'NONE', #1797, 39.37007874015748854 ) ;
#4590 = EDGE_CURVE ( 'NONE', #2845, #3738, #110, .T. ) ;
#4591 = CARTESIAN_POINT ( 'NONE',  ( 0.6629932833446272600, 0.9999606299212597804, -0.8534349067718657311 ) ) ;
#4592 = EDGE_CURVE ( 'NONE', #1319, #580, #5426, .T. ) ;
#4593 = ORIENTED_EDGE ( 'NONE', *, *, #174, .T. ) ;
#4594 = CARTESIAN_POINT ( 'NONE',  ( 0.7294811675641715842, 0.9999606299212597804, -0.8098133648600344126 ) ) ;
#4595 = CARTESIAN_POINT ( 'NONE',  ( 0.6150098424463943392, 0.9999606299212596694, -0.8511251954736048786 ) ) ;
#4596 = VECTOR ( 'NONE', #6893, 39.37007874015748143 ) ;
#4597 = DIRECTION ( 'NONE',  ( 0.000000000000000000, 0.000000000000000000, 1.000000000000000000 ) ) ;
#4598 = CARTESIAN_POINT ( 'NONE',  ( 0.7658966610195915292, 0.9999606299212596694, -0.8599798450585702803 ) ) ;
#4599 = DIRECTION ( 'NONE',  ( 0.6512707515841219541, -0.000000000000000000, -0.7588454441657095373 ) ) ;
#4600 = ORIENTED_EDGE ( 'NONE', *, *, #1922, .F. ) ;
#4601 = CARTESIAN_POINT ( 'NONE',  ( 0.6170140060587968600, 1.000000000000000000, -0.8738589233642973797 ) ) ;
#4602 = DIRECTION ( 'NONE',  ( -0.000000000000000000, 1.000000000000000000, -0.000000000000000000 ) ) ;
#4603 = CARTESIAN_POINT ( 'NONE',  ( 0.6028331955279843113, 0.9999606299212597804, -0.7892121663673321574 ) ) ;
#4604 = CARTESIAN_POINT ( 'NONE',  ( 0.6898671015023896125, 0.9999606299212597804, -0.8008987640222463567 ) ) ;
#4605 = EDGE_LOOP ( 'NONE', ( #5109, #5231, #1825 ) ) ;
#4606 = DIRECTION ( 'NONE',  ( 1.000000000000000000, 0.000000000000000000, 0.000000000000000000 ) ) ;
#4607 = ORIENTED_EDGE ( 'NONE', *, *, #2626, .T. ) ;
#4608 = CARTESIAN_POINT ( 'NONE',  ( 0.8210651023810849880, 0.9999999999999996669, -0.8556761094458823491 ) ) ;
#4609 = CARTESIAN_POINT ( 'NONE',  ( 0.7488658620550907585, 0.9999606299212601135, -0.8810991435934059091 ) ) ;
#4610 = ORIENTED_EDGE ( 'NONE', *, *, #2726, .T. ) ;
#4611 = DIRECTION ( 'NONE',  ( 0.7071067811865474617, 0.000000000000000000, 0.7071067811865474617 ) ) ;
#4612 = CARTESIAN_POINT ( 'NONE',  ( 0.6572164174530390479, 0.9999606299212596694, -0.8220174347405604376 ) ) ;
#4613 = DIRECTION ( 'NONE',  ( -0.9899881280612247147, 0.000000000000000000, -0.1411506510712295381 ) ) ;
#4614 = ADVANCED_FACE ( 'NONE', ( #4856 ), #225, .T. ) ;
#4615 = CARTESIAN_POINT ( 'NONE',  ( 0.7370152816038172405, 1.000000000000000222, -0.8727007122770812364 ) ) ;
#4616 = CARTESIAN_POINT ( 'NONE',  ( 0.6228873424737788600, 0.9999606299212596694, -0.8178133828181762821 ) ) ;
#4617 = CARTESIAN_POINT ( 'NONE',  ( 0.7658966610195915292, 1.000000000000000222, -0.8599798450585702803 ) ) ;
#4618 = CARTESIAN_POINT ( 'NONE',  ( 0.6533953228602225050, 0.9999606299212597804, -0.8491802357443022364 ) ) ;
#4619 = CARTESIAN_POINT ( 'NONE',  ( 0.8409087408678576070, 1.000000000000000000, -0.8236421211273345921 ) ) ;
#4620 = B_SPLINE_CURVE_WITH_KNOTS ( 'NONE', 3,
 ( #6023, #3850, #5486, #1635, #5467, #28, #4388, #5026, #6550, #4933, #562, #2229, #2190, #3345, #1702, #1089, #599, #2747, #3889 ),
 .UNSPECIFIED., .F., .F.,
 ( 4, 1, 1, 1, 1, 1, 1, 1, 1, 1, 1, 1, 1, 1, 1, 1, 4 ),
 ( 0.000000000000000000, 0.04201179318333966850, 0.08511657970956543195, 0.1300841362207595109, 0.1769659536804752409, 0.2261453228974991958, 0.2772304004651412468, 0.3308011550515152499, 0.3865502460840016807, 0.4458574538040651625, 0.5099817147460025124, 0.5788566239058994256, 0.6532605220228081544, 0.7319176588047652254, 0.8160112270400413648, 0.9052459153235259404, 1.000000000000000000 ),
 .UNSPECIFIED. ) ;
#4621 = CARTESIAN_POINT ( 'NONE',  ( 0.8085194455510876788, 1.000000000000000222, -0.8552747935226379106 ) ) ;
#4622 = CARTESIAN_POINT ( 'NONE',  ( 0.6166654893556383632, 0.9999606299212596694, -0.8881395051619502823 ) ) ;
#4623 = CARTESIAN_POINT ( 'NONE',  ( 0.6326059151031696581, 0.9999999999999995559, -0.8274588167253960069 ) ) ;
#4624 = CARTESIAN_POINT ( 'NONE',  ( 0.8012211069964783050, 0.9999606299212596694, -0.7908642649450137174 ) ) ;
#4625 = CARTESIAN_POINT ( 'NONE',  ( 0.7527820092264928542, 0.9999606299212597804, -0.8206669462523641378 ) ) ;
#4626 = DIRECTION ( 'NONE',  ( 0.7588454441657023208, -0.000000000000000000, -0.6512707515841301698 ) ) ;
#4627 = VECTOR ( 'NONE', #4677, 39.37007874015748143 ) ;
#4628 = CARTESIAN_POINT ( 'NONE',  ( 0.6766456191286117638, 0.9999999999999996669, -0.8798025389195446300 ) ) ;
#4629 = EDGE_CURVE ( 'NONE', #6288, #6663, #3384, .T. ) ;
#4630 = CARTESIAN_POINT ( 'NONE',  ( 0.8233695737683932592, 0.9999999999999998890, -0.8550000404217957817 ) ) ;
#4631 = EDGE_LOOP ( 'NONE', ( #5591, #6717, #7053, #3308 ) ) ;
#4632 = CARTESIAN_POINT ( 'NONE',  ( 0.6972465282685108567, 1.000000000000000222, -0.8688425454709171047 ) ) ;
#4633 = ORIENTED_EDGE ( 'NONE', *, *, #3589, .F. ) ;
#4634 = CARTESIAN_POINT ( 'NONE',  ( 0.6692318982681991768, 0.9999999999999998890, -0.8906057877633354325 ) ) ;
#4635 = CARTESIAN_POINT ( 'NONE',  ( 0.6583010529713259062, 0.9999606299212603355, -0.8159289227139038259 ) ) ;
#4636 = PLANE ( 'NONE',  #4307 ) ;
#4637 = ORIENTED_EDGE ( 'NONE', *, *, #993, .F. ) ;
#4638 = CARTESIAN_POINT ( 'NONE',  ( 0.8111322253087638323, 0.9999606299212593363, -0.8455842042894221589 ) ) ;
#4639 = ORIENTED_EDGE ( 'NONE', *, *, #5624, .T. ) ;
#4640 = EDGE_CURVE ( 'NONE', #610, #1888, #6680, .T. ) ;
#4641 = ORIENTED_EDGE ( 'NONE', *, *, #5087, .T. ) ;
#4642 = CARTESIAN_POINT ( 'NONE',  ( 0.6760898755266825377, 0.9999999999999996669, -0.8474374806973931085 ) ) ;
#4643 = VERTEX_POINT ( 'NONE', #4005 ) ;
#4644 = CARTESIAN_POINT ( 'NONE',  ( 0.5467329420601512169, 0.9999606299212597804, -0.8614596693637011082 ) ) ;
#4645 = CARTESIAN_POINT ( 'NONE',  ( 0.6104708787816611748, 1.000000000000000000, -0.8357602120492878539 ) ) ;
#4646 = CARTESIAN_POINT ( 'NONE',  ( 0.8408837647919278346, 0.9999999999999998890, -0.8224375978934863607 ) ) ;
#4647 = CARTESIAN_POINT ( 'NONE',  ( 0.6140771803507344417, 1.000000000000000000, -0.8763652889079717179 ) ) ;
#4648 = CARTESIAN_POINT ( 'NONE',  ( 0.6124492371076710739, 0.9999606299212601135, -0.7899769259086102391 ) ) ;
#4649 = ORIENTED_EDGE ( 'NONE', *, *, #6113, .F. ) ;
#4650 = CARTESIAN_POINT ( 'NONE',  ( 0.6226231904530005190, 1.000000000000000666, -0.8422597562642643032 ) ) ;
#4651 = CARTESIAN_POINT ( 'NONE',  ( 0.6820624106676840270, 0.9999606299212597804, -0.7997336085506604464 ) ) ;
#4652 = CARTESIAN_POINT ( 'NONE',  ( 0.7270162540003514140, 1.000000000000000444, -0.8055387846828000464 ) ) ;
#4653 = CARTESIAN_POINT ( 'NONE',  ( 0.7441634769401428429, 0.9999606299212593363, -0.8798058155270558345 ) ) ;
#4654 = CARTESIAN_POINT ( 'NONE',  ( 0.6615654197209412946, 1.000000000000000222, -0.8716080630376257243 ) ) ;
#4655 = AXIS2_PLACEMENT_3D ( 'NONE', #6183, #1858, #6739 ) ;
#4656 = ADVANCED_FACE ( 'NONE', ( #6833 ), #834, .F. ) ;
#4657 = CARTESIAN_POINT ( 'NONE',  ( 0.9999999999999996669, 1.000000000000000000, -0.9921259842519689620 ) ) ;
#4658 = CARTESIAN_POINT ( 'NONE',  ( 0.7441634769401428429, 0.9999606299212593363, -0.8798058155270558345 ) ) ;
#4659 = DIRECTION ( 'NONE',  ( -0.000000000000000000, -0.000000000000000000, -1.000000000000000000 ) ) ;
#4660 = VECTOR ( 'NONE', #2023, 39.37007874015748854 ) ;
#4661 = CARTESIAN_POINT ( 'NONE',  ( 0.6820624106676840270, 1.000000000000000222, -0.7997336085506604464 ) ) ;
#4662 = VERTEX_POINT ( 'NONE', #164 ) ;
#4663 = ORIENTED_EDGE ( 'NONE', *, *, #4129, .F. ) ;
#4664 = CARTESIAN_POINT ( 'NONE',  ( 0.6642808809655278424, 1.000000000000000000, -0.8058425494386065591 ) ) ;
#4665 = VECTOR ( 'NONE', #5028, 39.37007874015748143 ) ;
#4666 = CARTESIAN_POINT ( 'NONE',  ( 0.5994066148099149727, 1.000000000000000000, -0.8785084495112716052 ) ) ;
#4668 = VERTEX_POINT ( 'NONE', #1911 ) ;
#4667 = CARTESIAN_POINT ( 'NONE',  ( 0.5467562787466455632, 1.000000000000000222, -0.8604727342347268104 ) ) ;
#4669 = CARTESIAN_POINT ( 'NONE',  ( 0.6896373701886661101, 1.000000000000000000, -0.8439516126675128405 ) ) ;
#4670 = VECTOR ( 'NONE', #5929, 39.37007874015748143 ) ;
#4671 = VECTOR ( 'NONE', #6987, 39.37007874015748143 ) ;
#4672 = ORIENTED_EDGE ( 'NONE', *, *, #2017, .F. ) ;
#4673 = VERTEX_POINT ( 'NONE', #1283 ) ;
#4674 = FACE_OUTER_BOUND ( 'NONE', #5590, .T. ) ;
#4675 = CARTESIAN_POINT ( 'NONE',  ( 0.5418496593508164150, 0.9999606299212596694, -0.8746142363534465947 ) ) ;
#4676 = CARTESIAN_POINT ( 'NONE',  ( 0.6278086807554191795, 1.000000000000000000, -0.7993418089596948661 ) ) ;
#4677 = DIRECTION ( 'NONE',  ( 1.000000000000000000, 0.000000000000000000, 0.000000000000000000 ) ) ;
#4678 = ORIENTED_EDGE ( 'NONE', *, *, #1736, .T. ) ;
#4679 = B_SPLINE_CURVE_WITH_KNOTS ( 'NONE', 3,
 ( #4894, #1004, #1546, #1594, #2099, #2146, #2749, #2700, #6046, #56, #3891, #2169, #5998, #2214, #5488 ),
 .UNSPECIFIED., .F., .F.,
 ( 4, 1, 1, 1, 1, 1, 1, 1, 1, 1, 1, 1, 4 ),
 ( 0.000000000000000000, 0.09191484500950895808, 0.1793500136985509419, 0.2627602509497599104, 0.3438245629315445084, 0.4230536694981515411, 0.5001537638566736499, 0.5774020559630043126, 0.6564709802344433909, 0.7376500484536406832, 0.8208783262149136339, 0.9079232481193411086, 1.000000000000000000 ),
 .UNSPECIFIED. ) ;
#4680 = LINE ( 'NONE', #2858, #5765 ) ;
#4681 = CARTESIAN_POINT ( 'NONE',  ( 0.7684097941636351958, 0.9999606299212602245, -0.8850337923727090716 ) ) ;
#4682 = CARTESIAN_POINT ( 'NONE',  ( 0.6298170188598737340, 0.9999606299212601135, -0.8025962498358740760 ) ) ;
#4683 = CARTESIAN_POINT ( 'NONE',  ( 0.6205538871384149724, 1.000000000000000222, -0.8432246152831492925 ) ) ;
#4684 = LINE ( 'NONE', #2495, #5683 ) ;
#4685 = CARTESIAN_POINT ( 'NONE',  ( 0.6597246229977640208, 0.9999606299212598914, -0.8626508684468602306 ) ) ;
#4686 = VERTEX_POINT ( 'NONE', #3547 ) ;
#4687 = CARTESIAN_POINT ( 'NONE',  ( 1.365923996832131609E-16, 0.9921259842519682959, -0.9999999999999998890 ) ) ;
#4688 = CARTESIAN_POINT ( 'NONE',  ( 0.6061357381674028488, 0.9999606299212596694, -0.8010647893357073501 ) ) ;
#4689 = CARTESIAN_POINT ( 'NONE',  ( 0.6467210527339772863, 0.9999606299212598914, -0.8182596233304516575 ) ) ;
#4690 = CARTESIAN_POINT ( 'NONE',  ( 0.8131472815172717805, 1.000000000000000222, -0.7878989857328626556 ) ) ;
#4691 = LINE ( 'NONE', #850, #407 ) ;
#4692 = CARTESIAN_POINT ( 'NONE',  ( 0.5421724899642393902, 1.000000000000000000, -0.8881506759291972752 ) ) ;
#4693 = EDGE_CURVE ( 'NONE', #3657, #5105, #4337, .T. ) ;
#4694 = CARTESIAN_POINT ( 'NONE',  ( 0.6104708787816611748, 0.9999606299212597804, -0.8357602120492878539 ) ) ;
#4695 = CARTESIAN_POINT ( 'NONE',  ( 0.5466877842308862645, 1.000000000000000000, -0.8633694455463898354 ) ) ;
#4696 = CARTESIAN_POINT ( 'NONE',  ( 0.6629932833446272600, 0.9999606299212597804, -0.8534349067718657311 ) ) ;
#4697 = VERTEX_POINT ( 'NONE', #2470 ) ;
#4698 = ADVANCED_FACE ( 'NONE', ( #1392 ), #5701, .T. ) ;
#4699 = CARTESIAN_POINT ( 'NONE',  ( 0.6990852323451304251, 0.9999606299212597804, -0.8601239206286958039 ) ) ;
#4700 = CARTESIAN_POINT ( 'NONE',  ( 0.6644029180612499585, 0.9999606299212595584, -0.8402506438780078524 ) ) ;
#4701 = ORIENTED_EDGE ( 'NONE', *, *, #1675, .F. ) ;
#4702 = CARTESIAN_POINT ( 'NONE',  ( 0.8215692674292243147, 0.9999606299212601135, -0.8433755001026647102 ) ) ;
#4703 = CARTESIAN_POINT ( 'NONE',  ( 0.7746285440201090555, 0.9999999999999998890, -0.8513776938515746906 ) ) ;
#4704 = EDGE_CURVE ( 'NONE', #4358, #5184, #6289, .T. ) ;
#4705 = PLANE ( 'NONE',  #2451 ) ;
#4706 = CARTESIAN_POINT ( 'NONE',  ( 0.7034696186716190569, 1.000000000000000000, -0.7958583680617214995 ) ) ;
#4707 = CARTESIAN_POINT ( 'NONE',  ( 0.7227224837655850109, 1.000000000000000000, -0.7892121663673321574 ) ) ;
#4708 = CARTESIAN_POINT ( 'NONE',  ( 0.6986406809929145423, 1.000000000000000444, -0.8265405903788701769 ) ) ;
#4709 = ORIENTED_EDGE ( 'NONE', *, *, #4811, .F. ) ;
#4710 = CARTESIAN_POINT ( 'NONE',  ( 0.6597403748936765400, 1.000000000000000000, -0.8654172513892708363 ) ) ;
#4711 = CARTESIAN_POINT ( 'NONE',  ( 0.8999056890068602987, 1.000000000000000000, -0.5027180562063946478 ) ) ;
#4712 = CARTESIAN_POINT ( 'NONE',  ( 0.5572527531377392540, 1.000000000000000222, -0.8618822046330096853 ) ) ;
#4713 = CARTESIAN_POINT ( 'NONE',  ( 0.6223862226781181617, 0.9999606299212597804, -0.8241792286974758408 ) ) ;
#4714 = CARTESIAN_POINT ( 'NONE',  ( 0.7122170386898273309, 0.9999606299212597804, -0.8173429577713626770 ) ) ;
#4715 = CARTESIAN_POINT ( 'NONE',  ( 0.5432038824471105976, 0.9999606299212597804, -0.8729113496539329109 ) ) ;
#4716 = LINE ( 'NONE', #825, #1189 ) ;
#4717 = CARTESIAN_POINT ( 'NONE',  ( 0.5572443546610056364, 0.9999606299212596694, -0.8599042495633131278 ) ) ;
#4718 = ORIENTED_EDGE ( 'NONE', *, *, #2246, .T. ) ;
#4719 = CARTESIAN_POINT ( 'NONE',  ( 0.7227149403725635635, 0.9999606299212596694, -0.7910755867724581503 ) ) ;
#4720 = CARTESIAN_POINT ( 'NONE',  ( 0.7002379209571267804, 0.9999606299212598914, -0.8397447041516571398 ) ) ;
#4721 = LINE ( 'NONE', #6795, #1876 ) ;
#4722 = CARTESIAN_POINT ( 'NONE',  ( 0.005567769930603426974, 1.000000000000000000, -1.000000000000000444 ) ) ;
#4723 = CARTESIAN_POINT ( 'NONE',  ( 0.7765453672368547444, 1.000000000000000000, -0.8624899443308079450 ) ) ;
#4724 = DIRECTION ( 'NONE',  ( -0.8754645270000107615, -0.000000000000000000, 0.4832823832550152132 ) ) ;
#4725 = EDGE_CURVE ( 'NONE', #5936, #2131, #2698, .T. ) ;
#4726 = CARTESIAN_POINT ( 'NONE',  ( 0.6665444782928602319, 0.9999999999999996669, -0.8040587467150480672 ) ) ;
#4727 = ORIENTED_EDGE ( 'NONE', *, *, #4433, .F. ) ;
#4728 = EDGE_CURVE ( 'NONE', #61, #930, #6085, .T. ) ;
#4729 = CARTESIAN_POINT ( 'NONE',  ( 0.6788745616427451779, 1.000000000000000000, -0.8798216301457413291 ) ) ;
#4730 = CARTESIAN_POINT ( 'NONE',  ( 0.6972544986349045182, 1.000000000000000222, -0.8280041081269086112 ) ) ;
#4731 = ORIENTED_EDGE ( 'NONE', *, *, #3272, .T. ) ;
#4732 = CARTESIAN_POINT ( 'NONE',  ( 0.6788745616427451779, 1.000000000000000000, -0.8798216301457413291 ) ) ;
#4733 = EDGE_CURVE ( 'NONE', #2180, #3992, #497, .T. ) ;
#4734 = EDGE_CURVE ( 'NONE', #1196, #2180, #854, .T. ) ;
#4735 = ADVANCED_FACE ( 'NONE', ( #3486 ), #3483, .F. ) ;
#4736 = CARTESIAN_POINT ( 'NONE',  ( 0.000000000000000000, 0.9921259842519684069, -1.000000000000000000 ) ) ;
#4737 = CARTESIAN_POINT ( 'NONE',  ( 0.8719642344371588694, 0.9999606299212597804, -0.5063145128993086219 ) ) ;
#4738 = CARTESIAN_POINT ( 'NONE',  ( 0.6465580069663424689, 0.9999606299212597804, -0.8220416822290746994 ) ) ;
#4739 = CARTESIAN_POINT ( 'NONE',  ( 0.6996400595918019771, 0.9999606299212597804, -0.8085246920269987259 ) ) ;
#4740 = DIRECTION ( 'NONE',  ( 0.000000000000000000, 0.000000000000000000, 1.000000000000000000 ) ) ;
#4741 = CARTESIAN_POINT ( 'NONE',  ( 0.6894158785427353386, 0.9999606299212597804, -0.7887124802793079592 ) ) ;
#4742 = ORIENTED_EDGE ( 'NONE', *, *, #2527, .F. ) ;
#4743 = CARTESIAN_POINT ( 'NONE',  ( 0.8014990467084530668, 1.000000000000000222, -0.8399016448917363542 ) ) ;
#4744 = CARTESIAN_POINT ( 'NONE',  ( 0.6966230186554996928, 1.000000000000000222, -0.8414931703771569849 ) ) ;
#4745 = DIRECTION ( 'NONE',  ( -0.000000000000000000, 1.000000000000000000, -0.000000000000000000 ) ) ;
#4746 = CARTESIAN_POINT ( 'NONE',  ( 0.2840717244674835773, 0.9999606299212597804, -0.5451350543466844112 ) ) ;
#4747 = VERTEX_POINT ( 'NONE', #2692 ) ;
#4748 = CARTESIAN_POINT ( 'NONE',  ( 0.8002343416492493366, 0.9999606299212597804, -0.8076519721001044205 ) ) ;
#4749 = CARTESIAN_POINT ( 'NONE',  ( 0.7297403645128291982, 1.000000000000000222, -0.8102516149981203730 ) ) ;
#4750 = CARTESIAN_POINT ( 'NONE',  ( 0.7122170386898273309, 0.9999606299212597804, -0.8173429577713626770 ) ) ;
#4751 = APPROVAL ( #653, 'UNSPECIFIED' ) ;
#4752 = ORIENTED_EDGE ( 'NONE', *, *, #1989, .F. ) ;
#4753 = CARTESIAN_POINT ( 'NONE',  ( 0.6755012217690766763, 1.000000000000000000, -0.8364270270240657945 ) ) ;
#4754 = CARTESIAN_POINT ( 'NONE',  ( 0.6760898755266825377, 0.9999606299212595584, -0.8474374806973931085 ) ) ;
#4755 = PLANE ( 'NONE',  #4276 ) ;
#4756 = CARTESIAN_POINT ( 'NONE',  ( 0.8125837904825062852, 0.9999999999999998890, -0.8456473034088487495 ) ) ;
#4757 = CARTESIAN_POINT ( 'NONE',  ( 0.007874015748031584425, 0.000000000000000000, -0.007874015748031584425 ) ) ;
#4758 = LINE ( 'NONE', #6188, #2866 ) ;
#4759 = LINE ( 'NONE', #5811, #4671 ) ;
#4760 = CARTESIAN_POINT ( 'NONE',  ( 0.7591016985133969275, 0.9999606299212595584, -0.8276543752134778442 ) ) ;
#4761 = ORIENTED_EDGE ( 'NONE', *, *, #3315, .T. ) ;
#4762 = CARTESIAN_POINT ( 'NONE',  ( 0.5338816965646214774, 1.000000000000000222, -0.8781145340020231060 ) ) ;
#4763 = VERTEX_POINT ( 'NONE', #2369 ) ;
#4764 = VECTOR ( 'NONE', #6277, 39.37007874015748143 ) ;
#4765 = CARTESIAN_POINT ( 'NONE',  ( 0.5464796937283914469, 0.9999999999999996669, -0.8561046460574629480 ) ) ;
#4766 = EDGE_LOOP ( 'NONE', ( #926, #4007, #2160, #6012 ) ) ;
#4768 = LINE ( 'NONE', #4828, #2188 ) ;
#4767 = CARTESIAN_POINT ( 'NONE',  ( 0.7009806675740903881, 0.9999606299212602245, -0.8116706504801229904 ) ) ;
#4769 = CARTESIAN_POINT ( 'NONE',  ( 0.7113290267524307042, 0.9999999999999998890, -0.8251973158964208688 ) ) ;
#4770 = DIRECTION ( 'NONE',  ( -0.000000000000000000, 1.000000000000000000, -0.000000000000000000 ) ) ;
#4771 = ORIENTED_EDGE ( 'NONE', *, *, #5416, .F. ) ;
#4772 = B_SPLINE_SURFACE_WITH_KNOTS ( 'NONE', 3, 1, ( 
 ( #535, #3849 ),
 ( #3888, #1147 ),
 ( #4997, #5547 ),
 ( #1633, #561 ),
 ( #2278, #6021 ),
 ( #6075, #5532 ),
 ( #1104, #2227 ),
 ( #5993, #6055 ),
 ( #2252, #2836 ),
 ( #3300, #6612 ),
 ( #6593, #3366 ),
 ( #4387, #6534 ),
 ( #4960, #1654 ),
 ( #5466, #2189 ),
 ( #6630, #139 ),
 ( #6678, #3935 ),
 ( #183, #5646 ),
 ( #3452, #3413 ),
 ( #114, #1840 ) ),
 .UNSPECIFIED., .F., .F., .F.,
 ( 4, 1, 1, 1, 1, 1, 1, 1, 1, 1, 1, 1, 1, 1, 1, 1, 4 ),
 ( 2, 2 ),
 ( 0.000000000000000000, 0.07132852292713433295, 0.1388884808472360399, 0.2034880553541816572, 0.2653888690468860223, 0.3261469149304310755, 0.3858495392516026468, 0.4464210050912525984, 0.5085062454043187685, 0.5707165835193898085, 0.6319861944004557808, 0.6929433797704668274, 0.7531646365281643440, 0.8133972833669929070, 0.8747321709321982386, 0.9368339827764042838, 1.000000000000000000 ),
 ( 0.000000000000000000, 1.000000000000000000 ),
 .UNSPECIFIED. ) ;
#4773 = LINE ( 'NONE', #2001, #806 ) ;
#4774 = CARTESIAN_POINT ( 'NONE',  ( 0.8297224753577997491, 0.9999606299212602245, -0.8151984372771434728 ) ) ;
#4775 = ORIENTED_EDGE ( 'NONE', *, *, #923, .F. ) ;
#4776 = CARTESIAN_POINT ( 'NONE',  ( 0.6608944070391453707, 0.9999606299212597804, -0.8701811080770729401 ) ) ;
#4777 = PLANE ( 'NONE',  #2554 ) ;
#4778 = ORIENTED_EDGE ( 'NONE', *, *, #5317, .T. ) ;
#4779 = ORIENTED_EDGE ( 'NONE', *, *, #6150, .T. ) ;
#4780 = CARTESIAN_POINT ( 'NONE',  ( 0.9921259842519684069, 0.007874015748031176765, -1.000000000000000222 ) ) ;
#4781 = VECTOR ( 'NONE', #1324, 39.37007874015748143 ) ;
#4782 = CARTESIAN_POINT ( 'NONE',  ( 0.7424826207913650666, 0.9999606299212598914, -0.8257406080007630989 ) ) ;
#4783 = CARTESIAN_POINT ( 'NONE',  ( 0.6492604016786401866, 1.000000000000000222, -0.8606700067235739660 ) ) ;
#4784 = EDGE_CURVE ( 'NONE', #5997, #6863, #316, .T. ) ;
#4785 = CARTESIAN_POINT ( 'NONE',  ( 0.8699079082578643485, 0.9999606299212601135, -0.8740452215087192167 ) ) ;
#4786 = CARTESIAN_POINT ( 'NONE',  ( 0.5348728563400749758, 1.000000000000000222, -0.8898498711280964368 ) ) ;
#4787 = ORIENTED_EDGE ( 'NONE', *, *, #3360, .F. ) ;
#4788 = CARTESIAN_POINT ( 'NONE',  ( 0.6966230186554996928, 1.000000000000000000, -0.8414931703771569849 ) ) ;
#4789 = CARTESIAN_POINT ( 'NONE',  ( 0.6596898133110393747, 1.000000000000000000, -0.8636941304786603935 ) ) ;
#4790 = CARTESIAN_POINT ( 'NONE',  ( 0.8085194455510876788, 1.000000000000000222, -0.8552747935226379106 ) ) ;
#4791 = CARTESIAN_POINT ( 'NONE',  ( 0.7971621616521076259, 0.9999606299212601135, -0.7937550718043046016 ) ) ;
#4792 = ORIENTED_EDGE ( 'NONE', *, *, #5857, .F. ) ;
#4793 = CARTESIAN_POINT ( 'NONE',  ( 0.6503512504552305673, 0.9999999999999995559, -0.8049086846567531373 ) ) ;
#4794 = CARTESIAN_POINT ( 'NONE',  ( 0.8010890508874156657, 0.9999606299212595584, -0.8060360696804270697 ) ) ;
#4795 = CARTESIAN_POINT ( 'NONE',  ( 0.8130446892802037917, 0.9999606299212597804, -0.7984044308086201136 ) ) ;
#4796 = ORIENTED_EDGE ( 'NONE', *, *, #4129, .T. ) ;
#4797 = CARTESIAN_POINT ( 'NONE',  ( -2.049995136288955123E-19, 0.000000000000000000, -0.007874015748031584425 ) ) ;
#4798 = EDGE_CURVE ( 'NONE', #2948, #5405, #824, .T. ) ;
#4799 = CARTESIAN_POINT ( 'NONE',  ( 0.6150900134109537065, 1.000000000000000222, -0.8887350664976129133 ) ) ;
#4800 = CARTESIAN_POINT ( 'NONE',  ( 0.1003966783382542194, 0.9999606299212597804, -0.4935989121866296570 ) ) ;
#4801 = ORIENTED_EDGE ( 'NONE', *, *, #4798, .T. ) ;
#4802 = CARTESIAN_POINT ( 'NONE',  ( 0.6596898133110393747, 1.000000000000000000, -0.8636941304786603935 ) ) ;
#4803 = CARTESIAN_POINT ( 'NONE',  ( 0.7227224837655850109, 1.000000000000000000, -0.7892121663673321574 ) ) ;
#4804 = AXIS2_PLACEMENT_3D ( 'NONE', #3096, #414, #2058 ) ;
#4805 = ORIENTED_EDGE ( 'NONE', *, *, #4968, .F. ) ;
#4806 = CARTESIAN_POINT ( 'NONE',  ( 0.5822121558773274419, 0.9999606299212597804, -0.8364866692082413291 ) ) ;
#4807 = CARTESIAN_POINT ( 'NONE',  ( 0.8041229869834248811, 0.9999606299212596694, -0.8021128305268589997 ) ) ;
#4808 = CARTESIAN_POINT ( 'NONE',  ( 0.7282507208324542347, 0.9999999999999996669, -0.8078577913099899144 ) ) ;
#4809 = PERSON_AND_ORGANIZATION ( #3334, #3267 ) ;
#4810 = CARTESIAN_POINT ( 'NONE',  ( 0.8292356529404493193, 1.000000000000000222, -0.8325900822582182892 ) ) ;
#4811 = EDGE_CURVE ( 'NONE', #809, #2629, #715, .T. ) ;
#4812 = CARTESIAN_POINT ( 'NONE',  ( 0.8789779878393317869, 0.9999606299212601135, -0.8845768447026165493 ) ) ;
#4813 = DIRECTION ( 'NONE',  ( 0.000000000000000000, -1.000000000000000000, 0.000000000000000000 ) ) ;
#4814 = CARTESIAN_POINT ( 'NONE',  ( 0.6689228663867632374, 1.000000000000000222, -0.8780975139642395177 ) ) ;
#4815 = CARTESIAN_POINT ( 'NONE',  ( 0.6775143704743910034, 1.000000000000000000, -0.8358673464491107596 ) ) ;
#4816 = CARTESIAN_POINT ( 'NONE',  ( 0.6154781476912922766, 1.000000000000000222, -0.8032746236797895234 ) ) ;
#4817 = CARTESIAN_POINT ( 'NONE',  ( 0.8125786463085485911, 0.9999606299212597804, -0.7984212482097680086 ) ) ;
#4818 = CARTESIAN_POINT ( 'NONE',  ( 0.8226365956385602862, 0.9999606299212597804, -0.8021132967129698255 ) ) ;
#4819 = CARTESIAN_POINT ( 'NONE',  ( 0.6472160292147318694, 0.9999606299212596694, -0.8146131129823395156 ) ) ;
#4820 = LINE ( 'NONE', #4125, #4627 ) ;
#4821 = CARTESIAN_POINT ( 'NONE',  ( 0.5994066148099149727, 0.9999606299212597804, -0.8785084495112716052 ) ) ;
#4822 = CARTESIAN_POINT ( 'NONE',  ( 0.8622189700039214477, 0.9999606299212595584, -0.8679277630126680521 ) ) ;
#4823 = ORIENTED_EDGE ( 'NONE', *, *, #5427, .F. ) ;
#4824 = CARTESIAN_POINT ( 'NONE',  ( 0.7122170386898273309, 1.000000000000000000, -0.8173429577713626770 ) ) ;
#4825 = ORIENTED_EDGE ( 'NONE', *, *, #1029, .T. ) ;
#4826 = CARTESIAN_POINT ( 'NONE',  ( 0.6887655462923318872, 0.9999999999999996669, -0.8779721761762573351 ) ) ;
#4827 = CARTESIAN_POINT ( 'NONE',  ( 0.001132993074056390685, 0.9932589773260246391, -0.9924980899096383924 ) ) ;
#4828 = CARTESIAN_POINT ( 'NONE',  ( 0.4974776437686259101, 0.9999606299212597804, -0.1002102154469468043 ) ) ;
#4829 = EDGE_LOOP ( 'NONE', ( #2796, #2706, #11, #6590 ) ) ;
#4830 = PRODUCT_DEFINITION_SHAPE ( 'NONE', 'NONE',  #4520 ) ;
#4831 = EDGE_LOOP ( 'NONE', ( #5237, #5441, #6814, #188 ) ) ;
#4832 = VERTEX_POINT ( 'NONE', #6291 ) ;
#4833 = CARTESIAN_POINT ( 'NONE',  ( 0.6223862226781181617, 1.000000000000000000, -0.8241792286974758408 ) ) ;
#4834 = DIRECTION ( 'NONE',  ( -0.7588454441657038752, 0.000000000000000000, -0.6512707515841285044 ) ) ;
#4835 = CARTESIAN_POINT ( 'NONE',  ( 0.6690783597755619594, 1.000000000000000000, -0.8025014760547143355 ) ) ;
#4836 = CARTESIAN_POINT ( 'NONE',  ( 0.5262653775769686737, 0.9999606299212598914, -0.8903279097309420020 ) ) ;
#4837 = EDGE_CURVE ( 'NONE', #6663, #2198, #3326, .T. ) ;
#4838 = CARTESIAN_POINT ( 'NONE',  ( 0.8031282926226771535, 0.9999999999999996669, -0.8416329271692627456 ) ) ;
#4839 = CARTESIAN_POINT ( 'NONE',  ( 0.7560464414415563050, 1.000000000000000222, -0.8242106597779452759 ) ) ;
#4840 = CARTESIAN_POINT ( 'NONE',  ( 0.7095906774208878831, 1.000000000000000000, -0.8614371012631655278 ) ) ;
#4841 = CARTESIAN_POINT ( 'NONE',  ( 0.6139958123139325208, 1.000000000000000222, -0.8026322046403433497 ) ) ;
#4842 = EDGE_CURVE ( 'NONE', #5405, #2467, #1424, .T. ) ;
#4843 = CARTESIAN_POINT ( 'NONE',  ( 0.6669056890068546517, 0.9999606299212597804, -0.5063145128993086219 ) ) ;
#4844 = VERTEX_POINT ( 'NONE', #6900 ) ;
#4845 = CARTESIAN_POINT ( 'NONE',  ( 0.8301032469824644044, 0.9999999999999998890, -0.8176888736796270596 ) ) ;
#4846 = CARTESIAN_POINT ( 'NONE',  ( 0.7017115936140698729, 1.000000000000000222, -0.8170351810601588216 ) ) ;
#4847 = AXIS2_PLACEMENT_3D ( 'NONE', #2549, #3053, #3795 ) ;
#4848 = CARTESIAN_POINT ( 'NONE',  ( 0.8265307269052583061, 0.9999606299212598914, -0.8067228652284170742 ) ) ;
#4849 = LINE ( 'NONE', #781, #2715 ) ;
#4850 = DIRECTION ( 'NONE',  ( 0.4832823832550008913, -0.000000000000000000, 0.8754645270000186441 ) ) ;
#4851 = FACE_OUTER_BOUND ( 'NONE', #4859, .T. ) ;
#4853 = AXIS2_PLACEMENT_3D ( 'NONE', #2929, #2860, #3487 ) ;
#4852 = CARTESIAN_POINT ( 'NONE',  ( 0.4938811870757103262, 0.9999606299212597804, -0.3332102154469469002 ) ) ;
#4854 = ORIENTED_EDGE ( 'NONE', *, *, #5573, .F. ) ;
#4855 = ORIENTED_EDGE ( 'NONE', *, *, #1266, .F. ) ;
#4856 = FACE_OUTER_BOUND ( 'NONE', #1461, .T. ) ;
#4857 = CARTESIAN_POINT ( 'NONE',  ( 0.6198306029405349360, 0.9999999999999996669, -0.8681405867693348100 ) ) ;
#4858 = CARTESIAN_POINT ( 'NONE',  ( 0.6298170188598737340, 0.9999606299212601135, -0.8025962498358740760 ) ) ;
#4859 = EDGE_LOOP ( 'NONE', ( #4325, #295, #1841, #3812 ) ) ;
#4860 = VECTOR ( 'NONE', #268, 39.37007874015748143 ) ;
#4861 = VECTOR ( 'NONE', #372, 39.37007874015748854 ) ;
#4862 = CARTESIAN_POINT ( 'NONE',  ( 0.6015815702357554251, 1.000000000000000000, -0.8364866692082413291 ) ) ;
#4863 = EDGE_LOOP ( 'NONE', ( #4742, #4077, #2779, #961 ) ) ;
#4864 = ORIENTED_EDGE ( 'NONE', *, *, #5281, .F. ) ;
#4865 = DIRECTION ( 'NONE',  ( -1.000000000000000000, 0.000000000000000000, 0.000000000000000000 ) ) ;
#4866 = VECTOR ( 'NONE', #3686, 39.37007874015748143 ) ;
#4867 = CARTESIAN_POINT ( 'NONE',  ( 0.9921259842519684069, 0.9921259842519686289, -1.000000000000000222 ) ) ;
#4868 = CARTESIAN_POINT ( 'NONE',  ( 0.7665941975310421874, 0.9999606299212602245, -0.8368812635807443279 ) ) ;
#4869 = EDGE_LOOP ( 'NONE', ( #3008, #4481, #3981, #6264, #6029, #6847, #5097, #4649, #1151, #1073, #3653, #5561, #5876, #5124, #3853 ) ) ;
#4870 = CARTESIAN_POINT ( 'NONE',  ( 0.7665941975310421874, 0.9999606299212602245, -0.8368812635807443279 ) ) ;
#4871 = CARTESIAN_POINT ( 'NONE',  ( 0.5285778706073609445, 1.000000000000000000, -0.8785046558439243425 ) ) ;
#4872 =( CONVERSION_BASED_UNIT ( 'INCH', #2223 ) LENGTH_UNIT ( ) NAMED_UNIT ( #2079 ) );
#4873 = CARTESIAN_POINT ( 'NONE',  ( 0.8719642344371588694, 1.000000000000000000, -0.5063145128993086219 ) ) ;
#4874 = FACE_BOUND ( 'NONE', #472, .T. ) ;
#4875 = PLANE ( 'NONE',  #6804 ) ;
#4876 = PLANE ( 'NONE',  #878 ) ;
#4877 = DIRECTION ( 'NONE',  ( 0.5773502691896191807, -0.5773502691896136296, -0.5773502691896443828 ) ) ;
#4878 = LINE ( 'NONE', #6072, #5280 ) ;
#4879 = CARTESIAN_POINT ( 'NONE',  ( 0.6774302463176601341, 0.9999606299212601135, -0.8916184882352731211 ) ) ;
#4880 = EDGE_CURVE ( 'NONE', #5119, #3286, #1258, .T. ) ;
#4881 = CARTESIAN_POINT ( 'NONE',  ( 0.6333873772510280054, 1.000000000000000222, -0.8173947796082953188 ) ) ;
#4882 = ADVANCED_FACE ( 'NONE', ( #2032 ), #152, .T. ) ;
#4883 = CARTESIAN_POINT ( 'NONE',  ( 0.6216606592701802159, 1.000000000000000222, -0.8265702838716502132 ) ) ;
#4884 = EDGE_CURVE ( 'NONE', #1925, #809, #1814, .T. ) ;
#4885 = CARTESIAN_POINT ( 'NONE',  ( 0.7551844020690483550, 0.9999606299212597804, -0.8804602073735225964 ) ) ;
#4886 = B_SPLINE_SURFACE_WITH_KNOTS ( 'NONE', 3, 1, ( 
 ( #788, #5209 ),
 ( #2960, #2417 ),
 ( #1822, #765 ),
 ( #6806, #4608 ),
 ( #5735, #4630 ),
 ( #6275, #3559 ),
 ( #4057, #3529 ),
 ( #3505, #3030 ),
 ( #4011, #4562 ),
 ( #1264, #5113 ),
 ( #5183, #1892 ),
 ( #2372, #6172 ),
 ( #2932, #6243 ),
 ( #3005, #3488 ),
 ( #6782, #193 ),
 ( #1313, #1289 ),
 ( #6728, #4033 ),
 ( #6217, #221 ),
 ( #5159, #5656 ) ),
 .UNSPECIFIED., .F., .F., .F.,
 ( 4, 1, 1, 1, 1, 1, 1, 1, 1, 1, 1, 1, 1, 1, 1, 1, 4 ),
 ( 2, 2 ),
 ( 0.000000000000000000, 0.05381367553717396335, 0.1069528195400285681, 0.1592297411669608698, 0.2119878441294305027, 0.2664171771063136851, 0.3219455670150585536, 0.3804321554930928384, 0.4418041305516793860, 0.5050050872753460984, 0.5687997946032421481, 0.6342267874690939999, 0.7013374851512627073, 0.7709830105630235408, 0.8438657153438668956, 0.9200500377805954644, 1.000000000000000000 ),
 ( 0.000000000000000000, 1.000000000000000000 ),
 .UNSPECIFIED. ) ;
#4887 = CARTESIAN_POINT ( 'NONE',  ( 0.8080884075033395453, 1.000000000000000666, -0.7883256228661946752 ) ) ;
#4888 = DIRECTION ( 'NONE',  ( -0.000000000000000000, 1.000000000000000000, -0.000000000000000000 ) ) ;
#4889 = CARTESIAN_POINT ( 'NONE',  ( 0.7685157522959098486, 0.9999606299212596694, -0.8395957786717709315 ) ) ;
#4890 = ORIENTED_EDGE ( 'NONE', *, *, #1188, .F. ) ;
#4891 = CARTESIAN_POINT ( 'NONE',  ( 0.8719642344371588694, 0.9999606299212597804, -0.5063145128993086219 ) ) ;
#4892 = DIRECTION ( 'NONE',  ( 0.000000000000000000, 0.000000000000000000, 1.000000000000000000 ) ) ;
#4893 = DIRECTION ( 'NONE',  ( -1.000000000000000000, 0.000000000000000000, 2.220446049250312588E-16 ) ) ;
#4894 = CARTESIAN_POINT ( 'NONE',  ( 0.6785257480367141714, 0.9999606299212597804, -0.8916402558559686220 ) ) ;
#4895 = CARTESIAN_POINT ( 'NONE',  ( 0.6115654911700553198, 1.000000000000000000, -0.8896375955386560674 ) ) ;
#4896 = CARTESIAN_POINT ( 'NONE',  ( 0.6972465282685108567, 0.9999606299212601135, -0.8688425454709171047 ) ) ;
#4897 = CARTESIAN_POINT ( 'NONE',  ( 0.3054552237685529414, 0.9999606299212597804, -0.4935989121866296570 ) ) ;
#4898 = AXIS2_PLACEMENT_3D ( 'NONE', #5075, #1227, #5666 ) ;
#4899 = CARTESIAN_POINT ( 'NONE',  ( 0.5322807360438444046, 0.9999606299212595584, -0.8783027571202980388 ) ) ;
#4900 = CARTESIAN_POINT ( 'NONE',  ( 0.6795439065220810759, 0.9999606299212596694, -0.8353106461589371312 ) ) ;
#4901 = CARTESIAN_POINT ( 'NONE',  ( 0.7360430571224761964, 0.9999606299212601135, -0.8874039640064115275 ) ) ;
#4902 = CARTESIAN_POINT ( 'NONE',  ( 0.7649878302051119627, 0.9999999999999998890, -0.8705864598940491472 ) ) ;
#4903 = LINE ( 'NONE', #1118, #1450 ) ;
#4904 = CARTESIAN_POINT ( 'NONE',  ( 0.8168382781253089586, 0.9999606299212601135, -0.8453523022403706122 ) ) ;
#4905 = CARTESIAN_POINT ( 'NONE',  ( 0.6801716670200932402, 1.000000000000000222, -0.7997523659885155123 ) ) ;
#4906 = CARTESIAN_POINT ( 'NONE',  ( 0.6243392353770509384, 0.9999606299212601135, -0.8475394206626919447 ) ) ;
#4907 = CARTESIAN_POINT ( 'NONE',  ( 0.6279148028383675362, 0.9999606299212598914, -0.8525187524594262101 ) ) ;
#4908 = VERTEX_POINT ( 'NONE', #616 ) ;
#4909 = DIRECTION ( 'NONE',  ( -0.8754645270000177559, 0.000000000000000000, 0.4832823832550025012 ) ) ;
#4910 = CARTESIAN_POINT ( 'NONE',  ( 0.8999056890068602987, 1.000000000000000000, -0.5027180562063946478 ) ) ;
#4911 = LINE ( 'NONE', #3187, #763 ) ;
#4912 = CARTESIAN_POINT ( 'NONE',  ( 0.6718673049670507158, 0.9999606299212601135, -0.8012446319307104936 ) ) ;
#4913 = CARTESIAN_POINT ( 'NONE',  ( 0.6980261947654833321, 0.9999999999999996669, -0.8860548810534304431 ) ) ;
#4914 = ORIENTED_EDGE ( 'NONE', *, *, #3357, .T. ) ;
#4915 = EDGE_LOOP ( 'NONE', ( #5557, #556, #2814, #4476, #3804, #6228, #5014, #5565, #3640, #5465, #3474, #4535, #1372, #4009, #165, #3954 ) ) ;
#4916 = CARTESIAN_POINT ( 'NONE',  ( 0.8002343416492493366, 1.000000000000000000, -0.8076519721001044205 ) ) ;
#4917 = B_SPLINE_SURFACE_WITH_KNOTS ( 'NONE', 3, 1, ( 
 ( #4795, #3213 ),
 ( #948, #1040 ),
 ( #5328, #7008 ),
 ( #6399, #4301 ),
 ( #6913, #1523 ),
 ( #3142, #5379 ),
 ( #3760, #2072 ),
 ( #4818, #5890 ),
 ( #5913, #1494 ),
 ( #2051, #474 ),
 ( #5869, #449 ),
 ( #6474, #2605 ),
 ( #2635, #1022 ),
 ( #6422, #406 ),
 ( #6968, #5399 ),
 ( #3779, #4845 ),
 ( #3733, #1568 ),
 ( #3169, #3706 ),
 ( #6941, #429 ) ),
 .UNSPECIFIED., .F., .F., .F.,
 ( 4, 1, 1, 1, 1, 1, 1, 1, 1, 1, 1, 1, 1, 1, 1, 1, 4 ),
 ( 2, 2 ),
 ( 0.000000000000000000, 0.05209732262054465879, 0.1031017125429984360, 0.1538005850222740334, 0.2052543937058748380, 0.2577240493729187620, 0.3121926273023798437, 0.3697360009396601921, 0.4300616318925726267, 0.4928681751518541043, 0.5569346627599189858, 0.6229750124240596154, 0.6914696535390251197, 0.7631504096806910331, 0.8380916681716272798, 0.9167521411516647012, 1.000000000000000000 ),
 ( 0.000000000000000000, 1.000000000000000000 ),
 .UNSPECIFIED. ) ;
#4918 = CARTESIAN_POINT ( 'NONE',  ( 0.6166654893556383632, 0.9999606299212596694, -0.8881395051619502823 ) ) ;
#4919 = DIRECTION ( 'NONE',  ( 0.000000000000000000, 0.000000000000000000, -1.000000000000000000 ) ) ;
#4920 = CARTESIAN_POINT ( 'NONE',  ( 0.6111021298356607012, 1.000000000000000000, -0.8492696619469072283 ) ) ;
#4921 = CARTESIAN_POINT ( 'NONE',  ( 0.7454536939245104410, 0.9999606299212595584, -0.8912161392352804246 ) ) ;
#4922 = CARTESIAN_POINT ( 'NONE',  ( 0.7660358056750076194, 1.000000000000000222, -0.8653902929186875204 ) ) ;
#4923 = CARTESIAN_POINT ( 'NONE',  ( 0.5540386495742067874, 0.9999999999999998890, -0.8767663970327501666 ) ) ;
#4924 = CARTESIAN_POINT ( 'NONE',  ( 0.8285271145986111696, 1.000000000000000000, -0.8346000374147056755 ) ) ;
#4925 = CARTESIAN_POINT ( 'NONE',  ( 0.5411221689001016744, 1.000000000000000000, -0.8885335216759411292 ) ) ;
#4926 = B_SPLINE_SURFACE_WITH_KNOTS ( 'NONE', 3, 1, ( 
 ( #1217, #100 ),
 ( #5618, #3462 ),
 ( #6127, #6603 ),
 ( #3943, #79 ),
 ( #2352, #6146 ),
 ( #1195, #697 ),
 ( #4541, #4497 ),
 ( #5050, #5572 ),
 ( #2910, #3925 ),
 ( #632, #4111 ),
 ( #1338, #821 ) ),
 .UNSPECIFIED., .F., .F., .F.,
 ( 4, 1, 1, 1, 1, 1, 1, 1, 4 ),
 ( 2, 2 ),
 ( 0.000000000000000000, 0.1115694784847078430, 0.2312276298721046008, 0.3616269854306210507, 0.5010346984701832262, 0.6401569435219168769, 0.7693287052360811007, 0.8892759623006144531, 1.000000000000000000 ),
 ( 0.000000000000000000, 1.000000000000000000 ),
 .UNSPECIFIED. ) ;
#4927 = CARTESIAN_POINT ( 'NONE',  ( 0.5291822973143083253, 1.000000000000000222, -0.8417944808648570865 ) ) ;
#4928 = CARTESIAN_POINT ( 'NONE',  ( 0.8999056890068602987, 0.9999606299212597804, -0.4971109695922215632 ) ) ;
#4929 = CARTESIAN_POINT ( 'NONE',  ( 0.8770086713367366560, 0.9999999999999995559, -0.8670343786254018914 ) ) ;
#4930 = CARTESIAN_POINT ( 'NONE',  ( 0.7643385356885443738, 0.9999606299212601135, -0.8721347332379562056 ) ) ;
#4931 = EDGE_CURVE ( 'NONE', #527, #3109, #5870, .T. ) ;
#4932 = ORIENTED_EDGE ( 'NONE', *, *, #2913, .T. ) ;
#4933 = CARTESIAN_POINT ( 'NONE',  ( 0.7270162540003514140, 0.9999606299212602245, -0.8055387846828000464 ) ) ;
#4934 = CARTESIAN_POINT ( 'NONE',  ( 0.7520761277625507280, 0.9999606299212597804, -0.8199159227476131573 ) ) ;
#4935 = LINE ( 'NONE', #5531, #2335 ) ;
#4936 = AXIS2_PLACEMENT_3D ( 'NONE', #4534, #2317, #670 ) ;
#4937 = LINE ( 'NONE', #1305, #6429 ) ;
#4938 = ORIENTED_EDGE ( 'NONE', *, *, #1520, .F. ) ;
#4939 = CARTESIAN_POINT ( 'NONE',  ( 0.7895801031042189999, 0.9999606299212601135, -0.8047185706337192102 ) ) ;
#4940 = B_SPLINE_CURVE_WITH_KNOTS ( 'NONE', 3,
 ( #4299, #1057, #5377, #5415, #6491, #7033, #4980, #3327, #1088, #6549, #2793 ),
 .UNSPECIFIED., .F., .F.,
 ( 4, 1, 1, 1, 1, 1, 1, 1, 4 ),
 ( 0.000000000000000000, 0.1626431852777583120, 0.3129011774167607118, 0.4532937951677720179, 0.5841302525373105459, 0.7028496076486201449, 0.8110576394281253654, 0.9105860842556654511, 1.000000000000000000 ),
 .UNSPECIFIED. ) ;
#4941 = ORIENTED_EDGE ( 'NONE', *, *, #4237, .F. ) ;
#4942 = FACE_OUTER_BOUND ( 'NONE', #607, .T. ) ;
#4943 = CARTESIAN_POINT ( 'NONE',  ( 0.6988578827821755324, 0.9999606299212601135, -0.8625093308726275998 ) ) ;
#4944 = DIRECTION ( 'NONE',  ( -1.000000000000000000, 0.000000000000000000, 0.000000000000000000 ) ) ;
#4945 = VERTEX_POINT ( 'NONE', #648 ) ;
#4946 = FACE_OUTER_BOUND ( 'NONE', #5409, .T. ) ;
#4947 = AXIS2_PLACEMENT_3D ( 'NONE', #3025, #2999, #2471 ) ;
#4948 = EDGE_CURVE ( 'NONE', #3666, #3298, #2121, .T. ) ;
#4949 = ORIENTED_EDGE ( 'NONE', *, *, #4880, .F. ) ;
#4950 = CARTESIAN_POINT ( 'NONE',  ( 0.7240356644000547348, 0.9999606299212597804, -0.8614371012631655278 ) ) ;
#4951 = VECTOR ( 'NONE', #2823, 39.37007874015748854 ) ;
#4952 = CARTESIAN_POINT ( 'NONE',  ( 0.5465713325299915715, 0.9999606299212601135, -0.8857919000159768519 ) ) ;
#4953 = ORIENTED_EDGE ( 'NONE', *, *, #6734, .F. ) ;
#4954 = CARTESIAN_POINT ( 'NONE',  ( 0.5567037087622670466, 0.9999606299212602245, -0.8683666179796919460 ) ) ;
#4955 = ORIENTED_EDGE ( 'NONE', *, *, #4502, .F. ) ;
#4956 = CARTESIAN_POINT ( 'NONE',  ( 0.6179632165940552868, 0.9999606299212596694, -0.8540365773140662364 ) ) ;
#4957 = CARTESIAN_POINT ( 'NONE',  ( 0.7592540757329977463, 1.000000000000000222, -0.8783871716738368418 ) ) ;
#4958 = CARTESIAN_POINT ( 'NONE',  ( 0.5467400692296846554, 0.9999606299209541360, -0.8597129257055334817 ) ) ;
#4959 = VECTOR ( 'NONE', #3745, 39.37007874015748143 ) ;
#4960 = CARTESIAN_POINT ( 'NONE',  ( 0.7740755315781393531, 0.9999606299212597804, -0.8761754789118554321 ) ) ;
#4961 = CARTESIAN_POINT ( 'NONE',  ( 0.6781145732723425912, 0.9999606299212597804, -0.8798151207316160516 ) ) ;
#4962 =( LENGTH_UNIT ( ) NAMED_UNIT ( * ) SI_UNIT ( $, .METRE. ) );
#4963 = DIRECTION ( 'NONE',  ( 0.000000000000000000, -1.000000000000000000, 0.000000000000000000 ) ) ;
#4964 = CARTESIAN_POINT ( 'NONE',  ( 0.8041229869834248811, 0.9999999999999998890, -0.8021128305268589997 ) ) ;
#4965 = ADVANCED_FACE ( 'NONE', ( #6278 ), #157, .F. ) ;
#4966 = ORIENTED_EDGE ( 'NONE', *, *, #6578, .F. ) ;
#4967 = ORIENTED_EDGE ( 'NONE', *, *, #5657, .T. ) ;
#4968 = EDGE_CURVE ( 'NONE', #1472, #5119, #2366, .T. ) ;
#4969 = CARTESIAN_POINT ( 'NONE',  ( 0.6126133221408956997, 0.9999606299212596694, -0.8770528758860777208 ) ) ;
#4970 = CARTESIAN_POINT ( 'NONE',  ( 0.6144993457716731999, 0.9999606299212598914, -0.7904433374284779434 ) ) ;
#4971 = EDGE_CURVE ( 'NONE', #1663, #4264, #572, .T. ) ;
#4972 = CARTESIAN_POINT ( 'NONE',  ( 0.5572527531377392540, 0.9999606299212598914, -0.8618822046330096853 ) ) ;
#4973 = EDGE_CURVE ( 'NONE', #5502, #610, #4878, .T. ) ;
#4974 = CARTESIAN_POINT ( 'NONE',  ( 0.6197740921962708871, 0.9999606299212598914, -0.8581005706048645543 ) ) ;
#4975 = CARTESIAN_POINT ( 'NONE',  ( 0.7626492965223349296, 0.9999606299212598914, -0.8749599761135716802 ) ) ;
#4976 = B_SPLINE_SURFACE_WITH_KNOTS ( 'NONE', 3, 1, ( 
 ( #2590, #5851 ),
 ( #4263, #3179 ),
 ( #4719, #3643 ),
 ( #1535, #2546 ),
 ( #959, #1986 ),
 ( #5368, #5899 ),
 ( #3099, #336 ),
 ( #1432, #5796 ),
 ( #438, #6335 ),
 ( #913, #387 ),
 ( #5289, #4808 ),
 ( #4206, #4749 ),
 ( #2085, #6409 ),
 ( #2011, #2568 ),
 ( #6386, #6363 ),
 ( #2642, #3121 ),
 ( #4231, #936 ),
 ( #4782, #1479 ),
 ( #5313, #2060 ) ),
 .UNSPECIFIED., .F., .F., .F.,
 ( 4, 1, 1, 1, 1, 1, 1, 1, 1, 1, 1, 1, 1, 1, 1, 1, 4 ),
 ( 2, 2 ),
 ( 0.000000000000000000, 0.04201179318333966850, 0.08511657970956543195, 0.1300841362207595109, 0.1769659536804752409, 0.2261453228974991958, 0.2772304004651412468, 0.3308011550515152499, 0.3865502460840016807, 0.4458574538040651625, 0.5099817147460025124, 0.5788566239058994256, 0.6532605220228081544, 0.7319176588047652254, 0.8160112270400413648, 0.9052459153235259404, 1.000000000000000000 ),
 ( 0.000000000000000000, 1.000000000000000000 ),
 .UNSPECIFIED. ) ;
#4977 = CARTESIAN_POINT ( 'NONE',  ( 0.7971621616521076259, 1.000000000000000444, -0.7937550718043046016 ) ) ;
#4978 = COORDINATED_UNIVERSAL_TIME_OFFSET ( 5, 0, .BEHIND. ) ;
#4979 = CARTESIAN_POINT ( 'NONE',  ( 0.5822121558773274419, 0.9999606299212597804, -0.8364866692082413291 ) ) ;
#4980 = CARTESIAN_POINT ( 'NONE',  ( 0.5368118483510653238, 0.9999606299212601135, -0.8895920082159313180 ) ) ;
#4981 = CARTESIAN_POINT ( 'NONE',  ( 0.6624263539471000328, 0.9999606299212596694, -0.8729356241436480035 ) ) ;
#4982 = CARTESIAN_POINT ( 'NONE',  ( 0.9999999999999998890, 0.007874015748031199316, -1.371259637444757143E-16 ) ) ;
#4983 = FACE_OUTER_BOUND ( 'NONE', #617, .T. ) ;
#4984 = CARTESIAN_POINT ( 'NONE',  ( 0.8080884075033395453, 0.9999606299212604466, -0.7883256228661946752 ) ) ;
#4985 = CARTESIAN_POINT ( 'NONE',  ( 0.5994066148099149727, 0.9999606299212597804, -0.8785084495112716052 ) ) ;
#4986 = VECTOR ( 'NONE', #94, 39.37007874015748143 ) ;
#4987 = CARTESIAN_POINT ( 'NONE',  ( 0.6113024737536214559, 0.9999606299212596694, -0.8774984988413762066 ) ) ;
#4988 = ORIENTED_EDGE ( 'NONE', *, *, #1335, .T. ) ;
#4989 = ORIENTED_EDGE ( 'NONE', *, *, #1230, .F. ) ;
#4990 = CARTESIAN_POINT ( 'NONE',  ( 0.5556399471804420731, 1.000000000000000444, -0.8727708921553501975 ) ) ;
#4991 = CARTESIAN_POINT ( 'NONE',  ( 0.6334262006216457852, 0.9999606299212598914, -0.8189023597747957517 ) ) ;
#4992 = ADVANCED_FACE ( 'NONE', ( #5040 ), #2505, .T. ) ;
#4993 = CARTESIAN_POINT ( 'NONE',  ( 0.5391773499778149681, 0.9999606299209543581, -0.8443178810191206418 ) ) ;
#4994 = ORIENTED_EDGE ( 'NONE', *, *, #975, .T. ) ;
#4995 = CARTESIAN_POINT ( 'NONE',  ( 0.7883815154890697618, 0.9999606299212597804, -0.8372048148677169177 ) ) ;
#4996 = ORIENTED_EDGE ( 'NONE', *, *, #5576, .T. ) ;
#4997 = CARTESIAN_POINT ( 'NONE',  ( 0.7539625600978226982, 0.9999606299212598914, -0.8915519976518780920 ) ) ;
#4998 = ORIENTED_EDGE ( 'NONE', *, *, #1408, .T. ) ;
#4999 = DIRECTION ( 'NONE',  ( 1.000000000000000000, 0.000000000000000000, 0.000000000000000000 ) ) ;
#5000 = DATE_TIME_ROLE ( 'classification_date' ) ;
#5001 = ORIENTED_EDGE ( 'NONE', *, *, #1133, .F. ) ;
#5002 = CARTESIAN_POINT ( 'NONE',  ( 0.7442271727834030015, 0.9999606299212597804, -0.8113221134195118811 ) ) ;
#5003 = B_SPLINE_CURVE_WITH_KNOTS ( 'NONE', 3,
 ( #1122, #7025, #2247, #89, #2361, #6135, #29, #3346, #6044, #3870, #6961, #2624, #1236, #4553, #2363, #4514, #1209, #5061, #2334 ),
 .UNSPECIFIED., .F., .F.,
 ( 4, 1, 1, 1, 1, 1, 1, 1, 1, 1, 1, 1, 1, 1, 1, 1, 4 ),
 ( 0.000000000000000000, 0.06906221142851934336, 0.1347658792836469999, 0.1976107057024324987, 0.2585282108425840386, 0.3181274252810143977, 0.3770582660618966298, 0.4356857915191255648, 0.4947336263914089427, 0.5540911070636512781, 0.6133334186580052805, 0.6729241889746491179, 0.7340655047106257047, 0.7962987887860594194, 0.8612408916846016060, 0.9289703310657799751, 1.000000000000000000 ),
 .UNSPECIFIED. ) ;
#5004 = CARTESIAN_POINT ( 'NONE',  ( 0.7879252927544552199, 0.9999606299212598914, -0.8104116514621957368 ) ) ;
#5005 = CARTESIAN_POINT ( 'NONE',  ( 0.5253760565416858430, 0.9999606299212597804, -0.8903270752214988981 ) ) ;
#5006 = VERTEX_POINT ( 'NONE', #4121 ) ;
#5007 = EDGE_CURVE ( 'NONE', #3886, #3948, #6180, .T. ) ;
#5008 = CARTESIAN_POINT ( 'NONE',  ( 0.6072459469057198689, 1.000000000000000222, -0.8781663899976834831 ) ) ;
#5009 = CARTESIAN_POINT ( 'NONE',  ( 0.6896373701886661101, 0.9999999999999998890, -0.8439516126675128405 ) ) ;
#5010 = CARTESIAN_POINT ( 'NONE',  ( 0.6037089976507852285, 0.9999606299212598914, -0.7892156201477802391 ) ) ;
#5011 = FACE_OUTER_BOUND ( 'NONE', #777, .T. ) ;
#5012 = LINE ( 'NONE', #4722, #2611 ) ;
#5013 = CARTESIAN_POINT ( 'NONE',  ( 0.9921259842519686289, 0.9921259842519684069, -2.545265195132438449E-17 ) ) ;
#5014 = ORIENTED_EDGE ( 'NONE', *, *, #3274, .T. ) ;
#5015 = CARTESIAN_POINT ( 'NONE',  ( 0.7082342803950923971, 0.9999606299212597804, -0.8019907281758515971 ) ) ;
#5016 = LINE ( 'NONE', #3552, #1664 ) ;
#5017 = CARTESIAN_POINT ( 'NONE',  ( 0.5291822973143083253, 0.9999606299209542470, -0.8417944808648570865 ) ) ;
#5018 = VERTEX_POINT ( 'NONE', #4069 ) ;
#5019 = CARTESIAN_POINT ( 'NONE',  ( 0.8069299293202731871, 0.9999606299212597804, -0.8442169099050588210 ) ) ;
#5020 = VECTOR ( 'NONE', #4888, 39.37007874015748143 ) ;
#5021 = CARTESIAN_POINT ( 'NONE',  ( 0.7660574447030851220, 0.9999606299212598914, -0.8635094644519381024 ) ) ;
#5022 = EDGE_CURVE ( 'NONE', #1854, #1295, #6105, .T. ) ;
#5023 = CARTESIAN_POINT ( 'NONE',  ( 0.6307998393527062264, 1.000000000000000000, -0.8649047188760621285 ) ) ;
#5024 = VECTOR ( 'NONE', #3597, 39.37007874015748143 ) ;
#5025 = ORIENTED_EDGE ( 'NONE', *, *, #6876, .F. ) ;
#5026 = CARTESIAN_POINT ( 'NONE',  ( 0.7250576324960876784, 0.9999606299212598914, -0.8011328958978062298 ) ) ;
#5027 = VERTEX_POINT ( 'NONE', #205 ) ;
#5028 = DIRECTION ( 'NONE',  ( -0.000000000000000000, 1.000000000000000000, -0.000000000000000000 ) ) ;
#5029 = LINE ( 'NONE', #1293, #3318 ) ;
#5031 = ORIENTED_EDGE ( 'NONE', *, *, #6006, .F. ) ;
#5030 = PRODUCT_DEFINITION_FORMATION_WITH_SPECIFIED_SOURCE ( 'ANY', '', #1065, .NOT_KNOWN. ) ;
#5032 = VERTEX_POINT ( 'NONE', #4044 ) ;
#5033 = ADVANCED_FACE ( 'NONE', ( #1847 ), #756, .T. ) ;
#5034 = CARTESIAN_POINT ( 'NONE',  ( 0.6306721157475827511, 0.9999606299212598914, -0.8685024755055859025 ) ) ;
#5035 = LINE ( 'NONE', #1770, #489 ) ;
#5036 = EDGE_LOOP ( 'NONE', ( #3367, #714, #3985, #520 ) ) ;
#5037 = CARTESIAN_POINT ( 'NONE',  ( 0.6226231904530005190, 0.9999606299212604466, -0.8422597562642643032 ) ) ;
#5038 = CARTESIAN_POINT ( 'NONE',  ( 0.6800654990315384563, 1.000000000000000222, -0.8464620940508051916 ) ) ;
#5039 = DIRECTION ( 'NONE',  ( -0.7071067811865474617, 0.000000000000000000, -0.7071067811865474617 ) ) ;
#5040 = FACE_OUTER_BOUND ( 'NONE', #5036, .T. ) ;
#5041 = CARTESIAN_POINT ( 'NONE',  ( 0.5301175129339944503, 0.9999606299212598914, -0.8300059327762228101 ) ) ;
#5042 = CARTESIAN_POINT ( 'NONE',  ( 0.7122170386898273309, 0.9999606299212597804, -0.8173429577713626770 ) ) ;
#5043 = CARTESIAN_POINT ( 'NONE',  ( 0.8390650614201082824, 1.000000000000000000, -0.8099828641552212494 ) ) ;
#5044 = CARTESIAN_POINT ( 'NONE',  ( 0.8275463911775710057, 1.000000000000000000, -0.8086302586628927314 ) ) ;
#5045 = DIRECTION ( 'NONE',  ( -0.000000000000000000, 1.000000000000000000, -0.000000000000000000 ) ) ;
#5046 = CARTESIAN_POINT ( 'NONE',  ( 0.7500109865483965965, 1.000000000000000000, -0.8916158426702358586 ) ) ;
#5047 = ORIENTED_EDGE ( 'NONE', *, *, #1874, .F. ) ;
#5048 = B_SPLINE_CURVE_WITH_KNOTS ( 'NONE', 3,
 ( #3964, #3995, #680, #701, #5093, #1803, #1224, #5074, #1785, #5603, #2325, #6130, #3477, #6629, #986 ),
 .UNSPECIFIED., .F., .F.,
 ( 4, 1, 1, 1, 1, 1, 1, 1, 1, 1, 1, 1, 4 ),
 ( 0.000000000000000000, 0.1093800741214252387, 0.2106028248854710239, 0.3040152216769070326, 0.3890488990674318970, 0.4663664913632530329, 0.5360298331844524089, 0.5979862717537249850, 0.6521467510862020145, 0.7493520093192567177, 0.8388265501964041748, 0.9217438124469414795, 1.000000000000000000 ),
 .UNSPECIFIED. ) ;
#5049 = ORIENTED_EDGE ( 'NONE', *, *, #5456, .T. ) ;
#5050 = CARTESIAN_POINT ( 'NONE',  ( 0.8634368444494837647, 0.9999606299212597804, -0.8564549405671526561 ) ) ;
#5051 = CARTESIAN_POINT ( 'NONE',  ( 0.6624842428494703839, 0.9999606299212598914, -0.8540863661020755560 ) ) ;
#5052 = CARTESIAN_POINT ( 'NONE',  ( 0.6140771803507344417, 0.9999606299212597804, -0.8763652889079717179 ) ) ;
#5053 = CARTESIAN_POINT ( 'NONE',  ( 0.7870683348546001490, 1.000000000000000000, -0.8167889596911959149 ) ) ;
#5054 = CARTESIAN_POINT ( 'NONE',  ( 0.6203450460828366930, 0.9999606299212602245, -0.7925952685675000664 ) ) ;
#5055 = FACE_OUTER_BOUND ( 'NONE', #6745, .T. ) ;
#5056 = CARTESIAN_POINT ( 'NONE',  ( 0.5503118313162933539, 0.9999606299212598914, -0.8385645700545302228 ) ) ;
#5057 = EDGE_CURVE ( 'NONE', #3170, #395, #4691, .T. ) ;
#5058 = CARTESIAN_POINT ( 'NONE',  ( 0.6894158785427353386, 0.9999606299212597804, -0.7887124802793079592 ) ) ;
#5059 = ADVANCED_FACE ( 'NONE', ( #1768 ), #3043, .F. ) ;
#5060 = CARTESIAN_POINT ( 'NONE',  ( 0.6687344524619661668, 1.000000000000000000, -0.8498824165422602661 ) ) ;
#5061 = CARTESIAN_POINT ( 'NONE',  ( 0.6466132105241687578, 0.9999999999999998890, -0.8207611638191728565 ) ) ;
#5062 = CARTESIAN_POINT ( 'NONE',  ( 0.7442271727834030015, 1.000000000000000000, -0.8113221134195118811 ) ) ;
#5063 = VECTOR ( 'NONE', #4613, 39.37007874015748854 ) ;
#5064 = DIRECTION ( 'NONE',  ( 0.000000000000000000, -1.000000000000000000, 0.000000000000000000 ) ) ;
#5065 = EDGE_LOOP ( 'NONE', ( #2018, #4035, #2100, #3896, #6489, #893, #3994 ) ) ;
#5066 = CARTESIAN_POINT ( 'NONE',  ( 0.9999999999999998890, 0.9921259842519688510, -0.007874015748032028514 ) ) ;
#5067 = LINE ( 'NONE', #5931, #3352 ) ;
#5068 = AXIS2_PLACEMENT_3D ( 'NONE', #4133, #3602, #219 ) ;
#5069 = EDGE_CURVE ( 'NONE', #4643, #1854, #4445, .T. ) ;
#5070 = CARTESIAN_POINT ( 'NONE',  ( 0.8399435030130631974, 0.9999606299212601135, -0.8339467881694069273 ) ) ;
#5071 = ORIENTED_EDGE ( 'NONE', *, *, #2453, .F. ) ;
#5072 = ORIENTED_EDGE ( 'NONE', *, *, #6791, .T. ) ;
#5073 = DIRECTION ( 'NONE',  ( -0.000000000000000000, 1.000000000000000000, -0.000000000000000000 ) ) ;
#5074 = CARTESIAN_POINT ( 'NONE',  ( 0.7589395083874073134, 1.000000000000000000, -0.8444799583308565394 ) ) ;
#5075 = CARTESIAN_POINT ( 'NONE',  ( 0.000000000000000000, 0.9999606299212597804, 0.000000000000000000 ) ) ;
#5076 = CARTESIAN_POINT ( 'NONE',  ( 0.6018831325039580848, 0.9999606299212598914, -0.8483134121915056891 ) ) ;
#5077 = CARTESIAN_POINT ( 'NONE',  ( 0.7883815154890697618, 0.9999606299212597804, -0.8372048148677169177 ) ) ;
#5078 = CARTESIAN_POINT ( 'NONE',  ( 0.8089886815360167738, 0.9999606299212601135, -0.8450728598850518747 ) ) ;
#5079 = CARTESIAN_POINT ( 'NONE',  ( 0.4551450449156568268, 0.9999606299212597804, -0.1495351693177169317 ) ) ;
#5080 = CARTESIAN_POINT ( 'NONE',  ( 0.7377583413368189458, 1.000000000000000000, -0.8021804958728306900 ) ) ;
#5081 = CARTESIAN_POINT ( 'NONE',  ( 0.5467400692296846554, 0.9999606299212598914, -0.8597129257055334817 ) ) ;
#5082 = CARTESIAN_POINT ( 'NONE',  ( 0.1003966783382542194, 0.9999606299212597804, -0.5063989121866298015 ) ) ;
#5083 = B_SPLINE_CURVE_WITH_KNOTS ( 'NONE', 3,
 ( #5166, #3450, #231, #1880, #6768, #5695, #2919, #6715, #2436, #208, #6231, #5143, #2992, #4046, #3539, #4552, #254, #158, #757 ),
 .UNSPECIFIED., .F., .F.,
 ( 4, 1, 1, 1, 1, 1, 1, 1, 1, 1, 1, 1, 1, 1, 1, 1, 4 ),
 ( 0.000000000000000000, 0.07812529689189208482, 0.1518301493922382395, 0.2221520613979006964, 0.2890233266244048860, 0.3525976224640660073, 0.4148420026739735311, 0.4749348900295516374, 0.5348433958080156536, 0.5934135167521031873, 0.6507869454438930390, 0.7072859995271792988, 0.7634577572775824716, 0.8197238077213176988, 0.8778515259498448353, 0.9374785251711055256, 1.000000000000000000 ),
 .UNSPECIFIED. ) ;
#5084 = LINE ( 'NONE', #4537, #27 ) ;
#5085 = ADVANCED_FACE ( 'NONE', ( #5454, #6031 ), #1374, .T. ) ;
#5086 = EDGE_CURVE ( 'NONE', #1600, #4697, #132, .T. ) ;
#5087 = EDGE_CURVE ( 'NONE', #6066, #2237, #3480, .T. ) ;
#5088 = FACE_OUTER_BOUND ( 'NONE', #6384, .T. ) ;
#5089 = LINE ( 'NONE', #6969, #3638 ) ;
#5090 = ORIENTED_EDGE ( 'NONE', *, *, #4137, .T. ) ;
#5091 = EDGE_CURVE ( 'NONE', #1191, #5298, #5959, .T. ) ;
#5092 = VERTEX_POINT ( 'NONE', #4806 ) ;
#5093 = CARTESIAN_POINT ( 'NONE',  ( 0.7525127294194865479, 1.000000000000000222, -0.8364813673410808059 ) ) ;
#5094 = CARTESIAN_POINT ( 'NONE',  ( 0.6623590871663405100, 1.000000000000000222, -0.8078872227987546895 ) ) ;
#5095 = VECTOR ( 'NONE', #3414, 39.37007874015748143 ) ;
#5096 = CARTESIAN_POINT ( 'NONE',  ( 0.8233695737683932592, 0.9999999999999998890, -0.8550000404217957817 ) ) ;
#5097 = ORIENTED_EDGE ( 'NONE', *, *, #3404, .F. ) ;
#5098 = CARTESIAN_POINT ( 'NONE',  ( 0.5545839674193597801, 1.000000000000000222, -0.8458248433995798621 ) ) ;
#5099 = LINE ( 'NONE', #3618, #2711 ) ;
#5100 = CARTESIAN_POINT ( 'NONE',  ( 0.8245866731894526680, 0.9999999999999998890, -0.7904706051175182102 ) ) ;
#5101 = ORIENTED_EDGE ( 'NONE', *, *, #5190, .T. ) ;
#5102 = LINE ( 'NONE', #88, #6453 ) ;
#5103 = CARTESIAN_POINT ( 'NONE',  ( 0.6154781476912922766, 0.9999606299212598914, -0.8032746236797895234 ) ) ;
#5104 = CARTESIAN_POINT ( 'NONE',  ( 0.7570722884748636305, 0.9999606299212597804, -0.8420324026558677621 ) ) ;
#5105 = VERTEX_POINT ( 'NONE', #4746 ) ;
#5106 = CARTESIAN_POINT ( 'NONE',  ( 0.6229207555458879941, 1.000000000000000000, -0.8188202859851411164 ) ) ;
#5107 = ORIENTED_EDGE ( 'NONE', *, *, #5952, .T. ) ;
#5108 = CARTESIAN_POINT ( 'NONE',  ( 0.5717067108015697618, 0.9999606299212597804, -0.8903270752214988981 ) ) ;
#5109 = ORIENTED_EDGE ( 'NONE', *, *, #2374, .T. ) ;
#5110 = CARTESIAN_POINT ( 'NONE',  ( 0.6223856006527225260, 1.000000000000000222, -0.8130853091124239373 ) ) ;
#5111 = LINE ( 'NONE', #5897, #732 ) ;
#5112 = CARTESIAN_POINT ( 'NONE',  ( 0.8763612976193928539, 1.000000000000000222, -0.8810356350777240886 ) ) ;
#5113 = CARTESIAN_POINT ( 'NONE',  ( 0.8335898575554961942, 0.9999999999999998890, -0.8473849108260267382 ) ) ;
#5114 = CARTESIAN_POINT ( 'NONE',  ( 0.007874015748031584425, 0.000000000000000000, -0.007874015748031584425 ) ) ;
#5115 = CARTESIAN_POINT ( 'NONE',  ( 0.6197740921962708871, 0.9999606299212601135, -0.8581005706048645543 ) ) ;
#5116 = B_SPLINE_CURVE_WITH_KNOTS ( 'NONE', 3,
 ( #4275, #4368, #1614, #5444, #3728, #6472, #1565 ),
 .UNSPECIFIED., .F., .F.,
 ( 4, 1, 1, 1, 4 ),
 ( 0.000000000000000000, 0.3231090798450225732, 0.5974912675160265474, 0.8217859227818740120, 1.000000000000000000 ),
 .UNSPECIFIED. ) ;
#5117 = ORIENTED_EDGE ( 'NONE', *, *, #966, .F. ) ;
#5118 = DIRECTION ( 'NONE',  ( 0.000000000000000000, 1.000000000000000000, 0.000000000000000000 ) ) ;
#5119 = VERTEX_POINT ( 'NONE', #6333 ) ;
#5120 = ADVANCED_FACE ( 'NONE', ( #3068 ), #3177, .F. ) ;
#5121 = CARTESIAN_POINT ( 'NONE',  ( 0.8351809088539038362, 1.000000000000000444, -0.8010727231647289948 ) ) ;
#5122 = CARTESIAN_POINT ( 'NONE',  ( 0.7467216788381468850, 1.000000000000000444, -0.8301284162405954126 ) ) ;
#5123 = CARTESIAN_POINT ( 'NONE',  ( 0.6216606592701802159, 0.9999606299212598914, -0.8265702838716502132 ) ) ;
#5124 = ORIENTED_EDGE ( 'NONE', *, *, #6929, .F. ) ;
#5125 = CARTESIAN_POINT ( 'NONE',  ( 0.5391773499778149681, 0.9999606299212602245, -0.8443178810191206418 ) ) ;
#5126 = B_SPLINE_CURVE_WITH_KNOTS ( 'NONE', 3,
 ( #5318, #2519, #1609, #530, #6505, #4382, #4924, #2647, #6468, #2690, #6484, #3231, #6443, #7000, #2668, #2138, #5902, #2182, #441 ),
 .UNSPECIFIED., .F., .F.,
 ( 4, 1, 1, 1, 1, 1, 1, 1, 1, 1, 1, 1, 1, 1, 1, 1, 4 ),
 ( 0.000000000000000000, 0.08200255231875340500, 0.1597715690462407079, 0.2336177311362617193, 0.3034280842814565116, 0.3703725193437349961, 0.4345243117234923180, 0.4964024124852134956, 0.5573274680850505147, 0.6162825864692522693, 0.6725038525717199622, 0.7274967451323800516, 0.7809690145095001812, 0.8345385593342701247, 0.8882595021382543310, 0.9431158980645314438, 1.000000000000000000 ),
 .UNSPECIFIED. ) ;
#5127 = CARTESIAN_POINT ( 'NONE',  ( 0.7113016085947266864, 0.9999999999999996669, -0.8092977747519202181 ) ) ;
#5128 = CARTESIAN_POINT ( 'NONE',  ( 0.6333119291265902895, 0.9999606299212597804, -0.8144649954552737325 ) ) ;
#5129 = CARTESIAN_POINT ( 'NONE',  ( 0.6629932833446272600, 0.9999606299212597804, -0.8534349067718657311 ) ) ;
#5130 = CARTESIAN_POINT ( 'NONE',  ( 0.7920504915700032900, 1.000000000000000222, -0.7997539788417156181 ) ) ;
#5131 = DATE_AND_TIME ( #754, #239 ) ;
#5132 = CARTESIAN_POINT ( 'NONE',  ( 0.6307998393527062264, 1.000000000000000000, -0.8649047188760621285 ) ) ;
#5133 = EDGE_CURVE ( 'NONE', #5092, #4268, #7042, .T. ) ;
#5134 = LINE ( 'NONE', #4843, #6051 ) ;
#5135 = CARTESIAN_POINT ( 'NONE',  ( 0.6522324700215528237, 1.000000000000000222, -0.8774874777478672838 ) ) ;
#5136 = DIRECTION ( 'NONE',  ( 1.000000000000000000, 0.000000000000000000, 0.000000000000000000 ) ) ;
#5137 = CARTESIAN_POINT ( 'NONE',  ( 0.5717067108015697618, 0.9999606299212597804, -0.7892121663673321574 ) ) ;
#5138 = DIRECTION ( 'NONE',  ( -0.000000000000000000, 1.000000000000000000, -0.000000000000000000 ) ) ;
#5139 = EDGE_CURVE ( 'NONE', #553, #1082, #5777, .T. ) ;
#5140 = LINE ( 'NONE', #270, #5812 ) ;
#5141 = CARTESIAN_POINT ( 'NONE',  ( 0.5047344984436151760, 0.9999606299212597804, -0.8417393917461201136 ) ) ;
#5142 = ORIENTED_EDGE ( 'NONE', *, *, #1471, .F. ) ;
#5143 = CARTESIAN_POINT ( 'NONE',  ( 0.6987228412854259441, 0.9999999999999996669, -0.8070730345289581775 ) ) ;
#5144 = CARTESIAN_POINT ( 'NONE',  ( 0.7660048934891675598, 1.000000000000000444, -0.8623558288356970580 ) ) ;
#5145 = VERTEX_POINT ( 'NONE', #3154 ) ;
#5146 = PLANE ( 'NONE',  #2945 ) ;
#5147 = AXIS2_PLACEMENT_3D ( 'NONE', #6426, #3216, #3195 ) ;
#5148 = CARTESIAN_POINT ( 'NONE',  ( 0.6202943942769485464, 1.000000000000000000, -0.8632427246355613981 ) ) ;
#5149 = CARTESIAN_POINT ( 'NONE',  ( 0.6078982677346296271, 0.9999606299212597804, -0.7894019672889153183 ) ) ;
#5150 = DIRECTION ( 'NONE',  ( 0.000000000000000000, -5.832245412039038347E-12, 1.000000000000000000 ) ) ;
#5151 = EDGE_LOOP ( 'NONE', ( #5462, #5511, #1890, #4752 ) ) ;
#5152 = CARTESIAN_POINT ( 'NONE',  ( 0.7879252927544552199, 1.000000000000000222, -0.8104116514621957368 ) ) ;
#5153 = CARTESIAN_POINT ( 'NONE',  ( 0.6645774423013499632, 0.9999606299212597804, -0.8753574800562177183 ) ) ;
#5154 = DIRECTION ( 'NONE',  ( -0.7071067811865440200, -0.7071067811865510144, 1.385997644975561158E-16 ) ) ;
#5155 = ORIENTED_EDGE ( 'NONE', *, *, #3722, .F. ) ;
#5156 = EDGE_LOOP ( 'NONE', ( #4949, #1643, #149, #6570 ) ) ;
#5157 = EDGE_CURVE ( 'NONE', #5449, #1521, #3757, .T. ) ;
#5158 = ADVANCED_FACE ( 'NONE', ( #4182 ), #5820, .T. ) ;
#5159 = CARTESIAN_POINT ( 'NONE',  ( 0.8409087408678576070, 0.9999606299212597804, -0.8236421211273345921 ) ) ;
#5160 = ORIENTED_EDGE ( 'NONE', *, *, #1739, .T. ) ;
#5161 = CARTESIAN_POINT ( 'NONE',  ( 0.7351375710717196199, 0.9999606299212596694, -0.8670421205111057406 ) ) ;
#5162 = CARTESIAN_POINT ( 'NONE',  ( 0.6752942764194443948, 0.9999606299212598914, -0.8915760465103962362 ) ) ;
#5163 = CARTESIAN_POINT ( 'NONE',  ( 0.8369691989644486574, 0.9999606299212597804, -0.8890138945870291742 ) ) ;
#5164 = EDGE_LOOP ( 'NONE', ( #4238, #1404, #2096, #6435 ) ) ;
#5165 = CARTESIAN_POINT ( 'NONE',  ( 0.7362690325568378436, 0.9999999999999998890, -0.8709527415770058623 ) ) ;
#5166 = CARTESIAN_POINT ( 'NONE',  ( 0.6812752199901351835, 1.000000000000000000, -0.7997176114430898375 ) ) ;
#5167 = CARTESIAN_POINT ( 'NONE',  ( 0.7636345360901121149, 0.9999606299212593363, -0.8526478818462309706 ) ) ;
#5168 = LINE ( 'NONE', #1462, #2420 ) ;
#5169 = CARTESIAN_POINT ( 'NONE',  ( 0.6755012217690766763, 0.9999606299212597804, -0.8364270270240657945 ) ) ;
#5170 = CARTESIAN_POINT ( 'NONE',  ( 0.5822121558773274419, 0.9999606299212597804, -0.8010307920775594503 ) ) ;
#5171 = FACE_OUTER_BOUND ( 'NONE', #4260, .T. ) ;
#5172 = B_SPLINE_CURVE_WITH_KNOTS ( 'NONE', 3,
 ( #1159, #5038, #1203, #4504, #5555, #5009, #2291, #1181, #661, #4461, #702 ),
 .UNSPECIFIED., .F., .F.,
 ( 4, 1, 1, 1, 1, 1, 1, 1, 4 ),
 ( 0.000000000000000000, 0.1693237986142559770, 0.3253554330119017290, 0.4689155231524376743, 0.6003115468851079051, 0.7188463901177559734, 0.8249851745593383967, 0.9187577878191786063, 1.000000000000000000 ),
 .UNSPECIFIED. ) ;
#5173 = EDGE_LOOP ( 'NONE', ( #2239, #2490, #3789, #5072 ) ) ;
#5174 = ORIENTED_EDGE ( 'NONE', *, *, #276, .T. ) ;
#5175 = FACE_OUTER_BOUND ( 'NONE', #1921, .T. ) ;
#5176 = CARTESIAN_POINT ( 'NONE',  ( 0.6812752199901351835, 0.9999606299212597804, -0.7997176114430898375 ) ) ;
#5177 = ORIENTED_EDGE ( 'NONE', *, *, #5222, .F. ) ;
#5178 = CARTESIAN_POINT ( 'NONE',  ( 0.7371674707447516406, 0.9999606299212597804, -0.8010307920775594503 ) ) ;
#5179 = CARTESIAN_POINT ( 'NONE',  ( 0.7988869605648273309, 0.9999606299212597804, -0.8357069682065249028 ) ) ;
#5180 = VECTOR ( 'NONE', #345, 39.37007874015748143 ) ;
#5181 = LINE ( 'NONE', #5661, #6161 ) ;
#5182 = ORIENTED_EDGE ( 'NONE', *, *, #6365, .T. ) ;
#5183 = CARTESIAN_POINT ( 'NONE',  ( 0.8353134293721999892, 0.9999606299212595584, -0.8451051907111396533 ) ) ;
#5184 = VERTEX_POINT ( 'NONE', #5774 ) ;
#5185 = LINE ( 'NONE', #3907, #6094 ) ;
#5186 = EDGE_CURVE ( 'NONE', #3523, #404, #4366, .T. ) ;
#5187 = CARTESIAN_POINT ( 'NONE',  ( 0.7414182069716351853, 1.000000000000000222, -0.8780892087008453917 ) ) ;
#5188 = ORIENTED_EDGE ( 'NONE', *, *, #1913, .T. ) ;
#5189 = CARTESIAN_POINT ( 'NONE',  ( 0.5480526281587658755, 0.9999999999999998890, -0.8846429829422888247 ) ) ;
#5190 = EDGE_CURVE ( 'NONE', #5105, #4323, #3836, .T. ) ;
#5191 = ORIENTED_EDGE ( 'NONE', *, *, #6006, .T. ) ;
#5192 = CARTESIAN_POINT ( 'NONE',  ( 0.6748595198407207896, 1.000000000000000000, -0.8003761882059740040 ) ) ;
#5193 = CARTESIAN_POINT ( 'NONE',  ( 0.6934765442922979917, 1.000000000000000444, -0.7897920140987046977 ) ) ;
#5194 = LINE ( 'NONE', #640, #1926 ) ;
#5195 = CARTESIAN_POINT ( 'NONE',  ( 0.5454981294423530969, 1.000000000000000222, -0.8686505320728133972 ) ) ;
#5196 = AXIS2_PLACEMENT_3D ( 'NONE', #1936, #1835, #2487 ) ;
#5197 = ADVANCED_FACE ( 'NONE', ( #2360 ), #875, .T. ) ;
#5198 = CARTESIAN_POINT ( 'NONE',  ( -2.049995136288990752E-19, 1.000000000000000000, -0.007874015748031721468 ) ) ;
#5199 = DIRECTION ( 'NONE',  ( -1.000000000000000000, 0.000000000000000000, 0.000000000000000000 ) ) ;
#5200 = CARTESIAN_POINT ( 'NONE',  ( 0.6078982677346296271, 1.000000000000000000, -0.7894019672889153183 ) ) ;
#5201 = CARTESIAN_POINT ( 'NONE',  ( 0.6130584695480808533, 0.9999606299212596694, -0.8350748753807551994 ) ) ;
#5202 = CARTESIAN_POINT ( 'NONE',  ( 0.8162092151352582370, 0.9999606299212601135, -0.7879878259827545195 ) ) ;
#5203 = DIRECTION ( 'NONE',  ( -1.000000000000000000, 0.000000000000000000, 2.220446049250312588E-16 ) ) ;
#5204 = CARTESIAN_POINT ( 'NONE',  ( 0.5385683859456459333, 1.000000000000000000, -0.8892697774064808325 ) ) ;
#5205 = PLANE ( 'NONE',  #4311 ) ;
#5206 = CARTESIAN_POINT ( 'NONE',  ( 0.7520761277625507280, 0.9999606299212597804, -0.8199159227476131573 ) ) ;
#5207 = CARTESIAN_POINT ( 'NONE',  ( 0.7499900926464447837, 0.9999606299212601135, -0.8811227285877354376 ) ) ;
#5208 = ORIENTED_EDGE ( 'NONE', *, *, #2220, .T. ) ;
#5209 = CARTESIAN_POINT ( 'NONE',  ( 0.8162455670767237992, 1.000000000000000000, -0.8561843787252867433 ) ) ;
#5210 = CARTESIAN_POINT ( 'NONE',  ( 0.7348054100325174254, 1.000000000000000444, -0.8648652309006683581 ) ) ;
#5211 = CARTESIAN_POINT ( 'NONE',  ( 0.5357048174554760456, 0.9999999999999996669, -0.8428641042664105631 ) ) ;
#5212 = ORIENTED_EDGE ( 'NONE', *, *, #421, .F. ) ;
#5213 = CARTESIAN_POINT ( 'NONE',  ( 0.6879180705894645254, 1.000000000000000222, -0.8003507755660881351 ) ) ;
#5214 = CARTESIAN_POINT ( 'NONE',  ( 0.7121724122900977560, 1.000000000000000222, -0.8159714876401552575 ) ) ;
#5215 = CARTESIAN_POINT ( 'NONE',  ( 0.8125837904825062852, 0.9999999999999998890, -0.8456473034088487495 ) ) ;
#5216 = CARTESIAN_POINT ( 'NONE',  ( 0.6896373701886661101, 0.9999606299212596694, -0.8439516126675128405 ) ) ;
#5217 = DIRECTION ( 'NONE',  ( 1.000000000000000000, 0.000000000000000000, -0.000000000000000000 ) ) ;
#5218 = CARTESIAN_POINT ( 'NONE',  ( 0.5403371620901796790, 0.9999606299212598914, -0.8759521036879713840 ) ) ;
#5219 = CARTESIAN_POINT ( 'NONE',  ( 0.6028331955279843113, 1.000000000000000000, -0.7892121663673321574 ) ) ;
#5220 = LINE ( 'NONE', #5300, #3940 ) ;
#5221 = B_SPLINE_CURVE_WITH_KNOTS ( 'NONE', 3,
 ( #516, #3800, #4370, #1128, #585, #4413, #4913, #2797, #6025, #6573, #6536, #5447, #1107, #3330, #2774 ),
 .UNSPECIFIED., .F., .F.,
 ( 4, 1, 1, 1, 1, 1, 1, 1, 1, 1, 1, 1, 4 ),
 ( 0.000000000000000000, 0.09191484500950895808, 0.1793500136985509419, 0.2627602509497599104, 0.3438245629315445084, 0.4230536694981515411, 0.5001537638566736499, 0.5774020559630043126, 0.6564709802344433909, 0.7376500484536406832, 0.8208783262149136339, 0.9079232481193411086, 1.000000000000000000 ),
 .UNSPECIFIED. ) ;
#5222 = EDGE_CURVE ( 'NONE', #2181, #3738, #1602, .T. ) ;
#5223 = CARTESIAN_POINT ( 'NONE',  ( 0.6030588984495338645, 1.000000000000000000, -0.8903270752214988981 ) ) ;
#5224 = CARTESIAN_POINT ( 'NONE',  ( 0.6624842428494703839, 0.9999606299212598914, -0.8540863661020755560 ) ) ;
#5225 = CARTESIAN_POINT ( 'NONE',  ( 0.6229207555458879941, 0.9999606299212597804, -0.8188202859851411164 ) ) ;
#5226 = LINE ( 'NONE', #416, #4310 ) ;
#5227 = DIRECTION ( 'NONE',  ( -0.000000000000000000, 1.000000000000000000, -0.000000000000000000 ) ) ;
#5228 = EDGE_CURVE ( 'NONE', #4066, #5936, #588, .T. ) ;
#5229 = ADVANCED_FACE ( 'NONE', ( #1242 ), #5287, .T. ) ;
#5230 = CARTESIAN_POINT ( 'NONE',  ( 0.5375261915353468645, 1.000000000000000222, -0.8435241733517401252 ) ) ;
#5231 = ORIENTED_EDGE ( 'NONE', *, *, #1989, .T. ) ;
#5232 = CARTESIAN_POINT ( 'NONE',  ( 0.6614196435358249415, 0.9999606299212597804, -0.8873176713681779626 ) ) ;
#5233 = LINE ( 'NONE', #6102, #6134 ) ;
#5234 = CARTESIAN_POINT ( 'NONE',  ( 0.6178238796664532462, 0.9999606299212596694, -0.8322613928434122732 ) ) ;
#5235 = CARTESIAN_POINT ( 'NONE',  ( 0.6971644214242577187, 0.9999999999999994449, -0.7913940603027647125 ) ) ;
#5236 = ORIENTED_EDGE ( 'NONE', *, *, #6876, .T. ) ;
#5237 = ORIENTED_EDGE ( 'NONE', *, *, #49, .F. ) ;
#5238 = ORIENTED_EDGE ( 'NONE', *, *, #1561, .F. ) ;
#5239 = CARTESIAN_POINT ( 'NONE',  ( 0.5568768515468544011, 0.9999606299212598914, -0.8544980232573418100 ) ) ;
#5240 = CARTESIAN_POINT ( 'NONE',  ( 0.6755012217690766763, 0.9999606299212597804, -0.8364270270240657945 ) ) ;
#5241 = CARTESIAN_POINT ( 'NONE',  ( 0.6966230186554996928, 0.9999606299212597804, -0.8414931703771569849 ) ) ;
#5242 = CARTESIAN_POINT ( 'NONE',  ( 0.6575065175280906393, 0.9999999999999995559, -0.8194809920475888410 ) ) ;
#5243 = CARTESIAN_POINT ( 'NONE',  ( 0.5467562787466456742, 1.000000000000000222, -0.8604727342347270325 ) ) ;
#5244 = DIRECTION ( 'NONE',  ( 0.7071067811865474617, 0.000000000000000000, 0.7071067811865474617 ) ) ;
#5245 = CARTESIAN_POINT ( 'NONE',  ( 0.6873375944177732011, 0.9999606299212598914, -0.8329585385075675141 ) ) ;
#5246 = CARTESIAN_POINT ( 'NONE',  ( 0.6829335558508707882, 1.000000000000000000, -0.8915172002585354250 ) ) ;
#5247 = AXIS2_PLACEMENT_3D ( 'NONE', #5584, #70, #2314 ) ;
#5248 = CARTESIAN_POINT ( 'NONE',  ( 0.6538206090774074664, 0.9999606299212596694, -0.7994554465177636793 ) ) ;
#5249 = CARTESIAN_POINT ( 'NONE',  ( 0.6990852323451304251, 1.000000000000000000, -0.8601239206286958039 ) ) ;
#5250 = CARTESIAN_POINT ( 'NONE',  ( 0.8270481709674836202, 1.000000000000000222, -0.7919691730303489718 ) ) ;
#5251 = CARTESIAN_POINT ( 'NONE',  ( 0.6812752199901351835, 1.000000000000000222, -0.7997176114430898375 ) ) ;
#5252 = ORIENTED_EDGE ( 'NONE', *, *, #6830, .F. ) ;
#5253 = CARTESIAN_POINT ( 'NONE',  ( 0.6812752199901351835, 1.000000000000000000, -0.7997176114430898375 ) ) ;
#5254 = VECTOR ( 'NONE', #1728, 39.37007874015748143 ) ;
#5255 = CARTESIAN_POINT ( 'NONE',  ( 1.365923996832132595E-16, 0.007874015748031176765, -1.000000000000000444 ) ) ;
#5256 = CARTESIAN_POINT ( 'NONE',  ( 0.5389295270822994643, 1.000000000000000222, -0.8767859620688394084 ) ) ;
#5257 = CARTESIAN_POINT ( 'NONE',  ( 0.6301317277733514688, 0.9999606299212598914, -0.8583941672233812437 ) ) ;
#5258 = LINE ( 'NONE', #446, #3388 ) ;
#5259 = CARTESIAN_POINT ( 'NONE',  ( 0.6984426461920135720, 0.9999606299212593363, -0.8647776631724646279 ) ) ;
#5260 = FACE_OUTER_BOUND ( 'NONE', #1669, .T. ) ;
#5261 = ORIENTED_EDGE ( 'NONE', *, *, #3825, .F. ) ;
#5262 = ADVANCED_FACE ( 'NONE', ( #2545 ), #458, .T. ) ;
#5263 = ORIENTED_EDGE ( 'NONE', *, *, #6881, .T. ) ;
#5264 = FACE_OUTER_BOUND ( 'NONE', #4576, .T. ) ;
#5265 = DIRECTION ( 'NONE',  ( 0.7071067811865413555, -0.7071067811865536790, 1.225695483511836190E-14 ) ) ;
#5266 = CARTESIAN_POINT ( 'NONE',  ( 1.365923996832131609E-16, 1.000000000000000000, -0.9999999999999998890 ) ) ;
#5267 = ORIENTED_EDGE ( 'NONE', *, *, #4210, .F. ) ;
#5268 = LINE ( 'NONE', #2977, #6246 ) ;
#5269 = CARTESIAN_POINT ( 'NONE',  ( 0.6764533848479417077, 1.000000000000000000, -0.8361583740496238981 ) ) ;
#5270 = VERTEX_POINT ( 'NONE', #2132 ) ;
#5271 = CARTESIAN_POINT ( 'NONE',  ( 0.8593970938948159999, 1.000000000000000000, -0.8662294505723240334 ) ) ;
#5272 = CARTESIAN_POINT ( 'NONE',  ( 0.6934765442922979917, 1.000000000000000444, -0.7897920140987046977 ) ) ;
#5273 = VECTOR ( 'NONE', #4239, 39.37007874015748143 ) ;
#5274 = CARTESIAN_POINT ( 'NONE',  ( 0.8089886815360167738, 1.000000000000000222, -0.8450728598850518747 ) ) ;
#5275 = ORIENTED_EDGE ( 'NONE', *, *, #2211, .T. ) ;
#5276 = CARTESIAN_POINT ( 'NONE',  ( 0.6597908120003782573, 1.000000000000000444, -0.8606671541464090414 ) ) ;
#5277 = DIRECTION ( 'NONE',  ( 0.000000000000000000, -1.000000000000000000, 0.000000000000000000 ) ) ;
#5278 = EDGE_LOOP ( 'NONE', ( #3055, #4890, #6693, #1140, #566, #2848, #5720, #4070, #3200, #5732, #5758, #1430 ) ) ;
#5279 = CARTESIAN_POINT ( 'NONE',  ( 0.5419639185436666562, 1.000000000000000000, -0.8463651222919994499 ) ) ;
#5280 = VECTOR ( 'NONE', #111, 39.37007874015748143 ) ;
#5281 = EDGE_CURVE ( 'NONE', #1319, #2678, #5111, .T. ) ;
#5282 = CARTESIAN_POINT ( 'NONE',  ( 0.6118444894250256727, 0.9999606299212596694, -0.8354774025281451744 ) ) ;
#5283 = CARTESIAN_POINT ( 'NONE',  ( 0.000000000000000000, 0.007874015748031721468, -0.9944322300693975158 ) ) ;
#5284 = DIRECTION ( 'NONE',  ( -0.000000000000000000, 1.000000000000000000, -0.000000000000000000 ) ) ;
#5285 = CARTESIAN_POINT ( 'NONE',  ( 0.6990081667136880395, 1.000000000000000222, -0.8609325131076448478 ) ) ;
#5286 = AXIS2_PLACEMENT_3D ( 'NONE', #187, #2950, #261 ) ;
#5287 = PLANE ( 'NONE',  #1618 ) ;
#5288 = CARTESIAN_POINT ( 'NONE',  ( 0.8052729521335399987, 0.9999999999999998890, -0.8011321810131296628 ) ) ;
#5289 = CARTESIAN_POINT ( 'NONE',  ( 0.7282507208324542347, 0.9999606299212595584, -0.8078577913099899144 ) ) ;
#5290 = EDGE_LOOP ( 'NONE', ( #2293, #602, #6514, #3153 ) ) ;
#5291 = CARTESIAN_POINT ( 'NONE',  ( 0.6506448837966236631, 0.9999606299212598914, -0.8545330488736799790 ) ) ;
#5292 = CARTESIAN_POINT ( 'NONE',  ( 0.7758842741770022311, 1.000000000000000222, -0.8560758600613797009 ) ) ;
#5293 = EDGE_CURVE ( 'NONE', #2181, #6634, #6533, .T. ) ;
#5294 = CARTESIAN_POINT ( 'NONE',  ( 0.7589395083874073134, 0.9999606299212597804, -0.8444799583308565394 ) ) ;
#5295 = DIRECTION ( 'NONE',  ( 1.000000000000000000, 0.000000000000000000, 0.000000000000000000 ) ) ;
#5296 = CARTESIAN_POINT ( 'NONE',  ( 0.6279148028383675362, 0.9999606299212598914, -0.8525187524594262101 ) ) ;
#5297 = CARTESIAN_POINT ( 'NONE',  ( 0.7753651643796900528, 1.000000000000000000, -0.8537036336987704477 ) ) ;
#5298 = VERTEX_POINT ( 'NONE', #4852 ) ;
#5299 = CARTESIAN_POINT ( 'NONE',  ( 0.7093516426380762629, 1.000000000000000222, -0.8658397141948055431 ) ) ;
#5300 = CARTESIAN_POINT ( 'NONE',  ( 0.5822121558773274419, 0.9999606299212597804, -0.8483052949184685110 ) ) ;
#5301 = CARTESIAN_POINT ( 'NONE',  ( 0.6538206090774074664, 0.9999999999999998890, -0.7994554465177636793 ) ) ;
#5302 = CARTESIAN_POINT ( 'NONE',  ( 0.8894964243432363915, 1.000000000000000000, -0.7892121663673321574 ) ) ;
#5303 = CARTESIAN_POINT ( 'NONE',  ( 0.8314813383077128695, 1.000000000000000000, -0.7959453046900970552 ) ) ;
#5304 = CARTESIAN_POINT ( 'NONE',  ( 0.6538206090774074664, 0.9999606299212596694, -0.7994554465177636793 ) ) ;
#5305 = CARTESIAN_POINT ( 'NONE',  ( 0.7122170386898273309, 1.000000000000000000, -0.8173429577713626770 ) ) ;
#5306 = DIRECTION ( 'NONE',  ( 0.000000000000000000, 0.000000000000000000, -1.000000000000000000 ) ) ;
#5307 = CARTESIAN_POINT ( 'NONE',  ( 0.6956073509295939150, 1.000000000000000000, -0.8292977834805598247 ) ) ;
#5308 = CARTESIAN_POINT ( 'NONE',  ( 0.6624263539471000328, 0.9999999999999998890, -0.8729356241436480035 ) ) ;
#5309 = CARTESIAN_POINT ( 'NONE',  ( 0.6788745616427451779, 1.000000000000000000, -0.8798216301457413291 ) ) ;
#5310 = LINE ( 'NONE', #4420, #1968 ) ;
#5311 = CARTESIAN_POINT ( 'NONE',  ( 0.7113290267524307042, 0.9999999999999998890, -0.8251973158964208688 ) ) ;
#5312 = VERTEX_POINT ( 'NONE', #2684 ) ;
#5313 = CARTESIAN_POINT ( 'NONE',  ( 0.7434461156533098691, 0.9999606299212597804, -0.8267404066867864998 ) ) ;
#5314 = LINE ( 'NONE', #5759, #2061 ) ;
#5315 = CARTESIAN_POINT ( 'NONE',  ( 0.8168382781253089586, 1.000000000000000222, -0.8453523022403706122 ) ) ;
#5316 = CARTESIAN_POINT ( 'NONE',  ( 0.5066811870757106373, 1.000000000000000000, -0.1281516700166467904 ) ) ;
#5317 = EDGE_CURVE ( 'NONE', #1433, #3851, #2805, .T. ) ;
#5318 = CARTESIAN_POINT ( 'NONE',  ( 0.8304032957921000380, 1.000000000000000000, -0.8230676045997541435 ) ) ;
#5319 = CARTESIAN_POINT ( 'NONE',  ( 0.5717067108015697618, 0.9999606299212597804, -0.8903270752214988981 ) ) ;
#5320 = EDGE_LOOP ( 'NONE', ( #62, #3365, #5174 ) ) ;
#5321 = EDGE_CURVE ( 'NONE', #3821, #1831, #6362, .T. ) ;
#5322 = CARTESIAN_POINT ( 'NONE',  ( 0.7765628897788425800, 1.000000000000000000, -0.8633042799778021248 ) ) ;
#5323 = VERTEX_POINT ( 'NONE', #2640 ) ;
#5324 = CARTESIAN_POINT ( 'NONE',  ( 0.8162455670767237992, 0.9999606299212597804, -0.8561843787252867433 ) ) ;
#5325 = CARTESIAN_POINT ( 'NONE',  ( 0.9960629921259841479, 0.007874015748031721468, -0.003937007874015860734 ) ) ;
#5326 = EDGE_CURVE ( 'NONE', #1491, #5032, #6032, .T. ) ;
#5327 = CARTESIAN_POINT ( 'NONE',  ( 0.7975737799303576070, 1.000000000000000000, -0.8181021403256655278 ) ) ;
#5328 = CARTESIAN_POINT ( 'NONE',  ( 0.8147809100785063929, 0.9999606299212595584, -0.7984611946113968628 ) ) ;
#5329 = CARTESIAN_POINT ( 'NONE',  ( 0.7004134851776566695, 0.9999606299212595584, -0.8100447569082430688 ) ) ;
#5330 = ORIENTED_EDGE ( 'NONE', *, *, #4352, .F. ) ;
#5331 = ORIENTED_EDGE ( 'NONE', *, *, #4973, .F. ) ;
#5332 = CARTESIAN_POINT ( 'NONE',  ( 0.6208455904127261338, 1.000000000000000222, -0.8858395494766578837 ) ) ;
#5333 = CARTESIAN_POINT ( 'NONE',  ( 0.7434461156533098691, 0.9999606299212597804, -0.8267404066867864998 ) ) ;
#5334 = ORIENTED_EDGE ( 'NONE', *, *, #1647, .F. ) ;
#5335 = DIRECTION ( 'NONE',  ( 0.7071067811865412445, 0.000000000000000000, 0.7071067811865536790 ) ) ;
#5336 = CARTESIAN_POINT ( 'NONE',  ( 0.6964104210564623365, 0.9999606299212597804, -0.8706203103445218083 ) ) ;
#5337 = CARTESIAN_POINT ( 'NONE',  ( 0.5305136758054093127, 0.9999606299212601135, -0.8784136533597488583 ) ) ;
#5338 = ORIENTED_EDGE ( 'NONE', *, *, #5022, .F. ) ;
#5339 = CARTESIAN_POINT ( 'NONE',  ( 0.8064632311484982718, 0.9999606299212593363, -0.8002970741371010499 ) ) ;
#5340 = DIRECTION ( 'NONE',  ( -0.000000000000000000, 1.000000000000000000, -0.000000000000000000 ) ) ;
#5341 = CARTESIAN_POINT ( 'NONE',  ( 0.8215692674292243147, 1.000000000000000222, -0.8433755001026647102 ) ) ;
#5342 = DIRECTION ( 'NONE',  ( -0.000000000000000000, 1.000000000000000000, -0.000000000000000000 ) ) ;
#5343 = CARTESIAN_POINT ( 'NONE',  ( 0.6243392353770509384, 1.000000000000000222, -0.8475394206626919447 ) ) ;
#5344 = CARTESIAN_POINT ( 'NONE',  ( 0.6673300188378902265, 0.9999606299212597804, -0.8773283811301076929 ) ) ;
#5345 = CARTESIAN_POINT ( 'NONE',  ( 0.6624842428494703839, 1.000000000000000222, -0.8540863661020755560 ) ) ;
#5346 = VECTOR ( 'NONE', #1395, 39.37007874015748143 ) ;
#5347 = VECTOR ( 'NONE', #3424, 39.37007874015748143 ) ;
#5348 = DIRECTION ( 'NONE',  ( -0.000000000000000000, 1.000000000000000000, -0.000000000000000000 ) ) ;
#5349 = VERTEX_POINT ( 'NONE', #4824 ) ;
#5350 = VECTOR ( 'NONE', #6082, 39.37007874015748143 ) ;
#5351 = CARTESIAN_POINT ( 'NONE',  ( 1.000000000000000000, 0.007874015748031721468, -2.603493823086943765E-17 ) ) ;
#5352 = ORIENTED_EDGE ( 'NONE', *, *, #2123, .F. ) ;
#5354 = FACE_OUTER_BOUND ( 'NONE', #144, .T. ) ;
#5353 = CARTESIAN_POINT ( 'NONE',  ( 0.6766947430229646177, 0.9999606299212601135, -0.7879761026020778436 ) ) ;
#5355 = VECTOR ( 'NONE', #5817, 39.37007874015748143 ) ;
#5356 = ORIENTED_EDGE ( 'NONE', *, *, #1200, .F. ) ;
#5357 = CARTESIAN_POINT ( 'NONE',  ( 0.6232919331632321702, 0.9999999999999998890, -0.8837847176025624973 ) ) ;
#5358 = CARTESIAN_POINT ( 'NONE',  ( 0.6465580069663424689, 0.9999606299212597804, -0.8220416822290746994 ) ) ;
#5359 = EDGE_LOOP ( 'NONE', ( #6448, #6727, #3134 ) ) ;
#5360 = LINE ( 'NONE', #1691, #6445 ) ;
#5361 = CARTESIAN_POINT ( 'NONE',  ( 0.9973753280839892099, 0.9947506561679794190, -0.005249343832021228021 ) ) ;
#5362 = CARTESIAN_POINT ( 'NONE',  ( 0.6870272143641589224, 1.000000000000000222, -0.8786438570300100226 ) ) ;
#5363 = ORIENTED_EDGE ( 'NONE', *, *, #3250, .F. ) ;
#5364 = CARTESIAN_POINT ( 'NONE',  ( 0.5822121558773274419, 0.9999606299212597804, -0.8483052949184685110 ) ) ;
#5365 = ORIENTED_EDGE ( 'NONE', *, *, #95, .F. ) ;
#5366 = CARTESIAN_POINT ( 'NONE',  ( 0.8116548194316139941, 0.9999999999999998890, -0.7984545849793914796 ) ) ;
#5367 = FACE_BOUND ( 'NONE', #644, .T. ) ;
#5368 = CARTESIAN_POINT ( 'NONE',  ( 0.7236683739506467594, 0.9999606299212597804, -0.7969460518492634815 ) ) ;
#5369 = ORIENTED_EDGE ( 'NONE', *, *, #324, .F. ) ;
#5370 = CARTESIAN_POINT ( 'NONE',  ( 0.7765628897788425800, 0.9999606299212597804, -0.8633042799778021248 ) ) ;
#5371 = CARTESIAN_POINT ( 'NONE',  ( 0.8505807351360898938, 0.9999606299212597804, -0.5450506550593627875 ) ) ;
#5372 = EDGE_CURVE ( 'NONE', #224, #3813, #1681, .T. ) ;
#5373 = CARTESIAN_POINT ( 'NONE',  ( 0.8770086713367366560, 0.9999606299212593363, -0.8670343786254018914 ) ) ;
#5374 = CARTESIAN_POINT ( 'NONE',  ( 0.8369691989644486574, 0.9999606299212597804, -0.8890138945870291742 ) ) ;
#5375 = CARTESIAN_POINT ( 'NONE',  ( 0.5267302740709826070, 1.000000000000000000, -0.8417393917461201136 ) ) ;
#5376 = CARTESIAN_POINT ( 'NONE',  ( 0.7034690106834402545, 0.9999999999999996669, -0.8807600557603575409 ) ) ;
#5377 = CARTESIAN_POINT ( 'NONE',  ( 0.5279762983177685998, 0.9999606299212596694, -0.8903295152023718018 ) ) ;
#5378 = ORIENTED_EDGE ( 'NONE', *, *, #2806, .F. ) ;
#5379 = CARTESIAN_POINT ( 'NONE',  ( 0.8196757300547916625, 1.000000000000000222, -0.8000469513972310320 ) ) ;
#5380 = CARTESIAN_POINT ( 'NONE',  ( 0.6608933233737882551, 0.9999606299212596694, -0.7930165775937458861 ) ) ;
#5381 = EDGE_CURVE ( 'NONE', #4075, #5887, #1688, .T. ) ;
#5382 = DIRECTION ( 'NONE',  ( 0.000000000000000000, 0.7071067811865536790, 0.7071067811865413555 ) ) ;
#5383 = VERTEX_POINT ( 'NONE', #5874 ) ;
#5384 = CARTESIAN_POINT ( 'NONE',  ( 0.8304032957921000380, 0.9999606299212597804, -0.8230676045997541435 ) ) ;
#5385 = DIRECTION ( 'NONE',  ( -1.000000000000000000, 0.000000000000000000, 2.220446049250312588E-16 ) ) ;
#5386 = AXIS2_PLACEMENT_3D ( 'NONE', #2168, #5468, #5996 ) ;
#5387 = ORIENTED_EDGE ( 'NONE', *, *, #4466, .T. ) ;
#5388 = DIRECTION ( 'NONE',  ( 0.000000000000000000, -1.000000000000000000, 0.000000000000000000 ) ) ;
#5389 = CARTESIAN_POINT ( 'NONE',  ( 0.5449961121297485223, 0.9999606299212596694, -0.8868011150367807183 ) ) ;
#5390 = CARTESIAN_POINT ( 'NONE',  ( 0.8285271145986111696, 0.9999606299212597804, -0.8346000374147056755 ) ) ;
#5391 = AXIS2_PLACEMENT_3D ( 'NONE', #3017, #6816, #5199 ) ;
#5392 = CARTESIAN_POINT ( 'NONE',  ( 0.5047344984436151760, 0.9999606299212597804, -0.7892121663673321574 ) ) ;
#5393 = CARTESIAN_POINT ( 'NONE',  ( 0.6195146932752324531, 1.000000000000000222, -0.8437091626978248105 ) ) ;
#5394 = DIRECTION ( 'NONE',  ( 0.000000000000000000, 0.000000000000000000, 1.000000000000000000 ) ) ;
#5395 = CARTESIAN_POINT ( 'NONE',  ( 0.6301317277733514688, 1.000000000000000222, -0.8583941672233812437 ) ) ;
#5396 = LINE ( 'NONE', #895, #6480 ) ;
#5397 = CARTESIAN_POINT ( 'NONE',  ( 0.8123493432103897627, 0.9999606299212596694, -0.8560445803690532873 ) ) ;
#5398 = DIRECTION ( 'NONE',  ( 0.000000000000000000, 0.000000000000000000, 1.000000000000000000 ) ) ;
#5399 = CARTESIAN_POINT ( 'NONE',  ( 0.8297224753577997491, 1.000000000000000444, -0.8151984372771434728 ) ) ;
#5400 = ADVANCED_FACE ( 'NONE', ( #725 ), #4254, .T. ) ;
#5401 = DIRECTION ( 'NONE',  ( 1.000000000000000000, 0.000000000000000000, 0.000000000000000000 ) ) ;
#5402 = LINE ( 'NONE', #4093, #1792 ) ;
#5403 = CARTESIAN_POINT ( 'NONE',  ( 0.6039584828725994559, 0.9999606299210463956, -0.8483284226014822238 ) ) ;
#5404 = CARTESIAN_POINT ( 'NONE',  ( 0.9921259842519684069, 0.007874015748031176765, -1.000000000000000222 ) ) ;
#5405 = VERTEX_POINT ( 'NONE', #5895 ) ;
#5406 = CARTESIAN_POINT ( 'NONE',  ( 0.7537029275451095911, 1.000000000000000222, -0.8808587574177545454 ) ) ;
#5407 = VERTEX_POINT ( 'NONE', #4225 ) ;
#5408 = ORIENTED_EDGE ( 'NONE', *, *, #1245, .F. ) ;
#5409 = EDGE_LOOP ( 'NONE', ( #6948, #1694, #2710, #5818 ) ) ;
#5410 = CARTESIAN_POINT ( 'NONE',  ( 0.6015815702357554251, 1.000000000000000000, -0.8364866692082413291 ) ) ;
#5411 = CARTESIAN_POINT ( 'NONE',  ( 0.7505660169058253617, 0.9999606299212598914, -0.8811348107802111640 ) ) ;
#5412 = CARTESIAN_POINT ( 'NONE',  ( 0.7765105504430256378, 1.000000000000000222, -0.8608718825023117249 ) ) ;
#5413 = DIRECTION ( 'NONE',  ( -0.000000000000000000, 0.000000000000000000, 1.000000000000000000 ) ) ;
#5414 = CARTESIAN_POINT ( 'NONE',  ( 0.5572617238224032432, 0.9999606299212598914, -0.8610267323148937946 ) ) ;
#5415 = CARTESIAN_POINT ( 'NONE',  ( 0.5304518464801836197, 0.9999606299212597804, -0.8902084004749131196 ) ) ;
#5416 = EDGE_CURVE ( 'NONE', #3083, #2736, #3475, .T. ) ;
#5417 = CARTESIAN_POINT ( 'NONE',  ( 0.6642808809655278424, 0.9999606299212597804, -0.8058425494386065591 ) ) ;
#5418 = PLANE ( 'NONE',  #3596 ) ;
#5419 = PLANE ( 'NONE',  #4404 ) ;
#5420 = CARTESIAN_POINT ( 'NONE',  ( 0.6273265042318205698, 0.9999999999999998890, -0.8784434066740935965 ) ) ;
#5421 = CARTESIAN_POINT ( 'NONE',  ( 0.6979119214586464448, 0.9999606299212598914, -0.8668925892085056484 ) ) ;
#5422 = CARTESIAN_POINT ( 'NONE',  ( 0.9921259842519686289, 0.9921259842519684069, -2.582993871724054864E-17 ) ) ;
#5424 = AXIS2_PLACEMENT_3D ( 'NONE', #564, #3262, #6551 ) ;
#5423 = DIRECTION ( 'NONE',  ( -0.000000000000000000, 1.000000000000000000, -0.000000000000000000 ) ) ;
#5425 = VERTEX_POINT ( 'NONE', #2658 ) ;
#5426 = LINE ( 'NONE', #5614, #5254 ) ;
#5427 = EDGE_CURVE ( 'NONE', #417, #6572, #3970, .T. ) ;
#5428 = CARTESIAN_POINT ( 'NONE',  ( 0.3054552237685526639, 0.9999606299212597804, -0.5063989121866298015 ) ) ;
#5429 = CARTESIAN_POINT ( 'NONE',  ( 0.7481624862169775625, 0.9999606299212596694, -0.8915680823822358381 ) ) ;
#5430 = CARTESIAN_POINT ( 'NONE',  ( 0.7566108822338961648, 1.000000000000000000, -0.8799373532387749774 ) ) ;
#5431 = LINE ( 'NONE', #2600, #6088 ) ;
#5432 = LINE ( 'NONE', #1783, #6437 ) ;
#5433 = ORIENTED_EDGE ( 'NONE', *, *, #6610, .T. ) ;
#5434 = ORIENTED_EDGE ( 'NONE', *, *, #1554, .T. ) ;
#5435 = CARTESIAN_POINT ( 'NONE',  ( 0.8783458015322024304, 0.9999606299212598914, -0.8685735301618215942 ) ) ;
#5436 = CARTESIAN_POINT ( 'NONE',  ( 0.7604626171503697796, 0.9999606299212597804, -0.8773632143779913628 ) ) ;
#5437 = VECTOR ( 'NONE', #4606, 39.37007874015748143 ) ;
#5438 = CARTESIAN_POINT ( 'NONE',  ( 0.6790592276694676910, 0.9999606299212598914, -0.8467048560202088403 ) ) ;
#5439 = DIRECTION ( 'NONE',  ( 1.000000000000000000, 0.000000000000000000, 0.000000000000000000 ) ) ;
#5440 = CARTESIAN_POINT ( 'NONE',  ( 0.6243392353770509384, 0.9999606299212601135, -0.8475394206626919447 ) ) ;
#5441 = ORIENTED_EDGE ( 'NONE', *, *, #6036, .F. ) ;
#5442 = DIRECTION ( 'NONE',  ( 0.4832823832550025012, 0.000000000000000000, 0.8754645270000177559 ) ) ;
#5443 = LINE ( 'NONE', #3299, #4067 ) ;
#5444 = CARTESIAN_POINT ( 'NONE',  ( 0.6068040883551996112, 0.9999999999999998890, -0.8485240428304315907 ) ) ;
#5445 = CARTESIAN_POINT ( 'NONE',  ( 0.6030588984495338645, 1.000000000000000000, -0.8010307920775594503 ) ) ;
#5446 = ORIENTED_EDGE ( 'NONE', *, *, #4842, .F. ) ;
#5447 = CARTESIAN_POINT ( 'NONE',  ( 0.7085365076118879113, 0.9999999999999998890, -0.8700361716470736972 ) ) ;
#5448 = LINE ( 'NONE', #4473, #2354 ) ;
#5449 = VERTEX_POINT ( 'NONE', #2129 ) ;
#5450 = CARTESIAN_POINT ( 'NONE',  ( 0.7243539646598755599, 0.9999999999999998890, -0.8650212323347966636 ) ) ;
#5451 = VERTEX_POINT ( 'NONE', #6478 ) ;
#5452 = ADVANCED_FACE ( 'NONE', ( #3156 ), #3150, .T. ) ;
#5453 = CARTESIAN_POINT ( 'NONE',  ( 0.6851754897725765847, 0.9999606299212598914, -0.8791843116555899673 ) ) ;
#5454 = FACE_BOUND ( 'NONE', #5741, .T. ) ;
#5455 = CARTESIAN_POINT ( 'NONE',  ( 0.6491843682352819167, 0.9999606299212597804, -0.8639403518476234112 ) ) ;
#5456 = EDGE_CURVE ( 'NONE', #267, #1228, #1671, .T. ) ;
#5457 = CARTESIAN_POINT ( 'NONE',  ( 0.5572103846550993111, 0.9999999999999998890, -0.8577089365698691292 ) ) ;
#5458 = CARTESIAN_POINT ( 'NONE',  ( 0.6334262006216455632, 0.9999606299212597804, -0.8189023597747955296 ) ) ;
#5459 = EDGE_CURVE ( 'NONE', #6868, #3202, #3351, .T. ) ;
#5460 = CARTESIAN_POINT ( 'NONE',  ( 0.5562164819967891916, 0.9999606299212592253, -0.8706171274575333907 ) ) ;
#5461 = EDGE_CURVE ( 'NONE', #306, #4908, #3901, .T. ) ;
#5462 = ORIENTED_EDGE ( 'NONE', *, *, #2017, .T. ) ;
#5463 = CARTESIAN_POINT ( 'NONE',  ( 0.9999999999999998890, 0.007874015748031175030, -0.007874015748032028514 ) ) ;
#5464 = CARTESIAN_POINT ( 'NONE',  ( 0.7935714380775038546, 0.9999999999999996669, -0.7975396947954325189 ) ) ;
#5465 = ORIENTED_EDGE ( 'NONE', *, *, #6846, .T. ) ;
#5466 = CARTESIAN_POINT ( 'NONE',  ( 0.7749666312247462940, 0.9999606299212597804, -0.8737358404433144266 ) ) ;
#5467 = CARTESIAN_POINT ( 'NONE',  ( 0.7232278502862382608, 0.9999606299212597804, -0.7949258532059307880 ) ) ;
#5468 = DIRECTION ( 'NONE',  ( 0.000000000000000000, 0.000000000000000000, 1.000000000000000000 ) ) ;
#5469 = CARTESIAN_POINT ( 'NONE',  ( 0.7488167913515607621, 0.9999606299212595584, -0.8164038082894575776 ) ) ;
#5470 = ORIENTED_EDGE ( 'NONE', *, *, #1913, .F. ) ;
#5471 = CARTESIAN_POINT ( 'NONE',  ( 0.7241439281232215919, 1.000000000000000000, -0.8626561746448543344 ) ) ;
#5472 = B_SPLINE_CURVE_WITH_KNOTS ( 'NONE', 3,
 ( #315, #5169, #4048, #3575, #6206, #257, #4700, #4100, #1961, #808, #1347, #1904, #4618, #2973, #1860, #5724, #6309, #779, #2466 ),
 .UNSPECIFIED., .F., .F.,
 ( 4, 1, 1, 1, 1, 1, 1, 1, 1, 1, 1, 1, 1, 1, 1, 1, 4 ),
 ( 0.000000000000000000, 0.06961345028915277844, 0.1341558467413846711, 0.1941216639751321693, 0.2492702399547627456, 0.3003975238168687945, 0.3464602541181235340, 0.3882517207597330211, 0.4259028191906390481, 0.4961060560373065642, 0.5655345875935796629, 0.6348462500707492406, 0.7047585289073882153, 0.7756659742820924963, 0.8477253815784793201, 0.9224175839219320716, 1.000000000000000000 ),
 .UNSPECIFIED. ) ;
#5473 = CARTESIAN_POINT ( 'NONE',  ( 0.6202943942769485464, 0.9999606299212597804, -0.8632427246355613981 ) ) ;
#5474 = CARTESIAN_POINT ( 'NONE',  ( 0.5435635622975668602, 1.000000000000000444, -0.8332215125683118950 ) ) ;
#5475 = CARTESIAN_POINT ( 'NONE',  ( 0.7660501171509341845, 1.000000000000000000, -0.8641463631438334181 ) ) ;
#5476 = LINE ( 'NONE', #6131, #1031 ) ;
#5477 = CARTESIAN_POINT ( 'NONE',  ( 0.5572352147279092671, 1.000000000000000222, -0.8635547218014715254 ) ) ;
#5478 = EDGE_CURVE ( 'NONE', #1158, #417, #2962, .T. ) ;
#5479 = CARTESIAN_POINT ( 'NONE',  ( 0.6190236228816499153, 1.000000000000000000, -0.8559193409404984854 ) ) ;
#5480 = CARTESIAN_POINT ( 'NONE',  ( 0.5385683859456459333, 1.000000000000000000, -0.8892697774064808325 ) ) ;
#5481 = ADVANCED_FACE ( 'NONE', ( #5171 ), #2614, .T. ) ;
#5482 = CARTESIAN_POINT ( 'NONE',  ( 0.8012211069964783050, 1.000000000000000000, -0.7908642649450137174 ) ) ;
#5483 = ORIENTED_EDGE ( 'NONE', *, *, #5857, .T. ) ;
#5484 = DIRECTION ( 'NONE',  ( -0.8635020557528564344, 0.4511001660035962035, -0.2255500830017995728 ) ) ;
#5485 = FACE_OUTER_BOUND ( 'NONE', #4831, .T. ) ;
#5486 = CARTESIAN_POINT ( 'NONE',  ( 0.7227149403725635635, 0.9999606299212596694, -0.7910755867724581503 ) ) ;
#5487 = CARTESIAN_POINT ( 'NONE',  ( 0.6061357381674028488, 0.9999606299207709492, -0.8010647893357073501 ) ) ;
#5488 = CARTESIAN_POINT ( 'NONE',  ( 0.7095906774208878831, 0.9999606299212597804, -0.8614371012631655278 ) ) ;
#5489 = ORIENTED_EDGE ( 'NONE', *, *, #5133, .T. ) ;
#5490 = EDGE_LOOP ( 'NONE', ( #6543, #5387, #4761, #2622 ) ) ;
#5491 = CARTESIAN_POINT ( 'NONE',  ( 0.8064632311484982718, 0.9999999999999995559, -0.8002970741371010499 ) ) ;
#5492 = CARTESIAN_POINT ( 'NONE',  ( 0.6903678614620676335, 0.9999606299212601135, -0.8771294502298963014 ) ) ;
#5493 = EDGE_LOOP ( 'NONE', ( #1066, #4014, #6690, #605 ) ) ;
#5494 = EDGE_LOOP ( 'NONE', ( #6037, #1041, #905, #4034 ) ) ;
#5495 = EDGE_CURVE ( 'NONE', #4697, #10, #912, .T. ) ;
#5496 = EDGE_LOOP ( 'NONE', ( #297, #5673, #2128, #1371, #6329, #424, #3358, #6737 ) ) ;
#5497 = CARTESIAN_POINT ( 'NONE',  ( 0.6334262006216457852, 1.000000000000000222, -0.8189023597747957517 ) ) ;
#5498 = CARTESIAN_POINT ( 'NONE',  ( 0.1003966783382542194, 0.9999606299212597804, -0.5063989121866298015 ) ) ;
#5499 = CARTESIAN_POINT ( 'NONE',  ( 0.5556399471804420731, 0.9999606299212603355, -0.8727708921553501975 ) ) ;
#5500 = CARTESIAN_POINT ( 'NONE',  ( 0.6314484695946720461, 0.9999606299212603355, -0.8312589230155386089 ) ) ;
#5501 = CARTESIAN_POINT ( 'NONE',  ( 0.7871680448649841511, 1.000000000000000000, -0.8156857345479882060 ) ) ;
#5502 = VERTEX_POINT ( 'NONE', #5005 ) ;
#5503 = CARTESIAN_POINT ( 'NONE',  ( 0.8014990467084530668, 0.9999606299212598914, -0.8399016448917363542 ) ) ;
#5504 = DIRECTION ( 'NONE',  ( 1.000000000000000000, 0.000000000000000000, 0.000000000000000000 ) ) ;
#5505 = EDGE_CURVE ( 'NONE', #1119, #2786, #635, .T. ) ;
#5506 = VECTOR ( 'NONE', #996, 39.37007874015748143 ) ;
#5507 = CARTESIAN_POINT ( 'NONE',  ( 0.6608944070391453707, 0.9999606299212597804, -0.8701811080770729401 ) ) ;
#5508 = LINE ( 'NONE', #5966, #625 ) ;
#5509 = VECTOR ( 'NONE', #3495, 39.37007874015748143 ) ;
#5510 = CARTESIAN_POINT ( 'NONE',  ( 0.7983509859243422824, 0.9999999999999996669, -0.8134881005215410799 ) ) ;
#5511 = ORIENTED_EDGE ( 'NONE', *, *, #2988, .F. ) ;
#5512 = LINE ( 'NONE', #3499, #6350 ) ;
#5513 = ADVANCED_FACE ( 'NONE', ( #6712 ), #4926, .T. ) ;
#5514 = CARTESIAN_POINT ( 'NONE',  ( 0.6075359376047169135, 0.9999606299212597804, -0.8901594018174896483 ) ) ;
#5515 = VERTEX_POINT ( 'NONE', #1799 ) ;
#5516 = VECTOR ( 'NONE', #151, 39.37007874015748143 ) ;
#5517 = AXIS2_PLACEMENT_3D ( 'NONE', #440, #4290, #5797 ) ;
#5518 = LINE ( 'NONE', #4178, #1737 ) ;
#5519 = EDGE_CURVE ( 'NONE', #6572, #852, #3191, .T. ) ;
#5520 = EDGE_LOOP ( 'NONE', ( #3050, #4864, #1686, #3526 ) ) ;
#5521 = CARTESIAN_POINT ( 'NONE',  ( 0.6156452009227151301, 1.000000000000000000, -0.8752600690818127527 ) ) ;
#5522 = CARTESIAN_POINT ( 'NONE',  ( 0.8369691989644486574, 0.9999606299212597804, -0.8771952688768018813 ) ) ;
#5523 = LINE ( 'NONE', #2258, #4346 ) ;
#5524 = CARTESIAN_POINT ( 'NONE',  ( 0.6708814705904601050, 1.000000000000000000, -0.8490291558032766472 ) ) ;
#5525 = ORIENTED_EDGE ( 'NONE', *, *, #1413, .F. ) ;
#5526 = CARTESIAN_POINT ( 'NONE',  ( 0.8139140152903605596, 0.9999999999999998890, -0.8456558990862904635 ) ) ;
#5527 = ORIENTED_EDGE ( 'NONE', *, *, #5541, .T. ) ;
#5528 = CARTESIAN_POINT ( 'NONE',  ( 1.000000000000000222, 1.000000000000000000, -1.000000000000000222 ) ) ;
#5529 = CARTESIAN_POINT ( 'NONE',  ( 0.5467085976091365929, 0.9999606299209538030, -0.8582377179138638290 ) ) ;
#5530 = LINE ( 'NONE', #6960, #2112 ) ;
#5531 = CARTESIAN_POINT ( 'NONE',  ( 0.7095906774208878831, 0.9999606299212597804, -0.8614371012631655278 ) ) ;
#5532 = CARTESIAN_POINT ( 'NONE',  ( 0.7620661946498672457, 0.9999999999999996669, -0.8895469263232936852 ) ) ;
#5533 = CARTESIAN_POINT ( 'NONE',  ( 0.7765628897788425800, 0.9999606299212597804, -0.8010307920775594503 ) ) ;
#5534 = CARTESIAN_POINT ( 'NONE',  ( 0.5454173292357670233, 0.9999606299212597804, -0.1495351693177177088 ) ) ;
#5535 = CARTESIAN_POINT ( 'NONE',  ( 0.7871680448649841511, 0.9999606299212597804, -0.8156857345479882060 ) ) ;
#5536 = ORIENTED_EDGE ( 'NONE', *, *, #3673, .F. ) ;
#5537 = CARTESIAN_POINT ( 'NONE',  ( 0.6288832631348929558, 1.000000000000000444, -0.8753246485312685676 ) ) ;
#5538 = CARTESIAN_POINT ( 'NONE',  ( 0.8369691989644486574, 0.9999606299212597804, -0.8771952688768018813 ) ) ;
#5539 = CARTESIAN_POINT ( 'NONE',  ( 0.6522324700215528237, 1.000000000000000222, -0.8774874777478672838 ) ) ;
#5540 = CARTESIAN_POINT ( 'NONE',  ( 0.6298170188598737340, 1.000000000000000444, -0.8025962498358740760 ) ) ;
#5541 = EDGE_CURVE ( 'NONE', #1909, #4747, #3786, .T. ) ;
#5542 = CARTESIAN_POINT ( 'NONE',  ( 0.5301175129339944503, 1.000000000000000222, -0.8300059327762228101 ) ) ;
#5543 = EDGE_CURVE ( 'NONE', #4686, #382, #5140, .T. ) ;
#5544 = DIRECTION ( 'NONE',  ( 0.000000000000000000, -1.000000000000000000, 0.000000000000000000 ) ) ;
#5545 = ADVANCED_FACE ( 'NONE', ( #1274 ), #1924, .T. ) ;
#5546 = CARTESIAN_POINT ( 'NONE',  ( 0.8049605397514665306, 0.9999606299212597804, -0.8430674817901511187 ) ) ;
#5547 = CARTESIAN_POINT ( 'NONE',  ( 0.7539625600978226982, 1.000000000000000222, -0.8915519976518780920 ) ) ;
#5548 = AXIS2_PLACEMENT_3D ( 'NONE', #5364, #6462, #3787 ) ;
#5549 = CARTESIAN_POINT ( 'NONE',  ( 0.6279148028383675362, 1.000000000000000222, -0.8525187524594262101 ) ) ;
#5550 = CARTESIAN_POINT ( 'NONE',  ( 0.7765628897788425800, 0.9999606299212597804, -0.8633042799778021248 ) ) ;
#5551 = LINE ( 'NONE', #4300, #247 ) ;
#5552 = CARTESIAN_POINT ( 'NONE',  ( 0.6254274338233063446, 0.9999606299212596694, -0.8812694544856947143 ) ) ;
#5553 = FACE_OUTER_BOUND ( 'NONE', #2069, .T. ) ;
#5554 = CARTESIAN_POINT ( 'NONE',  ( 0.6253704975498750596, 0.9999606299212598914, -0.8401817862137092030 ) ) ;
#5555 = CARTESIAN_POINT ( 'NONE',  ( 0.6873192785678214900, 0.9999999999999998890, -0.8445956455822249964 ) ) ;
#5556 = CARTESIAN_POINT ( 'NONE',  ( 0.6164156097575766990, 0.9999606299212596694, -0.7909561189494803690 ) ) ;
#5557 = ORIENTED_EDGE ( 'NONE', *, *, #197, .T. ) ;
#5558 = CARTESIAN_POINT ( 'NONE',  ( 0.5572443546610056364, 0.9999606299212596694, -0.8599042495633131278 ) ) ;
#5559 = CARTESIAN_POINT ( 'NONE',  ( 0.6131742180266165354, 1.000000000000000222, -0.8500077761092023065 ) ) ;
#5560 = CARTESIAN_POINT ( 'NONE',  ( 0.7716208551788932279, 1.000000000000000222, -0.8808163454230890643 ) ) ;
#5561 = ORIENTED_EDGE ( 'NONE', *, *, #2667, .F. ) ;
#5562 = CARTESIAN_POINT ( 'NONE',  ( 0.8130446892802037917, 1.000000000000000000, -0.7984044308086201136 ) ) ;
#5563 = ORIENTED_EDGE ( 'NONE', *, *, #5228, .F. ) ;
#5564 = CARTESIAN_POINT ( 'NONE',  ( 0.6144882098178690022, 0.9999999999999998890, -0.8345094157865492468 ) ) ;
#5565 = ORIENTED_EDGE ( 'NONE', *, *, #4463, .T. ) ;
#5566 = CARTESIAN_POINT ( 'NONE',  ( 0.7481624862169775625, 0.9999999999999998890, -0.8915680823822358381 ) ) ;
#5567 = EDGE_LOOP ( 'NONE', ( #783, #2250, #2770, #2501, #805, #4131 ) ) ;
#5568 = DIRECTION ( 'NONE',  ( -2.453269466693455261E-14, 0.000000000000000000, 1.000000000000000000 ) ) ;
#5569 = B_SPLINE_CURVE_WITH_KNOTS ( 'NONE', 3,
 ( #1794, #2367, #2496, #5127, #6163, #1259, #4025, #4706, #2340, #6141, #5272, #3432, #2924, #3455, #1281 ),
 .UNSPECIFIED., .F., .F.,
 ( 4, 1, 1, 1, 1, 1, 1, 1, 1, 1, 1, 1, 4 ),
 ( 0.000000000000000000, 0.08427347156089418090, 0.1665166244253428462, 0.2473877598069609829, 0.3288365457123073043, 0.4090983268496182212, 0.4877267016055328863, 0.5657077880693260896, 0.6449848608508597092, 0.7265584459444189847, 0.8120697979385852472, 0.9027287756276028974, 1.000000000000000000 ),
 .UNSPECIFIED. ) ;
#5570 = PLANE ( 'NONE',  #1533 ) ;
#5571 = ADVANCED_FACE ( 'NONE', ( #522 ), #4886, .T. ) ;
#5572 = CARTESIAN_POINT ( 'NONE',  ( 0.8634368444494837647, 1.000000000000000000, -0.8564549405671526561 ) ) ;
#5573 = EDGE_CURVE ( 'NONE', #6065, #224, #5984, .T. ) ;
#5574 = ORIENTED_EDGE ( 'NONE', *, *, #2329, .T. ) ;
#5575 = CARTESIAN_POINT ( 'NONE',  ( 0.8012671004648037609, 1.000000000000000000, -0.8522243183744641071 ) ) ;
#5576 = EDGE_CURVE ( 'NONE', #2513, #6634, #352, .T. ) ;
#5577 = CARTESIAN_POINT ( 'NONE',  ( 0.6326059151031696581, 0.9999606299212593363, -0.8274588167253960069 ) ) ;
#5578 = CARTESIAN_POINT ( 'NONE',  ( 0.6774302463176601341, 1.000000000000000222, -0.8916184882352731211 ) ) ;
#5579 = CARTESIAN_POINT ( 'NONE',  ( 0.6111021298356607012, 0.9999606299212597804, -0.8492696619469072283 ) ) ;
#5580 = ORIENTED_EDGE ( 'NONE', *, *, #2518, .T. ) ;
#5581 = CARTESIAN_POINT ( 'NONE',  ( 0.6971644214242577187, 0.9999606299212592253, -0.7913940603027647125 ) ) ;
#5582 = VECTOR ( 'NONE', #30, 39.37007874015748143 ) ;
#5583 = CARTESIAN_POINT ( 'NONE',  ( 0.8398866724807154682, 1.000000000000000222, -0.8132133103245966499 ) ) ;
#5584 = CARTESIAN_POINT ( 'NONE',  ( 0.3333966783382540933, 0.9999606299212597804, -0.4971953688795429094 ) ) ;
#5585 = CARTESIAN_POINT ( 'NONE',  ( 0.8211874424221267121, 1.000000000000000222, -0.8009737192794806893 ) ) ;
#5586 = FACE_OUTER_BOUND ( 'NONE', #2617, .T. ) ;
#5587 = PLANE ( 'NONE',  #4936 ) ;
#5588 = CARTESIAN_POINT ( 'NONE',  ( 0.5275650023682493250, 0.9999606299212601135, -0.8417581454208279412 ) ) ;
#5589 = LINE ( 'NONE', #3708, #713 ) ;
#5590 = EDGE_LOOP ( 'NONE', ( #4639, #3119, #995 ) ) ;
#5591 = ORIENTED_EDGE ( 'NONE', *, *, #373, .F. ) ;
#5592 = LINE ( 'NONE', #6170, #1307 ) ;
#5593 = VERTEX_POINT ( 'NONE', #3628 ) ;
#5594 = PLANE ( 'NONE',  #4853 ) ;
#5595 = LINE ( 'NONE', #2512, #6518 ) ;
#5596 = CARTESIAN_POINT ( 'NONE',  ( 0.6232919331632321702, 0.9999999999999998890, -0.8837847176025624973 ) ) ;
#5597 = ORIENTED_EDGE ( 'NONE', *, *, #478, .F. ) ;
#5598 = LINE ( 'NONE', #5463, #53 ) ;
#5599 = AXIS2_PLACEMENT_3D ( 'NONE', #5906, #2572, #1993 ) ;
#5600 = CARTESIAN_POINT ( 'NONE',  ( 0.6597908120003782573, 0.9999606299212603355, -0.8606671541464090414 ) ) ;
#5601 = AXIS2_PLACEMENT_3D ( 'NONE', #5319, #1514, #5295 ) ;
#5602 = ORIENTED_EDGE ( 'NONE', *, *, #5707, .F. ) ;
#5603 = CARTESIAN_POINT ( 'NONE',  ( 0.7620800999449668378, 1.000000000000000222, -0.8494496466739990259 ) ) ;
#5604 = CARTESIAN_POINT ( 'NONE',  ( 0.8369691989644486574, 0.9999606299212597804, -0.8890138945870291742 ) ) ;
#5605 = VECTOR ( 'NONE', #2362, 39.37007874015748854 ) ;
#5606 = CARTESIAN_POINT ( 'NONE',  ( 0.5483922455262889573, 0.9999606299212598914, -0.8364993518160704911 ) ) ;
#5607 = ADVANCED_FACE ( 'NONE', ( #598 ), #2434, .T. ) ;
#5608 = CARTESIAN_POINT ( 'NONE',  ( 0.5047344984436151760, 0.9999606299212597804, -0.8785084495112716052 ) ) ;
#5609 = CARTESIAN_POINT ( 'NONE',  ( 0.9976937541825713351, 0.9944322300693974048, -0.005567769930603281257 ) ) ;
#5610 = CARTESIAN_POINT ( 'NONE',  ( 0.5467562787466456742, 0.9999606299212598914, -0.8604727342347270325 ) ) ;
#5611 = DIRECTION ( 'NONE',  ( 1.570092458683761362E-16, -0.7071067811865535679, -0.7071067811865414665 ) ) ;
#5612 = ORIENTED_EDGE ( 'NONE', *, *, #4241, .T. ) ;
#5613 = CARTESIAN_POINT ( 'NONE',  ( 0.8243355984494754596, 0.9999606299212595584, -0.8411499578510847064 ) ) ;
#5614 = CARTESIAN_POINT ( 'NONE',  ( 0.8894964243432363915, 0.9999606299212597804, -0.7892121663673321574 ) ) ;
#5615 = B_SPLINE_CURVE_WITH_KNOTS ( 'NONE', 3,
 ( #6138, #4644, #708, #4569, #1838, #5644, #2383, #4675, #5218, #283, #1937, #5745, #4122, #2488, #6286, #830, #3572, #5721, #2464 ),
 .UNSPECIFIED., .F., .F.,
 ( 4, 1, 1, 1, 1, 1, 1, 1, 1, 1, 1, 1, 1, 1, 1, 1, 4 ),
 ( 0.000000000000000000, 0.09376966784605159089, 0.1814496951761755683, 0.2641822854488731775, 0.3436335622917463528, 0.4187129931995769994, 0.4866707474100396835, 0.5498141589810481289, 0.6096023918924798890, 0.6413727845851210363, 0.6773810832927650294, 0.7185834291285159159, 0.7646708573159137767, 0.8157394516080673785, 0.8718106984770618295, 0.9330045890898940320, 0.9999999999999998890 ),
 .UNSPECIFIED. ) ;
#5616 = VERTEX_POINT ( 'NONE', #369 ) ;
#5617 = CARTESIAN_POINT ( 'NONE',  ( 0.8661727877379903351, 0.9999999999999996669, -0.8708697885855996024 ) ) ;
#5618 = CARTESIAN_POINT ( 'NONE',  ( 0.8783458015322024304, 0.9999606299212598914, -0.8685735301618215942 ) ) ;
#5619 = EDGE_LOOP ( 'NONE', ( #2841, #4517, #3392, #2772 ) ) ;
#5620 = CARTESIAN_POINT ( 'NONE',  ( 0.6502339196273054789, 1.000000000000000000, -0.8724700688054520814 ) ) ;
#5621 = CARTESIAN_POINT ( 'NONE',  ( 0.9960629921259841479, 0.003937007874015645628, -0.9921259842519689620 ) ) ;
#5622 = CARTESIAN_POINT ( 'NONE',  ( 0.8277122184865896015, 1.000000000000000000, -0.8527640527431691320 ) ) ;
#5623 = CARTESIAN_POINT ( 'NONE',  ( 0.5822121558773274419, 0.9999999999995067279, -0.8010307920775594503 ) ) ;
#5624 = EDGE_CURVE ( 'NONE', #5790, #4003, #3695, .T. ) ;
#5625 = CARTESIAN_POINT ( 'NONE',  ( 0.8136275051139127967, 0.9999999999999998890, -0.7984234853223503015 ) ) ;
#5626 = CARTESIAN_POINT ( 'NONE',  ( 0.7507271315789980637, 1.000000000000000222, -0.8184806564976550014 ) ) ;
#5627 = LINE ( 'NONE', #1378, #6803 ) ;
#5628 = CARTESIAN_POINT ( 'NONE',  ( 0.5337041415892254115, 0.9999606299212601135, -0.8423579175422329923 ) ) ;
#5629 = CARTESIAN_POINT ( 'NONE',  ( 0.6156452009227151301, 1.000000000000000000, -0.8752600690818127527 ) ) ;
#5630 = CARTESIAN_POINT ( 'NONE',  ( 0.7421479023018504595, 0.9999606299212598914, -0.8088649968042922467 ) ) ;
#5631 = EDGE_LOOP ( 'NONE', ( #4938, #6942, #2800, #1126 ) ) ;
#5632 = CARTESIAN_POINT ( 'NONE',  ( 0.5055677699306029282, 1.000000000000000000, -0.5055677699306029282 ) ) ;
#5633 = LINE ( 'NONE', #1519, #3610 ) ;
#5634 = EDGE_CURVE ( 'NONE', #417, #3905, #1038, .T. ) ;
#5635 = ADVANCED_FACE ( 'NONE', ( #2916 ), #3137, .F. ) ;
#5636 = VERTEX_POINT ( 'NONE', #3656 ) ;
#5637 = ORIENTED_EDGE ( 'NONE', *, *, #3627, .T. ) ;
#5638 = DIRECTION ( 'NONE',  ( -0.000000000000000000, 1.000000000000000000, -0.000000000000000000 ) ) ;
#5639 = CARTESIAN_POINT ( 'NONE',  ( 0.6623590871663405100, 0.9999606299212598914, -0.8078872227987546895 ) ) ;
#5640 = CARTESIAN_POINT ( 'NONE',  ( 0.4974776437686259101, 0.9999606299212597804, -0.1002102154469468043 ) ) ;
#5641 = ORIENTED_EDGE ( 'NONE', *, *, #3697, .T. ) ;
#5642 = ORIENTED_EDGE ( 'NONE', *, *, #3337, .F. ) ;
#5643 = CARTESIAN_POINT ( 'NONE',  ( 0.7456571051109108783, 1.000000000000000444, -0.8804139390355678607 ) ) ;
#5644 = CARTESIAN_POINT ( 'NONE',  ( 0.5444406234384360221, 0.9999606299212597804, -0.8709206650490960433 ) ) ;
#5645 = CARTESIAN_POINT ( 'NONE',  ( 0.8265307269052583061, 1.000000000000000222, -0.8067228652284170742 ) ) ;
#5646 = CARTESIAN_POINT ( 'NONE',  ( 0.7765074100665567691, 1.000000000000000222, -0.8660006231897163786 ) ) ;
#5647 = CARTESIAN_POINT ( 'NONE',  ( 0.8050630132363176816, 1.000000000000000000, -0.8771952688768018813 ) ) ;
#5648 = B_SPLINE_CURVE_WITH_KNOTS ( 'NONE', 3,
 ( #884, #4157, #5242, #6341, #6930, #858, #6315, #3650, #4726, #4835, #509, #3275, #1083, #4905, #4293 ),
 .UNSPECIFIED., .F., .F.,
 ( 4, 1, 1, 1, 1, 1, 1, 1, 1, 1, 1, 1, 4 ),
 ( 0.000000000000000000, 0.1067133849812025997, 0.2023827530813265274, 0.2879881362754683760, 0.3651321209974016102, 0.4381553218526830218, 0.5114419818683964003, 0.5870934926508706297, 0.6659855935524692239, 0.7468394073744432093, 0.8288800136248052342, 0.9125295864996457729, 0.9999999999999998890 ),
 .UNSPECIFIED. ) ;
#5649 = CARTESIAN_POINT ( 'NONE',  ( 0.6191292386197910780, 1.000000000000000222, -0.8702798903709293432 ) ) ;
#5650 = CARTESIAN_POINT ( 'NONE',  ( 0.6144993457716731999, 0.9999606299212598914, -0.7904433374284779434 ) ) ;
#5651 = ORIENTED_EDGE ( 'NONE', *, *, #4590, .F. ) ;
#5652 = CARTESIAN_POINT ( 'NONE',  ( 0.7870683348546001490, 0.9999606299212597804, -0.8167889596911959149 ) ) ;
#5653 = DIRECTION ( 'NONE',  ( 0.5000000000000115463, 0.5000000000000065503, 0.7071067811865346942 ) ) ;
#5654 = CARTESIAN_POINT ( 'NONE',  ( 0.7414182069716351853, 0.9999606299212597804, -0.8780892087008453917 ) ) ;
#5655 = VERTEX_POINT ( 'NONE', #3605 ) ;
#5656 = CARTESIAN_POINT ( 'NONE',  ( 0.8409087408678576070, 1.000000000000000000, -0.8236421211273345921 ) ) ;
#5657 = EDGE_CURVE ( 'NONE', #1828, #5032, #5314, .T. ) ;
#5658 = EDGE_CURVE ( 'NONE', #2845, #2075, #7, .T. ) ;
#5659 = LINE ( 'NONE', #5920, #1659 ) ;
#5660 = LINE ( 'NONE', #2717, #626 ) ;
#5661 = CARTESIAN_POINT ( 'NONE',  ( 1.365923996832131609E-16, 0.9921259842519682959, -0.9999999999999998890 ) ) ;
#5662 = EDGE_CURVE ( 'NONE', #5184, #1782, #1710, .T. ) ;
#5663 = ORIENTED_EDGE ( 'NONE', *, *, #3904, .F. ) ;
#5664 = CARTESIAN_POINT ( 'NONE',  ( 0.5047344984436151760, 1.000000000000000000, -0.8299207660358928207 ) ) ;
#5665 = VECTOR ( 'NONE', #3683, 39.37007874015748143 ) ;
#5666 = DIRECTION ( 'NONE',  ( 0.000000000000000000, -0.000000000000000000, 1.000000000000000000 ) ) ;
#5667 = ORIENTED_EDGE ( 'NONE', *, *, #1418, .T. ) ;
#5668 = CARTESIAN_POINT ( 'NONE',  ( 0.7962605992958878831, 0.9999606299212597804, -0.8890138945870291742 ) ) ;
#5669 = VECTOR ( 'NONE', #1747, 39.37007874015748143 ) ;
#5670 = FACE_OUTER_BOUND ( 'NONE', #5359, .T. ) ;
#5671 = ADVANCED_FACE ( 'NONE', ( #3437 ), #325, .F. ) ;
#5672 = CARTESIAN_POINT ( 'NONE',  ( 0.7499900926464447837, 1.000000000000000222, -0.8811227285877354376 ) ) ;
#5673 = ORIENTED_EDGE ( 'NONE', *, *, #80, .F. ) ;
#5674 = LINE ( 'NONE', #2306, #2021 ) ;
#5675 = CARTESIAN_POINT ( 'NONE',  ( 0.6229207555458879941, 0.9999606299212597804, -0.8188202859851411164 ) ) ;
#5676 = CARTESIAN_POINT ( 'NONE',  ( 0.6228277477735760792, 1.000000000000000222, -0.7941589578937484628 ) ) ;
#5677 = CARTESIAN_POINT ( 'NONE',  ( 0.000000000000000000, 0.000000000000000000, 0.000000000000000000 ) ) ;
#5678 = ORIENTED_EDGE ( 'NONE', *, *, #6365, .F. ) ;
#5679 = CARTESIAN_POINT ( 'NONE',  ( 0.4551450449156568268, 1.000000000000000000, -0.1495351693177169317 ) ) ;
#5680 = ORIENTED_EDGE ( 'NONE', *, *, #552, .T. ) ;
#5681 = CARTESIAN_POINT ( 'NONE',  ( 0.6202650649540416561, 0.9999999999999995559, -0.8641057757814939455 ) ) ;
#5682 = CARTESIAN_POINT ( 'NONE',  ( 0.6053386720810758348, 0.9999606299212598914, -0.8903107544770365589 ) ) ;
#5683 = VECTOR ( 'NONE', #5702, 39.37007874015748143 ) ;
#5684 = CARTESIAN_POINT ( 'NONE',  ( 0.6975947566892016782, 0.9999606299212597804, -0.8057470219922899801 ) ) ;
#5685 = CARTESIAN_POINT ( 'NONE',  ( 0.7442271727834030015, 0.9999606299212597804, -0.8113221134195118811 ) ) ;
#5686 = CARTESIAN_POINT ( 'NONE',  ( 0.7988869605648273309, 0.9999606299212597804, -0.8357069682065249028 ) ) ;
#5687 = CARTESIAN_POINT ( 'NONE',  ( 0.7499900926464447837, 1.000000000000000444, -0.8811227285877354376 ) ) ;
#5688 = CARTESIAN_POINT ( 'NONE',  ( 0.5540386495742067874, 0.9999999999999998890, -0.8767663970327501666 ) ) ;
#5689 = ORIENTED_EDGE ( 'NONE', *, *, #2494, .F. ) ;
#5690 = CARTESIAN_POINT ( 'NONE',  ( 0.5047344984436151760, 0.9999606299212597804, -0.8417393917461201136 ) ) ;
#5691 = CARTESIAN_POINT ( 'NONE',  ( 0.8391087153974873258, 1.000000000000000000, -0.8370148053080976869 ) ) ;
#5692 = ORIENTED_EDGE ( 'NONE', *, *, #3461, .T. ) ;
#5693 = VERTEX_POINT ( 'NONE', #847 ) ;
#5694 = CARTESIAN_POINT ( 'NONE',  ( 0.7351375710717196199, 0.9999999999999998890, -0.8670421205111057406 ) ) ;
#5695 = CARTESIAN_POINT ( 'NONE',  ( 0.6898671015023896125, 1.000000000000000000, -0.8008987640222463567 ) ) ;
#5696 = CARTESIAN_POINT ( 'NONE',  ( 0.7660048934891675598, 0.9999606299212598914, -0.8623558288356970580 ) ) ;
#5697 = CARTESIAN_POINT ( 'NONE',  ( 0.9999999999999998890, 1.000000000000000000, -0.007874015748032028514 ) ) ;
#5698 = CARTESIAN_POINT ( 'NONE',  ( 0.8270481709674836202, 0.9999606299212598914, -0.7919691730303489718 ) ) ;
#5699 = B_SPLINE_CURVE_WITH_KNOTS ( 'NONE', 3,
 ( #4130, #6776, #4105, #1887, #6238, #2445, #6293, #3484, #4028, #2979, #6749, #4580, #1284, #3501, #1846, #6723, #216, #1914, #1330 ),
 .UNSPECIFIED., .F., .F.,
 ( 4, 1, 1, 1, 1, 1, 1, 1, 1, 1, 1, 1, 1, 1, 1, 1, 4 ),
 ( 0.000000000000000000, 0.06961345028915277844, 0.1341558467413846711, 0.1941216639751321693, 0.2492702399547627456, 0.3003975238168687945, 0.3464602541181235340, 0.3882517207597330211, 0.4259028191906390481, 0.4961060560373065642, 0.5655345875935796629, 0.6348462500707492406, 0.7047585289073882153, 0.7756659742820924963, 0.8477253815784793201, 0.9224175839219320716, 1.000000000000000000 ),
 .UNSPECIFIED. ) ;
#5700 = DIRECTION ( 'NONE',  ( -1.000000000000000000, 0.000000000000000000, 0.000000000000000000 ) ) ;
#5701 = PLANE ( 'NONE',  #5286 ) ;
#5702 = DIRECTION ( 'NONE',  ( -0.000000000000000000, 1.000000000000000000, -0.000000000000000000 ) ) ;
#5703 = CARTESIAN_POINT ( 'NONE',  ( 0.6987228412854259441, 0.9999606299212595584, -0.8070730345289581775 ) ) ;
#5704 = CARTESIAN_POINT ( 'NONE',  ( 0.6990852323451304251, 0.9999606299212597804, -0.8601239206286958039 ) ) ;
#5705 = CARTESIAN_POINT ( 'NONE',  ( 0.7351375710717196199, 0.9999606299212596694, -0.8670421205111057406 ) ) ;
#5706 = CARTESIAN_POINT ( 'NONE',  ( 0.6597068913198131934, 1.000000000000000000, -0.8642761429967594777 ) ) ;
#5707 = EDGE_CURVE ( 'NONE', #5092, #5405, #6898, .T. ) ;
#5708 = ADVANCED_FACE ( 'NONE', ( #2582 ), #75, .T. ) ;
#5709 = CARTESIAN_POINT ( 'NONE',  ( 0.9954964955889556988, 0.006741022673974680045, -0.006105798582449785405 ) ) ;
#5710 = CARTESIAN_POINT ( 'NONE',  ( 0.8505807351360898938, 0.9999606299212597804, -0.5450506550593627875 ) ) ;
#5711 = VECTOR ( 'NONE', #769, 39.37007874015748143 ) ;
#5712 = CARTESIAN_POINT ( 'NONE',  ( 0.5570140337114404261, 0.9999999999999998890, -0.8660125429873773983 ) ) ;
#5713 = DIRECTION ( 'NONE',  ( -1.000000000000000000, 5.533906305698548698E-12, 0.000000000000000000 ) ) ;
#5714 = CARTESIAN_POINT ( 'NONE',  ( 0.6803724083039373038, 0.9999606299212597804, -0.7878989857328625446 ) ) ;
#5715 = CARTESIAN_POINT ( 'NONE',  ( 0.7992783991678696909, 0.9999606299212598914, -0.8364570287736011744 ) ) ;
#5716 = CARTESIAN_POINT ( 'NONE',  ( 0.6306985527556340232, 0.9999606299212596694, -0.8615936849225361849 ) ) ;
#5717 = EDGE_CURVE ( 'NONE', #3298, #930, #6214, .T. ) ;
#5718 = FACE_OUTER_BOUND ( 'NONE', #663, .T. ) ;
#5719 = CARTESIAN_POINT ( 'NONE',  ( 0.6669056890068546517, 1.000000000000000000, -0.5063145128993086219 ) ) ;
#5720 = ORIENTED_EDGE ( 'NONE', *, *, #3918, .F. ) ;
#5721 = CARTESIAN_POINT ( 'NONE',  ( 0.5272296883617476615, 0.9999606299212596694, -0.8785071473688054189 ) ) ;
#5722 = CARTESIAN_POINT ( 'NONE',  ( 0.7660574447030851220, 1.000000000000000444, -0.8635094644519381024 ) ) ;
#5723 = EDGE_LOOP ( 'NONE', ( #1949, #1304, #5651 ) ) ;
#5724 = CARTESIAN_POINT ( 'NONE',  ( 0.6498292647742284212, 0.9999606299212595584, -0.8575236235957504061 ) ) ;
#5725 = CC_DESIGN_APPROVAL ( #6574, ( #5030 ) ) ;
#5726 = CARTESIAN_POINT ( 'NONE',  ( 0.8334315328481495255, 0.9999606299212593363, -0.7983918485030624401 ) ) ;
#5727 = DIRECTION ( 'NONE',  ( -0.7588454441657042082, -0.000000000000000000, -0.6512707515841279493 ) ) ;
#5728 = CARTESIAN_POINT ( 'NONE',  ( 0.8409087408678576070, 0.9999606299212597804, -0.8236421211273345921 ) ) ;
#5729 = ORIENTED_EDGE ( 'NONE', *, *, #597, .T. ) ;
#5730 = CARTESIAN_POINT ( 'NONE',  ( 0.7333888948168920674, 1.000000000000000222, -0.8153772215395659329 ) ) ;
#5731 = CARTESIAN_POINT ( 'NONE',  ( 0.8012671004648037609, 0.9999606299212597804, -0.8522243183744641071 ) ) ;
#5732 = ORIENTED_EDGE ( 'NONE', *, *, #3091, .F. ) ;
#5733 = ORIENTED_EDGE ( 'NONE', *, *, #5880, .F. ) ;
#5734 = CARTESIAN_POINT ( 'NONE',  ( 0.7527820092264928542, 0.9999606299212597804, -0.8206669462523641378 ) ) ;
#5735 = CARTESIAN_POINT ( 'NONE',  ( 0.8233695737683932592, 0.9999606299212596694, -0.8550000404217957817 ) ) ;
#5736 = CARTESIAN_POINT ( 'NONE',  ( 0.7414182069716351853, 0.9999606299212597804, -0.8780892087008453917 ) ) ;
#5737 = CARTESIAN_POINT ( 'NONE',  ( 0.8191650406486701286, 0.9999606299212593363, -0.7884939628495177821 ) ) ;
#5738 = CARTESIAN_POINT ( 'NONE',  ( 0.6975947566892016782, 0.9999606299212597804, -0.8057470219922899801 ) ) ;
#5739 = CARTESIAN_POINT ( 'NONE',  ( 0.6812752199901351835, 0.9999606299212597804, -0.7997176114430898375 ) ) ;
#5740 = DIRECTION ( 'NONE',  ( 0.000000000000000000, 0.000000000000000000, 1.000000000000000000 ) ) ;
#5741 = EDGE_LOOP ( 'NONE', ( #1857, #3006, #4941, #3263, #1761 ) ) ;
#5742 = CARTESIAN_POINT ( 'NONE',  ( 0.5717067108015697618, 1.000000000000000000, -0.7892121663673321574 ) ) ;
#5743 = CARTESIAN_POINT ( 'NONE',  ( 0.6917100886745867205, 1.000000000000000222, -0.8432852447937406737 ) ) ;
#5744 = ADVANCED_FACE ( 'NONE', ( #5485 ), #2566, .T. ) ;
#5745 = CARTESIAN_POINT ( 'NONE',  ( 0.5365916823618347431, 0.9999606299212596694, -0.8776363942880496261 ) ) ;
#5746 = DIRECTION ( 'NONE',  ( 0.000000000000000000, 0.000000000000000000, 1.000000000000000000 ) ) ;
#5747 = CARTESIAN_POINT ( 'NONE',  ( 0.6104708787816611748, 0.9999606299212597804, -0.8357602120492878539 ) ) ;
#5748 = ORIENTED_EDGE ( 'NONE', *, *, #2022, .F. ) ;
#5749 = CARTESIAN_POINT ( 'NONE',  ( 0.7716208551788932279, 0.9999606299212598914, -0.8808163454230890643 ) ) ;
#5750 = CARTESIAN_POINT ( 'NONE',  ( 0.6299926654034629925, 0.9999606299212593363, -0.8719956252677736330 ) ) ;
#5751 = VECTOR ( 'NONE', #6654, 39.37007874015748854 ) ;
#5752 = DIRECTION ( 'NONE',  ( -1.000000000000000000, 0.000000000000000000, 0.000000000000000000 ) ) ;
#5753 = CARTESIAN_POINT ( 'NONE',  ( 0.6629932833446272600, 0.9999606299212597804, -0.8534349067718657311 ) ) ;
#5754 = CARTESIAN_POINT ( 'NONE',  ( 0.7427572632841946687, 0.9999606299212598914, -0.8790268463394927956 ) ) ;
#5755 = VECTOR ( 'NONE', #6158, 39.37007874015748143 ) ;
#5756 = VECTOR ( 'NONE', #3855, 39.37007874015748143 ) ;
#5757 = CARTESIAN_POINT ( 'NONE',  ( 0.6041335956484206182, 0.9999606299212596694, -0.8010426668456498422 ) ) ;
#5758 = ORIENTED_EDGE ( 'NONE', *, *, #1759, .F. ) ;
#5759 = CARTESIAN_POINT ( 'NONE',  ( 0.6764533848479417077, 0.9999606299212597804, -0.8361583740496238981 ) ) ;
#5760 = ORIENTED_EDGE ( 'NONE', *, *, #1014, .F. ) ;
#5761 = LINE ( 'NONE', #500, #6949 ) ;
#5762 = PLANE ( 'NONE',  #6617 ) ;
#5763 = VERTEX_POINT ( 'NONE', #513 ) ;
#5765 = VECTOR ( 'NONE', #6566, 39.37007874015748143 ) ;
#5764 = CARTESIAN_POINT ( 'NONE',  ( 0.6785257480367141714, 0.9999606299212597804, -0.8916402558559686220 ) ) ;
#5766 = EDGE_CURVE ( 'NONE', #1272, #6431, #5116, .T. ) ;
#5767 = CARTESIAN_POINT ( 'NONE',  ( 0.8408345578505146412, 0.9999606299212597804, -0.8200644907502592229 ) ) ;
#5768 = CARTESIAN_POINT ( 'NONE',  ( 0.6819551955684837186, 1.000000000000000222, -0.7879380682704392180 ) ) ;
#5769 = ORIENTED_EDGE ( 'NONE', *, *, #2938, .T. ) ;
#5770 = FACE_OUTER_BOUND ( 'NONE', #5493, .T. ) ;
#5771 = CARTESIAN_POINT ( 'NONE',  ( 0.7992783991678696909, 1.000000000000000222, -0.8364570287736011744 ) ) ;
#5772 = ORIENTED_EDGE ( 'NONE', *, *, #419, .F. ) ;
#5773 = CARTESIAN_POINT ( 'NONE',  ( 0.6847719099614063554, 0.9999606299212601135, -0.8452681109666898562 ) ) ;
#5774 = CARTESIAN_POINT ( 'NONE',  ( 0.6028331955279843113, 0.9999606299212597804, -0.7892121663673321574 ) ) ;
#5775 = EDGE_LOOP ( 'NONE', ( #271, #6512, #3545, #124 ) ) ;
#5776 = DIRECTION ( 'NONE',  ( 1.000000000000000000, 0.000000000000000000, 0.000000000000000000 ) ) ;
#5777 = LINE ( 'NONE', #4259, #3659 ) ;
#5778 = CARTESIAN_POINT ( 'NONE',  ( 0.6736662567795460577, 0.9999606299212596694, -0.8369447627075603524 ) ) ;
#5779 = CARTESIAN_POINT ( 'NONE',  ( 0.7560464414415563050, 1.000000000000000222, -0.8242106597779452759 ) ) ;
#5780 = EDGE_CURVE ( 'NONE', #580, #5145, #4911, .T. ) ;
#5781 = CARTESIAN_POINT ( 'NONE',  ( 0.6910829291551359166, 0.9999606299212598914, -0.8316094542858193384 ) ) ;
#5782 = CARTESIAN_POINT ( 'NONE',  ( 0.6795439065220810759, 0.9999999999999998890, -0.8353106461589371312 ) ) ;
#5783 = CARTESIAN_POINT ( 'NONE',  ( 0.6871609061643593197, 0.9999606299212596694, -0.8908367566420667405 ) ) ;
#5784 = ADVANCED_FACE ( 'NONE', ( #1798 ), #470, .T. ) ;
#5785 = CARTESIAN_POINT ( 'NONE',  ( 0.6791263205036227601, 1.000000000000000222, -0.7879251149160769740 ) ) ;
#5786 = CARTESIAN_POINT ( 'NONE',  ( 0.7348054100325174254, 0.9999606299212602245, -0.8648652309006683581 ) ) ;
#5787 = CARTESIAN_POINT ( 'NONE',  ( 0.8334315328481495255, 0.9999999999999995559, -0.7983918485030624401 ) ) ;
#5788 = VERTEX_POINT ( 'NONE', #4910 ) ;
#5789 = CARTESIAN_POINT ( 'NONE',  ( 0.6879180705894645254, 0.9999606299212598914, -0.8003507755660881351 ) ) ;
#5790 = VERTEX_POINT ( 'NONE', #5978 ) ;
#5791 = CARTESIAN_POINT ( 'NONE',  ( 0.5365916823618347431, 1.000000000000000000, -0.8776363942880496261 ) ) ;
#5792 = CARTESIAN_POINT ( 'NONE',  ( 0.6873192785678214900, 1.000000000000000000, -0.8445956455822249964 ) ) ;
#5793 = CARTESIAN_POINT ( 'NONE',  ( 0.3054552237685529414, 1.000000000000000000, -0.4935989121866296570 ) ) ;
#5794 = DIRECTION ( 'NONE',  ( -1.000000000000000000, -0.000000000000000000, -0.000000000000000000 ) ) ;
#5795 = CARTESIAN_POINT ( 'NONE',  ( 0.8002343416492493366, 1.000000000000000000, -0.8076519721001044205 ) ) ;
#5796 = CARTESIAN_POINT ( 'NONE',  ( 0.7250576324960876784, 1.000000000000000222, -0.8011328958978062298 ) ) ;
#5797 = DIRECTION ( 'NONE',  ( -1.000000000000000000, 0.000000000000000000, 0.000000000000000000 ) ) ;
#5798 = CARTESIAN_POINT ( 'NONE',  ( 0.6592654049371046154, 0.9999606299212597804, -0.8431175235250665256 ) ) ;
#5799 = CARTESIAN_POINT ( 'NONE',  ( 0.6288832631348929558, 0.9999606299212603355, -0.8753246485312685676 ) ) ;
#5800 = CARTESIAN_POINT ( 'NONE',  ( 0.7497558658184076963, 0.9999606299212597804, -0.8334209749413856727 ) ) ;
#5801 = CARTESIAN_POINT ( 'NONE',  ( 0.5304518464801836197, 0.9999606299212597804, -0.8902084004749131196 ) ) ;
#5802 = EDGE_CURVE ( 'NONE', #6219, #832, #5067, .T. ) ;
#5803 = DIRECTION ( 'NONE',  ( 0.000000000000000000, 0.000000000000000000, 1.000000000000000000 ) ) ;
#5804 = CARTESIAN_POINT ( 'NONE',  ( 0.6604096109879394882, 0.9999999999999998890, -0.8578726677132449963 ) ) ;
#5805 = VECTOR ( 'NONE', #1767, 39.37007874015748143 ) ;
#5806 = CARTESIAN_POINT ( 'NONE',  ( 0.8149424715777129347, 0.9999606299212598914, -0.8561376230420852940 ) ) ;
#5807 = EDGE_CURVE ( 'NONE', #4233, #6640, #4393, .T. ) ;
#5808 = CARTESIAN_POINT ( 'NONE',  ( 0.6466132105241687578, 0.9999606299212596694, -0.8207611638191728565 ) ) ;
#5809 = CARTESIAN_POINT ( 'NONE',  ( 0.5440929756788409621, 1.000000000000000222, -0.8490158016966471433 ) ) ;
#5810 = ORIENTED_EDGE ( 'NONE', *, *, #917, .T. ) ;
#5811 = CARTESIAN_POINT ( 'NONE',  ( 0.5717067108015697618, 0.9999606299212597804, -0.7892121663673321574 ) ) ;
#5812 = VECTOR ( 'NONE', #168, 39.37007874015748143 ) ;
#5813 = CARTESIAN_POINT ( 'NONE',  ( 0.6978530702468556113, 0.9999606299212598914, -0.8408982155253648116 ) ) ;
#5814 = CARTESIAN_POINT ( 'NONE',  ( 0.8999056890068602987, 0.9999606299212597804, -0.5027180562063946478 ) ) ;
#5815 = ORIENTED_EDGE ( 'NONE', *, *, #2581, .T. ) ;
#5816 = CARTESIAN_POINT ( 'NONE',  ( 0.8089886815360167738, 1.000000000000000222, -0.8450728598850518747 ) ) ;
#5817 = DIRECTION ( 'NONE',  ( 1.000000000000000000, 0.000000000000000000, 0.000000000000000000 ) ) ;
#5818 = ORIENTED_EDGE ( 'NONE', *, *, #3722, .T. ) ;
#5819 = CARTESIAN_POINT ( 'NONE',  ( 0.6887655462923318872, 0.9999606299212595584, -0.8779721761762573351 ) ) ;
#5820 = PLANE ( 'NONE',  #3832 ) ;
#5821 = PLANE ( 'NONE',  #3926 ) ;
#5822 = CARTESIAN_POINT ( 'NONE',  ( 0.005567769930603315952, 0.007874015748031199316, -0.9944322300693967387 ) ) ;
#5823 = AXIS2_PLACEMENT_3D ( 'NONE', #2603, #2071, #3629 ) ;
#5824 = ORIENTED_EDGE ( 'NONE', *, *, #2429, .T. ) ;
#5825 = CARTESIAN_POINT ( 'NONE',  ( 0.7509558674066834083, 0.9999606299212597804, -0.8916402558559686220 ) ) ;
#5826 = CARTESIAN_POINT ( 'NONE',  ( 0.7727832022684187896, 0.9999999999999996669, -0.8467799833833518086 ) ) ;
#5827 = ORIENTED_EDGE ( 'NONE', *, *, #6979, .F. ) ;
#5828 = CARTESIAN_POINT ( 'NONE',  ( 0.7650087456977051614, 0.9999606299212597804, -0.8563759309584413337 ) ) ;
#5829 = CARTESIAN_POINT ( 'NONE',  ( 0.6220916038555037719, 0.9999999999999995559, -0.8454333353718936905 ) ) ;
#5830 = CARTESIAN_POINT ( 'NONE',  ( 0.9921259842519684069, 1.000000000000000000, -1.000000000000000222 ) ) ;
#5831 = CARTESIAN_POINT ( 'NONE',  ( 0.6925173722067974325, 1.000000000000000222, -0.8309934817907030924 ) ) ;
#5832 = ADVANCED_BREP_SHAPE_REPRESENTATION ( '19034-E0W', ( #2782, #2695, #5386 ), #7044 ) ;
#5833 = CARTESIAN_POINT ( 'NONE',  ( 0.8149424715777129347, 1.000000000000000222, -0.8561376230420852940 ) ) ;
#5834 = CARTESIAN_POINT ( 'NONE',  ( 0.8034018303688242879, 1.000000000000000444, -0.7897654830495048905 ) ) ;
#5835 = DIRECTION ( 'NONE',  ( 0.7071067811865474617, 0.000000000000000000, 0.7071067811865474617 ) ) ;
#5836 = EDGE_LOOP ( 'NONE', ( #4855, #1175, #3435, #6714 ) ) ;
#5837 = CARTESIAN_POINT ( 'NONE',  ( 0.8351809088539038362, 1.000000000000000444, -0.8010727231647289948 ) ) ;
#5838 = DIRECTION ( 'NONE',  ( 0.000000000000000000, 0.000000000000000000, -1.000000000000000000 ) ) ;
#5839 = LINE ( 'NONE', #2571, #1758 ) ;
#5840 = CARTESIAN_POINT ( 'NONE',  ( 0.6073235434794097554, 0.9999606299212602245, -0.8362378122882302423 ) ) ;
#5841 = CARTESIAN_POINT ( 'NONE',  ( 0.5467562787466456742, 0.9999606299212598914, -0.8604727342347270325 ) ) ;
#5842 = CARTESIAN_POINT ( 'NONE',  ( 0.6925173722067974325, 1.000000000000000222, -0.8309934817907030924 ) ) ;
#5843 = CARTESIAN_POINT ( 'NONE',  ( 0.6615654197209412946, 1.000000000000000222, -0.8716080630376257243 ) ) ;
#5844 = FACE_OUTER_BOUND ( 'NONE', #6173, .T. ) ;
#5845 = CARTESIAN_POINT ( 'NONE',  ( 0.8139140152903605596, 0.9999606299212596694, -0.8456558990862904635 ) ) ;
#5846 = LINE ( 'NONE', #3124, #6247 ) ;
#5847 = CARTESIAN_POINT ( 'NONE',  ( 0.5274561759992952847, 0.9999606299212597804, -0.8299498825867746010 ) ) ;
#5848 = ORIENTED_EDGE ( 'NONE', *, *, #5707, .T. ) ;
#5849 = LINE ( 'NONE', #1211, #6515 ) ;
#5850 = CARTESIAN_POINT ( 'NONE',  ( 0.7121729072982182496, 1.000000000000000000, -0.8187076454723399843 ) ) ;
#5851 = CARTESIAN_POINT ( 'NONE',  ( 0.7227224837655850109, 1.000000000000000000, -0.7892121663673321574 ) ) ;
#5852 = VERTEX_POINT ( 'NONE', #1544 ) ;
#5853 = VECTOR ( 'NONE', #876, 39.37007874015748143 ) ;
#5854 = LINE ( 'NONE', #2596, #1498 ) ;
#5855 = CARTESIAN_POINT ( 'NONE',  ( 0.8184876965017517936, 0.9999999999999998890, -0.8448596806740620302 ) ) ;
#5856 = CARTESIAN_POINT ( 'NONE',  ( 0.6788745616427451779, 1.000000000000000000, -0.8798216301457413291 ) ) ;
#5857 = EDGE_CURVE ( 'NONE', #4167, #2238, #3868, .T. ) ;
#5858 = VERTEX_POINT ( 'NONE', #2122 ) ;
#5859 = CARTESIAN_POINT ( 'NONE',  ( 0.8699079082578643485, 1.000000000000000222, -0.8740452215087192167 ) ) ;
#5860 = DIRECTION ( 'NONE',  ( 0.000000000000000000, 0.000000000000000000, 1.000000000000000000 ) ) ;
#5861 = VECTOR ( 'NONE', #6516, 39.37007874015748143 ) ;
#5862 = CARTESIAN_POINT ( 'NONE',  ( 0.6745091291578042547, 1.000000000000000000, -0.8795543512288385157 ) ) ;
#5863 = CARTESIAN_POINT ( 'NONE',  ( 0.7765628897788425800, 0.9999606299212597804, -0.8633042799778021248 ) ) ;
#5864 = CARTESIAN_POINT ( 'NONE',  ( 0.7055786886870878405, 0.9999606299212595584, -0.8775147297059879836 ) ) ;
#5865 = CARTESIAN_POINT ( 'NONE',  ( 0.7952908776309878247, 0.9999606299212596694, -0.7955378417665045498 ) ) ;
#5866 = CARTESIAN_POINT ( 'NONE',  ( 0.6731510670087190729, 0.9999606299212598914, -0.7884151460066252115 ) ) ;
#5867 = VERTEX_POINT ( 'NONE', #7055 ) ;
#5868 = CARTESIAN_POINT ( 'NONE',  ( 0.6931854794213843096, 0.9999999999999998890, -0.8749993834533454917 ) ) ;
#5869 = CARTESIAN_POINT ( 'NONE',  ( 0.8265307269052583061, 0.9999606299212598914, -0.8067228652284170742 ) ) ;
#5870 = LINE ( 'NONE', #3818, #1939 ) ;
#5871 = EDGE_CURVE ( 'NONE', #2591, #5270, #5633, .T. ) ;
#5872 = CARTESIAN_POINT ( 'NONE',  ( 0.6307567529051865129, 1.000000000000000000, -0.8661183907893835743 ) ) ;
#5873 = CARTESIAN_POINT ( 'NONE',  ( 0.6229207555458879941, 1.000000000000000000, -0.8188202859851411164 ) ) ;
#5874 = CARTESIAN_POINT ( 'NONE',  ( 0.8719642344371588694, 0.9999606299212597804, -0.5063145128993086219 ) ) ;
#5875 = CARTESIAN_POINT ( 'NONE',  ( 0.7345411094758121928, 1.000000000000000000, -0.8601239206286958039 ) ) ;
#5876 = ORIENTED_EDGE ( 'NONE', *, *, #5381, .F. ) ;
#5877 = CARTESIAN_POINT ( 'NONE',  ( 0.5572617238224032432, 0.9999606299212598914, -0.8610267323148937946 ) ) ;
#5878 = CARTESIAN_POINT ( 'NONE',  ( 0.8102929885979633928, 1.000000000000000222, -0.7986897690708553155 ) ) ;
#5879 = CARTESIAN_POINT ( 'NONE',  ( 0.8200802496274429698, 0.9999606299212597804, -0.8442425063963516774 ) ) ;
#5880 = EDGE_CURVE ( 'NONE', #1196, #2802, #3511, .T. ) ;
#5881 = CARTESIAN_POINT ( 'NONE',  ( 0.7016450209108158198, 0.9999606299212597804, -0.8191768156799559275 ) ) ;
#5882 = ORIENTED_EDGE ( 'NONE', *, *, #5069, .F. ) ;
#5883 = CARTESIAN_POINT ( 'NONE',  ( 0.7660574447030851220, 0.9999606299212598914, -0.8635094644519381024 ) ) ;
#5884 = CARTESIAN_POINT ( 'NONE',  ( 0.4942290533678576625, 1.000000000000000000, -0.7892121663673321574 ) ) ;
#5885 = CARTESIAN_POINT ( 'NONE',  ( 0.6658841539943012311, 0.9999606299212602245, -0.8764129727265957959 ) ) ;
#5886 = CARTESIAN_POINT ( 'NONE',  ( 0.7765453672368547444, 0.9999606299212597804, -0.8624899443308079450 ) ) ;
#5887 = VERTEX_POINT ( 'NONE', #3238 ) ;
#5888 = CARTESIAN_POINT ( 'NONE',  ( 0.5305136758054093127, 1.000000000000000444, -0.8784136533597488583 ) ) ;
#5889 = CARTESIAN_POINT ( 'NONE',  ( 0.6796206930760601006, 0.9999999999999998890, -0.8798052749185095722 ) ) ;
#5890 = CARTESIAN_POINT ( 'NONE',  ( 0.8226365956385602862, 1.000000000000000000, -0.8021132967129698255 ) ) ;
#5891 = DATE_AND_TIME ( #6885, #6788 ) ;
#5892 = CARTESIAN_POINT ( 'NONE',  ( 0.9921259842519684069, 1.000000000000000000, -0.9921259842519689620 ) ) ;
#5893 = CARTESIAN_POINT ( 'NONE',  ( 0.7527820092264928542, 0.9999606299212597804, -0.8206669462523641378 ) ) ;
#5894 = CARTESIAN_POINT ( 'NONE',  ( 0.8122843743570313801, 0.9999606299212593363, -0.7879236972019343366 ) ) ;
#5895 = CARTESIAN_POINT ( 'NONE',  ( 0.5822121558773274419, 1.000000000000000000, -0.8364866692082413291 ) ) ;
#5896 = CARTESIAN_POINT ( 'NONE',  ( 0.6831878374655813158, 1.000000000000000000, -0.8795437517128988913 ) ) ;
#5897 = CARTESIAN_POINT ( 'NONE',  ( 0.8894964243432363915, 0.9999606299212597804, -0.7892121663673321574 ) ) ;
#5898 = CARTESIAN_POINT ( 'NONE',  ( 0.7122170386898273309, 1.000000000000000000, -0.8173429577713626770 ) ) ;
#5899 = CARTESIAN_POINT ( 'NONE',  ( 0.7236683739506467594, 1.000000000000000000, -0.7969460518492634815 ) ) ;
#5900 = FACE_OUTER_BOUND ( 'NONE', #6084, .T. ) ;
#5901 = CARTESIAN_POINT ( 'NONE',  ( 0.8304032957921000380, 1.000000000000000000, -0.8230676045997541435 ) ) ;
#5902 = CARTESIAN_POINT ( 'NONE',  ( 0.8150977077282578476, 1.000000000000000000, -0.8456106510560544853 ) ) ;
#5903 = CARTESIAN_POINT ( 'NONE',  ( 0.5304518464801836197, 1.000000000000000000, -0.8902084004749131196 ) ) ;
#5904 = ORIENTED_EDGE ( 'NONE', *, *, #3272, .F. ) ;
#5905 = EDGE_CURVE ( 'NONE', #5502, #3912, #4940, .T. ) ;
#5906 = CARTESIAN_POINT ( 'NONE',  ( 0.4942290533678576625, 0.9999606299212597804, -0.7892121663673321574 ) ) ;
#5907 = CARTESIAN_POINT ( 'NONE',  ( 0.7256697612547802212, 0.9999999999999998890, -0.8716216825638445354 ) ) ;
#5908 = VERTEX_POINT ( 'NONE', #2674 ) ;
#5909 = CARTESIAN_POINT ( 'NONE',  ( 0.6980261947654833321, 0.9999606299212595584, -0.8860548810534304431 ) ) ;
#5910 = CARTESIAN_POINT ( 'NONE',  ( 0.6132360483666740025, 1.000000000000000000, -0.8023029358172020231 ) ) ;
#5911 = EDGE_CURVE ( 'NONE', #504, #2976, #1662, .T. ) ;
#5912 = CARTESIAN_POINT ( 'NONE',  ( 0.6570634520421000380, 0.9999606299212597804, -0.8233548628635444233 ) ) ;
#5913 = CARTESIAN_POINT ( 'NONE',  ( 0.8240005100210946454, 0.9999606299212598914, -0.8034782705232555999 ) ) ;
#5914 = ORIENTED_EDGE ( 'NONE', *, *, #1690, .F. ) ;
#5915 = CARTESIAN_POINT ( 'NONE',  ( 0.6987228412854259441, 0.9999606299212595584, -0.8070730345289581775 ) ) ;
#5916 = EDGE_LOOP ( 'NONE', ( #38, #289, #4823, #890 ) ) ;
#5917 = CARTESIAN_POINT ( 'NONE',  ( 0.6007608323392118477, 1.000000000000000000, -0.8483052949184685110 ) ) ;
#5918 = ORIENTED_EDGE ( 'NONE', *, *, #3508, .T. ) ;
#5919 = CARTESIAN_POINT ( 'NONE',  ( 0.8147809100785063929, 0.9999606299212595584, -0.7984611946113968628 ) ) ;
#5920 = CARTESIAN_POINT ( 'NONE',  ( 0.6007608323392118477, 0.9999606299212597804, -0.8483052949184685110 ) ) ;
#5921 = CARTESIAN_POINT ( 'NONE',  ( 0.6491843682352819167, 0.9999606299212597804, -0.8639403518476234112 ) ) ;
#5922 = ORIENTED_EDGE ( 'NONE', *, *, #4728, .T. ) ;
#5923 = CARTESIAN_POINT ( 'NONE',  ( 0.6181766148131794258, 0.9999606299212596694, -0.8721920652603382118 ) ) ;
#5924 = CARTESIAN_POINT ( 'NONE',  ( 0.5480526281587658755, 0.9999606299212596694, -0.8846429829422888247 ) ) ;
#5925 = ADVANCED_FACE ( 'NONE', ( #167 ), #4454, .T. ) ;
#5926 = CARTESIAN_POINT ( 'NONE',  ( 0.6055363111371877549, 0.9999999999999995559, -0.8363709765062656842 ) ) ;
#5927 = DIRECTION ( 'NONE',  ( -1.000000000000000000, 0.000000000000000000, 0.000000000000000000 ) ) ;
#5928 = CARTESIAN_POINT ( 'NONE',  ( 0.7511001722967165506, 0.9999606299212598914, -0.8811175302417850741 ) ) ;
#5929 = DIRECTION ( 'NONE',  ( -0.000000000000000000, 1.000000000000000000, -0.000000000000000000 ) ) ;
#5930 = CARTESIAN_POINT ( 'NONE',  ( 0.7305098975806701977, 0.9999999999999995559, -0.8820469032395041875 ) ) ;
#5931 = CARTESIAN_POINT ( 'NONE',  ( 0.7371674707447516406, 0.9999606299212597804, -0.8010307920775594503 ) ) ;
#5932 = ORIENTED_EDGE ( 'NONE', *, *, #6, .F. ) ;
#5933 = VECTOR ( 'NONE', #7036, 39.37007874015748143 ) ;
#5934 = CARTESIAN_POINT ( 'NONE',  ( 0.6112526865241931784, 0.9999999999999998890, -0.8016584573468257258 ) ) ;
#5935 = DIRECTION ( 'NONE',  ( 0.4832823832550023901, -0.000000000000000000, 0.8754645270000177559 ) ) ;
#5936 = VERTEX_POINT ( 'NONE', #4410 ) ;
#5937 = FACE_OUTER_BOUND ( 'NONE', #2564, .T. ) ;
#5938 = LINE ( 'NONE', #3690, #636 ) ;
#5939 = ORIENTED_EDGE ( 'NONE', *, *, #1047, .T. ) ;
#5940 = DIRECTION ( 'NONE',  ( 0.7071067811865509034, -0.7071067811865441310, -5.365887187316112799E-15 ) ) ;
#5941 = ORIENTED_EDGE ( 'NONE', *, *, #171, .T. ) ;
#5942 = LINE ( 'NONE', #1549, #119 ) ;
#5943 = CARTESIAN_POINT ( 'NONE',  ( 0.8196757300547916625, 0.9999606299212601135, -0.8000469513972310320 ) ) ;
#5944 = EDGE_LOOP ( 'NONE', ( #4787, #3306, #3767, #2930 ) ) ;
#5945 = VECTOR ( 'NONE', #1185, 39.37007874015747433 ) ;
#5946 = CARTESIAN_POINT ( 'NONE',  ( 0.6496315538352936958, 0.9999606299212596694, -0.8697422488373888205 ) ) ;
#5947 = ORIENTED_EDGE ( 'NONE', *, *, #228, .F. ) ;
#5948 = CARTESIAN_POINT ( 'NONE',  ( 0.6191292386197910780, 0.9999606299212598914, -0.8702798903709293432 ) ) ;
#5949 = FACE_OUTER_BOUND ( 'NONE', #4277, .T. ) ;
#5950 = CARTESIAN_POINT ( 'NONE',  ( 0.6314288043381214299, 0.9999606299212595584, -0.8062486558833154016 ) ) ;
#5951 = CARTESIAN_POINT ( 'NONE',  ( 0.8277213142483336172, 1.000000000000000444, -0.8364827334506785839 ) ) ;
#5952 = EDGE_CURVE ( 'NONE', #6641, #3821, #4221, .T. ) ;
#5953 = ORIENTED_EDGE ( 'NONE', *, *, #2895, .T. ) ;
#5954 = PLANE ( 'NONE',  #2349 ) ;
#5955 = CARTESIAN_POINT ( 'NONE',  ( 0.7654457620321576394, 1.000000000000000000, -0.8689348123574484051 ) ) ;
#5956 = CARTESIAN_POINT ( 'NONE',  ( 0.6273265042318205698, 0.9999606299212596694, -0.8784434066740935965 ) ) ;
#5957 = CARTESIAN_POINT ( 'NONE',  ( 0.6030588984495338645, 1.000000000000000000, -0.8010307920775594503 ) ) ;
#5958 = CARTESIAN_POINT ( 'NONE',  ( 0.7591016985133969275, 0.9999606299212595584, -0.8276543752134778442 ) ) ;
#5959 = LINE ( 'NONE', #3512, #2283 ) ;
#5960 = CARTESIAN_POINT ( 'NONE',  ( 0.6223856006527225260, 1.000000000000000000, -0.8130853091124239373 ) ) ;
#5961 = CARTESIAN_POINT ( 'NONE',  ( 0.6780127659512521499, 0.9999606299212598914, -0.7998203569479919173 ) ) ;
#5962 = CARTESIAN_POINT ( 'NONE',  ( 0.005567769930603342840, 0.007874015748031183703, -0.9944322300693967387 ) ) ;
#5963 = CARTESIAN_POINT ( 'NONE',  ( 0.5265250895968467404, 0.9999606299212597804, -0.8785084495112716052 ) ) ;
#5964 = CARTESIAN_POINT ( 'NONE',  ( 0.6306721157475827511, 1.000000000000000222, -0.8685024755055859025 ) ) ;
#5965 = CARTESIAN_POINT ( 'NONE',  ( 0.6918370088339471646, 0.9999606299212597804, -0.8761345290727960977 ) ) ;
#5966 = CARTESIAN_POINT ( 'NONE',  ( 0.7765628897788425800, 0.9999606299212597804, -0.7892121663673321574 ) ) ;
#5967 = ORIENTED_EDGE ( 'NONE', *, *, #4842, .T. ) ;
#5968 = DIRECTION ( 'NONE',  ( 0.3574067443366013008, -0.8628562094610133792, 0.3574067443365935848 ) ) ;
#5969 = DIRECTION ( 'NONE',  ( -0.7071067811865474617, 0.000000000000000000, -0.7071067811865474617 ) ) ;
#5970 = CARTESIAN_POINT ( 'NONE',  ( 0.7592540757329977463, 1.000000000000000222, -0.8783871716738368418 ) ) ;
#5971 = B_SPLINE_SURFACE_WITH_KNOTS ( 'NONE', 3, 1, ( 
 ( #6756, #1920 ),
 ( #6273, #323 ),
 ( #1417, #5246 ),
 ( #5783, #6322 ),
 ( #3084, #3626 ),
 ( #4191, #889 ),
 ( #5909, #3758 ),
 ( #2574, #3703 ),
 ( #425, #5376 ),
 ( #5864, #2094 ),
 ( #6371, #368 ),
 ( #3655, #1018 ),
 ( #4216, #5299 ),
 ( #6936, #3679 ),
 ( #6418, #4840 ) ),
 .UNSPECIFIED., .F., .F., .F.,
 ( 4, 1, 1, 1, 1, 1, 1, 1, 1, 1, 1, 1, 4 ),
 ( 2, 2 ),
 ( 0.000000000000000000, 0.09191484500950895808, 0.1793500136985509419, 0.2627602509497599104, 0.3438245629315445084, 0.4230536694981515411, 0.5001537638566736499, 0.5774020559630043126, 0.6564709802344433909, 0.7376500484536406832, 0.8208783262149136339, 0.9079232481193411086, 1.000000000000000000 ),
 ( 0.000000000000000000, 1.000000000000000000 ),
 .UNSPECIFIED. ) ;
#5972 = ORIENTED_EDGE ( 'NONE', *, *, #6569, .F. ) ;
#5973 = DIRECTION ( 'NONE',  ( -0.1502866523315007918, 0.000000000000000000, 0.9886424642564117793 ) ) ;
#5974 = ADVANCED_FACE ( 'NONE', ( #6493 ), #4772, .T. ) ;
#5975 = CARTESIAN_POINT ( 'NONE',  ( 0.7620661946498672457, 0.9999999999999996669, -0.8895469263232936852 ) ) ;
#5976 = CARTESIAN_POINT ( 'NONE',  ( 0.5265250895968467404, 0.9999606299212597804, -0.8785084495112716052 ) ) ;
#5977 = APPROVAL_PERSON_ORGANIZATION ( #6394, #1192, #3890 ) ;
#5978 = CARTESIAN_POINT ( 'NONE',  ( 0.9921259842519686289, 0.007874015748031721468, -2.582993871724054864E-17 ) ) ;
#5979 = DIRECTION ( 'NONE',  ( -1.000000000000000000, 0.000000000000000000, 2.603493823086944073E-17 ) ) ;
#5980 = FACE_OUTER_BOUND ( 'NONE', #3386, .T. ) ;
#5981 = DIRECTION ( 'NONE',  ( -0.000000000000000000, 1.000000000000000000, -0.000000000000000000 ) ) ;
#5982 = CARTESIAN_POINT ( 'NONE',  ( 0.6202650649540416561, 0.9999606299212593363, -0.8641057757814939455 ) ) ;
#5983 = ORIENTED_EDGE ( 'NONE', *, *, #4734, .T. ) ;
#5984 = LINE ( 'NONE', #1869, #2310 ) ;
#5985 = CARTESIAN_POINT ( 'NONE',  ( 0.7509558674066834083, 0.9999606299212597804, -0.8916402558559686220 ) ) ;
#5986 = CARTESIAN_POINT ( 'NONE',  ( 0.7551844020690483550, 1.000000000000000000, -0.8804602073735225964 ) ) ;
#5987 = ORIENTED_EDGE ( 'NONE', *, *, #589, .F. ) ;
#5988 = ORIENTED_EDGE ( 'NONE', *, *, #2244, .F. ) ;
#5989 = CARTESIAN_POINT ( 'NONE',  ( 0.5572617238224031322, 0.9999606299212597804, -0.8610267323148936836 ) ) ;
#5990 = CARTESIAN_POINT ( 'NONE',  ( 0.8789909792674789335, 0.9999606299212597804, -0.8693161850699836490 ) ) ;
#5991 = CARTESIAN_POINT ( 'NONE',  ( 0.5822121558773274419, 1.000000000000000000, -0.8010307920775594503 ) ) ;
#5992 = CARTESIAN_POINT ( 'NONE',  ( 0.5419639185436666562, 0.9999606299209539140, -0.8463651222919994499 ) ) ;
#5993 = CARTESIAN_POINT ( 'NONE',  ( 0.7664943029549099451, 0.9999606299212595584, -0.8868160776743327922 ) ) ;
#5994 = EDGE_CURVE ( 'NONE', #2629, #832, #6000, .T. ) ;
#5995 = CARTESIAN_POINT ( 'NONE',  ( 0.000000000000000000, 0.9921259842519682959, -0.007874015748031721468 ) ) ;
#5996 = DIRECTION ( 'NONE',  ( 1.000000000000000000, 0.000000000000000000, 0.000000000000000000 ) ) ;
#5997 = VERTEX_POINT ( 'NONE', #3389 ) ;
#5998 = CARTESIAN_POINT ( 'NONE',  ( 0.7093516426380762629, 0.9999606299212598914, -0.8658397141948055431 ) ) ;
#5999 = CARTESIAN_POINT ( 'NONE',  ( 0.7277196091013499180, 1.000000000000000222, -0.8772919511937382619 ) ) ;
#6000 = B_SPLINE_CURVE_WITH_KNOTS ( 'NONE', 3,
 ( #2859, #6652, #5626, #1772, #2364, #3429, #5062, #3977, #1210, #3955, #2298, #5080, #6185 ),
 .UNSPECIFIED., .F., .F.,
 ( 4, 1, 1, 1, 1, 1, 1, 1, 1, 1, 4 ),
 ( 0.000000000000000000, 0.1227496676134315762, 0.2345844757249748447, 0.3360613725792306883, 0.4265798447320822140, 0.5068085108969682118, 0.5755457069859388763, 0.6345771878879875594, 0.6821573405218291919, 0.8461889169654391862, 1.000000000000000000 ),
 .UNSPECIFIED. ) ;
#6001 = ADVANCED_FACE ( 'NONE', ( #1114 ), #5587, .F. ) ;
#6002 = ORIENTED_EDGE ( 'NONE', *, *, #2626, .F. ) ;
#6003 = CARTESIAN_POINT ( 'NONE',  ( 0.6202285340598476804, 1.000000000000000000, -0.8605771042830471229 ) ) ;
#6004 = AXIS2_PLACEMENT_3D ( 'NONE', #5528, #2877, #109 ) ;
#6005 = ORIENTED_EDGE ( 'NONE', *, *, #4561, .T. ) ;
#6006 = EDGE_CURVE ( 'NONE', #2786, #1472, #5233, .T. ) ;
#6007 = CARTESIAN_POINT ( 'NONE',  ( 0.5301175129339944503, 1.000000000000000222, -0.8300059327762228101 ) ) ;
#6008 = CARTESIAN_POINT ( 'NONE',  ( 0.7654457620321576394, 0.9999999999999998890, -0.8689348123574484051 ) ) ;
#6009 = VECTOR ( 'NONE', #4597, 39.37007874015748143 ) ;
#6010 = VECTOR ( 'NONE', #2534, 39.37007874015748143 ) ;
#6011 = CARTESIAN_POINT ( 'NONE',  ( 0.5421724899642393902, 1.000000000000000000, -0.8881506759291972752 ) ) ;
#6012 = ORIENTED_EDGE ( 'NONE', *, *, #1780, .T. ) ;
#6013 = ORIENTED_EDGE ( 'NONE', *, *, #3404, .T. ) ;
#6014 = CARTESIAN_POINT ( 'NONE',  ( 0.6197740921962708871, 1.000000000000000222, -0.8581005706048645543 ) ) ;
#6015 = CARTESIAN_POINT ( 'NONE',  ( 0.7579523300823067800, 1.000000000000000222, -0.8792159152055016857 ) ) ;
#6016 = LINE ( 'NONE', #6797, #2951 ) ;
#6017 = CARTESIAN_POINT ( 'NONE',  ( 0.7920504915700032900, 1.000000000000000222, -0.7997539788417156181 ) ) ;
#6018 = ORIENTED_EDGE ( 'NONE', *, *, #1179, .F. ) ;
#6019 = CARTESIAN_POINT ( 'NONE',  ( 0.8505807351360893387, 1.000000000000000000, -0.4547783707392524799 ) ) ;
#6020 = FACE_OUTER_BOUND ( 'NONE', #4029, .T. ) ;
#6021 = CARTESIAN_POINT ( 'NONE',  ( 0.7595516240031920940, 1.000000000000000000, -0.8904900236103824307 ) ) ;
#6022 = LINE ( 'NONE', #5316, #32 ) ;
#6023 = CARTESIAN_POINT ( 'NONE',  ( 0.7227224837655850109, 0.9999606299212597804, -0.7892121663673321574 ) ) ;
#6024 = ORIENTED_EDGE ( 'NONE', *, *, #3729, .F. ) ;
#6025 = CARTESIAN_POINT ( 'NONE',  ( 0.7034690106834402545, 0.9999999999999996669, -0.8807600557603575409 ) ) ;
#6026 = LINE ( 'NONE', #2215, #4071 ) ;
#6027 = ORIENTED_EDGE ( 'NONE', *, *, #6569, .T. ) ;
#6028 = CARTESIAN_POINT ( 'NONE',  ( 0.8105856109519569141, 0.9999606299212596694, -0.7879723454705768182 ) ) ;
#6029 = ORIENTED_EDGE ( 'NONE', *, *, #5007, .F. ) ;
#6030 = CARTESIAN_POINT ( 'NONE',  ( 0.6202088749649572463, 0.9999606299212596694, -0.8657592348341839328 ) ) ;
#6031 = FACE_OUTER_BOUND ( 'NONE', #798, .T. ) ;
#6032 = B_SPLINE_CURVE_WITH_KNOTS ( 'NONE', 3,
 ( #6157, #2082, #1861, #3518, #1529, #3174, #2036, #1475, #5307, #978, #5842, #6950, #2584, #2108, #6458, #3764, #2056, #3782, #3742 ),
 .UNSPECIFIED., .F., .F.,
 ( 4, 1, 1, 1, 1, 1, 1, 1, 1, 1, 1, 1, 1, 1, 1, 1, 4 ),
 ( 0.000000000000000000, 0.06282749138135880485, 0.1223726895779770341, 0.1803837658619592277, 0.2364891989894712943, 0.2926289502320359448, 0.3503980605968383122, 0.4101926792197947425, 0.4734229773823797061, 0.5102124852509628550, 0.5552799601987792322, 0.6084730122619794734, 0.6698570376582488883, 0.7400379641843852774, 0.8179174674906523057, 0.9048122599055274939, 1.000000000000000000 ),
 .UNSPECIFIED. ) ;
#6033 = EDGE_CURVE ( 'NONE', #5616, #553, #950, .T. ) ;
#6034 = CARTESIAN_POINT ( 'NONE',  ( 0.6253704975498750596, 1.000000000000000222, -0.8401817862137092030 ) ) ;
#6035 = EDGE_CURVE ( 'NONE', #6710, #1162, #1976, .T. ) ;
#6036 = EDGE_CURVE ( 'NONE', #6657, #4371, #6056, .T. ) ;
#6037 = ORIENTED_EDGE ( 'NONE', *, *, #2048, .T. ) ;
#6038 = CARTESIAN_POINT ( 'NONE',  ( 0.6118036899361023462, 1.000000000000000222, -0.8495195699614875862 ) ) ;
#6039 = ADVANCED_FACE ( 'NONE', ( #6556 ), #43, .T. ) ;
#6040 = CARTESIAN_POINT ( 'NONE',  ( 0.5275650023682493250, 1.000000000000000222, -0.8417581454208279412 ) ) ;
#6041 = ORIENTED_EDGE ( 'NONE', *, *, #1675, .T. ) ;
#6042 = DIRECTION ( 'NONE',  ( 0.000000000000000000, 1.795789435765200755E-12, 1.000000000000000000 ) ) ;
#6043 = CARTESIAN_POINT ( 'NONE',  ( 0.6658841539943012311, 0.9999606299212602245, -0.8764129727265957959 ) ) ;
#6044 = CARTESIAN_POINT ( 'NONE',  ( 0.6583122394895126739, 1.000000000000000000, -0.7948953575833088703 ) ) ;
#6045 = ORIENTED_EDGE ( 'NONE', *, *, #6729, .T. ) ;
#6046 = CARTESIAN_POINT ( 'NONE',  ( 0.7034690106834402545, 0.9999606299212595584, -0.8807600557603575409 ) ) ;
#6047 = ORIENTED_EDGE ( 'NONE', *, *, #3623, .F. ) ;
#6048 = CARTESIAN_POINT ( 'NONE',  ( 0.8130446892802037917, 1.000000000000000000, -0.7984044308086201136 ) ) ;
#6049 = CARTESIAN_POINT ( 'NONE',  ( 0.6096103213310813951, 1.000000000000000222, -0.8899365092846007741 ) ) ;
#6050 = COORDINATED_UNIVERSAL_TIME_OFFSET ( 5, 0, .BEHIND. ) ;
#6051 = VECTOR ( 'NONE', #405, 39.37007874015748143 ) ;
#6052 = CARTESIAN_POINT ( 'NONE',  ( 0.5540386495742067874, 0.9999606299212596694, -0.8767663970327501666 ) ) ;
#6053 = CARTESIAN_POINT ( 'NONE',  ( 0.6333880155766994369, 0.9999606299212597804, -0.8204031962414457535 ) ) ;
#6054 = DIRECTION ( 'NONE',  ( 0.000000000000000000, 1.000000000000000000, 0.000000000000000000 ) ) ;
#6055 = CARTESIAN_POINT ( 'NONE',  ( 0.7664943029549099451, 0.9999999999999998890, -0.8868160776743327922 ) ) ;
#6056 = LINE ( 'NONE', #5610, #685 ) ;
#6057 = CARTESIAN_POINT ( 'NONE',  ( 0.7737946504668669068, 1.000000000000000222, -0.8490610989751981030 ) ) ;
#6058 = CARTESIAN_POINT ( 'NONE',  ( 0.6132360483666740025, 0.9999606299212597804, -0.8023029358172020231 ) ) ;
#6059 = VERTEX_POINT ( 'NONE', #3075 ) ;
#6060 = B_SPLINE_CURVE_WITH_KNOTS ( 'NONE', 3,
 ( #998, #4756, #399, #5274, #6416, #2090, #4838, #6446, #3208, #4213, #942 ),
 .UNSPECIFIED., .F., .F.,
 ( 4, 1, 1, 1, 1, 1, 1, 1, 4 ),
 ( 0.000000000000000000, 0.1179223197415644464, 0.2352430577939114698, 0.3551368795786943311, 0.4784261928938882136, 0.6040343206453691050, 0.7311470825726777978, 0.8629462348892448231, 1.000000000000000000 ),
 .UNSPECIFIED. ) ;
#6061 = EDGE_LOOP ( 'NONE', ( #1726, #2008, #1252, #5641 ) ) ;
#6062 = DIRECTION ( 'NONE',  ( -0.000000000000000000, 1.000000000000000000, -0.000000000000000000 ) ) ;
#6063 = ADVANCED_FACE ( 'NONE', ( #6401 ), #853, .F. ) ;
#6064 = CARTESIAN_POINT ( 'NONE',  ( 0.8297674717737739680, 0.9999606299212603355, -0.8512443130280837877 ) ) ;
#6065 = VERTEX_POINT ( 'NONE', #6817 ) ;
#6066 = VERTEX_POINT ( 'NONE', #758 ) ;
#6067 = EDGE_CURVE ( 'NONE', #5636, #2174, #4721, .T. ) ;
#6068 = EDGE_LOOP ( 'NONE', ( #5177, #388, #1732, #729 ) ) ;
#6069 = CARTESIAN_POINT ( 'NONE',  ( 0.6780379871999184793, 0.9999999999999996669, -0.8469568254510316807 ) ) ;
#6070 = CARTESIAN_POINT ( 'NONE',  ( 0.5260736837537477451, 0.9999606299212597804, -0.8299207660358928207 ) ) ;
#6071 = CARTESIAN_POINT ( 'NONE',  ( 0.6202285340598476804, 0.9999606299212596694, -0.8605771042830471229 ) ) ;
#6072 = CARTESIAN_POINT ( 'NONE',  ( 0.5253760565416858430, 0.9999606299212597804, -0.8903270752214988981 ) ) ;
#6073 = ORIENTED_EDGE ( 'NONE', *, *, #1365, .T. ) ;
#6074 = CARTESIAN_POINT ( 'NONE',  ( 0.8031282926226771535, 0.9999606299212595584, -0.8416329271692627456 ) ) ;
#6075 = CARTESIAN_POINT ( 'NONE',  ( 0.7620661946498672457, 0.9999606299212593363, -0.8895469263232936852 ) ) ;
#6076 = EDGE_CURVE ( 'NONE', #1828, #1433, #5472, .T. ) ;
#6077 = CARTESIAN_POINT ( 'NONE',  ( 0.7249050421175181613, 1.000000000000000222, -0.8684450205073588336 ) ) ;
#6078 = CARTESIAN_POINT ( 'NONE',  ( 0.6597403748936765400, 0.9999606299212597804, -0.8654172513892708363 ) ) ;
#6079 = CARTESIAN_POINT ( 'NONE',  ( 0.5066811870757106373, 1.000000000000000000, -0.3332102154469469002 ) ) ;
#6080 = VECTOR ( 'NONE', #3130, 39.37007874015748143 ) ;
#6081 = CC_DESIGN_PERSON_AND_ORGANIZATION_ASSIGNMENT ( #4107, #1774, ( #3049 ) ) ;
#6082 = DIRECTION ( 'NONE',  ( -0.000000000000000000, 1.000000000000000000, -0.000000000000000000 ) ) ;
#6083 = ORIENTED_EDGE ( 'NONE', *, *, #4725, .T. ) ;
#6084 = EDGE_LOOP ( 'NONE', ( #452, #198, #6751, #2083 ) ) ;
#6085 = LINE ( 'NONE', #6799, #6684 ) ;
#6086 = CARTESIAN_POINT ( 'NONE',  ( 0.8335898575554961942, 0.9999606299212596694, -0.8473849108260267382 ) ) ;
#6087 = ORIENTED_EDGE ( 'NONE', *, *, #171, .F. ) ;
#6088 = VECTOR ( 'NONE', #1564, 39.37007874015748143 ) ;
#6089 = LINE ( 'NONE', #150, #4500 ) ;
#6090 = ORIENTED_EDGE ( 'NONE', *, *, #646, .F. ) ;
#6091 = ORIENTED_EDGE ( 'NONE', *, *, #5717, .T. ) ;
#6092 = CARTESIAN_POINT ( 'NONE',  ( 0.6314484695946720461, 0.9999606299212603355, -0.8312589230155386089 ) ) ;
#6093 = CARTESIAN_POINT ( 'NONE',  ( 0.6692318982681991768, 0.9999999999999998890, -0.8906057877633354325 ) ) ;
#6094 = VECTOR ( 'NONE', #2850, 39.37007874015748143 ) ;
#6095 = CARTESIAN_POINT ( 'NONE',  ( 0.6278086807554191795, 0.9999606299212597804, -0.7993418089596948661 ) ) ;
#6096 = CARTESIAN_POINT ( 'NONE',  ( 0.5374775531794113714, 0.9999606299212601135, -0.8310503272349416548 ) ) ;
#6097 = CARTESIAN_POINT ( 'NONE',  ( 0.9921259842519686289, 1.000000000000000000, -2.582993871724054864E-17 ) ) ;
#6098 = ADVANCED_FACE ( 'NONE', ( #4399 ), #5146, .T. ) ;
#6099 = FACE_OUTER_BOUND ( 'NONE', #5164, .T. ) ;
#6100 = CARTESIAN_POINT ( 'NONE',  ( 0.8291802149620441931, 0.9999999999999998890, -0.8128518819949104302 ) ) ;
#6101 = VERTEX_POINT ( 'NONE', #6263 ) ;
#6102 = CARTESIAN_POINT ( 'NONE',  ( 0.8409087408678576070, 0.9999606299212597804, -0.8236421211273345921 ) ) ;
#6103 = CARTESIAN_POINT ( 'NONE',  ( 0.6570634520421000380, 0.9999606299212597804, -0.8233548628635444233 ) ) ;
#6104 = CARTESIAN_POINT ( 'NONE',  ( 0.5327533902458122528, 0.9999999999999998890, -0.8900860171702897894 ) ) ;
#6105 = LINE ( 'NONE', #4097, #4781 ) ;
#6106 = DIRECTION ( 'NONE',  ( 0.7071067811865625607, -0.4999999999999851230, 0.4999999999999936717 ) ) ;
#6107 = CARTESIAN_POINT ( 'NONE',  ( 0.6596898133110393747, 1.000000000000000000, -0.8636941304786603935 ) ) ;
#6108 = ORIENTED_EDGE ( 'NONE', *, *, #3673, .T. ) ;
#6109 = PLANE ( 'NONE',  #2957 ) ;
#6110 = CARTESIAN_POINT ( 'NONE',  ( 0.4944322300693970718, 1.000000000000000000, -0.4944322300693970718 ) ) ;
#6111 = VERTEX_POINT ( 'NONE', #831 ) ;
#6112 = CARTESIAN_POINT ( 'NONE',  ( 0.5274561759992952847, 1.000000000000000222, -0.8299498825867746010 ) ) ;
#6113 = EDGE_CURVE ( 'NONE', #4264, #6404, #4820, .T. ) ;
#6114 = CARTESIAN_POINT ( 'NONE',  ( 0.7988869605648273309, 0.9999606299212597804, -0.8357069682065249028 ) ) ;
#6115 = CARTESIAN_POINT ( 'NONE',  ( 0.6668484245860077930, 0.9999606299212597804, -0.8506961865826445646 ) ) ;
#6116 = CARTESIAN_POINT ( 'NONE',  ( 0.8131472815172717805, 0.9999606299212598914, -0.7878989857328626556 ) ) ;
#6117 = CARTESIAN_POINT ( 'NONE',  ( 0.8240005100210946454, 1.000000000000000222, -0.8034782705232555999 ) ) ;
#6118 = CARTESIAN_POINT ( 'NONE',  ( 0.8505807351360893387, 1.000000000000000000, -0.4547783707392524799 ) ) ;
#6119 = CARTESIAN_POINT ( 'NONE',  ( 0.5357048174554760456, 0.9999606299212595584, -0.8428641042664105631 ) ) ;
#6120 = CARTESIAN_POINT ( 'NONE',  ( 0.5418496593508164150, 0.9999999999999998890, -0.8746142363534465947 ) ) ;
#6121 = CARTESIAN_POINT ( 'NONE',  ( 0.6191304840773658169, 0.9999606299212597804, -0.8063294968161830445 ) ) ;
#6122 = VECTOR ( 'NONE', #6777, 39.37007874015749564 ) ;
#6123 = CARTESIAN_POINT ( 'NONE',  ( 0.7340454559242571841, 0.9999606299212598914, -0.8858576064929593041 ) ) ;
#6124 = AXIS2_PLACEMENT_3D ( 'NONE', #6457, #1006, #5382 ) ;
#6125 = EDGE_CURVE ( 'NONE', #2966, #4233, #5627, .T. ) ;
#6126 = ADVANCED_FACE ( 'NONE', ( #4215 ), #6742, .F. ) ;
#6127 = CARTESIAN_POINT ( 'NONE',  ( 0.8770086713367366560, 0.9999606299212593363, -0.8670343786254018914 ) ) ;
#6128 = FACE_OUTER_BOUND ( 'NONE', #1201, .T. ) ;
#6129 = CARTESIAN_POINT ( 'NONE',  ( 0.4938811870757103262, 0.9999606299212597804, -0.3332102154469469002 ) ) ;
#6130 = CARTESIAN_POINT ( 'NONE',  ( 0.7650087456977051614, 1.000000000000000000, -0.8563759309584413337 ) ) ;
#6131 = CARTESIAN_POINT ( 'NONE',  ( 0.6465580069663424689, 1.000000000000000000, -0.8220416822290746994 ) ) ;
#6132 = EDGE_LOOP ( 'NONE', ( #6681, #2754, #767, #4967 ) ) ;
#6133 = CARTESIAN_POINT ( 'NONE',  ( 0.5533676662915243405, 1.000000000000000444, -0.8432520260570017800 ) ) ;
#6134 = VECTOR ( 'NONE', #5045, 39.37007874015748143 ) ;
#6135 = CARTESIAN_POINT ( 'NONE',  ( 0.6666480682162392313, 1.000000000000000222, -0.7901362017635119583 ) ) ;
#6136 = CARTESIAN_POINT ( 'NONE',  ( 0.7765074100665567691, 1.000000000000000222, -0.8660006231897163786 ) ) ;
#6137 = ORIENTED_EDGE ( 'NONE', *, *, #6249, .F. ) ;
#6138 = CARTESIAN_POINT ( 'NONE',  ( 0.5467562787466456742, 0.9999606299212598914, -0.8604727342347270325 ) ) ;
#6139 = ORIENTED_EDGE ( 'NONE', *, *, #4381, .T. ) ;
#6140 = CARTESIAN_POINT ( 'NONE',  ( 0.7454536939245104410, 0.9999999999999996669, -0.8912161392352804246 ) ) ;
#6141 = CARTESIAN_POINT ( 'NONE',  ( 0.6971644214242577187, 0.9999999999999994449, -0.7913940603027647125 ) ) ;
#6142 = PLANE ( 'NONE',  #242 ) ;
#6143 = CARTESIAN_POINT ( 'NONE',  ( 0.7407466664097811515, 0.9999606299212598914, -0.8070764066612252652 ) ) ;
#6144 = B_SPLINE_CURVE_WITH_KNOTS ( 'NONE', 3,
 ( #4732, #3556, #4628, #6779, #819, #4084, #787, #2414, #6296, #838, #2982, #243, #4654, #1386, #1334, #3063, #4710, #5706, #6824 ),
 .UNSPECIFIED., .F., .F.,
 ( 4, 1, 1, 1, 1, 1, 1, 1, 1, 1, 1, 1, 1, 1, 1, 1, 4 ),
 ( 0.000000000000000000, 0.08042359312846913966, 0.1554478660209125118, 0.2274865779056489401, 0.2949489652405917206, 0.3597986509905204411, 0.4210200219417463696, 0.4819019994984987676, 0.5406082872412757423, 0.5984821386513649033, 0.6551515363375468581, 0.7102010032718264476, 0.7655971895723555631, 0.8217224591483812679, 0.8791641554936628911, 0.9383687171181147590, 1.000000000000000000 ),
 .UNSPECIFIED. ) ;
#6145 = CARTESIAN_POINT ( 'NONE',  ( 0.8699079082578643485, 1.000000000000000222, -0.8740452215087192167 ) ) ;
#6146 = CARTESIAN_POINT ( 'NONE',  ( 0.8721007727025127387, 1.000000000000000000, -0.8625883005894828814 ) ) ;
#6147 = EDGE_CURVE ( 'NONE', #492, #5312, #1357, .T. ) ;
#6148 = EDGE_CURVE ( 'NONE', #4358, #1979, #344, .T. ) ;
#6149 = DIRECTION ( 'NONE',  ( 1.000000000000000000, 0.000000000000000000, 0.000000000000000000 ) ) ;
#6150 = EDGE_CURVE ( 'NONE', #1228, #4668, #2485, .T. ) ;
#6151 = DIRECTION ( 'NONE',  ( 0.000000000000000000, 0.000000000000000000, 1.000000000000000000 ) ) ;
#6152 = DIRECTION ( 'NONE',  ( -0.000000000000000000, 1.000000000000000000, -0.000000000000000000 ) ) ;
#6153 = B_SPLINE_SURFACE_WITH_KNOTS ( 'NONE', 3, 1, ( 
 ( #4373, #6107 ),
 ( #196, #2376 ),
 ( #5600, #1763 ),
 ( #4543, #6642 ),
 ( #3421, #127 ),
 ( #5051, #4563 ),
 ( #4591, #1222 ) ),
 .UNSPECIFIED., .F., .F., .F.,
 ( 4, 1, 1, 1, 4 ),
 ( 2, 2 ),
 ( 0.000000000000000000, 0.2837744943495275618, 0.5395840214497915621, 0.7756449623277218430, 1.000000000000000000 ),
 ( 0.000000000000000000, 1.000000000000000000 ),
 .UNSPECIFIED. ) ;
#6154 = CARTESIAN_POINT ( 'NONE',  ( 0.1003966783382542194, 0.9999606299212597804, -0.5063989121866298015 ) ) ;
#6155 = LINE ( 'NONE', #6294, #4251 ) ;
#6156 = ADVANCED_FACE ( 'NONE', ( #4391 ), #3669, .T. ) ;
#6157 = CARTESIAN_POINT ( 'NONE',  ( 0.7017115936140698729, 1.000000000000000000, -0.8170351810601588216 ) ) ;
#6158 = DIRECTION ( 'NONE',  ( -0.000000000000000000, -0.000000000000000000, -1.000000000000000000 ) ) ;
#6159 = CARTESIAN_POINT ( 'NONE',  ( 0.8196757300547916625, 1.000000000000000222, -0.8000469513972310320 ) ) ;
#6160 = FACE_OUTER_BOUND ( 'NONE', #6915, .T. ) ;
#6161 = VECTOR ( 'NONE', #4524, 39.37007874015748854 ) ;
#6162 = ORIENTED_EDGE ( 'NONE', *, *, #1781, .T. ) ;
#6163 = CARTESIAN_POINT ( 'NONE',  ( 0.7100228778774707594, 1.000000000000000222, -0.8055203814908296067 ) ) ;
#6164 = EDGE_LOOP ( 'NONE', ( #1314, #443, #2914, #4101 ) ) ;
#6165 = CARTESIAN_POINT ( 'NONE',  ( 0.5994066148099149727, 1.000000000000000000, -0.8785084495112716052 ) ) ;
#6166 = CARTESIAN_POINT ( 'NONE',  ( 0.6075359376047169135, 0.9999606299212597804, -0.8901594018174896483 ) ) ;
#6167 = VECTOR ( 'NONE', #3234, 39.37007874015748854 ) ;
#6169 = ORIENTED_EDGE ( 'NONE', *, *, #3489, .T. ) ;
#6168 = CC_DESIGN_SECURITY_CLASSIFICATION ( #3049, ( #5030 ) ) ;
#6170 = CARTESIAN_POINT ( 'NONE',  ( 1.000000000000000222, 1.000000000000000000, -0.9921259842519689620 ) ) ;
#6171 = LINE ( 'NONE', #1960, #4350 ) ;
#6172 = CARTESIAN_POINT ( 'NONE',  ( 0.8368182036660689604, 1.000000000000000444, -0.8426021715844518312 ) ) ;
#6173 = EDGE_LOOP ( 'NONE', ( #5433, #4718, #2041, #6996 ) ) ;
#6174 = LINE ( 'NONE', #5621, #3741 ) ;
#6175 = EDGE_LOOP ( 'NONE', ( #6169, #3060, #6689 ) ) ;
#6176 = AXIS2_PLACEMENT_3D ( 'NONE', #3364, #3887, #3411 ) ;
#6177 = ORIENTED_EDGE ( 'NONE', *, *, #6643, .T. ) ;
#6178 = CARTESIAN_POINT ( 'NONE',  ( 0.6575065175280906393, 0.9999606299212593363, -0.8194809920475888410 ) ) ;
#6179 = CARTESIAN_POINT ( 'NONE',  ( 0.8186822224386715030, 1.000000000000000000, -0.8560984584283786170 ) ) ;
#6180 = LINE ( 'NONE', #6793, #3574 ) ;
#6181 = B_SPLINE_SURFACE_WITH_KNOTS ( 'NONE', 3, 1, ( 
 ( #1962, #5269 ),
 ( #5240, #4753 ),
 ( #5778, #362 ),
 ( #1406, #2514 ),
 ( #1987, #6290 ),
 ( #915, #6312 ),
 ( #3077, #2548 ),
 ( #3052, #4185 ),
 ( #4235, #938 ),
 ( #5798, #6869 ),
 ( #6844, #1457 ),
 ( #833, #6266 ),
 ( #4127, #6818 ),
 ( #391, #6338 ),
 ( #5291, #317 ),
 ( #338, #3022 ),
 ( #2492, #4783 ),
 ( #4153, #2469 ),
 ( #1942, #856 ) ),
 .UNSPECIFIED., .F., .F., .F.,
 ( 4, 1, 1, 1, 1, 1, 1, 1, 1, 1, 1, 1, 1, 1, 1, 1, 4 ),
 ( 2, 2 ),
 ( 0.000000000000000000, 0.06961345028915277844, 0.1341558467413846711, 0.1941216639751321693, 0.2492702399547627456, 0.3003975238168687945, 0.3464602541181235340, 0.3882517207597330211, 0.4259028191906390481, 0.4961060560373065642, 0.5655345875935796629, 0.6348462500707492406, 0.7047585289073882153, 0.7756659742820924963, 0.8477253815784793201, 0.9224175839219320716, 1.000000000000000000 ),
 ( 0.000000000000000000, 1.000000000000000000 ),
 .UNSPECIFIED. ) ;
#6182 = CARTESIAN_POINT ( 'NONE',  ( 0.6790592276694676910, 1.000000000000000222, -0.8467048560202088403 ) ) ;
#6183 = CARTESIAN_POINT ( 'NONE',  ( 0.007874015748031584425, 0.9921259842519684069, -2.049995136288955845E-19 ) ) ;
#6184 = CARTESIAN_POINT ( 'NONE',  ( 0.7467216788381468850, 0.9999606299212597804, -0.8301284162405954126 ) ) ;
#6185 = CARTESIAN_POINT ( 'NONE',  ( 0.7371674707447516406, 1.000000000000000000, -0.8010307920775594503 ) ) ;
#6186 = CARTESIAN_POINT ( 'NONE',  ( 0.5440929756788409621, 0.9999606299212601135, -0.8490158016966471433 ) ) ;
#6187 = B_SPLINE_CURVE_WITH_KNOTS ( 'NONE', 3,
 ( #237, #4683, #4650, #1353, #835, #2390, #6800, #4623, #1865, #3056, #784 ),
 .UNSPECIFIED., .F., .F.,
 ( 4, 1, 1, 1, 1, 1, 1, 1, 4 ),
 ( 0.000000000000000000, 0.1134955418346445255, 0.2259989297760152116, 0.3392690985223860700, 0.4584033987388568265, 0.5828288938708738876, 0.7128865688815807511, 0.8512114562531178930, 1.000000000000000000 ),
 .UNSPECIFIED. ) ;
#6188 = CARTESIAN_POINT ( 'NONE',  ( 0.4942290533678576625, 0.9999606299212597804, -0.8903270752214988981 ) ) ;
#6189 = CARTESIAN_POINT ( 'NONE',  ( 0.6334262006216457852, 0.9999606299212598914, -0.8189023597747957517 ) ) ;
#6190 = DIRECTION ( 'NONE',  ( -0.000000000000000000, 0.000000000000000000, -1.000000000000000000 ) ) ;
#6191 = B_SPLINE_SURFACE_WITH_KNOTS ( 'NONE', 3, 1, ( 
 ( #6252, #277 ),
 ( #4612, #6223 ),
 ( #6178, #730 ),
 ( #4635, #4564 ),
 ( #4037, #226 ),
 ( #3533, #2935 ),
 ( #5639, #5094 ),
 ( #4116, #4664 ),
 ( #2967, #2378 ),
 ( #3010, #3493 ),
 ( #1804, #6708 ),
 ( #1341, #5192 ),
 ( #6735, #1895 ),
 ( #353, #4142 ),
 ( #5739, #5253 ) ),
 .UNSPECIFIED., .F., .F., .F.,
 ( 4, 1, 1, 1, 1, 1, 1, 1, 1, 1, 1, 1, 4 ),
 ( 2, 2 ),
 ( 0.000000000000000000, 0.1067133849812025997, 0.2023827530813265274, 0.2879881362754683760, 0.3651321209974016102, 0.4381553218526830218, 0.5114419818683964003, 0.5870934926508706297, 0.6659855935524692239, 0.7468394073744432093, 0.8288800136248052342, 0.9125295864996457729, 0.9999999999999998890 ),
 ( 0.000000000000000000, 1.000000000000000000 ),
 .UNSPECIFIED. ) ;
#6192 = CARTESIAN_POINT ( 'NONE',  ( 0.7907099193092536060, 1.000000000000000222, -0.8021403651246330480 ) ) ;
#6193 = EDGE_LOOP ( 'NONE', ( #5470, #2355, #6813, #6517 ) ) ;
#6194 = CARTESIAN_POINT ( 'NONE',  ( 0.7456571051109108783, 0.9999606299212602245, -0.8804139390355678607 ) ) ;
#6195 = ORIENTED_EDGE ( 'NONE', *, *, #4734, .F. ) ;
#6196 = EDGE_CURVE ( 'NONE', #6863, #1317, #5226, .T. ) ;
#6197 = ADVANCED_FACE ( 'NONE', ( #1267 ), #4976, .T. ) ;
#6198 = CARTESIAN_POINT ( 'NONE',  ( 0.6803724083039373038, 1.000000000000000000, -0.7878989857328625446 ) ) ;
#6199 = CARTESIAN_POINT ( 'NONE',  ( 0.7389951038543258743, 0.9999606299212601135, -0.8757083944647922058 ) ) ;
#6200 = CARTESIAN_POINT ( 'NONE',  ( 0.6552355168686387898, 1.000000000000000000, -0.8819253371149851084 ) ) ;
#6201 = CARTESIAN_POINT ( 'NONE',  ( 0.8255848922406960888, 1.000000000000000222, -0.8540192153289786203 ) ) ;
#6202 = DIRECTION ( 'NONE',  ( 0.6512707515841399397, -0.000000000000000000, 0.7588454441656941052 ) ) ;
#6203 = EDGE_CURVE ( 'NONE', #2845, #2181, #160, .T. ) ;
#6204 = CARTESIAN_POINT ( 'NONE',  ( 0.6780379871999184793, 0.9999999999999996669, -0.8469568254510316807 ) ) ;
#6205 = CARTESIAN_POINT ( 'NONE',  ( 0.7975737799303576070, 0.9999606299212597804, -0.8181021403256655278 ) ) ;
#6206 = CARTESIAN_POINT ( 'NONE',  ( 0.6686109860171985941, 0.9999606299212593363, -0.8385776279986463244 ) ) ;
#6207 = CC_DESIGN_DATE_AND_TIME_ASSIGNMENT ( #69, #3393, ( #4520 ) ) ;
#6208 = CARTESIAN_POINT ( 'NONE',  ( 0.8404856034602981030, 0.9999606299212601135, -0.8165722899721367112 ) ) ;
#6209 = CARTESIAN_POINT ( 'NONE',  ( 0.8012671004648037609, 1.000000000000000000, -0.8522243183744641071 ) ) ;
#6210 = DIRECTION ( 'NONE',  ( -2.184283870115061137E-13, 1.000000000000000000, 5.832245412039038347E-12 ) ) ;
#6211 = CARTESIAN_POINT ( 'NONE',  ( 0.6996400595918019771, 0.9999606299212597804, -0.8085246920269987259 ) ) ;
#6212 = CARTESIAN_POINT ( 'NONE',  ( 0.6596898133110393747, 0.9999606299212597804, -0.8636941304786603935 ) ) ;
#6213 = CARTESIAN_POINT ( 'NONE',  ( 0.4942290533678576625, 0.9999606299212597804, -0.8903270752214988981 ) ) ;
#6214 = LINE ( 'NONE', #5742, #2228 ) ;
#6215 = CARTESIAN_POINT ( 'NONE',  ( 0.6126176342488018900, 0.9999606299212598914, -0.8021019868142471587 ) ) ;
#6216 = EDGE_CURVE ( 'NONE', #3912, #4066, #2732, .T. ) ;
#6217 = CARTESIAN_POINT ( 'NONE',  ( 0.8408825466829497053, 0.9999606299212597804, -0.8248534096467965426 ) ) ;
#6218 = ORIENTED_EDGE ( 'NONE', *, *, #7015, .T. ) ;
#6219 = VERTEX_POINT ( 'NONE', #1509 ) ;
#6220 = CARTESIAN_POINT ( 'NONE',  ( 0.6979119214586464448, 1.000000000000000222, -0.8668925892085056484 ) ) ;
#6221 = ORIENTED_EDGE ( 'NONE', *, *, #5139, .T. ) ;
#6222 = CARTESIAN_POINT ( 'NONE',  ( 0.5507289622481419400, 1.000000000000000000, -0.8819016207120410344 ) ) ;
#6223 = CARTESIAN_POINT ( 'NONE',  ( 0.6572164174530390479, 0.9999999999999998890, -0.8220174347405604376 ) ) ;
#6224 = CARTESIAN_POINT ( 'NONE',  ( 0.7122170386898273309, 0.9999606299212597804, -0.8173429577713626770 ) ) ;
#6225 = B_SPLINE_SURFACE_WITH_KNOTS ( 'NONE', 3, 1, ( 
 ( #6820, #967 ),
 ( #6415, #5271 ),
 ( #2551, #320 ),
 ( #4269, #3599 ),
 ( #4785, #5859 ),
 ( #1437, #4187 ),
 ( #2597, #1410 ),
 ( #4812, #6390 ),
 ( #1513, #1964 ),
 ( #918, #1991 ),
 ( #4211, #420 ) ),
 .UNSPECIFIED., .F., .F., .F.,
 ( 4, 1, 1, 1, 1, 1, 1, 1, 4 ),
 ( 2, 2 ),
 ( 0.000000000000000000, 0.1352840289639625770, 0.2694096554749934591, 0.4028008870521619378, 0.5361909441160749301, 0.6652106699871638273, 0.7853428009871218363, 0.8963177665284689510, 0.9999999999999998890 ),
 ( 0.000000000000000000, 1.000000000000000000 ),
 .UNSPECIFIED. ) ;
#6226 = ORIENTED_EDGE ( 'NONE', *, *, #3337, .T. ) ;
#6227 = ORIENTED_EDGE ( 'NONE', *, *, #6297, .F. ) ;
#6228 = ORIENTED_EDGE ( 'NONE', *, *, #2764, .T. ) ;
#6229 = ADVANCED_FACE ( 'NONE', ( #5980 ), #1049, .T. ) ;
#6230 = CARTESIAN_POINT ( 'NONE',  ( 0.7345618199175575347, 0.9999999999999998890, -0.8625437068443827515 ) ) ;
#6231 = CARTESIAN_POINT ( 'NONE',  ( 0.6975947566892016782, 1.000000000000000000, -0.8057470219922899801 ) ) ;
#6232 = CARTESIAN_POINT ( 'NONE',  ( 0.6203450460828366930, 1.000000000000000444, -0.7925952685675000664 ) ) ;
#6233 = CARTESIAN_POINT ( 'NONE',  ( 0.6089681431753442009, 0.9999999999999996669, -0.8360374523992285534 ) ) ;
#6234 = CARTESIAN_POINT ( 'NONE',  ( 0.8219576338362144519, 0.9999606299212601135, -0.7893132719945268327 ) ) ;
#6235 = B_SPLINE_CURVE_WITH_KNOTS ( 'NONE', 3,
 ( #5129, #2019, #940, #365, #6848, #1459, #3080, #1483, #4754, #3105, #6874 ),
 .UNSPECIFIED., .F., .F.,
 ( 4, 1, 1, 1, 1, 1, 1, 1, 4 ),
 ( 0.000000000000000000, 0.07501569460760568187, 0.1629301842777474696, 0.2646744147797601143, 0.3809699752964743613, 0.5123091530377105185, 0.6582210125869660811, 0.8208323791787902612, 1.000000000000000000 ),
 .UNSPECIFIED. ) ;
#6236 = CARTESIAN_POINT ( 'NONE',  ( 0.8292356529404493193, 0.9999606299212598914, -0.8325900822582182892 ) ) ;
#6237 = VERTEX_POINT ( 'NONE', #4357 ) ;
#6238 = CARTESIAN_POINT ( 'NONE',  ( 0.6686109860171985941, 0.9999999999999995559, -0.8385776279986463244 ) ) ;
#6239 = CARTESIAN_POINT ( 'NONE',  ( 0.7017115936140698729, 0.9999606299212597804, -0.8170351810601588216 ) ) ;
#6240 = CARTESIAN_POINT ( 'NONE',  ( 0.7389793448996627712, 0.9999606299212596694, -0.8045562993890116310 ) ) ;
#6241 = CARTESIAN_POINT ( 'NONE',  ( 0.7505660169058253617, 0.9999606299212598914, -0.8811348107802111640 ) ) ;
#6242 = CARTESIAN_POINT ( 'NONE',  ( 0.5717067108015697618, 1.000000000000000000, -0.8903270752214988981 ) ) ;
#6243 = CARTESIAN_POINT ( 'NONE',  ( 0.8380953178263084169, 0.9999999999999996669, -0.8399096678467666832 ) ) ;
#6244 = EDGE_CURVE ( 'NONE', #120, #1332, #6892, .T. ) ;
#6245 = CARTESIAN_POINT ( 'NONE',  ( 0.7427572632841946687, 0.9999606299212598914, -0.8790268463394927956 ) ) ;
#6246 = VECTOR ( 'NONE', #6746, 39.37007874015748143 ) ;
#6247 = VECTOR ( 'NONE', #3620, 39.37007874015748143 ) ;
#6248 = CARTESIAN_POINT ( 'NONE',  ( 0.6858198770581785952, 0.9999606299212597804, -0.7999985318083218111 ) ) ;
#6249 = EDGE_CURVE ( 'NONE', #4501, #6066, #1621, .T. ) ;
#6250 = ORIENTED_EDGE ( 'NONE', *, *, #547, .T. ) ;
#6251 = CLOSED_SHELL ( 'NONE', ( #696, #2285, #3845, #2185, #6098, #4735, #4585, #6713, #2969, #803, #2767, #1808, #5452, #3942, #6306, #5229, #4487, #1743, #3583, #22, #3914, #4203, #6757, #4965, #310, #6554, #6792, #5671, #1102, #6001, #7060, #1297, #6864, #2900, #764, #2150, #1923, #6498 ) ) ;
#6252 = CARTESIAN_POINT ( 'NONE',  ( 0.6570634520421000380, 0.9999606299212597804, -0.8233548628635444233 ) ) ;
#6253 = LINE ( 'NONE', #4457, #4665 ) ;
#6255 = ORIENTED_EDGE ( 'NONE', *, *, #5022, .T. ) ;
#6254 = CARTESIAN_POINT ( 'NONE',  ( 0.8089886815360167738, 0.9999606299212601135, -0.8450728598850518747 ) ) ;
#6256 = FACE_OUTER_BOUND ( 'NONE', #3530, .T. ) ;
#6257 = VECTOR ( 'NONE', #2074, 39.37007874015748143 ) ;
#6258 = VERTEX_POINT ( 'NONE', #6542 ) ;
#6259 = CARTESIAN_POINT ( 'NONE',  ( 0.7401725182893974520, 1.000000000000000222, -0.8769751792681502733 ) ) ;
#6260 = VERTEX_POINT ( 'NONE', #526 ) ;
#6261 = VECTOR ( 'NONE', #4740, 39.37007874015748143 ) ;
#6262 = DIRECTION ( 'NONE',  ( 1.000000000000000000, 0.000000000000000000, 0.000000000000000000 ) ) ;
#6263 = CARTESIAN_POINT ( 'NONE',  ( 0.4938811870757103262, 0.9999606299212597804, -0.1281516700166490386 ) ) ;
#6264 = ORIENTED_EDGE ( 'NONE', *, *, #766, .F. ) ;
#6265 = CARTESIAN_POINT ( 'NONE',  ( 0.7095906774208878831, 0.9999606299212597804, -0.8614371012631655278 ) ) ;
#6266 = CARTESIAN_POINT ( 'NONE',  ( 0.6552156077990857197, 1.000000000000000222, -0.8468293919109184387 ) ) ;
#6267 = CARTESIAN_POINT ( 'NONE',  ( 0.6054144127382214968, 0.9999606299212597804, -0.7892223455588420755 ) ) ;
#6268 = PLANE ( 'NONE',  #4947 ) ;
#6269 = FACE_BOUND ( 'NONE', #4588, .T. ) ;
#6270 = B_SPLINE_SURFACE_WITH_KNOTS ( 'NONE', 3, 1, ( 
 ( #3755, #4729 ),
 ( #422, #2627 ),
 ( #1484, #444 ),
 ( #1439, #5862 ),
 ( #3652, #3700 ),
 ( #4295, #366 ),
 ( #968, #4814 ),
 ( #5344, #2068 ),
 ( #5885, #3184 ),
 ( #5153, #413 ),
 ( #4226, #932 ),
 ( #6383, #5308 ),
 ( #2037, #5843 ),
 ( #4776, #1504 ),
 ( #2585, #1476 ),
 ( #3151, #378 ),
 ( #6920, #3664 ),
 ( #6890, #3689 ),
 ( #4255, #4802 ) ),
 .UNSPECIFIED., .F., .F., .F.,
 ( 4, 1, 1, 1, 1, 1, 1, 1, 1, 1, 1, 1, 1, 1, 1, 1, 4 ),
 ( 2, 2 ),
 ( 0.000000000000000000, 0.08042359312846913966, 0.1554478660209125118, 0.2274865779056489401, 0.2949489652405917206, 0.3597986509905204411, 0.4210200219417463696, 0.4819019994984987676, 0.5406082872412757423, 0.5984821386513649033, 0.6551515363375468581, 0.7102010032718264476, 0.7655971895723555631, 0.8217224591483812679, 0.8791641554936628911, 0.9383687171181147590, 1.000000000000000000 ),
 ( 0.000000000000000000, 1.000000000000000000 ),
 .UNSPECIFIED. ) ;
#6271 = CARTESIAN_POINT ( 'NONE',  ( 0.7379841407875403769, 1.000000000000000444, -0.8208781948511510995 ) ) ;
#6272 = DIRECTION ( 'NONE',  ( -0.7071067811865474617, 0.000000000000000000, -0.7071067811865474617 ) ) ;
#6273 = CARTESIAN_POINT ( 'NONE',  ( 0.6800192808665818101, 0.9999606299212597804, -0.8915985599421687446 ) ) ;
#6274 = ADVANCED_FACE ( 'NONE', ( #5718 ), #2463, .T. ) ;
#6275 = CARTESIAN_POINT ( 'NONE',  ( 0.8255848922406960888, 0.9999606299212601135, -0.8540192153289786203 ) ) ;
#6276 = CARTESIAN_POINT ( 'NONE',  ( 0.7499900926464447837, 0.9999606299212601135, -0.8811227285877354376 ) ) ;
#6277 = DIRECTION ( 'NONE',  ( -0.000000000000000000, 1.000000000000000000, -0.000000000000000000 ) ) ;
#6278 = FACE_OUTER_BOUND ( 'NONE', #3229, .T. ) ;
#6279 = CARTESIAN_POINT ( 'NONE',  ( 0.5433448192304956015, 1.000000000000000222, -0.8876969206164638804 ) ) ;
#6280 = CARTESIAN_POINT ( 'NONE',  ( 0.6228974784046907853, 0.9999606299212598914, -0.8197594307340561048 ) ) ;
#6281 = CARTESIAN_POINT ( 'NONE',  ( 0.8505807351360893387, 0.9999606299212597804, -0.4547783707392524799 ) ) ;
#6282 = CARTESIAN_POINT ( 'NONE',  ( 0.4938811870757103262, 0.9999606299212597804, -0.3332102154469469002 ) ) ;
#6283 = CARTESIAN_POINT ( 'NONE',  ( 0.6961670604443146448, 1.000000000000000222, -0.8416905498638732608 ) ) ;
#6284 = VERTEX_POINT ( 'NONE', #4378 ) ;
#6285 = DIRECTION ( 'NONE',  ( -1.476653034243597946E-13, 1.000000000000000000, 6.315733405374184092E-12 ) ) ;
#6286 = CARTESIAN_POINT ( 'NONE',  ( 0.5322807360438444046, 0.9999606299212595584, -0.8783027571202980388 ) ) ;
#6287 = CARTESIAN_POINT ( 'NONE',  ( 0.6055363111371877549, 0.9999999999999995559, -0.8363709765062656842 ) ) ;
#6288 = VERTEX_POINT ( 'NONE', #5498 ) ;
#6289 = B_SPLINE_CURVE_WITH_KNOTS ( 'NONE', 3,
 ( #6189, #2410, #5128, #3521, #782, #4682, #2998, #1845, #6698, #4578, #813, #2444, #5650, #4648, #6775, #5149, #6267, #6722, #3023 ),
 .UNSPECIFIED., .F., .F.,
 ( 4, 1, 1, 1, 1, 1, 1, 1, 1, 1, 1, 1, 1, 1, 1, 1, 4 ),
 ( 0.000000000000000000, 0.09271675908828247437, 0.1801828503269487514, 0.2644844746646980993, 0.3464547069403144941, 0.4250710312591280959, 0.4992283855822984839, 0.5714123754260503896, 0.6423085886576510584, 0.6788506151926677612, 0.7174739186893362985, 0.7581199166695006264, 0.8008069053587525410, 0.8468253388439295204, 0.8950746429128073611, 0.9461164316244252692, 1.000000000000000000 ),
 .UNSPECIFIED. ) ;
#6290 = CARTESIAN_POINT ( 'NONE',  ( 0.6686109860171985941, 0.9999999999999995559, -0.8385776279986463244 ) ) ;
#6291 = CARTESIAN_POINT ( 'NONE',  ( 0.7240356644000547348, 0.9999606299212597804, -0.8614371012631655278 ) ) ;
#6292 = EDGE_CURVE ( 'NONE', #4763, #1559, #6538, .T. ) ;
#6293 = CARTESIAN_POINT ( 'NONE',  ( 0.6644029180612499585, 0.9999999999999996669, -0.8402506438780078524 ) ) ;
#6294 = CARTESIAN_POINT ( 'NONE',  ( 0.7975737799303576070, 0.9999606299212597804, -0.8181021403256655278 ) ) ;
#6295 = CARTESIAN_POINT ( 'NONE',  ( 0.7370152816038172405, 0.9999606299212601135, -0.8727007122770812364 ) ) ;
#6296 = CARTESIAN_POINT ( 'NONE',  ( 0.6658841539943012311, 1.000000000000000444, -0.8764129727265957959 ) ) ;
#6297 = EDGE_CURVE ( 'NONE', #2736, #3167, #6482, .T. ) ;
#6298 = CARTESIAN_POINT ( 'NONE',  ( 0.6666480682162392313, 0.9999606299212598914, -0.7901362017635119583 ) ) ;
#6299 = CARTESIAN_POINT ( 'NONE',  ( 0.7472272226327671962, 1.000000000000000000, -0.8808060458656048475 ) ) ;
#6300 = CARTESIAN_POINT ( 'NONE',  ( 0.8162092151352582370, 1.000000000000000222, -0.7879878259827545195 ) ) ;
#6301 = VECTOR ( 'NONE', #6854, 39.37007874015748143 ) ;
#6302 = CARTESIAN_POINT ( 'NONE',  ( 0.9944322300693970718, 0.000000000000000000, 0.005567769930602885740 ) ) ;
#6303 = DIRECTION ( 'NONE',  ( -1.000000000000000000, 0.000000000000000000, 0.000000000000000000 ) ) ;
#6304 = CARTESIAN_POINT ( 'NONE',  ( 0.5444406234384360221, 1.000000000000000222, -0.8709206650490960433 ) ) ;
#6305 = FACE_OUTER_BOUND ( 'NONE', #1097, .T. ) ;
#6306 = ADVANCED_FACE ( 'NONE', ( #4542 ), #1182, .F. ) ;
#6307 = CARTESIAN_POINT ( 'NONE',  ( 0.007874015748031584425, 0.000000000000000000, -0.007874015748031584425 ) ) ;
#6308 = ORIENTED_EDGE ( 'NONE', *, *, #464, .F. ) ;
#6309 = CARTESIAN_POINT ( 'NONE',  ( 0.6492604016786401866, 0.9999606299212598914, -0.8606700067235739660 ) ) ;
#6310 = AXIS2_PLACEMENT_3D ( 'NONE', #3562, #3067, #1951 ) ;
#6311 = VECTOR ( 'NONE', #2576, 39.37007874015748854 ) ;
#6312 = CARTESIAN_POINT ( 'NONE',  ( 0.6664095519143636848, 1.000000000000000444, -0.8394357131857610455 ) ) ;
#6313 = CARTESIAN_POINT ( 'NONE',  ( 0.7765628897788425800, 1.000000000000000000, -0.8633042799778021248 ) ) ;
#6314 = PLANE ( 'NONE',  #1947 ) ;
#6315 = CARTESIAN_POINT ( 'NONE',  ( 0.6623590871663405100, 1.000000000000000222, -0.8078872227987546895 ) ) ;
#6316 = CARTESIAN_POINT ( 'NONE',  ( 0.5467329420601512169, 1.000000000000000000, -0.8614596693637011082 ) ) ;
#6317 = ORIENTED_EDGE ( 'NONE', *, *, #3360, .T. ) ;
#6318 = CARTESIAN_POINT ( 'NONE',  ( 0.7250576324960876784, 1.000000000000000222, -0.8011328958978062298 ) ) ;
#6319 = CARTESIAN_POINT ( 'NONE',  ( 0.6629932833446272600, 1.000000000000000000, -0.8534349067718657311 ) ) ;
#6320 = ORIENTED_EDGE ( 'NONE', *, *, #5994, .F. ) ;
#6321 = AXIS2_PLACEMENT_3D ( 'NONE', #5422, #6479, #1623 ) ;
#6322 = CARTESIAN_POINT ( 'NONE',  ( 0.6871609061643593197, 0.9999999999999998890, -0.8908367566420667405 ) ) ;
#6323 = CARTESIAN_POINT ( 'NONE',  ( 0.6559536094489299973, 0.9999606299212601135, -0.7970570344677021524 ) ) ;
#6324 = CARTESIAN_POINT ( 'NONE',  ( 0.6810754168713436529, 1.000000000000000222, -0.8797733873218087641 ) ) ;
#6325 = CARTESIAN_POINT ( 'NONE',  ( 0.5467562787466456742, 1.000000000000000222, -0.8604727342347270325 ) ) ;
#6326 = CARTESIAN_POINT ( 'NONE',  ( 0.5572617238224032432, 1.000000000000000222, -0.8610267323148937946 ) ) ;
#6327 = CARTESIAN_POINT ( 'NONE',  ( 0.6228524975244725814, 0.9999606299212596694, -0.8215742393954990064 ) ) ;
#6328 = CARTESIAN_POINT ( 'NONE',  ( 0.7004953671445436347, 1.000000000000000222, -0.7934131500608874177 ) ) ;
#6329 = ORIENTED_EDGE ( 'NONE', *, *, #658, .F. ) ;
#6330 = DIRECTION ( 'NONE',  ( -1.000000000000000000, 0.000000000000000000, 0.000000000000000000 ) ) ;
#6331 = CARTESIAN_POINT ( 'NONE',  ( 0.6935557398699419007, 1.000000000000000222, -0.8426674459427683228 ) ) ;
#6332 = CARTESIAN_POINT ( 'NONE',  ( 0.6918370088339471646, 1.000000000000000000, -0.8761345290727960977 ) ) ;
#6333 = CARTESIAN_POINT ( 'NONE',  ( 0.8131472815172717805, 1.000000000000000222, -0.7878989857328626556 ) ) ;
#6334 = CARTESIAN_POINT ( 'NONE',  ( 0.8089677342692325190, 0.9999606299212601135, -0.7990550667118301309 ) ) ;
#6335 = CARTESIAN_POINT ( 'NONE',  ( 0.7259598452104255584, 0.9999999999999996669, -0.8033042973682742449 ) ) ;
#6336 = CARTESIAN_POINT ( 'NONE',  ( 0.7101041423585456869, 0.9999606299212596694, -0.8287453454768844985 ) ) ;
#6337 = FACE_OUTER_BOUND ( 'NONE', #3015, .T. ) ;
#6338 = CARTESIAN_POINT ( 'NONE',  ( 0.6518766215005360465, 1.000000000000000222, -0.8517586746982940271 ) ) ;
#6339 = CARTESIAN_POINT ( 'NONE',  ( 0.6896373701886661101, 0.9999606299212596694, -0.8439516126675128405 ) ) ;
#6340 = DIRECTION ( 'NONE',  ( -0.000000000000000000, 1.000000000000000000, -0.000000000000000000 ) ) ;
#6341 = CARTESIAN_POINT ( 'NONE',  ( 0.6583010529713259062, 1.000000000000000444, -0.8159289227139038259 ) ) ;
#6342 = CARTESIAN_POINT ( 'NONE',  ( 0.5322807360438444046, 0.9999999999999996669, -0.8783027571202980388 ) ) ;
#6343 = CARTESIAN_POINT ( 'NONE',  ( 0.6824279364885159627, 0.9999606299212598914, -0.8344677198152149478 ) ) ;
#6344 = LINE ( 'NONE', #1966, #1823 ) ;
#6345 = LINE ( 'NONE', #7043, #990 ) ;
#6346 = CARTESIAN_POINT ( 'NONE',  ( 0.7753651643796900528, 0.9999606299212597804, -0.8537036336987704477 ) ) ;
#6347 = EDGE_LOOP ( 'NONE', ( #5947, #5827, #3670, #1172 ) ) ;
#6348 = CARTESIAN_POINT ( 'NONE',  ( 0.6636765377371066643, 0.9999606299212597804, -0.7914338591376051113 ) ) ;
#6349 = ORIENTED_EDGE ( 'NONE', *, *, #3863, .T. ) ;
#6350 = VECTOR ( 'NONE', #3958, 39.37007874015748143 ) ;
#6351 = CARTESIAN_POINT ( 'NONE',  ( 0.8380257162970673468, 0.9999606299212601135, -0.8068751373813524141 ) ) ;
#6352 = ORIENTED_EDGE ( 'NONE', *, *, #6704, .F. ) ;
#6354 = LINE ( 'NONE', #4001, #2535 ) ;
#6353 = CARTESIAN_POINT ( 'NONE',  ( 0.6791263205036227601, 0.9999606299212598914, -0.7879251149160769740 ) ) ;
#6355 = EDGE_CURVE ( 'NONE', #178, #1295, #1108, .T. ) ;
#6356 = CARTESIAN_POINT ( 'NONE',  ( 0.6966230186554996928, 0.9999606299212597804, -0.8414931703771569849 ) ) ;
#6357 = ORIENTED_EDGE ( 'NONE', *, *, #6830, .T. ) ;
#6358 = LINE ( 'NONE', #12, #4951 ) ;
#6359 = CARTESIAN_POINT ( 'NONE',  ( 0.6810754168713436529, 1.000000000000000222, -0.8797733873218087641 ) ) ;
#6360 = ORIENTED_EDGE ( 'NONE', *, *, #2521, .F. ) ;
#6361 = CARTESIAN_POINT ( 'NONE',  ( 0.6669056890068546517, 0.9999606299212597804, -0.5063145128993086219 ) ) ;
#6362 = LINE ( 'NONE', #1046, #4959 ) ;
#6363 = CARTESIAN_POINT ( 'NONE',  ( 0.7355879200541969309, 0.9999999999999998890, -0.8180689020707913039 ) ) ;
#6364 = CARTESIAN_POINT ( 'NONE',  ( 0.7519760653198122036, 0.9999606299212602245, -0.8916103090523279651 ) ) ;
#6365 = EDGE_CURVE ( 'NONE', #4747, #4662, #4903, .T. ) ;
#6366 = CARTESIAN_POINT ( 'NONE',  ( 0.6790592276694676910, 1.000000000000000222, -0.8467048560202088403 ) ) ;
#6367 = CARTESIAN_POINT ( 'NONE',  ( 0.7570722884748636305, 0.9999606299212597804, -0.8420324026558677621 ) ) ;
#6368 = CARTESIAN_POINT ( 'NONE',  ( 0.6292002856737414218, 0.9999999999999996669, -0.8553621008842855478 ) ) ;
#6369 = CARTESIAN_POINT ( 'NONE',  ( 0.9921259842519684069, 0.9921259842519686289, -1.000000000000000222 ) ) ;
#6370 = CARTESIAN_POINT ( 'NONE',  ( 0.6940356556442052183, 0.9999606299212598914, -0.8302788862393933877 ) ) ;
#6371 = CARTESIAN_POINT ( 'NONE',  ( 0.7072861836724662066, 0.9999606299212595584, -0.8739348211626274399 ) ) ;
#6372 = CARTESIAN_POINT ( 'NONE',  ( 0.7895801031042189999, 1.000000000000000444, -0.8047185706337192102 ) ) ;
#6373 = VERTEX_POINT ( 'NONE', #1672 ) ;
#6374 = CARTESIAN_POINT ( 'NONE',  ( 0.6028331955279843113, 0.9999606299212597804, -0.7892121663673321574 ) ) ;
#6375 = CARTESIAN_POINT ( 'NONE',  ( 0.6918370088339471646, 1.000000000000000000, -0.8761345290727960977 ) ) ;
#6376 = DIRECTION ( 'NONE',  ( 0.1503504868318499554, 0.000000000000000000, -0.9886327584646512623 ) ) ;
#6377 = ORIENTED_EDGE ( 'NONE', *, *, #3294, .F. ) ;
#6378 = CARTESIAN_POINT ( 'NONE',  ( 0.7014205899378095355, 0.9999606299212597804, -0.8133699969989833800 ) ) ;
#6379 = CARTESIAN_POINT ( 'NONE',  ( 0.6089681431753442009, 0.9999606299212595584, -0.8360374523992285534 ) ) ;
#6380 = CARTESIAN_POINT ( 'NONE',  ( 0.8811235080818567988, 0.9999606299212595584, -0.8880733372494941102 ) ) ;
#6381 = VERTEX_POINT ( 'NONE', #2243 ) ;
#6382 = CARTESIAN_POINT ( 'NONE',  ( 0.8284295548768166872, 0.9999606299212601135, -0.8106686503326612225 ) ) ;
#6383 = CARTESIAN_POINT ( 'NONE',  ( 0.6624263539471000328, 0.9999606299212596694, -0.8729356241436480035 ) ) ;
#6384 = EDGE_LOOP ( 'NONE', ( #6895, #3790, #6162, #2526 ) ) ;
#6385 = CARTESIAN_POINT ( 'NONE',  ( 0.7988614203109725143, 1.000000000000000444, -0.8113802538105511220 ) ) ;
#6386 = CARTESIAN_POINT ( 'NONE',  ( 0.7355879200541969309, 0.9999606299212596694, -0.8180689020707913039 ) ) ;
#6387 = CARTESIAN_POINT ( 'NONE',  ( 0.6178238796664532462, 0.9999999999999998890, -0.8322613928434122732 ) ) ;
#6388 = CARTESIAN_POINT ( 'NONE',  ( 0.9921259842519684069, 0.007874015748031176765, -1.000000000000000222 ) ) ;
#6389 = EDGE_CURVE ( 'NONE', #5887, #2196, #5310, .T. ) ;
#6390 = CARTESIAN_POINT ( 'NONE',  ( 0.8789779878393317869, 1.000000000000000222, -0.8845768447026165493 ) ) ;
#6391 = EDGE_CURVE ( 'NONE', #3989, #1663, #3095, .T. ) ;
#6392 = DIRECTION ( 'NONE',  ( -1.960096666941618365E-16, 0.000000000000000000, -1.000000000000000000 ) ) ;
#6393 = CARTESIAN_POINT ( 'NONE',  ( 0.7016450209108158198, 0.9999606299212597804, -0.8191768156799559275 ) ) ;
#6394 = PERSON_AND_ORGANIZATION ( #3334, #3267 ) ;
#6395 = CARTESIAN_POINT ( 'NONE',  ( 0.7727832022684187896, 0.9999606299212595584, -0.8467799833833518086 ) ) ;
#6396 = CARTESIAN_POINT ( 'NONE',  ( 0.7871680448649841511, 1.000000000000000222, -0.8156857345479882060 ) ) ;
#6397 = EDGE_CURVE ( 'NONE', #6260, #4643, #2837, .T. ) ;
#6398 = CARTESIAN_POINT ( 'NONE',  ( 0.6202943942769485464, 0.9999606299212597804, -0.8632427246355613981 ) ) ;
#6399 = CARTESIAN_POINT ( 'NONE',  ( 0.8164758996067921215, 0.9999606299212598914, -0.7987828606274613996 ) ) ;
#6400 = CARTESIAN_POINT ( 'NONE',  ( 0.7017115936140698729, 0.9999606299212597804, -0.8170351810601588216 ) ) ;
#6401 = FACE_OUTER_BOUND ( 'NONE', #480, .T. ) ;
#6402 = PLANE ( 'NONE',  #1941 ) ;
#6403 = ORIENTED_EDGE ( 'NONE', *, *, #3492, .F. ) ;
#6404 = VERTEX_POINT ( 'NONE', #5604 ) ;
#6405 = ORIENTED_EDGE ( 'NONE', *, *, #6524, .F. ) ;
#6406 = CARTESIAN_POINT ( 'NONE',  ( 0.6964104210564623365, 1.000000000000000000, -0.8706203103445218083 ) ) ;
#6407 = CARTESIAN_POINT ( 'NONE',  ( 0.5563225302492712521, 0.9999606299212596694, -0.8514536213020551525 ) ) ;
#6408 = CARTESIAN_POINT ( 'NONE',  ( 0.8130446892802037917, 1.000000000000000000, -0.7984044308086201136 ) ) ;
#6409 = CARTESIAN_POINT ( 'NONE',  ( 0.7314523344949506178, 0.9999999999999998890, -0.8127631955290024468 ) ) ;
#6410 = ORIENTED_EDGE ( 'NONE', *, *, #4880, .T. ) ;
#6411 = ORIENTED_EDGE ( 'NONE', *, *, #2852, .F. ) ;
#6412 = EDGE_LOOP ( 'NONE', ( #3044, #3783, #2006, #328, #286, #4727, #5663, #5369 ) ) ;
#6413 = CARTESIAN_POINT ( 'NONE',  ( 0.8303553547571921323, 1.000000000000000222, -0.8256301916484224401 ) ) ;
#6414 = CARTESIAN_POINT ( 'NONE',  ( 0.6972544986349045182, 0.9999606299212598914, -0.8280041081269086112 ) ) ;
#6415 = CARTESIAN_POINT ( 'NONE',  ( 0.8593970938948159999, 0.9999606299212597804, -0.8662294505723240334 ) ) ;
#6416 = CARTESIAN_POINT ( 'NONE',  ( 0.8069299293202731871, 1.000000000000000000, -0.8442169099050588210 ) ) ;
#6417 = CARTESIAN_POINT ( 'NONE',  ( 0.7762840642732415919, 0.9999606299212596694, -0.8584576424867981226 ) ) ;
#6418 = CARTESIAN_POINT ( 'NONE',  ( 0.7095906774208878831, 0.9999606299212597804, -0.8614371012631655278 ) ) ;
#6419 = CARTESIAN_POINT ( 'NONE',  ( 0.6228228850796310168, 0.9999999999999998890, -0.8158709587845451860 ) ) ;
#6420 = CARTESIAN_POINT ( 'NONE',  ( 0.7988614203109725143, 0.9999606299212602245, -0.8113802538105511220 ) ) ;
#6421 = ORIENTED_EDGE ( 'NONE', *, *, #6501, .T. ) ;
#6422 = CARTESIAN_POINT ( 'NONE',  ( 0.8291802149620441931, 0.9999606299212596694, -0.8128518819949104302 ) ) ;
#6423 = CARTESIAN_POINT ( 'NONE',  ( 0.7240356644000547348, 1.000000000000000000, -0.8614371012631655278 ) ) ;
#6424 = CARTESIAN_POINT ( 'NONE',  ( 0.8056943205540838537, 0.9999999999999998890, -0.7889208000954396338 ) ) ;
#6425 = B_SPLINE_SURFACE_WITH_KNOTS ( 'NONE', 3, 1, ( 
 ( #6356, #1977 ),
 ( #5813, #375 ),
 ( #951, #2560 ),
 ( #3113, #4174 ),
 ( #6832, #3611 ),
 ( #6887, #1426 ),
 ( #3661, #4222 ),
 ( #3590, #4769 ),
 ( #3070, #1366 ),
 ( #928, #1473 ),
 ( #304, #5305 ) ),
 .UNSPECIFIED., .F., .F., .F.,
 ( 4, 1, 1, 1, 1, 1, 1, 1, 4 ),
 ( 2, 2 ),
 ( 0.000000000000000000, 0.1337850715093810983, 0.2593853989987147113, 0.3808217004101775438, 0.4995309368699202279, 0.6183575741441209583, 0.7398956903217168701, 0.8662956414442500863, 1.000000000000000000 ),
 ( 0.000000000000000000, 1.000000000000000000 ),
 .UNSPECIFIED. ) ;
#6426 = CARTESIAN_POINT ( 'NONE',  ( 0.7942429941970553520, 0.9999606299212595584, -0.7967789516676204720 ) ) ;
#6427 = LINE ( 'NONE', #3116, #5355 ) ;
#6428 = CARTESIAN_POINT ( 'NONE',  ( 0.6988578827821755324, 0.9999606299212601135, -0.8625093308726275998 ) ) ;
#6429 = VECTOR ( 'NONE', #3520, 39.37007874015748143 ) ;
#6430 = CARTESIAN_POINT ( 'NONE',  ( 0.6492070135044262225, 0.9999606299212601135, -0.8649333176124806011 ) ) ;
#6431 = VERTEX_POINT ( 'NONE', #590 ) ;
#6432 = VECTOR ( 'NONE', #4053, 39.37007874015748143 ) ;
#6433 = CARTESIAN_POINT ( 'NONE',  ( 0.8116548194316139941, 0.9999606299212596694, -0.7984545849793914796 ) ) ;
#6434 = CARTESIAN_POINT ( 'NONE',  ( 0.5421724899642393902, 0.9999606299212597804, -0.8881506759291972752 ) ) ;
#6435 = ORIENTED_EDGE ( 'NONE', *, *, #6456, .T. ) ;
#6436 = LINE ( 'NONE', #1168, #2263 ) ;
#6437 = VECTOR ( 'NONE', #6149, 39.37007874015748143 ) ;
#6438 = CARTESIAN_POINT ( 'NONE',  ( 0.6206037686288503608, 0.9999999999999996669, -0.8287138894630317054 ) ) ;
#6439 = EDGE_LOOP ( 'NONE', ( #5365, #3707, #6041, #952 ) ) ;
#6440 = CARTESIAN_POINT ( 'NONE',  ( 0.7012706060004654240, 0.9999606299212598914, -0.8212368324395175057 ) ) ;
#6441 = EDGE_CURVE ( 'NONE', #5515, #6868, #3874, .T. ) ;
#6442 = ORIENTED_EDGE ( 'NONE', *, *, #772, .T. ) ;
#6443 = CARTESIAN_POINT ( 'NONE',  ( 0.8215692674292243147, 1.000000000000000222, -0.8433755001026647102 ) ) ;
#6444 = CARTESIAN_POINT ( 'NONE',  ( 0.5279762983177685998, 0.9999999999999998890, -0.8903295152023718018 ) ) ;
#6445 = VECTOR ( 'NONE', #612, 39.37007874015748143 ) ;
#6446 = CARTESIAN_POINT ( 'NONE',  ( 0.8014990467084530668, 1.000000000000000222, -0.8399016448917363542 ) ) ;
#6447 = CARTESIAN_POINT ( 'NONE',  ( 0.7560464414415563050, 0.9999606299212598914, -0.8242106597779452759 ) ) ;
#6448 = ORIENTED_EDGE ( 'NONE', *, *, #6692, .T. ) ;
#6449 = PLANE ( 'NONE',  #6466 ) ;
#6450 = CARTESIAN_POINT ( 'NONE',  ( 0.6015815702357554251, 0.9999606299212597804, -0.8364866692082413291 ) ) ;
#6451 = VERTEX_POINT ( 'NONE', #6709 ) ;
#6452 = DIRECTION ( 'NONE',  ( 0.000000000000000000, -1.000000000000000000, 0.000000000000000000 ) ) ;
#6453 = VECTOR ( 'NONE', #2224, 39.37007874015748143 ) ;
#6454 = ADVANCED_FACE ( 'NONE', ( #2148 ), #2379, .T. ) ;
#6455 = CARTESIAN_POINT ( 'NONE',  ( 0.6559536094489299973, 0.9999606299212601135, -0.7970570344677021524 ) ) ;
#6456 = EDGE_CURVE ( 'NONE', #1782, #3298, #6988, .T. ) ;
#6457 = CARTESIAN_POINT ( 'NONE',  ( 0.9921259842519684069, 0.9921259842519686289, -1.000000000000000222 ) ) ;
#6458 = CARTESIAN_POINT ( 'NONE',  ( 0.6850288628179920236, 0.9999999999999995559, -0.8336870952819691594 ) ) ;
#6459 = VECTOR ( 'NONE', #4154, 39.37007874015748143 ) ;
#6460 = PLANE ( 'NONE',  #608 ) ;
#6461 = PRODUCT_RELATED_PRODUCT_CATEGORY ( 'detail', '', ( #1065 ) ) ;
#6462 = DIRECTION ( 'NONE',  ( -0.000000000000000000, 0.000000000000000000, 1.000000000000000000 ) ) ;
#6463 = CARTESIAN_POINT ( 'NONE',  ( 0.5339553019792798727, 0.9999999999999998890, -0.8303889770550862970 ) ) ;
#6464 = DIRECTION ( 'NONE',  ( 0.000000000000000000, 0.000000000000000000, -1.000000000000000000 ) ) ;
#6465 = CARTESIAN_POINT ( 'NONE',  ( 0.8215692674292243147, 0.9999606299212601135, -0.8433755001026647102 ) ) ;
#6466 = AXIS2_PLACEMENT_3D ( 'NONE', #6880, #1948, #5394 ) ;
#6467 = ORIENTED_EDGE ( 'NONE', *, *, #772, .F. ) ;
#6468 = CARTESIAN_POINT ( 'NONE',  ( 0.8267260802674171183, 0.9999999999999994449, -0.8382022359123721955 ) ) ;
#6469 = CARTESIAN_POINT ( 'NONE',  ( 0.6089089739164069703, 1.000000000000000222, -0.8013199249294178372 ) ) ;
#6470 = CARTESIAN_POINT ( 'NONE',  ( 0.6203802142725932667, 0.9999606299212596694, -0.8442882699683321723 ) ) ;
#6471 = ORIENTED_EDGE ( 'NONE', *, *, #15, .F. ) ;
#6472 = CARTESIAN_POINT ( 'NONE',  ( 0.6105029728483033491, 0.9999999999999998890, -0.8491116882634612839 ) ) ;
#6473 = PERSON_AND_ORGANIZATION_ROLE ( 'design_owner' ) ;
#6474 = CARTESIAN_POINT ( 'NONE',  ( 0.8275463911775710057, 0.9999606299212597804, -0.8086302586628927314 ) ) ;
#6475 = PERSON_AND_ORGANIZATION ( #3334, #3267 ) ;
#6476 = DIRECTION ( 'NONE',  ( -0.8754645270000172008, 0.000000000000000000, -0.4832823832550037224 ) ) ;
#6477 = DIRECTION ( 'NONE',  ( -0.000000000000000000, 1.000000000000000000, -0.000000000000000000 ) ) ;
#6478 = CARTESIAN_POINT ( 'NONE',  ( 0.6596898133110393747, 1.000000000000000000, -0.8636941304786603935 ) ) ;
#6479 = DIRECTION ( 'NONE',  ( 0.3574067443365979146, 0.8628562094610268129, 0.3574067443365644414 ) ) ;
#6480 = VECTOR ( 'NONE', #3705, 39.37007874015748143 ) ;
#6481 = CARTESIAN_POINT ( 'NONE',  ( 0.6170140060587968600, 0.9999606299212597804, -0.8738589233642973797 ) ) ;
#6482 = LINE ( 'NONE', #642, #5805 ) ;
#6483 = CARTESIAN_POINT ( 'NONE',  ( 0.6118444894250256727, 0.9999999999999998890, -0.8354774025281451744 ) ) ;
#6484 = CARTESIAN_POINT ( 'NONE',  ( 0.8243355984494754596, 0.9999999999999996669, -0.8411499578510847064 ) ) ;
#6485 = CARTESIAN_POINT ( 'NONE',  ( 0.7635605713388142757, 0.9999606299212595584, -0.8735903743797991394 ) ) ;
#6486 = B_SPLINE_SURFACE_WITH_KNOTS ( 'NONE', 3, 1, ( 
 ( #1589, #5023 ),
 ( #6488, #1541 ),
 ( #72, #3919 ),
 ( #4365, #5395 ),
 ( #96, #1727 ),
 ( #4907, #5549 ),
 ( #2671, #6981 ),
 ( #5440, #2253 ),
 ( #496, #2120 ),
 ( #6470, #3756 ),
 ( #620, #2279 ) ),
 .UNSPECIFIED., .F., .F., .F.,
 ( 4, 1, 1, 1, 1, 1, 1, 1, 4 ),
 ( 2, 2 ),
 ( 0.000000000000000000, 0.1333786706066391048, 0.2619252341554843544, 0.3867490650401659846, 0.5114364515435128045, 0.6336363288425959084, 0.7543578055143889127, 0.8757685104033915424, 1.000000000000000000 ),
 ( 0.000000000000000000, 1.000000000000000000 ),
 .UNSPECIFIED. ) ;
#6487 = CARTESIAN_POINT ( 'NONE',  ( 0.6873192785678214900, 0.9999606299212596694, -0.8445956455822249964 ) ) ;
#6488 = CARTESIAN_POINT ( 'NONE',  ( 0.6307656644520664990, 0.9999606299212596694, -0.8637875497772126154 ) ) ;
#6489 = ORIENTED_EDGE ( 'NONE', *, *, #2913, .F. ) ;
#6490 = DIRECTION ( 'NONE',  ( -1.000000000000000000, 0.000000000000000000, 0.000000000000000000 ) ) ;
#6491 = CARTESIAN_POINT ( 'NONE',  ( 0.5327533902458122528, 0.9999606299212596694, -0.8900860171702897894 ) ) ;
#6492 = EDGE_CURVE ( 'NONE', #5407, #1319, #3603, .T. ) ;
#6493 = FACE_OUTER_BOUND ( 'NONE', #50, .T. ) ;
#6494 = DIRECTION ( 'NONE',  ( 1.840948137082084006E-17, -0.7071067811865413555, 0.7071067811865536790 ) ) ;
#6495 = ORIENTED_EDGE ( 'NONE', *, *, #839, .T. ) ;
#6496 = ORIENTED_EDGE ( 'NONE', *, *, #3840, .T. ) ;
#6497 = CARTESIAN_POINT ( 'NONE',  ( 0.6307998393527062264, 1.000000000000000000, -0.8649047188760621285 ) ) ;
#6498 = ADVANCED_FACE ( 'NONE', ( #5553 ), #131, .T. ) ;
#6499 = CARTESIAN_POINT ( 'NONE',  ( 0.6796206930760601006, 0.9999606299212596694, -0.8798052749185095722 ) ) ;
#6500 = CARTESIAN_POINT ( 'NONE',  ( 0.5047344984436151760, 0.9999999999996910249, -0.8417393917461201136 ) ) ;
#6501 = EDGE_CURVE ( 'NONE', #4844, #5349, #943, .T. ) ;
#6502 = CARTESIAN_POINT ( 'NONE',  ( 0.7340454559242571841, 0.9999606299212598914, -0.8858576064929593041 ) ) ;
#6503 = CARTESIAN_POINT ( 'NONE',  ( 0.7579523300823067800, 1.000000000000000222, -0.8792159152055016857 ) ) ;
#6504 = CARTESIAN_POINT ( 'NONE',  ( 0.6007608323392118477, 0.9999606299210463956, -0.8483052949184685110 ) ) ;
#6505 = CARTESIAN_POINT ( 'NONE',  ( 0.8297673454499467915, 1.000000000000000000, -0.8304184162244282463 ) ) ;
#6506 = CARTESIAN_POINT ( 'NONE',  ( 0.7657926022098706653, 0.9999606299212598914, -0.8672069193065110593 ) ) ;
#6507 = CARTESIAN_POINT ( 'NONE',  ( 0.7873628360651387936, 1.000000000000000000, -0.8135304990921058410 ) ) ;
#6508 = CARTESIAN_POINT ( 'NONE',  ( 0.6191304840773658169, 1.000000000000000000, -0.8063294968161830445 ) ) ;
#6509 = FACE_OUTER_BOUND ( 'NONE', #1593, .T. ) ;
#6510 = FACE_OUTER_BOUND ( 'NONE', #3513, .T. ) ;
#6511 = FACE_OUTER_BOUND ( 'NONE', #1166, .T. ) ;
#6512 = ORIENTED_EDGE ( 'NONE', *, *, #747, .F. ) ;
#6513 = CARTESIAN_POINT ( 'NONE',  ( 0.7256697612547802212, 0.9999999999999998890, -0.8716216825638445354 ) ) ;
#6514 = ORIENTED_EDGE ( 'NONE', *, *, #4237, .T. ) ;
#6515 = VECTOR ( 'NONE', #2922, 39.37007874015748143 ) ;
#6516 = DIRECTION ( 'NONE',  ( 0.7700761523791030960, -0.4511001660036211836, 0.4511001660036292327 ) ) ;
#6517 = ORIENTED_EDGE ( 'NONE', *, *, #5880, .T. ) ;
#6518 = VECTOR ( 'NONE', #3074, 39.37007874015748854 ) ;
#6519 = EDGE_CURVE ( 'NONE', #5858, #2238, #5476, .T. ) ;
#6520 = ORIENTED_EDGE ( 'NONE', *, *, #2726, .F. ) ;
#6521 = CARTESIAN_POINT ( 'NONE',  ( 0.5555662179330025374, 1.000000000000000222, -0.8485611053096431267 ) ) ;
#6522 = FACE_OUTER_BOUND ( 'NONE', #1973, .T. ) ;
#6523 = CARTESIAN_POINT ( 'NONE',  ( 0.5519198003994467694, 0.9999606299212597804, -0.8803083775255041710 ) ) ;
#6524 = EDGE_CURVE ( 'NONE', #4402, #1472, #2171, .T. ) ;
#6525 = VERTEX_POINT ( 'NONE', #3468 ) ;
#6526 = ORIENTED_EDGE ( 'NONE', *, *, #3598, .F. ) ;
#6527 = EDGE_CURVE ( 'NONE', #1777, #4336, #2302, .T. ) ;
#6528 = VERTEX_POINT ( 'NONE', #2936 ) ;
#6529 = CARTESIAN_POINT ( 'NONE',  ( 0.7034696186716190569, 0.9999606299212597804, -0.7958583680617214995 ) ) ;
#6530 = CARTESIAN_POINT ( 'NONE',  ( 0.6220916038555037719, 0.9999606299212593363, -0.8454333353718936905 ) ) ;
#6531 = ADVANCED_FACE ( 'NONE', ( #6305 ), #278, .F. ) ;
#6532 = CARTESIAN_POINT ( 'NONE',  ( 0.5375261915353468645, 0.9999606299209542470, -0.8435241733517401252 ) ) ;
#6533 = LINE ( 'NONE', #6974, #2200 ) ;
#6534 = CARTESIAN_POINT ( 'NONE',  ( 0.7729353301229352491, 0.9999999999999996669, -0.8785269255378758135 ) ) ;
#6535 = MECHANICAL_CONTEXT ( 'NONE', #3759, 'mechanical' ) ;
#6536 = CARTESIAN_POINT ( 'NONE',  ( 0.7072861836724662066, 0.9999999999999996669, -0.8739348211626274399 ) ) ;
#6537 = CARTESIAN_POINT ( 'NONE',  ( 0.6307656644520664990, 0.9999606299212596694, -0.8637875497772126154 ) ) ;
#6538 = B_SPLINE_CURVE_WITH_KNOTS ( 'NONE', 3,
 ( #1204, #4484, #6607, #2307, #1715, #4448, #5524, #2809, #1735, #6069, #84 ),
 .UNSPECIFIED., .F., .F.,
 ( 4, 1, 1, 1, 1, 1, 1, 1, 4 ),
 ( 0.000000000000000000, 0.07501569460760568187, 0.1629301842777474696, 0.2646744147797601143, 0.3809699752964743613, 0.5123091530377105185, 0.6582210125869660811, 0.8208323791787902612, 1.000000000000000000 ),
 .UNSPECIFIED. ) ;
#6539 = CARTESIAN_POINT ( 'NONE',  ( 0.9921259842519686289, 0.9921259842519684069, -2.582993871724054864E-17 ) ) ;
#6540 = ORIENTED_EDGE ( 'NONE', *, *, #80, .T. ) ;
#6541 = CARTESIAN_POINT ( 'NONE',  ( 0.6202943942769485464, 1.000000000000000000, -0.8632427246355613981 ) ) ;
#6542 = CARTESIAN_POINT ( 'NONE',  ( 0.5047344984436151760, 1.000000000000000000, -0.7892121663673321574 ) ) ;
#6543 = ORIENTED_EDGE ( 'NONE', *, *, #4032, .T. ) ;
#6544 = DIRECTION ( 'NONE',  ( -0.000000000000000000, 1.000000000000000000, -0.000000000000000000 ) ) ;
#6545 = CARTESIAN_POINT ( 'NONE',  ( 0.6179632165940552868, 1.000000000000000000, -0.8540365773140662364 ) ) ;
#6546 = CARTESIAN_POINT ( 'NONE',  ( 0.7521527521776396608, 0.9999606299212598914, -0.8810834780775854691 ) ) ;
#6547 = CARTESIAN_POINT ( 'NONE',  ( 0.5275650023682493250, 0.9999606299209542470, -0.8417581454208279412 ) ) ;
#6548 = CARTESIAN_POINT ( 'NONE',  ( 0.8579800891159637954, 1.000000000000000000, -0.8535580174563472955 ) ) ;
#6549 = CARTESIAN_POINT ( 'NONE',  ( 0.5411221689001016744, 0.9999606299212597804, -0.8885335216759411292 ) ) ;
#6550 = CARTESIAN_POINT ( 'NONE',  ( 0.7259598452104255584, 0.9999606299212595584, -0.8033042973682742449 ) ) ;
#6551 = DIRECTION ( 'NONE',  ( 0.000000000000000000, 1.320746441559287241E-12, 1.000000000000000000 ) ) ;
#6552 = LINE ( 'NONE', #6807, #5711 ) ;
#6553 = CARTESIAN_POINT ( 'NONE',  ( 0.7907099193092536060, 0.9999606299212598914, -0.8021403651246330480 ) ) ;
#6554 = ADVANCED_FACE ( 'NONE', ( #2751 ), #4636, .F. ) ;
#6555 = CARTESIAN_POINT ( 'NONE',  ( 0.6887655462923318872, 0.9999606299212595584, -0.8779721761762573351 ) ) ;
#6556 = FACE_OUTER_BOUND ( 'NONE', #116, .T. ) ;
#6557 = EDGE_CURVE ( 'NONE', #3167, #1843, #3273, .T. ) ;
#6558 = CARTESIAN_POINT ( 'NONE',  ( 0.5994066148099149727, 0.9999606299212597804, -0.8785084495112716052 ) ) ;
#6559 = CARTESIAN_POINT ( 'NONE',  ( 0.6181771650034260102, 0.9999606299212595584, -0.7916244778511143387 ) ) ;
#6560 = EDGE_LOOP ( 'NONE', ( #2273, #6601, #5267, #4051 ) ) ;
#6561 = VERTEX_POINT ( 'NONE', #3567 ) ;
#6562 = CARTESIAN_POINT ( 'NONE',  ( 0.5507289622481419400, 0.9999606299212597804, -0.8819016207120410344 ) ) ;
#6563 = CARTESIAN_POINT ( 'NONE',  ( -6.936332796413199528E-18, 0.007874015748031721468, -1.000000000000000000 ) ) ;
#6564 = CARTESIAN_POINT ( 'NONE',  ( 0.5406488653795514798, 0.9999999999999998890, -0.8452731984650193597 ) ) ;
#6565 = VERTEX_POINT ( 'NONE', #5814 ) ;
#6566 = DIRECTION ( 'NONE',  ( -0.000000000000000000, 1.000000000000000000, -0.000000000000000000 ) ) ;
#6567 = ORIENTED_EDGE ( 'NONE', *, *, #679, .F. ) ;
#6568 = CARTESIAN_POINT ( 'NONE',  ( 0.7657926022098706653, 0.9999606299212598914, -0.8672069193065110593 ) ) ;
#6569 = EDGE_CURVE ( 'NONE', #973, #1740, #5402, .T. ) ;
#6570 = ORIENTED_EDGE ( 'NONE', *, *, #2415, .T. ) ;
#6571 = CARTESIAN_POINT ( 'NONE',  ( 0.6596898133110393747, 0.9999606299212597804, -0.8636941304786603935 ) ) ;
#6572 = VERTEX_POINT ( 'NONE', #6834 ) ;
#6573 = CARTESIAN_POINT ( 'NONE',  ( 0.7055786886870878405, 0.9999999999999996669, -0.8775147297059879836 ) ) ;
#6574 = APPROVAL ( #600, 'UNSPECIFIED' ) ;
#6575 = CARTESIAN_POINT ( 'NONE',  ( 0.8052729521335399987, 0.9999999999999998890, -0.8011321810131296628 ) ) ;
#6576 = CARTESIAN_POINT ( 'NONE',  ( 0.6096103213310813951, 0.9999606299212601135, -0.8899365092846007741 ) ) ;
#6577 = ORIENTED_EDGE ( 'NONE', *, *, #3181, .F. ) ;
#6578 = EDGE_CURVE ( 'NONE', #4285, #606, #4119, .T. ) ;
#6579 = CARTESIAN_POINT ( 'NONE',  ( 0.6087772477888061529, 0.9999606299212597804, -0.8780027510771254429 ) ) ;
#6580 = DIRECTION ( 'NONE',  ( -0.000000000000000000, 1.000000000000000000, -0.000000000000000000 ) ) ;
#6581 = CARTESIAN_POINT ( 'NONE',  ( 0.6255005044896253530, 0.9999606299212596694, -0.7964886749430329926 ) ) ;
#6582 = VECTOR ( 'NONE', #3104, 39.37007874015748143 ) ;
#6583 = FACE_OUTER_BOUND ( 'NONE', #93, .T. ) ;
#6584 = CARTESIAN_POINT ( 'NONE',  ( 0.5494313111633191138, 0.9999606299212598914, -0.8833366556138465553 ) ) ;
#6585 = ORIENTED_EDGE ( 'NONE', *, *, #1834, .T. ) ;
#6586 = CARTESIAN_POINT ( 'NONE',  ( 0.6111021298356608122, 0.9999606299212597804, -0.8492696619469073394 ) ) ;
#6587 = LINE ( 'NONE', #4113, #4764 ) ;
#6588 = ADVANCED_FACE ( 'NONE', ( #6706 ), #199, .T. ) ;
#6589 = CARTESIAN_POINT ( 'NONE',  ( 0.5467085976091365929, 0.9999999999999998890, -0.8582377179138638290 ) ) ;
#6590 = ORIENTED_EDGE ( 'NONE', *, *, #393, .T. ) ;
#6591 = DIRECTION ( 'NONE',  ( -1.000000000000000000, 0.000000000000000000, 0.000000000000000000 ) ) ;
#6592 = LINE ( 'NONE', #2971, #5755 ) ;
#6593 = CARTESIAN_POINT ( 'NONE',  ( 0.7716208551788932279, 0.9999606299212597804, -0.8808163454230890643 ) ) ;
#6594 = CARTESIAN_POINT ( 'NONE',  ( 0.7527820092264928542, 0.9999606299212597804, -0.8206669462523641378 ) ) ;
#6595 = LINE ( 'NONE', #2012, #5024 ) ;
#6596 = ORIENTED_EDGE ( 'NONE', *, *, #920, .T. ) ;
#6597 = ORIENTED_EDGE ( 'NONE', *, *, #5657, .F. ) ;
#6598 = CARTESIAN_POINT ( 'NONE',  ( 0.6228228850796310168, 1.000000000000000000, -0.8158709587845451860 ) ) ;
#6599 = VECTOR ( 'NONE', #2896, 39.37007874015748143 ) ;
#6600 = B_SPLINE_CURVE_WITH_KNOTS ( 'NONE', 3,
 ( #4136, #5757, #4688, #1443, #1995, #6215, #1358 ),
 .UNSPECIFIED., .F., .F.,
 ( 4, 1, 1, 1, 4 ),
 ( 0.000000000000000000, 0.3127941251982871984, 0.5827301107661225776, 0.8109483712724621096, 1.000000000000000000 ),
 .UNSPECIFIED. ) ;
#6601 = ORIENTED_EDGE ( 'NONE', *, *, #3536, .F. ) ;
#6602 = ORIENTED_EDGE ( 'NONE', *, *, #4590, .T. ) ;
#6603 = CARTESIAN_POINT ( 'NONE',  ( 0.8770086713367366560, 0.9999999999999995559, -0.8670343786254018914 ) ) ;
#6604 = VECTOR ( 'NONE', #2828, 39.37007874015748143 ) ;
#6605 = CARTESIAN_POINT ( 'NONE',  ( 0.6087772477888061529, 1.000000000000000000, -0.8780027510771254429 ) ) ;
#6606 = CARTESIAN_POINT ( 'NONE',  ( 0.6492070135044262225, 1.000000000000000222, -0.8649333176124806011 ) ) ;
#6607 = CARTESIAN_POINT ( 'NONE',  ( 0.6639846845494006278, 1.000000000000000222, -0.8524462989516282674 ) ) ;
#6608 = EDGE_CURVE ( 'NONE', #6528, #5006, #4716, .T. ) ;
#6609 = CARTESIAN_POINT ( 'NONE',  ( 0.5572103846550993111, 0.9999606299212596694, -0.8577089365698691292 ) ) ;
#6610 = EDGE_CURVE ( 'NONE', #417, #267, #3861, .T. ) ;
#6611 = CARTESIAN_POINT ( 'NONE',  ( 0.6202716985600887911, 0.9999606299212595584, -0.8623241402846539838 ) ) ;
#6612 = CARTESIAN_POINT ( 'NONE',  ( 0.7701144065265195238, 0.9999999999999998890, -0.8830058032257509515 ) ) ;
#6613 = CARTESIAN_POINT ( 'NONE',  ( 0.7643483821859998750, 0.9999999999999996669, -0.8340143874491631193 ) ) ;
#6614 = CARTESIAN_POINT ( 'NONE',  ( 0.7377583413368189458, 1.000000000000000222, -0.8021804958728306900 ) ) ;
#6615 = ORIENTED_EDGE ( 'NONE', *, *, #3589, .T. ) ;
#6616 = DIRECTION ( 'NONE',  ( -1.000000000000000000, 0.000000000000000000, -2.220446049250312588E-16 ) ) ;
#6617 = AXIS2_PLACEMENT_3D ( 'NONE', #4738, #1388, #1361 ) ;
#6618 = ADVANCED_FACE ( 'NONE', ( #6128 ), #1978, .T. ) ;
#6619 = CARTESIAN_POINT ( 'NONE',  ( 0.8408313920581164114, 0.9999606299212597804, -0.8272189350485392723 ) ) ;
#6620 = APPROVAL_DATE_TIME ( #1624, #1192 ) ;
#6621 = CARTESIAN_POINT ( 'NONE',  ( 0.6333143308762795298, 0.9999606299212602245, -0.8232993218209845310 ) ) ;
#6622 = DIRECTION ( 'NONE',  ( 1.000000000000000000, 0.000000000000000000, 0.000000000000000000 ) ) ;
#6623 = CARTESIAN_POINT ( 'NONE',  ( 0.6078982677346296271, 1.000000000000000222, -0.7894019672889153183 ) ) ;
#6624 = VECTOR ( 'NONE', #1545, 39.37007874015748143 ) ;
#6625 = CARTESIAN_POINT ( 'NONE',  ( 0.5555662179330025374, 0.9999606299212598914, -0.8485611053096431267 ) ) ;
#6626 = PLANE ( 'NONE',  #3249 ) ;
#6627 = CARTESIAN_POINT ( 'NONE',  ( 0.8191650406486701286, 0.9999999999999995559, -0.7884939628495177821 ) ) ;
#6628 = DIRECTION ( 'NONE',  ( -1.000000000000000000, 0.000000000000000000, 0.000000000000000000 ) ) ;
#6629 = CARTESIAN_POINT ( 'NONE',  ( 0.7660048934891675598, 1.000000000000000222, -0.8623558288356970580 ) ) ;
#6630 = CARTESIAN_POINT ( 'NONE',  ( 0.7757107943059536881, 0.9999606299212596694, -0.8712407520041617337 ) ) ;
#6631 = VECTOR ( 'NONE', #6464, 39.37007874015748143 ) ;
#6632 = CARTESIAN_POINT ( 'NONE',  ( 0.000000000000000000, 1.000000000000000000, -0.9944322300693975158 ) ) ;
#6633 = B_SPLINE_CURVE_WITH_KNOTS ( 'NONE', 3,
 ( #3748, #6866, #1478, #3668, #415, #1534, #2084, #5311, #2040, #5850, #5898 ),
 .UNSPECIFIED., .F., .F.,
 ( 4, 1, 1, 1, 1, 1, 1, 1, 4 ),
 ( 0.000000000000000000, 0.1337850715093810983, 0.2593853989987147113, 0.3808217004101775438, 0.4995309368699202279, 0.6183575741441209583, 0.7398956903217168701, 0.8662956414442500863, 1.000000000000000000 ),
 .UNSPECIFIED. ) ;
#6634 = VERTEX_POINT ( 'NONE', #5283 ) ;
#6635 = CARTESIAN_POINT ( 'NONE',  ( 0.5047344984436151760, 0.9999606299212597804, -0.8299207660358928207 ) ) ;
#6636 = VECTOR ( 'NONE', #5348, 39.37007874015748143 ) ;
#6637 = CARTESIAN_POINT ( 'NONE',  ( 0.6186076074979468542, 1.000000000000000000, -0.8872442239902663674 ) ) ;
#6638 = EDGE_CURVE ( 'NONE', #5997, #1559, #3002, .T. ) ;
#6639 = VERTEX_POINT ( 'NONE', #5358 ) ;
#6640 = VERTEX_POINT ( 'NONE', #5873 ) ;
#6641 = VERTEX_POINT ( 'NONE', #410 ) ;
#6642 = CARTESIAN_POINT ( 'NONE',  ( 0.6604096109879394882, 0.9999999999999998890, -0.8578726677132449963 ) ) ;
#6643 = EDGE_CURVE ( 'NONE', #3821, #683, #13, .T. ) ;
#6644 = DIRECTION ( 'NONE',  ( -0.000000000000000000, 1.000000000000000000, -0.000000000000000000 ) ) ;
#6645 = CARTESIAN_POINT ( 'NONE',  ( 0.7870683348546001490, 0.9999606299212597804, -0.8167889596911959149 ) ) ;
#6646 = CARTESIAN_POINT ( 'NONE',  ( 0.5503118313162933539, 1.000000000000000222, -0.8385645700545302228 ) ) ;
#6647 = DIRECTION ( 'NONE',  ( -0.9899881280612247147, 0.000000000000000000, -0.1411506510712295104 ) ) ;
#6648 = ADVANCED_FACE ( 'NONE', ( #5900 ), #6402, .F. ) ;
#6649 = CARTESIAN_POINT ( 'NONE',  ( 0.7749666312247462940, 1.000000000000000222, -0.8737358404433144266 ) ) ;
#6650 = CARTESIAN_POINT ( 'NONE',  ( 0.8111322253087638323, 0.9999606299212593363, -0.8455842042894221589 ) ) ;
#6651 = CARTESIAN_POINT ( 'NONE',  ( 0.7434461156533098691, 1.000000000000000444, -0.8267404066867864998 ) ) ;
#6652 = CARTESIAN_POINT ( 'NONE',  ( 0.7520761277625507280, 1.000000000000000000, -0.8199159227476131573 ) ) ;
#6653 = CARTESIAN_POINT ( 'NONE',  ( 0.5430847435701688930, 0.9999606299212595584, -0.8476338165329216912 ) ) ;
#6654 = DIRECTION ( 'NONE',  ( 0.1464466094067274071, 0.4999999999999901745, 0.8535533905932793930 ) ) ;
#6655 = AXIS2_PLACEMENT_3D ( 'NONE', #6645, #3510, #227 ) ;
#6656 = CARTESIAN_POINT ( 'NONE',  ( 0.7428914314934005336, 0.9999606299212598914, -0.8906220900637549232 ) ) ;
#6657 = VERTEX_POINT ( 'NONE', #5841 ) ;
#6658 = LINE ( 'NONE', #3241, #5933 ) ;
#6659 = CARTESIAN_POINT ( 'NONE',  ( 0.8317407041565176851, 0.9999606299212597804, -0.8494571974196916120 ) ) ;
#6660 = LINE ( 'NONE', #865, #5180 ) ;
#6661 = AXIS2_PLACEMENT_3D ( 'NONE', #1826, #728, #1268 ) ;
#6662 = VECTOR ( 'NONE', #223, 39.37007874015748143 ) ;
#6663 = VERTEX_POINT ( 'NONE', #4800 ) ;
#6664 = CARTESIAN_POINT ( 'NONE',  ( 0.6496315538352936958, 0.9999606299212596694, -0.8697422488373888205 ) ) ;
#6665 = ORIENTED_EDGE ( 'NONE', *, *, #917, .F. ) ;
#6666 = CARTESIAN_POINT ( 'NONE',  ( 0.8130446892802037917, 1.000000000000000000, -0.7984044308086201136 ) ) ;
#6667 = VECTOR ( 'NONE', #190, 39.37007874015748143 ) ;
#6668 = CARTESIAN_POINT ( 'NONE',  ( 0.8170611933736137145, 0.9999999999999998890, -0.8561556184604214303 ) ) ;
#6669 = VERTEX_POINT ( 'NONE', #5333 ) ;
#6670 = CARTESIAN_POINT ( 'NONE',  ( 0.5461267592029824813, 0.9999999999999998890, -0.8347325727115483263 ) ) ;
#6671 = LINE ( 'NONE', #4482, #1074 ) ;
#6672 = CARTESIAN_POINT ( 'NONE',  ( 0.5454173292357670233, 0.9999606299212597804, -0.1495351693177177088 ) ) ;
#6673 = ORIENTED_EDGE ( 'NONE', *, *, #3190, .F. ) ;
#6674 = VECTOR ( 'NONE', #4450, 39.37007874015748143 ) ;
#6675 = CARTESIAN_POINT ( 'NONE',  ( 0.6132360483666740025, 0.9999606299212597804, -0.8023029358172020231 ) ) ;
#6676 = CARTESIAN_POINT ( 'NONE',  ( 0.8253147280072884451, 0.9999999999999998890, -0.8050138157358052160 ) ) ;
#6677 = EDGE_LOOP ( 'NONE', ( #3557, #528, #6758, #1745 ) ) ;
#6678 = CARTESIAN_POINT ( 'NONE',  ( 0.7761782938154014877, 0.9999606299212597804, -0.8686523912574353190 ) ) ;
#6679 = DIRECTION ( 'NONE',  ( -0.1502866523315007918, 0.000000000000000000, 0.9886424642564117793 ) ) ;
#6680 = B_SPLINE_CURVE_WITH_KNOTS ( 'NONE', 3,
 ( #3921, #718, #654, #1261, #6104, #623, #1306, #5204, #4027, #744, #1352 ),
 .UNSPECIFIED., .F., .F.,
 ( 4, 1, 1, 1, 1, 1, 1, 1, 4 ),
 ( 0.000000000000000000, 0.1626431852777583120, 0.3129011774167607118, 0.4532937951677720179, 0.5841302525373105459, 0.7028496076486201449, 0.8110576394281253654, 0.9105860842556654511, 1.000000000000000000 ),
 .UNSPECIFIED. ) ;
#6681 = ORIENTED_EDGE ( 'NONE', *, *, #5326, .F. ) ;
#6682 = CARTESIAN_POINT ( 'NONE',  ( 0.6126133221408956997, 0.9999999999999998890, -0.8770528758860777208 ) ) ;
#6683 = CARTESIAN_POINT ( 'NONE',  ( 0.005567769930602607317, 0.9921259842519684069, -0.9944322300693974048 ) ) ;
#6684 = VECTOR ( 'NONE', #4602, 39.37007874015748143 ) ;
#6685 = CARTESIAN_POINT ( 'NONE',  ( 0.7360430571224761964, 0.9999606299212601135, -0.8874039640064115275 ) ) ;
#6686 = ADVANCED_FACE ( 'NONE', ( #3595 ), #2757, .T. ) ;
#6687 = CARTESIAN_POINT ( 'NONE',  ( 0.6273265042318205698, 0.9999999999999998890, -0.8784434066740935965 ) ) ;
#6688 = CARTESIAN_POINT ( 'NONE',  ( 0.6522324700215528237, 0.9999606299212598914, -0.8774874777478672838 ) ) ;
#6689 = ORIENTED_EDGE ( 'NONE', *, *, #4056, .F. ) ;
#6690 = ORIENTED_EDGE ( 'NONE', *, *, #6391, .T. ) ;
#6691 = DIRECTION ( 'NONE',  ( -1.000000000000000000, 0.000000000000000000, 2.220446049250312588E-16 ) ) ;
#6692 = EDGE_CURVE ( 'NONE', #1909, #6284, #435, .T. ) ;
#6693 = ORIENTED_EDGE ( 'NONE', *, *, #1051, .F. ) ;
#6694 = CARTESIAN_POINT ( 'NONE',  ( 0.6633058361417558668, 1.000000000000000000, -0.8531232346274393308 ) ) ;
#6695 = CARTESIAN_POINT ( 'NONE',  ( 0.5066811870757106373, 0.9999606299212597804, -0.3332102154469469002 ) ) ;
#6696 = CARTESIAN_POINT ( 'NONE',  ( 0.6669056890068546517, 0.9999606299212597804, -0.4935145128993084218 ) ) ;
#6697 = CARTESIAN_POINT ( 'NONE',  ( 0.8123493432103897627, 0.9999999999999998890, -0.8560445803690532873 ) ) ;
#6698 = CARTESIAN_POINT ( 'NONE',  ( 0.6228277477735760792, 0.9999606299212598914, -0.7941589578937484628 ) ) ;
#6699 = CARTESIAN_POINT ( 'NONE',  ( 0.6131742180266165354, 1.000000000000000222, -0.8500077761092023065 ) ) ;
#6700 = CARTESIAN_POINT ( 'NONE',  ( 0.6597068913198131934, 0.9999606299212597804, -0.8642761429967594777 ) ) ;
#6701 = CALENDAR_DATE ( 2021, 1, 12 ) ;
#6702 = CARTESIAN_POINT ( 'NONE',  ( 0.7428914314934005336, 1.000000000000000222, -0.8906220900637549232 ) ) ;
#6703 = AXIS2_PLACEMENT_3D ( 'NONE', #4313, #1562, #5973 ) ;
#6704 = EDGE_CURVE ( 'NONE', #3301, #1272, #2143, .T. ) ;
#6705 = DIRECTION ( 'NONE',  ( 0.000000000000000000, 0.000000000000000000, -1.000000000000000000 ) ) ;
#6706 = FACE_OUTER_BOUND ( 'NONE', #1120, .T. ) ;
#6707 = CARTESIAN_POINT ( 'NONE',  ( 0.6492515295403380460, 0.9999606299212601135, -0.8668852882146558247 ) ) ;
#6708 = CARTESIAN_POINT ( 'NONE',  ( 0.6718673049670507158, 1.000000000000000222, -0.8012446319307104936 ) ) ;
#6709 = CARTESIAN_POINT ( 'NONE',  ( 0.5030847303827993278, 1.000000000000000000, -0.1002102154469468043 ) ) ;
#6710 = VERTEX_POINT ( 'NONE', #264 ) ;
#6711 = CARTESIAN_POINT ( 'NONE',  ( 0.007874015748031584425, 0.000000000000000000, -0.9809904443907626614 ) ) ;
#6712 = FACE_OUTER_BOUND ( 'NONE', #3225, .T. ) ;
#6713 = ADVANCED_FACE ( 'NONE', ( #6796 ), #746, .T. ) ;
#6714 = ORIENTED_EDGE ( 'NONE', *, *, #3993, .T. ) ;
#6715 = CARTESIAN_POINT ( 'NONE',  ( 0.6933746849295332471, 1.000000000000000000, -0.8023939109661617497 ) ) ;
#6716 = CARTESIAN_POINT ( 'NONE',  ( 0.5047344984436151760, 0.9999606299212597804, -0.7892121663673321574 ) ) ;
#6717 = ORIENTED_EDGE ( 'NONE', *, *, #3401, .F. ) ;
#6718 = CARTESIAN_POINT ( 'NONE',  ( 0.6206037686288503608, 0.9999606299212595584, -0.8287138894630317054 ) ) ;
#6719 = CARTESIAN_POINT ( 'NONE',  ( 0.5572617238224032432, 0.9999606299212598914, -0.8610267323148937946 ) ) ;
#6720 = B_SPLINE_CURVE_WITH_KNOTS ( 'NONE', 3,
 ( #4486, #1677, #1, #2295, #2765, #20, #5500, #2832, #1720, #6053, #4991 ),
 .UNSPECIFIED., .F., .F.,
 ( 4, 1, 1, 1, 1, 1, 1, 1, 4 ),
 ( 0.000000000000000000, 0.1134955418346445255, 0.2259989297760152116, 0.3392690985223860700, 0.4584033987388568265, 0.5828288938708738876, 0.7128865688815807511, 0.8512114562531178930, 1.000000000000000000 ),
 .UNSPECIFIED. ) ;
#6721 = CARTESIAN_POINT ( 'NONE',  ( 0.5047344984436151760, 0.9999606299212597804, -0.8299207660358928207 ) ) ;
#6722 = CARTESIAN_POINT ( 'NONE',  ( 0.6037089976507852285, 0.9999606299212598914, -0.7892156201477802391 ) ) ;
#6723 = CARTESIAN_POINT ( 'NONE',  ( 0.6498292647742284212, 0.9999999999999996669, -0.8575236235957504061 ) ) ;
#6724 = DIRECTION ( 'NONE',  ( -0.8754645270000107615, 0.000000000000000000, 0.4832823832550152132 ) ) ;
#6725 = CARTESIAN_POINT ( 'NONE',  ( 0.7379629501358914156, 0.9999606299212593363, -0.8742638583198655278 ) ) ;
#6726 = EDGE_LOOP ( 'NONE', ( #2857, #1929, #1836, #4430, #4163 ) ) ;
#6727 = ORIENTED_EDGE ( 'NONE', *, *, #2892, .T. ) ;
#6728 = CARTESIAN_POINT ( 'NONE',  ( 0.8408313920581164114, 0.9999606299212597804, -0.8272189350485392723 ) ) ;
#6729 = EDGE_CURVE ( 'NONE', #3481, #2077, #2216, .T. ) ;
#6730 = ORIENTED_EDGE ( 'NONE', *, *, #2854, .T. ) ;
#6731 = EDGE_CURVE ( 'NONE', #4003, #4673, #1542, .T. ) ;
#6732 = PLANE ( 'NONE',  #6310 ) ;
#6733 = CARTESIAN_POINT ( 'NONE',  ( 0.6570999704030301425, 1.000000000000000000, -0.8839185404004011870 ) ) ;
#6734 = EDGE_CURVE ( 'NONE', #2790, #1076, #5220, .T. ) ;
#6735 = CARTESIAN_POINT ( 'NONE',  ( 0.6780127659512521499, 0.9999606299212598914, -0.7998203569479919173 ) ) ;
#6736 = CARTESIAN_POINT ( 'NONE',  ( 0.6179632165940552868, 0.9999606299212597804, -0.8540365773140662364 ) ) ;
#6737 = ORIENTED_EDGE ( 'NONE', *, *, #6033, .F. ) ;
#6738 = CARTESIAN_POINT ( 'NONE',  ( 0.5335664370073726070, 0.9999606299212597804, -0.8899897278663101430 ) ) ;
#6739 = DIRECTION ( 'NONE',  ( -0.7071067811865412445, -0.7071067811865536790, 0.000000000000000000 ) ) ;
#6740 = CARTESIAN_POINT ( 'NONE',  ( 0.7976804099700207651, 0.9999606299212598914, -0.8173002919053251603 ) ) ;
#6741 = LINE ( 'NONE', #4696, #5346 ) ;
#6742 = PLANE ( 'NONE',  #4440 ) ;
#6743 = DIRECTION ( 'NONE',  ( -0.8754645270000107615, -0.000000000000000000, 0.4832823832550152132 ) ) ;
#6744 = LINE ( 'NONE', #1738, #1302 ) ;
#6745 = EDGE_LOOP ( 'NONE', ( #2271, #4529, #6596, #4227 ) ) ;
#6746 = DIRECTION ( 'NONE',  ( -0.000000000000000000, 1.000000000000000000, -0.000000000000000000 ) ) ;
#6747 = CARTESIAN_POINT ( 'NONE',  ( 0.6096103213310813951, 0.9999606299212601135, -0.8899365092846007741 ) ) ;
#6748 = LINE ( 'NONE', #141, #5095 ) ;
#6749 = CARTESIAN_POINT ( 'NONE',  ( 0.6572993517122300844, 1.000000000000000000, -0.8447063485976692432 ) ) ;
#6750 = CARTESIAN_POINT ( 'NONE',  ( 0.7014205899378095355, 0.9999606299212597804, -0.8133699969989833800 ) ) ;
#6751 = ORIENTED_EDGE ( 'NONE', *, *, #6881, .F. ) ;
#6752 = CARTESIAN_POINT ( 'NONE',  ( 0.5066811870757106373, 0.9999606299212597804, -0.3332102154469469002 ) ) ;
#6753 = CARTESIAN_POINT ( 'NONE',  ( 0.7362690325568378436, 0.9999606299212596694, -0.8709527415770058623 ) ) ;
#6754 = VECTOR ( 'NONE', #5138, 39.37007874015748143 ) ;
#6755 = FACE_OUTER_BOUND ( 'NONE', #1009, .T. ) ;
#6756 = CARTESIAN_POINT ( 'NONE',  ( 0.6785257480367141714, 0.9999606299212597804, -0.8916402558559686220 ) ) ;
#6757 = ADVANCED_FACE ( 'NONE', ( #4983 ), #2385, .F. ) ;
#6758 = ORIENTED_EDGE ( 'NONE', *, *, #2864, .F. ) ;
#6759 = LINE ( 'NONE', #5163, #2798 ) ;
#6760 = CARTESIAN_POINT ( 'NONE',  ( 0.7505660169058252507, 0.9999606299212597804, -0.8811348107802109419 ) ) ;
#6761 = EDGE_LOOP ( 'NONE', ( #1276, #748, #860, #1855 ) ) ;
#6762 = CARTESIAN_POINT ( 'NONE',  ( 0.5556399471804420731, 1.000000000000000444, -0.8727708921553501975 ) ) ;
#6763 = ORIENTED_EDGE ( 'NONE', *, *, #3508, .F. ) ;
#6764 = DIRECTION ( 'NONE',  ( -0.000000000000000000, 1.000000000000000000, -0.000000000000000000 ) ) ;
#6765 = DIRECTION ( 'NONE',  ( -0.8754645270000206425, 0.000000000000000000, -0.4832823832549972831 ) ) ;
#6766 = LINE ( 'NONE', #5392, #3990 ) ;
#6767 = CARTESIAN_POINT ( 'NONE',  ( 0.7345481399209000672, 1.000000000000000000, -0.8609453504331833207 ) ) ;
#6768 = CARTESIAN_POINT ( 'NONE',  ( 0.6879180705894645254, 1.000000000000000222, -0.8003507755660881351 ) ) ;
#6769 = CARTESIAN_POINT ( 'NONE',  ( 0.9921259842519685179, 0.000000000000000000, -1.350490164808969739E-16 ) ) ;
#6770 = CARTESIAN_POINT ( 'NONE',  ( 0.6022725610886624503, 0.9999606299212601135, -0.8364871323983357199 ) ) ;
#6771 = CARTESIAN_POINT ( 'NONE',  ( 0.8367236643178307398, 0.9999606299212596694, -0.8039040955710897718 ) ) ;
#6772 = B_SPLINE_CURVE_WITH_KNOTS ( 'NONE', 3,
 ( #4455, #4961, #2212, #2773, #2819, #3329, #583, #1127, #6043, #2795, #2254, #4981, #1683, #5507, #7056, #2280, #6078, #6700, #6571 ),
 .UNSPECIFIED., .F., .F.,
 ( 4, 1, 1, 1, 1, 1, 1, 1, 1, 1, 1, 1, 1, 1, 1, 1, 4 ),
 ( 0.000000000000000000, 0.08042359312846913966, 0.1554478660209125118, 0.2274865779056489401, 0.2949489652405917206, 0.3597986509905204411, 0.4210200219417463696, 0.4819019994984987676, 0.5406082872412757423, 0.5984821386513649033, 0.6551515363375468581, 0.7102010032718264476, 0.7655971895723555631, 0.8217224591483812679, 0.8791641554936628911, 0.9383687171181147590, 1.000000000000000000 ),
 .UNSPECIFIED. ) ;
#6773 = ORIENTED_EDGE ( 'NONE', *, *, #1471, .T. ) ;
#6774 = CARTESIAN_POINT ( 'NONE',  ( 0.8404856034602981030, 1.000000000000000222, -0.8165722899721367112 ) ) ;
#6775 = CARTESIAN_POINT ( 'NONE',  ( 0.6102475980942227984, 0.9999606299212597804, -0.7896394250322061881 ) ) ;
#6776 = CARTESIAN_POINT ( 'NONE',  ( 0.6755012217690766763, 1.000000000000000000, -0.8364270270240657945 ) ) ;
#6777 = DIRECTION ( 'NONE',  ( 0.8635020557528491070, 0.4511001660036090266, 0.2255500830018017933 ) ) ;
#6778 = CARTESIAN_POINT ( 'NONE',  ( 0.5055677699306025952, 0.000000000000000000, -0.5055677699306025952 ) ) ;
#6779 = CARTESIAN_POINT ( 'NONE',  ( 0.6745091291578042547, 1.000000000000000000, -0.8795543512288385157 ) ) ;
#6780 = ORIENTED_EDGE ( 'NONE', *, *, #4973, .T. ) ;
#6781 = EDGE_CURVE ( 'NONE', #3791, #1854, #6552, .T. ) ;
#6782 = CARTESIAN_POINT ( 'NONE',  ( 0.8399435030130631974, 0.9999606299212601135, -0.8339467881694069273 ) ) ;
#6783 = CARTESIAN_POINT ( 'NONE',  ( 0.7356345055456632309, 1.000000000000000222, -0.8690738448904549163 ) ) ;
#6784 = CARTESIAN_POINT ( 'NONE',  ( 0.8245866731894526680, 0.9999999999999998890, -0.7904706051175182102 ) ) ;
#6785 = ORIENTED_EDGE ( 'NONE', *, *, #1874, .T. ) ;
#6786 = CARTESIAN_POINT ( 'NONE',  ( 0.6752942764194443948, 1.000000000000000222, -0.8915760465103962362 ) ) ;
#6787 = PLANE ( 'NONE',  #657 ) ;
#6788 = LOCAL_TIME ( 13, 34, 37.00000000000000000, #1698 ) ;
#6789 = CARTESIAN_POINT ( 'NONE',  ( 0.5467562787466455632, 0.9999606299212597804, -0.8604727342347268104 ) ) ;
#6790 = CARTESIAN_POINT ( 'NONE',  ( 0.6790592276694675800, 0.9999606299212597804, -0.8467048560202086183 ) ) ;
#6791 = EDGE_CURVE ( 'NONE', #1191, #4945, #843, .T. ) ;
#6792 = ADVANCED_FACE ( 'NONE', ( #1348 ), #6732, .F. ) ;
#6793 = CARTESIAN_POINT ( 'NONE',  ( 0.8050630132363176816, 0.9999606299212597804, -0.8771952688768018813 ) ) ;
#6794 = CARTESIAN_POINT ( 'NONE',  ( 0.6124492371076710739, 1.000000000000000222, -0.7899769259086102391 ) ) ;
#6795 = CARTESIAN_POINT ( 'NONE',  ( 0.7765628897788425800, 1.000000000000000000, -0.7892121663673321574 ) ) ;
#6796 = FACE_OUTER_BOUND ( 'NONE', #4631, .T. ) ;
#6797 = CARTESIAN_POINT ( 'NONE',  ( 0.5454173292357670233, 0.9999606299212597804, -0.1495351693177177088 ) ) ;
#6798 = PLANE ( 'NONE',  #1441 ) ;
#6799 = CARTESIAN_POINT ( 'NONE',  ( 0.5717067108015697618, 0.9999606299212597804, -0.8903270752214988981 ) ) ;
#6800 = CARTESIAN_POINT ( 'NONE',  ( 0.6314484695946720461, 1.000000000000000444, -0.8312589230155386089 ) ) ;
#6801 = CARTESIAN_POINT ( 'NONE',  ( 0.01900955560923613813, 0.000000000000000000, -0.9921259842519690730 ) ) ;
#6802 = CARTESIAN_POINT ( 'NONE',  ( 0.9999999999999998890, 0.9921259842519688510, -1.365923996832131609E-16 ) ) ;
#6803 = VECTOR ( 'NONE', #3717, 39.37007874015748143 ) ;
#6804 = AXIS2_PLACEMENT_3D ( 'NONE', #1025, #1570, #5401 ) ;
#6805 = DIRECTION ( 'NONE',  ( -0.000000000000000000, 1.000000000000000000, -0.000000000000000000 ) ) ;
#6806 = CARTESIAN_POINT ( 'NONE',  ( 0.8210651023810849880, 0.9999606299212595584, -0.8556761094458823491 ) ) ;
#6807 = CARTESIAN_POINT ( 'NONE',  ( 0.5047344984436151760, 1.000000000000000000, -0.8785084495112716052 ) ) ;
#6808 = CARTESIAN_POINT ( 'NONE',  ( 0.8162455670767237992, 1.000000000000000000, -0.8561843787252867433 ) ) ;
#6809 = ORIENTED_EDGE ( 'NONE', *, *, #3129, .T. ) ;
#6810 = CARTESIAN_POINT ( 'NONE',  ( 0.5494313111633191138, 1.000000000000000222, -0.8833366556138465553 ) ) ;
#6811 = ORIENTED_EDGE ( 'NONE', *, *, #2761, .T. ) ;
#6812 = CARTESIAN_POINT ( 'NONE',  ( 0.5418496593508164150, 0.9999606299212596694, -0.8746142363534465947 ) ) ;
#6813 = ORIENTED_EDGE ( 'NONE', *, *, #3825, .T. ) ;
#6814 = ORIENTED_EDGE ( 'NONE', *, *, #869, .T. ) ;
#6815 = DIRECTION ( 'NONE',  ( -1.000000000000000000, 0.000000000000000000, 0.000000000000000000 ) ) ;
#6816 = DIRECTION ( 'NONE',  ( -0.000000000000000000, 0.000000000000000000, -1.000000000000000000 ) ) ;
#6817 = CARTESIAN_POINT ( 'NONE',  ( 0.9921259842519685179, 1.000000000000000000, -0.01900955560923721019 ) ) ;
#6818 = CARTESIAN_POINT ( 'NONE',  ( 0.6533953228602225050, 1.000000000000000000, -0.8491802357443022364 ) ) ;
#6819 = ORIENTED_EDGE ( 'NONE', *, *, #4041, .F. ) ;
#6820 = CARTESIAN_POINT ( 'NONE',  ( 0.8579800891159637954, 0.9999606299212597804, -0.8653766431665746994 ) ) ;
#6821 = DIRECTION ( 'NONE',  ( -1.000000000000000000, 0.000000000000000000, 0.000000000000000000 ) ) ;
#6822 = CARTESIAN_POINT ( 'NONE',  ( 0.7232278502862382608, 1.000000000000000000, -0.7949258532059307880 ) ) ;
#6823 = CARTESIAN_POINT ( 'NONE',  ( 0.8408345578505146412, 1.000000000000000000, -0.8200644907502592229 ) ) ;
#6824 = CARTESIAN_POINT ( 'NONE',  ( 0.6596898133110393747, 1.000000000000000000, -0.8636941304786603935 ) ) ;
#6825 = ADVANCED_FACE ( 'NONE', ( #6982 ), #2746, .T. ) ;
#6826 = CARTESIAN_POINT ( 'NONE',  ( 0.9921259842519684069, 0.007874015748031175030, -1.000000000000000222 ) ) ;
#6827 = CARTESIAN_POINT ( 'NONE',  ( 0.7345618199175575347, 0.9999606299212596694, -0.8625437068443827515 ) ) ;
#6828 = CARTESIAN_POINT ( 'NONE',  ( 0.5267302740709826070, 1.000000000000000000, -0.8417393917461201136 ) ) ;
#6829 = CARTESIAN_POINT ( 'NONE',  ( 0.5548821937111297897, 1.000000000000000000, -0.8748126772757981451 ) ) ;
#6830 = EDGE_CURVE ( 'NONE', #6565, #1278, #3507, .T. ) ;
#6831 = VERTEX_POINT ( 'NONE', #2963 ) ;
#6832 = CARTESIAN_POINT ( 'NONE',  ( 0.7061398606158038049, 0.9999606299212601135, -0.8349144278522555584 ) ) ;
#6833 = FACE_OUTER_BOUND ( 'NONE', #5916, .T. ) ;
#6834 = CARTESIAN_POINT ( 'NONE',  ( 0.9999999999999996669, 0.007874015748031175030, -0.9921259842519689620 ) ) ;
#6835 = CARTESIAN_POINT ( 'NONE',  ( 0.5822121558773274419, 0.9999606299212597804, -0.8364866692082413291 ) ) ;
#6836 = DIRECTION ( 'NONE',  ( -0.9922778767136675171, 0.000000000000000000, 0.1240347345892100356 ) ) ;
#6837 = LINE ( 'NONE', #3046, #3463 ) ;
#6838 = LINE ( 'NONE', #2109, #5756 ) ;
#6839 = EDGE_LOOP ( 'NONE', ( #1753, #2318, #688 ) ) ;
#6840 = ORIENTED_EDGE ( 'NONE', *, *, #6456, .F. ) ;
#6841 = FACE_OUTER_BOUND ( 'NONE', #5173, .T. ) ;
#6842 = CARTESIAN_POINT ( 'NONE',  ( 0.6022725610886624503, 1.000000000000000222, -0.8364871323983357199 ) ) ;
#6843 = VECTOR ( 'NONE', #3236, 39.37007874015748143 ) ;
#6844 = CARTESIAN_POINT ( 'NONE',  ( 0.6572993517122300844, 0.9999606299212597804, -0.8447063485976692432 ) ) ;
#6845 = CARTESIAN_POINT ( 'NONE',  ( 0.7685157522959098486, 0.9999999999999998890, -0.8395957786717709315 ) ) ;
#6846 = EDGE_CURVE ( 'NONE', #6973, #1567, #568, .T. ) ;
#6847 = ORIENTED_EDGE ( 'NONE', *, *, #514, .F. ) ;
#6848 = CARTESIAN_POINT ( 'NONE',  ( 0.6668484245860077930, 0.9999606299212597804, -0.8506961865826445646 ) ) ;
#6849 = DIRECTION ( 'NONE',  ( -0.4832823832550036669, -0.000000000000000000, 0.8754645270000170898 ) ) ;
#6850 = ORIENTED_EDGE ( 'NONE', *, *, #3239, .T. ) ;
#6851 = CARTESIAN_POINT ( 'NONE',  ( 0.9999999999999998890, 0.9921259842519688510, -1.365923996832131609E-16 ) ) ;
#6852 = CARTESIAN_POINT ( 'NONE',  ( 0.6465580069663424689, 1.000000000000000000, -0.8220416822290746994 ) ) ;
#6853 = ORIENTED_EDGE ( 'NONE', *, *, #2595, .F. ) ;
#6854 = DIRECTION ( 'NONE',  ( -0.000000000000000000, 1.000000000000000000, -0.000000000000000000 ) ) ;
#6855 = CARTESIAN_POINT ( 'NONE',  ( 0.5315297334727591139, 0.9999999999999996669, -0.8419882865091842250 ) ) ;
#6856 = VECTOR ( 'NONE', #436, 39.37007874015748854 ) ;
#6857 = CARTESIAN_POINT ( 'NONE',  ( 0.6917032025074838497, 0.9999606299212596694, -0.8015395794740604041 ) ) ;
#6858 = CARTESIAN_POINT ( 'NONE',  ( 0.6160894753258195911, 0.9999606299212601135, -0.8335992047502248647 ) ) ;
#6859 = CARTESIAN_POINT ( 'NONE',  ( 0.8369691989644486574, 1.000000000000000000, -0.8890138945870291742 ) ) ;
#6860 = CARTESIAN_POINT ( 'NONE',  ( 0.7988869605648273309, 1.000000000000000000, -0.8357069682065249028 ) ) ;
#6861 = CARTESIAN_POINT ( 'NONE',  ( 0.6951848192596311593, 1.000000000000000222, -0.8421157516830495293 ) ) ;
#6862 = DIRECTION ( 'NONE',  ( 0.000000000000000000, 0.000000000000000000, 1.000000000000000000 ) ) ;
#6863 = VERTEX_POINT ( 'NONE', #3506 ) ;
#6864 = ADVANCED_FACE ( 'NONE', ( #4464 ), #4088, .F. ) ;
#6865 = CARTESIAN_POINT ( 'NONE',  ( 0.000000000000000000, 0.007874015748031721468, -1.000000000000000000 ) ) ;
#6866 = CARTESIAN_POINT ( 'NONE',  ( 0.6978530702468556113, 1.000000000000000222, -0.8408982155253648116 ) ) ;
#6867 = DIRECTION ( 'NONE',  ( 0.7071067811865474617, 0.000000000000000000, 0.7071067811865474617 ) ) ;
#6868 = VERTEX_POINT ( 'NONE', #6398 ) ;
#6869 = CARTESIAN_POINT ( 'NONE',  ( 0.6592654049371046154, 1.000000000000000000, -0.8431175235250665256 ) ) ;
#6870 = CARTESIAN_POINT ( 'NONE',  ( 0.1003966783382542194, 0.9999606299212597804, -0.4935989121866296570 ) ) ;
#6871 = DIRECTION ( 'NONE',  ( 0.000000000000000000, 0.7071067811865414665, -0.7071067811865535679 ) ) ;
#6872 = ORIENTED_EDGE ( 'NONE', *, *, #3064, .F. ) ;
#6873 = EDGE_CURVE ( 'NONE', #41, #1552, #5396, .T. ) ;
#6874 = CARTESIAN_POINT ( 'NONE',  ( 0.6790592276694676910, 0.9999606299212598914, -0.8467048560202088403 ) ) ;
#6875 = CARTESIAN_POINT ( 'NONE',  ( 0.6306985527556340232, 0.9999999999999998890, -0.8615936849225361849 ) ) ;
#6876 = EDGE_CURVE ( 'NONE', #1278, #5383, #2057, .T. ) ;
#6877 = DIRECTION ( 'NONE',  ( 1.000000000000000000, 0.000000000000000000, 0.000000000000000000 ) ) ;
#6878 = CARTESIAN_POINT ( 'NONE',  ( 0.6614396022649267071, 1.000000000000000000, -0.8554232751731447593 ) ) ;
#6879 = ORIENTED_EDGE ( 'NONE', *, *, #272, .T. ) ;
#6880 = CARTESIAN_POINT ( 'NONE',  ( 0.000000000000000000, 0.9999606299212597804, 0.000000000000000000 ) ) ;
#6881 = EDGE_CURVE ( 'NONE', #5383, #1237, #5134, .T. ) ;
#6882 = DIRECTION ( 'NONE',  ( -0.7071067811865580088, -0.4999999999999969469, -0.4999999999999882871 ) ) ;
#6883 = CARTESIAN_POINT ( 'NONE',  ( 0.6990852323451304251, 1.000000000000000000, -0.8601239206286958039 ) ) ;
#6884 = CARTESIAN_POINT ( 'NONE',  ( 0.8390650614201082824, 0.9999606299212597804, -0.8099828641552212494 ) ) ;
#6885 = CALENDAR_DATE ( 2021, 1, 12 ) ;
#6886 = DIRECTION ( 'NONE',  ( 0.000000000000000000, 0.000000000000000000, -1.000000000000000000 ) ) ;
#6887 = CARTESIAN_POINT ( 'NONE',  ( 0.7083554720258721238, 0.9999606299212595584, -0.8319801185870843163 ) ) ;
#6888 = CARTESIAN_POINT ( 'NONE',  ( 0.8821759544478553483, 0.9999606299212596694, -0.8904785207707350825 ) ) ;
#6889 = CARTESIAN_POINT ( 'NONE',  ( 0.5467329420601512169, 1.000000000000000222, -0.8614596693637011082 ) ) ;
#6890 = CARTESIAN_POINT ( 'NONE',  ( 0.6597068913198131934, 0.9999606299212597804, -0.8642761429967594777 ) ) ;
#6891 = CARTESIAN_POINT ( 'NONE',  ( 0.6988578827821755324, 1.000000000000000222, -0.8625093308726275998 ) ) ;
#6892 = LINE ( 'NONE', #4401, #6631 ) ;
#6893 = DIRECTION ( 'NONE',  ( 0.000000000000000000, 0.000000000000000000, 1.000000000000000000 ) ) ;
#6894 = CARTESIAN_POINT ( 'NONE',  ( 0.6803724083039373038, 1.000000000000000000, -0.7878989857328625446 ) ) ;
#6895 = ORIENTED_EDGE ( 'NONE', *, *, #174, .F. ) ;
#6896 = CARTESIAN_POINT ( 'NONE',  ( 0.5415856299984210809, 0.9999606299212597804, -0.8883778227172078878 ) ) ;
#6897 = AXIS2_PLACEMENT_3D ( 'NONE', #2002, #376, #4223 ) ;
#6898 = LINE ( 'NONE', #6835, #2756 ) ;
#6899 = CARTESIAN_POINT ( 'NONE',  ( 0.7539625600978226982, 0.9999606299212601135, -0.8915519976518780920 ) ) ;
#6900 = CARTESIAN_POINT ( 'NONE',  ( 0.7122170386898273309, 0.9999606299212597804, -0.8173429577713626770 ) ) ;
#6901 = CARTESIAN_POINT ( 'NONE',  ( 0.5260736837537477451, 1.000000000000000000, -0.8299207660358928207 ) ) ;
#6902 = CARTESIAN_POINT ( 'NONE',  ( 0.7636345360901121149, 0.9999606299212593363, -0.8526478818462309706 ) ) ;
#6903 = CARTESIAN_POINT ( 'NONE',  ( 0.5253760565416858430, 1.000000000000000000, -0.8903270752214988981 ) ) ;
#6904 = EDGE_LOOP ( 'NONE', ( #1506, #1167, #1590, #955, #2778, #1415, #2313, #2672 ) ) ;
#6905 = CARTESIAN_POINT ( 'NONE',  ( 0.6262873077361971186, 0.9999606299212595584, -0.8498957523883271525 ) ) ;
#6906 = CARTESIAN_POINT ( 'NONE',  ( 0.7016450209108158198, 1.000000000000000000, -0.8191768156799559275 ) ) ;
#6907 = ORIENTED_EDGE ( 'NONE', *, *, #4884, .F. ) ;
#6908 = CARTESIAN_POINT ( 'NONE',  ( 0.7765453672368547444, 0.9999606299212597804, -0.8624899443308079450 ) ) ;
#6909 = CARTESIAN_POINT ( 'NONE',  ( 0.7879252927544552199, 0.9999606299212597804, -0.8104116514621957368 ) ) ;
#6910 = AXIS2_PLACEMENT_3D ( 'NONE', #5608, #181, #2333 ) ;
#6911 = CARTESIAN_POINT ( 'NONE',  ( 0.6791263205036227601, 0.9999606299212598914, -0.7879251149160769740 ) ) ;
#6912 = CARTESIAN_POINT ( 'NONE',  ( 0.8116548194316139941, 0.9999606299212596694, -0.7984545849793914796 ) ) ;
#6913 = CARTESIAN_POINT ( 'NONE',  ( 0.8181159161351605480, 0.9999606299212595584, -0.7992905953222593229 ) ) ;
#6914 = CARTESIAN_POINT ( 'NONE',  ( 0.6503512504552305673, 0.9999606299212593363, -0.8049086846567531373 ) ) ;
#6915 = EDGE_LOOP ( 'NONE', ( #3033, #3107, #1233, #1882 ) ) ;
#6916 = ORIENTED_EDGE ( 'NONE', *, *, #1649, .F. ) ;
#6917 = CARTESIAN_POINT ( 'NONE',  ( 0.5822121558773274419, 0.9999606299212597804, -0.8010307920775594503 ) ) ;
#6918 = CARTESIAN_POINT ( 'NONE',  ( 0.8131472815172716695, 0.9999606299212596694, -0.7878989857328625446 ) ) ;
#6919 = VERTEX_POINT ( 'NONE', #2050 ) ;
#6920 = CARTESIAN_POINT ( 'NONE',  ( 0.6597403748936765400, 0.9999606299212597804, -0.8654172513892708363 ) ) ;
#6921 = CARTESIAN_POINT ( 'NONE',  ( 0.6990852323451304251, 1.000000000000000000, -0.8601239206286958039 ) ) ;
#6922 = DIRECTION ( 'NONE',  ( -0.9922778767136675171, 0.000000000000000000, -0.1240347345892100356 ) ) ;
#6923 = CARTESIAN_POINT ( 'NONE',  ( 0.5265250895968467404, 1.000000000000000000, -0.8785084495112716052 ) ) ;
#6924 = CARTESIAN_POINT ( 'NONE',  ( 0.6334262006216457852, 0.9999606299212598914, -0.8189023597747957517 ) ) ;
#6925 = CARTESIAN_POINT ( 'NONE',  ( 0.6966230186554996928, 0.9999606299212597804, -0.8414931703771569849 ) ) ;
#6926 = ORIENTED_EDGE ( 'NONE', *, *, #1413, .T. ) ;
#6927 = CARTESIAN_POINT ( 'NONE',  ( 0.7765442920983791630, 0.9999606299212598914, -0.8642081370348891900 ) ) ;
#6928 = DIRECTION ( 'NONE',  ( 0.5773502691896157391, -0.5773502691896358341, -0.5773502691896259531 ) ) ;
#6929 = EDGE_CURVE ( 'NONE', #1752, #4075, #1111, .T. ) ;
#6930 = CARTESIAN_POINT ( 'NONE',  ( 0.6593637466283008841, 1.000000000000000000, -0.8128429045682378229 ) ) ;
#6931 = CARTESIAN_POINT ( 'NONE',  ( 0.6262873077361971186, 0.9999999999999996669, -0.8498957523883271525 ) ) ;
#6932 = DIRECTION ( 'NONE',  ( -0.8754645270000186441, 0.000000000000000000, 0.4832823832550008913 ) ) ;
#6933 = CARTESIAN_POINT ( 'NONE',  ( 0.6956073509295939150, 1.000000000000000000, -0.8292977834805598247 ) ) ;
#6934 = LINE ( 'NONE', #3648, #2794 ) ;
#6935 = LINE ( 'NONE', #6154, #5509 ) ;
#6936 = CARTESIAN_POINT ( 'NONE',  ( 0.7095095208052704105, 0.9999606299212597804, -0.8629318676783394038 ) ) ;
#6937 = CARTESIAN_POINT ( 'NONE',  ( 0.7935714380775038546, 0.9999606299212593363, -0.7975396947954325189 ) ) ;
#6938 = ORIENTED_EDGE ( 'NONE', *, *, #1512, .F. ) ;
#6939 = LINE ( 'NONE', #1813, #1492 ) ;
#6940 = CARTESIAN_POINT ( 'NONE',  ( 0.8089677342692325190, 0.9999606299212601135, -0.7990550667118301309 ) ) ;
#6941 = CARTESIAN_POINT ( 'NONE',  ( 0.8304032957921000380, 0.9999606299212597804, -0.8230676045997541435 ) ) ;
#6942 = ORIENTED_EDGE ( 'NONE', *, *, #4725, .F. ) ;
#6943 = VECTOR ( 'NONE', #1124, 39.37007874015748143 ) ;
#6944 = EDGE_CURVE ( 'NONE', #706, #5119, #5551, .T. ) ;
#6945 = VECTOR ( 'NONE', #5342, 39.37007874015748143 ) ;
#6946 = DIRECTION ( 'NONE',  ( -1.000000000000000000, 0.000000000000000000, 0.000000000000000000 ) ) ;
#6947 = CARTESIAN_POINT ( 'NONE',  ( 0.9999999999999998890, 0.007874015748031175030, -0.007874015748032028514 ) ) ;
#6948 = ORIENTED_EDGE ( 'NONE', *, *, #552, .F. ) ;
#6949 = VECTOR ( 'NONE', #5940, 39.37007874015748143 ) ;
#6950 = CARTESIAN_POINT ( 'NONE',  ( 0.6910829291551359166, 1.000000000000000222, -0.8316094542858193384 ) ) ;
#6951 = ORIENTED_EDGE ( 'NONE', *, *, #4433, .T. ) ;
#6952 = CARTESIAN_POINT ( 'NONE',  ( 0.5533676662915243405, 0.9999606299212601135, -0.8432520260570017800 ) ) ;
#6953 = ORIENTED_EDGE ( 'NONE', *, *, #220, .F. ) ;
#6954 = CARTESIAN_POINT ( 'NONE',  ( 0.8041229869834248811, 0.9999999999999998890, -0.8021128305268589997 ) ) ;
#6955 = LINE ( 'NONE', #6563, #1157 ) ;
#6956 = AXIS2_PLACEMENT_3D ( 'NONE', #1273, #5118, #1832 ) ;
#6957 = CARTESIAN_POINT ( 'NONE',  ( 0.6160894753258195911, 1.000000000000000222, -0.8335992047502248647 ) ) ;
#6958 = EDGE_CURVE ( 'NONE', #992, #5790, #512, .T. ) ;
#6959 = CARTESIAN_POINT ( 'NONE',  ( 0.6940356556442052183, 0.9999606299212598914, -0.8302788862393933877 ) ) ;
#6960 = CARTESIAN_POINT ( 'NONE',  ( 0.7227224837655850109, 0.9999606299212597804, -0.7892121663673321574 ) ) ;
#6961 = CARTESIAN_POINT ( 'NONE',  ( 0.6538206090774074664, 0.9999999999999998890, -0.7994554465177636793 ) ) ;
#6962 = CARTESIAN_POINT ( 'NONE',  ( 0.003937007874015793080, 0.9960629921259841479, -0.007874015748031721468 ) ) ;
#6963 = CARTESIAN_POINT ( 'NONE',  ( 0.6910829291551359166, 0.9999606299212598914, -0.8316094542858193384 ) ) ;
#6964 = CARTESIAN_POINT ( 'NONE',  ( 0.7685157522959098486, 0.9999606299212596694, -0.8395957786717709315 ) ) ;
#6965 = DIRECTION ( 'NONE',  ( -0.000000000000000000, 1.000000000000000000, -0.000000000000000000 ) ) ;
#6966 = ORIENTED_EDGE ( 'NONE', *, *, #6791, .F. ) ;
#6967 = CARTESIAN_POINT ( 'NONE',  ( 0.6788745616427451779, 1.000000000000000000, -0.8798216301457413291 ) ) ;
#6968 = CARTESIAN_POINT ( 'NONE',  ( 0.8297224753577997491, 0.9999606299212602245, -0.8151984372771434728 ) ) ;
#6969 = CARTESIAN_POINT ( 'NONE',  ( 0.000000000000000000, 0.9921259842519682959, 0.000000000000000000 ) ) ;
#6970 = CARTESIAN_POINT ( 'NONE',  ( 0.6068040883551996112, 0.9999999999999998890, -0.8485240428304315907 ) ) ;
#6971 = CARTESIAN_POINT ( 'NONE',  ( 0.8136275051139127967, 0.9999606299212596694, -0.7984234853223503015 ) ) ;
#6972 = CARTESIAN_POINT ( 'NONE',  ( 0.6810754168713436529, 0.9999606299212601135, -0.8797733873218087641 ) ) ;
#6973 = VERTEX_POINT ( 'NONE', #6883 ) ;
#6974 = CARTESIAN_POINT ( 'NONE',  ( 0.000000000000000000, 1.000000000000000000, -0.9944322300693975158 ) ) ;
#6975 = CARTESIAN_POINT ( 'NONE',  ( 0.5570140337114404261, 0.9999606299212596694, -0.8660125429873773983 ) ) ;
#6976 = CARTESIAN_POINT ( 'NONE',  ( 0.8301242287640748785, 0.9999606299212596694, -0.8280973590356740521 ) ) ;
#6977 = CARTESIAN_POINT ( 'NONE',  ( 0.8606987140955579818, 0.9999606299212598914, -0.8548495102289500602 ) ) ;
#6978 = CARTESIAN_POINT ( 'NONE',  ( 0.6307998393527062264, 1.000000000000000000, -0.8649047188760621285 ) ) ;
#6979 = EDGE_CURVE ( 'NONE', #4075, #551, #4306, .T. ) ;
#6980 = PLANE ( 'NONE',  #5599 ) ;
#6981 = CARTESIAN_POINT ( 'NONE',  ( 0.6262873077361971186, 0.9999999999999996669, -0.8498957523883271525 ) ) ;
#6982 = FACE_OUTER_BOUND ( 'NONE', #3527, .T. ) ;
#6983 = CARTESIAN_POINT ( 'NONE',  ( 0.7758842741770022311, 0.9999606299212598914, -0.8560758600613797009 ) ) ;
#6984 = EDGE_CURVE ( 'NONE', #2678, #5145, #154, .T. ) ;
#6985 = CARTESIAN_POINT ( 'NONE',  ( 0.6089089739164069703, 0.9999606299207712823, -0.8013199249294178372 ) ) ;
#6986 = CARTESIAN_POINT ( 'NONE',  ( 0.5467562787466456742, 1.000000000000000222, -0.8604727342347270325 ) ) ;
#6987 = DIRECTION ( 'NONE',  ( 0.000000000000000000, 0.000000000000000000, -1.000000000000000000 ) ) ;
#6988 = LINE ( 'NONE', #5137, #2911 ) ;
#6989 = CARTESIAN_POINT ( 'NONE',  ( 0.8130446892802037917, 0.9999606299212597804, -0.7984044308086201136 ) ) ;
#6990 = VERTEX_POINT ( 'NONE', #5327 ) ;
#6991 = CARTESIAN_POINT ( 'NONE',  ( 0.7988869605648273309, 1.000000000000000000, -0.8357069682065249028 ) ) ;
#6992 = CARTESIAN_POINT ( 'NONE',  ( 0.6552355168686387898, 0.9999606299212597804, -0.8819253371149851084 ) ) ;
#6993 = CARTESIAN_POINT ( 'NONE',  ( 0.7243539646598755599, 0.9999606299212596694, -0.8650212323347966636 ) ) ;
#6994 = CARTESIAN_POINT ( 'NONE',  ( 0.5494313111633191138, 0.9999606299212598914, -0.8833366556138465553 ) ) ;
#6995 = ORIENTED_EDGE ( 'NONE', *, *, #6557, .T. ) ;
#6996 = ORIENTED_EDGE ( 'NONE', *, *, #5478, .T. ) ;
#6997 = ORIENTED_EDGE ( 'NONE', *, *, #244, .T. ) ;
#6998 = CARTESIAN_POINT ( 'NONE',  ( 0.6073235434794097554, 1.000000000000000444, -0.8362378122882302423 ) ) ;
#6999 = EDGE_LOOP ( 'NONE', ( #2442, #1982, #6177, #5275 ) ) ;
#7000 = CARTESIAN_POINT ( 'NONE',  ( 0.8200802496274429698, 1.000000000000000000, -0.8442425063963516774 ) ) ;
#7001 = CARTESIAN_POINT ( 'NONE',  ( 0.7511001722967165506, 1.000000000000000222, -0.8811175302417850741 ) ) ;
#7002 = DIRECTION ( 'NONE',  ( 0.9922778767136675171, 0.000000000000000000, -0.1240347345892100356 ) ) ;
#7003 = CARTESIAN_POINT ( 'NONE',  ( 0.7727832022684187896, 0.9999606299212595584, -0.8467799833833518086 ) ) ;
#7004 = CARTESIAN_POINT ( 'NONE',  ( 0.8789909792674789335, 0.9999606299212597804, -0.7892121663673321574 ) ) ;
#7005 = DIRECTION ( 'NONE',  ( -0.000000000000000000, 0.000000000000000000, -1.000000000000000000 ) ) ;
#7006 = APPLICATION_CONTEXT ( 'configuration controlled 3d designs of mechanical parts and assemblies' ) ;
#7007 = ORIENTED_EDGE ( 'NONE', *, *, #1269, .T. ) ;
#7008 = CARTESIAN_POINT ( 'NONE',  ( 0.8147809100785063929, 0.9999999999999996669, -0.7984611946113968628 ) ) ;
#7009 = ADVANCED_FACE ( 'NONE', ( #1872 ), #3261, .F. ) ;
#7010 = CARTESIAN_POINT ( 'NONE',  ( 0.6465580069663424689, 0.9999606299212597804, -0.8220416822290746994 ) ) ;
#7011 = CARTESIAN_POINT ( 'NONE',  ( 0.7017115936140698729, 0.9999606299212597804, -0.8170351810601588216 ) ) ;
#7012 = CARTESIAN_POINT ( 'NONE',  ( 0.6511327689333697988, 0.9999606299212595584, -0.8750396132806556038 ) ) ;
#7013 = ORIENTED_EDGE ( 'NONE', *, *, #3950, .T. ) ;
#7014 = FACE_OUTER_BOUND ( 'NONE', #5065, .T. ) ;
#7015 = EDGE_CURVE ( 'NONE', #5763, #5027, #4539, .T. ) ;
#7016 = CARTESIAN_POINT ( 'NONE',  ( 0.7321975978215637948, 0.9999606299212602245, -0.8840661356334647003 ) ) ;
#7017 = CARTESIAN_POINT ( 'NONE',  ( 0.7626492965223349296, 1.000000000000000222, -0.8749599761135716802 ) ) ;
#7018 = LINE ( 'NONE', #1208, #2701 ) ;
#7019 = VECTOR ( 'NONE', #2053, 39.37007874015748854 ) ;
#7020 = CARTESIAN_POINT ( 'NONE',  ( 0.8229829019661459855, 0.9999606299212598914, -0.8423488217799099953 ) ) ;
#7021 = ORIENTED_EDGE ( 'NONE', *, *, #6397, .T. ) ;
#7022 = EDGE_CURVE ( 'NONE', #4167, #3481, #2776, .T. ) ;
#7023 = VERTEX_POINT ( 'NONE', #4389 ) ;
#7024 = DIRECTION ( 'NONE',  ( -0.000000000000000000, 0.000000000000000000, -1.000000000000000000 ) ) ;
#7025 = CARTESIAN_POINT ( 'NONE',  ( 0.6791263205036227601, 1.000000000000000222, -0.7879251149160769740 ) ) ;
#7026 = VECTOR ( 'NONE', #4516, 39.37007874015748143 ) ;
#7027 = ADVANCED_FACE ( 'NONE', ( #5055 ), #2727, .T. ) ;
#7028 = CARTESIAN_POINT ( 'NONE',  ( 0.6307998393527062264, 0.9999606299212597804, -0.8649047188760621285 ) ) ;
#7029 = PLANE ( 'NONE',  #4013 ) ;
#7030 = CARTESIAN_POINT ( 'NONE',  ( 0.7538939239274961013, 1.000000000000000222, -0.8218739883673926716 ) ) ;
#7031 = ORIENTED_EDGE ( 'NONE', *, *, #6441, .F. ) ;
#7032 = VECTOR ( 'NONE', #21, 39.37007874015748143 ) ;
#7033 = CARTESIAN_POINT ( 'NONE',  ( 0.5348728563400749758, 0.9999606299212601135, -0.8898498711280964368 ) ) ;
#7034 = CARTESIAN_POINT ( 'NONE',  ( 0.1003966783382542194, 1.000000000000000000, -0.5063989121866298015 ) ) ;
#7035 = ORIENTED_EDGE ( 'NONE', *, *, #5372, .F. ) ;
#7036 = DIRECTION ( 'NONE',  ( 0.000000000000000000, 0.000000000000000000, 1.000000000000000000 ) ) ;
#7037 = VECTOR ( 'NONE', #7050, 39.37007874015748143 ) ;
#7038 = ORIENTED_EDGE ( 'NONE', *, *, #1712, .T. ) ;
#7039 = CARTESIAN_POINT ( 'NONE',  ( 0.3333966783382540933, 0.9999606299212597804, -0.5028024554937162716 ) ) ;
#7040 = ORIENTED_EDGE ( 'NONE', *, *, #2764, .F. ) ;
#7041 = CARTESIAN_POINT ( 'NONE',  ( 0.6133867112099100627, 0.9999606299212597804, -0.8892252871107787504 ) ) ;
#7042 = LINE ( 'NONE', #2007, #4596 ) ;
#7043 = CARTESIAN_POINT ( 'NONE',  ( 0.2840717244674832442, 0.9999606299212597804, -0.4548627700265742702 ) ) ;
#7044 =( GEOMETRIC_REPRESENTATION_CONTEXT ( 3 ) GLOBAL_UNCERTAINTY_ASSIGNED_CONTEXT ( ( #1718 ) ) GLOBAL_UNIT_ASSIGNED_CONTEXT ( ( #4872, #1566, #3283 ) ) REPRESENTATION_CONTEXT ( 'NONE', 'WORKASPACE' ) );
#7045 = CARTESIAN_POINT ( 'NONE',  ( 0.6893554035575926164, 0.9999606299212601135, -0.8322592030674729191 ) ) ;
#7046 = CARTESIAN_POINT ( 'NONE',  ( 0.7256697612547802212, 0.9999606299212596694, -0.8716216825638445354 ) ) ;
#7047 = CARTESIAN_POINT ( 'NONE',  ( 0.5433448192304956015, 0.9999606299212598914, -0.8876969206164638804 ) ) ;
#7048 = CARTESIAN_POINT ( 'NONE',  ( 0.5415856299984210809, 1.000000000000000000, -0.8883778227172078878 ) ) ;
#7049 = ORIENTED_EDGE ( 'NONE', *, *, #544, .T. ) ;
#7050 = DIRECTION ( 'NONE',  ( -1.000000000000000000, -0.000000000000000000, -0.000000000000000000 ) ) ;
#7051 = CARTESIAN_POINT ( 'NONE',  ( 0.5368118483510653238, 1.000000000000000222, -0.8895920082159313180 ) ) ;
#7052 = CARTESIAN_POINT ( 'NONE',  ( 0.5430847435701688930, 0.9999606299209536919, -0.8476338165329216912 ) ) ;
#7053 = ORIENTED_EDGE ( 'NONE', *, *, #5576, .F. ) ;
#7054 = CARTESIAN_POINT ( 'NONE',  ( 0.5253760565416858430, 1.000000000000000000, -0.8903270752214988981 ) ) ;
#7055 = CARTESIAN_POINT ( 'NONE',  ( 0.5572617238224032432, 1.000000000000000222, -0.8610267323148937946 ) ) ;
#7056 = CARTESIAN_POINT ( 'NONE',  ( 0.6603585221265858562, 0.9999606299212597804, -0.8686759774879980744 ) ) ;
#7057 = CARTESIAN_POINT ( 'NONE',  ( 0.7471025293344624174, 1.000000000000000222, -0.8145145253007580743 ) ) ;
#7058 = EDGE_LOOP ( 'NONE', ( #6352, #3012, #4291, #7038 ) ) ;
#7059 = CARTESIAN_POINT ( 'NONE',  ( 0.7265775306239781184, 0.9999999999999996669, -0.8745829095702205569 ) ) ;
#7060 = ADVANCED_FACE ( 'NONE', ( #3691 ), #537, .F. ) ;
#7061 = CARTESIAN_POINT ( 'NONE',  ( 0.6984426461920135720, 0.9999606299212593363, -0.8647776631724646279 ) ) ;
#7062 = PLANE ( 'NONE',  #2825 ) ;
#7063 = CARTESIAN_POINT ( 'NONE',  ( 0.5533676662915243405, 1.000000000000000222, -0.8432520260570017800 ) ) ;
#7064 = CARTESIAN_POINT ( 'NONE',  ( 0.7521527521776396608, 1.000000000000000222, -0.8810834780775854691 ) ) ;
#7065 = VECTOR ( 'NONE', #1931, 39.37007874015748143 ) ;
#7066 = CARTESIAN_POINT ( 'NONE',  ( 0.7371674707447516406, 0.9999606299212597804, -0.8010307920775594503 ) ) ;
ENDSEC;
END-ISO-10303-21;
