ISO-10303-21;
HEADER;
FILE_DESCRIPTION (( 'STEP AP203' ),
    '1' );
FILE_NAME ('QTN010326-E0W.STEP',
    '2015-07-01T21:00:12',
    ( '' ),
    ( '' ),
    'SwSTEP 2.0',
    'SolidWorks 2014',
    '' );
FILE_SCHEMA (( 'CONFIG_CONTROL_DESIGN' ));
ENDSEC;

DATA;
#1 = CARTESIAN_POINT ( 'NONE',  ( -109.5267042551719100, 21.30655909906199600, 9.369073185294652700 ) ) ;
#2 = VERTEX_POINT ( 'NONE', #1309 ) ;
#3 = CARTESIAN_POINT ( 'NONE',  ( -111.5267042551718900, 22.51131346486595700, 13.98346997353667300 ) ) ;
#4 = CARTESIAN_POINT ( 'NONE',  ( -109.5267042551718900, 21.35344409265355000, 11.67415197291320300 ) ) ;
#5 = ORIENTED_EDGE ( 'NONE', *, *, #3284, .F. ) ;
#6 = EDGE_CURVE ( 'NONE', #4958, #5356, #815, .T. ) ;
#7 = EDGE_CURVE ( 'NONE', #5393, #819, #540, .T. ) ;
#8 = ORIENTED_EDGE ( 'NONE', *, *, #44, .T. ) ;
#9 = CARTESIAN_POINT ( 'NONE',  ( -112.9575255755743900, 22.14107201046216400, 9.005912832032933600 ) ) ;
#10 = CARTESIAN_POINT ( 'NONE',  ( -108.7455573677611500, 20.50838651647704200, 11.35335055823721900 ) ) ;
#11 = CARTESIAN_POINT ( 'NONE',  ( -14.47552752048315100, 21.44519265233044100, 21.37555526748595400 ) ) ;
#12 = ORIENTED_EDGE ( 'NONE', *, *, #4687, .T. ) ;
#13 = EDGE_CURVE ( 'NONE', #2348, #6104, #5715, .T. ) ;
#14 = LINE ( 'NONE', #4471, #6144 ) ;
#15 = CARTESIAN_POINT ( 'NONE',  ( -7.784587090412443900, 21.92716248439930400, 26.29009748543987300 ) ) ;
#16 =( BOUNDED_SURFACE ( )  B_SPLINE_SURFACE ( 3, 2, ( 
 ( #5935, #2052, #147, #3516, #633, #3981, #1758, #5128, #2238, #5629, #2720, #6115, #3208, #333, #3695, #818, #4175, #1296, #4659, #1779, #5148, #2261, #5657, #2743, #6133, #3229, #355, #3712, #840, #4201, #1322, #4683, #1803, #5174, #2287, #5677, #2770, #6156, #3252, #380, #3735, #863, #4226, #1345, #4708, #1823, #5203, #2309, #5702, #2787, #6180, #3268, #402, #3756, #887, #4243, #1364 ),
 ( #4730, #1844, #5218, #2331, #5724, #2808, #6194, #3293, #421, #3777, #906, #4265, #1382, #4749, #1865, #5238, #2346, #5744, #2826, #6210, #3308, #445, #3792, #921, #4279, #1397, #4764, #1880, #5259, #2362, #5758, #2845, #6223, #3328, #460, #3811, #938, #4296, #1419, #4781, #1896, #5274, #2379, #5772, #2857, #6244, #3344, #476, #3825, #959, #4310, #1434, #4798, #1912, #5288, #2397, #5792 ),
 ( #2874, #6257, #3366, #494, #3841, #976, #4330, #1451, #4813, #1929, #5306, #2414, #5809, #2893, #18, #3380, #516, #3856, #993, #4345, #1468, #4825, #1947, #5327, #2433, #5827, #2915, #33, #3400, #524, #3874, #1006, #4360, #1481, #4847, #1961, #5347, #2447, #5846, #2929, #52, #3415, #544, #3888, #1029, #4379, #1499, #4861, #1981, #5363, #2459, #5863, #2949, #65, #3438, #557, #3907 ),
 ( #1043, #4401, #1514, #4882, #1999, #5385, #2472, #5885, #2971, #86, #3454, #577, #3924, #1060, #4419, #1539, #4900, #2019, #5408, #2498, #5903, #2996, #114, #3477, #598, #3949, #1081, #4440, #1556, #4925, #2042, #5430, #2518, #5926, #3014, #138, #3506, #623, #3972, #1107, #4462, #1576, #4947, #2066, #5451, #2543, #5947, #3038, #155, #3529, #646, #3998, #1127, #4489, #1602, #4971, #2085 ),
 ( #5479, #2563, #5972, #3065, #182, #3547, #669, #4026, #1150, #4509, #1629, #4991, #2107, #5497, #2594, #5996, #3087, #205, #3573, #692, #4049, #1174, #4533, #1650, #5015, #2128, #5520, #2614, #6022, #3108, #236, #3600, #722, #4066, #1196, #4557, #1676, #5038, #2159, #5545, #2637, #6039, #3138, #258, #3617, #745, #4096, #1219, #4579, #1704, #5063, #2178, #5574, #2660, #6061, #3156, #279 ),
 ( #3636, #770, #4122, #1246, #4599, #1726, #5089, #2200, #5595, #2690, #6081, #3181, #305, #3665, #788, #4142, #1271, #4622, #1750, #5116, #2225, #5618, #2712, #6109, #3199, #325, #3687, #810, #4161, #1290, #4651, #1772, #5139, #2253, #5646, #2732, #6125, #3224, #346, #3705, #830, #4189, #1310, #4672, #1796, #5164, #2278, #5670, #2758, #6147, #3242, #371, #3723, #853, #4215, #1333, #4695 ),
 ( #1815, #5193, #2301, #5692, #3093, #217, #3583, #700, #4054, #1183, #4541, #1657, #5023, #2139, #5526, #2622, #6029, #3117, #242, #3604, #729, #4077, #1205, #4561, #1682, #5046, #2165, #5550, #2642, #6047, #3144, #262, #3623, #754, #4103, #1225, #4586, #1713, #5069, #2183, #5579, #2668, #6065, #3162, #288, #3645, #775, #4126, #1252, #4607, #1733, #5096, #2206, #5604, #2695, #6089, #3184 ) ),
 .UNSPECIFIED., .T., .F., .F. ) 
 B_SPLINE_SURFACE_WITH_KNOTS ( ( 4, 3, 4 ),
 ( 3, 2, 2, 2, 2, 2, 2, 2, 2, 2, 2, 2, 2, 2, 2, 2, 2, 2, 2, 2, 2, 2, 2, 2, 2, 2, 2, 2, 3 ),
 ( 0.0000000000000000000, 0.5000000000000000000, 1.000000000000000000 ),
 ( 0.0000000000000000000, 0.03571428571428571200, 0.07142857142857142500, 0.1071428571428571400, 0.1428571428571428500, 0.1785714285714285800, 0.2142857142857142700, 0.2500000000000000000, 0.2857142857142857000, 0.3214285714285714500, 0.3571428571428571500, 0.3928571428571428500, 0.4285714285714285500, 0.4642857142857143000, 0.5000000000000000000, 0.5357142857142857000, 0.5714285714285714000, 0.6071428571428571000, 0.6428571428571429000, 0.6785714285714286000, 0.7142857142857143000, 0.7500000000000000000, 0.7857142857142857000, 0.8214285714285714000, 0.8571428571428571000, 0.8928571428571429000, 0.9285714285714286000, 0.9642857142857143000, 1.000000000000000000 ),
 .UNSPECIFIED. ) 
 GEOMETRIC_REPRESENTATION_ITEM ( )  RATIONAL_B_SPLINE_SURFACE ( (
 ( 1.000000000000000000, 0.9749279121818236200, 1.000000000000000000, 0.9749279121818236200, 1.000000000000000000, 0.9749279121818236200, 1.000000000000000000, 0.9749279121818236200, 1.000000000000000000, 0.9749279121818236200, 1.000000000000000000, 0.9749279121818236200, 1.000000000000000000, 0.9749279121818236200, 1.000000000000000000, 0.9749279121818236200, 1.000000000000000000, 0.9749279121818236200, 1.000000000000000000, 0.9749279121818236200, 1.000000000000000000, 0.9749279121818236200, 1.000000000000000000, 0.9749279121818236200, 1.000000000000000000, 0.9749279121818236200, 1.000000000000000000, 0.9749279121818236200, 1.000000000000000000, 0.9749279121818236200, 1.000000000000000000, 0.9749279121818236200, 1.000000000000000000, 0.9749279121818236200, 1.000000000000000000, 0.9749279121818236200, 1.000000000000000000, 0.9749279121818236200, 1.000000000000000000, 0.9749279121818236200, 1.000000000000000000, 0.9749279121818236200, 1.000000000000000000, 0.9749279121818236200, 1.000000000000000000, 0.9749279121818236200, 1.000000000000000000, 0.9749279121818236200, 1.000000000000000000, 0.9749279121818236200, 1.000000000000000000, 0.9749279121818236200, 1.000000000000000000, 0.9749279121818236200, 1.000000000000000000, 0.9749279121818236200, 1.000000000000000000),
 ( 0.3333333333333333700, 0.3249759707272745800, 0.3333333333333333700, 0.3249759707272745800, 0.3333333333333333700, 0.3249759707272745800, 0.3333333333333333700, 0.3249759707272745800, 0.3333333333333333700, 0.3249759707272745800, 0.3333333333333333700, 0.3249759707272745800, 0.3333333333333333700, 0.3249759707272745800, 0.3333333333333333700, 0.3249759707272745800, 0.3333333333333333700, 0.3249759707272745800, 0.3333333333333333700, 0.3249759707272745800, 0.3333333333333333700, 0.3249759707272745800, 0.3333333333333333700, 0.3249759707272745800, 0.3333333333333333700, 0.3249759707272745800, 0.3333333333333333700, 0.3249759707272745800, 0.3333333333333333700, 0.3249759707272745800, 0.3333333333333333700, 0.3249759707272745800, 0.3333333333333333700, 0.3249759707272745800, 0.3333333333333333700, 0.3249759707272745800, 0.3333333333333333700, 0.3249759707272745800, 0.3333333333333333700, 0.3249759707272745800, 0.3333333333333333700, 0.3249759707272745800, 0.3333333333333333700, 0.3249759707272745800, 0.3333333333333333700, 0.3249759707272745800, 0.3333333333333333700, 0.3249759707272745800, 0.3333333333333333700, 0.3249759707272745800, 0.3333333333333333700, 0.3249759707272745800, 0.3333333333333333700, 0.3249759707272745800, 0.3333333333333333700, 0.3249759707272745800, 0.3333333333333333700),
 ( 0.3333333333333333700, 0.3249759707272745800, 0.3333333333333333700, 0.3249759707272745800, 0.3333333333333333700, 0.3249759707272745800, 0.3333333333333333700, 0.3249759707272745800, 0.3333333333333333700, 0.3249759707272745800, 0.3333333333333333700, 0.3249759707272745800, 0.3333333333333333700, 0.3249759707272745800, 0.3333333333333333700, 0.3249759707272745800, 0.3333333333333333700, 0.3249759707272745800, 0.3333333333333333700, 0.3249759707272745800, 0.3333333333333333700, 0.3249759707272745800, 0.3333333333333333700, 0.3249759707272745800, 0.3333333333333333700, 0.3249759707272745800, 0.3333333333333333700, 0.3249759707272745800, 0.3333333333333333700, 0.3249759707272745800, 0.3333333333333333700, 0.3249759707272745800, 0.3333333333333333700, 0.3249759707272745800, 0.3333333333333333700, 0.3249759707272745800, 0.3333333333333333700, 0.3249759707272745800, 0.3333333333333333700, 0.3249759707272745800, 0.3333333333333333700, 0.3249759707272745800, 0.3333333333333333700, 0.3249759707272745800, 0.3333333333333333700, 0.3249759707272745800, 0.3333333333333333700, 0.3249759707272745800, 0.3333333333333333700, 0.3249759707272745800, 0.3333333333333333700, 0.3249759707272745800, 0.3333333333333333700, 0.3249759707272745800, 0.3333333333333333700, 0.3249759707272745800, 0.3333333333333333700),
 ( 1.000000000000000000, 0.9749279121818236200, 1.000000000000000000, 0.9749279121818236200, 1.000000000000000000, 0.9749279121818236200, 1.000000000000000000, 0.9749279121818236200, 1.000000000000000000, 0.9749279121818236200, 1.000000000000000000, 0.9749279121818236200, 1.000000000000000000, 0.9749279121818236200, 1.000000000000000000, 0.9749279121818236200, 1.000000000000000000, 0.9749279121818236200, 1.000000000000000000, 0.9749279121818236200, 1.000000000000000000, 0.9749279121818236200, 1.000000000000000000, 0.9749279121818236200, 1.000000000000000000, 0.9749279121818236200, 1.000000000000000000, 0.9749279121818236200, 1.000000000000000000, 0.9749279121818236200, 1.000000000000000000, 0.9749279121818236200, 1.000000000000000000, 0.9749279121818236200, 1.000000000000000000, 0.9749279121818236200, 1.000000000000000000, 0.9749279121818236200, 1.000000000000000000, 0.9749279121818236200, 1.000000000000000000, 0.9749279121818236200, 1.000000000000000000, 0.9749279121818236200, 1.000000000000000000, 0.9749279121818236200, 1.000000000000000000, 0.9749279121818236200, 1.000000000000000000, 0.9749279121818236200, 1.000000000000000000, 0.9749279121818236200, 1.000000000000000000, 0.9749279121818236200, 1.000000000000000000, 0.9749279121818236200, 1.000000000000000000),
 ( 0.3333333333333333700, 0.3249759707272745800, 0.3333333333333333700, 0.3249759707272745800, 0.3333333333333333700, 0.3249759707272745800, 0.3333333333333333700, 0.3249759707272745800, 0.3333333333333333700, 0.3249759707272745800, 0.3333333333333333700, 0.3249759707272745800, 0.3333333333333333700, 0.3249759707272745800, 0.3333333333333333700, 0.3249759707272745800, 0.3333333333333333700, 0.3249759707272745800, 0.3333333333333333700, 0.3249759707272745800, 0.3333333333333333700, 0.3249759707272745800, 0.3333333333333333700, 0.3249759707272745800, 0.3333333333333333700, 0.3249759707272745800, 0.3333333333333333700, 0.3249759707272745800, 0.3333333333333333700, 0.3249759707272745800, 0.3333333333333333700, 0.3249759707272745800, 0.3333333333333333700, 0.3249759707272745800, 0.3333333333333333700, 0.3249759707272745800, 0.3333333333333333700, 0.3249759707272745800, 0.3333333333333333700, 0.3249759707272745800, 0.3333333333333333700, 0.3249759707272745800, 0.3333333333333333700, 0.3249759707272745800, 0.3333333333333333700, 0.3249759707272745800, 0.3333333333333333700, 0.3249759707272745800, 0.3333333333333333700, 0.3249759707272745800, 0.3333333333333333700, 0.3249759707272745800, 0.3333333333333333700, 0.3249759707272745800, 0.3333333333333333700, 0.3249759707272745800, 0.3333333333333333700),
 ( 0.3333333333333333700, 0.3249759707272745800, 0.3333333333333333700, 0.3249759707272745800, 0.3333333333333333700, 0.3249759707272745800, 0.3333333333333333700, 0.3249759707272745800, 0.3333333333333333700, 0.3249759707272745800, 0.3333333333333333700, 0.3249759707272745800, 0.3333333333333333700, 0.3249759707272745800, 0.3333333333333333700, 0.3249759707272745800, 0.3333333333333333700, 0.3249759707272745800, 0.3333333333333333700, 0.3249759707272745800, 0.3333333333333333700, 0.3249759707272745800, 0.3333333333333333700, 0.3249759707272745800, 0.3333333333333333700, 0.3249759707272745800, 0.3333333333333333700, 0.3249759707272745800, 0.3333333333333333700, 0.3249759707272745800, 0.3333333333333333700, 0.3249759707272745800, 0.3333333333333333700, 0.3249759707272745800, 0.3333333333333333700, 0.3249759707272745800, 0.3333333333333333700, 0.3249759707272745800, 0.3333333333333333700, 0.3249759707272745800, 0.3333333333333333700, 0.3249759707272745800, 0.3333333333333333700, 0.3249759707272745800, 0.3333333333333333700, 0.3249759707272745800, 0.3333333333333333700, 0.3249759707272745800, 0.3333333333333333700, 0.3249759707272745800, 0.3333333333333333700, 0.3249759707272745800, 0.3333333333333333700, 0.3249759707272745800, 0.3333333333333333700, 0.3249759707272745800, 0.3333333333333333700),
 ( 1.000000000000000000, 0.9749279121818236200, 1.000000000000000000, 0.9749279121818236200, 1.000000000000000000, 0.9749279121818236200, 1.000000000000000000, 0.9749279121818236200, 1.000000000000000000, 0.9749279121818236200, 1.000000000000000000, 0.9749279121818236200, 1.000000000000000000, 0.9749279121818236200, 1.000000000000000000, 0.9749279121818236200, 1.000000000000000000, 0.9749279121818236200, 1.000000000000000000, 0.9749279121818236200, 1.000000000000000000, 0.9749279121818236200, 1.000000000000000000, 0.9749279121818236200, 1.000000000000000000, 0.9749279121818236200, 1.000000000000000000, 0.9749279121818236200, 1.000000000000000000, 0.9749279121818236200, 1.000000000000000000, 0.9749279121818236200, 1.000000000000000000, 0.9749279121818236200, 1.000000000000000000, 0.9749279121818236200, 1.000000000000000000, 0.9749279121818236200, 1.000000000000000000, 0.9749279121818236200, 1.000000000000000000, 0.9749279121818236200, 1.000000000000000000, 0.9749279121818236200, 1.000000000000000000, 0.9749279121818236200, 1.000000000000000000, 0.9749279121818236200, 1.000000000000000000, 0.9749279121818236200, 1.000000000000000000, 0.9749279121818236200, 1.000000000000000000, 0.9749279121818236200, 1.000000000000000000, 0.9749279121818236200, 1.000000000000000000) ) ) 
 REPRESENTATION_ITEM ( '' )  SURFACE ( )  );
#17 = ORIENTED_EDGE ( 'NONE', *, *, #392, .F. ) ;
#18 = CARTESIAN_POINT ( 'NONE',  ( -67.42670425517187000, -5.546555907346554000, 18.19915197291263100 ) ) ;
#19 = FACE_OUTER_BOUND ( 'NONE', #5308, .T. ) ;
#20 = CARTESIAN_POINT ( 'NONE',  ( -10.58398776420817800, 20.52389705443895800, 26.36691232270881400 ) ) ;
#21 = EDGE_LOOP ( 'NONE', ( #3476, #8, #1415, #4493, #4304, #2667 ) ) ;
#22 = CARTESIAN_POINT ( 'NONE',  ( -3.326704255171834700, 26.70349488117814800, 25.73413985725466100 ) ) ;
#23 = CARTESIAN_POINT ( 'NONE',  ( -11.00730128425496600, 20.32794235114226900, 22.59256865688393000 ) ) ;
#24 = DIRECTION ( 'NONE',  ( 2.523234146875355700E-015, 0.3442362757280890100, 0.9388830526071152400 ) ) ;
#25 = ORIENTED_EDGE ( 'NONE', *, *, #661, .T. ) ;
#26 = ORIENTED_EDGE ( 'NONE', *, *, #1870, .F. ) ;
#27 = DIRECTION ( 'NONE',  ( 0.0000000000000000000, 0.8371691043312133900, 0.5469441386040022600 ) ) ;
#28 = CARTESIAN_POINT ( 'NONE',  ( -13.35433832792765700, 20.38143412225045700, 21.34300727168430400 ) ) ;
#29 = VERTEX_POINT ( 'NONE', #5640 ) ;
#30 = CARTESIAN_POINT ( 'NONE',  ( -112.5267042551718900, 18.95696766759563100, 12.96542830712758100 ) ) ;
#31 = ORIENTED_EDGE ( 'NONE', *, *, #4208, .F. ) ;
#32 =( BOUNDED_CURVE ( )  B_SPLINE_CURVE ( 3, ( #2925, #1477, #3885, #1023 ),
 .UNSPECIFIED., .F., .F. ) 
 B_SPLINE_CURVE_WITH_KNOTS ( ( 4, 4 ),
 ( 2.164600308247012400, 4.118584998932574200 ),
 .UNSPECIFIED. ) 
 CURVE ( )  GEOMETRIC_REPRESENTATION_ITEM ( )  RATIONAL_B_SPLINE_CURVE ( ( 1.000000000000000000, 0.7063452485847590000, 0.7063452485847590000, 1.000000000000000000 ) ) 
 REPRESENTATION_ITEM ( '' )  );
#33 = CARTESIAN_POINT ( 'NONE',  ( -64.18564691883175000, 22.85344409265349700, 15.25093768719878900 ) ) ;
#34 = ORIENTED_EDGE ( 'NONE', *, *, #5693, .T. ) ;
#35 = EDGE_CURVE ( 'NONE', #5318, #1690, #4546, .T. ) ;
#36 = CARTESIAN_POINT ( 'NONE',  ( -113.2028328059901000, 20.84903194878723200, 10.92829123251206100 ) ) ;
#37 = LINE ( 'NONE', #715, #4850 ) ;
#38 = CYLINDRICAL_SURFACE ( 'NONE', #2432, 3.000000000000000400 ) ;
#39 = VERTEX_POINT ( 'NONE', #5375 ) ;
#40 = DIRECTION ( 'NONE',  ( 0.4250407883947055500, 0.7553210822596360100, 0.4988290197000764800 ) ) ;
#41 = ORIENTED_EDGE ( 'NONE', *, *, #6002, .F. ) ;
#42 = DIRECTION ( 'NONE',  ( -2.921940880075401800E-015, 0.5469441386040017100, -0.8371691043312136100 ) ) ;
#43 = PLANE ( 'NONE',  #3052 ) ;
#44 = EDGE_CURVE ( 'NONE', #3915, #4585, #3424, .T. ) ;
#45 = EDGE_CURVE ( 'NONE', #3860, #594, #2332, .T. ) ;
#46 = VECTOR ( 'NONE', #260, 999.9999999999998900 ) ;
#47 = CARTESIAN_POINT ( 'NONE',  ( -112.7096107190162000, 19.17476466460168500, 13.34916699152700500 ) ) ;
#48 = LINE ( 'NONE', #4679, #3757 ) ;
#49 = FACE_OUTER_BOUND ( 'NONE', #4591, .T. ) ;
#50 = AXIS2_PLACEMENT_3D ( 'NONE', #3189, #314, #3676 ) ;
#51 = CARTESIAN_POINT ( 'NONE',  ( -110.5703917747870000, 23.78488433939388000, 11.99785935142972600 ) ) ;
#52 = CARTESIAN_POINT ( 'NONE',  ( -73.58785335064119700, -4.140313831560811200, 12.30272340148411600 ) ) ;
#53 = VECTOR ( 'NONE', #4413, 1000.000000000000100 ) ;
#54 = FACE_OUTER_BOUND ( 'NONE', #280, .T. ) ;
#55 = CYLINDRICAL_SURFACE ( 'NONE', #1254, 0.9000000000000014700 ) ;
#56 = PLANE ( 'NONE',  #2273 ) ;
#57 = DIRECTION ( 'NONE',  ( -3.154042683594192500E-015, -0.8371691043312137200, -0.5469441386040016000 ) ) ;
#58 = DIRECTION ( 'NONE',  ( -0.4970459221108385900, -0.7240710256435156600, -0.4781908626652473000 ) ) ;
#59 = AXIS2_PLACEMENT_3D ( 'NONE', #1729, #5600, #2692 ) ;
#60 = DIRECTION ( 'NONE',  ( 0.8566790672026987100, -0.2842776906271277100, 0.4304499627464512500 ) ) ;
#61 = DIRECTION ( 'NONE',  ( 1.000000000000000000, -3.788652234618511700E-017, -3.304662259982990100E-015 ) ) ;
#62 =( BOUNDED_CURVE ( )  B_SPLINE_CURVE ( 3, ( #1553, #1079, #4922, #2038 ),
 .UNSPECIFIED., .F., .T. ) 
 B_SPLINE_CURVE_WITH_KNOTS ( ( 4, 4 ),
 ( 5.265466749514767600, 6.283185307179588000 ),
 .UNSPECIFIED. ) 
 CURVE ( )  GEOMETRIC_REPRESENTATION_ITEM ( )  RATIONAL_B_SPLINE_CURVE ( ( 1.000000000000000000, 0.9155338758779851800, 0.9155338758779851800, 1.000000000000000000 ) ) 
 REPRESENTATION_ITEM ( '' )  );
#63 = CARTESIAN_POINT ( 'NONE',  ( -107.3524821153156500, 19.36013604538247500, 11.46442191422018900 ) ) ;
#64 = EDGE_LOOP ( 'NONE', ( #3008, #504, #5302, #3464, #1854, #3163 ) ) ;
#65 = CARTESIAN_POINT ( 'NONE',  ( -58.34546340057337900, 20.04095994108228100, 9.354509115770149200 ) ) ;
#66 = DIRECTION ( 'NONE',  ( 0.0000000000000000000, 0.3442362757280894000, 0.9388830526071150200 ) ) ;
#67 = ORIENTED_EDGE ( 'NONE', *, *, #2005, .T. ) ;
#68 = EDGE_CURVE ( 'NONE', #499, #3870, #1198, .T. ) ;
#69 = CARTESIAN_POINT ( 'NONE',  ( -8.623996989166148100, 24.45345487941551400, 25.12394614263169100 ) ) ;
#70 = EDGE_CURVE ( 'NONE', #566, #3855, #62, .T. ) ;
#71 = CARTESIAN_POINT ( 'NONE',  ( -5.326704255171836900, 21.35344409265333000, 24.37415197291284500 ) ) ;
#72 = CARTESIAN_POINT ( 'NONE',  ( -110.7268110292228200, 20.94307391255232200, 12.48100230597933400 ) ) ;
#73 = CARTESIAN_POINT ( 'NONE',  ( -112.8183691679260100, 21.88909461043405700, 12.39858858002996000 ) ) ;
#74 = CARTESIAN_POINT ( 'NONE',  ( -14.71794862151371700, 23.02234071867321300, 25.47632439665584400 ) ) ;
#75 = ORIENTED_EDGE ( 'NONE', *, *, #1663, .T. ) ;
#76 = DIRECTION ( 'NONE',  ( -1.000000000000000000, -5.857292221266013800E-029, 3.490263633665282200E-015 ) ) ;
#77 = FACE_OUTER_BOUND ( 'NONE', #1839, .T. ) ;
#78 = CARTESIAN_POINT ( 'NONE',  ( -9.447423972536277900, 19.79101746790587800, 29.59050820319270900 ) ) ;
#79 =( BOUNDED_CURVE ( )  B_SPLINE_CURVE ( 3, ( #2881, #4319, #502, #3848 ),
 .UNSPECIFIED., .F., .T. ) 
 B_SPLINE_CURVE_WITH_KNOTS ( ( 4, 4 ),
 ( 2.478289870165945700, 3.141592653589790500 ),
 .UNSPECIFIED. ) 
 CURVE ( )  GEOMETRIC_REPRESENTATION_ITEM ( )  RATIONAL_B_SPLINE_CURVE ( ( 1.000000000000000000, 0.9636706212180181600, 0.9636706212180181600, 1.000000000000000000 ) ) 
 REPRESENTATION_ITEM ( '' )  );
#80 = ORIENTED_EDGE ( 'NONE', *, *, #226, .F. ) ;
#81 = CARTESIAN_POINT ( 'NONE',  ( -12.12356623796838000, 18.85009915362350300, 22.72089333729841300 ) ) ;
#82 = EDGE_CURVE ( 'NONE', #3855, #5647, #5226, .T. ) ;
#83 = EDGE_LOOP ( 'NONE', ( #1741, #4117, #5072, #4153 ) ) ;
#84 = ADVANCED_FACE ( 'NONE', ( #1790 ), #3681, .F. ) ;
#85 = ORIENTED_EDGE ( 'NONE', *, *, #5043, .T. ) ;
#86 = CARTESIAN_POINT ( 'NONE',  ( -80.54947750266539700, 2.333849568294062300, 22.33308054434138500 ) ) ;
#87 = ORIENTED_EDGE ( 'NONE', *, *, #4961, .T. ) ;
#88 = CARTESIAN_POINT ( 'NONE',  ( -107.0267042551719100, 24.60027000993203200, 14.75098841037436300 ) ) ;
#89 = CARTESIAN_POINT ( 'NONE',  ( -110.9313306751130300, 22.12872581174182300, 11.21623246363629900 ) ) ;
#90 = CARTESIAN_POINT ( 'NONE',  ( -81.27068060815375400, 5.493646830473766200, 19.55986625862714600 ) ) ;
#91 = CARTESIAN_POINT ( 'NONE',  ( -113.5267042551718900, 18.90492961099924300, 13.15582573300765800 ) ) ;
#92 = AXIS2_PLACEMENT_3D ( 'NONE', #1115, #4472, #1586 ) ;
#93 = CARTESIAN_POINT ( 'NONE',  ( -15.35881040382237100, 22.50323439724362700, 27.14506919568771100 ) ) ;
#94 = ORIENTED_EDGE ( 'NONE', *, *, #4778, .F. ) ;
#95 = ORIENTED_EDGE ( 'NONE', *, *, #13, .T. ) ;
#96 = ORIENTED_EDGE ( 'NONE', *, *, #3434, .T. ) ;
#97 = DIRECTION ( 'NONE',  ( -1.000000000000000000, -2.904513797292248900E-016, 3.300504266208427900E-015 ) ) ;
#98 = CARTESIAN_POINT ( 'NONE',  ( -8.993122061726946700, 24.52318590729473900, 24.07386473794635500 ) ) ;
#99 = CARTESIAN_POINT ( 'NONE',  ( -7.011350155182137600, 20.20365378806305000, 21.60323475013802200 ) ) ;
#100 = DIRECTION ( 'NONE',  ( -1.000000000000000000, -2.132529265733050800E-017, 3.517630367272413100E-015 ) ) ;
#101 = ORIENTED_EDGE ( 'NONE', *, *, #4988, .T. ) ;
#102 = LINE ( 'NONE', #2711, #4788 ) ;
#103 = ORIENTED_EDGE ( 'NONE', *, *, #707, .F. ) ;
#104 = CARTESIAN_POINT ( 'NONE',  ( -12.62356623796838000, 19.43627957412040900, 23.64790389570454500 ) ) ;
#105 = ADVANCED_FACE ( 'NONE', ( #509 ), #2246, .F. ) ;
#106 = ORIENTED_EDGE ( 'NONE', *, *, #1843, .F. ) ;
#107 = CARTESIAN_POINT ( 'NONE',  ( 18.17329574482815600, 22.71343197699517800, 19.02410118438795200 ) ) ;
#108 = DIRECTION ( 'NONE',  ( 0.0000000000000000000, 1.000000000000000000, 1.503427012513231400E-014 ) ) ;
#109 = VERTEX_POINT ( 'NONE', #5136 ) ;
#110 = CARTESIAN_POINT ( 'NONE',  ( -109.5267042551718900, 21.40032908624510800, 13.97923076053175100 ) ) ;
#111 = CARTESIAN_POINT ( 'NONE',  ( -10.58398776420819200, 22.18299113086771600, 22.38139162311691900 ) ) ;
#112 = DIRECTION ( 'NONE',  ( -2.238352872228144400E-015, -0.8344483130099417100, -0.5510862118714842100 ) ) ;
#113 = ORIENTED_EDGE ( 'NONE', *, *, #353, .T. ) ;
#114 = CARTESIAN_POINT ( 'NONE',  ( -53.58272790218996600, 11.81324135483308500, 19.38486625862714200 ) ) ;
#115 = PLANE ( 'NONE',  #3514 ) ;
#116 = FACE_BOUND ( 'NONE', #1683, .T. ) ;
#117 = ORIENTED_EDGE ( 'NONE', *, *, #5498, .F. ) ;
#118 = EDGE_CURVE ( 'NONE', #1890, #1505, #4086, .T. ) ;
#119 = CARTESIAN_POINT ( 'NONE',  ( -111.4707704079446700, 22.73804049308657900, 13.84683575786438100 ) ) ;
#120 = CARTESIAN_POINT ( 'NONE',  ( -52.86152479670160900, 8.653444092653465700, 16.61165197291281400 ) ) ;
#121 = ORIENTED_EDGE ( 'NONE', *, *, #1831, .F. ) ;
#122 = CARTESIAN_POINT ( 'NONE',  ( -4.326704255171831500, 17.34809219020561200, 21.72893815592971500 ) ) ;
#123 = CARTESIAN_POINT ( 'NONE',  ( -10.42606838373321100, 19.44735269295717100, 21.81653899563614400 ) ) ;
#124 = CARTESIAN_POINT ( 'NONE',  ( -76.18321685881379300, 15.63652987347128400, 17.11700911577013800 ) ) ;
#125 = VECTOR ( 'NONE', #3965, 1000.000000000000100 ) ;
#126 = DIRECTION ( 'NONE',  ( -2.947032800510570100E-015, 0.5510862118714903200, -0.8344483130099377100 ) ) ;
#127 = ADVANCED_FACE ( 'NONE', ( #5475 ), #4372, .F. ) ;
#128 = CARTESIAN_POINT ( 'NONE',  ( -12.83560330372820200, 20.71704796489966700, 22.47810345861263300 ) ) ;
#129 = EDGE_CURVE ( 'NONE', #1702, #3540, #2897, .T. ) ;
#130 = CARTESIAN_POINT ( 'NONE',  ( -10.35033425463822400, 24.35328990747315100, 24.34373672496027700 ) ) ;
#131 = PLANE ( 'NONE',  #254 ) ;
#132 = CARTESIAN_POINT ( 'NONE',  ( 18.17329574482815600, 21.35344409265333400, 24.37415197291276700 ) ) ;
#133 = VECTOR ( 'NONE', #5048, 1000.000000000000000 ) ;
#134 = DIRECTION ( 'NONE',  ( -3.154042683594192500E-015, -0.8371691043312137200, -0.5469441386040016000 ) ) ;
#135 = AXIS2_PLACEMENT_3D ( 'NONE', #2560, #5969, #3061 ) ;
#136 = CIRCLE ( 'NONE', #2076, 0.9000000000000014700 ) ;
#137 = CARTESIAN_POINT ( 'NONE',  ( -58.67019165152995400, 1.670358311835685900, 13.94200911576986400 ) ) ;
#138 = CARTESIAN_POINT ( 'NONE',  ( -81.99188371364216700, 8.653444092653479900, 16.43665197291290900 ) ) ;
#139 = DIRECTION ( 'NONE',  ( 2.947032800510583500E-015, -0.5510862118714845400, 0.8344483130099414900 ) ) ;
#140 = DIRECTION ( 'NONE',  ( 0.0000000000000000000, -0.8371691043312135000, -0.5469441386040021500 ) ) ;
#141 = LINE ( 'NONE', #5067, #2403 ) ;
#142 = CARTESIAN_POINT ( 'NONE',  ( -81.27068060815376800, 11.81324135483318800, 13.66343768719867500 ) ) ;
#143 = ADVANCED_FACE ( 'NONE', ( #4195 ), #4023, .F. ) ;
#144 = CARTESIAN_POINT ( 'NONE',  ( -111.5267042551718900, 18.77352016156799800, 11.54147333513315300 ) ) ;
#145 = CARTESIAN_POINT ( 'NONE',  ( -60.26403541210829200, -0.3282585483606859600, 14.16879483005555500 ) ) ;
#146 = EDGE_LOOP ( 'NONE', ( #443, #4520, #4180, #4377 ) ) ;
#147 = CARTESIAN_POINT ( 'NONE',  ( -72.28620213328848400, 18.74429541316045400, 23.92058054434161100 ) ) ;
#148 = ORIENTED_EDGE ( 'NONE', *, *, #3597, .F. ) ;
#149 = CARTESIAN_POINT ( 'NONE',  ( -106.8507652372453800, 21.19132918541778900, 12.55984808986122100 ) ) ;
#150 = ORIENTED_EDGE ( 'NONE', *, *, #5457, .T. ) ;
#151 = PLANE ( 'NONE',  #267 ) ;
#152 = ORIENTED_EDGE ( 'NONE', *, *, #4770, .T. ) ;
#153 = ADVANCED_FACE ( 'NONE', ( #1618 ), #1507, .F. ) ;
#154 = CARTESIAN_POINT ( 'NONE',  ( -72.28620213328848400, 18.74429541316050100, 20.92058054434160800 ) ) ;
#155 = CARTESIAN_POINT ( 'NONE',  ( -53.58272790218998700, 5.493646830473847100, 13.48843768719847700 ) ) ;
#156 = CARTESIAN_POINT ( 'NONE',  ( -106.5632710181181300, 22.08053532776885700, 13.42733021092185900 ) ) ;
#157 = VECTOR ( 'NONE', #3483, 1000.000000000000100 ) ;
#158 = CARTESIAN_POINT ( 'NONE',  ( -69.98303116834154000, -2.546555907346651300, 24.42593768719840600 ) ) ;
#159 = CARTESIAN_POINT ( 'NONE',  ( -67.42670425517182800, 21.35344409265335100, 24.37415197291306500 ) ) ;
#160 = CARTESIAN_POINT ( 'NONE',  ( -54.30393100767837900, 2.333849568294226200, 10.71522340148415100 ) ) ;
#161 = EDGE_CURVE ( 'NONE', #2207, #4391, #2766, .T. ) ;
#162 = VERTEX_POINT ( 'NONE', #1639 ) ;
#163 = CARTESIAN_POINT ( 'NONE',  ( 19.62329574482817300, 25.35879599510104800, 27.01936578989588600 ) ) ;
#164 = CARTESIAN_POINT ( 'NONE',  ( -15.09298874374205100, 19.84637738467760600, 25.91946489851737600 ) ) ;
#165 = AXIS2_PLACEMENT_3D ( 'NONE', #1221, #4581, #1707 ) ;
#166 = EDGE_CURVE ( 'NONE', #5090, #1441, #5321, .T. ) ;
#167 = VERTEX_POINT ( 'NONE', #1995 ) ;
#168 = ORIENTED_EDGE ( 'NONE', *, *, #3275, .T. ) ;
#169 =( BOUNDED_CURVE ( )  B_SPLINE_CURVE ( 3, ( #2551, #3048, #164, #3535 ),
 .UNSPECIFIED., .F., .T. ) 
 B_SPLINE_CURVE_WITH_KNOTS ( ( 4, 4 ),
 ( 5.708340716563025600, 6.858029897796146000 ),
 .UNSPECIFIED. ) 
 CURVE ( )  GEOMETRIC_REPRESENTATION_ITEM ( )  RATIONAL_B_SPLINE_CURVE ( ( 1.000000000000000000, 0.8928512062104726500, 0.8928512062104726500, 1.000000000000000000 ) ) 
 REPRESENTATION_ITEM ( '' )  );
#170 = CARTESIAN_POINT ( 'NONE',  ( -107.2033255369230900, 22.09903142063043900, 11.16933106284481700 ) ) ;
#171 = EDGE_LOOP ( 'NONE', ( #3866, #6224 ) ) ;
#172 = ADVANCED_FACE ( 'NONE', ( #196 ), #2590, .T. ) ;
#173 = AXIS2_PLACEMENT_3D ( 'NONE', #4349, #1474, #4830 ) ;
#174 = CARTESIAN_POINT ( 'NONE',  ( -13.68931835409432200, 22.50323439724363100, 27.14506919568770400 ) ) ;
#175 = ORIENTED_EDGE ( 'NONE', *, *, #5419, .T. ) ;
#176 = AXIS2_PLACEMENT_3D ( 'NONE', #1493, #4858, #1976 ) ;
#177 = CARTESIAN_POINT ( 'NONE',  ( 20.67329574482812000, 17.34809219020561200, 21.72893815592963000 ) ) ;
#178 = ORIENTED_EDGE ( 'NONE', *, *, #3764, .F. ) ;
#179 = CARTESIAN_POINT ( 'NONE',  ( -78.52871130621790000, -0.2001110937405285700, 15.75629483005561900 ) ) ;
#180 = DIRECTION ( 'NONE',  ( -0.8677242369053603800, -0.4147591311938563200, -0.2739151543422296300 ) ) ;
#181 = CARTESIAN_POINT ( 'NONE',  ( -64.87037734200221500, -2.546555907346554900, 17.97236625862696600 ) ) ;
#182 = CARTESIAN_POINT ( 'NONE',  ( -78.52871130621784300, 17.50699927904734200, 26.46700911577018200 ) ) ;
#183 = DIRECTION ( 'NONE',  ( -1.908979236615881600E-015, -0.8371691043312136100, -0.5469441386040017100 ) ) ;
#184 = CARTESIAN_POINT ( 'NONE',  ( -62.56720637705520000, 18.74429541316049000, 21.47772340148443200 ) ) ;
#185 = EDGE_LOOP ( 'NONE', ( #96, #1888, #2360, #5892, #5644, #1515 ) ) ;
#186 = CARTESIAN_POINT ( 'NONE',  ( -111.5267042551718900, 21.35344409265355000, 11.67415197291321000 ) ) ;
#187 = CIRCLE ( 'NONE', #5052, 2.722222222222225900 ) ;
#188 = ORIENTED_EDGE ( 'NONE', *, *, #2090, .T. ) ;
#189 = CARTESIAN_POINT ( 'NONE',  ( -76.50794510977036100, 20.04095994108207900, 23.69379483005594600 ) ) ;
#190 = ORIENTED_EDGE ( 'NONE', *, *, #701, .T. ) ;
#191 = AXIS2_PLACEMENT_3D ( 'NONE', #5927, #3019, #140 ) ;
#192 = DIRECTION ( 'NONE',  ( -0.7071067811865364700, -0.5900440606790147100, -0.3896767974327375300 ) ) ;
#193 =( BOUNDED_CURVE ( )  B_SPLINE_CURVE ( 3, ( #583, #3461, #3934, #1066 ),
 .UNSPECIFIED., .F., .T. ) 
 B_SPLINE_CURVE_WITH_KNOTS ( ( 4, 4 ),
 ( 2.566748062973232000, 3.716437244206354200 ),
 .UNSPECIFIED. ) 
 CURVE ( )  GEOMETRIC_REPRESENTATION_ITEM ( )  RATIONAL_B_SPLINE_CURVE ( ( 1.000000000000000000, 0.8928512062104722000, 0.8928512062104722000, 1.000000000000000000 ) ) 
 REPRESENTATION_ITEM ( '' )  );
#194 = EDGE_LOOP ( 'NONE', ( #5942, #1763, #3969, #1164 ) ) ;
#195 = FACE_OUTER_BOUND ( 'NONE', #1473, .T. ) ;
#196 = FACE_OUTER_BOUND ( 'NONE', #3287, .T. ) ;
#197 = ORIENTED_EDGE ( 'NONE', *, *, #392, .T. ) ;
#198 = ADVANCED_FACE ( 'NONE', ( #5651 ), #38, .T. ) ;
#199 = VERTEX_POINT ( 'NONE', #2628 ) ;
#200 = PLANE ( 'NONE',  #3562 ) ;
#201 = CARTESIAN_POINT ( 'NONE',  ( -108.7356993940665900, 23.18846218399376000, 10.46317819600143800 ) ) ;
#202 = LINE ( 'NONE', #2130, #1476 ) ;
#203 = CARTESIAN_POINT ( 'NONE',  ( -54.30393100767837900, 14.97303861701285200, 12.80808054434149000 ) ) ;
#204 = CARTESIAN_POINT ( 'NONE',  ( -67.42670425517185600, 19.85344409265349700, 15.02415197291303700 ) ) ;
#205 = CARTESIAN_POINT ( 'NONE',  ( -58.34546340057334400, -2.734071755775348200, 23.51879483005550500 ) ) ;
#206 = EDGE_CURVE ( 'NONE', #3870, #499, #2953, .T. ) ;
#207 = CARTESIAN_POINT ( 'NONE',  ( -12.83560330372819000, 19.35978285564263500, 24.53325845311084300 ) ) ;
#208 = CARTESIAN_POINT ( 'NONE',  ( -74.58937309823551200, -0.3282585483607446400, 18.52950911576989400 ) ) ;
#209 = EDGE_CURVE ( 'NONE', #1237, #2251, #5184, .T. ) ;
#210 = CARTESIAN_POINT ( 'NONE',  ( -8.415020544829854300, 22.86051080062906800, 22.82883904730837800 ) ) ;
#211 = FACE_OUTER_BOUND ( 'NONE', #1959, .T. ) ;
#212 = CARTESIAN_POINT ( 'NONE',  ( -4.080990041193016900, 17.34809219020561200, 21.72893815592972200 ) ) ;
#213 = DIRECTION ( 'NONE',  ( -0.4962824954031764300, -0.7244355601270821000, -0.4784316084664108100 ) ) ;
#214 = VECTOR ( 'NONE', #4367, 999.9999999999998900 ) ;
#215 = CARTESIAN_POINT ( 'NONE',  ( -61.26555515970254400, -4.140313831560951600, 20.74558054434120900 ) ) ;
#216 =( BOUNDED_CURVE ( )  B_SPLINE_CURVE ( 3, ( #1512, #1039, #1997, #5383 ),
 .UNSPECIFIED., .F., .F. ) 
 B_SPLINE_CURVE_WITH_KNOTS ( ( 4, 4 ),
 ( 5.708340716563029100, 6.858029897796147800 ),
 .UNSPECIFIED. ) 
 CURVE ( )  GEOMETRIC_REPRESENTATION_ITEM ( )  RATIONAL_B_SPLINE_CURVE ( ( 1.000000000000000000, 0.8928512062104729800, 0.8928512062104729800, 1.000000000000000000 ) ) 
 REPRESENTATION_ITEM ( '' )  );
#217 = CARTESIAN_POINT ( 'NONE',  ( -77.77706061939211700, 13.63791301327481900, 23.24022340148441400 ) ) ;
#218 = ADVANCED_FACE ( 'NONE', ( #1470 ), #6175, .T. ) ;
#219 = CARTESIAN_POINT ( 'NONE',  ( -106.7247117227103700, 23.26371464007170800, 11.86903592163072900 ) ) ;
#220 = CARTESIAN_POINT ( 'NONE',  ( -111.5158059893011300, 20.07324076922401800, 9.431129925829953500 ) ) ;
#221 = DIRECTION ( 'NONE',  ( -0.8838353839626661400, 0.2577970543952051200, -0.3903532922888218700 ) ) ;
#222 = CARTESIAN_POINT ( 'NONE',  ( -115.5267042551718900, 21.35344409265355000, 11.67415197291322200 ) ) ;
#223 = CARTESIAN_POINT ( 'NONE',  ( -9.447423972536304500, 21.45109523815425600, 21.37574168514662900 ) ) ;
#224 = AXIS2_PLACEMENT_3D ( 'NONE', #6068, #3167, #295 ) ;
#225 = EDGE_CURVE ( 'NONE', #5764, #2943, #1867, .T. ) ;
#226 = EDGE_CURVE ( 'NONE', #6060, #1694, #1341, .T. ) ;
#227 = CONICAL_SURFACE ( 'NONE', #1439, 4.400000000000003000, 0.7853981633974609400 ) ;
#228 = FACE_BOUND ( 'NONE', #4429, .T. ) ;
#229 = DIRECTION ( 'NONE',  ( -1.000000000000000000, -2.132529265733050800E-017, 3.517630367272413100E-015 ) ) ;
#230 = CARTESIAN_POINT ( 'NONE',  ( -12.06632778705629000, 21.07905450091554700, 30.44115339979105200 ) ) ;
#231 = CARTESIAN_POINT ( 'NONE',  ( -81.99188371364211000, 8.653444092653334300, 25.78665197291291700 ) ) ;
#232 = ORIENTED_EDGE ( 'NONE', *, *, #2149, .T. ) ;
#233 = CARTESIAN_POINT ( 'NONE',  ( -110.5267042551718900, 22.95943769486864700, 17.26249556915916000 ) ) ;
#234 = EDGE_LOOP ( 'NONE', ( #1022, #4625, #4878, #41 ) ) ;
#235 = CARTESIAN_POINT ( 'NONE',  ( -69.98303116834158300, -2.546555907346459000, 12.07593768719841700 ) ) ;
#236 = CARTESIAN_POINT ( 'NONE',  ( -73.58785335064115400, 21.44720201686776700, 20.57058054434165200 ) ) ;
#237 = CARTESIAN_POINT ( 'NONE',  ( -12.62356623796837400, 23.02234071867321300, 25.47632439665583700 ) ) ;
#238 = CARTESIAN_POINT ( 'NONE',  ( -58.67019165152993300, 15.63652987347129800, 15.58129483005579600 ) ) ;
#239 = ORIENTED_EDGE ( 'NONE', *, *, #3467, .F. ) ;
#240 =( BOUNDED_CURVE ( )  B_SPLINE_CURVE ( 3, ( #836, #473, #4306, #1432 ),
 .UNSPECIFIED., .F., .F. ) 
 B_SPLINE_CURVE_WITH_KNOTS ( ( 4, 4 ),
 ( 2.164600308247009800, 4.118584998932573300 ),
 .UNSPECIFIED. ) 
 CURVE ( )  GEOMETRIC_REPRESENTATION_ITEM ( )  RATIONAL_B_SPLINE_CURVE ( ( 1.000000000000000000, 0.7063452485847585600, 0.7063452485847585600, 1.000000000000000000 ) ) 
 REPRESENTATION_ITEM ( '' )  );
#241 = CARTESIAN_POINT ( 'NONE',  ( -70.66776159151203300, 22.85344409265345400, 17.79736625862738500 ) ) ;
#242 = CARTESIAN_POINT ( 'NONE',  ( -58.67019165152993300, 1.670358311835588900, 20.29200911576986500 ) ) ;
#243 = CARTESIAN_POINT ( 'NONE',  ( -115.5267042551718800, 24.61840359954527800, 13.80723411346882500 ) ) ;
#244 = DIRECTION ( 'NONE',  ( -1.000000000000000000, 3.788652234618511700E-017, 3.304662259982990100E-015 ) ) ;
#245 = CARTESIAN_POINT ( 'NONE',  ( -112.5267042551719200, 23.74992051771147700, 10.38287563869884300 ) ) ;
#246 = ORIENTED_EDGE ( 'NONE', *, *, #886, .F. ) ;
#247 = CARTESIAN_POINT ( 'NONE',  ( -15.35881040382237100, 21.33580271910519600, 26.37407416688426700 ) ) ;
#248 = ADVANCED_FACE ( 'NONE', ( #3589, #4851 ), #4727, .F. ) ;
#249 = ORIENTED_EDGE ( 'NONE', *, *, #384, .F. ) ;
#250 = DIRECTION ( 'NONE',  ( 2.947032800510583500E-015, -0.5510862118714845400, 0.8344483130099414900 ) ) ;
#251 = CARTESIAN_POINT ( 'NONE',  ( -8.623996989166149900, 23.26012318395078500, 26.93087507442294600 ) ) ;
#252 = CARTESIAN_POINT ( 'NONE',  ( -11.13131937726450500, 27.44228664419916100, 24.61546998847881400 ) ) ;
#253 = CARTESIAN_POINT ( 'NONE',  ( -53.58272790218995100, 5.493646830473700500, 22.83843768719847800 ) ) ;
#254 = AXIS2_PLACEMENT_3D ( 'NONE', #2080, #5471, #2557 ) ;
#255 = EDGE_CURVE ( 'NONE', #1982, #39, #6019, .T. ) ;
#256 = CARTESIAN_POINT ( 'NONE',  ( -112.7267042551719000, 20.59999189875545900, 11.18190224816961200 ) ) ;
#257 = CARTESIAN_POINT ( 'NONE',  ( -62.56720637705524300, 18.74429541316067500, 9.127723401484422200 ) ) ;
#258 = CARTESIAN_POINT ( 'NONE',  ( -64.18564691883175000, -5.546555907346546900, 17.62236625862691500 ) ) ;
#259 = ORIENTED_EDGE ( 'NONE', *, *, #4648, .F. ) ;
#260 = DIRECTION ( 'NONE',  ( 1.920722739381899900E-015, 0.8344483130099413800, 0.5510862118714846500 ) ) ;
#261 = CARTESIAN_POINT ( 'NONE',  ( -78.34589687160828900, 6.161209632342661300, 22.55986625862715300 ) ) ;
#262 = CARTESIAN_POINT ( 'NONE',  ( -74.58937309823549800, 17.63514673366766100, 17.34379483005588800 ) ) ;
#263 = EDGE_LOOP ( 'NONE', ( #1400, #2927 ) ) ;
#264 = CARTESIAN_POINT ( 'NONE',  ( -113.0267042551708100, 22.14655717887190500, 8.997517068738510200 ) ) ;
#265 = CARTESIAN_POINT ( 'NONE',  ( 20.67329574482813100, 21.35344409265333400, 24.37415197291275200 ) ) ;
#266 = ORIENTED_EDGE ( 'NONE', *, *, #5143, .F. ) ;
#267 = AXIS2_PLACEMENT_3D ( 'NONE', #5442, #3090, #213 ) ;
#268 = EDGE_CURVE ( 'NONE', #2508, #4258, #1021, .T. ) ;
#269 = PLANE ( 'NONE',  #5918 ) ;
#270 = ORIENTED_EDGE ( 'NONE', *, *, #2229, .T. ) ;
#271 = AXIS2_PLACEMENT_3D ( 'NONE', #2311, #1366, #4732 ) ;
#272 = DIRECTION ( 'NONE',  ( 1.000000000000000000, 2.132529265733050800E-017, -3.517630367272413100E-015 ) ) ;
#273 = AXIS2_PLACEMENT_3D ( 'NONE', #4597, #1724, #5086 ) ;
#274 = DIRECTION ( 'NONE',  ( 1.000000000000000000, 5.726637133838782600E-029, -3.490263633665282600E-015 ) ) ;
#275 = ORIENTED_EDGE ( 'NONE', *, *, #2326, .F. ) ;
#276 = CARTESIAN_POINT ( 'NONE',  ( -80.54947750266541100, 14.97303861701275600, 19.89022340148444100 ) ) ;
#277 = DIRECTION ( 'NONE',  ( 1.000000000000000000, 2.132529265733050800E-017, -3.517630367272413100E-015 ) ) ;
#278 = EDGE_LOOP ( 'NONE', ( #5556, #2965, #4006, #5603, #3141, #3119, #3458, #958, #5365, #5229, #1012, #2583, #4534, #113, #4776, #1299, #2685, #5807, #5614, #3921, #5132, #4893, #2184, #1919, #5378, #3247, #4793, #3194, #5976, #2384, #3519, #3983, #2372, #4932 ) ) ;
#279 = CARTESIAN_POINT ( 'NONE',  ( -67.42670425517187000, 22.85344409265350100, 14.67415197291308000 ) ) ;
#280 = EDGE_LOOP ( 'NONE', ( #3416, #4555 ) ) ;
#281 = CARTESIAN_POINT ( 'NONE',  ( -17.32670425517182600, 23.85678903168315300, 26.02741060852734000 ) ) ;
#282 = EDGE_LOOP ( 'NONE', ( #1687, #5819, #1095, #5778, #2277, #4928 ) ) ;
#283 = EDGE_LOOP ( 'NONE', ( #1610, #1392, #4230, #5796 ) ) ;
#284 =( BOUNDED_CURVE ( )  B_SPLINE_CURVE ( 3, ( #5039, #1677, #4067, #2160 ),
 .UNSPECIFIED., .F., .T. ) 
 B_SPLINE_CURVE_WITH_KNOTS ( ( 4, 4 ),
 ( 2.164600308247013800, 4.118584998932572500 ),
 .UNSPECIFIED. ) 
 CURVE ( )  GEOMETRIC_REPRESENTATION_ITEM ( )  RATIONAL_B_SPLINE_CURVE ( ( 1.000000000000000000, 0.7063452485847598900, 0.7063452485847598900, 1.000000000000000000 ) ) 
 REPRESENTATION_ITEM ( '' )  );
#285 = CARTESIAN_POINT ( 'NONE',  ( -55.93867538651927900, 8.653444092653416000, 19.61165197291282400 ) ) ;
#286 = CARTESIAN_POINT ( 'NONE',  ( -107.5267042551719200, 19.33958069706554600, 11.91129526284601100 ) ) ;
#287 = DIRECTION ( 'NONE',  ( -1.000000000000000000, -5.726637133838782600E-029, 3.490263633665282600E-015 ) ) ;
#288 = CARTESIAN_POINT ( 'NONE',  ( -62.56720637705523600, -1.437407227853595200, 14.39558054434125700 ) ) ;
#289 = FACE_OUTER_BOUND ( 'NONE', #1025, .T. ) ;
#290 = ADVANCED_FACE ( 'NONE', ( #3419 ), #960, .F. ) ;
#291 = ORIENTED_EDGE ( 'NONE', *, *, #2798, .F. ) ;
#292 = CARTESIAN_POINT ( 'NONE',  ( -109.1236618512804700, 21.81207788129795600, 12.44900482534456300 ) ) ;
#293 = AXIS2_PLACEMENT_3D ( 'NONE', #3897, #1034, #4389 ) ;
#294 = CARTESIAN_POINT ( 'NONE',  ( -12.99449490724483300, 19.32394360792331900, 24.08417983071463200 ) ) ;
#295 = DIRECTION ( 'NONE',  ( 0.0000000000000000000, 0.8371691043312138300, 0.5469441386040013700 ) ) ;
#296 = CYLINDRICAL_SURFACE ( 'NONE', #1974, 2.500000000000000900 ) ;
#297 = CARTESIAN_POINT ( 'NONE',  ( -105.5267042551718900, 19.88839816007392600, 10.71699973035618000 ) ) ;
#298 = DIRECTION ( 'NONE',  ( -0.8838353839626632600, -0.2577970543952078400, 0.3903532922888263100 ) ) ;
#299 = PLANE ( 'NONE',  #5762 ) ;
#300 = CARTESIAN_POINT ( 'NONE',  ( -56.32469720412584700, -0.2001110937405597700, 16.94200911576982400 ) ) ;
#301 = DIRECTION ( 'NONE',  ( 0.4472135954999593200, 0.7463532606401006600, 0.4929064924829951200 ) ) ;
#302 = DIRECTION ( 'NONE',  ( -0.4970459221108379200, -0.7240710256435160000, -0.4781908626652475200 ) ) ;
#303 = LINE ( 'NONE', #4594, #3952 ) ;
#304 =( BOUNDED_CURVE ( )  B_SPLINE_CURVE ( 3, ( #5775, #4299, #3348, #479 ),
 .UNSPECIFIED., .F., .F. ) 
 B_SPLINE_CURVE_WITH_KNOTS ( ( 4, 4 ),
 ( 0.0000000000000000000, 1.034761171164957800 ),
 .UNSPECIFIED. ) 
 CURVE ( )  GEOMETRIC_REPRESENTATION_ITEM ( )  RATIONAL_B_SPLINE_CURVE ( ( 1.000000000000000000, 0.9127451573267444400, 0.9127451573267444400, 1.000000000000000000 ) ) 
 REPRESENTATION_ITEM ( '' )  );
#305 = CARTESIAN_POINT ( 'NONE',  ( -72.28620213328848400, -1.437407227853746200, 24.65272340148414900 ) ) ;
#306 = EDGE_CURVE ( 'NONE', #343, #5611, #2145, .T. ) ;
#307 = CARTESIAN_POINT ( 'NONE',  ( -113.4689962031934600, 21.91726305892901600, 8.876594384307548300 ) ) ;
#308 = EDGE_CURVE ( 'NONE', #5986, #5706, #2318, .T. ) ;
#309 = CARTESIAN_POINT ( 'NONE',  ( -12.01982630436627300, 24.35328990747315100, 24.34373672496027700 ) ) ;
#310 = VECTOR ( 'NONE', #1686, 1000.000000000000000 ) ;
#311 = CARTESIAN_POINT ( 'NONE',  ( -107.5267042150176600, 22.08108985372158600, 13.57219939087878300 ) ) ;
#312 = FACE_OUTER_BOUND ( 'NONE', #5713, .T. ) ;
#313 = CARTESIAN_POINT ( 'NONE',  ( -113.3267042551718500, 22.15959953177638300, 12.08573252966315100 ) ) ;
#314 = DIRECTION ( 'NONE',  ( -1.000000000000000000, -5.726637133838782600E-029, 3.490263633665282600E-015 ) ) ;
#315 = LINE ( 'NONE', #5432, #5278 ) ;
#316 = DIRECTION ( 'NONE',  ( -0.9904922731777517900, -0.1151679901643342500, -0.07524221432598615600 ) ) ;
#317 = AXIS2_PLACEMENT_3D ( 'NONE', #5107, #781, #1262 ) ;
#318 = ORIENTED_EDGE ( 'NONE', *, *, #2523, .T. ) ;
#319 = ADVANCED_FACE ( 'NONE', ( #5858 ), #2357, .F. ) ;
#320 = VERTEX_POINT ( 'NONE', #918 ) ;
#321 = CARTESIAN_POINT ( 'NONE',  ( -14.34527545955892000, 19.32394360792331900, 24.08417983071463900 ) ) ;
#322 = CARTESIAN_POINT ( 'NONE',  ( -72.28620213328848400, 18.74429541316040800, 26.92058054434160800 ) ) ;
#323 = CARTESIAN_POINT ( 'NONE',  ( -109.2350096743792000, 20.81789143960922300, 10.94961707669529900 ) ) ;
#324 = VERTEX_POINT ( 'NONE', #456 ) ;
#325 = CARTESIAN_POINT ( 'NONE',  ( -60.26403541210822800, 17.63514673366757500, 21.70450911577012200 ) ) ;
#326 = CARTESIAN_POINT ( 'NONE',  ( -13.07851955382193600, 23.27060861118624400, 25.10040005012120900 ) ) ;
#327 = AXIS2_PLACEMENT_3D ( 'NONE', #5100, #4150, #1278 ) ;
#328 = DIRECTION ( 'NONE',  ( -1.613696256722612700E-015, -0.8344483130099413800, -0.5510862118714845400 ) ) ;
#329 = CARTESIAN_POINT ( 'NONE',  ( -108.9300786142219400, 22.24728808214279900, 11.78271940923291100 ) ) ;
#330 = ORIENTED_EDGE ( 'NONE', *, *, #5834, .F. ) ;
#331 = CARTESIAN_POINT ( 'NONE',  ( -112.5267042551718900, 23.63240443222185400, 13.16305546133521500 ) ) ;
#332 = CARTESIAN_POINT ( 'NONE',  ( -109.5267042551718900, 17.85802310302676000, 14.64750582088967300 ) ) ;
#333 = CARTESIAN_POINT ( 'NONE',  ( -69.98303116834158300, -2.546555907346602400, 21.42593768719842000 ) ) ;
#334 = CARTESIAN_POINT ( 'NONE',  ( -106.7492339789171800, 19.44361514005607500, 11.47503702710146300 ) ) ;
#335 = ORIENTED_EDGE ( 'NONE', *, *, #5875, .T. ) ;
#336 = CARTESIAN_POINT ( 'NONE',  ( -72.28620213328851200, -1.437407227853699300, 21.65272340148415600 ) ) ;
#337 = LINE ( 'NONE', #2700, #5446 ) ;
#338 = CARTESIAN_POINT ( 'NONE',  ( -7.784587090412458100, 20.77972570090734200, 22.45820646038583500 ) ) ;
#339 = ORIENTED_EDGE ( 'NONE', *, *, #1559, .F. ) ;
#340 = CARTESIAN_POINT ( 'NONE',  ( -7.784587090412443900, 19.36609124754999200, 24.59871525811249500 ) ) ;
#341 = ORIENTED_EDGE ( 'NONE', *, *, #4382, .F. ) ;
#342 = EDGE_CURVE ( 'NONE', #1914, #3592, #736, .T. ) ;
#343 = VERTEX_POINT ( 'NONE', #1438 ) ;
#344 = AXIS2_PLACEMENT_3D ( 'NONE', #5334, #2438, #5835 ) ;
#345 = EDGE_CURVE ( 'NONE', #5009, #5283, #748, .T. ) ;
#346 = CARTESIAN_POINT ( 'NONE',  ( -76.18321685881379300, 1.670358311835622400, 18.75629483005563700 ) ) ;
#347 = EDGE_LOOP ( 'NONE', ( #680, #3576, #3999, #1020 ) ) ;
#348 = CARTESIAN_POINT ( 'NONE',  ( -9.447423972536290300, 23.34644083506591300, 24.20692761842815300 ) ) ;
#349 = CARTESIAN_POINT ( 'NONE',  ( -67.42670425517182800, 19.85344409265335100, 24.37415197291304000 ) ) ;
#350 = ORIENTED_EDGE ( 'NONE', *, *, #5596, .T. ) ;
#351 = CARTESIAN_POINT ( 'NONE',  ( -12.00075363940946900, 19.44735269295716400, 21.81653899563614700 ) ) ;
#352 = CARTESIAN_POINT ( 'NONE',  ( -12.00075363940947200, 18.85009915362350300, 22.72089333729841300 ) ) ;
#353 = EDGE_CURVE ( 'NONE', #5895, #4477, #3290, .T. ) ;
#354 = EDGE_CURVE ( 'NONE', #4298, #3029, #5881, .T. ) ;
#355 = CARTESIAN_POINT ( 'NONE',  ( -62.56720637705520700, 18.74429541316053600, 18.47772340148442200 ) ) ;
#356 = ORIENTED_EDGE ( 'NONE', *, *, #2661, .F. ) ;
#357 = CARTESIAN_POINT ( 'NONE',  ( -7.551881839805378000, 22.76126436266054400, 25.87164316919726700 ) ) ;
#358 = CARTESIAN_POINT ( 'NONE',  ( -107.3078838537805400, 20.70839347141616600, 12.30737249704259300 ) ) ;
#359 = COORDINATED_UNIVERSAL_TIME_OFFSET ( 5, 0, .BEHIND. ) ;
#360 = ORIENTED_EDGE ( 'NONE', *, *, #4566, .T. ) ;
#361 = CARTESIAN_POINT ( 'NONE',  ( 18.17329574482815600, 22.71343197699517800, 19.02410118438795200 ) ) ;
#362 = ORIENTED_EDGE ( 'NONE', *, *, #1621, .T. ) ;
#363 = CARTESIAN_POINT ( 'NONE',  ( -60.26403541210825700, 17.63514673366762200, 18.70450911577012600 ) ) ;
#364 = ORIENTED_EDGE ( 'NONE', *, *, #797, .F. ) ;
#365 = CYLINDRICAL_SURFACE ( 'NONE', #5654, 2.000000000000001800 ) ;
#366 = VECTOR ( 'NONE', #2116, 1000.000000000000000 ) ;
#367 = ORIENTED_EDGE ( 'NONE', *, *, #1431, .F. ) ;
#368 = CARTESIAN_POINT ( 'NONE',  ( 18.17329574482815600, 26.09815794026132400, 21.55275143600409000 ) ) ;
#369 = DIRECTION ( 'NONE',  ( -1.000000000000000000, -5.726637133838782600E-029, 3.490263633665282600E-015 ) ) ;
#370 = EDGE_LOOP ( 'NONE', ( #4313, #5056 ) ) ;
#371 = CARTESIAN_POINT ( 'NONE',  ( -57.07634789095162400, 13.63791301327492200, 15.80808054434148600 ) ) ;
#372 = CARTESIAN_POINT ( 'NONE',  ( -13.42349669401400200, 19.84637738467760200, 25.91946489851736900 ) ) ;
#373 = CARTESIAN_POINT ( 'NONE',  ( -4.326704255171812000, 25.35879599510105100, 27.01936578989596400 ) ) ;
#374 = FACE_OUTER_BOUND ( 'NONE', #6010, .T. ) ;
#375 = CARTESIAN_POINT ( 'NONE',  ( -72.28620213328851200, -1.437407227853699300, 21.65272340148415600 ) ) ;
#376 = CARTESIAN_POINT ( 'NONE',  ( 18.17329574482815600, 22.71343197699517800, 19.02410118438795200 ) ) ;
#377 = PLANE ( 'NONE',  #2132 ) ;
#378 = AXIS2_PLACEMENT_3D ( 'NONE', #1281, #4638, #1762 ) ;
#379 = DIRECTION ( 'NONE',  ( 1.826024711554535200E-015, 0.8344483130099416000, 0.5510862118714844300 ) ) ;
#380 = CARTESIAN_POINT ( 'NONE',  ( -74.58937309823552700, -0.3282585483606930700, 15.52950911576988700 ) ) ;
#381 = LINE ( 'NONE', #5913, #5332 ) ;
#382 = LINE ( 'NONE', #1014, #214 ) ;
#383 = CARTESIAN_POINT ( 'NONE',  ( -106.7455214767463000, 21.67445341686684300, 10.82917985286966300 ) ) ;
#384 = EDGE_CURVE ( 'NONE', #1011, #2, #3135, .T. ) ;
#385 = LINE ( 'NONE', #1437, #4047 ) ;
#386 = CARTESIAN_POINT ( 'NONE',  ( -105.5267042551718900, 21.35344409265355000, 11.67415197291318800 ) ) ;
#387 = CARTESIAN_POINT ( 'NONE',  ( -73.58785335064119700, -4.140313831560958700, 21.65272340148411700 ) ) ;
#388 = B_SPLINE_CURVE_WITH_KNOTS ( 'NONE', 3,
 ( #560, #4381, #5412, #2500, #5904, #2997, #119, #3480, #600, #3951 ),
 .UNSPECIFIED., .F., .F.,
 ( 4, 2, 2, 2, 4 ),
 ( 0.0008443703510243959600, 0.001045793479947754200, 0.001247216608871112600, 0.001448639737794471000, 0.001650062866717829300 ),
 .UNSPECIFIED. ) ;
#389 = CARTESIAN_POINT ( 'NONE',  ( -108.7565455432716000, 21.72590838776702100, 9.507059751522593400 ) ) ;
#390 = CARTESIAN_POINT ( 'NONE',  ( -112.7267042551719000, 20.59999189875545900, 11.18190224816961200 ) ) ;
#391 = FACE_BOUND ( 'NONE', #2356, .T. ) ;
#392 = EDGE_CURVE ( 'NONE', #4060, #1388, #4758, .T. ) ;
#393 = AXIS2_PLACEMENT_3D ( 'NONE', #932, #5270, #3322 ) ;
#394 = EDGE_CURVE ( 'NONE', #1967, #941, #5559, .T. ) ;
#395 = CARTESIAN_POINT ( 'NONE',  ( -10.35033425463823600, 21.37108546620147800, 22.37422977894147600 ) ) ;
#396 = CARTESIAN_POINT ( 'NONE',  ( -60.26403541210824200, 17.63514673366762200, 18.70450911577012600 ) ) ;
#397 = ORIENTED_EDGE ( 'NONE', *, *, #5371, .T. ) ;
#398 = CARTESIAN_POINT ( 'NONE',  ( 18.17329574482818400, 24.17484462956200600, 29.11886582052075000 ) ) ;
#399 = EDGE_LOOP ( 'NONE', ( #3852, #5855, #3291, #1773 ) ) ;
#400 = CARTESIAN_POINT ( 'NONE',  ( -110.5267042551719100, 22.44054881157385900, 13.86473389441331600 ) ) ;
#401 = PERSON_AND_ORGANIZATION_ROLE ( 'creator' ) ;
#402 = CARTESIAN_POINT ( 'NONE',  ( -58.67019165152995400, 15.63652987347134600, 12.58129483005578700 ) ) ;
#403 = CARTESIAN_POINT ( 'NONE',  ( -110.5267042551718900, 24.32679804137865200, 15.16957280833112300 ) ) ;
#404 = ORIENTED_EDGE ( 'NONE', *, *, #1603, .T. ) ;
#405 = PLANE ( 'NONE',  #5991 ) ;
#406 = CARTESIAN_POINT ( 'NONE',  ( -115.5267042551718900, 21.35344409265355000, 11.67415197291322200 ) ) ;
#407 = ORIENTED_EDGE ( 'NONE', *, *, #4737, .T. ) ;
#408 = CARTESIAN_POINT ( 'NONE',  ( -9.447423972536290300, 18.63412701990058200, 25.64116209830073600 ) ) ;
#409 = DIRECTION ( 'NONE',  ( 1.000000000000000000, 2.132529265733050800E-017, -3.517630367272413100E-015 ) ) ;
#410 = CARTESIAN_POINT ( 'NONE',  ( -58.34546340057334400, 20.04095994108213900, 18.70450911577015100 ) ) ;
#411 = VECTOR ( 'NONE', #1599, 1000.000000000000100 ) ;
#412 = CARTESIAN_POINT ( 'NONE',  ( -113.4671742786182200, 20.78605954904393700, 14.47074378930979000 ) ) ;
#413 = VERTEX_POINT ( 'NONE', #2967 ) ;
#414 = CARTESIAN_POINT ( 'NONE',  ( -10.35033425463823600, 16.07776018844792900, 22.90155861990327700 ) ) ;
#415 = AXIS2_PLACEMENT_3D ( 'NONE', #5224, #2337, #5731 ) ;
#416 = CARTESIAN_POINT ( 'NONE',  ( -76.18321685881380700, 1.670358311835672200, 15.75629483005563900 ) ) ;
#417 = CARTESIAN_POINT ( 'NONE',  ( -107.5267042551718800, 21.94525292936840100, 13.61364804582378200 ) ) ;
#418 = CARTESIAN_POINT ( 'NONE',  ( -110.6162265293561400, 22.67927975978128800, 13.74330660345197500 ) ) ;
#419 = EDGE_LOOP ( 'NONE', ( #4917, #3109 ) ) ;
#420 = EDGE_LOOP ( 'NONE', ( #4688, #4322, #5842, #2733 ) ) ;
#421 = CARTESIAN_POINT ( 'NONE',  ( -78.34589687160828900, 6.161209632342706600, 19.55986625862714600 ) ) ;
#422 = ORIENTED_EDGE ( 'NONE', *, *, #4832, .F. ) ;
#423 = ORIENTED_EDGE ( 'NONE', *, *, #3799, .F. ) ;
#424 = CARTESIAN_POINT ( 'NONE',  ( -7.509627022045434000, 24.32949728037527100, 21.99707780788066500 ) ) ;
#425 = CARTESIAN_POINT ( 'NONE',  ( -10.35033425463822400, 19.52102995597194400, 25.17556224966891800 ) ) ;
#426 = CARTESIAN_POINT ( 'NONE',  ( -78.52871130621790000, -0.2001110937405285700, 15.75629483005561900 ) ) ;
#427 = EDGE_LOOP ( 'NONE', ( #3393, #3035, #4539, #1450, #3700, #356, #4452 ) ) ;
#428 = EDGE_CURVE ( 'NONE', #931, #1820, #896, .T. ) ;
#429 = EDGE_CURVE ( 'NONE', #320, #2656, #3629, .T. ) ;
#430 = ORIENTED_EDGE ( 'NONE', *, *, #5293, .F. ) ;
#431 = DIRECTION ( 'NONE',  ( 1.920722739381899900E-015, 0.8344483130099413800, 0.5510862118714846500 ) ) ;
#432 = CARTESIAN_POINT ( 'NONE',  ( -105.5257042551719000, 20.59999189875545900, 11.18190224816958500 ) ) ;
#433 = CARTESIAN_POINT ( 'NONE',  ( -57.07634789095164500, 13.63791301327496800, 12.80808054434147400 ) ) ;
#434 = ORIENTED_EDGE ( 'NONE', *, *, #1963, .F. ) ;
#435 = CARTESIAN_POINT ( 'NONE',  ( -5.326704255171827100, 25.35879599510104800, 27.01936578989597100 ) ) ;
#436 = VECTOR ( 'NONE', #3694, 1000.000000000000100 ) ;
#437 = LINE ( 'NONE', #4809, #4270 ) ;
#438 = CC_DESIGN_PERSON_AND_ORGANIZATION_ASSIGNMENT ( #4327, #3755, ( #4747 ) ) ;
#439 = EDGE_LOOP ( 'NONE', ( #2315, #3420 ) ) ;
#440 = CARTESIAN_POINT ( 'NONE',  ( -113.3079565742345200, 20.72007636690830200, 11.02923712267257800 ) ) ;
#441 = AXIS2_PLACEMENT_3D ( 'NONE', #1722, #5078, #2192 ) ;
#442 = ORIENTED_EDGE ( 'NONE', *, *, #5268, .F. ) ;
#443 = ORIENTED_EDGE ( 'NONE', *, *, #1931, .F. ) ;
#444 = EDGE_CURVE ( 'NONE', #3494, #2540, #2479, .T. ) ;
#445 = CARTESIAN_POINT ( 'NONE',  ( -55.93867538651926500, 8.653444092653463900, 16.61165197291282400 ) ) ;
#446 = VERTEX_POINT ( 'NONE', #4321 ) ;
#447 = CARTESIAN_POINT ( 'NONE',  ( -14.05029230049572300, 22.32545406305617800, 27.40529667414145700 ) ) ;
#448 = UNCERTAINTY_MEASURE_WITH_UNIT (LENGTH_MEASURE( 1.000000000000000100E-005 ), #839, 'distance_accuracy_value', 'NONE');
#449 = VECTOR ( 'NONE', #4939, 1000.000000000000000 ) ;
#450 = CARTESIAN_POINT ( 'NONE',  ( -111.2354703546353800, 21.15336733124209100, 12.55261975408053800 ) ) ;
#451 = FACE_BOUND ( 'NONE', #2859, .T. ) ;
#452 = CARTESIAN_POINT ( 'NONE',  ( -54.30393100767836500, 14.97303861701285400, 12.80808054434149000 ) ) ;
#453 = AXIS2_PLACEMENT_3D ( 'NONE', #6079, #3178, #301 ) ;
#454 = VECTOR ( 'NONE', #3854, 1000.000000000000100 ) ;
#455 = CARTESIAN_POINT ( 'NONE',  ( 19.67329574482814900, 17.38981460585611300, 21.75649246652321300 ) ) ;
#456 = CARTESIAN_POINT ( 'NONE',  ( -107.0267042551708400, 22.41230822809241700, 13.32153662354142300 ) ) ;
#457 = CARTESIAN_POINT ( 'NONE',  ( -15.35881040382238500, 23.18585822933472300, 23.57274169615685000 ) ) ;
#458 = DIRECTION ( 'NONE',  ( 2.967038804785362000E-015, 0.3442362757280893500, 0.9388830526071151300 ) ) ;
#459 = CIRCLE ( 'NONE', #4769, 3.000000000000000000 ) ;
#460 = CARTESIAN_POINT ( 'NONE',  ( -78.34589687160830400, 11.14567855296424500, 13.66343768719865400 ) ) ;
#461 = LINE ( 'NONE', #4211, #5416 ) ;
#462 = CARTESIAN_POINT ( 'NONE',  ( -110.9299148902408900, 21.46208767982239600, 10.78031678302719200 ) ) ;
#463 = VECTOR ( 'NONE', #5281, 1000.000000000000200 ) ;
#464 = CARTESIAN_POINT ( 'NONE',  ( -111.2031396712732600, 21.19090743315751300, 12.55977680214761000 ) ) ;
#465 = EDGE_CURVE ( 'NONE', #5182, #3033, #2964, .T. ) ;
#466 = VECTOR ( 'NONE', #2021, 1000.000000000000100 ) ;
#467 = CARTESIAN_POINT ( 'NONE',  ( 18.17329574482815600, 26.70349488117814800, 25.73413985725459000 ) ) ;
#468 = CARTESIAN_POINT ( 'NONE',  ( -10.35033425463822400, 26.62912799685876000, 25.84674532592251600 ) ) ;
#469 = ORIENTED_EDGE ( 'NONE', *, *, #166, .F. ) ;
#470 = ORIENTED_EDGE ( 'NONE', *, *, #981, .T. ) ;
#471 = AXIS2_PLACEMENT_3D ( 'NONE', #3377, #513, #3853 ) ;
#472 = EDGE_CURVE ( 'NONE', #1716, #4923, #437, .T. ) ;
#473 = CARTESIAN_POINT ( 'NONE',  ( -9.710323917782204700, 18.37739090493139600, 26.75122613794507100 ) ) ;
#474 = CARTESIAN_POINT ( 'NONE',  ( -113.5153514764713900, 23.76379401891875900, 10.13425348826056000 ) ) ;
#475 = EDGE_LOOP ( 'NONE', ( #2591, #4907, #5220, #1623 ) ) ;
#476 = CARTESIAN_POINT ( 'NONE',  ( -57.07634789095166600, 3.668975172032115800, 10.71522340148417900 ) ) ;
#477 =( BOUNDED_CURVE ( )  B_SPLINE_CURVE ( 3, ( #2231, #1751, #5120, #5621 ),
 .UNSPECIFIED., .F., .T. ) 
 B_SPLINE_CURVE_WITH_KNOTS ( ( 4, 4 ),
 ( 0.0000000000000000000, 1.019687067598010800 ),
 .UNSPECIFIED. ) 
 CURVE ( )  GEOMETRIC_REPRESENTATION_ITEM ( )  RATIONAL_B_SPLINE_CURVE ( ( 1.000000000000000000, 0.9152139201343658700, 0.9152139201343658700, 1.000000000000000000 ) ) 
 REPRESENTATION_ITEM ( '' )  );
#478 = CARTESIAN_POINT ( 'NONE',  ( -14.47552752048313700, 21.26169553297619800, 27.37274867833980400 ) ) ;
#479 = CARTESIAN_POINT ( 'NONE',  ( -11.15997146669544400, 21.21060740600150800, 27.37074965711178700 ) ) ;
#480 = AXIS2_PLACEMENT_3D ( 'NONE', #619, #1078, #134 ) ;
#481 = ORIENTED_EDGE ( 'NONE', *, *, #5143, .T. ) ;
#482 = FACE_OUTER_BOUND ( 'NONE', #399, .T. ) ;
#483 = CARTESIAN_POINT ( 'NONE',  ( -10.35033425463822400, 21.33580271910519600, 26.37407416688425200 ) ) ;
#484 = DIRECTION ( 'NONE',  ( -2.947032800510570100E-015, 0.5510862118714903200, -0.8344483130099377100 ) ) ;
#485 = DIRECTION ( 'NONE',  ( -2.921940880075401800E-015, 0.5469441386040017100, -0.8371691043312136100 ) ) ;
#486 = VERTEX_POINT ( 'NONE', #11 ) ;
#487 = CARTESIAN_POINT ( 'NONE',  ( -111.0753169553732800, 20.57071491893633900, 12.11837606120552200 ) ) ;
#488 = CYLINDRICAL_SURFACE ( 'NONE', #4916, 0.9000000000000014700 ) ;
#489 = CARTESIAN_POINT ( 'NONE',  ( -108.5267042551718900, 21.35147173882813100, 13.84550234170735200 ) ) ;
#490 = ORIENTED_EDGE ( 'NONE', *, *, #911, .T. ) ;
#491 = VERTEX_POINT ( 'NONE', #2406 ) ;
#492 = EDGE_LOOP ( 'NONE', ( #3520, #3331 ) ) ;
#493 =( BOUNDED_CURVE ( )  B_SPLINE_CURVE ( 3, ( #898, #1371, #424, #3782 ),
 .UNSPECIFIED., .F., .F. ) 
 B_SPLINE_CURVE_WITH_KNOTS ( ( 4, 4 ),
 ( 5.306192961836806000, 7.260177652522366500 ),
 .UNSPECIFIED. ) 
 CURVE ( )  GEOMETRIC_REPRESENTATION_ITEM ( )  RATIONAL_B_SPLINE_CURVE ( ( 1.000000000000000000, 0.7063452485847593300, 0.7063452485847593300, 1.000000000000000000 ) ) 
 REPRESENTATION_ITEM ( '' )  );
#494 = CARTESIAN_POINT ( 'NONE',  ( -76.50794510977039000, 20.04095994108212200, 20.69379483005593200 ) ) ;
#495 = ORIENTED_EDGE ( 'NONE', *, *, #4770, .F. ) ;
#496 = ORIENTED_EDGE ( 'NONE', *, *, #2424, .F. ) ;
#497 = LOCAL_TIME ( 17, 0, 12.00000000000000000, #1782 ) ;
#498 = FACE_BOUND ( 'NONE', #2312, .T. ) ;
#499 = VERTEX_POINT ( 'NONE', #5803 ) ;
#500 = CARTESIAN_POINT ( 'NONE',  ( -17.32670425517183700, 19.68454746663344300, 23.27197954916991700 ) ) ;
#501 = CARTESIAN_POINT ( 'NONE',  ( -108.8505786450436300, 20.46777619778899600, 11.51187237181462200 ) ) ;
#502 = CARTESIAN_POINT ( 'NONE',  ( -14.71794862151372600, 19.93281535914648100, 22.89605520263526400 ) ) ;
#503 = EDGE_CURVE ( 'NONE', #968, #1841, #4108, .T. ) ;
#504 = ORIENTED_EDGE ( 'NONE', *, *, #4073, .T. ) ;
#505 = AXIS2_PLACEMENT_3D ( 'NONE', #2615, #5546, #2638 ) ;
#506 = EDGE_CURVE ( 'NONE', #1445, #4719, #1398, .T. ) ;
#507 = ORIENTED_EDGE ( 'NONE', *, *, #5295, .F. ) ;
#508 = FACE_OUTER_BOUND ( 'NONE', #278, .T. ) ;
#509 = FACE_OUTER_BOUND ( 'NONE', #4315, .T. ) ;
#510 = ORIENTED_EDGE ( 'NONE', *, *, #3945, .F. ) ;
#511 = DIRECTION ( 'NONE',  ( -1.000000000000000000, -2.132529265733050800E-017, 3.517630367272413100E-015 ) ) ;
#512 = VERTEX_POINT ( 'NONE', #6153 ) ;
#513 = DIRECTION ( 'NONE',  ( -1.000000000000000000, -2.132529265733050800E-017, 3.517630367272413100E-015 ) ) ;
#514 = CARTESIAN_POINT ( 'NONE',  ( -11.15997146669544400, 18.65353428590442400, 25.68200786536473100 ) ) ;
#515 =( BOUNDED_CURVE ( )  B_SPLINE_CURVE ( 3, ( #2279, #4673, #372, #3725 ),
 .UNSPECIFIED., .F., .F. ) 
 B_SPLINE_CURVE_WITH_KNOTS ( ( 4, 4 ),
 ( 5.708340716563023800, 6.858029897796146000 ),
 .UNSPECIFIED. ) 
 CURVE ( )  GEOMETRIC_REPRESENTATION_ITEM ( )  RATIONAL_B_SPLINE_CURVE ( ( 1.000000000000000000, 0.8928512062104722000, 0.8928512062104722000, 1.000000000000000000 ) ) 
 REPRESENTATION_ITEM ( '' )  );
#516 = CARTESIAN_POINT ( 'NONE',  ( -61.26555515970254400, -4.140313831560904500, 17.74558054434120900 ) ) ;
#517 = LINE ( 'NONE', #1920, #2914 ) ;
#518 = CARTESIAN_POINT ( 'NONE',  ( -3.326704255171834700, 21.35344409265333000, 24.37415197291283800 ) ) ;
#519 = CARTESIAN_POINT ( 'NONE',  ( -13.80682795621738500, 18.85009915362350300, 22.72089333729841700 ) ) ;
#520 = AXIS2_PLACEMENT_3D ( 'NONE', #159, #3532, #652 ) ;
#521 = CARTESIAN_POINT ( 'NONE',  ( -9.447423972536290300, 21.25579294715238300, 27.37256226067909300 ) ) ;
#522 = DIRECTION ( 'NONE',  ( -1.908979236615881600E-015, -0.8371691043312136100, -0.5469441386040017100 ) ) ;
#523 = CIRCLE ( 'NONE', #5581, 4.800000000000001600 ) ;
#524 = CARTESIAN_POINT ( 'NONE',  ( -70.66776159151203300, 22.85344409265350800, 14.79736625862738500 ) ) ;
#525 = ORIENTED_EDGE ( 'NONE', *, *, #6052, .T. ) ;
#526 = CARTESIAN_POINT ( 'NONE',  ( -113.0753424904812800, 20.90921965467141800, 10.89142299765639200 ) ) ;
#527 = ORIENTED_EDGE ( 'NONE', *, *, #3861, .F. ) ;
#528 = EDGE_CURVE ( 'NONE', #1791, #1237, #1701, .T. ) ;
#529 = CARTESIAN_POINT ( 'NONE',  ( -12.01982630436627300, 19.52102995597194400, 25.17556224966892100 ) ) ;
#530 = DIRECTION ( 'NONE',  ( 1.000000000000000000, -3.788652234618511700E-017, -3.304662259982990100E-015 ) ) ;
#531 = EDGE_CURVE ( 'NONE', #4258, #2570, #1527, .T. ) ;
#532 = ORIENTED_EDGE ( 'NONE', *, *, #1019, .F. ) ;
#533 = CARTESIAN_POINT ( 'NONE',  ( -3.326704255171862600, 18.53204355574466800, 19.62943812530485500 ) ) ;
#534 = DIRECTION ( 'NONE',  ( 1.000000000000000000, 5.726637133838782600E-029, -3.490263633665282600E-015 ) ) ;
#535 = EDGE_LOOP ( 'NONE', ( #95, #1655 ) ) ;
#536 = AXIS2_PLACEMENT_3D ( 'NONE', #1757, #5127, #2237 ) ;
#537 = EDGE_CURVE ( 'NONE', #2470, #5798, #284, .T. ) ;
#538 = EDGE_CURVE ( 'NONE', #446, #5508, #5255, .T. ) ;
#539 = CARTESIAN_POINT ( 'NONE',  ( -15.35881040382237100, 26.62912799685876000, 25.84674532592253000 ) ) ;
#540 =( BOUNDED_CURVE ( )  B_SPLINE_CURVE ( 3, ( #2275, #3223, #827, #5665 ),
 .UNSPECIFIED., .F., .T. ) 
 B_SPLINE_CURVE_WITH_KNOTS ( ( 4, 4 ),
 ( 0.0000000000000000000, 0.6980500619004400600 ),
 .UNSPECIFIED. ) 
 CURVE ( )  GEOMETRIC_REPRESENTATION_ITEM ( )  RATIONAL_B_SPLINE_CURVE ( ( 1.000000000000000000, 0.9598043873844732700, 0.9598043873844732700, 1.000000000000000000 ) ) 
 REPRESENTATION_ITEM ( '' )  );
#541 = FACE_OUTER_BOUND ( 'NONE', #4335, .T. ) ;
#542 = CARTESIAN_POINT ( 'NONE',  ( -112.8891174601052400, 19.22193952349798000, 13.44749483599414400 ) ) ;
#543 = ORIENTED_EDGE ( 'NONE', *, *, #785, .F. ) ;
#544 = CARTESIAN_POINT ( 'NONE',  ( -67.42670425517189900, -5.546555907346455400, 11.84915197291263300 ) ) ;
#545 = ORIENTED_EDGE ( 'NONE', *, *, #5232, .F. ) ;
#546 = EDGE_LOOP ( 'NONE', ( #3804, #2514, #3470, #596 ) ) ;
#547 = CARTESIAN_POINT ( 'NONE',  ( -118.0267042551718900, 21.35344409265355000, 11.67415197291322900 ) ) ;
#548 = CARTESIAN_POINT ( 'NONE',  ( -67.42670425517188400, 22.85344409265355400, 11.67415197291314200 ) ) ;
#549 = ORIENTED_EDGE ( 'NONE', *, *, #6202, .T. ) ;
#550 = CARTESIAN_POINT ( 'NONE',  ( -110.9781037884789200, 20.57071491893657000, 12.11837606120590700 ) ) ;
#551 = CARTESIAN_POINT ( 'NONE',  ( -113.3267042551719800, 22.05423244553767900, 12.24701055238351100 ) ) ;
#552 = EDGE_LOOP ( 'NONE', ( #2405, #5064, #1051, #809 ) ) ;
#553 = ORIENTED_EDGE ( 'NONE', *, *, #660, .T. ) ;
#554 =( BOUNDED_CURVE ( )  B_SPLINE_CURVE ( 3, ( #4869, #98, #1545, #4910 ),
 .UNSPECIFIED., .F., .T. ) 
 B_SPLINE_CURVE_WITH_KNOTS ( ( 4, 4 ),
 ( 5.263498239581577000, 6.283185307179578200 ),
 .UNSPECIFIED. ) 
 CURVE ( )  GEOMETRIC_REPRESENTATION_ITEM ( )  RATIONAL_B_SPLINE_CURVE ( ( 1.000000000000000000, 0.9152139201343675300, 0.9152139201343675300, 1.000000000000000000 ) ) 
 REPRESENTATION_ITEM ( '' )  );
#555 = CARTESIAN_POINT ( 'NONE',  ( -107.5267042150176500, 19.32297184426658600, 11.77024985518173000 ) ) ;
#556 = VERTEX_POINT ( 'NONE', #3618 ) ;
#557 = CARTESIAN_POINT ( 'NONE',  ( -64.18564691883177900, 22.85344409265359300, 8.900937687198787500 ) ) ;
#558 = ORIENTED_EDGE ( 'NONE', *, *, #989, .F. ) ;
#559 = EDGE_CURVE ( 'NONE', #1678, #4109, #2674, .T. ) ;
#560 = CARTESIAN_POINT ( 'NONE',  ( -111.0267042551735000, 22.91102948409358900, 13.64736384548961800 ) ) ;
#561 = LINE ( 'NONE', #1295, #2963 ) ;
#562 = ORIENTED_EDGE ( 'NONE', *, *, #4827, .T. ) ;
#563 = ORIENTED_EDGE ( 'NONE', *, *, #4260, .T. ) ;
#564 = ORIENTED_EDGE ( 'NONE', *, *, #750, .F. ) ;
#565 = CARTESIAN_POINT ( 'NONE',  ( -7.784587090412458100, 24.05456784861261400, 23.06880510139080400 ) ) ;
#566 = VERTEX_POINT ( 'NONE', #3139 ) ;
#567 = DIRECTION ( 'NONE',  ( -1.826024711554535200E-015, -0.8344483130099416000, -0.5510862118714844300 ) ) ;
#568 = CARTESIAN_POINT ( 'NONE',  ( -110.8185028247052100, 21.15415321932262700, 12.55280788523010600 ) ) ;
#569 = CARTESIAN_POINT ( 'NONE',  ( -112.7267042551719200, 22.05383841335800500, 12.24761366985679000 ) ) ;
#570 = ADVANCED_FACE ( 'NONE', ( #5087 ), #4914, .F. ) ;
#571 = ORIENTED_EDGE ( 'NONE', *, *, #429, .F. ) ;
#572 = EDGE_CURVE ( 'NONE', #5168, #1459, #6230, .T. ) ;
#573 = CYLINDRICAL_SURFACE ( 'NONE', #393, 0.5000000000000015500 ) ;
#574 = DIRECTION ( 'NONE',  ( 1.734723475976805500E-015, 0.8344483130099416000, 0.5510862118714844300 ) ) ;
#575 = VECTOR ( 'NONE', #2889, 1000.000000000000000 ) ;
#576 = AXIS2_PLACEMENT_3D ( 'NONE', #4703, #5197, #1338 ) ;
#577 = CARTESIAN_POINT ( 'NONE',  ( -76.50794510977037500, -2.734071755775307800, 21.87950911576985600 ) ) ;
#578 = DIRECTION ( 'NONE',  ( -1.908979236615881600E-015, -0.8371691043312136100, -0.5469441386040017100 ) ) ;
#579 = CARTESIAN_POINT ( 'NONE',  ( -110.8184434091750500, 22.07794221406520300, 11.13858394525210500 ) ) ;
#580 = FACE_BOUND ( 'NONE', #4393, .T. ) ;
#581 = CARTESIAN_POINT ( 'NONE',  ( -78.52871130621788600, -0.2001110937405805900, 19.10629483005561700 ) ) ;
#582 = ADVANCED_FACE ( 'NONE', ( #1258 ), #6152, .F. ) ;
#583 = CARTESIAN_POINT ( 'NONE',  ( -7.011350155182123300, 19.52102995597194400, 25.17556224966890400 ) ) ;
#584 = PLANE ( 'NONE',  #4831 ) ;
#585 = CARTESIAN_POINT ( 'NONE',  ( 19.72329574482815300, 21.35344409265333400, 24.37415197291276000 ) ) ;
#586 = LINE ( 'NONE', #6249, #4137 ) ;
#587 = ORIENTED_EDGE ( 'NONE', *, *, #4256, .T. ) ;
#588 = AXIS2_PLACEMENT_3D ( 'NONE', #1475, #4834, #1953 ) ;
#589 = CARTESIAN_POINT ( 'NONE',  ( -12.01982630436627300, 19.52102995597194400, 25.17556224966892100 ) ) ;
#590 = FACE_OUTER_BOUND ( 'NONE', #2190, .T. ) ;
#591 = CARTESIAN_POINT ( 'NONE',  ( -111.0267042551719100, 21.26106284609411300, 12.56939814312792700 ) ) ;
#592 = CARTESIAN_POINT ( 'NONE',  ( -7.011350155182123300, 24.35328990747315100, 24.34373672496026200 ) ) ;
#593 = PLANE ( 'NONE',  #5961 ) ;
#594 = VERTEX_POINT ( 'NONE', #2281 ) ;
#595 = DIRECTION ( 'NONE',  ( -1.908979236615881600E-015, -0.8371691043312136100, -0.5469441386040017100 ) ) ;
#596 = ORIENTED_EDGE ( 'NONE', *, *, #161, .T. ) ;
#597 = ADVANCED_FACE ( 'NONE', ( #2831 ), #1085, .T. ) ;
#598 = CARTESIAN_POINT ( 'NONE',  ( -56.32469720412584000, 17.50699927904744500, 18.93129483005580800 ) ) ;
#599 = DIRECTION ( 'NONE',  ( 0.8566790672026962600, 0.2842776906271242100, -0.4304499627464584100 ) ) ;
#600 = CARTESIAN_POINT ( 'NONE',  ( -111.5267042551718900, 22.57261361814047600, 13.95273467854077900 ) ) ;
#601 = ORIENTED_EDGE ( 'NONE', *, *, #1603, .F. ) ;
#602 = CARTESIAN_POINT ( 'NONE',  ( -54.30393100767834400, 14.97303861701279900, 16.15808054434149100 ) ) ;
#603 = EDGE_CURVE ( 'NONE', #3414, #2427, #2376, .T. ) ;
#604 = CARTESIAN_POINT ( 'NONE',  ( -78.34589687160830400, 11.14567855296419700, 16.66343768719864800 ) ) ;
#605 = EDGE_CURVE ( 'NONE', #3855, #1445, #3808, .T. ) ;
#606 = DIRECTION ( 'NONE',  ( 1.000000000000000000, 5.726637133838782600E-029, -3.490263633665282600E-015 ) ) ;
#607 = CARTESIAN_POINT ( 'NONE',  ( -8.051181455185577800, 19.68454746663344300, 23.27197954916988500 ) ) ;
#608 = ORIENTED_EDGE ( 'NONE', *, *, #5501, .T. ) ;
#609 = CARTESIAN_POINT ( 'NONE',  ( -106.9781038296316100, 20.57071511739692900, 12.11837641089567600 ) ) ;
#610 = VECTOR ( 'NONE', #4364, 1000.000000000000100 ) ;
#611 = CARTESIAN_POINT ( 'NONE',  ( -11.37981596751026600, 22.37123106059849700, 20.70379996662049700 ) ) ;
#612 = ADVANCED_FACE ( 'NONE', ( #3663 ), #2199, .F. ) ;
#613 = AXIS2_PLACEMENT_3D ( 'NONE', #3558, #678, #4034 ) ;
#614 = VERTEX_POINT ( 'NONE', #4121 ) ;
#615 = CARTESIAN_POINT ( 'NONE',  ( -109.2030619078947200, 20.46780754664071000, 11.51168362402562700 ) ) ;
#616 = DIRECTION ( 'NONE',  ( 2.168404344971009700E-015, 0.8344483130099414900, 0.5510862118714843200 ) ) ;
#617 = CARTESIAN_POINT ( 'NONE',  ( 18.17329574482815600, 16.00339330412852600, 23.01416408857094700 ) ) ;
#618 = CIRCLE ( 'NONE', #441, 2.027777777777779900 ) ;
#619 = CARTESIAN_POINT ( 'NONE',  ( -118.5267042551718900, 21.35344409265355000, 11.67415197291322900 ) ) ;
#620 = VERTEX_POINT ( 'NONE', #787 ) ;
#621 = CARTESIAN_POINT ( 'NONE',  ( -56.50751163873545800, 6.161209632342790100, 13.48843768719849800 ) ) ;
#622 = ORIENTED_EDGE ( 'NONE', *, *, #2188, .F. ) ;
#623 = CARTESIAN_POINT ( 'NONE',  ( -80.54947750266542500, 2.333849568294162200, 15.98308054434138500 ) ) ;
#624 = EDGE_LOOP ( 'NONE', ( #3814, #943, #4962, #117, #3232, #3012 ) ) ;
#625 = CARTESIAN_POINT ( 'NONE',  ( -8.680842204910172600, 22.50323439724362700, 27.14506919568769000 ) ) ;
#626 = CARTESIAN_POINT ( 'NONE',  ( -81.27068060815376800, 5.493646830473864800, 13.20986625862714400 ) ) ;
#627 = DIRECTION ( 'NONE',  ( -1.000000000000000000, 3.788652234618511700E-017, 3.304662259982990100E-015 ) ) ;
#628 = AXIS2_PLACEMENT_3D ( 'NONE', #2259, #838, #3710 ) ;
#629 = DIRECTION ( 'NONE',  ( 1.920722739381899900E-015, 0.8344483130099413800, 0.5510862118714846500 ) ) ;
#630 = CARTESIAN_POINT ( 'NONE',  ( -57.07634789095166600, 3.668975172032066900, 13.71522340148418100 ) ) ;
#631 = VERTEX_POINT ( 'NONE', #1270 ) ;
#632 = ORIENTED_EDGE ( 'NONE', *, *, #503, .F. ) ;
#633 = CARTESIAN_POINT ( 'NONE',  ( -76.18321685881376500, 15.63652987347118800, 23.46700911577014600 ) ) ;
#634 = ADVANCED_FACE ( 'NONE', ( #2223 ), #6080, .T. ) ;
#635 =( BOUNDED_CURVE ( )  B_SPLINE_CURVE ( 3, ( #4046, #4989, #1647, #5013 ),
 .UNSPECIFIED., .F., .T. ) 
 B_SPLINE_CURVE_WITH_KNOTS ( ( 4, 4 ),
 ( 3.141592653589803300, 3.804895437013639600 ),
 .UNSPECIFIED. ) 
 CURVE ( )  GEOMETRIC_REPRESENTATION_ITEM ( )  RATIONAL_B_SPLINE_CURVE ( ( 1.000000000000000000, 0.9636706212180190500, 0.9636706212180190500, 1.000000000000000000 ) ) 
 REPRESENTATION_ITEM ( '' )  );
#636 = CARTESIAN_POINT ( 'NONE',  ( -106.9779293868307900, 21.26106244613666600, 12.56939810185593100 ) ) ;
#637 = APPROVAL_DATE_TIME ( #1917, #5053 ) ;
#638 = CIRCLE ( 'NONE', #1840, 2.000000000000001800 ) ;
#639 = ORIENTED_EDGE ( 'NONE', *, *, #44, .F. ) ;
#640 = ORIENTED_EDGE ( 'NONE', *, *, #4260, .F. ) ;
#641 = PLANE ( 'NONE',  #1942 ) ;
#642 = CARTESIAN_POINT ( 'NONE',  ( -12.01982630436627300, 22.50323439724363100, 27.14506919568769700 ) ) ;
#643 = FACE_BOUND ( 'NONE', #3857, .T. ) ;
#644 = ORIENTED_EDGE ( 'NONE', *, *, #4316, .F. ) ;
#645 = CARTESIAN_POINT ( 'NONE',  ( -76.18321685881376500, 15.63652987347123400, 20.46700911577013900 ) ) ;
#646 = CARTESIAN_POINT ( 'NONE',  ( -53.58272790218999400, 11.81324135483318300, 13.03486625862714700 ) ) ;
#647 = EDGE_CURVE ( 'NONE', #6009, #1454, #5405, .T. ) ;
#648 = CARTESIAN_POINT ( 'NONE',  ( -106.7492339789171800, 22.30297382776237200, 13.34312970552959100 ) ) ;
#649 = ORIENTED_EDGE ( 'NONE', *, *, #5188, .F. ) ;
#650 = CARTESIAN_POINT ( 'NONE',  ( -64.87037734200217200, -2.546555907346648200, 23.97236625862697000 ) ) ;
#651 = EDGE_CURVE ( 'NONE', #847, #413, #102, .T. ) ;
#652 = DIRECTION ( 'NONE',  ( 0.0000000000000000000, -1.000000000000000000, -1.619075244245018500E-014 ) ) ;
#653 = CARTESIAN_POINT ( 'NONE',  ( -52.86152479670163000, 8.653444092653567000, 10.26165197291281400 ) ) ;
#654 = ADVANCED_FACE ( 'NONE', ( #3493 ), #5789, .T. ) ;
#655 = DIRECTION ( 'NONE',  ( -0.7071067811865336900, 0.5900440606790146000, 0.3896767974327426400 ) ) ;
#656 =( BOUNDED_CURVE ( )  B_SPLINE_CURVE ( 3, ( #1348, #866, #1781, #1824 ),
 .UNSPECIFIED., .F., .T. ) 
 B_SPLINE_CURVE_WITH_KNOTS ( ( 4, 4 ),
 ( 3.141592653589790500, 3.804895437013633000 ),
 .UNSPECIFIED. ) 
 CURVE ( )  GEOMETRIC_REPRESENTATION_ITEM ( )  RATIONAL_B_SPLINE_CURVE ( ( 1.000000000000000000, 0.9636706212180185000, 0.9636706212180185000, 1.000000000000000000 ) ) 
 REPRESENTATION_ITEM ( '' )  );
#657 = FACE_OUTER_BOUND ( 'NONE', #4731, .T. ) ;
#658 = CARTESIAN_POINT ( 'NONE',  ( -107.0761498735856300, 22.13608676355977800, 11.22977546616647400 ) ) ;
#659 = AXIS2_PLACEMENT_3D ( 'NONE', #5899, #3964, #1102 ) ;
#660 = EDGE_CURVE ( 'NONE', #1972, #4923, #5929, .T. ) ;
#661 = EDGE_CURVE ( 'NONE', #3491, #3136, #4636, .T. ) ;
#662 = ORIENTED_EDGE ( 'NONE', *, *, #4523, .F. ) ;
#663 = CARTESIAN_POINT ( 'NONE',  ( -109.5267042551718900, 23.45591104896871200, 10.72531302964438600 ) ) ;
#664 = CARTESIAN_POINT ( 'NONE',  ( -73.58785335064121100, -4.140313831560861900, 15.30272340148410700 ) ) ;
#665 = DIRECTION ( 'NONE',  ( -3.154042683594192500E-015, -0.8371691043312137200, -0.5469441386040016000 ) ) ;
#666 = FACE_OUTER_BOUND ( 'NONE', #5528, .T. ) ;
#667 = ADVANCED_FACE ( 'NONE', ( #3353, #955 ), #3703, .T. ) ;
#668 = CARTESIAN_POINT ( 'NONE',  ( -60.26403541210826400, -0.3282585483607392000, 17.51879483005556500 ) ) ;
#669 = CARTESIAN_POINT ( 'NONE',  ( -81.27068060815372500, 11.81324135483299600, 26.01343768719867100 ) ) ;
#670 = CARTESIAN_POINT ( 'NONE',  ( -12.69690978540433700, 20.28995692305595000, 22.62145373851194600 ) ) ;
#671 = CARTESIAN_POINT ( 'NONE',  ( -67.42670425517182800, 19.85344409265340500, 21.02415197291303500 ) ) ;
#672 = DIRECTION ( 'NONE',  ( -5.372046893347529600E-015, 0.5469441386040012600, -0.8371691043312140500 ) ) ;
#673 = CIRCLE ( 'NONE', #2342, 2.722222222222223200 ) ;
#674 = CARTESIAN_POINT ( 'NONE',  ( -80.54947750266536800, 14.97303861701270800, 23.24022340148444200 ) ) ;
#675 =( BOUNDED_CURVE ( )  B_SPLINE_CURVE ( 3, ( #3288, #1379, #3789, #920 ),
 .UNSPECIFIED., .F., .F. ) 
 B_SPLINE_CURVE_WITH_KNOTS ( ( 4, 4 ),
 ( 2.106831482424838000, 3.141592653589800200 ),
 .UNSPECIFIED. ) 
 CURVE ( )  GEOMETRIC_REPRESENTATION_ITEM ( )  RATIONAL_B_SPLINE_CURVE ( ( 1.000000000000000000, 0.9127451573267437700, 0.9127451573267437700, 1.000000000000000000 ) ) 
 REPRESENTATION_ITEM ( '' )  );
#676 = CARTESIAN_POINT ( 'NONE',  ( -107.5267042551719100, 23.36730748824155400, 11.43700868298037100 ) ) ;
#677 = CARTESIAN_POINT ( 'NONE',  ( -111.5267042551719100, 20.19557472044114700, 9.364833972289737600 ) ) ;
#678 = DIRECTION ( 'NONE',  ( -1.000000000000000000, -5.726637133838782600E-029, 3.490263633665282600E-015 ) ) ;
#679 = ORIENTED_EDGE ( 'NONE', *, *, #4862, .F. ) ;
#680 = ORIENTED_EDGE ( 'NONE', *, *, #5381, .T. ) ;
#681 = AXIS2_PLACEMENT_3D ( 'NONE', #5612, #2699, #6097 ) ;
#682 = CARTESIAN_POINT ( 'NONE',  ( -10.26603595043729700, 24.44452592446754800, 25.13746626204816400 ) ) ;
#683 = VERTEX_POINT ( 'NONE', #3722 ) ;
#684 = ADVANCED_FACE ( 'NONE', ( #3212 ), #851, .F. ) ;
#685 = DIRECTION ( 'NONE',  ( 1.908979236615881600E-015, 0.8371691043312136100, 0.5469441386040017100 ) ) ;
#686 = DIRECTION ( 'NONE',  ( -0.8838353839626632600, -0.2577970543952078400, 0.3903532922888263100 ) ) ;
#687 = CARTESIAN_POINT ( 'NONE',  ( -108.5267042551719100, 23.34110816462841200, 10.80010514852535400 ) ) ;
#688 = CARTESIAN_POINT ( 'NONE',  ( -58.34546340057336500, 20.04095994108224200, 12.35450911577015300 ) ) ;
#689 = EDGE_CURVE ( 'NONE', #4545, #2182, #4288, .T. ) ;
#690 = EDGE_LOOP ( 'NONE', ( #101, #2502, #6007, #5134, #3933, #5242 ) ) ;
#691 = CARTESIAN_POINT ( 'NONE',  ( -72.28620213328852600, 18.74429541316060400, 14.57058054434160800 ) ) ;
#692 = CARTESIAN_POINT ( 'NONE',  ( -54.30393100767833700, 2.333849568294033900, 23.06522340148415000 ) ) ;
#693 = DIRECTION ( 'NONE',  ( -1.000000000000000000, -2.132529265733050800E-017, 3.517630367272413100E-015 ) ) ;
#694 = VECTOR ( 'NONE', #2037, 1000.000000000000100 ) ;
#695 = CARTESIAN_POINT ( 'NONE',  ( -69.98303116834156900, -2.546555907346552200, 18.07593768719841500 ) ) ;
#696 = DIRECTION ( 'NONE',  ( -1.000000000000000000, -2.132529265733050800E-017, 3.517630367272413100E-015 ) ) ;
#697 = CARTESIAN_POINT ( 'NONE',  ( -109.0948826358131600, 19.53608442768555500, 12.99318496375996000 ) ) ;
#698 = B_SPLINE_CURVE_WITH_KNOTS ( 'NONE', 3,
 ( #753, #773, #5602, #2694, #6087, #3183, #311, #3669 ),
 .UNSPECIFIED., .F., .F.,
 ( 4, 2, 2, 4 ),
 ( 0.0008993190761055386300, 0.001108969579740996300, 0.001318620083376454100, 0.001737921090647371700 ),
 .UNSPECIFIED. ) ;
#699 = CARTESIAN_POINT ( 'NONE',  ( -56.32469720412584000, -0.2001110937406118400, 20.29200911576982900 ) ) ;
#700 = CARTESIAN_POINT ( 'NONE',  ( -78.91473312382449000, 8.653444092653384000, 22.78665197291291000 ) ) ;
#701 = EDGE_CURVE ( 'NONE', #1459, #5004, #3172, .T. ) ;
#702 = ORIENTED_EDGE ( 'NONE', *, *, #3351, .T. ) ;
#703 = CARTESIAN_POINT ( 'NONE',  ( -106.5267042551718900, 23.23800624107033000, 11.47963287902791800 ) ) ;
#704 = CARTESIAN_POINT ( 'NONE',  ( -111.4320206975429200, 19.91724655181045400, 9.542094714914865600 ) ) ;
#705 = CARTESIAN_POINT ( 'NONE',  ( -4.080990041193007100, 21.35344409265333000, 24.37415197291284500 ) ) ;
#706 = AXIS2_PLACEMENT_3D ( 'NONE', #4323, #5300, #2409 ) ;
#707 = EDGE_CURVE ( 'NONE', #5508, #2879, #2027, .T. ) ;
#708 = DIRECTION ( 'NONE',  ( 0.0000000000000000000, -0.8371691043312136100, -0.5469441386040020400 ) ) ;
#709 = ORIENTED_EDGE ( 'NONE', *, *, #3868, .T. ) ;
#710 = ORIENTED_EDGE ( 'NONE', *, *, #4469, .F. ) ;
#711 = ORIENTED_EDGE ( 'NONE', *, *, #1389, .F. ) ;
#712 = AXIS2_PLACEMENT_3D ( 'NONE', #1718, #5557, #2673 ) ;
#713 = CARTESIAN_POINT ( 'NONE',  ( -9.693220416456725300, 19.68454746663344300, 23.27197954916988800 ) ) ;
#714 = ORIENTED_EDGE ( 'NONE', *, *, #2355, .F. ) ;
#715 = CARTESIAN_POINT ( 'NONE',  ( -105.5257042551719000, 20.59999189875545900, 11.18190224816958500 ) ) ;
#716 = ORIENTED_EDGE ( 'NONE', *, *, #3510, .F. ) ;
#717 = DIRECTION ( 'NONE',  ( 0.8944271909999150800, -0.3731766303200485000, -0.2464532462415040300 ) ) ;
#718 = CARTESIAN_POINT ( 'NONE',  ( -80.54947750266538300, 2.333849568294009900, 25.33308054434138900 ) ) ;
#719 = CARTESIAN_POINT ( 'NONE',  ( -8.623996989166160500, 18.85009915362350300, 22.72089333729839900 ) ) ;
#720 = OPEN_SHELL ( 'NONE', ( #5924, #5490, #3025, #763, #1156, #654, #2490, #1088, #3538, #570, #2703, #5527, #5994, #6072, #4453, #2509, #4525, #2575, #5070, #5423, #3923, #582, #2039, #4880, #2541, #4426, #3523, #3594, #4127, #2522, #597, #2599, #667, #3150, #3482, #5959, #4562, #4964, #4945, #5109, #3978, #4037, #290, #684, #1140, #84, #5978, #105, #319, #3118, #2976, #127, #6011, #4931, #1070, #4087, #5906, #153, #2631, #1122, #3504, #5941, #3959, #2193, #612, #3062, #5566, #1624, #3994, #2234, #3046, #4892, #1263, #1658, #2105, #4911, #4997, #1693, #4408, #4014 ) ) ;
#721 = CARTESIAN_POINT ( 'NONE',  ( -64.87037734200221500, -2.546555907346453200, 11.62236625862696500 ) ) ;
#722 = CARTESIAN_POINT ( 'NONE',  ( -78.52871130621787200, 17.50699927904744200, 20.11700911577017700 ) ) ;
#723 = CARTESIAN_POINT ( 'NONE',  ( -12.69690978540432400, 22.41693126225069600, 26.12685020731380400 ) ) ;
#724 = CARTESIAN_POINT ( 'NONE',  ( -62.56720637705520700, 18.74429541316058200, 15.12772340148442900 ) ) ;
#725 = CARTESIAN_POINT ( 'NONE',  ( -7.784587090412443900, 23.34079693775667200, 24.14958868771321900 ) ) ;
#726 = CARTESIAN_POINT ( 'NONE',  ( -111.0267042551718900, 25.74885260025180100, 12.99293344548770800 ) ) ;
#727 = ORIENTED_EDGE ( 'NONE', *, *, #3249, .T. ) ;
#728 = CARTESIAN_POINT ( 'NONE',  ( -76.50794510977037500, 20.04095994108217100, 17.34379483005593800 ) ) ;
#729 = CARTESIAN_POINT ( 'NONE',  ( -56.50751163873543700, 6.161209632342693300, 19.83843768719850000 ) ) ;
#730 = ADVANCED_FACE ( 'NONE', ( #808 ), #5876, .T. ) ;
#731 = EDGE_LOOP ( 'NONE', ( #710, #5253, #2676, #6161 ) ) ;
#732 = CARTESIAN_POINT ( 'NONE',  ( -3.326704255171834700, 16.60873024504534400, 27.19555250982151100 ) ) ;
#733 = DIRECTION ( 'NONE',  ( 1.000000000000000000, 2.132529265733050800E-017, -3.517630367272413100E-015 ) ) ;
#734 = EDGE_LOOP ( 'NONE', ( #4853, #3567, #2635, #3931 ) ) ;
#735 = LINE ( 'NONE', #798, #4392 ) ;
#736 = LINE ( 'NONE', #4292, #1984 ) ;
#737 = ORIENTED_EDGE ( 'NONE', *, *, #45, .F. ) ;
#738 = ORIENTED_EDGE ( 'NONE', *, *, #2903, .F. ) ;
#739 = ORIENTED_EDGE ( 'NONE', *, *, #3392, .T. ) ;
#740 = DIRECTION ( 'NONE',  ( -0.4677980483665646300, -0.4870694936659640300, 0.7375149451261410200 ) ) ;
#741 = CARTESIAN_POINT ( 'NONE',  ( -10.35033425463823600, 16.07776018844792900, 22.90155861990327700 ) ) ;
#742 = CIRCLE ( 'NONE', #5695, 2.000000000000001800 ) ;
#743 = CARTESIAN_POINT ( 'NONE',  ( -53.58272790218995100, 11.81324135483303700, 22.38486625862714900 ) ) ;
#744 = CARTESIAN_POINT ( 'NONE',  ( -67.42670425517189900, 19.85344409265359600, 8.674151972913033900 ) ) ;
#745 = CARTESIAN_POINT ( 'NONE',  ( -58.34546340057336500, -2.734071755775250100, 17.16879483005551800 ) ) ;
#746 = CARTESIAN_POINT ( 'NONE',  ( 21.17329574482813100, 21.35344409265333400, 24.37415197291275200 ) ) ;
#747 = EDGE_CURVE ( 'NONE', #2251, #4906, #1918, .T. ) ;
#748 =( BOUNDED_CURVE ( )  B_SPLINE_CURVE ( 3, ( #2295, #5685, #2776, #6162 ),
 .UNSPECIFIED., .F., .T. ) 
 B_SPLINE_CURVE_WITH_KNOTS ( ( 4, 4 ),
 ( 5.619882523755743300, 6.283185307179579100 ),
 .UNSPECIFIED. ) 
 CURVE ( )  GEOMETRIC_REPRESENTATION_ITEM ( )  RATIONAL_B_SPLINE_CURVE ( ( 1.000000000000000000, 0.9636706212180190500, 0.9636706212180190500, 1.000000000000000000 ) ) 
 REPRESENTATION_ITEM ( '' )  );
#749 = CARTESIAN_POINT ( 'NONE',  ( -76.18321685881379300, 1.670358311835574900, 22.10629483005564900 ) ) ;
#750 = EDGE_CURVE ( 'NONE', #4109, #1678, #638, .T. ) ;
#751 = CARTESIAN_POINT ( 'NONE',  ( -109.5267042551718900, 21.35344409265355000, 11.67415197291320300 ) ) ;
#752 = LINE ( 'NONE', #972, #3149 ) ;
#753 = CARTESIAN_POINT ( 'NONE',  ( -107.0267042551708400, 22.41230822809241700, 13.32153662354142300 ) ) ;
#754 = CARTESIAN_POINT ( 'NONE',  ( -77.77706061939213100, 13.63791301327491800, 16.89022340148441300 ) ) ;
#755 = DIRECTION ( 'NONE',  ( -1.000000000000000000, -2.132529265733050800E-017, 3.517630367272413100E-015 ) ) ;
#756 = DIRECTION ( 'NONE',  ( -1.000000000000000000, -5.726637133838782600E-029, 3.490263633665282600E-015 ) ) ;
#757 = SECURITY_CLASSIFICATION ( '', '', #885 ) ;
#758 = FACE_OUTER_BOUND ( 'NONE', #4028, .T. ) ;
#759 = EDGE_CURVE ( 'NONE', #1694, #1109, #939, .T. ) ;
#760 = DIRECTION ( 'NONE',  ( 1.000000000000000000, -3.788652234618511700E-017, -3.304662259982990100E-015 ) ) ;
#761 = LINE ( 'NONE', #5664, #5752 ) ;
#762 = ORIENTED_EDGE ( 'NONE', *, *, #4616, .T. ) ;
#763 = ADVANCED_FACE ( 'NONE', ( #3043 ), #4187, .T. ) ;
#764 = VERTEX_POINT ( 'NONE', #3007 ) ;
#765 = CARTESIAN_POINT ( 'NONE',  ( 18.17329574482815600, 16.00339330412852600, 23.01416408857094700 ) ) ;
#766 = CARTESIAN_POINT ( 'NONE',  ( -15.28959655524145200, 23.85678903168315300, 26.02741060852733300 ) ) ;
#767 = CARTESIAN_POINT ( 'NONE',  ( -81.99188371364216700, 8.653444092653435500, 19.43665197291291600 ) ) ;
#768 = CONICAL_SURFACE ( 'NONE', #2550, 3.799999999999996700, 0.7853981633974452800 ) ;
#769 =( BOUNDED_CURVE ( )  B_SPLINE_CURVE ( 3, ( #6137, #2745, #3715, #844 ),
 .UNSPECIFIED., .F., .F. ) 
 B_SPLINE_CURVE_WITH_KNOTS ( ( 4, 4 ),
 ( 0.0000000000000000000, 0.6633027834238460800 ),
 .UNSPECIFIED. ) 
 CURVE ( )  GEOMETRIC_REPRESENTATION_ITEM ( )  RATIONAL_B_SPLINE_CURVE ( ( 1.000000000000000000, 0.9636706212180179400, 0.9636706212180179400, 1.000000000000000000 ) ) 
 REPRESENTATION_ITEM ( '' )  );
#770 = CARTESIAN_POINT ( 'NONE',  ( -69.98303116834152600, 19.85344409265330900, 27.14736625862733300 ) ) ;
#771 = DIRECTION ( 'NONE',  ( 1.000000000000000000, 2.132529265733050800E-017, -3.517630367272413100E-015 ) ) ;
#772 = CARTESIAN_POINT ( 'NONE',  ( -57.07634789095163100, 13.63791301327487200, 19.15808054434148400 ) ) ;
#773 = CARTESIAN_POINT ( 'NONE',  ( -107.0962121255490300, 22.42116266899565200, 13.32732145784583500 ) ) ;
#774 = EDGE_LOOP ( 'NONE', ( #5723, #3561 ) ) ;
#775 = CARTESIAN_POINT ( 'NONE',  ( -58.67019165152995400, 1.670358311835685900, 13.94200911576986400 ) ) ;
#776 = VERTEX_POINT ( 'NONE', #128 ) ;
#777 = CARTESIAN_POINT ( 'NONE',  ( -108.9786980922164800, 21.79755875361914600, 12.45694325036322600 ) ) ;
#778 = DIRECTION ( 'NONE',  ( 1.000000000000000000, 5.857292221266013800E-029, -3.490263633665282200E-015 ) ) ;
#779 = ORIENTED_EDGE ( 'NONE', *, *, #5875, .F. ) ;
#780 = CARTESIAN_POINT ( 'NONE',  ( -17.32670425517183300, 21.35344409265333400, 24.37415197291288700 ) ) ;
#781 = DIRECTION ( 'NONE',  ( -1.000000000000000000, -2.132529265733050800E-017, 3.517630367272413100E-015 ) ) ;
#782 = ORIENTED_EDGE ( 'NONE', *, *, #3421, .F. ) ;
#783 = CIRCLE ( 'NONE', #6212, 1.549999999999995600 ) ;
#784 = CARTESIAN_POINT ( 'NONE',  ( -53.58272790218997300, 5.493646830473800000, 16.48843768719847700 ) ) ;
#785 = EDGE_CURVE ( 'NONE', #512, #2283, #6083, .T. ) ;
#786 = CARTESIAN_POINT ( 'NONE',  ( -17.32670425517182600, 23.85678903168315300, 26.02741060852734000 ) ) ;
#787 = CARTESIAN_POINT ( 'NONE',  ( -111.0267042551735000, 22.91102948409358900, 13.64736384548961800 ) ) ;
#788 = CARTESIAN_POINT ( 'NONE',  ( -67.42670425517185600, -2.546555907346650400, 24.19915197291268100 ) ) ;
#789 = EDGE_LOOP ( 'NONE', ( #2832, #2574, #469, #4275 ) ) ;
#790 = CARTESIAN_POINT ( 'NONE',  ( -113.5267042551719400, 21.72673708924166600, 8.836682565691074100 ) ) ;
#791 = CARTESIAN_POINT ( 'NONE',  ( -13.04930801723831900, 24.32949728037527500, 21.99707780788067900 ) ) ;
#792 = FACE_BOUND ( 'NONE', #1318, .T. ) ;
#793 = ADVANCED_FACE ( 'NONE', ( #5467, #5643, #498 ), #2756, .T. ) ;
#794 = VERTEX_POINT ( 'NONE', #4959 ) ;
#795 = PLANE ( 'NONE',  #327 ) ;
#796 = ORIENTED_EDGE ( 'NONE', *, *, #3652, .F. ) ;
#797 = EDGE_CURVE ( 'NONE', #6160, #3027, #4919, .T. ) ;
#798 = CARTESIAN_POINT ( 'NONE',  ( -114.5267042551718900, 23.86495140564719000, 13.31498438872522200 ) ) ;
#799 = CARTESIAN_POINT ( 'NONE',  ( -106.5267042551718800, 19.49518916694656300, 12.01295850421625600 ) ) ;
#800 = CARTESIAN_POINT ( 'NONE',  ( -67.42670425517182800, 19.85344409265335100, 24.37415197291304000 ) ) ;
#801 = VERTEX_POINT ( 'NONE', #5984 ) ;
#802 = VERTEX_POINT ( 'NONE', #3074 ) ;
#803 = AXIS2_PLACEMENT_3D ( 'NONE', #4944, #5447, #1573 ) ;
#804 = DIRECTION ( 'NONE',  ( 0.8566790672026992600, -0.2842776906271271000, 0.4304499627464503100 ) ) ;
#805 = DIRECTION ( 'NONE',  ( -1.000000000000000000, -2.132529265733050800E-017, 3.517630367272413100E-015 ) ) ;
#806 = CARTESIAN_POINT ( 'NONE',  ( -109.1232094643660300, 20.89499502098369300, 10.89919113284668100 ) ) ;
#807 = APPROVAL_PERSON_ORGANIZATION ( #2055, #5053, #3267 ) ;
#808 = FACE_OUTER_BOUND ( 'NONE', #1861, .T. ) ;
#809 = ORIENTED_EDGE ( 'NONE', *, *, #472, .T. ) ;
#810 = CARTESIAN_POINT ( 'NONE',  ( -64.87037734200217200, 19.85344409265339400, 21.25093768719874300 ) ) ;
#811 = ORIENTED_EDGE ( 'NONE', *, *, #255, .F. ) ;
#812 = CARTESIAN_POINT ( 'NONE',  ( -12.99449490724483200, 23.38294457738333100, 24.66412411511112500 ) ) ;
#813 = CARTESIAN_POINT ( 'NONE',  ( -7.011350155182123300, 19.52102995597194400, 25.17556224966890400 ) ) ;
#814 = CARTESIAN_POINT ( 'NONE',  ( -109.0750332587416700, 22.24870008233390800, 11.76643806209485100 ) ) ;
#815 = CIRCLE ( 'NONE', #5273, 4.749999999999997300 ) ;
#816 = ORIENTED_EDGE ( 'NONE', *, *, #4687, .F. ) ;
#817 = CARTESIAN_POINT ( 'NONE',  ( -13.80682795621737400, 23.85678903168315300, 26.02741060852732600 ) ) ;
#818 = CARTESIAN_POINT ( 'NONE',  ( -64.87037734200217200, -2.546555907346598000, 20.97236625862696600 ) ) ;
#819 = VERTEX_POINT ( 'NONE', #1097 ) ;
#820 = DIRECTION ( 'NONE',  ( 2.088218196519332900E-015, 0.8011226789640679700, 0.5985001697990026700 ) ) ;
#821 = CARTESIAN_POINT ( 'NONE',  ( -106.9521864060898400, 19.42896198552438500, 11.37243968200847800 ) ) ;
#822 = CARTESIAN_POINT ( 'NONE',  ( -67.42670425517185600, -2.546555907346602900, 21.19915197291268800 ) ) ;
#823 = FACE_BOUND ( 'NONE', #1143, .T. ) ;
#824 = CARTESIAN_POINT ( 'NONE',  ( -7.551881839805397500, 19.42347111062079200, 23.66729832171131400 ) ) ;
#825 = CARTESIAN_POINT ( 'NONE',  ( -105.5267042551718900, 21.35344409265355400, 11.67415197291318800 ) ) ;
#826 = CARTESIAN_POINT ( 'NONE',  ( -112.7267042551719000, 22.10689628655164500, 12.16640169765681500 ) ) ;
#827 = CARTESIAN_POINT ( 'NONE',  ( -11.00730128425495200, 22.37894583416438000, 26.15573528894181600 ) ) ;
#828 = CARTESIAN_POINT ( 'NONE',  ( -3.326704255171834700, 16.60873024504534400, 27.19555250982151100 ) ) ;
#829 = ORIENTED_EDGE ( 'NONE', *, *, #3974, .T. ) ;
#830 = CARTESIAN_POINT ( 'NONE',  ( -72.28620213328852600, -1.437407227853647200, 18.30272340148414400 ) ) ;
#831 = EDGE_CURVE ( 'NONE', #3928, #5611, #3821, .T. ) ;
#832 = DIRECTION ( 'NONE',  ( -1.920722739381920500E-015, -0.8344483130099376000, -0.5510862118714903200 ) ) ;
#833 = AXIS2_PLACEMENT_3D ( 'NONE', #5091, #2202, #5597 ) ;
#834 = EDGE_CURVE ( 'NONE', #2596, #320, #2701, .T. ) ;
#835 = FACE_OUTER_BOUND ( 'NONE', #4387, .T. ) ;
#836 = CARTESIAN_POINT ( 'NONE',  ( -8.680842204910172600, 18.35359827783351200, 24.40456722086546600 ) ) ;
#837 = DIRECTION ( 'NONE',  ( 1.000000000000000000, 2.132529265733050800E-017, -3.517630367272413100E-015 ) ) ;
#838 = DIRECTION ( 'NONE',  ( 1.000000000000000000, 2.132529265733050800E-017, -3.517630367272413100E-015 ) ) ;
#839 =( LENGTH_UNIT ( ) NAMED_UNIT ( * ) SI_UNIT ( .MILLI., .METRE. ) );
#840 = CARTESIAN_POINT ( 'NONE',  ( -67.42670425517185600, 19.85344409265345100, 18.02415197291303200 ) ) ;
#841 = CARTESIAN_POINT ( 'NONE',  ( -7.784587090412443900, 21.92716248439930400, 26.29009748543987300 ) ) ;
#842 = CARTESIAN_POINT ( 'NONE',  ( -107.2027566570428800, 20.60754567535724000, 12.17850702647759900 ) ) ;
#843 = CIRCLE ( 'NONE', #415, 1.249999999999995600 ) ;
#844 = CARTESIAN_POINT ( 'NONE',  ( -14.47552752048313700, 21.98984022040698200, 26.27020048721311700 ) ) ;
#845 = AXIS2_PLACEMENT_3D ( 'NONE', #5355, #3883, #3430 ) ;
#846 = CARTESIAN_POINT ( 'NONE',  ( -64.87037734200217200, 19.85344409265344400, 18.25093768719874600 ) ) ;
#847 = VERTEX_POINT ( 'NONE', #2117 ) ;
#848 = VERTEX_POINT ( 'NONE', #2739 ) ;
#849 =( BOUNDED_CURVE ( )  B_SPLINE_CURVE ( 3, ( #6114, #2717, #5653, #2740 ),
 .UNSPECIFIED., .F., .T. ) 
 B_SPLINE_CURVE_WITH_KNOTS ( ( 4, 4 ),
 ( 2.123874095924972700, 3.141592653589791300 ),
 .UNSPECIFIED. ) 
 CURVE ( )  GEOMETRIC_REPRESENTATION_ITEM ( )  RATIONAL_B_SPLINE_CURVE ( ( 1.000000000000000000, 0.9155338758779854000, 0.9155338758779854000, 1.000000000000000000 ) ) 
 REPRESENTATION_ITEM ( '' )  );
#850 = DIRECTION ( 'NONE',  ( 1.920722739381899900E-015, 0.8344483130099413800, 0.5510862118714846500 ) ) ;
#851 = PLANE ( 'NONE',  #3815 ) ;
#852 = ORIENTED_EDGE ( 'NONE', *, *, #3467, .T. ) ;
#853 = CARTESIAN_POINT ( 'NONE',  ( -60.26403541210825000, 17.63514673366767500, 15.35450911577011900 ) ) ;
#854 = AXIS2_PLACEMENT_3D ( 'NONE', #186, #3553, #672 ) ;
#855 = CARTESIAN_POINT ( 'NONE',  ( -8.914495714480157300, 22.18299113086771300, 22.38139162311691500 ) ) ;
#856 = CARTESIAN_POINT ( 'NONE',  ( -67.42670425517185600, -2.546555907346602900, 21.19915197291268800 ) ) ;
#857 = DIRECTION ( 'NONE',  ( 2.830816654711057900E-015, -0.5985001697990026700, 0.8011226789640679700 ) ) ;
#858 = CARTESIAN_POINT ( 'NONE',  ( -12.62356623796837400, 23.02234071867321300, 25.47632439665583700 ) ) ;
#859 = ORIENTED_EDGE ( 'NONE', *, *, #4552, .F. ) ;
#860 = CARTESIAN_POINT ( 'NONE',  ( 19.62329574482816200, 21.35344409265333400, 24.37415197291276000 ) ) ;
#861 = DIRECTION ( 'NONE',  ( 1.000000000000000000, 2.132529265733050800E-017, -3.517630367272413100E-015 ) ) ;
#862 = DIRECTION ( 'NONE',  ( 1.000000000000000000, 0.0000000000000000000, 0.0000000000000000000 ) ) ;
#863 = CARTESIAN_POINT ( 'NONE',  ( -69.98303116834159700, -2.546555907346502900, 15.07593768719841500 ) ) ;
#864 = CIRCLE ( 'NONE', #4149, 2.444444444444445100 ) ;
#865 = CARTESIAN_POINT ( 'NONE',  ( -13.73678226938136000, 21.59888366705531800, 18.28803138054724900 ) ) ;
#866 = CARTESIAN_POINT ( 'NONE',  ( -14.71794862151372700, 19.43627957412041200, 23.64790389570454800 ) ) ;
#867 = CARTESIAN_POINT ( 'NONE',  ( -106.8502576038251600, 21.51604589374884200, 10.78854177166406800 ) ) ;
#868 = ORIENTED_EDGE ( 'NONE', *, *, #4210, .F. ) ;
#869 = VECTOR ( 'NONE', #5289, 1000.000000000000000 ) ;
#870 = DIRECTION ( 'NONE',  ( 0.0000000000000000000, 0.8371691043312138300, 0.5469441386040013700 ) ) ;
#871 = CARTESIAN_POINT ( 'NONE',  ( -67.42670425517185600, -5.546555907346605500, 21.19915197291263800 ) ) ;
#872 = EDGE_CURVE ( 'NONE', #1914, #1619, #5313, .T. ) ;
#873 = VERTEX_POINT ( 'NONE', #3642 ) ;
#874 = EDGE_CURVE ( 'NONE', #1003, #1047, #1561, .T. ) ;
#875 = CARTESIAN_POINT ( 'NONE',  ( -108.9546832840393900, 21.81992814552383900, 9.497465264532206000 ) ) ;
#876 = ORIENTED_EDGE ( 'NONE', *, *, #1943, .T. ) ;
#877 = DIRECTION ( 'NONE',  ( -1.908979236615881600E-015, -0.8371691043312136100, -0.5469441386040017100 ) ) ;
#878 = EDGE_LOOP ( 'NONE', ( #558, #4271, #5307, #1889 ) ) ;
#879 = ORIENTED_EDGE ( 'NONE', *, *, #6205, .T. ) ;
#880 = CARTESIAN_POINT ( 'NONE',  ( -14.34527545955892300, 20.28995692305594600, 22.62145373851194900 ) ) ;
#881 = CARTESIAN_POINT ( 'NONE',  ( -64.87037734200218600, 19.85344409265344400, 18.25093768719874600 ) ) ;
#882 = CARTESIAN_POINT ( 'NONE',  ( -118.5267042551718900, 21.35344409265355000, 11.67415197291322900 ) ) ;
#883 = PLANE ( 'NONE',  #4819 ) ;
#884 = AXIS2_PLACEMENT_3D ( 'NONE', #4200, #1320, #4682 ) ;
#885 = SECURITY_CLASSIFICATION_LEVEL ( 'unclassified' ) ;
#886 = EDGE_CURVE ( 'NONE', #3136, #5138, #1464, .T. ) ;
#887 = CARTESIAN_POINT ( 'NONE',  ( -62.56720637705523600, 18.74429541316063600, 12.12772340148442200 ) ) ;
#888 = PLANE ( 'NONE',  #271 ) ;
#889 = DIRECTION ( 'NONE',  ( -1.908979236615881600E-015, -0.8371691043312136100, -0.5469441386040017100 ) ) ;
#890 = EDGE_LOOP ( 'NONE', ( #3186, #2828, #3942, #2477, #6054, #5790, #4259, #2094, #2382, #2040, #4816, #1267, #1804, #1574, #1251, #5106, #4773, #3174, #2891, #3916, #525, #816, #490, #2051, #2300, #5443, #2716, #6170, #3478, #4331, #367, #3851, #5514, #649 ) ) ;
#891 = DIRECTION ( 'NONE',  ( 1.000000000000000000, -2.904513797291081400E-016, -3.680023001122136900E-015 ) ) ;
#892 = B_SPLINE_CURVE_WITH_KNOTS ( 'NONE', 3,
 ( #1146, #663, #4502, #1625, #4986, #2101, #5492, #2585, #5988, #3081, #201, #3570, #687, #4044 ),
 .UNSPECIFIED., .F., .F.,
 ( 4, 2, 2, 2, 2, 2, 4 ),
 ( 2.391997806331844700E-007, 0.0002113575635238640100, 0.0004224759272670948200, 0.0006335942910103256700, 0.0008447126547535564500, 0.001266949382240019700, 0.001689186109726482700 ),
 .UNSPECIFIED. ) ;
#893 = ORIENTED_EDGE ( 'NONE', *, *, #1359, .F. ) ;
#894 = EDGE_LOOP ( 'NONE', ( #3831, #3638, #925, #639, #4090, #1948, #3503, #1908, #4685, #1099, #2247, #2726, #1077, #3678, #2034, #1742, #2757, #2486, #397, #644, #1590, #1951, #4647, #5883, #3707, #4629, #2242, #3021, #5284, #2437, #6076, #5216, #4196, #5158 ) ) ;
#895 = CIRCLE ( 'NONE', #5511, 3.000000000000000400 ) ;
#896 = CIRCLE ( 'NONE', #1668, 0.9000000000000014700 ) ;
#897 = ORIENTED_EDGE ( 'NONE', *, *, #1458, .F. ) ;
#898 = CARTESIAN_POINT ( 'NONE',  ( -8.680842204910186800, 20.20365378806305000, 21.60323475013802200 ) ) ;
#899 = CARTESIAN_POINT ( 'NONE',  ( -64.18564691883173600, 22.85344409265344400, 18.25093768719878900 ) ) ;
#900 = ORIENTED_EDGE ( 'NONE', *, *, #2899, .F. ) ;
#901 = CARTESIAN_POINT ( 'NONE',  ( -113.2877549513430800, 20.59146369957047500, 14.39923538450646100 ) ) ;
#902 = CARTESIAN_POINT ( 'NONE',  ( -107.4728876623916600, 20.49803907295730500, 9.842545299984941200 ) ) ;
#903 = CARTESIAN_POINT ( 'NONE',  ( -176.5267042551717800, 20.49285340333329600, 9.326944341395567100 ) ) ;
#904 = CARTESIAN_POINT ( 'NONE',  ( -72.28620213328854000, -1.437407227853602300, 15.30272340148414900 ) ) ;
#905 = CARTESIAN_POINT ( 'NONE',  ( -110.8843526712929000, 22.89357010624868500, 13.63595718424631500 ) ) ;
#906 = CARTESIAN_POINT ( 'NONE',  ( -76.18321685881379300, 1.670358311835617100, 19.10629483005563900 ) ) ;
#907 = LINE ( 'NONE', #435, #2163 ) ;
#908 = DIRECTION ( 'NONE',  ( 0.4970459221108340400, -0.7240710256435163300, -0.4781908626652511800 ) ) ;
#909 = CARTESIAN_POINT ( 'NONE',  ( -9.447423972536290300, 18.63412701990058200, 25.64116209830073600 ) ) ;
#910 =( BOUNDED_CURVE ( )  B_SPLINE_CURVE ( 3, ( #1572, #4455, #5444, #2536 ),
 .UNSPECIFIED., .F., .F. ) 
 B_SPLINE_CURVE_WITH_KNOTS ( ( 4, 4 ),
 ( 5.306192961836804200, 7.260177652522366500 ),
 .UNSPECIFIED. ) 
 CURVE ( )  GEOMETRIC_REPRESENTATION_ITEM ( )  RATIONAL_B_SPLINE_CURVE ( ( 1.000000000000000000, 0.7063452485847590000, 0.7063452485847590000, 1.000000000000000000 ) ) 
 REPRESENTATION_ITEM ( '' )  );
#911 = EDGE_CURVE ( 'NONE', #2236, #5428, #477, .T. ) ;
#912 = LINE ( 'NONE', #3595, #4577 ) ;
#913 = CARTESIAN_POINT ( 'NONE',  ( -73.58785335064121100, -4.140313831560861900, 15.30272340148410700 ) ) ;
#914 = VECTOR ( 'NONE', #6106, 1000.000000000000100 ) ;
#915 = ORIENTED_EDGE ( 'NONE', *, *, #3251, .T. ) ;
#916 = AXIS2_PLACEMENT_3D ( 'NONE', #3161, #287, #3643 ) ;
#917 = EDGE_CURVE ( 'NONE', #2570, #1494, #187, .T. ) ;
#918 = CARTESIAN_POINT ( 'NONE',  ( -9.447423972536304500, 21.45109523815425600, 21.37574168514662900 ) ) ;
#919 = CARTESIAN_POINT ( 'NONE',  ( -60.26403541210826400, 17.63514673366772100, 12.35450911577012100 ) ) ;
#920 = CARTESIAN_POINT ( 'NONE',  ( -12.00075363940945800, 23.85678903168315300, 26.02741060852732200 ) ) ;
#921 = CARTESIAN_POINT ( 'NONE',  ( -57.07634789095162400, 13.63791301327492000, 16.15808054434148700 ) ) ;
#922 = CARTESIAN_POINT ( 'NONE',  ( -11.00730128425495900, 19.31229120932975700, 24.13045576716733000 ) ) ;
#923 = EDGE_LOOP ( 'NONE', ( #5784, #6000 ) ) ;
#924 = AXIS2_PLACEMENT_3D ( 'NONE', #547, #3894, #1031 ) ;
#925 = ORIENTED_EDGE ( 'NONE', *, *, #2664, .T. ) ;
#926 = DIRECTION ( 'NONE',  ( -1.000000000000000000, 3.788652234618511700E-017, 3.304662259982990100E-015 ) ) ;
#927 = VERTEX_POINT ( 'NONE', #4627 ) ;
#928 = CARTESIAN_POINT ( 'NONE',  ( 19.67329574482814900, 17.38981460585611300, 21.75649246652321300 ) ) ;
#929 = CARTESIAN_POINT ( 'NONE',  ( -12.62356623796837800, 23.27060861118624400, 25.10040005012120200 ) ) ;
#930 = CARTESIAN_POINT ( 'NONE',  ( -58.34546340057336500, 20.04095994108223500, 12.35450911577014900 ) ) ;
#931 = VERTEX_POINT ( 'NONE', #3688 ) ;
#932 = CARTESIAN_POINT ( 'NONE',  ( -109.0267042551718800, 17.85802310302676000, 14.64750582088967300 ) ) ;
#933 = AXIS2_PLACEMENT_3D ( 'NONE', #5852, #2935, #57 ) ;
#934 = DIRECTION ( 'NONE',  ( -1.000000000000000000, 3.788652234618511700E-017, 3.304662259982990500E-015 ) ) ;
#935 = FACE_OUTER_BOUND ( 'NONE', #3115, .T. ) ;
#936 = CARTESIAN_POINT ( 'NONE',  ( -113.5267042551719200, 23.83576958544260900, 10.25147248055625900 ) ) ;
#937 = EDGE_LOOP ( 'NONE', ( #3902, #5257, #4836, #6181, #3452, #1706 ) ) ;
#938 = CARTESIAN_POINT ( 'NONE',  ( -78.34589687160830400, 6.161209632342806100, 13.20986625862714400 ) ) ;
#939 =( BOUNDED_CURVE ( )  B_SPLINE_CURVE ( 3, ( #589, #2485, #3939, #1072 ),
 .UNSPECIFIED., .F., .T. ) 
 B_SPLINE_CURVE_WITH_KNOTS ( ( 4, 4 ),
 ( 2.566748062973235100, 3.716437244206354200 ),
 .UNSPECIFIED. ) 
 CURVE ( )  GEOMETRIC_REPRESENTATION_ITEM ( )  RATIONAL_B_SPLINE_CURVE ( ( 1.000000000000000000, 0.8928512062104727600, 0.8928512062104727600, 1.000000000000000000 ) ) 
 REPRESENTATION_ITEM ( '' )  );
#940 = CARTESIAN_POINT ( 'NONE',  ( -111.0747880198163700, 21.44568403893263000, 10.77889122164009400 ) ) ;
#941 = VERTEX_POINT ( 'NONE', #2255 ) ;
#942 = CARTESIAN_POINT ( 'NONE',  ( -16.38829211669441200, 24.32949728037527500, 21.99707780788069300 ) ) ;
#943 = ORIENTED_EDGE ( 'NONE', *, *, #6040, .T. ) ;
#944 = ORIENTED_EDGE ( 'NONE', *, *, #5366, .T. ) ;
#945 = DIRECTION ( 'NONE',  ( -1.000000000000000000, -5.726637133838782600E-029, 3.490263633665282600E-015 ) ) ;
#946 = EDGE_CURVE ( 'NONE', #5348, #343, #5620, .T. ) ;
#947 = EDGE_LOOP ( 'NONE', ( #5256, #2434, #318, #4115, #422, #779 ) ) ;
#948 = AXIS2_PLACEMENT_3D ( 'NONE', #252, #4091, #1211 ) ;
#949 = EDGE_CURVE ( 'NONE', #2582, #5895, #4456, .T. ) ;
#950 = ORIENTED_EDGE ( 'NONE', *, *, #1607, .F. ) ;
#951 = CARTESIAN_POINT ( 'NONE',  ( -109.5267042551718900, 21.32909620274974200, 13.98067962783473700 ) ) ;
#952 = ORIENTED_EDGE ( 'NONE', *, *, #3548, .F. ) ;
#953 = CARTESIAN_POINT ( 'NONE',  ( -113.4303730142695300, 23.64749883050477700, 9.986172585846341900 ) ) ;
#954 = COORDINATED_UNIVERSAL_TIME_OFFSET ( 5, 0, .BEHIND. ) ;
#955 = FACE_BOUND ( 'NONE', #2492, .T. ) ;
#956 = VERTEX_POINT ( 'NONE', #6150 ) ;
#957 =( BOUNDED_CURVE ( )  B_SPLINE_CURVE ( 3, ( #1074, #2060, #5943, #3032 ),
 .UNSPECIFIED., .F., .F. ) 
 B_SPLINE_CURVE_WITH_KNOTS ( ( 4, 4 ),
 ( 2.164600308247011600, 4.118584998932573300 ),
 .UNSPECIFIED. ) 
 CURVE ( )  GEOMETRIC_REPRESENTATION_ITEM ( )  RATIONAL_B_SPLINE_CURVE ( ( 1.000000000000000000, 0.7063452485847590000, 0.7063452485847590000, 1.000000000000000000 ) ) 
 REPRESENTATION_ITEM ( '' )  );
#958 = ORIENTED_EDGE ( 'NONE', *, *, #5085, .T. ) ;
#959 = CARTESIAN_POINT ( 'NONE',  ( -55.93867538651929300, 8.653444092653563400, 10.26165197291282500 ) ) ;
#960 = PLANE ( 'NONE',  #5346 ) ;
#961 = LINE ( 'NONE', #2428, #4641 ) ;
#962 = ORIENTED_EDGE ( 'NONE', *, *, #538, .T. ) ;
#963 = ORIENTED_EDGE ( 'NONE', *, *, #2578, .T. ) ;
#964 = ORIENTED_EDGE ( 'NONE', *, *, #1904, .F. ) ;
#965 = CARTESIAN_POINT ( 'NONE',  ( -106.5267042551718900, 21.35344409265355000, 11.67415197291318800 ) ) ;
#966 = DIRECTION ( 'NONE',  ( 1.000000000000000000, 5.857292221266013800E-029, -3.490263633665282200E-015 ) ) ;
#967 = CARTESIAN_POINT ( 'NONE',  ( -12.01982630436627300, 18.35359827783351200, 24.40456722086548100 ) ) ;
#968 = VERTEX_POINT ( 'NONE', #373 ) ;
#969 = AXIS2_PLACEMENT_3D ( 'NONE', #4631, #1737, #5626 ) ;
#970 = FACE_OUTER_BOUND ( 'NONE', #146, .T. ) ;
#971 = CARTESIAN_POINT ( 'NONE',  ( -10.92606838373320100, 23.02234071867321300, 25.47632439665583300 ) ) ;
#972 = CARTESIAN_POINT ( 'NONE',  ( -12.83560330372821700, 22.91167499864446500, 19.15502480677108100 ) ) ;
#973 = ORIENTED_EDGE ( 'NONE', *, *, #4475, .F. ) ;
#974 = VECTOR ( 'NONE', #5209, 1000.000000000000000 ) ;
#975 =( BOUNDED_CURVE ( )  B_SPLINE_CURVE ( 3, ( #5973, #2566, #670, #4027 ),
 .UNSPECIFIED., .F., .F. ) 
 B_SPLINE_CURVE_WITH_KNOTS ( ( 4, 4 ),
 ( 2.493664996716652700E-015, 0.6633027834238484100 ),
 .UNSPECIFIED. ) 
 CURVE ( )  GEOMETRIC_REPRESENTATION_ITEM ( )  RATIONAL_B_SPLINE_CURVE ( ( 1.000000000000000000, 0.9636706212180179400, 0.9636706212180179400, 1.000000000000000000 ) ) 
 REPRESENTATION_ITEM ( '' )  );
#976 = CARTESIAN_POINT ( 'NONE',  ( -80.54947750266541100, 14.97303861701275300, 20.24022340148443900 ) ) ;
#977 = FACE_OUTER_BOUND ( 'NONE', #3266, .T. ) ;
#978 = CARTESIAN_POINT ( 'NONE',  ( -6.745528495101795300, 19.84637738467760200, 25.91946489851734700 ) ) ;
#979 = VECTOR ( 'NONE', #5561, 1000.000000000000000 ) ;
#980 = EDGE_CURVE ( 'NONE', #2596, #6046, #2581, .T. ) ;
#981 = EDGE_CURVE ( 'NONE', #5627, #4343, #3358, .T. ) ;
#982 = VECTOR ( 'NONE', #4746, 1000.000000000000000 ) ;
#983 = DIRECTION ( 'NONE',  ( 1.000000000000000000, 2.132529265733050800E-017, -3.517630367272413100E-015 ) ) ;
#984 = CARTESIAN_POINT ( 'NONE',  ( -108.9778672333911700, 20.45819796371082000, 11.58177032639627900 ) ) ;
#985 = ORIENTED_EDGE ( 'NONE', *, *, #4386, .T. ) ;
#986 = VERTEX_POINT ( 'NONE', #395 ) ;
#987 = DIRECTION ( 'NONE',  ( -1.000000000000000000, -2.132529265733050800E-017, 3.517630367272413100E-015 ) ) ;
#988 = EDGE_CURVE ( 'NONE', #2950, #5921, #2244, .T. ) ;
#989 = EDGE_CURVE ( 'NONE', #5390, #3049, #3338, .T. ) ;
#990 = CARTESIAN_POINT ( 'NONE',  ( -12.83560330372820200, 21.44519265233044100, 21.37555526748594700 ) ) ;
#991 = CARTESIAN_POINT ( 'NONE',  ( -10.35033425463822400, 26.62912799685876000, 25.84674532592251600 ) ) ;
#992 = ORIENTED_EDGE ( 'NONE', *, *, #5228, .T. ) ;
#993 = CARTESIAN_POINT ( 'NONE',  ( -56.32469720412584700, -0.2001110937405649900, 17.29200911576982900 ) ) ;
#994 = PRODUCT_DEFINITION_SHAPE ( 'NONE', 'NONE',  #3124 ) ;
#995 = ORIENTED_EDGE ( 'NONE', *, *, #6235, .T. ) ;
#996 = FACE_OUTER_BOUND ( 'NONE', #4082, .T. ) ;
#997 = DIRECTION ( 'NONE',  ( 1.897353801849632000E-015, 0.8344483130099423800, 0.5510862118714832100 ) ) ;
#998 = ORIENTED_EDGE ( 'NONE', *, *, #5190, .F. ) ;
#999 = LINE ( 'NONE', #1435, #869 ) ;
#1000 = EDGE_LOOP ( 'NONE', ( #2095, #3736, #1593, #1168 ) ) ;
#1001 = CARTESIAN_POINT ( 'NONE',  ( -111.0267042551718900, 24.60027011068065400, 14.75098825616551700 ) ) ;
#1002 = CARTESIAN_POINT ( 'NONE',  ( -6.745528495101806900, 22.86051080062906800, 22.82883904730837100 ) ) ;
#1003 = VERTEX_POINT ( 'NONE', #3261 ) ;
#1004 = CARTESIAN_POINT ( 'NONE',  ( -111.5267042551718900, 23.93336802373910600, 11.80683061069326500 ) ) ;
#1005 = EDGE_LOOP ( 'NONE', ( #1067, #4526 ) ) ;
#1006 = CARTESIAN_POINT ( 'NONE',  ( -76.50794510977040400, 20.04095994108221700, 14.34379483005593400 ) ) ;
#1007 = ORIENTED_EDGE ( 'NONE', *, *, #538, .F. ) ;
#1008 = EDGE_CURVE ( 'NONE', #3491, #3654, #5774, .T. ) ;
#1009 = CARTESIAN_POINT ( 'NONE',  ( -17.32670425517183000, 23.02234071867321300, 25.47632439665585500 ) ) ;
#1010 = CARTESIAN_POINT ( 'NONE',  ( -7.784587090412443900, 18.65232033669405700, 25.67949884443492800 ) ) ;
#1011 = VERTEX_POINT ( 'NONE', #3771 ) ;
#1012 = ORIENTED_EDGE ( 'NONE', *, *, #1083, .T. ) ;
#1013 = VERTEX_POINT ( 'NONE', #903 ) ;
#1014 = CARTESIAN_POINT ( 'NONE',  ( -13.68931835409433600, 16.07776018844792900, 22.90155861990329100 ) ) ;
#1015 = DIRECTION ( 'NONE',  ( 0.0000000000000000000, -0.8371691043312138300, -0.5469441386040013700 ) ) ;
#1016 = DIRECTION ( 'NONE',  ( -0.8838353839626653700, 0.2577970543952057800, -0.3903532922888229300 ) ) ;
#1017 = EDGE_CURVE ( 'NONE', #4477, #4697, #1116, .T. ) ;
#1018 = AXIS2_PLACEMENT_3D ( 'NONE', #2941, #61, #3431 ) ;
#1019 = EDGE_CURVE ( 'NONE', #2820, #5168, #6258, .T. ) ;
#1020 = ORIENTED_EDGE ( 'NONE', *, *, #4737, .F. ) ;
#1021 = CIRCLE ( 'NONE', #3078, 2.305555555555557600 ) ;
#1022 = ORIENTED_EDGE ( 'NONE', *, *, #3318, .T. ) ;
#1023 = CARTESIAN_POINT ( 'NONE',  ( -13.68931835409432200, 22.50323439724363100, 27.14506919568770400 ) ) ;
#1024 =( BOUNDED_CURVE ( )  B_SPLINE_CURVE ( 3, ( #4030, #3089, #4074, #1200 ),
 .UNSPECIFIED., .F., .T. ) 
 B_SPLINE_CURVE_WITH_KNOTS ( ( 4, 4 ),
 ( 5.587000998638675500, 6.283185307179577400 ),
 .UNSPECIFIED. ) 
 CURVE ( )  GEOMETRIC_REPRESENTATION_ITEM ( )  RATIONAL_B_SPLINE_CURVE ( ( 1.000000000000000000, 0.9600167993125847700, 0.9600167993125847700, 1.000000000000000000 ) ) 
 REPRESENTATION_ITEM ( '' )  );
#1025 = EDGE_LOOP ( 'NONE', ( #4845, #2210, #1788, #5322 ) ) ;
#1026 = CARTESIAN_POINT ( 'NONE',  ( -13.65133508780251700, 23.27029203030901900, 26.91547752589773500 ) ) ;
#1027 = CARTESIAN_POINT ( 'NONE',  ( -113.0267042551707800, 19.22086043950784500, 13.47567625532319900 ) ) ;
#1028 = AXIS2_PLACEMENT_3D ( 'NONE', #2169, #778, #4131 ) ;
#1029 = CARTESIAN_POINT ( 'NONE',  ( -61.26555515970256500, -4.140313831560805900, 11.39558054434121300 ) ) ;
#1030 = DIRECTION ( 'NONE',  ( -2.081668171172176000E-015, -0.8344483130099419300, -0.5510862118714839900 ) ) ;
#1031 = DIRECTION ( 'NONE',  ( -3.154042683594192500E-015, -0.8371691043312137200, -0.5469441386040016000 ) ) ;
#1032 = DIRECTION ( 'NONE',  ( -1.000000000000000000, -2.132529265733050800E-017, 3.517630367272413100E-015 ) ) ;
#1033 = FACE_OUTER_BOUND ( 'NONE', #6155, .T. ) ;
#1034 = DIRECTION ( 'NONE',  ( 1.000000000000000000, 2.132529265733050800E-017, -3.517630367272413100E-015 ) ) ;
#1035 = CARTESIAN_POINT ( 'NONE',  ( -3.326704255171862600, 18.53204355574466800, 19.62943812530485500 ) ) ;
#1036 = DIRECTION ( 'NONE',  ( -1.000000000000000000, -5.857292221266013800E-029, 3.490263633665282200E-015 ) ) ;
#1037 = DIRECTION ( 'NONE',  ( -0.8838353839626632600, -0.2577970543952078400, 0.3903532922888263100 ) ) ;
#1038 = VECTOR ( 'NONE', #5113, 1000.000000000000000 ) ;
#1039 = CARTESIAN_POINT ( 'NONE',  ( -11.75400464428596700, 22.18299113086771600, 22.38139162311692200 ) ) ;
#1040 = LINE ( 'NONE', #4957, #4752 ) ;
#1041 = ORIENTED_EDGE ( 'NONE', *, *, #5948, .F. ) ;
#1042 = ADVANCED_FACE ( 'NONE', ( #5623, #4617, #792 ), #488, .F. ) ;
#1043 = CARTESIAN_POINT ( 'NONE',  ( -67.42670425517182800, 22.85344409265335100, 24.37415197291308600 ) ) ;
#1044 = DIRECTION ( 'NONE',  ( -1.000000000000000000, -2.132529265733050800E-017, 3.517630367272413100E-015 ) ) ;
#1045 = EDGE_CURVE ( 'NONE', #3592, #4396, #1765, .T. ) ;
#1046 = EDGE_CURVE ( 'NONE', #3381, #1987, #618, .T. ) ;
#1047 = VERTEX_POINT ( 'NONE', #5055 ) ;
#1048 = DIRECTION ( 'NONE',  ( 2.088218196519332100E-015, 0.8011226789640680800, 0.5985001697990025600 ) ) ;
#1049 = CARTESIAN_POINT ( 'NONE',  ( -110.9305358404226900, 21.24507604538358100, 12.56801729972668500 ) ) ;
#1050 = DIRECTION ( 'NONE',  ( -5.250964054860460500E-016, 0.9896828074640007200, -0.1432757502516517100 ) ) ;
#1051 = ORIENTED_EDGE ( 'NONE', *, *, #4020, .F. ) ;
#1052 = CC_DESIGN_PERSON_AND_ORGANIZATION_ASSIGNMENT ( #3042, #4242, ( #757 ) ) ;
#1053 = ORIENTED_EDGE ( 'NONE', *, *, #3900, .F. ) ;
#1054 = DIRECTION ( 'NONE',  ( -1.000000000000000000, -5.726637133838782600E-029, 3.490263633665282600E-015 ) ) ;
#1055 = CARTESIAN_POINT ( 'NONE',  ( -7.011350155182137600, 23.18585822933472000, 23.57274169615681500 ) ) ;
#1056 = EDGE_CURVE ( 'NONE', #1532, #1955, #4311, .T. ) ;
#1057 = DIRECTION ( 'NONE',  ( 0.8944271909999168500, 0.3731766303200500500, 0.2464532462414949800 ) ) ;
#1058 = CARTESIAN_POINT ( 'NONE',  ( -13.35433832792765000, 18.18406350229966900, 24.67024022975211800 ) ) ;
#1059 = ORIENTED_EDGE ( 'NONE', *, *, #1138, .T. ) ;
#1060 = CARTESIAN_POINT ( 'NONE',  ( -70.66776159151203300, -5.546555907346604600, 21.42593768719836700 ) ) ;
#1061 = CARTESIAN_POINT ( 'NONE',  ( 19.67329574482816700, 25.31707357945055400, 26.99181147930231000 ) ) ;
#1062 = LINE ( 'NONE', #1780, #2197 ) ;
#1063 = CARTESIAN_POINT ( 'NONE',  ( -110.7267040095683100, 21.92693624541482600, 10.97377754977890700 ) ) ;
#1064 = CARTESIAN_POINT ( 'NONE',  ( -73.58785335064119700, -4.140313831560909800, 18.65272340148410600 ) ) ;
#1065 = ORIENTED_EDGE ( 'NONE', *, *, #1622, .F. ) ;
#1066 = CARTESIAN_POINT ( 'NONE',  ( -7.011350155182123300, 21.33580271910519600, 26.37407416688423800 ) ) ;
#1067 = ORIENTED_EDGE ( 'NONE', *, *, #759, .F. ) ;
#1068 = CARTESIAN_POINT ( 'NONE',  ( 20.67329574482814200, 25.35879599510104800, 27.01936578989587900 ) ) ;
#1069 = DIRECTION ( 'NONE',  ( -2.168404344971009700E-015, -0.8344483130099414900, -0.5510862118714843200 ) ) ;
#1070 = ADVANCED_FACE ( 'NONE', ( #2876 ), #269, .F. ) ;
#1071 = ORIENTED_EDGE ( 'NONE', *, *, #7, .T. ) ;
#1072 = CARTESIAN_POINT ( 'NONE',  ( -12.01982630436627300, 21.33580271910519600, 26.37407416688426000 ) ) ;
#1073 = ORIENTED_EDGE ( 'NONE', *, *, #2611, .T. ) ;
#1074 = CARTESIAN_POINT ( 'NONE',  ( -8.680842204910172600, 24.35328990747315100, 24.34373672496026900 ) ) ;
#1075 = DIRECTION ( 'NONE',  ( -0.4472135954999559800, 0.7463532606401005500, 0.4929064924829981700 ) ) ;
#1076 = EDGE_LOOP ( 'NONE', ( #6218, #3453, #3213, #423, #4504, #6102 ) ) ;
#1077 = ORIENTED_EDGE ( 'NONE', *, *, #5734, .F. ) ;
#1078 = DIRECTION ( 'NONE',  ( -1.000000000000000000, -5.726637133838782600E-029, 3.490263633665282600E-015 ) ) ;
#1079 = CARTESIAN_POINT ( 'NONE',  ( -12.38280917243542800, 18.18406350229966500, 24.67024022975212500 ) ) ;
#1080 = CARTESIAN_POINT ( 'NONE',  ( -77.77706061939214500, 3.668975172032045600, 15.98308054434139300 ) ) ;
#1081 = CARTESIAN_POINT ( 'NONE',  ( -61.26555515970253700, 21.44720201686779500, 18.47772340148446400 ) ) ;
#1082 = VERTEX_POINT ( 'NONE', #2650 ) ;
#1083 = EDGE_CURVE ( 'NONE', #2829, #2389, #3024, .T. ) ;
#1084 = LOCAL_TIME ( 17, 0, 12.00000000000000000, #2375 ) ;
#1085 = CYLINDRICAL_SURFACE ( 'NONE', #576, 4.799999999999999800 ) ;
#1086 = ORIENTED_EDGE ( 'NONE', *, *, #537, .F. ) ;
#1087 = CARTESIAN_POINT ( 'NONE',  ( -58.34546340057335800, 20.04095994108218200, 15.70450911577015600 ) ) ;
#1088 = ADVANCED_FACE ( 'NONE', ( #1588 ), #1452, .T. ) ;
#1089 = ORIENTED_EDGE ( 'NONE', *, *, #6090, .F. ) ;
#1090 = CARTESIAN_POINT ( 'NONE',  ( -111.0267042551735000, 18.92074828094443400, 11.04041035884889500 ) ) ;
#1091 = CARTESIAN_POINT ( 'NONE',  ( -10.69408882626714300, 20.41373474912414900, 21.32595333843808300 ) ) ;
#1092 = CARTESIAN_POINT ( 'NONE',  ( -78.34589687160830400, 6.161209632342759000, 16.20986625862714400 ) ) ;
#1093 = DIRECTION ( 'NONE',  ( 0.0000000000000000000, 0.5469441386040038200, -0.8371691043312122800 ) ) ;
#1094 = VECTOR ( 'NONE', #3343, 1000.000000000000000 ) ;
#1095 = ORIENTED_EDGE ( 'NONE', *, *, #5101, .T. ) ;
#1096 = B_SPLINE_CURVE_WITH_KNOTS ( 'NONE', 3,
 ( #3954, #4445, #1560, #4933, #2048, #5435, #2524, #5933, #3022, #144 ),
 .UNSPECIFIED., .F., .F.,
 ( 4, 2, 2, 2, 4 ),
 ( 0.0008443703510243851200, 0.001045793479947742700, 0.001247216608871100200, 0.001448639737794457700, 0.001650062866717815200 ),
 .UNSPECIFIED. ) ;
#1097 = CARTESIAN_POINT ( 'NONE',  ( -11.15997146669544400, 21.92358680612978400, 26.29116456709938600 ) ) ;
#1098 = EDGE_CURVE ( 'NONE', #2950, #2201, #337, .T. ) ;
#1099 = ORIENTED_EDGE ( 'NONE', *, *, #4918, .F. ) ;
#1100 = ORIENTED_EDGE ( 'NONE', *, *, #68, .F. ) ;
#1101 = CARTESIAN_POINT ( 'NONE',  ( -109.3075436250798200, 20.50828165922813200, 11.35378374207565100 ) ) ;
#1102 = DIRECTION ( 'NONE',  ( -0.5158497608962500100, 0.4721040219343318200, -0.7148544024182195100 ) ) ;
#1103 = LINE ( 'NONE', #4926, #2073 ) ;
#1104 = DIRECTION ( 'NONE',  ( -1.000000000000000000, -5.726637133838782600E-029, 3.490263633665282600E-015 ) ) ;
#1105 = ADVANCED_FACE ( 'NONE', ( #2735 ), #5142, .F. ) ;
#1106 = CARTESIAN_POINT ( 'NONE',  ( -56.50751163873546500, 11.14567855296424000, 13.03486625862714700 ) ) ;
#1107 = CARTESIAN_POINT ( 'NONE',  ( -76.50794510977040400, -2.734071755775207900, 15.52950911576986000 ) ) ;
#1108 = CARTESIAN_POINT ( 'NONE',  ( -14.47552752048313700, 23.34710532966402500, 24.21504549271492100 ) ) ;
#1109 = VERTEX_POINT ( 'NONE', #3192 ) ;
#1110 = CARTESIAN_POINT ( 'NONE',  ( -76.18321685881376500, 15.63652987347113800, 26.46700911577013900 ) ) ;
#1111 = CARTESIAN_POINT ( 'NONE',  ( -8.680842204910186800, 20.20365378806305000, 21.60323475013802200 ) ) ;
#1112 = LINE ( 'NONE', #6163, #3521 ) ;
#1113 = CARTESIAN_POINT ( 'NONE',  ( -78.52871130621791500, -0.2001110937404817200, 12.75629483005561800 ) ) ;
#1114 = CARTESIAN_POINT ( 'NONE',  ( -105.5267042551718900, 19.85344409265355400, 11.67415197291316500 ) ) ;
#1115 = CARTESIAN_POINT ( 'NONE',  ( -67.42670425517182800, 21.35344409265335100, 24.37415197291306500 ) ) ;
#1116 =( BOUNDED_CURVE ( )  B_SPLINE_CURVE ( 3, ( #4742, #1377, #1856, #1189 ),
 .UNSPECIFIED., .F., .T. ) 
 B_SPLINE_CURVE_WITH_KNOTS ( ( 4, 4 ),
 ( 3.141592653589793100, 3.837776962130699900 ),
 .UNSPECIFIED. ) 
 CURVE ( )  GEOMETRIC_REPRESENTATION_ITEM ( )  RATIONAL_B_SPLINE_CURVE ( ( 1.000000000000000000, 0.9600167993125842100, 0.9600167993125842100, 1.000000000000000000 ) ) 
 REPRESENTATION_ITEM ( '' )  );
#1117 = CARTESIAN_POINT ( 'NONE',  ( -55.93867538651930000, 8.653444092653517200, 13.26165197291283300 ) ) ;
#1118 = DIRECTION ( 'NONE',  ( 1.000000000000000000, 2.132529265733050800E-017, -3.517630367272413100E-015 ) ) ;
#1119 = FACE_OUTER_BOUND ( 'NONE', #4542, .T. ) ;
#1120 = CARTESIAN_POINT ( 'NONE',  ( -114.5267042551718900, 21.35344409265355000, 11.67415197291321500 ) ) ;
#1121 = FACE_OUTER_BOUND ( 'NONE', #5859, .T. ) ;
#1122 = ADVANCED_FACE ( 'NONE', ( #1315 ), #4005, .F. ) ;
#1123 = DIRECTION ( 'NONE',  ( 0.4677980483665710200, -0.4870694936659635800, 0.7375149451261371300 ) ) ;
#1124 = ORIENTED_EDGE ( 'NONE', *, *, #1607, .T. ) ;
#1125 = ORIENTED_EDGE ( 'NONE', *, *, #3830, .T. ) ;
#1126 = CARTESIAN_POINT ( 'NONE',  ( -78.34589687160828900, 11.14567855296414600, 20.01343768719865000 ) ) ;
#1127 = CARTESIAN_POINT ( 'NONE',  ( -56.32469720412586200, 17.50699927904754500, 12.58129483005580900 ) ) ;
#1128 = CARTESIAN_POINT ( 'NONE',  ( -106.9521864060898700, 22.40281557801615300, 13.31533483074810900 ) ) ;
#1129 = CARTESIAN_POINT ( 'NONE',  ( -60.26403541210824200, -0.3282585483608326200, 23.51879483005555500 ) ) ;
#1130 = CARTESIAN_POINT ( 'NONE',  ( -11.33487517085056600, 19.31229120932975700, 24.13045576716733000 ) ) ;
#1131 = ORIENTED_EDGE ( 'NONE', *, *, #2678, .T. ) ;
#1132 = CARTESIAN_POINT ( 'NONE',  ( -54.30393100767836500, 14.97303861701290000, 9.808080544341487800 ) ) ;
#1133 =( BOUNDED_CURVE ( )  B_SPLINE_CURVE ( 3, ( #5816, #2418, #23, #3387 ),
 .UNSPECIFIED., .F., .F. ) 
 B_SPLINE_CURVE_WITH_KNOTS ( ( 4, 4 ),
 ( 1.138412281109777300E-015, 0.6980500619004411700 ),
 .UNSPECIFIED. ) 
 CURVE ( )  GEOMETRIC_REPRESENTATION_ITEM ( )  RATIONAL_B_SPLINE_CURVE ( ( 1.000000000000000000, 0.9598043873844732700, 0.9598043873844732700, 1.000000000000000000 ) ) 
 REPRESENTATION_ITEM ( '' )  );
#1134 = EDGE_CURVE ( 'NONE', #5465, #5462, #2558, .T. ) ;
#1135 = CARTESIAN_POINT ( 'NONE',  ( -9.232872839283714900, 19.93439778396585300, 22.89365911343441700 ) ) ;
#1136 = CARTESIAN_POINT ( 'NONE',  ( -113.0754657327993000, 20.45819796371081600, 11.58177032639630100 ) ) ;
#1137 = AXIS2_PLACEMENT_3D ( 'NONE', #4721, #1836, #5213 ) ;
#1138 = EDGE_CURVE ( 'NONE', #1082, #3622, #3991, .T. ) ;
#1139 = ORIENTED_EDGE ( 'NONE', *, *, #444, .F. ) ;
#1140 = ADVANCED_FACE ( 'NONE', ( #19 ), #6006, .F. ) ;
#1141 = CARTESIAN_POINT ( 'NONE',  ( -106.9313307591426500, 22.12872561307689900, 11.21623212896390600 ) ) ;
#1142 = LINE ( 'NONE', #5607, #2108 ) ;
#1143 = EDGE_LOOP ( 'NONE', ( #3054, #3796 ) ) ;
#1144 = CARTESIAN_POINT ( 'NONE',  ( -12.51810317122957100, 18.37739090493140600, 26.75122613794508200 ) ) ;
#1145 = AXIS2_PLACEMENT_3D ( 'NONE', #3901, #60, #4874 ) ;
#1146 = CARTESIAN_POINT ( 'NONE',  ( -109.5267042551718900, 23.48319877032315600, 10.79112794566505700 ) ) ;
#1147 = FACE_OUTER_BOUND ( 'NONE', #5759, .T. ) ;
#1148 = CARTESIAN_POINT ( 'NONE',  ( -67.42670425517188400, -5.546555907346508700, 14.84915197291263700 ) ) ;
#1149 = CARTESIAN_POINT ( 'NONE',  ( -57.07634789095163100, 3.668975172032016700, 17.06522340148418600 ) ) ;
#1150 = CARTESIAN_POINT ( 'NONE',  ( -81.27068060815372500, 5.493646830473672100, 25.55986625862714600 ) ) ;
#1151 = ORIENTED_EDGE ( 'NONE', *, *, #129, .F. ) ;
#1152 = CARTESIAN_POINT ( 'NONE',  ( -72.28620213328848400, 18.74429541316051100, 20.57058054434160600 ) ) ;
#1153 = CARTESIAN_POINT ( 'NONE',  ( -10.84861112150154500, 24.32949728037526400, 21.99707780788067500 ) ) ;
#1154 = B_SPLINE_CURVE_WITH_KNOTS ( 'NONE', 3,
 ( #2886, #5804, #4340, #1460, #4821, #1940, #5323, #2426 ),
 .UNSPECIFIED., .F., .F.,
 ( 4, 2, 2, 4 ),
 ( 0.001726308551599124600, 0.001869899190959072300, 0.002013489830319020000, 0.002300671109038931800 ),
 .UNSPECIFIED. ) ;
#1155 = CARTESIAN_POINT ( 'NONE',  ( -81.99188371364213900, 8.653444092653384000, 22.78665197291291700 ) ) ;
#1156 = ADVANCED_FACE ( 'NONE', ( #3850 ), #2425, .T. ) ;
#1157 = VERTEX_POINT ( 'NONE', #1761 ) ;
#1158 = CARTESIAN_POINT ( 'NONE',  ( -7.784587090412471400, 22.94616806260197700, 19.17780471015850800 ) ) ;
#1159 = CARTESIAN_POINT ( 'NONE',  ( -4.080990041193016900, 17.34809219020561200, 21.72893815592972200 ) ) ;
#1160 = CARTESIAN_POINT ( 'NONE',  ( -15.35881040382238500, 16.07776018844792900, 22.90155861990329800 ) ) ;
#1161 = VERTEX_POINT ( 'NONE', #5130 ) ;
#1162 = CARTESIAN_POINT ( 'NONE',  ( -9.447423972536304500, 24.07276116540608900, 23.10714184752500700 ) ) ;
#1163 = ORIENTED_EDGE ( 'NONE', *, *, #5003, .F. ) ;
#1164 = ORIENTED_EDGE ( 'NONE', *, *, #118, .F. ) ;
#1165 = CARTESIAN_POINT ( 'NONE',  ( -9.693220416456719900, 19.43469714930103400, 23.65029998490535900 ) ) ;
#1166 = CARTESIAN_POINT ( 'NONE',  ( -8.623996989166160500, 18.85009915362350300, 22.72089333729839900 ) ) ;
#1167 = CARTESIAN_POINT ( 'NONE',  ( -13.80682795621738600, 19.43659615499765200, 21.83282641992801500 ) ) ;
#1168 = ORIENTED_EDGE ( 'NONE', *, *, #2450, .F. ) ;
#1169 = CARTESIAN_POINT ( 'NONE',  ( -64.18564691883175000, 22.85344409265355000, 11.90093768719878800 ) ) ;
#1170 = FACE_OUTER_BOUND ( 'NONE', #1866, .T. ) ;
#1171 = VECTOR ( 'NONE', #5776, 999.9999999999998900 ) ;
#1172 = EDGE_LOOP ( 'NONE', ( #5727, #562, #2883, #4427 ) ) ;
#1173 = CARTESIAN_POINT ( 'NONE',  ( -76.18321685881380700, 15.63652987347133000, 14.11700911577014000 ) ) ;
#1174 = CARTESIAN_POINT ( 'NONE',  ( -52.86152479670158800, 8.653444092653371600, 22.61165197291281400 ) ) ;
#1175 = EDGE_CURVE ( 'NONE', #6046, #1383, #2882, .T. ) ;
#1176 = CARTESIAN_POINT ( 'NONE',  ( -13.68931835409432200, 18.35359827783351200, 24.40456722086548800 ) ) ;
#1177 = ORIENTED_EDGE ( 'NONE', *, *, #129, .T. ) ;
#1178 = CARTESIAN_POINT ( 'NONE',  ( -64.87037734200221500, -2.546555907346550000, 17.62236625862696500 ) ) ;
#1179 = AXIS2_PLACEMENT_3D ( 'NONE', #4705, #1819, #5198 ) ;
#1180 = EDGE_CURVE ( 'NONE', #2283, #512, #1787, .T. ) ;
#1181 = DIRECTION ( 'NONE',  ( 0.0000000000000000000, 0.8371691043312138300, 0.5469441386040014800 ) ) ;
#1182 = CARTESIAN_POINT ( 'NONE',  ( -53.58272790218996600, 5.493646830473746700, 19.83843768719847800 ) ) ;
#1183 = CARTESIAN_POINT ( 'NONE',  ( -77.77706061939213100, 3.668975172031945700, 22.33308054434139200 ) ) ;
#1184 = CARTESIAN_POINT ( 'NONE',  ( -111.1479831087574400, 19.77741758389401400, 9.694031325815073400 ) ) ;
#1185 = DIRECTION ( 'NONE',  ( -3.154042683594192500E-015, -0.8371691043312137200, -0.5469441386040016000 ) ) ;
#1186 = AXIS2_PLACEMENT_3D ( 'NONE', #4890, #2010, #5399 ) ;
#1187 =( GEOMETRIC_REPRESENTATION_CONTEXT ( 3 ) GLOBAL_UNCERTAINTY_ASSIGNED_CONTEXT ( ( #448 ) ) GLOBAL_UNIT_ASSIGNED_CONTEXT ( ( #839, #5676, #2769 ) ) REPRESENTATION_CONTEXT ( 'NONE', 'WORKASPACE' ) );
#1188 = EDGE_CURVE ( 'NONE', #5390, #2804, #3993, .T. ) ;
#1189 = CARTESIAN_POINT ( 'NONE',  ( -7.784587090412443900, 19.36609124754999200, 24.59871525811249500 ) ) ;
#1190 = FACE_OUTER_BOUND ( 'NONE', #3357, .T. ) ;
#1191 = ADVANCED_FACE ( 'NONE', ( #5156 ), #3559, .T. ) ;
#1192 = PLANE ( 'NONE',  #3798 ) ;
#1193 = DIRECTION ( 'NONE',  ( -1.000000000000000000, -5.726637133838782600E-029, 3.490263633665282600E-015 ) ) ;
#1194 = CARTESIAN_POINT ( 'NONE',  ( -76.50794510977039000, -2.734071755775358900, 24.87950911576985600 ) ) ;
#1195 = CARTESIAN_POINT ( 'NONE',  ( -60.26403541210828500, -0.3282585483606404500, 11.16879483005555700 ) ) ;
#1196 = CARTESIAN_POINT ( 'NONE',  ( -81.27068060815375400, 11.81324135483309400, 19.66343768719867000 ) ) ;
#1197 = DIRECTION ( 'NONE',  ( -0.9904922731777512400, 0.1151679901643342200, 0.07524221432599306800 ) ) ;
#1198 =( BOUNDED_CURVE ( )  B_SPLINE_CURVE ( 3, ( #99, #2497, #5901, #2993 ),
 .UNSPECIFIED., .F., .T. ) 
 B_SPLINE_CURVE_WITH_KNOTS ( ( 4, 4 ),
 ( 5.306192961836805100, 7.260177652522366500 ),
 .UNSPECIFIED. ) 
 CURVE ( )  GEOMETRIC_REPRESENTATION_ITEM ( )  RATIONAL_B_SPLINE_CURVE ( ( 1.000000000000000000, 0.7063452485847592200, 0.7063452485847592200, 1.000000000000000000 ) ) 
 REPRESENTATION_ITEM ( '' )  );
#1199 = CARTESIAN_POINT ( 'NONE',  ( -67.42670425517187000, 19.85344409265350400, 14.67415197291303600 ) ) ;
#1200 = CARTESIAN_POINT ( 'NONE',  ( -7.551881839805378000, 23.02234071867321300, 25.47632439665581900 ) ) ;
#1201 = LINE ( 'NONE', #2687, #1038 ) ;
#1202 = CARTESIAN_POINT ( 'NONE',  ( -176.5267042551717800, 21.35344409265351500, 11.67415197291335500 ) ) ;
#1203 = CIRCLE ( 'NONE', #1892, 4.299999999999996300 ) ;
#1204 = CARTESIAN_POINT ( 'NONE',  ( -80.54947750266539700, 14.97303861701280400, 16.89022340148444100 ) ) ;
#1205 = CARTESIAN_POINT ( 'NONE',  ( -56.50751163873543700, 11.14567855296414200, 19.38486625862714200 ) ) ;
#1206 = CARTESIAN_POINT ( 'NONE',  ( -108.5797443371607200, 19.42317446300936700, 12.67678993696887200 ) ) ;
#1207 = CARTESIAN_POINT ( 'NONE',  ( -14.71880006696637000, 22.37123106059849300, 20.70379996662050800 ) ) ;
#1208 = CARTESIAN_POINT ( 'NONE',  ( -17.32670425517183300, 21.35344409265333000, 24.37415197291288700 ) ) ;
#1209 = CARTESIAN_POINT ( 'NONE',  ( -105.5257042551719000, 21.35344409265355000, 11.67415197291318800 ) ) ;
#1210 = VERTEX_POINT ( 'NONE', #3737 ) ;
#1211 = DIRECTION ( 'NONE',  ( 0.5158497608962453500, 0.4721040219343316000, -0.7148544024182229600 ) ) ;
#1212 = CARTESIAN_POINT ( 'NONE',  ( -56.32469720412581200, 17.50699927904739900, 21.93129483005581500 ) ) ;
#1213 = AXIS2_PLACEMENT_3D ( 'NONE', #2121, #5515, #2608 ) ;
#1214 = EDGE_CURVE ( 'NONE', #3386, #4357, #656, .T. ) ;
#1215 = CARTESIAN_POINT ( 'NONE',  ( -13.07851955382194100, 22.77407282616017500, 25.85224874319049300 ) ) ;
#1216 = VERTEX_POINT ( 'NONE', #6183 ) ;
#1217 = CARTESIAN_POINT ( 'NONE',  ( -70.66776159151199000, 22.85344409265340500, 21.14736625862737900 ) ) ;
#1218 =( BOUNDED_CURVE ( )  B_SPLINE_CURVE ( 3, ( #967, #3356, #4804, #1922 ),
 .UNSPECIFIED., .F., .T. ) 
 B_SPLINE_CURVE_WITH_KNOTS ( ( 4, 4 ),
 ( 2.164600308247012400, 4.118584998932574200 ),
 .UNSPECIFIED. ) 
 CURVE ( )  GEOMETRIC_REPRESENTATION_ITEM ( )  RATIONAL_B_SPLINE_CURVE ( ( 1.000000000000000000, 0.7063452485847590000, 0.7063452485847590000, 1.000000000000000000 ) ) 
 REPRESENTATION_ITEM ( '' )  );
#1219 = CARTESIAN_POINT ( 'NONE',  ( -54.30393100767835800, 2.333849568294132500, 16.71522340148414900 ) ) ;
#1220 = DIRECTION ( 'NONE',  ( 1.000000000000000000, 2.904513797292240500E-016, -3.300504266208427900E-015 ) ) ;
#1221 = CARTESIAN_POINT ( 'NONE',  ( -118.0267042551718900, 21.35344409265355000, 11.67415197291322900 ) ) ;
#1222 = CARTESIAN_POINT ( 'NONE',  ( -72.28620213328851200, -1.437407227853699300, 21.65272340148415600 ) ) ;
#1223 = DIRECTION ( 'NONE',  ( 0.0000000000000000000, 0.8371691043312138300, 0.5469441386040014800 ) ) ;
#1224 = CARTESIAN_POINT ( 'NONE',  ( -7.784587090412443900, 23.34079693775667200, 24.14958868771321900 ) ) ;
#1225 = CARTESIAN_POINT ( 'NONE',  ( -78.91473312382450400, 8.653444092653479900, 16.43665197291290200 ) ) ;
#1226 = ADVANCED_FACE ( 'NONE', ( #1147 ), #3270, .T. ) ;
#1227 = VERTEX_POINT ( 'NONE', #4710 ) ;
#1228 = CARTESIAN_POINT ( 'NONE',  ( -67.42670425517188400, 21.35344409265355000, 11.67415197291305700 ) ) ;
#1229 = CARTESIAN_POINT ( 'NONE',  ( -3.326704255171820900, 27.13153273700315500, 28.69082796469581000 ) ) ;
#1230 = AXIS2_PLACEMENT_3D ( 'NONE', #726, #4075, #5044 ) ;
#1231 = EDGE_CURVE ( 'NONE', #2422, #5533, #4979, .T. ) ;
#1232 = CARTESIAN_POINT ( 'NONE',  ( -12.83560330372819000, 23.34710532966402500, 24.21504549271492100 ) ) ;
#1233 = LINE ( 'NONE', #5105, #1384 ) ;
#1234 = PLANE ( 'NONE',  #5983 ) ;
#1235 = ORIENTED_EDGE ( 'NONE', *, *, #2762, .T. ) ;
#1236 = DIRECTION ( 'NONE',  ( -1.908979236615881600E-015, -0.8371691043312136100, -0.5469441386040017100 ) ) ;
#1237 = VERTEX_POINT ( 'NONE', #5725 ) ;
#1238 = AXIS2_PLACEMENT_3D ( 'NONE', #5830, #2916, #40 ) ;
#1239 = DIRECTION ( 'NONE',  ( -1.920722739381920500E-015, -0.8344483130099376000, -0.5510862118714903200 ) ) ;
#1240 = ORIENTED_EDGE ( 'NONE', *, *, #5962, .F. ) ;
#1241 = AXIS2_PLACEMENT_3D ( 'NONE', #2688, #3179, #302 ) ;
#1242 = VERTEX_POINT ( 'NONE', #2334 ) ;
#1243 = CARTESIAN_POINT ( 'NONE',  ( -80.54947750266541100, 2.333849568294111200, 18.98308054434138000 ) ) ;
#1244 = CARTESIAN_POINT ( 'NONE',  ( -12.83560330372819000, 21.98984022040698200, 26.27020048721312400 ) ) ;
#1245 = CARTESIAN_POINT ( 'NONE',  ( -17.32670425517184000, 18.85009915362350300, 22.72089333729843100 ) ) ;
#1246 = CARTESIAN_POINT ( 'NONE',  ( -74.58937309823547000, 17.63514673366750800, 26.69379483005588900 ) ) ;
#1247 = CARTESIAN_POINT ( 'NONE',  ( -60.26403541210825700, 17.63514673366762200, 18.70450911577012600 ) ) ;
#1248 = VERTEX_POINT ( 'NONE', #4245 ) ;
#1249 = DIRECTION ( 'NONE',  ( -2.574996184880040800E-015, 0.5469441386040017100, -0.8371691043312136100 ) ) ;
#1250 = CARTESIAN_POINT ( 'NONE',  ( 21.17329574482812800, 20.06004920748792500, 23.51996834451195500 ) ) ;
#1251 = ORIENTED_EDGE ( 'NONE', *, *, #1175, .T. ) ;
#1252 = CARTESIAN_POINT ( 'NONE',  ( -56.50751163873545800, 6.161209632342790100, 13.48843768719849800 ) ) ;
#1253 = CARTESIAN_POINT ( 'NONE',  ( -108.8504988320561600, 21.85780677680032400, 12.42005492370306500 ) ) ;
#1254 = AXIS2_PLACEMENT_3D ( 'NONE', #3881, #3407, #1015 ) ;
#1255 = CARTESIAN_POINT ( 'NONE',  ( -112.8181501336701600, 22.23199869099501700, 11.87389913768287300 ) ) ;
#1256 = ORIENTED_EDGE ( 'NONE', *, *, #3510, .T. ) ;
#1257 = ORGANIZATION ( 'UNSPECIFIED', 'UNSPECIFIED', '' ) ;
#1258 = FACE_OUTER_BOUND ( 'NONE', #3727, .T. ) ;
#1259 = ORIENTED_EDGE ( 'NONE', *, *, #528, .F. ) ;
#1260 = DIRECTION ( 'NONE',  ( 0.0000000000000000000, -1.000000000000000000, -1.619075244245018500E-014 ) ) ;
#1261 = VERTEX_POINT ( 'NONE', #2810 ) ;
#1262 = DIRECTION ( 'NONE',  ( -1.987703982890092100E-015, -0.8344483130099414900, -0.5510862118714843200 ) ) ;
#1263 = ADVANCED_FACE ( 'NONE', ( #2294 ), #3295, .F. ) ;
#1264 = ORIENTED_EDGE ( 'NONE', *, *, #5457, .F. ) ;
#1265 = DIRECTION ( 'NONE',  ( -0.5158497608962503400, 0.4721040219343316000, -0.7148544024182192900 ) ) ;
#1266 = VECTOR ( 'NONE', #3449, 1000.000000000000100 ) ;
#1267 = ORIENTED_EDGE ( 'NONE', *, *, #3693, .T. ) ;
#1268 = CARTESIAN_POINT ( 'NONE',  ( -53.58272790218997300, 11.81324135483313700, 16.03486625862714700 ) ) ;
#1269 = CARTESIAN_POINT ( 'NONE',  ( 18.17329574482815600, 26.70349488117814800, 25.73413985725459000 ) ) ;
#1270 = CARTESIAN_POINT ( 'NONE',  ( -109.0267042551718900, 20.45819796371090500, 11.58177032639613700 ) ) ;
#1271 = CARTESIAN_POINT ( 'NONE',  ( -62.56720637705520000, -1.437407227853740900, 23.74558054434125900 ) ) ;
#1272 = EDGE_CURVE ( 'NONE', #2879, #2570, #4704, .T. ) ;
#1273 = ORIENTED_EDGE ( 'NONE', *, *, #225, .T. ) ;
#1274 = CARTESIAN_POINT ( 'NONE',  ( -11.33487517085056800, 20.32794235114226200, 22.59256865688393000 ) ) ;
#1275 = EDGE_CURVE ( 'NONE', #2304, #5736, #3401, .T. ) ;
#1276 = DIRECTION ( 'NONE',  ( -1.000000000000000000, -5.726637133838782600E-029, 3.490263633665282600E-015 ) ) ;
#1277 = CARTESIAN_POINT ( 'NONE',  ( -12.12356623796837200, 23.85678903168315300, 26.02741060852732200 ) ) ;
#1278 = DIRECTION ( 'NONE',  ( 3.478282900197969800E-015, 0.1432757502516505700, 0.9896828074640008400 ) ) ;
#1279 = DIRECTION ( 'NONE',  ( -2.967038804785362000E-015, -0.3442362757280893500, -0.9388830526071151300 ) ) ;
#1280 = LINE ( 'NONE', #2705, #2520 ) ;
#1281 = CARTESIAN_POINT ( 'NONE',  ( -4.326704255171821800, 21.35344409265333000, 24.37415197291284500 ) ) ;
#1282 = CARTESIAN_POINT ( 'NONE',  ( -74.58937309823547000, 17.63514673366755400, 23.69379483005590400 ) ) ;
#1283 = FACE_BOUND ( 'NONE', #1895, .T. ) ;
#1284 = LINE ( 'NONE', #3170, #979 ) ;
#1285 = CARTESIAN_POINT ( 'NONE',  ( -14.27639590177945000, 19.43627957412040900, 23.64790389570454800 ) ) ;
#1286 = DIRECTION ( 'NONE',  ( 0.8566790672026956000, 0.2842776906271247700, -0.4304499627464592500 ) ) ;
#1287 = CARTESIAN_POINT ( 'NONE',  ( -109.0267042551718900, 20.90921965466626600, 10.89142299766386100 ) ) ;
#1288 = CIRCLE ( 'NONE', #1816, 2.305555555555557600 ) ;
#1289 = ORIENTED_EDGE ( 'NONE', *, *, #206, .T. ) ;
#1290 = CARTESIAN_POINT ( 'NONE',  ( -69.98303116834154000, 19.85344409265340800, 20.79736625862733100 ) ) ;
#1291 = CARTESIAN_POINT ( 'NONE',  ( -9.693220416456712800, 23.27219103600561600, 25.09800396092036900 ) ) ;
#1292 = EDGE_LOOP ( 'NONE', ( #2556, #1125, #1462, #1086 ) ) ;
#1293 = CARTESIAN_POINT ( 'NONE',  ( -109.2028432153075200, 22.23911980803641700, 11.83640127645186600 ) ) ;
#1294 = ORIENTED_EDGE ( 'NONE', *, *, #5330, .F. ) ;
#1295 = CARTESIAN_POINT ( 'NONE',  ( -7.784587090412429700, 19.76072012270463000, 29.57049923566719900 ) ) ;
#1296 = CARTESIAN_POINT ( 'NONE',  ( -60.26403541210826400, -0.3282585483607856100, 20.51879483005555500 ) ) ;
#1297 = CARTESIAN_POINT ( 'NONE',  ( -118.5267042551717700, 23.24674360915797400, 16.83800876225230800 ) ) ;
#1298 = CARTESIAN_POINT ( 'NONE',  ( -107.0267042551719200, 21.26106244613652100, 12.56939810185584400 ) ) ;
#1299 = ORIENTED_EDGE ( 'NONE', *, *, #4085, .F. ) ;
#1300 = CARTESIAN_POINT ( 'NONE',  ( -107.5267042551718800, 25.74885260025180100, 12.99293344548770100 ) ) ;
#1301 = CARTESIAN_POINT ( 'NONE',  ( -62.56720637705520700, -1.437407227853692500, 20.74558054434125900 ) ) ;
#1302 = VERTEX_POINT ( 'NONE', #1868 ) ;
#1303 = CARTESIAN_POINT ( 'NONE',  ( -3.326704255171825800, 25.35879599510104800, 27.01936578989596400 ) ) ;
#1304 = B_SPLINE_CURVE_WITH_KNOTS ( 'NONE', 3,
 ( #4692, #5160, #5689, #2779, #6168, #3258, #389, #3749, #875, #4233 ),
 .UNSPECIFIED., .F., .F.,
 ( 4, 2, 2, 2, 4 ),
 ( 2.461060115748440500E-007, 0.0002163194804811041200, 0.0004323928549506334300, 0.0006484662294201626600, 0.0008645396038896919400 ),
 .UNSPECIFIED. ) ;
#1305 = EDGE_CURVE ( 'NONE', #1227, #2829, #5810, .T. ) ;
#1306 = VECTOR ( 'NONE', #1585, 1000.000000000000000 ) ;
#1307 = AXIS2_PLACEMENT_3D ( 'NONE', #1968, #5353, #2452 ) ;
#1308 = EDGE_CURVE ( 'NONE', #3364, #3321, #4674, .T. ) ;
#1309 = CARTESIAN_POINT ( 'NONE',  ( -174.0267042551717800, 22.21403478197374100, 14.02135960443113500 ) ) ;
#1310 = CARTESIAN_POINT ( 'NONE',  ( -67.42670425517187000, -2.546555907346551800, 17.84915197291267900 ) ) ;
#1311 = EDGE_LOOP ( 'NONE', ( #6243, #4615, #4300, #5314, #5075, #275 ) ) ;
#1312 = DIRECTION ( 'NONE',  ( 5.250964054860445700E-016, -0.9896828074640008400, 0.1432757502516512300 ) ) ;
#1313 = CARTESIAN_POINT ( 'NONE',  ( -74.58937309823545500, 17.63514673366755800, 23.69379483005590000 ) ) ;
#1314 = DIRECTION ( 'NONE',  ( -1.734723475976805500E-015, -0.8344483130099416000, -0.5510862118714844300 ) ) ;
#1315 = FACE_OUTER_BOUND ( 'NONE', #3313, .T. ) ;
#1316 = CARTESIAN_POINT ( 'NONE',  ( -11.69370109359389800, 18.18106038262131500, 24.70664281767929900 ) ) ;
#1317 = CARTESIAN_POINT ( 'NONE',  ( -8.732872839283713200, 18.85009915362350300, 22.72089333729839900 ) ) ;
#1318 = EDGE_LOOP ( 'NONE', ( #1391, #5433 ) ) ;
#1319 = EDGE_CURVE ( 'NONE', #6201, #5301, #3542, .T. ) ;
#1320 = DIRECTION ( 'NONE',  ( -1.000000000000000000, -5.726637133838782600E-029, 3.490263633665282600E-015 ) ) ;
#1321 = EDGE_CURVE ( 'NONE', #556, #4620, #999, .T. ) ;
#1322 = CARTESIAN_POINT ( 'NONE',  ( -72.28620213328851200, 18.74429541316055400, 17.57058054434160300 ) ) ;
#1323 = CARTESIAN_POINT ( 'NONE',  ( -107.0753169141847400, 20.57071511739670600, 12.11837641089530300 ) ) ;
#1324 = VERTEX_POINT ( 'NONE', #4266 ) ;
#1325 = CARTESIAN_POINT ( 'NONE',  ( -69.98303116834158300, 19.85344409265345800, 17.79736625862733800 ) ) ;
#1326 =( BOUNDED_CURVE ( )  B_SPLINE_CURVE ( 3, ( #5369, #1988, #5869, #2954 ),
 .UNSPECIFIED., .F., .T. ) 
 B_SPLINE_CURVE_WITH_KNOTS ( ( 4, 4 ),
 ( 2.121905585991785200, 3.141592653589800200 ),
 .UNSPECIFIED. ) 
 CURVE ( )  GEOMETRIC_REPRESENTATION_ITEM ( )  RATIONAL_B_SPLINE_CURVE ( ( 1.000000000000000000, 0.9152139201343653100, 0.9152139201343653100, 1.000000000000000000 ) ) 
 REPRESENTATION_ITEM ( '' )  );
#1327 = EDGE_LOOP ( 'NONE', ( #2413, #3817, #662, #5438 ) ) ;
#1328 = DIRECTION ( 'NONE',  ( -1.000000000000000000, -2.904513797292239500E-016, 3.300504266208427900E-015 ) ) ;
#1329 = CARTESIAN_POINT ( 'NONE',  ( -76.50794510977036100, 20.04095994108207200, 23.69379483005594300 ) ) ;
#1330 = ORIENTED_EDGE ( 'NONE', *, *, #2457, .T. ) ;
#1331 = DIRECTION ( 'NONE',  ( -0.5158497608962510100, 0.4721040219343314300, -0.7148544024182189600 ) ) ;
#1332 = EDGE_LOOP ( 'NONE', ( #3083, #4437 ) ) ;
#1333 = CARTESIAN_POINT ( 'NONE',  ( -64.87037734200218600, 19.85344409265349700, 14.90093768719874500 ) ) ;
#1334 = ORIENTED_EDGE ( 'NONE', *, *, #4841, .F. ) ;
#1335 = CARTESIAN_POINT ( 'NONE',  ( -17.32670425517183300, 19.85344409265333000, 24.37415197291286300 ) ) ;
#1336 = CARTESIAN_POINT ( 'NONE',  ( -62.56720637705520700, -1.437407227853692500, 20.74558054434125900 ) ) ;
#1337 = EDGE_LOOP ( 'NONE', ( #4777, #3889, #2898, #3721 ) ) ;
#1338 = DIRECTION ( 'NONE',  ( 1.987703982890091700E-015, 0.8344483130099411600, 0.5510862118714848800 ) ) ;
#1339 = CARTESIAN_POINT ( 'NONE',  ( -8.680842204910186800, 16.07776018844792900, 22.90155861990327000 ) ) ;
#1340 = VECTOR ( 'NONE', #3056, 1000.000000000000100 ) ;
#1341 = LINE ( 'NONE', #1898, #1171 ) ;
#1342 = ORIENTED_EDGE ( 'NONE', *, *, #1564, .T. ) ;
#1343 = CARTESIAN_POINT ( 'NONE',  ( -7.051881839805400200, 18.85009915362350300, 22.72089333729839600 ) ) ;
#1344 = PERSON_AND_ORGANIZATION_ROLE ( 'design_owner' ) ;
#1345 = CARTESIAN_POINT ( 'NONE',  ( -64.87037734200220000, -2.546555907346498900, 14.62236625862697000 ) ) ;
#1346 = VERTEX_POINT ( 'NONE', #5773 ) ;
#1347 = DIRECTION ( 'NONE',  ( 0.9051741977104794700, 0.3546745688363761600, 0.2342341179673035100 ) ) ;
#1348 = CARTESIAN_POINT ( 'NONE',  ( -14.71794862151373100, 19.68454746663344300, 23.27197954916990600 ) ) ;
#1349 = CARTESIAN_POINT ( 'NONE',  ( -106.9772765296983200, 21.44596900036401600, 10.77892062744276000 ) ) ;
#1350 = B_SPLINE_CURVE_WITH_KNOTS ( 'NONE', 3,
 ( #4376, #1497, #5862, #2945, #63, #3436, #555, #3904 ),
 .UNSPECIFIED., .F., .F.,
 ( 4, 2, 2, 4 ),
 ( 0.0008993190761055412300, 0.001108969579741011100, 0.001318620083376480800, 0.001737921090647416600 ),
 .UNSPECIFIED. ) ;
#1351 = CIRCLE ( 'NONE', #165, 4.400000000000003000 ) ;
#1352 = EDGE_CURVE ( 'NONE', #4258, #5938, #1962, .T. ) ;
#1353 = CARTESIAN_POINT ( 'NONE',  ( -10.08451259455789300, 19.84637738467760600, 25.91946489851735800 ) ) ;
#1354 = CARTESIAN_POINT ( 'NONE',  ( -61.26555515970254400, -4.140313831560951600, 20.74558054434120900 ) ) ;
#1355 = LINE ( 'NONE', #1753, #1479 ) ;
#1356 = VECTOR ( 'NONE', #2934, 1000.000000000000000 ) ;
#1357 = EDGE_CURVE ( 'NONE', #1690, #5265, #3263, .T. ) ;
#1358 = AXIS2_PLACEMENT_3D ( 'NONE', #5821, #987, #2908 ) ;
#1359 = EDGE_CURVE ( 'NONE', #1619, #1914, #4530, .T. ) ;
#1360 = CARTESIAN_POINT ( 'NONE',  ( -69.98303116834156900, 19.85344409265345800, 17.79736625862733800 ) ) ;
#1361 = CARTESIAN_POINT ( 'NONE',  ( -13.35433832792764300, 24.52282468300698800, 24.07806371607364700 ) ) ;
#1362 = CIRCLE ( 'NONE', #5683, 1.500000000000001300 ) ;
#1363 = DATE_TIME_ROLE ( 'classification_date' ) ;
#1364 = CARTESIAN_POINT ( 'NONE',  ( -67.42670425517188400, 19.85344409265355000, 11.67415197291302900 ) ) ;
#1365 = VECTOR ( 'NONE', #5036, 1000.000000000000000 ) ;
#1366 = DIRECTION ( 'NONE',  ( 0.8944271909999150800, -0.3731766303200483900, -0.2464532462415039700 ) ) ;
#1367 = LINE ( 'NONE', #4886, #3768 ) ;
#1368 = CARTESIAN_POINT ( 'NONE',  ( -17.32670425517184000, 18.85009915362350300, 22.72089333729843100 ) ) ;
#1369 =( BOUNDED_CURVE ( )  B_SPLINE_CURVE ( 3, ( #1416, #4779, #5271, #2373 ),
 .UNSPECIFIED., .F., .F. ) 
 B_SPLINE_CURVE_WITH_KNOTS ( ( 4, 4 ),
 ( 3.141592653589800200, 4.176353824754748700 ),
 .UNSPECIFIED. ) 
 CURVE ( )  GEOMETRIC_REPRESENTATION_ITEM ( )  RATIONAL_B_SPLINE_CURVE ( ( 1.000000000000000000, 0.9127451573267461000, 0.9127451573267461000, 1.000000000000000000 ) ) 
 REPRESENTATION_ITEM ( '' )  );
#1370 = AXIS2_PLACEMENT_3D ( 'NONE', #406, #2468, #5879 ) ;
#1371 = CARTESIAN_POINT ( 'NONE',  ( -7.509627022045437500, 22.37123106059849300, 20.70379996662048700 ) ) ;
#1372 = CARTESIAN_POINT ( 'NONE',  ( -70.66776159151201900, 22.85344409265345400, 17.79736625862738500 ) ) ;
#1373 = CARTESIAN_POINT ( 'NONE',  ( -112.8762918270068500, 20.57631396380443100, 14.33373136957386900 ) ) ;
#1374 = ORIENTED_EDGE ( 'NONE', *, *, #4904, .T. ) ;
#1375 = CARTESIAN_POINT ( 'NONE',  ( -107.3414593512606500, 20.35298874149755800, 9.939159026087258700 ) ) ;
#1376 = AXIS2_PLACEMENT_3D ( 'NONE', #1850, #409, #4250 ) ;
#1377 = CARTESIAN_POINT ( 'NONE',  ( -8.051181455185574300, 19.42347111062079500, 23.66729832171131400 ) ) ;
#1378 = CARTESIAN_POINT ( 'NONE',  ( -67.42670425517188400, -2.546555907346506100, 14.84915197291268600 ) ) ;
#1379 = CARTESIAN_POINT ( 'NONE',  ( -11.69370109359389300, 22.29315343618250000, 27.42235060738766000 ) ) ;
#1380 = EDGE_LOOP ( 'NONE', ( #5658, #1864 ) ) ;
#1381 = CARTESIAN_POINT ( 'NONE',  ( -7.784587090412471400, 22.94616806260197700, 19.17780471015850800 ) ) ;
#1382 = CARTESIAN_POINT ( 'NONE',  ( -72.28620213328851200, -1.437407227853652300, 18.65272340148414900 ) ) ;
#1383 = VERTEX_POINT ( 'NONE', #2917 ) ;
#1384 = VECTOR ( 'NONE', #2212, 1000.000000000000100 ) ;
#1385 = CARTESIAN_POINT ( 'NONE',  ( 18.17329574482815600, 26.09815794026132400, 21.55275143600409000 ) ) ;
#1386 = CARTESIAN_POINT ( 'NONE',  ( -67.42670425517188400, -5.546555907346508700, 14.84915197291263700 ) ) ;
#1387 = EDGE_CURVE ( 'NONE', #1383, #848, #2423, .T. ) ;
#1388 = VERTEX_POINT ( 'NONE', #1 ) ;
#1389 = EDGE_CURVE ( 'NONE', #5356, #4958, #3104, .T. ) ;
#1390 = ORIENTED_EDGE ( 'NONE', *, *, #4295, .F. ) ;
#1391 = ORIENTED_EDGE ( 'NONE', *, *, #1180, .T. ) ;
#1392 = ORIENTED_EDGE ( 'NONE', *, *, #161, .F. ) ;
#1393 = DIRECTION ( 'NONE',  ( -1.000000000000000000, -5.726637133838782600E-029, 3.490263633665282600E-015 ) ) ;
#1394 = CARTESIAN_POINT ( 'NONE',  ( -64.87037734200221500, 19.85344409265354700, 11.90093768719874700 ) ) ;
#1395 = CC_DESIGN_DATE_AND_TIME_ASSIGNMENT ( #4186, #1363, ( #757 ) ) ;
#1396 = EDGE_CURVE ( 'NONE', #1619, #4396, #4371, .T. ) ;
#1397 = CARTESIAN_POINT ( 'NONE',  ( -60.26403541210825000, 17.63514673366767500, 15.70450911577012400 ) ) ;
#1398 =( BOUNDED_CURVE ( )  B_SPLINE_CURVE ( 3, ( #352, #6132, #1316, #4681 ),
 .UNSPECIFIED., .F., .T. ) 
 B_SPLINE_CURVE_WITH_KNOTS ( ( 4, 4 ),
 ( 3.141592653589792200, 4.176353824754746900 ),
 .UNSPECIFIED. ) 
 CURVE ( )  GEOMETRIC_REPRESENTATION_ITEM ( )  RATIONAL_B_SPLINE_CURVE ( ( 1.000000000000000000, 0.9127451573267448800, 0.9127451573267448800, 1.000000000000000000 ) ) 
 REPRESENTATION_ITEM ( '' )  );
#1399 = ORIENTED_EDGE ( 'NONE', *, *, #1906, .F. ) ;
#1400 = ORIENTED_EDGE ( 'NONE', *, *, #5834, .T. ) ;
#1401 = CARTESIAN_POINT ( 'NONE',  ( -10.92606838373320600, 19.68454746663344300, 23.27197954916989500 ) ) ;
#1402 = VERTEX_POINT ( 'NONE', #4865 ) ;
#1403 = CARTESIAN_POINT ( 'NONE',  ( -8.040831868054155500, 18.37739090493139600, 26.75122613794506800 ) ) ;
#1404 = CARTESIAN_POINT ( 'NONE',  ( -109.0267042551718400, 21.82578696311757600, 9.488497582586045800 ) ) ;
#1405 = ORIENTED_EDGE ( 'NONE', *, *, #1308, .T. ) ;
#1406 = ORIENTED_EDGE ( 'NONE', *, *, #1359, .T. ) ;
#1407 = CARTESIAN_POINT ( 'NONE',  ( -12.62356623796837400, 23.02234071867321300, 25.47632439665583700 ) ) ;
#1408 = CARTESIAN_POINT ( 'NONE',  ( -64.18564691883176500, 22.85344409265354700, 11.90093768719878800 ) ) ;
#1409 = EDGE_LOOP ( 'NONE', ( #4354, #2310 ) ) ;
#1410 = EDGE_LOOP ( 'NONE', ( #3274, #2407, #1536, #1240 ) ) ;
#1411 = CYLINDRICAL_SURFACE ( 'NONE', #1230, 0.5000000000000001100 ) ;
#1412 = ORIENTED_EDGE ( 'NONE', *, *, #2611, .F. ) ;
#1413 = CARTESIAN_POINT ( 'NONE',  ( -5.326704255171836900, 21.35344409265333000, 24.37415197291284500 ) ) ;
#1414 = FACE_BOUND ( 'NONE', #1526, .T. ) ;
#1415 = ORIENTED_EDGE ( 'NONE', *, *, #2133, .T. ) ;
#1416 = CARTESIAN_POINT ( 'NONE',  ( -12.00075363940945800, 23.85678903168315300, 26.02741060852732200 ) ) ;
#1417 =( BOUNDED_CURVE ( )  B_SPLINE_CURVE ( 3, ( #1882, #942, #1422, #4785 ),
 .UNSPECIFIED., .F., .F. ) 
 B_SPLINE_CURVE_WITH_KNOTS ( ( 4, 4 ),
 ( 2.164600308247012000, 4.118584998932573300 ),
 .UNSPECIFIED. ) 
 CURVE ( )  GEOMETRIC_REPRESENTATION_ITEM ( )  RATIONAL_B_SPLINE_CURVE ( ( 1.000000000000000000, 0.7063452485847592200, 0.7063452485847592200, 1.000000000000000000 ) ) 
 REPRESENTATION_ITEM ( '' )  );
#1418 = ORIENTED_EDGE ( 'NONE', *, *, #6167, .T. ) ;
#1419 = CARTESIAN_POINT ( 'NONE',  ( -76.18321685881380700, 1.670358311835716100, 12.75629483005563700 ) ) ;
#1420 = LINE ( 'NONE', #3499, #125 ) ;
#1421 = CARTESIAN_POINT ( 'NONE',  ( -111.2026272447745000, 21.51549004925029300, 10.78844066179465800 ) ) ;
#1422 = CARTESIAN_POINT ( 'NONE',  ( -16.38829211669441900, 22.37123106059849300, 20.70379996662051500 ) ) ;
#1423 = AXIS2_PLACEMENT_3D ( 'NONE', #4206, #1328, #4689 ) ;
#1424 = EDGE_CURVE ( 'NONE', #5428, #3928, #1326, .T. ) ;
#1425 = FACE_OUTER_BOUND ( 'NONE', #2580, .T. ) ;
#1426 = CARTESIAN_POINT ( 'NONE',  ( -112.5267042551719200, 21.57328084645032000, 8.960820878328439300 ) ) ;
#1427 = CARTESIAN_POINT ( 'NONE',  ( -108.7267042551719000, 20.59999189875545900, 11.18190224816959800 ) ) ;
#1428 = FACE_OUTER_BOUND ( 'NONE', #2378, .T. ) ;
#1429 = FACE_OUTER_BOUND ( 'NONE', #420, .T. ) ;
#1430 = CARTESIAN_POINT ( 'NONE',  ( -109.4701886473314800, 21.12555249075831300, 13.96151073733666200 ) ) ;
#1431 = EDGE_CURVE ( 'NONE', #6201, #3925, #1838, .T. ) ;
#1432 = CARTESIAN_POINT ( 'NONE',  ( -8.680842204910172600, 22.50323439724362700, 27.14506919568769000 ) ) ;
#1433 = CARTESIAN_POINT ( 'NONE',  ( -113.1488607052418000, 23.49325463881461200, 9.854887524290171900 ) ) ;
#1434 = CARTESIAN_POINT ( 'NONE',  ( -57.07634789095164500, 13.63791301327501400, 9.808080544341480700 ) ) ;
#1435 = CARTESIAN_POINT ( 'NONE',  ( -105.5257042551719000, 22.10689628655164500, 12.16640169765679000 ) ) ;
#1436 = ORIENTED_EDGE ( 'NONE', *, *, #6179, .T. ) ;
#1437 = CARTESIAN_POINT ( 'NONE',  ( -113.5267042551718900, 20.03466277428792000, 16.06956058126009200 ) ) ;
#1438 = CARTESIAN_POINT ( 'NONE',  ( -9.447423972536290300, 23.34644083506591300, 24.20692761842815300 ) ) ;
#1439 = AXIS2_PLACEMENT_3D ( 'NONE', #4021, #4505, #665 ) ;
#1440 = ORIENTED_EDGE ( 'NONE', *, *, #1357, .F. ) ;
#1441 = VERTEX_POINT ( 'NONE', #4885 ) ;
#1442 = DIRECTION ( 'NONE',  ( 0.0000000000000000000, -0.8371691043312137200, -0.5469441386040018200 ) ) ;
#1443 = CARTESIAN_POINT ( 'NONE',  ( -108.7267042551718800, 20.54685322742153600, 11.26323789242664100 ) ) ;
#1444 = DIRECTION ( 'NONE',  ( -1.000000000000000000, -2.132529265733050800E-017, 3.517630367272413100E-015 ) ) ;
#1445 = VERTEX_POINT ( 'NONE', #2004 ) ;
#1446 = CARTESIAN_POINT ( 'NONE',  ( -17.32670425517183300, 19.85344409265333000, 24.37415197291294800 ) ) ;
#1447 = DIRECTION ( 'NONE',  ( -1.000000000000000000, -2.132529265733050800E-017, 3.517630367272413100E-015 ) ) ;
#1448 = LINE ( 'NONE', #3979, #3987 ) ;
#1449 = DIRECTION ( 'NONE',  ( 2.947032800510583500E-015, -0.5510862118714845400, 0.8344483130099414900 ) ) ;
#1450 = ORIENTED_EDGE ( 'NONE', *, *, #5200, .F. ) ;
#1451 = CARTESIAN_POINT ( 'NONE',  ( -81.99188371364212500, 8.653444092653428400, 19.78665197291291700 ) ) ;
#1452 = CYLINDRICAL_SURFACE ( 'NONE', #317, 4.799999999999998000 ) ;
#1453 = ORIENTED_EDGE ( 'NONE', *, *, #834, .T. ) ;
#1454 = VERTEX_POINT ( 'NONE', #2461 ) ;
#1455 = VERTEX_POINT ( 'NONE', #548 ) ;
#1456 = EDGE_CURVE ( 'NONE', #5393, #5348, #5364, .T. ) ;
#1457 = VERTEX_POINT ( 'NONE', #2480 ) ;
#1458 = EDGE_CURVE ( 'NONE', #5736, #4156, #193, .T. ) ;
#1459 = VERTEX_POINT ( 'NONE', #93 ) ;
#1460 = CARTESIAN_POINT ( 'NONE',  ( -108.8502038649336500, 20.84883273144258100, 10.92841556122478900 ) ) ;
#1461 = CARTESIAN_POINT ( 'NONE',  ( -8.680842204910172600, 21.33580271910519600, 26.37407416688424500 ) ) ;
#1462 = ORIENTED_EDGE ( 'NONE', *, *, #5336, .T. ) ;
#1463 = APPROVAL_DATE_TIME ( #2755, #1719 ) ;
#1464 = LINE ( 'NONE', #1250, #1609 ) ;
#1465 = VERTEX_POINT ( 'NONE', #2507 ) ;
#1466 = VERTEX_POINT ( 'NONE', #5910 ) ;
#1467 = VERTEX_POINT ( 'NONE', #3002 ) ;
#1468 = CARTESIAN_POINT ( 'NONE',  ( -53.58272790218997300, 5.493646830473794700, 16.83843768719847500 ) ) ;
#1469 = VERTEX_POINT ( 'NONE', #2028 ) ;
#1470 = FACE_OUTER_BOUND ( 'NONE', #4179, .T. ) ;
#1471 = ORIENTED_EDGE ( 'NONE', *, *, #3030, .T. ) ;
#1472 = CARTESIAN_POINT ( 'NONE',  ( 21.17329574482813100, 21.35344409265333400, 24.37415197291275200 ) ) ;
#1473 = EDGE_LOOP ( 'NONE', ( #963, #5624, #2097, #4795 ) ) ;
#1474 = DIRECTION ( 'NONE',  ( 1.000000000000000000, 5.726637133838782600E-029, -3.490263633665282600E-015 ) ) ;
#1475 = CARTESIAN_POINT ( 'NONE',  ( -17.32670425517183300, 21.35344409265333000, 24.37415197291288700 ) ) ;
#1476 = VECTOR ( 'NONE', #5016, 1000.000000000000000 ) ;
#1477 = CARTESIAN_POINT ( 'NONE',  ( -14.71880006696635100, 18.37739090493140300, 26.75122613794509600 ) ) ;
#1478 = B_SPLINE_CURVE_WITH_KNOTS ( 'NONE', 3,
 ( #2460, #3439, #4883, #2000, #5387, #2476, #5886, #2973, #89, #3457, #579, #3926, #1063, #4423 ),
 .UNSPECIFIED., .F., .F.,
 ( 4, 2, 2, 2, 2, 2, 4 ),
 ( 0.001150336590836771100, 0.001437920738545967500, 0.001581712812400564700, 0.001725504886255161800, 0.001869296960109758900, 0.002013089033964356100, 0.002300673181673541300 ),
 .UNSPECIFIED. ) ;
#1479 = VECTOR ( 'NONE', #5122, 1000.000000000000000 ) ;
#1480 = CIRCLE ( 'NONE', #1307, 2.305555555555557600 ) ;
#1481 = CARTESIAN_POINT ( 'NONE',  ( -80.54947750266541100, 14.97303861701284900, 13.89022340148443700 ) ) ;
#1482 = DIRECTION ( 'NONE',  ( 1.000000000000000000, 2.132529265733050800E-017, -3.517630367272413100E-015 ) ) ;
#1483 = EDGE_CURVE ( 'NONE', #4994, #801, #5328, .T. ) ;
#1484 = DIRECTION ( 'NONE',  ( 2.947032800510583500E-015, -0.5510862118714845400, 0.8344483130099414900 ) ) ;
#1485 = CARTESIAN_POINT ( 'NONE',  ( -7.051881839805402000, 18.25343330589114300, 23.62435780319403000 ) ) ;
#1486 = AXIS2_PLACEMENT_3D ( 'NONE', #2282, #2233, #5672 ) ;
#1487 = EDGE_CURVE ( 'NONE', #5147, #5090, #4248, .T. ) ;
#1488 = LINE ( 'NONE', #2634, #1365 ) ;
#1489 = VECTOR ( 'NONE', #5335, 1000.000000000000000 ) ;
#1490 = CARTESIAN_POINT ( 'NONE',  ( -3.326704255171820900, 24.17484462956200600, 29.11886582052082400 ) ) ;
#1491 = DIRECTION ( 'NONE',  ( -2.168404344971009700E-015, -0.8344483130099414900, -0.5510862118714843200 ) ) ;
#1492 = ORIENTED_EDGE ( 'NONE', *, *, #1659, .F. ) ;
#1493 = CARTESIAN_POINT ( 'NONE',  ( -9.461827327536456200, 27.44228664419916100, 24.61546998847880700 ) ) ;
#1494 = VERTEX_POINT ( 'NONE', #245 ) ;
#1495 = AXIS2_PLACEMENT_3D ( 'NONE', #2961, #76, #3448 ) ;
#1496 = EDGE_CURVE ( 'NONE', #4706, #1847, #2812, .T. ) ;
#1497 = CARTESIAN_POINT ( 'NONE',  ( -107.0962121255490400, 19.41061489454521900, 11.36045305491021100 ) ) ;
#1498 = VERTEX_POINT ( 'NONE', #3955 ) ;
#1499 = CARTESIAN_POINT ( 'NONE',  ( -56.32469720412586900, -0.2001110937404660900, 10.94200911576983000 ) ) ;
#1500 = EDGE_LOOP ( 'NONE', ( #2364, #4064, #4983, #2050, #6228, #5837, #3664, #103, #1007, #1436, #5260, #1513, #601, #3047, #94, #3127, #6066, #341, #5367, #5552, #3280, #3111 ) ) ;
#1501 = CARTESIAN_POINT ( 'NONE',  ( -14.47552752048316500, 22.91167499864446100, 19.15502480677108100 ) ) ;
#1502 = DIRECTION ( 'NONE',  ( -0.8681610937817931800, -0.4141220910655412600, -0.2734944404098628700 ) ) ;
#1503 = CARTESIAN_POINT ( 'NONE',  ( -113.2352129309624200, 21.88922101932795500, 12.39851984030415900 ) ) ;
#1504 = B_SPLINE_CURVE_WITH_KNOTS ( 'NONE', 3,
 ( #1577, #4463, #156, #3530, #648, #4000, #1128, #4490 ),
 .UNSPECIFIED., .F., .F.,
 ( 4, 2, 2, 4 ),
 ( 2.724211207744878400E-007, 0.0004497957486131605700, 0.0006745574123593495700, 0.0008993190761055386300 ),
 .UNSPECIFIED. ) ;
#1505 = VERTEX_POINT ( 'NONE', #5049 ) ;
#1506 = VECTOR ( 'NONE', #6032, 1000.000000000000000 ) ;
#1507 = PLANE ( 'NONE',  #1145 ) ;
#1508 = DIRECTION ( 'NONE',  ( 2.312964634635742700E-015, 0.8344483130099412700, 0.5510862118714848800 ) ) ;
#1509 = ORIENTED_EDGE ( 'NONE', *, *, #2015, .T. ) ;
#1510 = EDGE_LOOP ( 'NONE', ( #852, #4312, #4678, #4643, #1418, #1131, #5538, #5468, #5667, #3486, #5045, #5189, #175, #1828 ) ) ;
#1511 = CARTESIAN_POINT ( 'NONE',  ( -13.92297186366430000, 22.86051080062907200, 22.82883904730839600 ) ) ;
#1512 = CARTESIAN_POINT ( 'NONE',  ( -12.01982630436628700, 21.37108546620148200, 22.37422977894148300 ) ) ;
#1513 = ORIENTED_EDGE ( 'NONE', *, *, #3391, .F. ) ;
#1514 = CARTESIAN_POINT ( 'NONE',  ( -73.58785335064116900, 21.44720201686771300, 23.92058054434165700 ) ) ;
#1515 = ORIENTED_EDGE ( 'NONE', *, *, #4604, .F. ) ;
#1516 = AXIS2_PLACEMENT_3D ( 'NONE', #5987, #3566, #685 ) ;
#1517 = EDGE_CURVE ( 'NONE', #1109, #1694, #4216, .T. ) ;
#1518 = CARTESIAN_POINT ( 'NONE',  ( 18.17329574482815600, 26.09815794026132400, 21.55275143600409000 ) ) ;
#1519 = CARTESIAN_POINT ( 'NONE',  ( -10.42606838373320600, 18.85009915362350300, 22.72089333729840600 ) ) ;
#1520 = VERTEX_POINT ( 'NONE', #2627 ) ;
#1521 = PLANE ( 'NONE',  #4209 ) ;
#1522 = B_SPLINE_CURVE_WITH_KNOTS ( 'NONE', 3,
 ( #3650, #5583, #4130, #1255, #4610, #1738, #5102, #2211, #5609, #2696, #6091, #3187, #313, #3673 ),
 .UNSPECIFIED., .F., .F.,
 ( 4, 2, 2, 2, 2, 2, 4 ),
 ( 0.0000000000000000000, 0.0002876914365979519900, 0.0004315371548969267300, 0.0005753828731959015900, 0.0007192285914948763300, 0.0008630743097938510800, 0.001150765746391782100 ),
 .UNSPECIFIED. ) ;
#1523 = CARTESIAN_POINT ( 'NONE',  ( -111.0267042551719100, 21.26106284609411300, 12.56939814312792700 ) ) ;
#1524 = DIRECTION ( 'NONE',  ( -1.000000000000000000, -2.132529265733050800E-017, 3.517630367272413100E-015 ) ) ;
#1525 = EDGE_CURVE ( 'NONE', #956, #1964, #3908, .T. ) ;
#1526 = EDGE_LOOP ( 'NONE', ( #4899, #150 ) ) ;
#1527 = LINE ( 'NONE', #2884, #3927 ) ;
#1528 = ORIENTED_EDGE ( 'NONE', *, *, #384, .T. ) ;
#1529 = CARTESIAN_POINT ( 'NONE',  ( -12.83560330372819000, 19.35978285564263500, 24.53325845311084300 ) ) ;
#1530 = ORIENTED_EDGE ( 'NONE', *, *, #3868, .F. ) ;
#1531 = CARTESIAN_POINT ( 'NONE',  ( -111.0754914461938500, 21.26106284609426200, 12.56939814312802300 ) ) ;
#1532 = VERTEX_POINT ( 'NONE', #4107 ) ;
#1533 = ORIENTED_EDGE ( 'NONE', *, *, #308, .T. ) ;
#1534 = CARTESIAN_POINT ( 'NONE',  ( 20.87329574482813800, 21.35344409265333400, 24.37415197291275200 ) ) ;
#1535 = FACE_BOUND ( 'NONE', #2143, .T. ) ;
#1536 = ORIENTED_EDGE ( 'NONE', *, *, #2354, .F. ) ;
#1537 = ADVANCED_FACE ( 'NONE', ( #5234, #2646 ), #2473, .F. ) ;
#1538 = AXIS2_PLACEMENT_3D ( 'NONE', #4141, #2250, #5641 ) ;
#1539 = CARTESIAN_POINT ( 'NONE',  ( -64.18564691883173600, -5.546555907346597500, 20.97236625862692300 ) ) ;
#1540 = CARTESIAN_POINT ( 'NONE',  ( -7.792335277808419400, 15.26460154110753300, 24.13283395734697800 ) ) ;
#1541 = CARTESIAN_POINT ( 'NONE',  ( -12.83560330372817600, 19.79521318666214200, 29.59327913905467600 ) ) ;
#1542 = CARTESIAN_POINT ( 'NONE',  ( -67.42670425517187000, -5.546555907346554000, 18.19915197291263100 ) ) ;
#1543 = CARTESIAN_POINT ( 'NONE',  ( -10.35033425463823600, 20.20365378806305000, 21.60323475013802900 ) ) ;
#1544 = DIRECTION ( 'NONE',  ( 1.920722739381899900E-015, 0.8344483130099414900, 0.5510862118714846500 ) ) ;
#1545 = CARTESIAN_POINT ( 'NONE',  ( -8.732872839283707800, 24.44452592446754500, 25.13746626204816100 ) ) ;
#1546 = AXIS2_PLACEMENT_3D ( 'NONE', #585, #3937, #1069 ) ;
#1547 = CYLINDRICAL_SURFACE ( 'NONE', #5084, 2.000000000000001800 ) ;
#1548 = PLANE ( 'NONE',  #5231 ) ;
#1549 = ADVANCED_FACE ( 'NONE', ( #77 ), #3168, .T. ) ;
#1550 = CARTESIAN_POINT ( 'NONE',  ( -11.15997146669544400, 23.34037449927396700, 24.14588117047342700 ) ) ;
#1551 = LINE ( 'NONE', #4565, #310 ) ;
#1552 = CARTESIAN_POINT ( 'NONE',  ( -3.326704255171844000, 17.34809219020561200, 21.72893815592971500 ) ) ;
#1553 = CARTESIAN_POINT ( 'NONE',  ( -12.83560330372819000, 18.63163816821186500, 25.63580664423753000 ) ) ;
#1554 = LINE ( 'NONE', #4818, #5277 ) ;
#1555 = CARTESIAN_POINT ( 'NONE',  ( -74.58937309823552700, -0.3282585483606930700, 15.52950911576988700 ) ) ;
#1556 = CARTESIAN_POINT ( 'NONE',  ( -67.42670425517185600, 22.85344409265345100, 18.02415197291307800 ) ) ;
#1557 = CARTESIAN_POINT ( 'NONE',  ( -113.0267042551718900, 17.85802310302676000, 14.64750582088968800 ) ) ;
#1558 = CARTESIAN_POINT ( 'NONE',  ( -64.18564691883175000, 22.85344409265349700, 15.25093768719878900 ) ) ;
#1559 = EDGE_CURVE ( 'NONE', #1210, #5627, #1233, .T. ) ;
#1560 = CARTESIAN_POINT ( 'NONE',  ( -111.1621350935731600, 18.90033715911012600, 11.04369335161629600 ) ) ;
#1561 =( BOUNDED_CURVE ( )  B_SPLINE_CURVE ( 3, ( #2605, #5601, #2693, #6086 ),
 .UNSPECIFIED., .F., .T. ) 
 B_SPLINE_CURVE_WITH_KNOTS ( ( 4, 4 ),
 ( 5.248424136014627100, 6.283185307179578200 ),
 .UNSPECIFIED. ) 
 CURVE ( )  GEOMETRIC_REPRESENTATION_ITEM ( )  RATIONAL_B_SPLINE_CURVE ( ( 1.000000000000000000, 0.9127451573267455500, 0.9127451573267455500, 1.000000000000000000 ) ) 
 REPRESENTATION_ITEM ( '' )  );
#1562 = CARTESIAN_POINT ( 'NONE',  ( -76.18321685881380700, 1.670358311835672200, 15.75629483005563900 ) ) ;
#1563 = AXIS2_PLACEMENT_3D ( 'NONE', #741, #2173, #5569 ) ;
#1564 = EDGE_CURVE ( 'NONE', #1161, #5178, #3788, .T. ) ;
#1565 = VERTEX_POINT ( 'NONE', #2697 ) ;
#1566 = ORIENTED_EDGE ( 'NONE', *, *, #5295, .T. ) ;
#1567 = ADVANCED_FACE ( 'NONE', ( #4891, #6215 ), #4612, .F. ) ;
#1568 = CARTESIAN_POINT ( 'NONE',  ( -106.8500133770730100, 20.60780177009408100, 12.17890592848879000 ) ) ;
#1569 = ORIENTED_EDGE ( 'NONE', *, *, #2909, .T. ) ;
#1570 = AXIS2_PLACEMENT_3D ( 'NONE', #1615, #4978, #2092 ) ;
#1571 = CARTESIAN_POINT ( 'NONE',  ( -109.3267042551765200, 20.59999189875540900, 11.18190224816967400 ) ) ;
#1572 = CARTESIAN_POINT ( 'NONE',  ( -10.35033425463822400, 22.50323439724362700, 27.14506919568769000 ) ) ;
#1573 = DIRECTION ( 'NONE',  ( 0.0000000000000000000, 1.000000000000000000, 1.619075244245018500E-014 ) ) ;
#1574 = ORIENTED_EDGE ( 'NONE', *, *, #980, .T. ) ;
#1575 = CARTESIAN_POINT ( 'NONE',  ( -58.67019165152995400, 15.63652987347134600, 12.58129483005578700 ) ) ;
#1576 = CARTESIAN_POINT ( 'NONE',  ( -70.66776159151204700, -5.546555907346505200, 15.07593768719836700 ) ) ;
#1577 = CARTESIAN_POINT ( 'NONE',  ( -106.5267042551718800, 21.78964425799013300, 13.51198511287128700 ) ) ;
#1578 = CYLINDRICAL_SURFACE ( 'NONE', #2194, 1.500000000000001300 ) ;
#1579 = CARTESIAN_POINT ( 'NONE',  ( -78.34589687160826100, 11.14567855296405200, 26.01343768719865700 ) ) ;
#1580 = CARTESIAN_POINT ( 'NONE',  ( -10.92606838373320600, 19.68454746663344300, 23.27197954916989500 ) ) ;
#1581 = CARTESIAN_POINT ( 'NONE',  ( -73.58785335064119700, -4.140313831560811200, 12.30272340148411600 ) ) ;
#1582 =( BOUNDED_CURVE ( )  B_SPLINE_CURVE ( 3, ( #408, #2296, #4735, #1849 ),
 .UNSPECIFIED., .F., .F. ) 
 B_SPLINE_CURVE_WITH_KNOTS ( ( 4, 4 ),
 ( 5.263498239581576100, 6.283185307179588000 ),
 .UNSPECIFIED. ) 
 CURVE ( )  GEOMETRIC_REPRESENTATION_ITEM ( )  RATIONAL_B_SPLINE_CURVE ( ( 1.000000000000000000, 0.9152139201343657500, 0.9152139201343657500, 1.000000000000000000 ) ) 
 REPRESENTATION_ITEM ( '' )  );
#1583 = ADVANCED_FACE ( 'NONE', ( #5059 ), #5129, .T. ) ;
#1584 = ORIENTED_EDGE ( 'NONE', *, *, #2324, .T. ) ;
#1585 = DIRECTION ( 'NONE',  ( 1.000000000000000000, 5.726637133838782600E-029, -3.490263633665282600E-015 ) ) ;
#1586 = DIRECTION ( 'NONE',  ( 0.0000000000000000000, -1.000000000000000000, -1.619075244245018500E-014 ) ) ;
#1587 = CARTESIAN_POINT ( 'NONE',  ( -57.07634789095165900, 13.63791301327496800, 12.80808054434147500 ) ) ;
#1588 = FACE_OUTER_BOUND ( 'NONE', #1000, .T. ) ;
#1589 = CARTESIAN_POINT ( 'NONE',  ( -5.326704255171829800, 24.52434768209110400, 26.46827957802448200 ) ) ;
#1590 = ORIENTED_EDGE ( 'NONE', *, *, #3327, .F. ) ;
#1591 = EDGE_LOOP ( 'NONE', ( #2553, #950, #4797, #5619, #2861, #31, #2368, #1492 ) ) ;
#1592 = CARTESIAN_POINT ( 'NONE',  ( -8.732872839283713200, 18.85009915362350300, 22.72089333729839900 ) ) ;
#1593 = ORIENTED_EDGE ( 'NONE', *, *, #4430, .F. ) ;
#1594 = CARTESIAN_POINT ( 'NONE',  ( -13.65133508780251700, 23.85678903168315300, 26.02741060852732600 ) ) ;
#1595 = CARTESIAN_POINT ( 'NONE',  ( -4.080990041193007100, 21.35344409265333000, 24.37415197291284500 ) ) ;
#1596 = ORIENTED_EDGE ( 'NONE', *, *, #3113, .F. ) ;
#1597 = DIRECTION ( 'NONE',  ( 2.088218196519334000E-015, 0.8011226789640676400, 0.5985001697990031100 ) ) ;
#1598 = VERTEX_POINT ( 'NONE', #2721 ) ;
#1599 = DIRECTION ( 'NONE',  ( -1.920722739381920500E-015, -0.8344483130099376000, -0.5510862118714903200 ) ) ;
#1600 = ADVANCED_FACE ( 'NONE', ( #3633 ), #3468, .F. ) ;
#1601 = CARTESIAN_POINT ( 'NONE',  ( -78.34589687160828900, 6.161209632342706600, 19.55986625862714600 ) ) ;
#1602 = CARTESIAN_POINT ( 'NONE',  ( -61.26555515970255800, 21.44720201686789100, 12.12772340148446300 ) ) ;
#1603 = EDGE_CURVE ( 'NONE', #2435, #3414, #4768, .T. ) ;
#1604 = CARTESIAN_POINT ( 'NONE',  ( 18.17329574482818400, 16.60873024504534700, 27.19555250982143200 ) ) ;
#1605 = CARTESIAN_POINT ( 'NONE',  ( -57.07634789095161000, 3.668975172031923500, 23.06522340148418200 ) ) ;
#1606 = ORIENTED_EDGE ( 'NONE', *, *, #3805, .T. ) ;
#1607 = EDGE_CURVE ( 'NONE', #4370, #3745, #1062, .T. ) ;
#1608 = APPROVAL_PERSON_ORGANIZATION ( #2890, #1719, #1842 ) ;
#1609 = VECTOR ( 'NONE', #4605, 1000.000000000000000 ) ;
#1610 = ORIENTED_EDGE ( 'NONE', *, *, #1659, .T. ) ;
#1611 =( BOUNDED_CURVE ( )  B_SPLINE_CURVE ( 3, ( #3201, #1274, #2734, #6127 ),
 .UNSPECIFIED., .F., .F. ) 
 B_SPLINE_CURVE_WITH_KNOTS ( ( 4, 4 ),
 ( 2.443542591689354300, 3.141592653589791800 ),
 .UNSPECIFIED. ) 
 CURVE ( )  GEOMETRIC_REPRESENTATION_ITEM ( )  RATIONAL_B_SPLINE_CURVE ( ( 1.000000000000000000, 0.9598043873844736000, 0.9598043873844736000, 1.000000000000000000 ) ) 
 REPRESENTATION_ITEM ( '' )  );
#1612 = CARTESIAN_POINT ( 'NONE',  ( -58.34546340057337900, 20.04095994108228100, 9.354509115770149200 ) ) ;
#1613 = ORIENTED_EDGE ( 'NONE', *, *, #5541, .T. ) ;
#1614 = CARTESIAN_POINT ( 'NONE',  ( -9.232872839283709600, 19.68454746663344300, 23.27197954916988800 ) ) ;
#1615 = CARTESIAN_POINT ( 'NONE',  ( -6.988345124524459900, 21.61732253223605600, 18.30020877272986400 ) ) ;
#1616 = ORIENTED_EDGE ( 'NONE', *, *, #4552, .T. ) ;
#1617 = FACE_OUTER_BOUND ( 'NONE', #4766, .T. ) ;
#1618 = FACE_OUTER_BOUND ( 'NONE', #83, .T. ) ;
#1619 = VERTEX_POINT ( 'NONE', #1297 ) ;
#1620 = CARTESIAN_POINT ( 'NONE',  ( -106.8184435916128900, 22.07794203480495600, 11.13858370583821300 ) ) ;
#1621 = EDGE_CURVE ( 'NONE', #4094, #4728, #3080, .T. ) ;
#1622 = EDGE_CURVE ( 'NONE', #5004, #1459, #2706, .T. ) ;
#1623 = ORIENTED_EDGE ( 'NONE', *, *, #5769, .F. ) ;
#1624 = ADVANCED_FACE ( 'NONE', ( #6069 ), #3230, .F. ) ;
#1625 = CARTESIAN_POINT ( 'NONE',  ( -109.4701886473315000, 23.35659239653605100, 10.54661413671793800 ) ) ;
#1626 = VECTOR ( 'NONE', #183, 1000.000000000000100 ) ;
#1627 = CARTESIAN_POINT ( 'NONE',  ( -61.26555515970256500, -4.140313831560854800, 14.39558054434120900 ) ) ;
#1628 = CARTESIAN_POINT ( 'NONE',  ( -55.93867538651926500, 8.653444092653463900, 16.61165197291282400 ) ) ;
#1629 = CARTESIAN_POINT ( 'NONE',  ( -78.52871130621787200, -0.2001110937406742600, 25.10629483005561700 ) ) ;
#1630 = CARTESIAN_POINT ( 'NONE',  ( -76.18321685881376500, 15.63652987347123600, 20.11700911577013800 ) ) ;
#1631 = CYLINDRICAL_SURFACE ( 'NONE', #5833, 0.5000000000000001100 ) ;
#1632 = LINE ( 'NONE', #1952, #4039 ) ;
#1633 = CARTESIAN_POINT ( 'NONE',  ( -80.54947750266539700, 2.333849568294062300, 22.33308054434138500 ) ) ;
#1634 = CARTESIAN_POINT ( 'NONE',  ( -107.4728876623916100, 23.37439336836240900, 11.72174164667412600 ) ) ;
#1635 = DIRECTION ( 'NONE',  ( -1.000000000000000000, -2.132529265733050800E-017, 3.517630367272413100E-015 ) ) ;
#1636 = CARTESIAN_POINT ( 'NONE',  ( -113.2030619078947500, 20.46780754664072100, 11.51168362402564000 ) ) ;
#1637 = LINE ( 'NONE', #3919, #53 ) ;
#1638 = ADVANCED_FACE ( 'NONE', ( #935 ), #5204, .T. ) ;
#1639 = CARTESIAN_POINT ( 'NONE',  ( -108.5267042551719100, 21.21316076393657800, 9.512031478553888400 ) ) ;
#1640 = AXIS2_PLACEMENT_3D ( 'NONE', #1300, #5152, #2265 ) ;
#1641 = FACE_OUTER_BOUND ( 'NONE', #263, .T. ) ;
#1642 = CARTESIAN_POINT ( 'NONE',  ( -9.307120157739165100, 23.38434874959331800, 24.65871797155928400 ) ) ;
#1643 = CARTESIAN_POINT ( 'NONE',  ( -11.33487517085055900, 22.37894583416438700, 26.15573528894180900 ) ) ;
#1644 = CARTESIAN_POINT ( 'NONE',  ( -67.42670425517181300, 22.85344409265330500, 27.37415197291308300 ) ) ;
#1645 = ORIENTED_EDGE ( 'NONE', *, *, #5962, .T. ) ;
#1646 = EDGE_CURVE ( 'NONE', #2804, #109, #3333, .T. ) ;
#1647 = CARTESIAN_POINT ( 'NONE',  ( -14.63409524682567100, 23.38294457738333400, 24.66412411511112200 ) ) ;
#1648 = ORIENTED_EDGE ( 'NONE', *, *, #4950, .T. ) ;
#1649 = CARTESIAN_POINT ( 'NONE',  ( -78.34589687160830400, 11.14567855296424500, 13.66343768719865400 ) ) ;
#1650 = CARTESIAN_POINT ( 'NONE',  ( -54.30393100767832200, 14.97303861701271000, 22.15808054434149100 ) ) ;
#1651 = CARTESIAN_POINT ( 'NONE',  ( -60.26403541210826400, -0.3282585483607338700, 17.16879483005555700 ) ) ;
#1652 = CARTESIAN_POINT ( 'NONE',  ( -13.92297186366428900, 19.84637738467760200, 25.91946489851736900 ) ) ;
#1653 = CARTESIAN_POINT ( 'NONE',  ( -15.28959655524145400, 24.44328603305728700, 25.13934369115694500 ) ) ;
#1654 = CARTESIAN_POINT ( 'NONE',  ( -109.2896802809990500, 19.47715901846841600, 12.95676905401854700 ) ) ;
#1655 = ORIENTED_EDGE ( 'NONE', *, *, #6090, .T. ) ;
#1656 = CARTESIAN_POINT ( 'NONE',  ( -53.58272790218996600, 11.81324135483308500, 19.38486625862714200 ) ) ;
#1657 = CARTESIAN_POINT ( 'NONE',  ( -74.58937309823549800, -0.3282585483607926000, 21.87950911576988800 ) ) ;
#1658 = ADVANCED_FACE ( 'NONE', ( #5770 ), #888, .F. ) ;
#1659 = EDGE_CURVE ( 'NONE', #1402, #4391, #3188, .T. ) ;
#1660 = DIRECTION ( 'NONE',  ( 2.947032800510583500E-015, -0.5510862118714845400, 0.8344483130099414900 ) ) ;
#1661 = CARTESIAN_POINT ( 'NONE',  ( -110.7422864929859500, 19.88738723089931100, 9.677919581835022100 ) ) ;
#1662 = AXIS2_PLACEMENT_3D ( 'NONE', #3867, #4355, #27 ) ;
#1663 = EDGE_CURVE ( 'NONE', #5138, #3654, #783, .T. ) ;
#1664 = ORIENTED_EDGE ( 'NONE', *, *, #886, .T. ) ;
#1665 = DIRECTION ( 'NONE',  ( -1.000000000000000000, -5.726637133838782600E-029, 3.490263633665282600E-015 ) ) ;
#1666 = CIRCLE ( 'NONE', #5125, 1.500000000000001300 ) ;
#1667 = ORIENTED_EDGE ( 'NONE', *, *, #3724, .T. ) ;
#1668 = AXIS2_PLACEMENT_3D ( 'NONE', #3918, #1054, #4412 ) ;
#1669 = DIRECTION ( 'NONE',  ( -1.000000000000000000, -5.726637133838782600E-029, 3.490263633665282600E-015 ) ) ;
#1670 = CARTESIAN_POINT ( 'NONE',  ( -11.15997146669544400, 21.92358680612978400, 26.29116456709938600 ) ) ;
#1671 = VECTOR ( 'NONE', #4404, 1000.000000000000000 ) ;
#1672 = CARTESIAN_POINT ( 'NONE',  ( -70.66776159151199000, -5.546555907346648200, 24.42593768719836000 ) ) ;
#1673 = PLANE ( 'NONE',  #4757 ) ;
#1674 = CARTESIAN_POINT ( 'NONE',  ( -57.07634789095166600, 3.668975172032115800, 10.71522340148417900 ) ) ;
#1675 = B_SPLINE_CURVE_WITH_KNOTS ( 'NONE', 3,
 ( #3427, #550, #1990, #5373, #2463, #5872, #2957, #72, #3445, #568, #3913, #1049, #4406, #1523 ),
 .UNSPECIFIED., .F., .F.,
 ( 4, 2, 2, 2, 2, 2, 4 ),
 ( 0.001726310107099604800, 0.001870084085855574500, 0.002013858064611544700, 0.002301406022123484200, 0.002588953979635423700, 0.002732727958391398300, 0.002876501937147372300 ),
 .UNSPECIFIED. ) ;
#1676 = CARTESIAN_POINT ( 'NONE',  ( -81.27068060815375400, 5.493646830473771600, 19.20986625862714100 ) ) ;
#1677 = CARTESIAN_POINT ( 'NONE',  ( -11.37981596751024100, 18.37739090493140300, 26.75122613794507100 ) ) ;
#1678 = VERTEX_POINT ( 'NONE', #2900 ) ;
#1679 = ORIENTED_EDGE ( 'NONE', *, *, #2678, .F. ) ;
#1680 = CARTESIAN_POINT ( 'NONE',  ( -69.98303116834155400, 19.85344409265335800, 24.14736625862734300 ) ) ;
#1681 = DIRECTION ( 'NONE',  ( 0.0000000000000000000, 0.3442362757280894000, 0.9388830526071150200 ) ) ;
#1682 = CARTESIAN_POINT ( 'NONE',  ( -58.67019165152993300, 15.63652987347124700, 18.93129483005579100 ) ) ;
#1683 = EDGE_LOOP ( 'NONE', ( #190, #3370 ) ) ;
#1684 = CARTESIAN_POINT ( 'NONE',  ( -108.7018404942049600, 19.49859944418662400, 12.84175540974350400 ) ) ;
#1685 = AXIS2_PLACEMENT_3D ( 'NONE', #6085, #5210, #2321 ) ;
#1686 = DIRECTION ( 'NONE',  ( -1.000000000000000000, -2.132529265733050800E-017, 3.517630367272413100E-015 ) ) ;
#1687 = ORIENTED_EDGE ( 'NONE', *, *, #2762, .F. ) ;
#1688 = DIRECTION ( 'NONE',  ( -2.312964634635742700E-015, -0.8344483130099412700, -0.5510862118714848800 ) ) ;
#1689 = CARTESIAN_POINT ( 'NONE',  ( -105.5267042551718900, 19.85344409265355400, 11.67415197291309800 ) ) ;
#1690 = VERTEX_POINT ( 'NONE', #3859 ) ;
#1691 = DIRECTION ( 'NONE',  ( 0.0000000000000000000, -0.8371691043312138300, -0.5469441386040013700 ) ) ;
#1692 = ORIENTED_EDGE ( 'NONE', *, *, #68, .T. ) ;
#1693 = ADVANCED_FACE ( 'NONE', ( #1900 ), #5331, .F. ) ;
#1694 = VERTEX_POINT ( 'NONE', #529 ) ;
#1695 = PLANE ( 'NONE',  #4421 ) ;
#1696 = CARTESIAN_POINT ( 'NONE',  ( -12.01982630436627300, 18.35359827783351200, 24.40456722086548100 ) ) ;
#1697 = EDGE_LOOP ( 'NONE', ( #737, #495 ) ) ;
#1698 = CARTESIAN_POINT ( 'NONE',  ( -61.26555515970252200, 21.44720201686774500, 21.47772340148446400 ) ) ;
#1699 = CARTESIAN_POINT ( 'NONE',  ( -10.35148313201613500, 21.59888366705531800, 18.28803138054723500 ) ) ;
#1700 = CIRCLE ( 'NONE', #884, 1.500000000000001300 ) ;
#1701 = CIRCLE ( 'NONE', #2948, 4.799999999999998000 ) ;
#1702 = VERTEX_POINT ( 'NONE', #4348 ) ;
#1703 = CARTESIAN_POINT ( 'NONE',  ( -76.50794510977039000, 20.04095994108212200, 20.69379483005593200 ) ) ;
#1704 = CARTESIAN_POINT ( 'NONE',  ( -52.86152479670160900, 8.653444092653471000, 16.26165197291281600 ) ) ;
#1705 = EDGE_CURVE ( 'NONE', #5647, #776, #5616, .T. ) ;
#1706 = ORIENTED_EDGE ( 'NONE', *, *, #3350, .F. ) ;
#1707 = DIRECTION ( 'NONE',  ( -3.154042683594192500E-015, -0.8371691043312137200, -0.5469441386040016000 ) ) ;
#1708 = ORIENTED_EDGE ( 'NONE', *, *, #1321, .F. ) ;
#1709 = ORIENTED_EDGE ( 'NONE', *, *, #3239, .T. ) ;
#1710 = CARTESIAN_POINT ( 'NONE',  ( -67.42670425517185600, -2.546555907346602900, 21.19915197291268800 ) ) ;
#1711 = EDGE_CURVE ( 'NONE', #614, #5082, #4442, .T. ) ;
#1712 = PLANE ( 'NONE',  #59 ) ;
#1713 = CARTESIAN_POINT ( 'NONE',  ( -77.77706061939214500, 3.668975172032045600, 15.98308054434139300 ) ) ;
#1714 = LINE ( 'NONE', #3495, #449 ) ;
#1715 = DIRECTION ( 'NONE',  ( 0.0000000000000000000, 1.000000000000000000, 1.503427012513231400E-014 ) ) ;
#1716 = VERTEX_POINT ( 'NONE', #5351 ) ;
#1717 = FACE_OUTER_BOUND ( 'NONE', #4112, .T. ) ;
#1718 = CARTESIAN_POINT ( 'NONE',  ( -109.0267042551718800, 20.03466277428791600, 16.06956058126007700 ) ) ;
#1719 = APPROVAL ( #4729, 'UNSPECIFIED' ) ;
#1720 = CARTESIAN_POINT ( 'NONE',  ( -109.5267042551718900, 22.12758553511595500, 17.43692092777008500 ) ) ;
#1721 = EDGE_CURVE ( 'NONE', #2367, #1216, #1759, .T. ) ;
#1722 = CARTESIAN_POINT ( 'NONE',  ( -107.5267042551718900, 21.35344409265355000, 11.67415197291319600 ) ) ;
#1723 = CARTESIAN_POINT ( 'NONE',  ( -76.50794510977040400, -2.734071755775259800, 18.52950911576985900 ) ) ;
#1724 = DIRECTION ( 'NONE',  ( 1.000000000000000000, -2.904513797291094700E-016, -3.680023001122137700E-015 ) ) ;
#1725 = FACE_BOUND ( 'NONE', #3781, .T. ) ;
#1726 = CARTESIAN_POINT ( 'NONE',  ( -77.77706061939207400, 13.63791301327476900, 26.24022340148441400 ) ) ;
#1727 = CARTESIAN_POINT ( 'NONE',  ( -113.1597815451492600, 22.15710885969303900, 8.981366349570006200 ) ) ;
#1728 = CARTESIAN_POINT ( 'NONE',  ( -64.87037734200217200, 19.85344409265344400, 18.25093768719874600 ) ) ;
#1729 = CARTESIAN_POINT ( 'NONE',  ( -10.35033425463822400, 26.62912799685876000, 25.84674532592251600 ) ) ;
#1730 = FACE_OUTER_BOUND ( 'NONE', #4558, .T. ) ;
#1731 = CARTESIAN_POINT ( 'NONE',  ( -118.5267042551717800, 21.35344409265351100, 11.67415197291316400 ) ) ;
#1732 = DIRECTION ( 'NONE',  ( -1.000000000000000000, -5.726637133838782600E-029, 3.490263633665282600E-015 ) ) ;
#1733 = CARTESIAN_POINT ( 'NONE',  ( -56.50751163873546500, 11.14567855296424000, 13.03486625862714700 ) ) ;
#1734 = ADVANCED_FACE ( 'NONE', ( #482 ), #1578, .T. ) ;
#1735 = LINE ( 'NONE', #4790, #463 ) ;
#1736 = CARTESIAN_POINT ( 'NONE',  ( -108.7460522569555500, 21.98589132787146000, 12.31985313783596500 ) ) ;
#1737 = DIRECTION ( 'NONE',  ( -1.000000000000000000, 2.904513797291081400E-016, 3.680023001122136900E-015 ) ) ;
#1738 = CARTESIAN_POINT ( 'NONE',  ( -112.9300786142219100, 22.24728808214279500, 11.78271940923293000 ) ) ;
#1739 = CIRCLE ( 'NONE', #191, 1.749999999999999100 ) ;
#1740 = DIRECTION ( 'NONE',  ( 1.000000000000000000, 2.132529265733050800E-017, -3.517630367272413100E-015 ) ) ;
#1741 = ORIENTED_EDGE ( 'NONE', *, *, #3858, .F. ) ;
#1742 = ORIENTED_EDGE ( 'NONE', *, *, #6008, .F. ) ;
#1743 = CARTESIAN_POINT ( 'NONE',  ( -114.5267042551718900, 21.35344409265355000, 11.67415197291321500 ) ) ;
#1744 = CARTESIAN_POINT ( 'NONE',  ( -56.32469720412583300, 17.50699927904749800, 15.58129483005581800 ) ) ;
#1745 = AXIS2_PLACEMENT_3D ( 'NONE', #4667, #1792, #5157 ) ;
#1746 = EDGE_CURVE ( 'NONE', #4357, #5854, #4159, .T. ) ;
#1747 = CARTESIAN_POINT ( 'NONE',  ( -116.0267042551718800, 25.03698815171089400, 14.08070618277083200 ) ) ;
#1748 = CARTESIAN_POINT ( 'NONE',  ( -111.5267042551718900, 25.74885260025180100, 12.99293344548771500 ) ) ;
#1749 = ORIENTED_EDGE ( 'NONE', *, *, #747, .F. ) ;
#1750 = CARTESIAN_POINT ( 'NONE',  ( -58.67019165152991900, 1.670358311835541800, 23.29200911576986100 ) ) ;
#1751 = CARTESIAN_POINT ( 'NONE',  ( -8.732872839283702500, 23.26905213889873600, 26.91735495500649100 ) ) ;
#1752 = CARTESIAN_POINT ( 'NONE',  ( -113.5267042551718900, 21.35344409265355000, 11.67415197291321500 ) ) ;
#1753 = CARTESIAN_POINT ( 'NONE',  ( -105.5257042551719000, 22.10689628655164500, 12.16640169765679000 ) ) ;
#1754 = VERTEX_POINT ( 'NONE', #5368 ) ;
#1755 = CARTESIAN_POINT ( 'NONE',  ( -14.05029230049573700, 24.52282468300699100, 24.07806371607364700 ) ) ;
#1756 = EDGE_CURVE ( 'NONE', #5625, #167, #3341, .T. ) ;
#1757 = CARTESIAN_POINT ( 'NONE',  ( 20.67329574482813100, 21.35344409265333400, 24.37415197291275200 ) ) ;
#1758 = CARTESIAN_POINT ( 'NONE',  ( -78.34589687160828900, 11.14567855296409800, 23.01343768719865700 ) ) ;
#1759 = CIRCLE ( 'NONE', #924, 4.400000000000003000 ) ;
#1760 = DIRECTION ( 'NONE',  ( 0.0000000000000000000, 0.5469441386039992600, -0.8371691043312155000 ) ) ;
#1761 = CARTESIAN_POINT ( 'NONE',  ( -105.5267042551718900, 22.85344409265355400, 11.67415197291314200 ) ) ;
#1762 = DIRECTION ( 'NONE',  ( -1.987703982890091700E-015, -0.8344483130099411600, -0.5510862118714848800 ) ) ;
#1763 = ORIENTED_EDGE ( 'NONE', *, *, #4249, .T. ) ;
#1764 = CARTESIAN_POINT ( 'NONE',  ( -77.77706061939211700, 13.63791301327481900, 23.24022340148441400 ) ) ;
#1765 = CIRCLE ( 'NONE', #4614, 5.500000000000000000 ) ;
#1766 = ORIENTED_EDGE ( 'NONE', *, *, #3564, .T. ) ;
#1767 = ORIENTED_EDGE ( 'NONE', *, *, #5513, .T. ) ;
#1768 =( BOUNDED_CURVE ( )  B_SPLINE_CURVE ( 3, ( #5494, #2103, #5993, #3084 ),
 .UNSPECIFIED., .F., .T. ) 
 B_SPLINE_CURVE_WITH_KNOTS ( ( 4, 4 ),
 ( 5.708340716563024700, 6.858029897796146900 ),
 .UNSPECIFIED. ) 
 CURVE ( )  GEOMETRIC_REPRESENTATION_ITEM ( )  RATIONAL_B_SPLINE_CURVE ( ( 1.000000000000000000, 0.8928512062104722000, 0.8928512062104722000, 1.000000000000000000 ) ) 
 REPRESENTATION_ITEM ( '' )  );
#1769 = CARTESIAN_POINT ( 'NONE',  ( -6.122843228080356000, 27.44228664419916100, 24.61546998847879300 ) ) ;
#1770 = ORIENTED_EDGE ( 'NONE', *, *, #3890, .F. ) ;
#1771 = CARTESIAN_POINT ( 'NONE',  ( -15.28959655524146800, 18.26360215224936200, 23.60896025466882300 ) ) ;
#1772 = CARTESIAN_POINT ( 'NONE',  ( -74.58937309823548400, 17.63514673366760700, 20.34379483005589500 ) ) ;
#1773 = ORIENTED_EDGE ( 'NONE', *, *, #1877, .F. ) ;
#1774 = DIRECTION ( 'NONE',  ( -1.000000000000000000, 2.904513797291094700E-016, 3.680023001122137700E-015 ) ) ;
#1775 = CARTESIAN_POINT ( 'NONE',  ( -15.35881040382238500, 21.37108546620147800, 22.37422977894149100 ) ) ;
#1776 = ORIENTED_EDGE ( 'NONE', *, *, #603, .F. ) ;
#1777 = CARTESIAN_POINT ( 'NONE',  ( -109.3075170003551800, 22.19866467485228500, 11.99437721210853200 ) ) ;
#1778 = DIRECTION ( 'NONE',  ( -2.947032800510570100E-015, 0.5510862118714903200, -0.8344483130099377100 ) ) ;
#1779 = CARTESIAN_POINT ( 'NONE',  ( -57.07634789095164500, 3.668975172031968300, 20.06522340148417900 ) ) ;
#1780 = CARTESIAN_POINT ( 'NONE',  ( -3.326704255171862600, 22.71343197699517800, 19.02410118438801900 ) ) ;
#1781 = CARTESIAN_POINT ( 'NONE',  ( -14.63409524682567800, 19.32394360792331900, 24.08417983071463600 ) ) ;
#1782 = COORDINATED_UNIVERSAL_TIME_OFFSET ( 5, 0, .BEHIND. ) ;
#1783 = ORIENTED_EDGE ( 'NONE', *, *, #2393, .T. ) ;
#1784 = CARTESIAN_POINT ( 'NONE',  ( -9.447423972536290300, 21.98211327749256200, 26.27277648977594600 ) ) ;
#1785 = EDGE_LOOP ( 'NONE', ( #5997, #4268, #5389, #178 ) ) ;
#1786 = CARTESIAN_POINT ( 'NONE',  ( -58.67019165152993300, 1.670358311835588900, 20.29200911576986500 ) ) ;
#1787 = B_SPLINE_CURVE_WITH_KNOTS ( 'NONE', 3,
 ( #1298, #5631, #5151, #2263, #5660, #2744, #6135, #3231, #358, #3714, #842, #4203, #1323, #4684 ),
 .UNSPECIFIED., .F., .F.,
 ( 4, 2, 2, 2, 2, 2, 4 ),
 ( 0.0005758282367238424800, 0.0007196382760832584500, 0.0008634483154426743200, 0.001151068394161525800, 0.001438688472880377200, 0.001582498512239795600, 0.001726308551599213500 ),
 .UNSPECIFIED. ) ;
#1788 = ORIENTED_EDGE ( 'NONE', *, *, #2457, .F. ) ;
#1789 = FACE_BOUND ( 'NONE', #3905, .T. ) ;
#1790 = FACE_OUTER_BOUND ( 'NONE', #1845, .T. ) ;
#1791 = VERTEX_POINT ( 'NONE', #2952 ) ;
#1792 = DIRECTION ( 'NONE',  ( 0.8566790672026987100, -0.2842776906271277100, 0.4304499627464512500 ) ) ;
#1793 = ORIENTED_EDGE ( 'NONE', *, *, #603, .T. ) ;
#1794 = CARTESIAN_POINT ( 'NONE',  ( -13.68931835409433600, 20.20365378806305000, 21.60323475013803900 ) ) ;
#1795 = CARTESIAN_POINT ( 'NONE',  ( -14.18759522095762000, 20.33565712470819500, 28.04450397920524900 ) ) ;
#1796 = CARTESIAN_POINT ( 'NONE',  ( -62.56720637705522800, -1.437407227853642100, 17.39558054434125700 ) ) ;
#1797 = EDGE_CURVE ( 'NONE', #3742, #2435, #2217, .T. ) ;
#1798 = CARTESIAN_POINT ( 'NONE',  ( -8.680842204910172600, 19.52102995597194400, 25.17556224966891100 ) ) ;
#1799 = EDGE_CURVE ( 'NONE', #1690, #5265, #5441, .T. ) ;
#1800 = FACE_BOUND ( 'NONE', #4884, .T. ) ;
#1801 = CARTESIAN_POINT ( 'NONE',  ( -77.77706061939210300, 13.63791301327481900, 23.24022340148441000 ) ) ;
#1802 = DIRECTION ( 'NONE',  ( 2.238352872228144400E-015, 0.8344483130099417100, 0.5510862118714842100 ) ) ;
#1803 = CARTESIAN_POINT ( 'NONE',  ( -76.18321685881379300, 15.63652987347128400, 17.11700911577013800 ) ) ;
#1804 = ORIENTED_EDGE ( 'NONE', *, *, #4223, .T. ) ;
#1805 = LINE ( 'NONE', #500, #5489 ) ;
#1806 = DIRECTION ( 'NONE',  ( -1.000000000000000000, -2.132529265733050800E-017, 3.517630367272413100E-015 ) ) ;
#1807 = B_SPLINE_CURVE_WITH_KNOTS ( 'NONE', 3,
 ( #3773, #2803, #4744, #1859, #5235, #2344, #5741, #2823 ),
 .UNSPECIFIED., .F., .F.,
 ( 4, 2, 2, 4 ),
 ( 2.317828627860847300E-007, 0.0002112664249031794700, 0.0004223010669435729000, 0.0008443703510243851200 ),
 .UNSPECIFIED. ) ;
#1808 = AXIS2_PLACEMENT_3D ( 'NONE', #3405, #530, #3877 ) ;
#1809 = CARTESIAN_POINT ( 'NONE',  ( -74.58937309823549800, 17.63514673366766100, 17.34379483005588800 ) ) ;
#1810 = LINE ( 'NONE', #3296, #5495 ) ;
#1811 = DIRECTION ( 'NONE',  ( 5.250964054860443700E-016, -0.9896828074640008400, 0.1432757502516511800 ) ) ;
#1812 = CARTESIAN_POINT ( 'NONE',  ( -80.54947750266539700, 14.97303861701270700, 23.24022340148444200 ) ) ;
#1813 = CARTESIAN_POINT ( 'NONE',  ( -112.9781657607801300, 20.90921965467103800, 10.89142299765659900 ) ) ;
#1814 = VECTOR ( 'NONE', #484, 1000.000000000000100 ) ;
#1815 = CARTESIAN_POINT ( 'NONE',  ( -67.42670425517182800, 19.85344409265335100, 24.37415197291304000 ) ) ;
#1816 = AXIS2_PLACEMENT_3D ( 'NONE', #751, #4100, #1223 ) ;
#1817 = CARTESIAN_POINT ( 'NONE',  ( -58.67019165152993300, 1.670358311835588900, 20.29200911576986500 ) ) ;
#1818 = ORIENTED_EDGE ( 'NONE', *, *, #3166, .F. ) ;
#1819 = DIRECTION ( 'NONE',  ( -1.000000000000000000, -2.132529265733050800E-017, 3.517630367272413100E-015 ) ) ;
#1820 = VERTEX_POINT ( 'NONE', #3932 ) ;
#1821 = CARTESIAN_POINT ( 'NONE',  ( -9.307120157739159800, 22.41251048923041400, 26.13026412787546300 ) ) ;
#1822 = APPLICATION_PROTOCOL_DEFINITION ( 'international standard', 'config_control_design', 1994, #4707 ) ;
#1823 = CARTESIAN_POINT ( 'NONE',  ( -60.26403541210829200, -0.3282585483606859600, 14.16879483005555500 ) ) ;
#1824 = CARTESIAN_POINT ( 'NONE',  ( -14.47552752048313700, 19.35978285564263900, 24.53325845311084300 ) ) ;
#1825 = ORIENTED_EDGE ( 'NONE', *, *, #429, .T. ) ;
#1826 = CARTESIAN_POINT ( 'NONE',  ( -107.1224365906213600, 21.46157681202561200, 10.78025559623369900 ) ) ;
#1827 =( BOUNDED_CURVE ( )  B_SPLINE_CURVE ( 3, ( #5548, #3621, #4101, #1224 ),
 .UNSPECIFIED., .F., .T. ) 
 B_SPLINE_CURVE_WITH_KNOTS ( ( 4, 4 ),
 ( 3.141592653589800700, 3.837776962130703000 ),
 .UNSPECIFIED. ) 
 CURVE ( )  GEOMETRIC_REPRESENTATION_ITEM ( )  RATIONAL_B_SPLINE_CURVE ( ( 1.000000000000000000, 0.9600167993125847700, 0.9600167993125847700, 1.000000000000000000 ) ) 
 REPRESENTATION_ITEM ( '' )  );
#1828 = ORIENTED_EDGE ( 'NONE', *, *, #308, .F. ) ;
#1829 = DIRECTION ( 'NONE',  ( -2.088218196519332500E-015, -0.8011226789640680800, -0.5985001697990025600 ) ) ;
#1830 = CARTESIAN_POINT ( 'NONE',  ( -56.32469720412584000, -0.2001110937406118400, 20.29200911576982900 ) ) ;
#1831 = EDGE_CURVE ( 'NONE', #5462, #2367, #2870, .T. ) ;
#1832 = FACE_OUTER_BOUND ( 'NONE', #734, .T. ) ;
#1833 = AXIS2_PLACEMENT_3D ( 'NONE', #882, #5722, #6191 ) ;
#1834 = EDGE_CURVE ( 'NONE', #5820, #631, #5294, .T. ) ;
#1835 = EDGE_LOOP ( 'NONE', ( #2741, #4724 ) ) ;
#1836 = DIRECTION ( 'NONE',  ( -1.000000000000000000, -2.132529265733050800E-017, 3.517630367272413100E-015 ) ) ;
#1837 = CARTESIAN_POINT ( 'NONE',  ( -74.58937309823548400, 17.63514673366765400, 17.34379483005588800 ) ) ;
#1838 = LINE ( 'NONE', #3911, #1671 ) ;
#1839 = EDGE_LOOP ( 'NONE', ( #3896, #5324, #5391 ) ) ;
#1840 = AXIS2_PLACEMENT_3D ( 'NONE', #2984, #100, #3466 ) ;
#1841 = VERTEX_POINT ( 'NONE', #122 ) ;
#1842 = APPROVAL_ROLE ( '' ) ;
#1843 = EDGE_CURVE ( 'NONE', #1863, #873, #1096, .T. ) ;
#1844 = CARTESIAN_POINT ( 'NONE',  ( -69.98303116834152600, 19.85344409265340500, 21.14736625862733300 ) ) ;
#1845 = EDGE_LOOP ( 'NONE', ( #2018, #1783, #266, #5682 ) ) ;
#1846 = DIRECTION ( 'NONE',  ( -1.920722739381920500E-015, -0.8344483130099376000, -0.5510862118714903200 ) ) ;
#1847 = VERTEX_POINT ( 'NONE', #3512 ) ;
#1848 = ORIENTED_EDGE ( 'NONE', *, *, #2903, .T. ) ;
#1849 = CARTESIAN_POINT ( 'NONE',  ( -8.732872839283713200, 18.85009915362350300, 22.72089333729839900 ) ) ;
#1850 = CARTESIAN_POINT ( 'NONE',  ( -5.326704255171836900, 21.35344409265333000, 24.37415197291284500 ) ) ;
#1851 = CARTESIAN_POINT ( 'NONE',  ( -76.50794510977037500, 20.04095994108217100, 17.34379483005593400 ) ) ;
#1852 = AXIS2_PLACEMENT_3D ( 'NONE', #3525, #180, #3544 ) ;
#1853 = CARTESIAN_POINT ( 'NONE',  ( -112.5725420544398900, 20.85878723555762400, 14.35958463092343300 ) ) ;
#1854 = ORIENTED_EDGE ( 'NONE', *, *, #4908, .F. ) ;
#1855 = CARTESIAN_POINT ( 'NONE',  ( -107.1451213816448400, 20.28746364340504400, 10.01159635200151000 ) ) ;
#1856 = CARTESIAN_POINT ( 'NONE',  ( -7.958615587253534700, 19.31289796950094100, 24.12796238158075500 ) ) ;
#1857 = CARTESIAN_POINT ( 'NONE',  ( -62.56720637705523600, -1.437407227853595200, 14.39558054434125700 ) ) ;
#1858 = EDGE_LOOP ( 'NONE', ( #3255, #350, #549, #17, #4815, #5176, #1770 ) ) ;
#1859 = CARTESIAN_POINT ( 'NONE',  ( -110.5821508525827100, 18.92127514885515900, 11.35462965026371600 ) ) ;
#1860 = VECTOR ( 'NONE', #2719, 1000.000000000000100 ) ;
#1861 = EDGE_LOOP ( 'NONE', ( #4759, #1177 ) ) ;
#1862 = DIRECTION ( 'NONE',  ( -0.8677242369053586000, 0.4147591311938581000, 0.2739151543422328500 ) ) ;
#1863 = VERTEX_POINT ( 'NONE', #1090 ) ;
#1864 = ORIENTED_EDGE ( 'NONE', *, *, #5304, .T. ) ;
#1865 = CARTESIAN_POINT ( 'NONE',  ( -67.42670425517187000, -2.546555907346557100, 18.19915197291268100 ) ) ;
#1866 = EDGE_LOOP ( 'NONE', ( #246, #2836, #6071, #2059 ) ) ;
#1867 =( BOUNDED_CURVE ( )  B_SPLINE_CURVE ( 3, ( #2135, #1653, #4537, #2618 ),
 .UNSPECIFIED., .F., .T. ) 
 B_SPLINE_CURVE_WITH_KNOTS ( ( 4, 4 ),
 ( 3.141592653589801100, 4.159311211254610900 ),
 .UNSPECIFIED. ) 
 CURVE ( )  GEOMETRIC_REPRESENTATION_ITEM ( )  RATIONAL_B_SPLINE_CURVE ( ( 1.000000000000000000, 0.9155338758779869600, 0.9155338758779869600, 1.000000000000000000 ) ) 
 REPRESENTATION_ITEM ( '' )  );
#1868 = CARTESIAN_POINT ( 'NONE',  ( -11.42793810542887900, 23.02234071867321300, 25.47632439665583300 ) ) ;
#1869 = FACE_OUTER_BOUND ( 'NONE', #2643, .T. ) ;
#1870 = EDGE_CURVE ( 'NONE', #1011, #1013, #1448, .T. ) ;
#1871 = CARTESIAN_POINT ( 'NONE',  ( -105.5267042551718900, 22.81849002523317400, 12.63130421547018800 ) ) ;
#1872 = CARTESIAN_POINT ( 'NONE',  ( -112.5267042551718900, 21.35344409265355400, 11.67415197291321000 ) ) ;
#1873 = CARTESIAN_POINT ( 'NONE',  ( -61.26555515970256500, -4.140313831560854800, 14.39558054434120900 ) ) ;
#1874 = LINE ( 'NONE', #5806, #3301 ) ;
#1875 = CARTESIAN_POINT ( 'NONE',  ( -13.07851955382194700, 19.93281535914648500, 22.89605520263526400 ) ) ;
#1876 = AXIS2_PLACEMENT_3D ( 'NONE', #4606, #1732, #5095 ) ;
#1877 = EDGE_CURVE ( 'NONE', #3545, #764, #5149, .T. ) ;
#1878 = FACE_BOUND ( 'NONE', #1005, .T. ) ;
#1879 = B_SPLINE_CURVE_WITH_KNOTS ( 'NONE', 3,
 ( #799, #3677, #6119, #3214, #334, #3697, #821, #4177 ),
 .UNSPECIFIED., .F., .F.,
 ( 4, 2, 2, 4 ),
 ( 2.724211207703370700E-007, 0.0004497957486131558000, 0.0006745574123593484900, 0.0008993190761055412300 ),
 .UNSPECIFIED. ) ;
#1880 = CARTESIAN_POINT ( 'NONE',  ( -64.87037734200218600, 19.85344409265349000, 15.25093768719874500 ) ) ;
#1881 = LINE ( 'NONE', #1159, #2853 ) ;
#1882 = CARTESIAN_POINT ( 'NONE',  ( -15.35881040382237100, 24.35328990747315100, 24.34373672496029100 ) ) ;
#1883 = AXIS2_PLACEMENT_3D ( 'NONE', #4905, #2025, #5415 ) ;
#1884 = ORIENTED_EDGE ( 'NONE', *, *, #4523, .T. ) ;
#1885 = CARTESIAN_POINT ( 'NONE',  ( -109.2896802809990500, 21.77431402689583400, 9.440674694138238000 ) ) ;
#1886 = AXIS2_PLACEMENT_3D ( 'NONE', #1748, #5114, #2221 ) ;
#1887 = CIRCLE ( 'NONE', #5167, 4.799999999999998000 ) ;
#1888 = ORIENTED_EDGE ( 'NONE', *, *, #4918, .T. ) ;
#1889 = ORIENTED_EDGE ( 'NONE', *, *, #2830, .T. ) ;
#1890 = VERTEX_POINT ( 'NONE', #1543 ) ;
#1891 = DIRECTION ( 'NONE',  ( -1.826024711554535200E-015, -0.8344483130099416000, -0.5510862118714844300 ) ) ;
#1892 = AXIS2_PLACEMENT_3D ( 'NONE', #2074, #5463, #328 ) ;
#1893 = CARTESIAN_POINT ( 'NONE',  ( -7.784587090412471400, 22.94616806260197700, 19.17780471015850800 ) ) ;
#1894 = CARTESIAN_POINT ( 'NONE',  ( -12.01982630436628700, 21.37108546620148200, 22.37422977894148300 ) ) ;
#1895 = EDGE_LOOP ( 'NONE', ( #510, #2737 ) ) ;
#1896 = CARTESIAN_POINT ( 'NONE',  ( -72.28620213328852600, -1.437407227853553500, 12.30272340148414900 ) ) ;
#1897 = CARTESIAN_POINT ( 'NONE',  ( -111.3074065009436600, 21.67334193028863600, 10.82881395717117600 ) ) ;
#1898 = CARTESIAN_POINT ( 'NONE',  ( -12.01982630436628700, 16.07776018844792900, 22.90155861990328400 ) ) ;
#1899 = ORIENTED_EDGE ( 'NONE', *, *, #1711, .T. ) ;
#1900 = FACE_OUTER_BOUND ( 'NONE', #4320, .T. ) ;
#1901 = CARTESIAN_POINT ( 'NONE',  ( -9.693220416456723500, 19.93439778396585600, 22.89365911343442800 ) ) ;
#1902 = PLANE ( 'NONE',  #5251 ) ;
#1903 = DIRECTION ( 'NONE',  ( -1.920722739381920500E-015, -0.8344483130099376000, -0.5510862118714903200 ) ) ;
#1904 = EDGE_CURVE ( 'NONE', #3033, #3849, #3844, .T. ) ;
#1905 = EDGE_LOOP ( 'NONE', ( #6130, #3938, #3646, #3342, #2894, #197, #3803, #5352, #5481, #4274, #2104, #1776, #3271, #5153, #2408, #5311, #1910, #2764, #5007, #6084, #1374, #2771 ) ) ;
#1906 = EDGE_CURVE ( 'NONE', #4958, #1791, #2554, .T. ) ;
#1907 = CARTESIAN_POINT ( 'NONE',  ( -109.3386429666508800, 20.96453193616985500, 13.92075858747499800 ) ) ;
#1908 = ORIENTED_EDGE ( 'NONE', *, *, #5101, .F. ) ;
#1909 = EDGE_LOOP ( 'NONE', ( #4012, #3797 ) ) ;
#1910 = ORIENTED_EDGE ( 'NONE', *, *, #4648, .T. ) ;
#1911 = CARTESIAN_POINT ( 'NONE',  ( -112.7467111253271100, 23.50898767356683500, 9.958791681783225200 ) ) ;
#1912 = CARTESIAN_POINT ( 'NONE',  ( -60.26403541210827100, 17.63514673366777100, 9.354509115770113700 ) ) ;
#1913 = ORIENTED_EDGE ( 'NONE', *, *, #4351, .T. ) ;
#1914 = VERTEX_POINT ( 'NONE', #4004 ) ;
#1915 = DIRECTION ( 'NONE',  ( -2.921940880075401800E-015, 0.5469441386040017100, -0.8371691043312136100 ) ) ;
#1916 = CARTESIAN_POINT ( 'NONE',  ( -116.0267042551718900, 21.35344409265355000, 11.67415197291322200 ) ) ;
#1917 = DATE_AND_TIME ( #3211, #4466 ) ;
#1918 = CIRCLE ( 'NONE', #1186, 4.799999999999998000 ) ;
#1919 = ORIENTED_EDGE ( 'NONE', *, *, #946, .F. ) ;
#1920 = CARTESIAN_POINT ( 'NONE',  ( -8.680842204910186800, 16.07776018844792900, 22.90155861990327000 ) ) ;
#1921 = CARTESIAN_POINT ( 'NONE',  ( -14.47552752048312500, 19.79521318666214200, 29.59327913905467600 ) ) ;
#1922 = CARTESIAN_POINT ( 'NONE',  ( -12.01982630436627300, 22.50323439724363100, 27.14506919568769700 ) ) ;
#1923 = ORIENTED_EDGE ( 'NONE', *, *, #4696, .F. ) ;
#1924 = DIRECTION ( 'NONE',  ( 2.088218196519332900E-015, 0.8011226789640679700, 0.5985001697990026700 ) ) ;
#1925 = CIRCLE ( 'NONE', #3692, 1.249999999999995600 ) ;
#1926 = ORIENTED_EDGE ( 'NONE', *, *, #537, .T. ) ;
#1927 = ORIENTED_EDGE ( 'NONE', *, *, #2393, .F. ) ;
#1928 = CARTESIAN_POINT ( 'NONE',  ( -17.32670425517183000, 23.02234071867321300, 25.47632439665585500 ) ) ;
#1929 = CARTESIAN_POINT ( 'NONE',  ( -80.54947750266541100, 2.333849568294103600, 19.33308054434138900 ) ) ;
#1930 = LINE ( 'NONE', #5453, #5662 ) ;
#1931 = EDGE_CURVE ( 'NONE', #29, #4995, #14, .T. ) ;
#1932 = AXIS2_PLACEMENT_3D ( 'NONE', #71, #3444, #567 ) ;
#1933 = EDGE_CURVE ( 'NONE', #5895, #5068, #6247, .T. ) ;
#1934 = ORIENTED_EDGE ( 'NONE', *, *, #3930, .F. ) ;
#1935 = VECTOR ( 'NONE', #2813, 1000.000000000000100 ) ;
#1936 = CARTESIAN_POINT ( 'NONE',  ( -8.680842204910186800, 21.37108546620147800, 22.37422977894146900 ) ) ;
#1937 = DIRECTION ( 'NONE',  ( 0.8566790672026992600, -0.2842776906271271000, 0.4304499627464503100 ) ) ;
#1938 = CARTESIAN_POINT ( 'NONE',  ( -109.5267042551718900, 19.42330421322325100, 10.41314187557619200 ) ) ;
#1939 = LINE ( 'NONE', #5221, #5958 ) ;
#1940 = CARTESIAN_POINT ( 'NONE',  ( -108.7460151748143300, 20.72085211037782300, 11.02859909804992200 ) ) ;
#1941 =( BOUNDED_CURVE ( )  B_SPLINE_CURVE ( 3, ( #3207, #1755, #3691, #817 ),
 .UNSPECIFIED., .F., .T. ) 
 B_SPLINE_CURVE_WITH_KNOTS ( ( 4, 4 ),
 ( 5.265466749514768500, 6.283185307179579100 ),
 .UNSPECIFIED. ) 
 CURVE ( )  GEOMETRIC_REPRESENTATION_ITEM ( )  RATIONAL_B_SPLINE_CURVE ( ( 1.000000000000000000, 0.9155338758779869600, 0.9155338758779869600, 1.000000000000000000 ) ) 
 REPRESENTATION_ITEM ( '' )  );
#1942 = AXIS2_PLACEMENT_3D ( 'NONE', #4941, #3990, #1123 ) ;
#1943 = EDGE_CURVE ( 'NONE', #1987, #1532, #5124, .T. ) ;
#1944 = EDGE_CURVE ( 'NONE', #4697, #1383, #4822, .T. ) ;
#1945 = FACE_OUTER_BOUND ( 'NONE', #2885, .T. ) ;
#1946 = CARTESIAN_POINT ( 'NONE',  ( -12.51810317122959800, 22.37123106059849300, 20.70379996662050500 ) ) ;
#1947 = CARTESIAN_POINT ( 'NONE',  ( -53.58272790218997300, 11.81324135483313100, 16.38486625862714500 ) ) ;
#1948 = ORIENTED_EDGE ( 'NONE', *, *, #6078, .T. ) ;
#1949 = ORIENTED_EDGE ( 'NONE', *, *, #2475, .T. ) ;
#1950 = DIRECTION ( 'NONE',  ( -2.238352872228144400E-015, -0.8344483130099417100, -0.5510862118714842100 ) ) ;
#1951 = ORIENTED_EDGE ( 'NONE', *, *, #1017, .F. ) ;
#1952 = CARTESIAN_POINT ( 'NONE',  ( -114.5267042551718900, 18.84193677965991000, 10.03331955710121000 ) ) ;
#1953 = DIRECTION ( 'NONE',  ( -1.920722739381899900E-015, -0.8344483130099414900, -0.5510862118714846500 ) ) ;
#1954 = CARTESIAN_POINT ( 'NONE',  ( -5.326704255171840400, 19.68454746663343600, 23.27197954916988800 ) ) ;
#1955 = VERTEX_POINT ( 'NONE', #5024 ) ;
#1956 = CARTESIAN_POINT ( 'NONE',  ( -175.0267042551717800, 21.35344409265351500, 11.67415197291335000 ) ) ;
#1957 = CARTESIAN_POINT ( 'NONE',  ( -12.83560330372819000, 21.26169553297619800, 27.37274867833979600 ) ) ;
#1958 = LINE ( 'NONE', #5426, #694 ) ;
#1959 = EDGE_LOOP ( 'NONE', ( #6024, #6003, #67, #106, #2007, #1139 ) ) ;
#1960 = CARTESIAN_POINT ( 'NONE',  ( -111.4320206975428500, 23.88284364700762600, 12.13292143804849300 ) ) ;
#1961 = CARTESIAN_POINT ( 'NONE',  ( -81.99188371364216700, 8.653444092653527900, 13.43665197291291800 ) ) ;
#1962 = CIRCLE ( 'NONE', #173, 2.305555555555557600 ) ;
#1963 = EDGE_CURVE ( 'NONE', #1565, #1248, #5985, .T. ) ;
#1964 = VERTEX_POINT ( 'NONE', #5484 ) ;
#1965 = VERTEX_POINT ( 'NONE', #3120 ) ;
#1966 = CARTESIAN_POINT ( 'NONE',  ( -12.83560330372817600, 19.79521318666214200, 29.59327913905467600 ) ) ;
#1967 = VERTEX_POINT ( 'NONE', #243 ) ;
#1968 = CARTESIAN_POINT ( 'NONE',  ( -109.5267042551718900, 21.35344409265355000, 11.67415197291320300 ) ) ;
#1969 = CARTESIAN_POINT ( 'NONE',  ( 20.87329574482814100, 22.39650448391575200, 25.06300973775211500 ) ) ;
#1970 =( BOUNDED_CURVE ( )  B_SPLINE_CURVE ( 3, ( #5944, #4458, #4943, #3034 ),
 .UNSPECIFIED., .F., .F. ) 
 B_SPLINE_CURVE_WITH_KNOTS ( ( 4, 4 ),
 ( 5.306192961836804200, 7.260177652522368200 ),
 .UNSPECIFIED. ) 
 CURVE ( )  GEOMETRIC_REPRESENTATION_ITEM ( )  RATIONAL_B_SPLINE_CURVE ( ( 1.000000000000000000, 0.7063452485847584400, 0.7063452485847584400, 1.000000000000000000 ) ) 
 REPRESENTATION_ITEM ( '' )  );
#1971 = EDGE_CURVE ( 'NONE', #5178, #5820, #3971, .T. ) ;
#1972 = VERTEX_POINT ( 'NONE', #732 ) ;
#1973 = ORIENTED_EDGE ( 'NONE', *, *, #465, .T. ) ;
#1974 = AXIS2_PLACEMENT_3D ( 'NONE', #1956, #5838, #4838 ) ;
#1975 = EDGE_CURVE ( 'NONE', #1455, #764, #3396, .T. ) ;
#1976 = DIRECTION ( 'NONE',  ( 0.5158497608962449000, 0.4721040219343317100, -0.7148544024182231800 ) ) ;
#1977 = CARTESIAN_POINT ( 'NONE',  ( -7.784587090412458100, 21.49349661176327700, 21.37742287406341300 ) ) ;
#1978 = ORIENTED_EDGE ( 'NONE', *, *, #1705, .F. ) ;
#1979 = AXIS2_PLACEMENT_3D ( 'NONE', #5610, #4152, #1279 ) ;
#1980 = AXIS2_PLACEMENT_3D ( 'NONE', #3708, #837, #4198 ) ;
#1981 = CARTESIAN_POINT ( 'NONE',  ( -53.58272790218999400, 5.493646830473893200, 10.48843768719847300 ) ) ;
#1982 = VERTEX_POINT ( 'NONE', #3145 ) ;
#1983 = LINE ( 'NONE', #4632, #1860 ) ;
#1984 = VECTOR ( 'NONE', #934, 1000.000000000000000 ) ;
#1985 = VERTEX_POINT ( 'NONE', #264 ) ;
#1986 = CARTESIAN_POINT ( 'NONE',  ( -113.0267042551707800, 19.22086043950784500, 13.47567625532319900 ) ) ;
#1987 = VERTEX_POINT ( 'NONE', #5073 ) ;
#1988 = CARTESIAN_POINT ( 'NONE',  ( -9.967886355793591900, 22.32173405755193200, 27.40727744655334100 ) ) ;
#1989 =( BOUNDED_CURVE ( )  B_SPLINE_CURVE ( 3, ( #4876, #1511, #2469, #5880 ),
 .UNSPECIFIED., .F., .F. ) 
 B_SPLINE_CURVE_WITH_KNOTS ( ( 4, 4 ),
 ( 2.566748062973231500, 3.716437244206352500 ),
 .UNSPECIFIED. ) 
 CURVE ( )  GEOMETRIC_REPRESENTATION_ITEM ( )  RATIONAL_B_SPLINE_CURVE ( ( 1.000000000000000000, 0.8928512062104725400, 0.8928512062104725400, 1.000000000000000000 ) ) 
 REPRESENTATION_ITEM ( '' )  );
#1990 = CARTESIAN_POINT ( 'NONE',  ( -110.9305990906495500, 20.57832394079898100, 12.13235256283570800 ) ) ;
#1991 = CARTESIAN_POINT ( 'NONE',  ( -113.1236618512804600, 21.81207788129796300, 12.44900482534457200 ) ) ;
#1992 = CARTESIAN_POINT ( 'NONE',  ( -14.47552752048313700, 21.98984022040698200, 26.27020048721311700 ) ) ;
#1993 = AXIS2_PLACEMENT_3D ( 'NONE', #2795, #3277, #5711 ) ;
#1994 = FACE_OUTER_BOUND ( 'NONE', #1858, .T. ) ;
#1995 = CARTESIAN_POINT ( 'NONE',  ( -7.784587090412458100, 24.05456784861261400, 23.06880510139080400 ) ) ;
#1996 = DIRECTION ( 'NONE',  ( 1.000000000000000000, 2.132529265733050800E-017, -3.517630367272413100E-015 ) ) ;
#1997 = CARTESIAN_POINT ( 'NONE',  ( -11.75400464428596700, 22.86051080062907200, 22.82883904730838500 ) ) ;
#1998 = VECTOR ( 'NONE', #3365, 1000.000000000000000 ) ;
#1999 = CARTESIAN_POINT ( 'NONE',  ( -78.52871130621785800, 17.50699927904738500, 23.46700911577018900 ) ) ;
#2000 = CARTESIAN_POINT ( 'NONE',  ( -111.2353988219704100, 22.07766903012365500, 11.13817869923400600 ) ) ;
#2001 = FACE_OUTER_BOUND ( 'NONE', #4915, .T. ) ;
#2002 = EDGE_CURVE ( 'NONE', #4956, #4620, #2869, .T. ) ;
#2003 = CARTESIAN_POINT ( 'NONE',  ( -113.2950190199442600, 19.16007751732630700, 13.46341899173043500 ) ) ;
#2004 = CARTESIAN_POINT ( 'NONE',  ( -12.00075363940947200, 18.85009915362350300, 22.72089333729841300 ) ) ;
#2005 = EDGE_CURVE ( 'NONE', #3820, #873, #1142, .T. ) ;
#2006 = CARTESIAN_POINT ( 'NONE',  ( 21.17329574482816000, 18.98377338160595000, 27.96227971885549500 ) ) ;
#2007 = ORIENTED_EDGE ( 'NONE', *, *, #5866, .F. ) ;
#2008 = CARTESIAN_POINT ( 'NONE',  ( -7.011350155182137600, 21.37108546620147800, 22.37422977894146200 ) ) ;
#2009 = ADVANCED_FACE ( 'NONE', ( #2288 ), #3257, .F. ) ;
#2010 = DIRECTION ( 'NONE',  ( 1.000000000000000000, 2.132529265733050800E-017, -3.517630367272413100E-015 ) ) ;
#2011 = CC_DESIGN_APPROVAL ( #1719, ( #757 ) ) ;
#2012 = CARTESIAN_POINT ( 'NONE',  ( -12.69690978540432800, 19.32394360792332200, 24.08417983071463200 ) ) ;
#2013 = CARTESIAN_POINT ( 'NONE',  ( -10.26603595043731200, 19.43783604640790600, 21.83094899081924500 ) ) ;
#2014 = DIRECTION ( 'NONE',  ( -1.908979236615881600E-015, -0.8371691043312136100, -0.5469441386040017100 ) ) ;
#2015 = EDGE_CURVE ( 'NONE', #3654, #5138, #4524, .T. ) ;
#2016 = DIRECTION ( 'NONE',  ( -2.775557561562901200E-015, -0.8344483130099419300, -0.5510862118714839900 ) ) ;
#2017 = ORIENTED_EDGE ( 'NONE', *, *, #981, .F. ) ;
#2018 = ORIENTED_EDGE ( 'NONE', *, *, #572, .F. ) ;
#2019 = CARTESIAN_POINT ( 'NONE',  ( -58.34546340057335100, -2.734071755775301100, 20.51879483005551900 ) ) ;
#2020 = CARTESIAN_POINT ( 'NONE',  ( -12.12356623796837800, 24.44328603305728700, 25.13934369115693100 ) ) ;
#2021 = DIRECTION ( 'NONE',  ( -2.947032800510570100E-015, 0.5510862118714903200, -0.8344483130099377100 ) ) ;
#2022 = ORIENTED_EDGE ( 'NONE', *, *, #5599, .F. ) ;
#2023 = CARTESIAN_POINT ( 'NONE',  ( -61.26555515970254400, -4.140313831560904500, 17.74558054434120900 ) ) ;
#2024 = ADVANCED_FACE ( 'NONE', ( #5831 ), #4418, .T. ) ;
#2025 = DIRECTION ( 'NONE',  ( -1.000000000000000000, -5.726637133838782600E-029, 3.490263633665282600E-015 ) ) ;
#2026 = AXIS2_PLACEMENT_3D ( 'NONE', #5486, #2572, #5980 ) ;
#2027 = B_SPLINE_CURVE_WITH_KNOTS ( 'NONE', 3,
 ( #3279, #6187, #2799, #412, #3767, #901, #4254, #1373, #4739, #1853, #5227, #2339 ),
 .UNSPECIFIED., .F., .F.,
 ( 4, 2, 2, 2, 2, 4 ),
 ( 2.216583982713091500E-007, 0.0002052498780226155600, 0.0004102780976469598300, 0.0008203345368956498300, 0.001230390976144339900, 0.001640447415393029800 ),
 .UNSPECIFIED. ) ;
#2028 = CARTESIAN_POINT ( 'NONE',  ( -113.5267042551719200, 23.83576958544260900, 10.25147248055625900 ) ) ;
#2029 = DIRECTION ( 'NONE',  ( -0.7071067811865448000, 0.5900440606790055000, 0.3896767974327365300 ) ) ;
#2030 = ORIENTED_EDGE ( 'NONE', *, *, #5202, .F. ) ;
#2031 = DIRECTION ( 'NONE',  ( 1.987703982890091700E-015, 0.8344483130099411600, 0.5510862118714848800 ) ) ;
#2032 = VECTOR ( 'NONE', #3385, 1000.000000000000200 ) ;
#2033 = DIRECTION ( 'NONE',  ( -1.000000000000000000, -2.132529265733135900E-017, 3.517630367272413500E-015 ) ) ;
#2034 = ORIENTED_EDGE ( 'NONE', *, *, #5829, .T. ) ;
#2035 = CARTESIAN_POINT ( 'NONE',  ( -15.59246391339235200, 22.18299113086771600, 22.38139162311693700 ) ) ;
#2036 = VECTOR ( 'NONE', #5214, 1000.000000000000000 ) ;
#2037 = DIRECTION ( 'NONE',  ( -0.9904922731777512400, 0.1151679901643342200, 0.07524221432599306800 ) ) ;
#2038 = CARTESIAN_POINT ( 'NONE',  ( -12.12356623796838000, 18.85009915362350300, 22.72089333729841300 ) ) ;
#2039 = ADVANCED_FACE ( 'NONE', ( #996 ), #4435, .F. ) ;
#2040 = ORIENTED_EDGE ( 'NONE', *, *, #2326, .T. ) ;
#2041 = CARTESIAN_POINT ( 'NONE',  ( -69.98303116834159700, -2.546555907346502900, 15.07593768719841500 ) ) ;
#2042 = CARTESIAN_POINT ( 'NONE',  ( -73.58785335064119700, 21.44720201686781300, 17.57058054434164900 ) ) ;
#2043 = ORIENTED_EDGE ( 'NONE', *, *, #4616, .F. ) ;
#2044 = DIRECTION ( 'NONE',  ( 2.312964634635742700E-015, 0.8344483130099412700, 0.5510862118714848800 ) ) ;
#2045 = EDGE_CURVE ( 'NONE', #4240, #1466, #1958, .T. ) ;
#2046 = CARTESIAN_POINT ( 'NONE',  ( -70.66776159151203300, 22.85344409265350800, 14.79736625862738500 ) ) ;
#2047 = B_SPLINE_CURVE_WITH_KNOTS ( 'NONE', 3,
 ( #5309, #5919, #3497, #615, #3963, #1101, #4454, #1571 ),
 .UNSPECIFIED., .F., .F.,
 ( 4, 2, 2, 4 ),
 ( 0.0005758282367238052900, 0.0007195626141407861700, 0.0008632969915577671500, 0.001150765746391743100 ),
 .UNSPECIFIED. ) ;
#2048 = CARTESIAN_POINT ( 'NONE',  ( -111.3439592196522600, 18.85444265244919700, 11.12591143730200300 ) ) ;
#2049 = CARTESIAN_POINT ( 'NONE',  ( -72.28620213328854000, -1.437407227853602300, 15.30272340148414900 ) ) ;
#2050 = ORIENTED_EDGE ( 'NONE', *, *, #5381, .F. ) ;
#2051 = ORIENTED_EDGE ( 'NONE', *, *, #1424, .T. ) ;
#2052 = CARTESIAN_POINT ( 'NONE',  ( -69.98303116834155400, 19.85344409265335800, 24.14736625862734300 ) ) ;
#2053 = CARTESIAN_POINT ( 'NONE',  ( -106.7458465861291500, 20.70820947262335200, 12.30708823777213300 ) ) ;
#2054 = EDGE_CURVE ( 'NONE', #5462, #5465, #5703, .T. ) ;
#2055 = PERSON_AND_ORGANIZATION ( #2151, #1257 ) ;
#2056 = VECTOR ( 'NONE', #4185, 1000.000000000000200 ) ;
#2057 = ORIENTED_EDGE ( 'NONE', *, *, #2386, .T. ) ;
#2058 = ADVANCED_FACE ( 'NONE', ( #4365 ), #5522, .T. ) ;
#2059 = ORIENTED_EDGE ( 'NONE', *, *, #1663, .F. ) ;
#2060 = CARTESIAN_POINT ( 'NONE',  ( -9.710323917782222500, 24.32949728037527100, 21.99707780788067500 ) ) ;
#2061 = CARTESIAN_POINT ( 'NONE',  ( -105.5267042551718900, 20.59999189875545200, 11.18190224816960000 ) ) ;
#2062 = CARTESIAN_POINT ( 'NONE',  ( -114.5267042551718900, 21.35344409265355000, 11.67415197291321500 ) ) ;
#2063 = VECTOR ( 'NONE', #522, 1000.000000000000100 ) ;
#2064 = EDGE_LOOP ( 'NONE', ( #3810, #709, #543, #1648, #4263, #1151 ) ) ;
#2065 = CARTESIAN_POINT ( 'NONE',  ( -62.56720637705523600, 18.74429541316063600, 12.12772340148442200 ) ) ;
#2066 = CARTESIAN_POINT ( 'NONE',  ( -64.18564691883175000, -5.546555907346498100, 14.62236625862692200 ) ) ;
#2067 = ORIENTED_EDGE ( 'NONE', *, *, #4748, .T. ) ;
#2068 = CARTESIAN_POINT ( 'NONE',  ( -78.34589687160826100, 6.161209632342613300, 25.55986625862714600 ) ) ;
#2069 = CARTESIAN_POINT ( 'NONE',  ( -15.35881040382237100, 19.52102995597194400, 25.17556224966892800 ) ) ;
#2070 = CARTESIAN_POINT ( 'NONE',  ( -67.42670425517189900, -5.546555907346455400, 11.84915197291263300 ) ) ;
#2071 = CARTESIAN_POINT ( 'NONE',  ( -9.693220416456725300, 19.68454746663344300, 23.27197954916988800 ) ) ;
#2072 = CARTESIAN_POINT ( 'NONE',  ( -60.26403541210827800, 17.63514673366772100, 12.35450911577012100 ) ) ;
#2073 = VECTOR ( 'NONE', #139, 1000.000000000000000 ) ;
#2074 = CARTESIAN_POINT ( 'NONE',  ( 21.17329574482813100, 21.35344409265333400, 24.37415197291275200 ) ) ;
#2075 = ADVANCED_FACE ( 'NONE', ( #1832 ), #2933, .T. ) ;
#2076 = AXIS2_PLACEMENT_3D ( 'NONE', #3408, #534, #3882 ) ;
#2077 = CARTESIAN_POINT ( 'NONE',  ( -107.3081169720028400, 21.99795282793960600, 11.04036579612970000 ) ) ;
#2078 = ORIENTED_EDGE ( 'NONE', *, *, #874, .F. ) ;
#2079 = VECTOR ( 'NONE', #3762, 1000.000000000000100 ) ;
#2080 = CARTESIAN_POINT ( 'NONE',  ( 18.17329574482818400, 27.13153273700315500, 28.69082796469574200 ) ) ;
#2081 = CONICAL_SURFACE ( 'NONE', #628, 4.749999999999997300, 0.7853981633974309600 ) ;
#2082 = CARTESIAN_POINT ( 'NONE',  ( 18.17329574482816700, 25.35879599510105100, 27.01936578989589000 ) ) ;
#2083 = VECTOR ( 'NONE', #316, 1000.000000000000200 ) ;
#2084 = CARTESIAN_POINT ( 'NONE',  ( -76.18321685881379300, 1.670358311835617100, 19.10629483005563900 ) ) ;
#2085 = CARTESIAN_POINT ( 'NONE',  ( -67.42670425517188400, 22.85344409265355000, 11.67415197291307600 ) ) ;
#2086 = CARTESIAN_POINT ( 'NONE',  ( -55.93867538651925700, 8.653444092653368000, 22.61165197291282400 ) ) ;
#2087 = CYLINDRICAL_SURFACE ( 'NONE', #1685, 0.5000000000000005600 ) ;
#2088 = CARTESIAN_POINT ( 'NONE',  ( -64.18564691883177900, 22.85344409265359300, 8.900937687198787500 ) ) ;
#2089 = ADVANCED_FACE ( 'NONE', ( #541 ), #4070, .T. ) ;
#2090 = EDGE_CURVE ( 'NONE', #4343, #2816, #3100, .T. ) ;
#2091 = CARTESIAN_POINT ( 'NONE',  ( -12.01982630436627300, 26.62912799685876000, 25.84674532592252300 ) ) ;
#2092 = DIRECTION ( 'NONE',  ( -0.4472135954999558200, 0.7463532606401005500, 0.4929064924829981700 ) ) ;
#2093 = EDGE_CURVE ( 'NONE', #1466, #5845, #5359, .T. ) ;
#2094 = ORIENTED_EDGE ( 'NONE', *, *, #605, .T. ) ;
#2095 = ORIENTED_EDGE ( 'NONE', *, *, #6177, .T. ) ;
#2096 = CARTESIAN_POINT ( 'NONE',  ( -106.7267042551719100, 21.92693617186292700, 10.97377750172553600 ) ) ;
#2097 = ORIENTED_EDGE ( 'NONE', *, *, #5948, .T. ) ;
#2098 = AXIS2_PLACEMENT_3D ( 'NONE', #3895, #1032, #4384 ) ;
#2099 = AXIS2_PLACEMENT_3D ( 'NONE', #2604, #3098, #1185 ) ;
#2100 = CARTESIAN_POINT ( 'NONE',  ( -8.051181455185568900, 23.02234071867321300, 25.47632439665582300 ) ) ;
#2101 = CARTESIAN_POINT ( 'NONE',  ( -109.3386429666509400, 23.25459018584333400, 10.41552673941323300 ) ) ;
#2102 = CARTESIAN_POINT ( 'NONE',  ( -56.32469720412586200, -0.2001110937405147000, 13.94200911576983000 ) ) ;
#2103 = CARTESIAN_POINT ( 'NONE',  ( -8.415020544829841900, 20.52389705443895800, 26.36691232270881700 ) ) ;
#2104 = ORIENTED_EDGE ( 'NONE', *, *, #5200, .T. ) ;
#2105 = ADVANCED_FACE ( 'NONE', ( #4244 ), #4968, .F. ) ;
#2106 = CARTESIAN_POINT ( 'NONE',  ( -57.07634789095162400, 13.63791301327492000, 16.15808054434148700 ) ) ;
#2107 = CARTESIAN_POINT ( 'NONE',  ( -73.58785335064115400, -4.140313831561004000, 24.65272340148410600 ) ) ;
#2108 = VECTOR ( 'NONE', #3679, 1000.000000000000100 ) ;
#2109 = CARTESIAN_POINT ( 'NONE',  ( -78.34589687160828900, 11.14567855296415100, 19.66343768719864800 ) ) ;
#2110 = CARTESIAN_POINT ( 'NONE',  ( -8.040831868054178600, 22.37123106059848600, 20.70379996662048300 ) ) ;
#2111 = CARTESIAN_POINT ( 'NONE',  ( -76.50794510977037500, -2.734071755775307800, 21.87950911576985600 ) ) ;
#2112 = VERTEX_POINT ( 'NONE', #642 ) ;
#2113 = CARTESIAN_POINT ( 'NONE',  ( -107.3414593512606400, 23.34418479772687500, 11.89338445307192900 ) ) ;
#2114 = CARTESIAN_POINT ( 'NONE',  ( -113.3075436250798000, 20.50828165922813200, 11.35378374207566100 ) ) ;
#2115 = VECTOR ( 'NONE', #4751, 999.9999999999998900 ) ;
#2116 = DIRECTION ( 'NONE',  ( -1.000000000000000000, -2.132529265733050800E-017, 3.517630367272413100E-015 ) ) ;
#2117 = CARTESIAN_POINT ( 'NONE',  ( -12.01982630436627300, 24.35328990747315100, 24.34373672496027700 ) ) ;
#2118 = ORIENTED_EDGE ( 'NONE', *, *, #3239, .F. ) ;
#2119 = ORIENTED_EDGE ( 'NONE', *, *, #2324, .F. ) ;
#2120 = ADVANCED_FACE ( 'NONE', ( #2809 ), #227, .T. ) ;
#2121 = CARTESIAN_POINT ( 'NONE',  ( -3.326704255171834700, 21.35344409265333000, 24.37415197291283800 ) ) ;
#2122 = ORIENTED_EDGE ( 'NONE', *, *, #4840, .F. ) ;
#2123 = ORIENTED_EDGE ( 'NONE', *, *, #2002, .T. ) ;
#2124 = CARTESIAN_POINT ( 'NONE',  ( -14.05029230049574600, 20.38143412225046100, 21.34300727168430400 ) ) ;
#2125 = CARTESIAN_POINT ( 'NONE',  ( -73.58785335064115400, 21.44720201686766700, 26.92058054434165000 ) ) ;
#2126 = CARTESIAN_POINT ( 'NONE',  ( -78.34589687160830400, 6.161209632342806100, 13.20986625862714400 ) ) ;
#2127 =( BOUNDED_CURVE ( )  B_SPLINE_CURVE ( 3, ( #5018, #1652, #4002, #2134 ),
 .UNSPECIFIED., .F., .T. ) 
 B_SPLINE_CURVE_WITH_KNOTS ( ( 4, 4 ),
 ( 2.566748062973232400, 3.716437244206356000 ),
 .UNSPECIFIED. ) 
 CURVE ( )  GEOMETRIC_REPRESENTATION_ITEM ( )  RATIONAL_B_SPLINE_CURVE ( ( 1.000000000000000000, 0.8928512062104720900, 0.8928512062104720900, 1.000000000000000000 ) ) 
 REPRESENTATION_ITEM ( '' )  );
#2128 = CARTESIAN_POINT ( 'NONE',  ( -58.34546340057333700, 20.04095994108209000, 21.70450911577015400 ) ) ;
#2129 = EDGE_CURVE ( 'NONE', #29, #5258, #1768, .T. ) ;
#2130 = CARTESIAN_POINT ( 'NONE',  ( -17.32670425517183700, 19.68454746663344300, 23.27197954916991700 ) ) ;
#2131 = CARTESIAN_POINT ( 'NONE',  ( -57.07634789095163100, 3.668975172032022100, 16.71522340148417700 ) ) ;
#2132 = AXIS2_PLACEMENT_3D ( 'NONE', #1339, #2306, #5698 ) ;
#2133 = EDGE_CURVE ( 'NONE', #4585, #5009, #635, .T. ) ;
#2134 = CARTESIAN_POINT ( 'NONE',  ( -13.68931835409432200, 21.33580271910520000, 26.37407416688426700 ) ) ;
#2135 = CARTESIAN_POINT ( 'NONE',  ( -15.28959655524145200, 23.85678903168315300, 26.02741060852733300 ) ) ;
#2136 = CARTESIAN_POINT ( 'NONE',  ( -109.4384795166760300, 19.38227517462969400, 12.84733177488296200 ) ) ;
#2137 = ORIENTED_EDGE ( 'NONE', *, *, #3318, .F. ) ;
#2138 = CARTESIAN_POINT ( 'NONE',  ( -56.32469720412584000, 17.50699927904744500, 18.93129483005580800 ) ) ;
#2139 = CARTESIAN_POINT ( 'NONE',  ( -69.98303116834158300, -2.546555907346602400, 21.42593768719842000 ) ) ;
#2140 = ORIENTED_EDGE ( 'NONE', *, *, #1525, .F. ) ;
#2141 = CARTESIAN_POINT ( 'NONE',  ( -108.5267042551718800, 19.31708775010936900, 12.41421770690210400 ) ) ;
#2142 = CARTESIAN_POINT ( 'NONE',  ( -110.5267042551719100, 20.20422639039970000, 9.512157222853984400 ) ) ;
#2143 = EDGE_LOOP ( 'NONE', ( #2561, #4235 ) ) ;
#2144 = LINE ( 'NONE', #2655, #3418 ) ;
#2145 = LINE ( 'NONE', #3304, #3744 ) ;
#2146 = ORIENTED_EDGE ( 'NONE', *, *, #4513, .F. ) ;
#2147 = DIRECTION ( 'NONE',  ( 0.0000000000000000000, -0.8371691043312136100, -0.5469441386040020400 ) ) ;
#2148 = AXIS2_PLACEMENT_3D ( 'NONE', #1731, #5094, #2204 ) ;
#2149 = EDGE_CURVE ( 'NONE', #4837, #6046, #5797, .T. ) ;
#2150 = ORIENTED_EDGE ( 'NONE', *, *, #3363, .F. ) ;
#2151 = PERSON ( 'UNSPECIFIED', 'UNSPECIFIED', 'UNSPECIFIED', ('UNSPECIFIED'), ('UNSPECIFIED'), ('UNSPECIFIED') ) ;
#2152 = CARTESIAN_POINT ( 'NONE',  ( -9.447423972536290300, 19.36044735024074700, 24.54137632739758600 ) ) ;
#2153 = CARTESIAN_POINT ( 'NONE',  ( -8.317497012018568700, 22.29491981702035000, 27.42142643305160000 ) ) ;
#2154 = CARTESIAN_POINT ( 'NONE',  ( -11.42793810542888100, 22.76053536323415800, 25.87274701162416700 ) ) ;
#2155 = CIRCLE ( 'NONE', #4699, 3.799999999999996700 ) ;
#2156 = CARTESIAN_POINT ( 'NONE',  ( -64.18564691883172200, -5.546555907346648200, 23.97236625862692000 ) ) ;
#2157 = DIRECTION ( 'NONE',  ( -1.000000000000000000, -5.857292221266013800E-029, 3.490263633665282200E-015 ) ) ;
#2158 = CARTESIAN_POINT ( 'NONE',  ( -55.93867538651929300, 8.653444092653563400, 10.26165197291282500 ) ) ;
#2159 = CARTESIAN_POINT ( 'NONE',  ( -78.52871130621788600, -0.2001110937405754000, 18.75629483005561600 ) ) ;
#2160 = CARTESIAN_POINT ( 'NONE',  ( -10.35033425463822400, 22.50323439724362700, 27.14506919568769000 ) ) ;
#2161 = PLANE ( 'NONE',  #505 ) ;
#2162 = CARTESIAN_POINT ( 'NONE',  ( -74.58937309823547000, 17.63514673366755400, 23.69379483005590400 ) ) ;
#2163 = VECTOR ( 'NONE', #3306, 1000.000000000000000 ) ;
#2164 = CARTESIAN_POINT ( 'NONE',  ( -8.623996989166146300, 23.85678903168315300, 26.02741060852730800 ) ) ;
#2165 = CARTESIAN_POINT ( 'NONE',  ( -62.56720637705520700, 18.74429541316053600, 18.47772340148442200 ) ) ;
#2166 = ADVANCED_FACE ( 'NONE', ( #54 ), #1673, .T. ) ;
#2167 = CARTESIAN_POINT ( 'NONE',  ( -108.8843341884632300, 19.54334169793785500, 12.95356810991273000 ) ) ;
#2168 = CARTESIAN_POINT ( 'NONE',  ( -109.5267042551718900, 23.48319877032315600, 10.79112794566505700 ) ) ;
#2169 = CARTESIAN_POINT ( 'NONE',  ( -109.5267042551718900, 15.76510034219872500, 13.28014547437966000 ) ) ;
#2170 = FACE_OUTER_BOUND ( 'NONE', #171, .T. ) ;
#2171 = ORIENTED_EDGE ( 'NONE', *, *, #2798, .T. ) ;
#2172 = DIRECTION ( 'NONE',  ( -2.830816654711056700E-015, 0.5985001697990031100, -0.8011226789640676400 ) ) ;
#2173 = DIRECTION ( 'NONE',  ( -0.8838353839626651400, 0.2577970543952059500, -0.3903532922888232100 ) ) ;
#2174 = CARTESIAN_POINT ( 'NONE',  ( -67.42670425517182800, 22.85344409265340500, 21.02415197291308100 ) ) ;
#2175 = EDGE_CURVE ( 'NONE', #1242, #1441, #1488, .T. ) ;
#2176 = DIRECTION ( 'NONE',  ( -0.4472135954999561500, 0.7463532606401004400, 0.4929064924829981200 ) ) ;
#2177 = CARTESIAN_POINT ( 'NONE',  ( -80.54947750266541100, 14.97303861701275300, 20.24022340148443900 ) ) ;
#2178 = CARTESIAN_POINT ( 'NONE',  ( -54.30393100767834400, 14.97303861701280600, 15.80808054434149700 ) ) ;
#2179 = CARTESIAN_POINT ( 'NONE',  ( -15.35881040382237100, 21.33580271910519600, 26.37407416688426700 ) ) ;
#2180 = CARTESIAN_POINT ( 'NONE',  ( -62.56720637705520700, -1.437407227853692500, 20.74558054434125900 ) ) ;
#2181 = CARTESIAN_POINT ( 'NONE',  ( -108.5267042551718900, 21.35344409265355000, 11.67415197291319600 ) ) ;
#2182 = VERTEX_POINT ( 'NONE', #256 ) ;
#2183 = CARTESIAN_POINT ( 'NONE',  ( -74.58937309823552700, -0.3282585483606930700, 15.52950911576988700 ) ) ;
#2184 = ORIENTED_EDGE ( 'NONE', *, *, #6040, .F. ) ;
#2185 = CARTESIAN_POINT ( 'NONE',  ( -109.3267042551719600, 22.05423244553768200, 12.24701055238350000 ) ) ;
#2186 = DIRECTION ( 'NONE',  ( 1.920722739381899900E-015, 0.8344483130099414900, 0.5510862118714846500 ) ) ;
#2187 = AXIS2_PLACEMENT_3D ( 'NONE', #1752, #5121, #2232 ) ;
#2188 = EDGE_CURVE ( 'NONE', #941, #1982, #2617, .T. ) ;
#2189 = DIRECTION ( 'NONE',  ( -1.000000000000000000, -2.132529265733050800E-017, 3.517630367272413100E-015 ) ) ;
#2190 = EDGE_LOOP ( 'NONE', ( #3398, #1949, #4843, #5303 ) ) ;
#2191 = DIRECTION ( 'NONE',  ( 1.000000000000000000, 5.857292221266013800E-029, -3.490263633665282200E-015 ) ) ;
#2192 = DIRECTION ( 'NONE',  ( 0.0000000000000000000, 0.8371691043312138300, 0.5469441386040013700 ) ) ;
#2193 = ADVANCED_FACE ( 'NONE', ( #6195 ), #4093, .F. ) ;
#2194 = AXIS2_PLACEMENT_3D ( 'NONE', #3422, #3404, #5849 ) ;
#2195 = ORIENTED_EDGE ( 'NONE', *, *, #3070, .T. ) ;
#2196 = AXIS2_PLACEMENT_3D ( 'NONE', #5162, #2276, #5666 ) ;
#2197 = VECTOR ( 'NONE', #820, 999.9999999999998900 ) ;
#2198 = CARTESIAN_POINT ( 'NONE',  ( -70.66776159151203300, -5.546555907346551400, 18.07593768719836900 ) ) ;
#2199 = PLANE ( 'NONE',  #1241 ) ;
#2200 = CARTESIAN_POINT ( 'NONE',  ( -78.91473312382446200, 8.653444092653334300, 25.78665197291290700 ) ) ;
#2201 = VERTEX_POINT ( 'NONE', #4576 ) ;
#2202 = DIRECTION ( 'NONE',  ( -1.000000000000000000, -5.726637133838782600E-029, 3.490263633665282600E-015 ) ) ;
#2203 = CARTESIAN_POINT ( 'NONE',  ( -69.98303116834158300, 19.85344409265345800, 17.79736625862733800 ) ) ;
#2204 = DIRECTION ( 'NONE',  ( -2.523234146875356100E-015, -0.3442362757280890700, -0.9388830526071152400 ) ) ;
#2205 = EDGE_LOOP ( 'NONE', ( #239, #2901 ) ) ;
#2206 = CARTESIAN_POINT ( 'NONE',  ( -58.67019165152995400, 15.63652987347134600, 12.58129483005578700 ) ) ;
#2207 = VERTEX_POINT ( 'NONE', #6059 ) ;
#2208 = CARTESIAN_POINT ( 'NONE',  ( -108.7267042551719000, 22.10689628655164500, 12.16640169765680000 ) ) ;
#2209 = CARTESIAN_POINT ( 'NONE',  ( -5.840134972317366100, 18.37739090493140300, 26.75122613794506100 ) ) ;
#2210 = ORIENTED_EDGE ( 'NONE', *, *, #1357, .T. ) ;
#2211 = CARTESIAN_POINT ( 'NONE',  ( -113.0750332587416800, 22.24870008233391200, 11.76643806209487800 ) ) ;
#2212 = DIRECTION ( 'NONE',  ( -1.920722739381920500E-015, -0.8344483130099376000, -0.5510862118714903200 ) ) ;
#2213 = PLANE ( 'NONE',  #681 ) ;
#2214 = EDGE_LOOP ( 'NONE', ( #2862, #1613 ) ) ;
#2215 = ORIENTED_EDGE ( 'NONE', *, *, #3200, .F. ) ;
#2216 = CARTESIAN_POINT ( 'NONE',  ( -14.47552752048313700, 19.35978285564263900, 24.53325845311084300 ) ) ;
#2217 = B_SPLINE_CURVE_WITH_KNOTS ( 'NONE', 3,
 ( #1986, #4864, #2003, #2478, #5887, #2978, #91, #3460 ),
 .UNSPECIFIED., .F., .F.,
 ( 4, 2, 2, 4 ),
 ( 0.0008355988685871091400, 0.001237346021382533000, 0.001438219597780262900, 0.001639093174177993100 ),
 .UNSPECIFIED. ) ;
#2218 = ORIENTED_EDGE ( 'NONE', *, *, #946, .T. ) ;
#2219 = CARTESIAN_POINT ( 'NONE',  ( -61.26555515970254400, 21.44720201686784100, 15.12772340148446300 ) ) ;
#2220 = DIRECTION ( 'NONE',  ( 1.000000000000000000, 2.132529265733050800E-017, -3.517630367272413100E-015 ) ) ;
#2221 = DIRECTION ( 'NONE',  ( -3.268885575270763300E-015, 0.5469441386040017100, -0.8371691043312136100 ) ) ;
#2222 = PERSON_AND_ORGANIZATION ( #2151, #1257 ) ;
#2223 = FACE_OUTER_BOUND ( 'NONE', #923, .T. ) ;
#2224 = ORIENTED_EDGE ( 'NONE', *, *, #6167, .F. ) ;
#2225 = CARTESIAN_POINT ( 'NONE',  ( -56.50751163873543000, 6.161209632342648000, 22.83843768719850000 ) ) ;
#2226 = EDGE_CURVE ( 'NONE', #848, #1465, #4866, .T. ) ;
#2227 = ORIENTED_EDGE ( 'NONE', *, *, #1045, .T. ) ;
#2228 = CARTESIAN_POINT ( 'NONE',  ( -7.784587090412443900, 21.21339157354336500, 27.37088107176229100 ) ) ;
#2229 = EDGE_CURVE ( 'NONE', #5082, #4901, #4656, .T. ) ;
#2230 = CARTESIAN_POINT ( 'NONE',  ( -12.01982630436628700, 20.20365378806305400, 21.60323475013803900 ) ) ;
#2231 = CARTESIAN_POINT ( 'NONE',  ( -8.732872839283704300, 23.85678903168315300, 26.02741060852730800 ) ) ;
#2232 = DIRECTION ( 'NONE',  ( 0.0000000000000000000, 0.8371691043312137200, 0.5469441386040017100 ) ) ;
#2233 = DIRECTION ( 'NONE',  ( -1.000000000000000000, -2.132529265733050800E-017, 3.517630367272413100E-015 ) ) ;
#2234 = ADVANCED_FACE ( 'NONE', ( #6044 ), #2659, .F. ) ;
#2235 = ORIENTED_EDGE ( 'NONE', *, *, #5737, .F. ) ;
#2236 = VERTEX_POINT ( 'NONE', #5592 ) ;
#2237 = DIRECTION ( 'NONE',  ( -2.168404344971009700E-015, -0.8344483130099414900, -0.5510862118714843200 ) ) ;
#2238 = CARTESIAN_POINT ( 'NONE',  ( -78.34589687160828900, 6.161209632342661300, 22.55986625862715300 ) ) ;
#2239 = VERTEX_POINT ( 'NONE', #4140 ) ;
#2240 = DIRECTION ( 'NONE',  ( -1.908979236615882000E-015, -0.8371691043312137200, -0.5469441386040017100 ) ) ;
#2241 = CARTESIAN_POINT ( 'NONE',  ( -113.3267042551765400, 20.59999189875540900, 11.18190224816968800 ) ) ;
#2242 = ORIENTED_EDGE ( 'NONE', *, *, #1305, .F. ) ;
#2243 = CARTESIAN_POINT ( 'NONE',  ( -78.91473312382449000, 8.653444092653384000, 22.78665197291291000 ) ) ;
#2244 =( BOUNDED_CURVE ( )  B_SPLINE_CURVE ( 3, ( #6171, #3750, #880, #4238 ),
 .UNSPECIFIED., .F., .T. ) 
 B_SPLINE_CURVE_WITH_KNOTS ( ( 4, 4 ),
 ( 0.0000000000000000000, 0.6633027834238469600 ),
 .UNSPECIFIED. ) 
 CURVE ( )  GEOMETRIC_REPRESENTATION_ITEM ( )  RATIONAL_B_SPLINE_CURVE ( ( 1.000000000000000000, 0.9636706212180179400, 0.9636706212180179400, 1.000000000000000000 ) ) 
 REPRESENTATION_ITEM ( '' )  );
#2245 = FACE_OUTER_BOUND ( 'NONE', #427, .T. ) ;
#2246 = PLANE ( 'NONE',  #5154 ) ;
#2247 = ORIENTED_EDGE ( 'NONE', *, *, #7, .F. ) ;
#2248 = CARTESIAN_POINT ( 'NONE',  ( -14.99320517959825200, 18.18406350229966500, 24.67024022975212100 ) ) ;
#2249 = CARTESIAN_POINT ( 'NONE',  ( 19.67329574482816000, 21.35344409265333400, 24.37415197291276000 ) ) ;
#2250 = DIRECTION ( 'NONE',  ( -1.000000000000000000, -2.132529265733050800E-017, 3.517630367272413100E-015 ) ) ;
#2251 = VERTEX_POINT ( 'NONE', #3660 ) ;
#2252 = LINE ( 'NONE', #3276, #2079 ) ;
#2253 = CARTESIAN_POINT ( 'NONE',  ( -77.77706061939211700, 13.63791301327486700, 19.89022340148441300 ) ) ;
#2254 = LINE ( 'NONE', #2284, #4665 ) ;
#2255 = CARTESIAN_POINT ( 'NONE',  ( -115.5267042551719100, 18.08848458576182900, 9.541069832357623100 ) ) ;
#2256 = CARTESIAN_POINT ( 'NONE',  ( -9.693220416456714600, 23.02234071867321300, 25.47632439665582600 ) ) ;
#2257 = CARTESIAN_POINT ( 'NONE',  ( -109.3267042551765200, 22.10689628655169200, 12.16640169765672900 ) ) ;
#2258 = FACE_OUTER_BOUND ( 'NONE', #283, .T. ) ;
#2259 = CARTESIAN_POINT ( 'NONE',  ( 19.67329574482816000, 21.35344409265333400, 24.37415197291276000 ) ) ;
#2260 = CARTESIAN_POINT ( 'NONE',  ( -15.28959655524147000, 18.85009915362350300, 22.72089333729842400 ) ) ;
#2261 = CARTESIAN_POINT ( 'NONE',  ( -55.93867538651927900, 8.653444092653416000, 19.61165197291282400 ) ) ;
#2262 = DIRECTION ( 'NONE',  ( 1.000000000000000000, -2.904513797291094700E-016, -3.680023001122137700E-015 ) ) ;
#2263 = CARTESIAN_POINT ( 'NONE',  ( -107.2031395134272500, 21.19090710479023400, 12.55977674105504100 ) ) ;
#2264 = FACE_OUTER_BOUND ( 'NONE', #5287, .T. ) ;
#2265 = DIRECTION ( 'NONE',  ( 1.908979236615881600E-015, 0.8371691043312136100, 0.5469441386040017100 ) ) ;
#2266 = B_SPLINE_CURVE_WITH_KNOTS ( 'NONE', 3,
 ( #1426, #4803, #5296, #2404, #5799, #2880, #9, #3371 ),
 .UNSPECIFIED., .F., .F.,
 ( 4, 2, 2, 4 ),
 ( 2.245514076417257700E-007, 0.0004179117099973786300, 0.0006267552892922472700, 0.0008355988685871158700 ),
 .UNSPECIFIED. ) ;
#2267 = CARTESIAN_POINT ( 'NONE',  ( -56.50751163873543700, 6.161209632342693300, 19.83843768719850000 ) ) ;
#2268 = ORIENTED_EDGE ( 'NONE', *, *, #1424, .F. ) ;
#2269 = ORIENTED_EDGE ( 'NONE', *, *, #2864, .F. ) ;
#2270 = CARTESIAN_POINT ( 'NONE',  ( -17.32670425517183700, 19.68454746663345400, 23.27197954916990200 ) ) ;
#2271 = CARTESIAN_POINT ( 'NONE',  ( -67.42670425517182800, 22.85344409265335100, 24.37415197291308600 ) ) ;
#2272 = EDGE_CURVE ( 'NONE', #2292, #1467, #1201, .T. ) ;
#2273 = AXIS2_PLACEMENT_3D ( 'NONE', #4388, #1502, #4868 ) ;
#2274 = EDGE_CURVE ( 'NONE', #1047, #3928, #5029, .T. ) ;
#2275 = CARTESIAN_POINT ( 'NONE',  ( -10.92606838373320100, 23.02234071867321300, 25.47632439665583300 ) ) ;
#2276 = DIRECTION ( 'NONE',  ( -1.000000000000000000, -2.132529265733050800E-017, 3.517630367272413100E-015 ) ) ;
#2277 = ORIENTED_EDGE ( 'NONE', *, *, #5696, .F. ) ;
#2278 = CARTESIAN_POINT ( 'NONE',  ( -58.67019165152994000, 1.670358311835640900, 16.94200911576986000 ) ) ;
#2279 = CARTESIAN_POINT ( 'NONE',  ( -13.68931835409432200, 21.33580271910520000, 26.37407416688426700 ) ) ;
#2280 = CARTESIAN_POINT ( 'NONE',  ( -78.91473312382446200, 8.653444092653380400, 22.78665197291291000 ) ) ;
#2281 = CARTESIAN_POINT ( 'NONE',  ( -7.011350155182137600, 21.37108546620147800, 22.37422977894146200 ) ) ;
#2282 = CARTESIAN_POINT ( 'NONE',  ( -4.080990041193007100, 21.35344409265333000, 24.37415197291284500 ) ) ;
#2283 = VERTEX_POINT ( 'NONE', #2710 ) ;
#2284 = CARTESIAN_POINT ( 'NONE',  ( -7.011350155182123300, 26.62912799685876000, 25.84674532592250200 ) ) ;
#2285 = EDGE_CURVE ( 'NONE', #1967, #39, #3611, .T. ) ;
#2286 = EDGE_CURVE ( 'NONE', #3849, #1402, #4750, .T. ) ;
#2287 = CARTESIAN_POINT ( 'NONE',  ( -78.34589687160830400, 11.14567855296419700, 16.66343768719864800 ) ) ;
#2288 = FACE_OUTER_BOUND ( 'NONE', #2064, .T. ) ;
#2289 = DIRECTION ( 'NONE',  ( -1.000000000000000000, 3.788652234618511700E-017, 3.304662259982990500E-015 ) ) ;
#2290 = CARTESIAN_POINT ( 'NONE',  ( -106.7267042551719100, 21.76445146293138700, 10.86762205630464900 ) ) ;
#2291 = B_SPLINE_CURVE_WITH_KNOTS ( 'NONE', 3,
 ( #4305, #951, #3822, #1430, #4794, #1907, #5285, #2392, #5785, #2868, #6253, #3361, #489, #3837 ),
 .UNSPECIFIED., .F., .F.,
 ( 4, 2, 2, 2, 2, 2, 4 ),
 ( 2.391997806299398000E-007, 0.0002113575635238698400, 0.0004224759272671097300, 0.0006335942910103496300, 0.0008447126547535895200, 0.001266949382240029200, 0.001689186109726468900 ),
 .UNSPECIFIED. ) ;
#2292 = VERTEX_POINT ( 'NONE', #3684 ) ;
#2293 = CARTESIAN_POINT ( 'NONE',  ( -77.77706061939213100, 13.63791301327491800, 16.89022340148441300 ) ) ;
#2294 = FACE_OUTER_BOUND ( 'NONE', #185, .T. ) ;
#2295 = CARTESIAN_POINT ( 'NONE',  ( -14.47552752048313700, 23.34710532966402500, 24.21504549271492100 ) ) ;
#2296 = CARTESIAN_POINT ( 'NONE',  ( -8.993122061726941400, 18.18370227801191100, 24.67443920787938800 ) ) ;
#2297 = CARTESIAN_POINT ( 'NONE',  ( -81.99188371364212500, 8.653444092653380400, 22.78665197291291700 ) ) ;
#2298 = ORIENTED_EDGE ( 'NONE', *, *, #5743, .F. ) ;
#2299 = CARTESIAN_POINT ( 'NONE',  ( -14.18759522095762400, 18.37739090493140600, 26.75122613794508900 ) ) ;
#2300 = ORIENTED_EDGE ( 'NONE', *, *, #2274, .F. ) ;
#2301 = CARTESIAN_POINT ( 'NONE',  ( -72.28620213328848400, 18.74429541316045400, 23.92058054434161100 ) ) ;
#2302 = CARTESIAN_POINT ( 'NONE',  ( -12.83560330372820200, 20.71704796489966700, 22.47810345861263300 ) ) ;
#2303 = EDGE_LOOP ( 'NONE', ( #5981, #5635 ) ) ;
#2304 = VERTEX_POINT ( 'NONE', #4649 ) ;
#2305 = CARTESIAN_POINT ( 'NONE',  ( -56.50751163873543700, 6.161209632342693300, 19.83843768719850000 ) ) ;
#2306 = DIRECTION ( 'NONE',  ( -0.8838353839626653700, 0.2577970543952057800, -0.3903532922888229300 ) ) ;
#2307 = CARTESIAN_POINT ( 'NONE',  ( -7.319419955451178500, 20.41196836828630300, 21.32687751277411800 ) ) ;
#2308 = APPROVAL_ROLE ( '' ) ;
#2309 = CARTESIAN_POINT ( 'NONE',  ( -57.07634789095166600, 3.668975172032066900, 13.71522340148418100 ) ) ;
#2310 = ORIENTED_EDGE ( 'NONE', *, *, #354, .F. ) ;
#2311 = CARTESIAN_POINT ( 'NONE',  ( -10.35148313201609400, 21.10800451825128100, 30.46027256527850100 ) ) ;
#2312 = EDGE_LOOP ( 'NONE', ( #3716, #2269, #1330, #5452 ) ) ;
#2313 = ORIENTED_EDGE ( 'NONE', *, *, #4908, .T. ) ;
#2314 = CARTESIAN_POINT ( 'NONE',  ( -107.2350481741177500, 21.55297201549929700, 10.79556142461474600 ) ) ;
#2315 = ORIENTED_EDGE ( 'NONE', *, *, #5371, .F. ) ;
#2316 = EDGE_CURVE ( 'NONE', #6226, #5854, #3528, .T. ) ;
#2317 = FACE_OUTER_BOUND ( 'NONE', #789, .T. ) ;
#2318 = LINE ( 'NONE', #432, #4554 ) ;
#2319 = CARTESIAN_POINT ( 'NONE',  ( -10.35033425463822400, 21.33580271910519600, 26.37407416688425200 ) ) ;
#2320 = VERTEX_POINT ( 'NONE', #3197 ) ;
#2321 = DIRECTION ( 'NONE',  ( 0.0000000000000000000, 0.8371691043312150500, 0.5469441386039998200 ) ) ;
#2322 = CARTESIAN_POINT ( 'NONE',  ( -53.58272790218996600, 5.493646830473746700, 19.83843768719847800 ) ) ;
#2323 = VERTEX_POINT ( 'NONE', #826 ) ;
#2324 = EDGE_CURVE ( 'NONE', #3345, #968, #5882, .T. ) ;
#2325 = CARTESIAN_POINT ( 'NONE',  ( -107.5267042551719100, 25.74885260025180100, 12.99293344548770100 ) ) ;
#2326 = EDGE_CURVE ( 'NONE', #4719, #4994, #2410, .T. ) ;
#2327 = CARTESIAN_POINT ( 'NONE',  ( -78.34589687160830400, 6.161209632342759000, 16.20986625862714400 ) ) ;
#2328 = VECTOR ( 'NONE', #832, 1000.000000000000100 ) ;
#2329 = CARTESIAN_POINT ( 'NONE',  ( -77.77706061939211700, 13.63791301327491800, 16.89022340148440900 ) ) ;
#2330 = CARTESIAN_POINT ( 'NONE',  ( -110.5267042551718900, 22.37543958749282100, 13.89470006978108600 ) ) ;
#2331 = CARTESIAN_POINT ( 'NONE',  ( -74.58937309823548400, 17.63514673366760700, 20.69379483005588900 ) ) ;
#2332 =( BOUNDED_CURVE ( )  B_SPLINE_CURVE ( 3, ( #4888, #4407, #2959, #2008 ),
 .UNSPECIFIED., .F., .T. ) 
 B_SPLINE_CURVE_WITH_KNOTS ( ( 4, 4 ),
 ( 2.566748062973234700, 3.716437244206352900 ),
 .UNSPECIFIED. ) 
 CURVE ( )  GEOMETRIC_REPRESENTATION_ITEM ( )  RATIONAL_B_SPLINE_CURVE ( ( 1.000000000000000000, 0.8928512062104729800, 0.8928512062104729800, 1.000000000000000000 ) ) 
 REPRESENTATION_ITEM ( '' )  );
#2333 = LINE ( 'NONE', #398, #5019 ) ;
#2334 = CARTESIAN_POINT ( 'NONE',  ( -114.5267042551718900, 23.86495140564719000, 13.31498438872522300 ) ) ;
#2335 = DIRECTION ( 'NONE',  ( 1.000000000000000000, 2.132529265733050800E-017, -3.517630367272413100E-015 ) ) ;
#2336 = FACE_BOUND ( 'NONE', #5714, .T. ) ;
#2337 = DIRECTION ( 'NONE',  ( -1.000000000000000000, -2.132529265733050800E-017, 3.517630367272413100E-015 ) ) ;
#2338 = CARTESIAN_POINT ( 'NONE',  ( -80.54947750266539700, 14.97303861701280400, 16.89022340148444100 ) ) ;
#2339 = CARTESIAN_POINT ( 'NONE',  ( -112.5267042551718900, 21.13360733885678400, 14.38748306749798500 ) ) ;
#2340 = VECTOR ( 'NONE', #3982, 999.9999999999998900 ) ;
#2341 = CARTESIAN_POINT ( 'NONE',  ( -106.8550493337762100, 20.32455517484449500, 10.03587137351442800 ) ) ;
#2342 = AXIS2_PLACEMENT_3D ( 'NONE', #1872, #5246, #2352 ) ;
#2343 = CARTESIAN_POINT ( 'NONE',  ( -58.67019165152995400, 1.670358311835685900, 13.94200911576986400 ) ) ;
#2344 = CARTESIAN_POINT ( 'NONE',  ( -110.7503040431934000, 18.93682601653545600, 11.12640959216332500 ) ) ;
#2345 =( BOUNDED_CURVE ( )  B_SPLINE_CURVE ( 2, ( #2271, #6143, #4207, #1329, #4690, #1812, #5187, #2297, #5688, #2778, #6164, #3256, #387, #3747, #871, #4232, #1354, #4717, #1830, #5211, #2322, #5712, #2796, #6185, #3278, #410, #3763, #899, #4251, #1372, #4736, #1851, #5225, #2338, #5732, #2815, #6200, #3300, #426, #3784, #913, #4272, #1386, #4756, #1873, #5247, #2353, #5751, #2835, #6217, #3317, #452, #3801, #930, #4286, #1408, #4771 ),
 .UNSPECIFIED., .F., .T. ) 
 B_SPLINE_CURVE_WITH_KNOTS ( ( 3, 2, 2, 2, 2, 2, 2, 2, 2, 2, 2, 2, 2, 2, 2, 2, 2, 2, 2, 2, 2, 2, 2, 2, 2, 2, 2, 2, 3 ),
 ( 0.0000000000000000000, 0.03571428571428571200, 0.07142857142857142500, 0.1071428571428571400, 0.1428571428571428500, 0.1785714285714285800, 0.2142857142857142700, 0.2500000000000000000, 0.2857142857142857000, 0.3214285714285714500, 0.3571428571428571500, 0.3928571428571428500, 0.4285714285714285500, 0.4642857142857143000, 0.5000000000000000000, 0.5357142857142857000, 0.5714285714285714000, 0.6071428571428571000, 0.6428571428571429000, 0.6785714285714286000, 0.7142857142857143000, 0.7500000000000000000, 0.7857142857142857000, 0.8214285714285714000, 0.8571428571428571000, 0.8928571428571429000, 0.9285714285714286000, 0.9642857142857143000, 1.000000000000000000 ),
 .UNSPECIFIED. ) 
 CURVE ( )  GEOMETRIC_REPRESENTATION_ITEM ( )  RATIONAL_B_SPLINE_CURVE ( ( 1.000000000000000000, 0.9749279121818236200, 1.000000000000000000, 0.9749279121818236200, 1.000000000000000000, 0.9749279121818236200, 1.000000000000000000, 0.9749279121818236200, 1.000000000000000000, 0.9749279121818236200, 1.000000000000000000, 0.9749279121818236200, 1.000000000000000000, 0.9749279121818236200, 1.000000000000000000, 0.9749279121818236200, 1.000000000000000000, 0.9749279121818236200, 1.000000000000000000, 0.9749279121818236200, 1.000000000000000000, 0.9749279121818236200, 1.000000000000000000, 0.9749279121818236200, 1.000000000000000000, 0.9749279121818236200, 1.000000000000000000, 0.9749279121818236200, 1.000000000000000000, 0.9749279121818236200, 1.000000000000000000, 0.9749279121818236200, 1.000000000000000000, 0.9749279121818236200, 1.000000000000000000, 0.9749279121818236200, 1.000000000000000000, 0.9749279121818236200, 1.000000000000000000, 0.9749279121818236200, 1.000000000000000000, 0.9749279121818236200, 1.000000000000000000, 0.9749279121818236200, 1.000000000000000000, 0.9749279121818236200, 1.000000000000000000, 0.9749279121818236200, 1.000000000000000000, 0.9749279121818236200, 1.000000000000000000, 0.9749279121818236200, 1.000000000000000000, 0.9749279121818236200, 1.000000000000000000, 0.9749279121818236200, 1.000000000000000000 ) ) 
 REPRESENTATION_ITEM ( '' )  );
#2346 = CARTESIAN_POINT ( 'NONE',  ( -62.56720637705520700, -1.437407227853647200, 17.74558054434125500 ) ) ;
#2347 = CARTESIAN_POINT ( 'NONE',  ( -112.5267042551718900, 21.35344409265355000, 11.67415197291321000 ) ) ;
#2348 = VERTEX_POINT ( 'NONE', #1794 ) ;
#2349 = CARTESIAN_POINT ( 'NONE',  ( -13.42349669401401600, 22.18299113086771600, 22.38139162311692900 ) ) ;
#2350 = ORIENTED_EDGE ( 'NONE', *, *, #5232, .T. ) ;
#2351 = CARTESIAN_POINT ( 'NONE',  ( -112.5267042551718900, 20.03466277428792000, 16.06956058126008500 ) ) ;
#2352 = DIRECTION ( 'NONE',  ( 0.0000000000000000000, -0.8371691043312135000, -0.5469441386040019300 ) ) ;
#2353 = CARTESIAN_POINT ( 'NONE',  ( -56.32469720412586200, -0.2001110937405147000, 13.94200911576983000 ) ) ;
#2354 = EDGE_CURVE ( 'NONE', #2470, #3029, #761, .T. ) ;
#2355 = EDGE_CURVE ( 'NONE', #162, #4060, #1304, .T. ) ;
#2356 = EDGE_LOOP ( 'NONE', ( #4336, #564 ) ) ;
#2357 = PLANE ( 'NONE',  #6013 ) ;
#2358 = CARTESIAN_POINT ( 'NONE',  ( -108.7267042551719000, 22.10689628655164500, 12.16640169765680000 ) ) ;
#2359 = CC_DESIGN_SECURITY_CLASSIFICATION ( #757, ( #4747 ) ) ;
#2360 = ORIENTED_EDGE ( 'NONE', *, *, #3869, .T. ) ;
#2361 = EDGE_CURVE ( 'NONE', #3049, #109, #4415, .T. ) ;
#2362 = CARTESIAN_POINT ( 'NONE',  ( -69.98303116834156900, 19.85344409265350800, 14.79736625862733300 ) ) ;
#2363 = CARTESIAN_POINT ( 'NONE',  ( -110.7267040095683400, 21.76445138937948100, 10.86762200825132200 ) ) ;
#2364 = ORIENTED_EDGE ( 'NONE', *, *, #2797, .T. ) ;
#2365 = CARTESIAN_POINT ( 'NONE',  ( -7.011350155182123300, 22.50323439724362700, 27.14506919568768200 ) ) ;
#2366 = CARTESIAN_POINT ( 'NONE',  ( -109.4384795166760800, 21.63597946752672000, 9.397744383513085600 ) ) ;
#2367 = VERTEX_POINT ( 'NONE', #3269 ) ;
#2368 = ORIENTED_EDGE ( 'NONE', *, *, #5267, .F. ) ;
#2369 = CARTESIAN_POINT ( 'NONE',  ( -15.35881040382238500, 20.20365378806305000, 21.60323475013804600 ) ) ;
#2370 = CARTESIAN_POINT ( 'NONE',  ( -12.06632778705633200, 21.62783368439105700, 18.30715054603469800 ) ) ;
#2371 = ORIENTED_EDGE ( 'NONE', *, *, #3900, .T. ) ;
#2372 = ORIENTED_EDGE ( 'NONE', *, *, #2133, .F. ) ;
#2373 = CARTESIAN_POINT ( 'NONE',  ( -11.15997146669545800, 24.05335389940224600, 23.06629608046101200 ) ) ;
#2374 = ORIENTED_EDGE ( 'NONE', *, *, #3776, .F. ) ;
#2375 = COORDINATED_UNIVERSAL_TIME_OFFSET ( 5, 0, .BEHIND. ) ;
#2376 = CIRCLE ( 'NONE', #273, 2.861111111111113400 ) ;
#2377 = ORIENTED_EDGE ( 'NONE', *, *, #5636, .T. ) ;
#2378 = EDGE_LOOP ( 'NONE', ( #4190, #2738, #5902 ) ) ;
#2379 = CARTESIAN_POINT ( 'NONE',  ( -67.42670425517189900, -2.546555907346458100, 11.84915197291267900 ) ) ;
#2380 = CARTESIAN_POINT ( 'NONE',  ( -111.3267043623543900, 21.84533186668779300, 10.92046343130225900 ) ) ;
#2381 = LINE ( 'NONE', #1928, #3501 ) ;
#2382 = ORIENTED_EDGE ( 'NONE', *, *, #506, .T. ) ;
#2383 = VECTOR ( 'NONE', #3917, 1000.000000000000000 ) ;
#2384 = ORIENTED_EDGE ( 'NONE', *, *, #5222, .F. ) ;
#2385 = AXIS2_PLACEMENT_3D ( 'NONE', #386, #3746, #870 ) ;
#2386 = EDGE_CURVE ( 'NONE', #5071, #3892, #3160, .T. ) ;
#2387 = CARTESIAN_POINT ( 'NONE',  ( -112.8183067448727900, 20.47484042697822200, 11.47461610561178500 ) ) ;
#2388 = CARTESIAN_POINT ( 'NONE',  ( -14.71794862151373100, 19.68454746663344300, 23.27197954916990600 ) ) ;
#2389 = VERTEX_POINT ( 'NONE', #2071 ) ;
#2390 = FACE_OUTER_BOUND ( 'NONE', #1172, .T. ) ;
#2391 = CARTESIAN_POINT ( 'NONE',  ( -111.3266610337975600, 20.78031266179458900, 12.37472312388398000 ) ) ;
#2392 = CARTESIAN_POINT ( 'NONE',  ( -109.1479629033967000, 20.88144527185459500, 13.87724610056300300 ) ) ;
#2393 = EDGE_CURVE ( 'NONE', #5168, #2820, #169, .T. ) ;
#2394 = CARTESIAN_POINT ( 'NONE',  ( -10.35033425463822400, 22.50323439724362700, 27.14506919568769000 ) ) ;
#2395 = CARTESIAN_POINT ( 'NONE',  ( -112.5267042551719100, 23.68425764068646800, 10.26101207423752500 ) ) ;
#2396 = CIRCLE ( 'NONE', #1423, 2.722222222222223200 ) ;
#2397 = CARTESIAN_POINT ( 'NONE',  ( -64.87037734200221500, 19.85344409265359300, 8.900937687198744900 ) ) ;
#2398 = CONICAL_SURFACE ( 'NONE', #3001, 4.799999999999998000, 0.7853981633974501700 ) ;
#2399 = CARTESIAN_POINT ( 'NONE',  ( -110.5267042551718900, 25.74885260025180100, 12.99293344548770800 ) ) ;
#2400 = DIRECTION ( 'NONE',  ( 2.947032800510583500E-015, -0.5510862118714845400, 0.8344483130099414900 ) ) ;
#2401 = DIRECTION ( 'NONE',  ( -3.154042683594192500E-015, -0.8371691043312137200, -0.5469441386040016000 ) ) ;
#2402 = CIRCLE ( 'NONE', #378, 4.799999999999999800 ) ;
#2403 = VECTOR ( 'NONE', #4583, 1000.000000000000000 ) ;
#2404 = CARTESIAN_POINT ( 'NONE',  ( -112.7096107190162500, 22.01218699027317500, 9.006123270362604000 ) ) ;
#2405 = ORIENTED_EDGE ( 'NONE', *, *, #5555, .T. ) ;
#2406 = CARTESIAN_POINT ( 'NONE',  ( -15.35881040382238500, 20.20365378806305000, 21.60323475013804600 ) ) ;
#2407 = ORIENTED_EDGE ( 'NONE', *, *, #354, .T. ) ;
#2408 = ORIENTED_EDGE ( 'NONE', *, *, #6179, .F. ) ;
#2409 = DIRECTION ( 'NONE',  ( 1.908979236615881600E-015, 0.8371691043312136100, 0.5469441386040017100 ) ) ;
#2410 =( BOUNDED_CURVE ( )  B_SPLINE_CURVE ( 3, ( #4668, #4184, #2753, #6145 ),
 .UNSPECIFIED., .F., .T. ) 
 B_SPLINE_CURVE_WITH_KNOTS ( ( 4, 4 ),
 ( 5.248424136014631500, 6.283185307179588000 ),
 .UNSPECIFIED. ) 
 CURVE ( )  GEOMETRIC_REPRESENTATION_ITEM ( )  RATIONAL_B_SPLINE_CURVE ( ( 1.000000000000000000, 0.9127451573267446600, 0.9127451573267446600, 1.000000000000000000 ) ) 
 REPRESENTATION_ITEM ( '' )  );
#2411 = AXIS2_PLACEMENT_3D ( 'NONE', #5817, #4835, #24 ) ;
#2412 = CARTESIAN_POINT ( 'NONE',  ( -17.32670425517184000, 18.85009915362351400, 22.72089333729841700 ) ) ;
#2413 = ORIENTED_EDGE ( 'NONE', *, *, #4208, .T. ) ;
#2414 = CARTESIAN_POINT ( 'NONE',  ( -76.50794510977040400, -2.734071755775266100, 18.87950911576986000 ) ) ;
#2415 = CARTESIAN_POINT ( 'NONE',  ( 18.17329574482815600, 26.70349488117814800, 25.73413985725459000 ) ) ;
#2416 = ORIENTED_EDGE ( 'NONE', *, *, #3383, .T. ) ;
#2417 = VECTOR ( 'NONE', #655, 1000.000000000000200 ) ;
#2418 = CARTESIAN_POINT ( 'NONE',  ( -10.92606838373321100, 19.94635282207249800, 22.87555693420157300 ) ) ;
#2419 = PLANE ( 'NONE',  #588 ) ;
#2420 = CARTESIAN_POINT ( 'NONE',  ( -14.47552752048313700, 18.63163816821186500, 25.63580664423753000 ) ) ;
#2421 = EDGE_CURVE ( 'NONE', #1820, #931, #4290, .T. ) ;
#2422 = VERTEX_POINT ( 'NONE', #4497 ) ;
#2423 =( BOUNDED_CURVE ( )  B_SPLINE_CURVE ( 3, ( #1010, #5832, #1485, #4854 ),
 .UNSPECIFIED., .F., .T. ) 
 B_SPLINE_CURVE_WITH_KNOTS ( ( 4, 4 ),
 ( 5.249353225130697400, 6.283185307179587100 ),
 .UNSPECIFIED. ) 
 CURVE ( )  GEOMETRIC_REPRESENTATION_ITEM ( )  RATIONAL_B_SPLINE_CURVE ( ( 1.000000000000000000, 0.9128982722561299600, 0.9128982722561299600, 1.000000000000000000 ) ) 
 REPRESENTATION_ITEM ( '' )  );
#2424 = EDGE_CURVE ( 'NONE', #5356, #1237, #461, .T. ) ;
#2425 = CYLINDRICAL_SURFACE ( 'NONE', #3215, 4.799999999999998000 ) ;
#2426 = CARTESIAN_POINT ( 'NONE',  ( -108.7267042551719000, 20.59999189875545900, 11.18190224816959800 ) ) ;
#2427 = VERTEX_POINT ( 'NONE', #4977 ) ;
#2428 = CARTESIAN_POINT ( 'NONE',  ( -113.5267042551718900, 17.85802310302676000, 14.64750582088968800 ) ) ;
#2429 = CARTESIAN_POINT ( 'NONE',  ( -174.0267042551717800, 21.35344409265351500, 11.67415197291334600 ) ) ;
#2430 = CARTESIAN_POINT ( 'NONE',  ( -12.51810317122958700, 24.32949728037527100, 21.99707780788067500 ) ) ;
#2431 = ORIENTED_EDGE ( 'NONE', *, *, #6165, .T. ) ;
#2432 = AXIS2_PLACEMENT_3D ( 'NONE', #5532, #1665, #2147 ) ;
#2433 = CARTESIAN_POINT ( 'NONE',  ( -56.32469720412583300, 17.50699927904749100, 15.93129483005581900 ) ) ;
#2434 = ORIENTED_EDGE ( 'NONE', *, *, #5337, .T. ) ;
#2435 = VERTEX_POINT ( 'NONE', #4033 ) ;
#2436 = FACE_BOUND ( 'NONE', #5536, .T. ) ;
#2437 = ORIENTED_EDGE ( 'NONE', *, *, #5513, .F. ) ;
#2438 = DIRECTION ( 'NONE',  ( 1.000000000000000000, -1.897593674567977300E-016, -3.199812253936116000E-015 ) ) ;
#2439 = CARTESIAN_POINT ( 'NONE',  ( -118.5267042551718800, 25.03698815171089400, 14.08070618277083800 ) ) ;
#2440 = B_SPLINE_CURVE_WITH_KNOTS ( 'NONE', 3,
 ( #30, #3872, #2926, #47, #3413, #542, #3887, #1027 ),
 .UNSPECIFIED., .F., .F.,
 ( 4, 2, 2, 4 ),
 ( 2.245514076429071400E-007, 0.0004179117099973723400, 0.0006267552892922407700, 0.0008355988685871091400 ),
 .UNSPECIFIED. ) ;
#2441 = VERTEX_POINT ( 'NONE', #3557 ) ;
#2442 = EDGE_LOOP ( 'NONE', ( #6256, #2649, #2218, #3354, #3122, #2268 ) ) ;
#2443 = ORIENTED_EDGE ( 'NONE', *, *, #3552, .T. ) ;
#2444 = CARTESIAN_POINT ( 'NONE',  ( -13.65133508780253100, 18.85009915362350300, 22.72089333729841700 ) ) ;
#2445 = DIRECTION ( 'NONE',  ( -2.947032800510570100E-015, 0.5510862118714903200, -0.8344483130099377100 ) ) ;
#2446 = CARTESIAN_POINT ( 'NONE',  ( -111.1479831087574000, 23.79987462376069400, 12.32200611532791600 ) ) ;
#2447 = CARTESIAN_POINT ( 'NONE',  ( -80.54947750266542500, 2.333849568294204900, 12.98308054434138400 ) ) ;
#2448 = VECTOR ( 'NONE', #771, 1000.000000000000000 ) ;
#2449 = DIRECTION ( 'NONE',  ( -3.885780586188019300E-016, -1.000000000000000000, -1.560557238988735300E-014 ) ) ;
#2450 = EDGE_CURVE ( 'NONE', #802, #1498, #1881, .T. ) ;
#2451 = EDGE_CURVE ( 'NONE', #1457, #4506, #2990, .T. ) ;
#2452 = DIRECTION ( 'NONE',  ( 0.0000000000000000000, 0.8371691043312138300, 0.5469441386040014800 ) ) ;
#2453 =( BOUNDED_CURVE ( )  B_SPLINE_CURVE ( 3, ( #1775, #3227, #3324, #457 ),
 .UNSPECIFIED., .F., .F. ) 
 B_SPLINE_CURVE_WITH_KNOTS ( ( 4, 4 ),
 ( 5.708340716563027300, 6.858029897796148700 ),
 .UNSPECIFIED. ) 
 CURVE ( )  GEOMETRIC_REPRESENTATION_ITEM ( )  RATIONAL_B_SPLINE_CURVE ( ( 1.000000000000000000, 0.8928512062104723100, 0.8928512062104723100, 1.000000000000000000 ) ) 
 REPRESENTATION_ITEM ( '' )  );
#2454 = VECTOR ( 'NONE', #2014, 1000.000000000000100 ) ;
#2455 = CARTESIAN_POINT ( 'NONE',  ( -118.5267042551718800, 24.61840359954528500, 13.80723411346883500 ) ) ;
#2456 = AXIS2_PLACEMENT_3D ( 'NONE', #5173, #3711, #862 ) ;
#2457 = EDGE_CURVE ( 'NONE', #1520, #5265, #5310, .T. ) ;
#2458 = VECTOR ( 'NONE', #6036, 1000.000000000000000 ) ;
#2459 = CARTESIAN_POINT ( 'NONE',  ( -53.58272790218999400, 11.81324135483322900, 10.03486625862714700 ) ) ;
#2460 = CARTESIAN_POINT ( 'NONE',  ( -111.3267043623543900, 21.84533186668779300, 10.92046343130225900 ) ) ;
#2461 = CARTESIAN_POINT ( 'NONE',  ( -109.0267042551718900, 20.90921965466626600, 10.89142299766386100 ) ) ;
#2462 = VERTEX_POINT ( 'NONE', #2625 ) ;
#2463 = CARTESIAN_POINT ( 'NONE',  ( -110.8179733354819800, 20.62931801409395400, 12.21022606595076500 ) ) ;
#2464 = CARTESIAN_POINT ( 'NONE',  ( -112.9786980922164300, 21.79755875361914300, 12.45694325036323500 ) ) ;
#2465 = CARTESIAN_POINT ( 'NONE',  ( -14.71794862151372000, 22.77407282616017500, 25.85224874319049700 ) ) ;
#2466 = ORIENTED_EDGE ( 'NONE', *, *, #3861, .T. ) ;
#2467 = CARTESIAN_POINT ( 'NONE',  ( -113.5267042551718900, 21.04775827112565200, 14.51888622564057100 ) ) ;
#2468 = DIRECTION ( 'NONE',  ( -1.000000000000000000, -5.726637133838782600E-029, 3.490263633665282600E-015 ) ) ;
#2469 = CARTESIAN_POINT ( 'NONE',  ( -13.92297186366430300, 22.18299113086771300, 22.38139162311693700 ) ) ;
#2470 = VERTEX_POINT ( 'NONE', #3121 ) ;
#2471 = ADVANCED_FACE ( 'NONE', ( #1730 ), #2702, .F. ) ;
#2472 = CARTESIAN_POINT ( 'NONE',  ( -81.27068060815375400, 11.81324135483304400, 23.01343768719867800 ) ) ;
#2473 = CYLINDRICAL_SURFACE ( 'NONE', #712, 0.5000000000000015500 ) ;
#2474 = AXIS2_PLACEMENT_3D ( 'NONE', #4041, #6012, #3103 ) ;
#2475 = EDGE_CURVE ( 'NONE', #3491, #1261, #1551, .T. ) ;
#2476 = CARTESIAN_POINT ( 'NONE',  ( -111.1238968889644200, 22.12824588615190500, 11.21542896595284200 ) ) ;
#2477 = ORIENTED_EDGE ( 'NONE', *, *, #3456, .T. ) ;
#2478 = CARTESIAN_POINT ( 'NONE',  ( -113.4333617212113800, 19.05643637493324500, 13.35880759540823900 ) ) ;
#2479 = B_SPLINE_CURVE_WITH_KNOTS ( 'NONE', 3,
 ( #591, #1531, #3944, #464, #450, #3761, #5282, #2391, #5783, #2866, #6251, #3359, #487, #3834 ),
 .UNSPECIFIED., .F., .F.,
 ( 4, 2, 2, 2, 2, 2, 4 ),
 ( 0.0005758287554737929200, 0.0007196389244270332800, 0.0008634490933802736400, 0.001151069431286726200, 0.001438689769193178500, 0.001582499938146391500, 0.001726310107099604800 ),
 .UNSPECIFIED. ) ;
#2480 = CARTESIAN_POINT ( 'NONE',  ( -12.01982630436628700, 21.37108546620148200, 22.37422977894148300 ) ) ;
#2481 = ORIENTED_EDGE ( 'NONE', *, *, #3608, .T. ) ;
#2482 = CARTESIAN_POINT ( 'NONE',  ( 19.72329574482815300, 21.35344409265333400, 24.37415197291276000 ) ) ;
#2483 = DIRECTION ( 'NONE',  ( -5.250964054860445700E-016, 0.9896828074640008400, -0.1432757502516512300 ) ) ;
#2484 = ORIENTED_EDGE ( 'NONE', *, *, #6205, .F. ) ;
#2485 = CARTESIAN_POINT ( 'NONE',  ( -12.25347981393624200, 19.84637738467760200, 25.91946489851736500 ) ) ;
#2486 = ORIENTED_EDGE ( 'NONE', *, *, #3319, .T. ) ;
#2487 = AXIS2_PLACEMENT_3D ( 'NONE', #4325, #1447, #4811 ) ;
#2488 = EDGE_CURVE ( 'NONE', #4994, #2656, #5275, .T. ) ;
#2489 = DIRECTION ( 'NONE',  ( -1.000000000000000000, -5.726637133838782600E-029, 3.490263633665282600E-015 ) ) ;
#2490 = ADVANCED_FACE ( 'NONE', ( #3826 ), #4942, .T. ) ;
#2491 = CARTESIAN_POINT ( 'NONE',  ( -8.682129796016283800, 21.63867384829377000, 18.31430960522154900 ) ) ;
#2492 = EDGE_LOOP ( 'NONE', ( #507, #4024 ) ) ;
#2493 = ORIENTED_EDGE ( 'NONE', *, *, #5951, .T. ) ;
#2494 = CARTESIAN_POINT ( 'NONE',  ( -10.35033425463823600, 23.18585822933472000, 23.57274169615682900 ) ) ;
#2495 = ORIENTED_EDGE ( 'NONE', *, *, #5140, .T. ) ;
#2496 = DIRECTION ( 'NONE',  ( 3.478282900197968600E-015, 0.1432757502516517100, 0.9896828074640007200 ) ) ;
#2497 = CARTESIAN_POINT ( 'NONE',  ( -5.840134972317387400, 22.37123106059849000, 20.70379996662048000 ) ) ;
#2498 = CARTESIAN_POINT ( 'NONE',  ( -54.30393100767836500, 2.333849568294083600, 20.06522340148415400 ) ) ;
#2499 = EDGE_LOOP ( 'NONE', ( #3091, #4479, #762, #6141 ) ) ;
#2500 = CARTESIAN_POINT ( 'NONE',  ( -111.2870172788814200, 22.88638051243621200, 13.71215995030818900 ) ) ;
#2501 = VECTOR ( 'NONE', #3246, 999.9999999999998900 ) ;
#2502 = ORIENTED_EDGE ( 'NONE', *, *, #3426, .T. ) ;
#2503 = CARTESIAN_POINT ( 'NONE',  ( -56.32469720412584700, -0.2001110937405649900, 17.29200911576982900 ) ) ;
#2504 =( BOUNDED_CURVE ( )  B_SPLINE_CURVE ( 3, ( #4765, #1403, #5261, #2365 ),
 .UNSPECIFIED., .F., .F. ) 
 B_SPLINE_CURVE_WITH_KNOTS ( ( 4, 4 ),
 ( 2.164600308247009800, 4.118584998932573300 ),
 .UNSPECIFIED. ) 
 CURVE ( )  GEOMETRIC_REPRESENTATION_ITEM ( )  RATIONAL_B_SPLINE_CURVE ( ( 1.000000000000000000, 0.7063452485847585600, 0.7063452485847585600, 1.000000000000000000 ) ) 
 REPRESENTATION_ITEM ( '' )  );
#2505 = EDGE_LOOP ( 'NONE', ( #3508, #4753, #3843, #2215 ) ) ;
#2506 = CARTESIAN_POINT ( 'NONE',  ( -118.5267042551718800, 24.61840359954528900, 13.80723411346883900 ) ) ;
#2507 = CARTESIAN_POINT ( 'NONE',  ( -5.326704255171843100, 18.85009915362349300, 22.72089333729840300 ) ) ;
#2508 = VERTEX_POINT ( 'NONE', #2168 ) ;
#2509 = ADVANCED_FACE ( 'NONE', ( #6250 ), #2398, .T. ) ;
#2510 = DIRECTION ( 'NONE',  ( -1.000000000000000000, -5.726637133838782600E-029, 3.490263633665282600E-015 ) ) ;
#2511 = FACE_OUTER_BOUND ( 'NONE', #439, .T. ) ;
#2512 = ORIENTED_EDGE ( 'NONE', *, *, #3564, .F. ) ;
#2513 = CARTESIAN_POINT ( 'NONE',  ( -3.326704255171848900, 16.00339330412852600, 23.01416408857101500 ) ) ;
#2514 = ORIENTED_EDGE ( 'NONE', *, *, #4068, .F. ) ;
#2515 = CARTESIAN_POINT ( 'NONE',  ( -13.68931835409432200, 19.52102995597194400, 25.17556224966892100 ) ) ;
#2516 = FACE_OUTER_BOUND ( 'NONE', #624, .T. ) ;
#2517 = CARTESIAN_POINT ( 'NONE',  ( -64.87037734200220000, -2.546555907346498900, 14.62236625862697000 ) ) ;
#2518 = CARTESIAN_POINT ( 'NONE',  ( -78.52871130621788600, 17.50699927904748400, 17.11700911577018000 ) ) ;
#2519 = CARTESIAN_POINT ( 'NONE',  ( -10.42606838373320600, 18.85009915362350300, 22.72089333729840600 ) ) ;
#2520 = VECTOR ( 'NONE', #5615, 1000.000000000000000 ) ;
#2521 = CARTESIAN_POINT ( 'NONE',  ( -76.50794510977040400, 20.04095994108221700, 14.34379483005593400 ) ) ;
#2522 = ADVANCED_FACE ( 'NONE', ( #5119, #1283 ), #5074, .F. ) ;
#2523 = EDGE_CURVE ( 'NONE', #2201, #5088, #4197, .T. ) ;
#2524 = CARTESIAN_POINT ( 'NONE',  ( -111.4707704079446800, 18.80756840105543800, 11.27895710400458800 ) ) ;
#2525 = CARTESIAN_POINT ( 'NONE',  ( -67.42670425517188400, -2.546555907346506100, 14.84915197291268600 ) ) ;
#2526 = EDGE_CURVE ( 'NONE', #3248, #2304, #3064, .T. ) ;
#2527 = VECTOR ( 'NONE', #6154, 1000.000000000000100 ) ;
#2528 = CARTESIAN_POINT ( 'NONE',  ( -12.01982630436628700, 20.20365378806305400, 21.60323475013803900 ) ) ;
#2529 = CARTESIAN_POINT ( 'NONE',  ( -10.92606838373320100, 23.02234071867321300, 25.47632439665583300 ) ) ;
#2530 = FACE_OUTER_BOUND ( 'NONE', #4782, .T. ) ;
#2531 = CARTESIAN_POINT ( 'NONE',  ( -106.7268112747478900, 20.94307383827953800, 12.48100225764795300 ) ) ;
#2532 = VECTOR ( 'NONE', #2640, 1000.000000000000000 ) ;
#2533 = DIRECTION ( 'NONE',  ( -2.830816654711056700E-015, 0.5985001697990031100, -0.8011226789640676400 ) ) ;
#2534 = AXIS2_PLACEMENT_3D ( 'NONE', #1160, #221, #3586 ) ;
#2535 = CARTESIAN_POINT ( 'NONE',  ( -108.5267042551718800, 17.85802310302676000, 14.64750582088966600 ) ) ;
#2536 = CARTESIAN_POINT ( 'NONE',  ( -10.35033425463822400, 18.35359827783351200, 24.40456722086547400 ) ) ;
#2537 = DIRECTION ( 'NONE',  ( 0.0000000000000000000, -0.8371691043312136100, -0.5469441386040020400 ) ) ;
#2538 = ORIENTED_EDGE ( 'NONE', *, *, #444, .T. ) ;
#2539 = DIRECTION ( 'NONE',  ( -3.154042683594192500E-015, -0.8371691043312137200, -0.5469441386040016000 ) ) ;
#2540 = VERTEX_POINT ( 'NONE', #3672 ) ;
#2541 = ADVANCED_FACE ( 'NONE', ( #3957 ), #795, .F. ) ;
#2542 = CARTESIAN_POINT ( 'NONE',  ( -67.42670425517188400, 19.85344409265355000, 11.67415197291302900 ) ) ;
#2543 = CARTESIAN_POINT ( 'NONE',  ( -58.34546340057337900, -2.734071755775201200, 14.16879483005551100 ) ) ;
#2544 = DIRECTION ( 'NONE',  ( -2.921940880075401800E-015, 0.5469441386040017100, -0.8371691043312136100 ) ) ;
#2545 = CARTESIAN_POINT ( 'NONE',  ( -76.18321685881376500, 1.670358311835523600, 25.10629483005564900 ) ) ;
#2546 = CARTESIAN_POINT ( 'NONE',  ( -12.01982630436628700, 20.20365378806305400, 21.60323475013803900 ) ) ;
#2547 = ORIENTED_EDGE ( 'NONE', *, *, #3799, .T. ) ;
#2548 = CARTESIAN_POINT ( 'NONE',  ( -61.26555515970256500, -4.140313831560805900, 11.39558054434121300 ) ) ;
#2549 = DIRECTION ( 'NONE',  ( 3.478282900197969400E-015, 0.1432757502516512100, 0.9896828074640008400 ) ) ;
#2550 = AXIS2_PLACEMENT_3D ( 'NONE', #3733, #861, #379 ) ;
#2551 = CARTESIAN_POINT ( 'NONE',  ( -15.35881040382237100, 21.33580271910519600, 26.37407416688426700 ) ) ;
#2552 = CARTESIAN_POINT ( 'NONE',  ( -64.87037734200220000, 19.85344409265355000, 11.90093768719874800 ) ) ;
#2553 = ORIENTED_EDGE ( 'NONE', *, *, #2807, .F. ) ;
#2554 = LINE ( 'NONE', #163, #2417 ) ;
#2555 = ADVANCED_FACE ( 'NONE', ( #1428 ), #5126, .T. ) ;
#2556 = ORIENTED_EDGE ( 'NONE', *, *, #2354, .T. ) ;
#2557 = DIRECTION ( 'NONE',  ( 1.920722739381899900E-015, 0.8344483130099414900, 0.5510862118714846500 ) ) ;
#2558 = CIRCLE ( 'NONE', #613, 3.900000000000004800 ) ;
#2559 = CARTESIAN_POINT ( 'NONE',  ( -81.99188371364216700, 8.653444092653479900, 16.43665197291290900 ) ) ;
#2560 = CARTESIAN_POINT ( 'NONE',  ( -108.5267042551718900, 21.35344409265355000, 11.67415197291319600 ) ) ;
#2561 = ORIENTED_EDGE ( 'NONE', *, *, #1308, .F. ) ;
#2562 = CARTESIAN_POINT ( 'NONE',  ( -72.28620213328851200, -1.437407227853652300, 18.65272340148414900 ) ) ;
#2563 = CARTESIAN_POINT ( 'NONE',  ( -70.66776159151197600, 22.85344409265331200, 27.14736625862738600 ) ) ;
#2564 = EDGE_CURVE ( 'NONE', #2943, #6201, #1941, .T. ) ;
#2565 = ORIENTED_EDGE ( 'NONE', *, *, #3776, .T. ) ;
#2566 = CARTESIAN_POINT ( 'NONE',  ( -12.62356623796838000, 19.93281535914648100, 22.89605520263526000 ) ) ;
#2567 = CARTESIAN_POINT ( 'NONE',  ( -57.07634789095159500, 13.63791301327482100, 22.15808054434148000 ) ) ;
#2568 = EDGE_CURVE ( 'NONE', #486, #6226, #849, .T. ) ;
#2569 = CARTESIAN_POINT ( 'NONE',  ( -67.42670425517182800, 22.85344409265335100, 24.37415197291308600 ) ) ;
#2570 = VERTEX_POINT ( 'NONE', #331 ) ;
#2571 = CARTESIAN_POINT ( 'NONE',  ( -9.307120157739174000, 20.29437769607622900, 22.61803981795025800 ) ) ;
#2572 = DIRECTION ( 'NONE',  ( -1.000000000000000000, -5.726637133838782600E-029, 3.490263633665282600E-015 ) ) ;
#2573 = CARTESIAN_POINT ( 'NONE',  ( -113.0267042551719100, 20.45819796371090500, 11.58177032639615000 ) ) ;
#2574 = ORIENTED_EDGE ( 'NONE', *, *, #2175, .T. ) ;
#2575 = ADVANCED_FACE ( 'NONE', ( #977 ), #2081, .T. ) ;
#2576 = CARTESIAN_POINT ( 'NONE',  ( -8.732872839283718500, 19.43783604640790600, 21.83094899081923800 ) ) ;
#2577 = AXIS2_PLACEMENT_3D ( 'NONE', #1595, #4966, #5965 ) ;
#2578 = EDGE_CURVE ( 'NONE', #3870, #3860, #2254, .T. ) ;
#2579 = EDGE_CURVE ( 'NONE', #4593, #2962, #3374, .T. ) ;
#2580 = EDGE_LOOP ( 'NONE', ( #545, #1667, #5217, #3741 ) ) ;
#2581 = LINE ( 'NONE', #3244, #3738 ) ;
#2582 = VERTEX_POINT ( 'NONE', #2768 ) ;
#2583 = ORIENTED_EDGE ( 'NONE', *, *, #4289, .F. ) ;
#2584 = PLANE ( 'NONE',  #1516 ) ;
#2585 = CARTESIAN_POINT ( 'NONE',  ( -109.1479629033967300, 23.18136651524139000, 10.35691765847963600 ) ) ;
#2586 = ORIENTED_EDGE ( 'NONE', *, *, #268, .T. ) ;
#2587 = CARTESIAN_POINT ( 'NONE',  ( -53.58272790218998700, 5.493646830473847100, 13.48843768719847700 ) ) ;
#2588 = CARTESIAN_POINT ( 'NONE',  ( -116.0267042551719100, 17.66990003359620700, 9.267597763055613700 ) ) ;
#2589 = VECTOR ( 'NONE', #3524, 999.9999999999998900 ) ;
#2590 = CYLINDRICAL_SURFACE ( 'NONE', #2099, 4.400000000000003000 ) ;
#2591 = ORIENTED_EDGE ( 'NONE', *, *, #4324, .T. ) ;
#2592 = CARTESIAN_POINT ( 'NONE',  ( -60.26403541210825000, 17.63514673366767500, 15.70450911577012400 ) ) ;
#2593 = B_SPLINE_CURVE_WITH_KNOTS ( 'NONE', 3,
 ( #3307, #2825, #440, #3790, #36, #3402, #526, #3876 ),
 .UNSPECIFIED., .F., .F.,
 ( 4, 2, 2, 4 ),
 ( 0.001150765746391747000, 0.001438537148995444000, 0.001582422850297285500, 0.001726308551599127200 ),
 .UNSPECIFIED. ) ;
#2594 = CARTESIAN_POINT ( 'NONE',  ( -67.42670425517185600, -5.546555907346647300, 24.19915197291264500 ) ) ;
#2595 = DIRECTION ( 'NONE',  ( -3.478282900197969800E-015, -0.1432757502516505700, -0.9896828074640008400 ) ) ;
#2596 = VERTEX_POINT ( 'NONE', #1317 ) ;
#2597 = CARTESIAN_POINT ( 'NONE',  ( -78.34589687160828900, 6.161209632342711900, 19.20986625862714100 ) ) ;
#2598 = CARTESIAN_POINT ( 'NONE',  ( -70.66776159151203300, -5.546555907346604600, 21.42593768719836700 ) ) ;
#2599 = ADVANCED_FACE ( 'NONE', ( #835 ), #768, .T. ) ;
#2600 = CARTESIAN_POINT ( 'NONE',  ( -107.1451213816448800, 23.30417061454011200, 11.98248871677201200 ) ) ;
#2601 = CARTESIAN_POINT ( 'NONE',  ( -175.0267042551717800, 21.35344409265351500, 11.67415197291335000 ) ) ;
#2602 = CARTESIAN_POINT ( 'NONE',  ( -113.3267042551765400, 20.59999189875540900, 11.18190224816968800 ) ) ;
#2603 = LINE ( 'NONE', #281, #2448 ) ;
#2604 = CARTESIAN_POINT ( 'NONE',  ( -118.5267042551718900, 21.35344409265355000, 11.67415197291322900 ) ) ;
#2605 = CARTESIAN_POINT ( 'NONE',  ( -11.15997146669545800, 24.05335389940224600, 23.06629608046101200 ) ) ;
#2606 = CIRCLE ( 'NONE', #1179, 4.799999999999998000 ) ;
#2607 = LINE ( 'NONE', #4855, #1356 ) ;
#2608 = DIRECTION ( 'NONE',  ( 1.897353801849632800E-015, 0.8344483130099411600, 0.5510862118714848800 ) ) ;
#2609 = CARTESIAN_POINT ( 'NONE',  ( -9.232872839283707800, 23.27219103600561200, 25.09800396092036900 ) ) ;
#2610 = CARTESIAN_POINT ( 'NONE',  ( -78.52871130621784300, 17.50699927904734200, 26.46700911577018200 ) ) ;
#2611 = EDGE_CURVE ( 'NONE', #848, #4837, #5982, .T. ) ;
#2612 = VECTOR ( 'NONE', #4346, 1000.000000000000000 ) ;
#2613 = CARTESIAN_POINT ( 'NONE',  ( -76.18321685881380700, 1.670358311835716100, 12.75629483005563700 ) ) ;
#2614 = CARTESIAN_POINT ( 'NONE',  ( -64.18564691883172200, 22.85344409265339700, 21.25093768719878900 ) ) ;
#2615 = CARTESIAN_POINT ( 'NONE',  ( -9.461827327536468600, 15.26460154110753300, 24.13283395734698500 ) ) ;
#2616 = CARTESIAN_POINT ( 'NONE',  ( -55.93867538651926500, 8.653444092653471000, 16.26165197291282300 ) ) ;
#2617 = LINE ( 'NONE', #2588, #2458 ) ;
#2618 = CARTESIAN_POINT ( 'NONE',  ( -14.47552752048315100, 24.07525001709480300, 23.11249730158824900 ) ) ;
#2619 = CARTESIAN_POINT ( 'NONE',  ( -109.5168889260407900, 19.28090932585340100, 12.68321241498162700 ) ) ;
#2620 = CIRCLE ( 'NONE', #933, 4.400000000000003000 ) ;
#2621 = CARTESIAN_POINT ( 'NONE',  ( -61.26555515970253700, 21.44720201686779500, 18.47772340148446400 ) ) ;
#2622 = CARTESIAN_POINT ( 'NONE',  ( -64.87037734200217200, -2.546555907346598000, 20.97236625862696600 ) ) ;
#2623 = EDGE_CURVE ( 'NONE', #5562, #3644, #4826, .T. ) ;
#2624 = DIRECTION ( 'NONE',  ( -2.921940880075401800E-015, 0.5469441386040017100, -0.8371691043312136100 ) ) ;
#2625 = CARTESIAN_POINT ( 'NONE',  ( -15.35881040382238500, 23.18585822933472300, 23.57274169615685000 ) ) ;
#2626 = EDGE_CURVE ( 'NONE', #2422, #620, #3732, .T. ) ;
#2627 = CARTESIAN_POINT ( 'NONE',  ( -111.5267042551719100, 20.19557472044114700, 9.364833972289737600 ) ) ;
#2628 = CARTESIAN_POINT ( 'NONE',  ( -10.35033425463823600, 23.18585822933472000, 23.57274169615682900 ) ) ;
#2629 = EDGE_LOOP ( 'NONE', ( #4058, #5652, #339, #5691 ) ) ;
#2630 =( BOUNDED_CURVE ( )  B_SPLINE_CURVE ( 3, ( #4420, #4902, #2020, #5409 ),
 .UNSPECIFIED., .F., .F. ) 
 B_SPLINE_CURVE_WITH_KNOTS ( ( 4, 4 ),
 ( 5.265466749514764900, 6.283185307179578200 ),
 .UNSPECIFIED. ) 
 CURVE ( )  GEOMETRIC_REPRESENTATION_ITEM ( )  RATIONAL_B_SPLINE_CURVE ( ( 1.000000000000000000, 0.9155338758779862900, 0.9155338758779862900, 1.000000000000000000 ) ) 
 REPRESENTATION_ITEM ( '' )  );
#2631 = ADVANCED_FACE ( 'NONE', ( #5811 ), #883, .F. ) ;
#2632 = AXIS2_PLACEMENT_3D ( 'NONE', #4633, #6093, #5630 ) ;
#2633 = CARTESIAN_POINT ( 'NONE',  ( -58.34546340057334400, -2.734071755775348200, 23.51879483005550500 ) ) ;
#2634 = CARTESIAN_POINT ( 'NONE',  ( -118.5267042551718900, 23.86495140564719000, 13.31498438872523600 ) ) ;
#2635 = ORIENTED_EDGE ( 'NONE', *, *, #2361, .T. ) ;
#2636 = CARTESIAN_POINT ( 'NONE',  ( -57.07634789095164500, 13.63791301327501400, 9.808080544341480700 ) ) ;
#2637 = CARTESIAN_POINT ( 'NONE',  ( -73.58785335064119700, -4.140313831560904500, 18.30272340148410500 ) ) ;
#2638 = DIRECTION ( 'NONE',  ( -0.5158497608962500100, 0.4721040219343318200, -0.7148544024182195100 ) ) ;
#2639 = CARTESIAN_POINT ( 'NONE',  ( -77.77706061939211700, 13.63791301327481900, 23.24022340148441400 ) ) ;
#2640 = DIRECTION ( 'NONE',  ( 1.000000000000000000, 2.132529265733050800E-017, -3.517630367272413100E-015 ) ) ;
#2641 = CARTESIAN_POINT ( 'NONE',  ( -9.447423972536304500, 24.07276116540608900, 23.10714184752500700 ) ) ;
#2642 = CARTESIAN_POINT ( 'NONE',  ( -67.42670425517185600, 19.85344409265345100, 18.02415197291303200 ) ) ;
#2643 = EDGE_LOOP ( 'NONE', ( #4714, #3835, #2680, #2654 ) ) ;
#2644 = CARTESIAN_POINT ( 'NONE',  ( -109.0267042551718400, 19.54163065525969100, 12.98469574147401500 ) ) ;
#2645 = DIRECTION ( 'NONE',  ( 2.191229653865441700E-015, 0.8344483130099416000, 0.5510862118714844300 ) ) ;
#2646 = FACE_BOUND ( 'NONE', #5460, .T. ) ;
#2647 = CARTESIAN_POINT ( 'NONE',  ( -11.75400464428595600, 19.84637738467760900, 25.91946489851736100 ) ) ;
#2648 = CARTESIAN_POINT ( 'NONE',  ( -10.84861112150152500, 20.33565712470819900, 28.04450397920523500 ) ) ;
#2649 = ORIENTED_EDGE ( 'NONE', *, *, #5734, .T. ) ;
#2650 = CARTESIAN_POINT ( 'NONE',  ( -113.0267042551719100, 20.45819796371090500, 11.58177032639615000 ) ) ;
#2651 = EDGE_LOOP ( 'NONE', ( #679, #2682, #1071, #3840, #5180, #2078 ) ) ;
#2652 =( BOUNDED_CURVE ( )  B_SPLINE_CURVE ( 3, ( #3631, #3152, #1207, #4567 ),
 .UNSPECIFIED., .F., .F. ) 
 B_SPLINE_CURVE_WITH_KNOTS ( ( 4, 4 ),
 ( 2.164600308247012000, 4.118584998932573300 ),
 .UNSPECIFIED. ) 
 CURVE ( )  GEOMETRIC_REPRESENTATION_ITEM ( )  RATIONAL_B_SPLINE_CURVE ( ( 1.000000000000000000, 0.7063452485847592200, 0.7063452485847592200, 1.000000000000000000 ) ) 
 REPRESENTATION_ITEM ( '' )  );
#2653 = DIRECTION ( 'NONE',  ( 0.4970459221108345900, -0.7240710256435160000, -0.4781908626652510200 ) ) ;
#2654 = ORIENTED_EDGE ( 'NONE', *, *, #747, .T. ) ;
#2655 = CARTESIAN_POINT ( 'NONE',  ( -17.32670425517183000, 23.02234071867321300, 25.47632439665585500 ) ) ;
#2656 = VERTEX_POINT ( 'NONE', #6209 ) ;
#2657 = CARTESIAN_POINT ( 'NONE',  ( -14.99320517959824400, 22.32545406305619200, 27.40529667414146400 ) ) ;
#2658 = CARTESIAN_POINT ( 'NONE',  ( -73.58785335064115400, 21.44720201686776700, 20.57058054434165200 ) ) ;
#2659 = PLANE ( 'NONE',  #453 ) ;
#2660 = CARTESIAN_POINT ( 'NONE',  ( -58.34546340057335800, 20.04095994108218900, 15.35450911577014900 ) ) ;
#2661 = EDGE_CURVE ( 'NONE', #3622, #4545, #2593, .T. ) ;
#2662 = CARTESIAN_POINT ( 'NONE',  ( -7.051881839805375300, 23.85678903168315300, 26.02741060852730500 ) ) ;
#2663 = CARTESIAN_POINT ( 'NONE',  ( -58.67019165152993300, 1.670358311835588900, 20.29200911576986500 ) ) ;
#2664 = EDGE_CURVE ( 'NONE', #1678, #4585, #3315, .T. ) ;
#2665 = DIRECTION ( 'NONE',  ( 0.0000000000000000000, -0.8371691043312137200, -0.5469441386040019300 ) ) ;
#2666 = CARTESIAN_POINT ( 'NONE',  ( -12.83560330372820200, 21.44519265233044100, 21.37555526748594700 ) ) ;
#2667 = ORIENTED_EDGE ( 'NONE', *, *, #4948, .F. ) ;
#2668 = CARTESIAN_POINT ( 'NONE',  ( -69.98303116834159700, -2.546555907346502900, 15.07593768719841500 ) ) ;
#2669 = ADVANCED_FACE ( 'NONE', ( #5757 ), #4361, .T. ) ;
#2670 = CARTESIAN_POINT ( 'NONE',  ( -109.3079985646108000, 21.98696512046047500, 12.31891084038467600 ) ) ;
#2671 = CARTESIAN_POINT ( 'NONE',  ( -13.07851955382194800, 19.68454746663344300, 23.27197954916990200 ) ) ;
#2672 = ORIENTED_EDGE ( 'NONE', *, *, #5461, .T. ) ;
#2673 = DIRECTION ( 'NONE',  ( 0.0000000000000000000, 0.8371691043312133900, 0.5469441386040022600 ) ) ;
#2674 = CIRCLE ( 'NONE', #4881, 2.000000000000001800 ) ;
#2675 = PRODUCT_RELATED_PRODUCT_CATEGORY ( 'detail', '', ( #4135 ) ) ;
#2676 = ORIENTED_EDGE ( 'NONE', *, *, #6002, .T. ) ;
#2677 = EDGE_LOOP ( 'NONE', ( #796, #364 ) ) ;
#2678 = EDGE_CURVE ( 'NONE', #3140, #931, #4808, .T. ) ;
#2679 = CARTESIAN_POINT ( 'NONE',  ( -13.68931835409432200, 26.62912799685876000, 25.84674532592252300 ) ) ;
#2680 = ORIENTED_EDGE ( 'NONE', *, *, #209, .T. ) ;
#2681 = CIRCLE ( 'NONE', #916, 3.899999999999988800 ) ;
#2682 = ORIENTED_EDGE ( 'NONE', *, *, #3281, .T. ) ;
#2683 = CARTESIAN_POINT ( 'NONE',  ( -5.326704255171836900, 21.35344409265333000, 24.37415197291284500 ) ) ;
#2684 = FACE_BOUND ( 'NONE', #4598, .T. ) ;
#2685 = ORIENTED_EDGE ( 'NONE', *, *, #4316, .T. ) ;
#2686 = CARTESIAN_POINT ( 'NONE',  ( -64.18564691883175000, -5.546555907346546900, 17.62236625862691500 ) ) ;
#2687 = CARTESIAN_POINT ( 'NONE',  ( -4.080990041192997400, 25.35879599510104800, 27.01936578989596800 ) ) ;
#2688 = CARTESIAN_POINT ( 'NONE',  ( -12.83560330372821700, 22.91167499864446500, 19.15502480677108100 ) ) ;
#2689 = ORIENTED_EDGE ( 'NONE', *, *, #2750, .T. ) ;
#2690 = CARTESIAN_POINT ( 'NONE',  ( -77.77706061939211700, 3.668975172031896800, 25.33308054434139900 ) ) ;
#2691 = CARTESIAN_POINT ( 'NONE',  ( -7.051881839805374400, 23.26012318395077100, 26.93087507442294600 ) ) ;
#2692 = DIRECTION ( 'NONE',  ( 0.4677980483665713500, -0.4870694936659635300, 0.7375149451261370200 ) ) ;
#2693 = CARTESIAN_POINT ( 'NONE',  ( -10.42606838373320400, 24.45404257101680700, 25.12305626686505600 ) ) ;
#2694 = CARTESIAN_POINT ( 'NONE',  ( -107.2949498225480600, 22.37913643136870700, 13.38619370151998400 ) ) ;
#2695 = CARTESIAN_POINT ( 'NONE',  ( -62.56720637705523600, 18.74429541316063600, 12.12772340148442200 ) ) ;
#2696 = CARTESIAN_POINT ( 'NONE',  ( -113.2028432153076000, 22.23911980803642100, 11.83640127645189100 ) ) ;
#2697 = CARTESIAN_POINT ( 'NONE',  ( -112.5267042551718900, 18.95696766759563100, 12.96542830712758100 ) ) ;
#2698 = FACE_BOUND ( 'NONE', #3191, .T. ) ;
#2699 = DIRECTION ( 'NONE',  ( -2.088218196519331700E-015, -0.8011226789640680800, -0.5985001697990024500 ) ) ;
#2700 = CARTESIAN_POINT ( 'NONE',  ( -17.32670425517183700, 19.68454746663344300, 23.27197954916991700 ) ) ;
#2701 =( BOUNDED_CURVE ( )  B_SPLINE_CURVE ( 3, ( #1592, #2576, #3099, #223 ),
 .UNSPECIFIED., .F., .T. ) 
 B_SPLINE_CURVE_WITH_KNOTS ( ( 4, 4 ),
 ( 1.807003620809172200E-015, 1.019687067598011000 ),
 .UNSPECIFIED. ) 
 CURVE ( )  GEOMETRIC_REPRESENTATION_ITEM ( )  RATIONAL_B_SPLINE_CURVE ( ( 1.000000000000000000, 0.9152139201343662000, 0.9152139201343662000, 1.000000000000000000 ) ) 
 REPRESENTATION_ITEM ( '' )  );
#2702 = CYLINDRICAL_SURFACE ( 'NONE', #3668, 2.500000000000000900 ) ;
#2703 = ADVANCED_FACE ( 'NONE', ( #590 ), #2998, .F. ) ;
#2704 = FACE_OUTER_BOUND ( 'NONE', #234, .T. ) ;
#2705 = CARTESIAN_POINT ( 'NONE',  ( 18.17329574482818400, 19.99345620831150000, 29.72420276143757100 ) ) ;
#2706 =( BOUNDED_CURVE ( )  B_SPLINE_CURVE ( 3, ( #5177, #6134, #2772, #6157 ),
 .UNSPECIFIED., .F., .T. ) 
 B_SPLINE_CURVE_WITH_KNOTS ( ( 4, 4 ),
 ( 2.164600308247012400, 4.118584998932572500 ),
 .UNSPECIFIED. ) 
 CURVE ( )  GEOMETRIC_REPRESENTATION_ITEM ( )  RATIONAL_B_SPLINE_CURVE ( ( 1.000000000000000000, 0.7063452485847596700, 0.7063452485847596700, 1.000000000000000000 ) ) 
 REPRESENTATION_ITEM ( '' )  );
#2707 = CARTESIAN_POINT ( 'NONE',  ( -67.42670425517187000, 22.85344409265350100, 14.67415197291308000 ) ) ;
#2708 = AXIS2_PLACEMENT_3D ( 'NONE', #368, #1811, #5186 ) ;
#2709 = EDGE_CURVE ( 'NONE', #1013, #5847, #4294, .T. ) ;
#2710 = CARTESIAN_POINT ( 'NONE',  ( -107.0267042551719200, 21.26106244613652100, 12.56939810185584400 ) ) ;
#2711 = CARTESIAN_POINT ( 'NONE',  ( -12.01982630436627300, 26.62912799685876000, 25.84674532592252300 ) ) ;
#2712 = CARTESIAN_POINT ( 'NONE',  ( -56.50751163873543000, 11.14567855296409600, 22.38486625862714900 ) ) ;
#2713 = CARTESIAN_POINT ( 'NONE',  ( -12.38280917243541700, 22.32545406305618100, 27.40529667414144700 ) ) ;
#2714 = ORIENTED_EDGE ( 'NONE', *, *, #1231, .F. ) ;
#2715 = CARTESIAN_POINT ( 'NONE',  ( -108.7455331671750300, 22.19844404984156900, 11.99509358871595500 ) ) ;
#2716 = ORIENTED_EDGE ( 'NONE', *, *, #4604, .T. ) ;
#2717 = CARTESIAN_POINT ( 'NONE',  ( -14.99320517959825800, 20.38143412225046100, 21.34300727168431400 ) ) ;
#2718 = EDGE_CURVE ( 'NONE', #2292, #802, #1887, .T. ) ;
#2719 = DIRECTION ( 'NONE',  ( -5.250964054860460500E-016, 0.9896828074640007200, -0.1432757502516517100 ) ) ;
#2720 = CARTESIAN_POINT ( 'NONE',  ( -76.18321685881379300, 1.670358311835574900, 22.10629483005564900 ) ) ;
#2721 = CARTESIAN_POINT ( 'NONE',  ( 18.17329574482818400, 16.60873024504534700, 27.19555250982143200 ) ) ;
#2722 = CARTESIAN_POINT ( 'NONE',  ( -8.317497012018574100, 18.18121685602659800, 24.70465542855253500 ) ) ;
#2723 = ORIENTED_EDGE ( 'NONE', *, *, #3640, .T. ) ;
#2724 =( BOUNDED_CURVE ( )  B_SPLINE_CURVE ( 3, ( #2727, #3193, #3220, #338 ),
 .UNSPECIFIED., .F., .F. ) 
 B_SPLINE_CURVE_WITH_KNOTS ( ( 4, 4 ),
 ( 1.138412281109776900E-015, 0.6961843085409126200 ),
 .UNSPECIFIED. ) 
 CURVE ( )  GEOMETRIC_REPRESENTATION_ITEM ( )  RATIONAL_B_SPLINE_CURVE ( ( 1.000000000000000000, 0.9600167993125836600, 0.9600167993125836600, 1.000000000000000000 ) ) 
 REPRESENTATION_ITEM ( '' )  );
#2725 = CARTESIAN_POINT ( 'NONE',  ( -77.77706061939213100, 3.668975172031945700, 22.33308054434139200 ) ) ;
#2726 = ORIENTED_EDGE ( 'NONE', *, *, #1456, .T. ) ;
#2727 = CARTESIAN_POINT ( 'NONE',  ( -7.551881839805396600, 19.68454746663344300, 23.27197954916988100 ) ) ;
#2728 = CARTESIAN_POINT ( 'NONE',  ( -111.3267043623543900, 21.84533186668779300, 10.92046343130225900 ) ) ;
#2729 = DIRECTION ( 'NONE',  ( 0.5158497608962449000, 0.4721040219343317100, -0.7148544024182231800 ) ) ;
#2730 = VECTOR ( 'NONE', #5909, 1000.000000000000000 ) ;
#2731 = CARTESIAN_POINT ( 'NONE',  ( -14.47552752048313700, 18.63163816821186500, 25.63580664423753000 ) ) ;
#2732 = CARTESIAN_POINT ( 'NONE',  ( -78.91473312382447600, 8.653444092653435500, 19.43665197291290500 ) ) ;
#2733 = ORIENTED_EDGE ( 'NONE', *, *, #3728, .F. ) ;
#2734 = CARTESIAN_POINT ( 'NONE',  ( -11.42793810542888800, 19.94635282207249800, 22.87555693420156900 ) ) ;
#2735 = FACE_OUTER_BOUND ( 'NONE', #3423, .T. ) ;
#2736 = CARTESIAN_POINT ( 'NONE',  ( -11.15997146669545800, 21.49628077930513500, 21.37755428871394900 ) ) ;
#2737 = ORIENTED_EDGE ( 'NONE', *, *, #3125, .F. ) ;
#2738 = ORIENTED_EDGE ( 'NONE', *, *, #917, .T. ) ;
#2739 = CARTESIAN_POINT ( 'NONE',  ( -7.051881839805400200, 18.85009915362350300, 22.72089333729839600 ) ) ;
#2740 = CARTESIAN_POINT ( 'NONE',  ( -15.28959655524147000, 18.85009915362350300, 22.72089333729842400 ) ) ;
#2741 = ORIENTED_EDGE ( 'NONE', *, *, #5840, .F. ) ;
#2742 = CARTESIAN_POINT ( 'NONE',  ( -5.326704255171844000, 18.18254050321555200, 22.28002436780120400 ) ) ;
#2743 = CARTESIAN_POINT ( 'NONE',  ( -57.07634789095163100, 13.63791301327487200, 19.15808054434148400 ) ) ;
#2744 = CARTESIAN_POINT ( 'NONE',  ( -107.3076123254311900, 21.03289418474033900, 12.51925146727002400 ) ) ;
#2745 = CARTESIAN_POINT ( 'NONE',  ( -14.27639590177944100, 22.77407282616015700, 25.85224874319049700 ) ) ;
#2746 =( BOUNDED_CURVE ( )  B_SPLINE_CURVE ( 3, ( #4623, #326, #812, #4164 ),
 .UNSPECIFIED., .F., .F. ) 
 B_SPLINE_CURVE_WITH_KNOTS ( ( 4, 4 ),
 ( 3.141592653589802000, 3.804895437013633900 ),
 .UNSPECIFIED. ) 
 CURVE ( )  GEOMETRIC_REPRESENTATION_ITEM ( )  RATIONAL_B_SPLINE_CURVE ( ( 1.000000000000000000, 0.9636706212180195000, 0.9636706212180195000, 1.000000000000000000 ) ) 
 REPRESENTATION_ITEM ( '' )  );
#2747 = CARTESIAN_POINT ( 'NONE',  ( -56.50751163873543700, 11.14567855296414200, 19.38486625862714200 ) ) ;
#2748 = EDGE_LOOP ( 'NONE', ( #553, #5968, #6239, #4619 ) ) ;
#2749 = EDGE_LOOP ( 'NONE', ( #6116, #330, #4909, #1273, #5908, #5606, #360, #87, #2923, #3219, #4171, #3254, #5940, #915, #12, #5922, #3511, #4309, #1566, #3739, #1073, #232, #5476, #1453, #1825, #3222, #5753, #4820, #3205, #3406, #335, #5135, #2313, #5916 ) ) ;
#2750 = EDGE_CURVE ( 'NONE', #3321, #3364, #1478, .T. ) ;
#2751 = CARTESIAN_POINT ( 'NONE',  ( -7.551881839805378000, 23.02234071867321300, 25.47632439665581900 ) ) ;
#2752 = EDGE_LOOP ( 'NONE', ( #5384, #4952, #80, #952 ) ) ;
#2753 = CARTESIAN_POINT ( 'NONE',  ( -10.42606838373320400, 18.25284561428984300, 23.62524767896067600 ) ) ;
#2754 = DIRECTION ( 'NONE',  ( -1.000000000000000000, -2.132529265733135900E-017, 3.517630367272413500E-015 ) ) ;
#2755 = DATE_AND_TIME ( #4011, #5312 ) ;
#2756 = CONICAL_SURFACE ( 'NONE', #3123, 3.000000000000000400, 0.1380060236575194600 ) ;
#2757 = ORIENTED_EDGE ( 'NONE', *, *, #1621, .F. ) ;
#2758 = CARTESIAN_POINT ( 'NONE',  ( -56.50751163873545100, 6.161209632342746500, 16.48843768719849800 ) ) ;
#2759 = EDGE_CURVE ( 'NONE', #620, #3820, #388, .T. ) ;
#2760 = ORIENTED_EDGE ( 'NONE', *, *, #3515, .T. ) ;
#2761 = CARTESIAN_POINT ( 'NONE',  ( -14.27639590177944300, 23.02234071867321300, 25.47632439665584400 ) ) ;
#2762 = EDGE_CURVE ( 'NONE', #6166, #6015, #5594, .T. ) ;
#2763 = CARTESIAN_POINT ( 'NONE',  ( -77.77706061939211700, 3.668975172031946100, 22.33308054434139200 ) ) ;
#2764 = ORIENTED_EDGE ( 'NONE', *, *, #917, .F. ) ;
#2765 = LINE ( 'NONE', #4484, #2589 ) ;
#2766 = LINE ( 'NONE', #5008, #366 ) ;
#2767 = ORIENTED_EDGE ( 'NONE', *, *, #3764, .T. ) ;
#2768 = CARTESIAN_POINT ( 'NONE',  ( -9.447423972536290300, 19.36044735024074700, 24.54137632739758600 ) ) ;
#2769 =( NAMED_UNIT ( * ) SI_UNIT ( $, .STERADIAN. ) SOLID_ANGLE_UNIT ( ) );
#2770 = CARTESIAN_POINT ( 'NONE',  ( -78.34589687160830400, 6.161209632342759000, 16.20986625862714400 ) ) ;
#2771 = ORIENTED_EDGE ( 'NONE', *, *, #2093, .F. ) ;
#2772 = CARTESIAN_POINT ( 'NONE',  ( -16.38829211669439400, 20.33565712470818800, 28.04450397920526300 ) ) ;
#2773 = CARTESIAN_POINT ( 'NONE',  ( -17.32670425517183300, 21.35344409265333400, 24.37415197291288700 ) ) ;
#2774 = CARTESIAN_POINT ( 'NONE',  ( 21.17329574482813500, 22.64683897781873900, 25.22833560131355300 ) ) ;
#2775 = LINE ( 'NONE', #3619, #46 ) ;
#2776 = CARTESIAN_POINT ( 'NONE',  ( -14.27639590177944800, 23.27060861118624800, 25.10040005012120900 ) ) ;
#2777 = DIRECTION ( 'NONE',  ( -1.000000000000000000, -5.726637133838782600E-029, 3.490263633665282600E-015 ) ) ;
#2778 = CARTESIAN_POINT ( 'NONE',  ( -80.54947750266539700, 2.333849568294062800, 22.33308054434138500 ) ) ;
#2779 = CARTESIAN_POINT ( 'NONE',  ( -108.5797443371607200, 21.49623187580753800, 9.503706078845715100 ) ) ;
#2780 = CARTESIAN_POINT ( 'NONE',  ( -112.8181651764759000, 20.81756786740229600, 10.94988375341065300 ) ) ;
#2781 = CIRCLE ( 'NONE', #1932, 3.799999999999996700 ) ;
#2782 = CARTESIAN_POINT ( 'NONE',  ( -7.051881839805375300, 23.85678903168315300, 26.02741060852730500 ) ) ;
#2783 = CARTESIAN_POINT ( 'NONE',  ( -56.50751163873543700, 11.14567855296414200, 19.38486625862714200 ) ) ;
#2784 = CARTESIAN_POINT ( 'NONE',  ( -13.65133508780251500, 24.44328603305728700, 25.13934369115693500 ) ) ;
#2785 = LINE ( 'NONE', #5793, #5338 ) ;
#2786 = DATE_TIME_ROLE ( 'creation_date' ) ;
#2787 = CARTESIAN_POINT ( 'NONE',  ( -55.93867538651930000, 8.653444092653517200, 13.26165197291283300 ) ) ;
#2788 = DIRECTION ( 'NONE',  ( -2.967038804785362000E-015, -0.3442362757280893500, -0.9388830526071151300 ) ) ;
#2789 = CARTESIAN_POINT ( 'NONE',  ( -108.5267042551718800, 15.76510034219872500, 13.28014547437966700 ) ) ;
#2790 = FACE_OUTER_BOUND ( 'NONE', #1510, .T. ) ;
#2791 = CARTESIAN_POINT ( 'NONE',  ( -107.3266424247867100, 21.76466147124322200, 10.86781465248372100 ) ) ;
#2792 = ORIENTED_EDGE ( 'NONE', *, *, #4872, .T. ) ;
#2793 = EDGE_LOOP ( 'NONE', ( #1530, #4774, #3260, #3085, #4792, #5159 ) ) ;
#2794 = CARTESIAN_POINT ( 'NONE',  ( -3.326704255171820900, 19.99345620831150000, 29.72420276143764900 ) ) ;
#2795 = CARTESIAN_POINT ( 'NONE',  ( -17.32670425517183300, 21.35344409265333400, 24.37415197291288700 ) ) ;
#2796 = CARTESIAN_POINT ( 'NONE',  ( -53.58272790218996600, 11.81324135483308500, 19.38486625862714200 ) ) ;
#2797 = EDGE_CURVE ( 'NONE', #3590, #4240, #1739, .T. ) ;
#2798 = EDGE_CURVE ( 'NONE', #3033, #3745, #3169, .T. ) ;
#2799 = CARTESIAN_POINT ( 'NONE',  ( -113.5153514764713700, 20.91149980806172300, 14.50006056297744900 ) ) ;
#2800 = ORIENTED_EDGE ( 'NONE', *, *, #209, .F. ) ;
#2801 = CARTESIAN_POINT ( 'NONE',  ( -111.5267042551718900, 23.93336802373910600, 11.80683061069326500 ) ) ;
#2802 = CARTESIAN_POINT ( 'NONE',  ( -78.91473312382447600, 8.653444092653479900, 16.43665197291290200 ) ) ;
#2803 = CARTESIAN_POINT ( 'NONE',  ( -110.5267042551719200, 18.91068149747748700, 11.55858066025021500 ) ) ;
#2804 = VERTEX_POINT ( 'NONE', #3975 ) ;
#2805 = B_SPLINE_CURVE_WITH_KNOTS ( 'NONE', 3,
 ( #1427, #1443, #10, #3372, #501, #3847, #984, #4338 ),
 .UNSPECIFIED., .F., .F.,
 ( 4, 2, 2, 4 ),
 ( 3.469446951953614200E-018, 0.0002879141183618940200, 0.0004318711775428496300, 0.0005758282367238052900 ),
 .UNSPECIFIED. ) ;
#2806 = CC_DESIGN_PERSON_AND_ORGANIZATION_ASSIGNMENT ( #6229, #1344, ( #4135 ) ) ;
#2807 = EDGE_CURVE ( 'NONE', #3745, #1402, #315, .T. ) ;
#2808 = CARTESIAN_POINT ( 'NONE',  ( -77.77706061939211700, 13.63791301327486100, 20.24022340148441000 ) ) ;
#2809 = FACE_OUTER_BOUND ( 'NONE', #2505, .T. ) ;
#2810 = CARTESIAN_POINT ( 'NONE',  ( 18.17329574482816000, 22.39650448391575900, 25.06300973775211800 ) ) ;
#2811 = EDGE_LOOP ( 'NONE', ( #5782, #6053, #2443, #3726 ) ) ;
#2812 = CIRCLE ( 'NONE', #3077, 3.000000000000000000 ) ;
#2813 = DIRECTION ( 'NONE',  ( -2.921940880075401800E-015, 0.5469441386040017100, -0.8371691043312136100 ) ) ;
#2814 = CARTESIAN_POINT ( 'NONE',  ( -12.69690978540432800, 23.38294457738332400, 24.66412411511112200 ) ) ;
#2815 = CARTESIAN_POINT ( 'NONE',  ( -81.99188371364215300, 8.653444092653479900, 16.43665197291290900 ) ) ;
#2816 = VERTEX_POINT ( 'NONE', #1111 ) ;
#2817 = ORIENTED_EDGE ( 'NONE', *, *, #5054, .T. ) ;
#2818 = CARTESIAN_POINT ( 'NONE',  ( -106.5614213064358200, 20.63462014151088300, 9.918021192581072400 ) ) ;
#2819 = ORIENTED_EDGE ( 'NONE', *, *, #3113, .T. ) ;
#2820 = VERTEX_POINT ( 'NONE', #2069 ) ;
#2821 = DIRECTION ( 'NONE',  ( -0.8838353839626661400, 0.2577970543952051200, -0.3903532922888218700 ) ) ;
#2822 = CARTESIAN_POINT ( 'NONE',  ( -56.50751163873545800, 6.161209632342790100, 13.48843768719849800 ) ) ;
#2823 = CARTESIAN_POINT ( 'NONE',  ( -111.0267042551735000, 18.92074828094443400, 11.04041035884889500 ) ) ;
#2824 = ORIENTED_EDGE ( 'NONE', *, *, #5599, .T. ) ;
#2825 = CARTESIAN_POINT ( 'NONE',  ( -113.3267042551719900, 20.65270979324444400, 11.10121065757271100 ) ) ;
#2826 = CARTESIAN_POINT ( 'NONE',  ( -58.67019165152994000, 1.670358311835635500, 17.29200911576986100 ) ) ;
#2827 = DIRECTION ( 'NONE',  ( 0.0000000000000000000, -0.8371691043312138300, -0.5469441386040013700 ) ) ;
#2828 = ORIENTED_EDGE ( 'NONE', *, *, #2988, .T. ) ;
#2829 = VERTEX_POINT ( 'NONE', #1580 ) ;
#2830 = EDGE_CURVE ( 'NONE', #109, #3049, #5420, .T. ) ;
#2831 = FACE_OUTER_BOUND ( 'NONE', #2499, .T. ) ;
#2832 = ORIENTED_EDGE ( 'NONE', *, *, #6126, .T. ) ;
#2833 = CARTESIAN_POINT ( 'NONE',  ( -10.35033425463823600, 23.18585822933472000, 23.57274169615682900 ) ) ;
#2834 = DIRECTION ( 'NONE',  ( -0.8677242369053601600, -0.4147591311938567700, -0.2739151543422300200 ) ) ;
#2835 = CARTESIAN_POINT ( 'NONE',  ( -53.58272790218998700, 5.493646830473847100, 13.48843768719847700 ) ) ;
#2836 = ORIENTED_EDGE ( 'NONE', *, *, #5912, .T. ) ;
#2837 = ORIENTED_EDGE ( 'NONE', *, *, #1943, .F. ) ;
#2838 = ORIENTED_EDGE ( 'NONE', *, *, #2718, .T. ) ;
#2839 = FACE_OUTER_BOUND ( 'NONE', #690, .T. ) ;
#2840 = ORIENTED_EDGE ( 'NONE', *, *, #6052, .F. ) ;
#2841 = EDGE_CURVE ( 'NONE', #3026, #1227, #5510, .T. ) ;
#2842 = DIRECTION ( 'NONE',  ( -0.8838353839626627000, -0.2577970543952084500, 0.3903532922888273700 ) ) ;
#2843 = CYLINDRICAL_SURFACE ( 'NONE', #1662, 0.5000000000000015500 ) ;
#2844 = CARTESIAN_POINT ( 'NONE',  ( -12.25347981393624900, 22.86051080062907200, 22.82883904730839200 ) ) ;
#2845 = CARTESIAN_POINT ( 'NONE',  ( -74.58937309823551200, 17.63514673366770000, 14.34379483005589000 ) ) ;
#2846 = VECTOR ( 'NONE', #2445, 1000.000000000000100 ) ;
#2847 = CARTESIAN_POINT ( 'NONE',  ( -110.7267040095683500, 21.84569381739715500, 10.92069977901511500 ) ) ;
#2848 = AXIS2_PLACEMENT_3D ( 'NONE', #1228, #4587, #1715 ) ;
#2849 = CARTESIAN_POINT ( 'NONE',  ( -109.5168889260408300, 21.44496487934857500, 9.370844073186068700 ) ) ;
#2850 = FACE_OUTER_BOUND ( 'NONE', #2752, .T. ) ;
#2851 = CARTESIAN_POINT ( 'NONE',  ( -9.608160381721345900, 20.29437769607622500, 22.61803981795026500 ) ) ;
#2852 = DIRECTION ( 'NONE',  ( 2.830816654711058300E-015, -0.5985001697990023400, 0.8011226789640679700 ) ) ;
#2853 = VECTOR ( 'NONE', #1635, 1000.000000000000000 ) ;
#2854 = DIRECTION ( 'NONE',  ( 1.000000000000000000, 2.132529265733050800E-017, -3.517630367272413100E-015 ) ) ;
#2855 = DIRECTION ( 'NONE',  ( 1.000000000000000000, 2.132529265733050800E-017, -3.517630367272413100E-015 ) ) ;
#2856 = VECTOR ( 'NONE', #4929, 1000.000000000000000 ) ;
#2857 = CARTESIAN_POINT ( 'NONE',  ( -62.56720637705525000, -1.437407227853548400, 11.39558054434126100 ) ) ;
#2858 = CARTESIAN_POINT ( 'NONE',  ( -13.80682795621737200, 23.27029203030899000, 26.91547752589774600 ) ) ;
#2859 = EDGE_LOOP ( 'NONE', ( #2877, #5262 ) ) ;
#2860 = CARTESIAN_POINT ( 'NONE',  ( -107.0267042551719200, 25.74885270100043000, 12.99293329127881900 ) ) ;
#2861 = ORIENTED_EDGE ( 'NONE', *, *, #660, .F. ) ;
#2862 = ORIENTED_EDGE ( 'NONE', *, *, #118, .T. ) ;
#2863 = CARTESIAN_POINT ( 'NONE',  ( -112.9304176304459600, 20.45958184900793200, 11.56574266375878300 ) ) ;
#2864 = EDGE_CURVE ( 'NONE', #1520, #5318, #3961, .T. ) ;
#2865 = EDGE_CURVE ( 'NONE', #4506, #847, #4363, .T. ) ;
#2866 = CARTESIAN_POINT ( 'NONE',  ( -111.2349311070876300, 20.62885132903061300, 12.20962369406303000 ) ) ;
#2867 = ORIENTED_EDGE ( 'NONE', *, *, #3936, .T. ) ;
#2868 = CARTESIAN_POINT ( 'NONE',  ( -108.8661802548695300, 20.90055347734843800, 13.84119053749068100 ) ) ;
#2869 = B_SPLINE_CURVE_WITH_KNOTS ( 'NONE', 3,
 ( #5580, #2185, #2670, #6067, #3164, #292, #3647, #777, #4128, #1253, #4609, #1736, #5099, #2208 ),
 .UNSPECIFIED., .F., .F.,
 ( 4, 2, 2, 2, 2, 2, 4 ),
 ( 0.001150765746391802500, 0.001438242087053603000, 0.001581980257384508600, 0.001725718427715414300, 0.001869456598046320000, 0.002013194768377225800, 0.002300671109039020200 ),
 .UNSPECIFIED. ) ;
#2870 = LINE ( 'NONE', #2506, #2730 ) ;
#2871 = CARTESIAN_POINT ( 'NONE',  ( 19.67329574482816700, 25.31707357945055400, 26.99181147930231000 ) ) ;
#2872 = AXIS2_PLACEMENT_3D ( 'NONE', #2773, #6158, #3253 ) ;
#2873 = ORIENTED_EDGE ( 'NONE', *, *, #1799, .T. ) ;
#2874 = CARTESIAN_POINT ( 'NONE',  ( -67.42670425517182800, 22.85344409265339700, 21.37415197291307600 ) ) ;
#2875 = DIRECTION ( 'NONE',  ( -1.908979236615881600E-015, -0.8371691043312136100, -0.5469441386040017100 ) ) ;
#2876 = FACE_OUTER_BOUND ( 'NONE', #5970, .T. ) ;
#2877 = ORIENTED_EDGE ( 'NONE', *, *, #3548, .T. ) ;
#2878 = ORIENTED_EDGE ( 'NONE', *, *, #3072, .T. ) ;
#2879 = VERTEX_POINT ( 'NONE', #3067 ) ;
#2880 = CARTESIAN_POINT ( 'NONE',  ( -112.8891174601052700, 22.12118296804065000, 9.009825855939070000 ) ) ;
#2881 = CARTESIAN_POINT ( 'NONE',  ( -14.47552752048315100, 20.71704796489966700, 22.47810345861264000 ) ) ;
#2882 =( BOUNDED_CURVE ( )  B_SPLINE_CURVE ( 3, ( #6117, #4634, #2722, #3210 ),
 .UNSPECIFIED., .F., .F. ) 
 B_SPLINE_CURVE_WITH_KNOTS ( ( 4, 4 ),
 ( 3.141592653589792200, 4.175424735638682000 ),
 .UNSPECIFIED. ) 
 CURVE ( )  GEOMETRIC_REPRESENTATION_ITEM ( )  RATIONAL_B_SPLINE_CURVE ( ( 1.000000000000000000, 0.9128982722561299600, 0.9128982722561299600, 1.000000000000000000 ) ) 
 REPRESENTATION_ITEM ( '' )  );
#2883 = ORIENTED_EDGE ( 'NONE', *, *, #651, .F. ) ;
#2884 = CARTESIAN_POINT ( 'NONE',  ( -114.5267042551718900, 23.86495140564719000, 13.31498438872522200 ) ) ;
#2885 = EDGE_LOOP ( 'NONE', ( #1923, #1767, #4889, #1978, #3802, #5534 ) ) ;
#2886 = CARTESIAN_POINT ( 'NONE',  ( -109.0267042551718900, 20.90921965466626600, 10.89142299766386100 ) ) ;
#2887 = CARTESIAN_POINT ( 'NONE',  ( -8.680842204910172600, 19.52102995597194400, 25.17556224966891100 ) ) ;
#2888 = ORIENTED_EDGE ( 'NONE', *, *, #5304, .F. ) ;
#2889 = DIRECTION ( 'NONE',  ( -1.000000000000000000, -2.132529265733050800E-017, 3.517630367272413100E-015 ) ) ;
#2890 = PERSON_AND_ORGANIZATION ( #2151, #1257 ) ;
#2891 = ORIENTED_EDGE ( 'NONE', *, *, #5551, .F. ) ;
#2892 = ORIENTED_EDGE ( 'NONE', *, *, #5800, .T. ) ;
#2893 = CARTESIAN_POINT ( 'NONE',  ( -70.66776159151203300, -5.546555907346556700, 18.42593768719836700 ) ) ;
#2894 = ORIENTED_EDGE ( 'NONE', *, *, #2355, .T. ) ;
#2895 = CARTESIAN_POINT ( 'NONE',  ( -17.32670425517183700, 19.68454746663344300, 23.27197954916991700 ) ) ;
#2896 = FACE_OUTER_BOUND ( 'NONE', #1076, .T. ) ;
#2897 = LINE ( 'NONE', #5856, #4334 ) ;
#2898 = ORIENTED_EDGE ( 'NONE', *, *, #2451, .T. ) ;
#2899 = EDGE_CURVE ( 'NONE', #4343, #5627, #3264, .T. ) ;
#2900 = CARTESIAN_POINT ( 'NONE',  ( -17.32670425517183000, 23.02234071867322000, 25.47632439665584100 ) ) ;
#2901 = ORIENTED_EDGE ( 'NONE', *, *, #4129, .F. ) ;
#2902 = AXIS2_PLACEMENT_3D ( 'NONE', #2482, #5889, #2982 ) ;
#2903 = EDGE_CURVE ( 'NONE', #3892, #4680, #2127, .T. ) ;
#2904 = CARTESIAN_POINT ( 'NONE',  ( 20.87329574482813400, 20.31038370139090800, 23.68529420807340100 ) ) ;
#2905 = CARTESIAN_POINT ( 'NONE',  ( -14.05029230049573200, 18.18406350229966900, 24.67024022975212100 ) ) ;
#2906 =( BOUNDED_CURVE ( )  B_SPLINE_CURVE ( 3, ( #6174, #2784, #1361, #4725 ),
 .UNSPECIFIED., .F., .F. ) 
 B_SPLINE_CURVE_WITH_KNOTS ( ( 4, 4 ),
 ( 3.141592653589801600, 4.159311211254610000 ),
 .UNSPECIFIED. ) 
 CURVE ( )  GEOMETRIC_REPRESENTATION_ITEM ( )  RATIONAL_B_SPLINE_CURVE ( ( 1.000000000000000000, 0.9155338758779871800, 0.9155338758779871800, 1.000000000000000000 ) ) 
 REPRESENTATION_ITEM ( '' )  );
#2907 = CYLINDRICAL_SURFACE ( 'NONE', #4806, 0.5000000000000015500 ) ;
#2908 = DIRECTION ( 'NONE',  ( -1.987703982890092100E-015, -0.8344483130099414900, -0.5510862118714843200 ) ) ;
#2909 = EDGE_CURVE ( 'NONE', #2932, #4094, #1024, .T. ) ;
#2910 = EDGE_CURVE ( 'NONE', #1841, #4848, #5131, .T. ) ;
#2911 = DIRECTION ( 'NONE',  ( -2.921940880075401800E-015, 0.5469441386040017100, -0.8371691043312136100 ) ) ;
#2912 = DIRECTION ( 'NONE',  ( 0.0000000000000000000, 0.3442362757280894000, 0.9388830526071150200 ) ) ;
#2913 = VECTOR ( 'NONE', #2029, 1000.000000000000000 ) ;
#2914 = VECTOR ( 'NONE', #4337, 999.9999999999998900 ) ;
#2915 = CARTESIAN_POINT ( 'NONE',  ( -61.26555515970254400, 21.44720201686783800, 15.47772340148446800 ) ) ;
#2916 = DIRECTION ( 'NONE',  ( 0.9051741977104779100, -0.3546745688363744400, -0.2342341179673122800 ) ) ;
#2917 = CARTESIAN_POINT ( 'NONE',  ( -7.784587090412443900, 18.65232033669405700, 25.67949884443492800 ) ) ;
#2918 = FACE_OUTER_BOUND ( 'NONE', #2629, .T. ) ;
#2919 = CARTESIAN_POINT ( 'NONE',  ( -14.47552752048313700, 19.35978285564263900, 24.53325845311084300 ) ) ;
#2920 = B_SPLINE_CURVE_WITH_KNOTS ( 'NONE', 3,
 ( #3031, #697, #4538, #1654, #5020, #2136, #5524, #2619, #6026, #3114 ),
 .UNSPECIFIED., .F., .F.,
 ( 4, 2, 2, 2, 4 ),
 ( 0.0008645396038897135100, 0.001069084648748217600, 0.001273629693606721800, 0.001478174738465226100, 0.001682719783323730200 ),
 .UNSPECIFIED. ) ;
#2921 = CARTESIAN_POINT ( 'NONE',  ( -113.0267042551718900, 18.27660765519236800, 14.92097789019168800 ) ) ;
#2922 = CARTESIAN_POINT ( 'NONE',  ( -7.011350155182137600, 16.07776018844792900, 22.90155861990326300 ) ) ;
#2923 = ORIENTED_EDGE ( 'NONE', *, *, #4166, .T. ) ;
#2924 = EDGE_LOOP ( 'NONE', ( #4192, #1471, #5080 ) ) ;
#2925 = CARTESIAN_POINT ( 'NONE',  ( -13.68931835409432200, 18.35359827783351200, 24.40456722086548800 ) ) ;
#2926 = CARTESIAN_POINT ( 'NONE',  ( -112.5728987748151700, 19.09456396342013200, 13.20856122371884000 ) ) ;
#2927 = ORIENTED_EDGE ( 'NONE', *, *, #1496, .T. ) ;
#2928 = CARTESIAN_POINT ( 'NONE',  ( -110.7422864929859300, 23.77045399588603700, 12.21482711453014100 ) ) ;
#2929 = CARTESIAN_POINT ( 'NONE',  ( -76.50794510977043200, -2.734071755775166600, 12.52950911576986200 ) ) ;
#2930 = EDGE_CURVE ( 'NONE', #3447, #1388, #1288, .T. ) ;
#2931 = CARTESIAN_POINT ( 'NONE',  ( -105.5257042551719000, 22.10689628655164500, 12.16640169765679000 ) ) ;
#2932 = VERTEX_POINT ( 'NONE', #725 ) ;
#2933 = CYLINDRICAL_SURFACE ( 'NONE', #803, 1.500000000000001300 ) ;
#2934 = DIRECTION ( 'NONE',  ( 1.000000000000000000, 2.132529265733050800E-017, -3.517630367272413100E-015 ) ) ;
#2935 = DIRECTION ( 'NONE',  ( -1.000000000000000000, -5.726637133838782600E-029, 3.490263633665282600E-015 ) ) ;
#2936 = DIRECTION ( 'NONE',  ( -0.8677242369053582700, 0.4147591311938586500, 0.2739151543422332400 ) ) ;
#2937 = EDGE_CURVE ( 'NONE', #162, #1161, #6255, .T. ) ;
#2938 = ORIENTED_EDGE ( 'NONE', *, *, #5907, .F. ) ;
#2939 = EDGE_CURVE ( 'NONE', #801, #1754, #141, .T. ) ;
#2940 = DIRECTION ( 'NONE',  ( -1.908979236615881600E-015, -0.8371691043312136100, -0.5469441386040017100 ) ) ;
#2941 = CARTESIAN_POINT ( 'NONE',  ( -176.5267042551717800, 21.35344409265351500, 11.67415197291335500 ) ) ;
#2942 = ORIENTED_EDGE ( 'NONE', *, *, #1396, .F. ) ;
#2943 = VERTEX_POINT ( 'NONE', #6063 ) ;
#2944 = DIRECTION ( 'NONE',  ( -1.908979236615881600E-015, -0.8371691043312136100, -0.5469441386040017100 ) ) ;
#2945 = CARTESIAN_POINT ( 'NONE',  ( -107.2949498225480600, 19.37358360814324600, 11.42258862887326600 ) ) ;
#2946 = AXIS2_PLACEMENT_3D ( 'NONE', #5150, #2262, #5659 ) ;
#2947 = ORIENTED_EDGE ( 'NONE', *, *, #5638, .T. ) ;
#2948 = AXIS2_PLACEMENT_3D ( 'NONE', #860, #4221, #3471 ) ;
#2949 = CARTESIAN_POINT ( 'NONE',  ( -56.32469720412585400, 17.50699927904759100, 9.581294830055810500 ) ) ;
#2950 = VERTEX_POINT ( 'NONE', #3641 ) ;
#2951 = DIRECTION ( 'NONE',  ( -1.000000000000000000, 3.788652234618511700E-017, 3.304662259982990100E-015 ) ) ;
#2952 = CARTESIAN_POINT ( 'NONE',  ( 19.62329574482817300, 25.35879599510104800, 27.01936578989588600 ) ) ;
#2953 =( BOUNDED_CURVE ( )  B_SPLINE_CURVE ( 3, ( #6033, #5028, #2110, #5503 ),
 .UNSPECIFIED., .F., .T. ) 
 B_SPLINE_CURVE_WITH_KNOTS ( ( 4, 4 ),
 ( 2.164600308247011600, 4.118584998932574200 ),
 .UNSPECIFIED. ) 
 CURVE ( )  GEOMETRIC_REPRESENTATION_ITEM ( )  RATIONAL_B_SPLINE_CURVE ( ( 1.000000000000000000, 0.7063452485847587800, 0.7063452485847587800, 1.000000000000000000 ) ) 
 REPRESENTATION_ITEM ( '' )  );
#2954 = CARTESIAN_POINT ( 'NONE',  ( -10.26603595043729400, 23.85678903168315300, 26.02741060852731500 ) ) ;
#2955 = ORIENTED_EDGE ( 'NONE', *, *, #1944, .T. ) ;
#2956 = DIRECTION ( 'NONE',  ( 1.000000000000000000, 2.132529265733135900E-017, -3.517630367272413500E-015 ) ) ;
#2957 = CARTESIAN_POINT ( 'NONE',  ( -110.7265978051307100, 20.78055718642261200, 12.37501696515805200 ) ) ;
#2958 = CARTESIAN_POINT ( 'NONE',  ( -112.8504988320562000, 21.85780677680032700, 12.42005492370308100 ) ) ;
#2959 = CARTESIAN_POINT ( 'NONE',  ( -7.245003664752107200, 22.18299113086771300, 22.38139162311690500 ) ) ;
#2960 = ADVANCED_FACE ( 'NONE', ( #1121 ), #3159, .T. ) ;
#2961 = CARTESIAN_POINT ( 'NONE',  ( -106.5267042551718800, 22.95943769486864400, 17.26249556915914600 ) ) ;
#2962 = VERTEX_POINT ( 'NONE', #286 ) ;
#2963 = VECTOR ( 'NONE', #1778, 1000.000000000000100 ) ;
#2964 = LINE ( 'NONE', #107, #5388 ) ;
#2965 = ORIENTED_EDGE ( 'NONE', *, *, #3833, .T. ) ;
#2966 = ORIENTED_EDGE ( 'NONE', *, *, #2977, .T. ) ;
#2967 = CARTESIAN_POINT ( 'NONE',  ( -12.01982630436628700, 23.18585822933472300, 23.57274169615683600 ) ) ;
#2968 = ORIENTED_EDGE ( 'NONE', *, *, #1906, .T. ) ;
#2969 = EDGE_LOOP ( 'NONE', ( #3997, #2195, #5549, #1884, #2817, #3658, #6096, #1973 ) ) ;
#2970 = CIRCLE ( 'NONE', #6204, 2.500000000000000900 ) ;
#2971 = CARTESIAN_POINT ( 'NONE',  ( -81.27068060815375400, 5.493646830473719200, 22.55986625862715300 ) ) ;
#2972 = FACE_OUTER_BOUND ( 'NONE', #3195, .T. ) ;
#2973 = CARTESIAN_POINT ( 'NONE',  ( -110.9788921206706100, 22.13625813327587400, 11.23007742075302500 ) ) ;
#2974 = CARTESIAN_POINT ( 'NONE',  ( -81.99188371364212500, 8.653444092653428400, 19.78665197291291700 ) ) ;
#2975 =( BOUNDED_CURVE ( )  B_SPLINE_CURVE ( 3, ( #5051, #2648, #6051, #3148 ),
 .UNSPECIFIED., .F., .T. ) 
 B_SPLINE_CURVE_WITH_KNOTS ( ( 4, 4 ),
 ( 5.306192961836805100, 7.260177652522364700 ),
 .UNSPECIFIED. ) 
 CURVE ( )  GEOMETRIC_REPRESENTATION_ITEM ( )  RATIONAL_B_SPLINE_CURVE ( ( 1.000000000000000000, 0.7063452485847596700, 0.7063452485847596700, 1.000000000000000000 ) ) 
 REPRESENTATION_ITEM ( '' )  );
#2976 = ADVANCED_FACE ( 'NONE', ( #4812 ), #1712, .F. ) ;
#2977 = EDGE_CURVE ( 'NONE', #6088, #1466, #4951, .T. ) ;
#2978 = CARTESIAN_POINT ( 'NONE',  ( -113.5158301817085900, 18.94169236670891400, 13.21195345239729400 ) ) ;
#2979 = DIRECTION ( 'NONE',  ( 1.000000000000000000, 2.132529265733050800E-017, -3.517630367272413100E-015 ) ) ;
#2980 = EDGE_CURVE ( 'NONE', #847, #4506, #6186, .T. ) ;
#2981 = LINE ( 'NONE', #991, #454 ) ;
#2982 = DIRECTION ( 'NONE',  ( -2.168404344971009700E-015, -0.8344483130099414900, -0.5510862118714843200 ) ) ;
#2983 = CARTESIAN_POINT ( 'NONE',  ( -7.958615587253538200, 20.32588738853997900, 22.59410562086911500 ) ) ;
#2984 = CARTESIAN_POINT ( 'NONE',  ( -17.32670425517183300, 21.35344409265333000, 24.37415197291288700 ) ) ;
#2985 = FACE_BOUND ( 'NONE', #1835, .T. ) ;
#2986 = CARTESIAN_POINT ( 'NONE',  ( -11.37981596751026100, 24.32949728037527800, 21.99707780788067900 ) ) ;
#2987 = DIRECTION ( 'NONE',  ( -1.000000000000000000, -5.726637133838782600E-029, 3.490263633665282600E-015 ) ) ;
#2988 = EDGE_CURVE ( 'NONE', #4706, #6226, #6123, .T. ) ;
#2989 = CARTESIAN_POINT ( 'NONE',  ( -12.62356623796838000, 19.68454746663344300, 23.27197954916989900 ) ) ;
#2990 = LINE ( 'NONE', #2091, #4134 ) ;
#2991 = CARTESIAN_POINT ( 'NONE',  ( -15.59246391339234900, 22.86051080062907200, 22.82883904730840300 ) ) ;
#2992 = DIRECTION ( 'NONE',  ( -1.000000000000000000, -2.132529265733050800E-017, 3.517630367272413100E-015 ) ) ;
#2993 = CARTESIAN_POINT ( 'NONE',  ( -7.011350155182123300, 24.35328990747315100, 24.34373672496026200 ) ) ;
#2994 = LINE ( 'NONE', #1035, #3827 ) ;
#2995 = ADVANCED_FACE ( 'NONE', ( #4671 ), #2087, .F. ) ;
#2996 = CARTESIAN_POINT ( 'NONE',  ( -52.86152479670160200, 8.653444092653417700, 19.61165197291281000 ) ) ;
#2997 = CARTESIAN_POINT ( 'NONE',  ( -111.4355575003491600, 22.78539339674860300, 13.80964802074557500 ) ) ;
#2998 = CYLINDRICAL_SURFACE ( 'NONE', #6149, 1.249999999999995600 ) ;
#2999 = CARTESIAN_POINT ( 'NONE',  ( -53.58272790218997300, 5.493646830473794700, 16.83843768719847500 ) ) ;
#3000 = CARTESIAN_POINT ( 'NONE',  ( -109.0267042551718800, 18.27660765519236800, 14.92097789019167600 ) ) ;
#3001 = AXIS2_PLACEMENT_3D ( 'NONE', #265, #755, #3146 ) ;
#3002 = CARTESIAN_POINT ( 'NONE',  ( 19.72329574482816400, 25.35879599510105100, 27.01936578989588300 ) ) ;
#3003 = CARTESIAN_POINT ( 'NONE',  ( -74.58937309823549800, 17.63514673366766100, 17.34379483005588800 ) ) ;
#3004 = EDGE_LOOP ( 'NONE', ( #2137, #2140 ) ) ;
#3005 = CARTESIAN_POINT ( 'NONE',  ( -8.051181455185577800, 19.68454746663344300, 23.27197954916988500 ) ) ;
#3006 = ORIENTED_EDGE ( 'NONE', *, *, #3728, .T. ) ;
#3007 = CARTESIAN_POINT ( 'NONE',  ( -67.42670425517188400, 19.85344409265355000, 11.67415197291309800 ) ) ;
#3008 = ORIENTED_EDGE ( 'NONE', *, *, #1746, .F. ) ;
#3009 = CARTESIAN_POINT ( 'NONE',  ( -13.68931835409432200, 24.35328990747315100, 24.34373672496028400 ) ) ;
#3010 = ADVANCED_FACE ( 'NONE', ( #3696 ), #5815, .T. ) ;
#3011 = CARTESIAN_POINT ( 'NONE',  ( -12.12356623796838000, 18.85009915362350300, 22.72089333729841300 ) ) ;
#3012 = ORIENTED_EDGE ( 'NONE', *, *, #3251, .F. ) ;
#3013 = CARTESIAN_POINT ( 'NONE',  ( -60.26403541210829200, -0.3282585483606859600, 14.16879483005555500 ) ) ;
#3014 = CARTESIAN_POINT ( 'NONE',  ( -81.27068060815376800, 11.81324135483314000, 16.66343768719867000 ) ) ;
#3015 = DIRECTION ( 'NONE',  ( 1.000000000000000000, 2.132529265733050800E-017, -3.517630367272413100E-015 ) ) ;
#3016 = VECTOR ( 'NONE', #1484, 1000.000000000000000 ) ;
#3017 = AXIS2_PLACEMENT_3D ( 'NONE', #965, #4317, #1442 ) ;
#3018 = EDGE_CURVE ( 'NONE', #1261, #3791, #843, .T. ) ;
#3019 = DIRECTION ( 'NONE',  ( -1.000000000000000000, -5.726637133838782600E-029, 3.490263633665282600E-015 ) ) ;
#3020 = CARTESIAN_POINT ( 'NONE',  ( -80.54947750266541100, 14.97303861701284900, 13.89022340148443700 ) ) ;
#3021 = ORIENTED_EDGE ( 'NONE', *, *, #2841, .F. ) ;
#3022 = CARTESIAN_POINT ( 'NONE',  ( -111.5267042551719200, 18.77704207618952400, 11.47299002864636800 ) ) ;
#3023 = CARTESIAN_POINT ( 'NONE',  ( -62.56720637705523600, -1.437407227853595200, 14.39558054434125700 ) ) ;
#3024 = LINE ( 'NONE', #3171, #5299 ) ;
#3025 = ADVANCED_FACE ( 'NONE', ( #5963 ), #5680, .T. ) ;
#3026 = VERTEX_POINT ( 'NONE', #6199 ) ;
#3027 = VERTEX_POINT ( 'NONE', #3299 ) ;
#3028 = CARTESIAN_POINT ( 'NONE',  ( -106.8185030082988600, 21.15415292944036500, 12.55280781756163000 ) ) ;
#3029 = VERTEX_POINT ( 'NONE', #425 ) ;
#3030 = EDGE_CURVE ( 'NONE', #1346, #1565, #673, .T. ) ;
#3031 = CARTESIAN_POINT ( 'NONE',  ( -109.0267042551718400, 19.54163065525969100, 12.98469574147401500 ) ) ;
#3032 = CARTESIAN_POINT ( 'NONE',  ( -8.680842204910186800, 20.20365378806305000, 21.60323475013802200 ) ) ;
#3033 = VERTEX_POINT ( 'NONE', #1385 ) ;
#3034 = CARTESIAN_POINT ( 'NONE',  ( -8.680842204910172600, 18.35359827783351200, 24.40456722086546600 ) ) ;
#3035 = ORIENTED_EDGE ( 'NONE', *, *, #1797, .T. ) ;
#3036 = DIRECTION ( 'NONE',  ( -1.000000000000000000, -5.726637133838782600E-029, 3.490263633665282600E-015 ) ) ;
#3037 = CARTESIAN_POINT ( 'NONE',  ( -69.98303116834152600, 19.85344409265340500, 21.14736625862733300 ) ) ;
#3038 = CARTESIAN_POINT ( 'NONE',  ( -54.30393100767838600, 2.333849568294183600, 13.71522340148415300 ) ) ;
#3039 = CARTESIAN_POINT ( 'NONE',  ( -15.35881040382237100, 18.35359827783351200, 24.40456722086549500 ) ) ;
#3040 = CARTESIAN_POINT ( 'NONE',  ( -72.28620213328848400, -1.437407227853746200, 24.65272340148414900 ) ) ;
#3041 = CARTESIAN_POINT ( 'NONE',  ( -11.42793810542888600, 19.42274211119439900, 23.66840216413822500 ) ) ;
#3042 = PERSON_AND_ORGANIZATION ( #2151, #1257 ) ;
#3043 = FACE_OUTER_BOUND ( 'NONE', #4163, .T. ) ;
#3044 = EDGE_LOOP ( 'NONE', ( #3671, #3340, #6136, #2512 ) ) ;
#3045 = CARTESIAN_POINT ( 'NONE',  ( -56.32469720412586900, -0.2001110937404660900, 10.94200911576983000 ) ) ;
#3046 = ADVANCED_FACE ( 'NONE', ( #3379 ), #5750, .F. ) ;
#3047 = ORIENTED_EDGE ( 'NONE', *, *, #1797, .F. ) ;
#3048 = CARTESIAN_POINT ( 'NONE',  ( -15.09298874374205100, 20.52389705443896200, 26.36691232270883500 ) ) ;
#3049 = VERTEX_POINT ( 'NONE', #4755 ) ;
#3050 = FACE_BOUND ( 'NONE', #5564, .T. ) ;
#3051 = ORIENTED_EDGE ( 'NONE', *, *, #1487, .T. ) ;
#3052 = AXIS2_PLACEMENT_3D ( 'NONE', #2922, #1016, #4369 ) ;
#3053 = CARTESIAN_POINT ( 'NONE',  ( -107.2353986371119800, 22.07766885296393200, 11.13817846284973700 ) ) ;
#3054 = ORIENTED_EDGE ( 'NONE', *, *, #2865, .T. ) ;
#3055 = CARTESIAN_POINT ( 'NONE',  ( -10.26603595043729400, 23.85678903168315300, 26.02741060852731500 ) ) ;
#3056 = DIRECTION ( 'NONE',  ( -0.7071067811865474600, -0.5900440606790055000, -0.3896767974327315400 ) ) ;
#3057 = DIRECTION ( 'NONE',  ( 0.4472135954999593700, 0.7463532606401004400, 0.4929064924829950100 ) ) ;
#3058 = CYLINDRICAL_SURFACE ( 'NONE', #4474, 3.000000000000000000 ) ;
#3059 = CARTESIAN_POINT ( 'NONE',  ( -80.54947750266542500, 2.333849568294162200, 15.98308054434138500 ) ) ;
#3060 = EDGE_CURVE ( 'NONE', #6166, #4547, #5027, .T. ) ;
#3061 = DIRECTION ( 'NONE',  ( 0.0000000000000000000, -0.8371691043312137200, -0.5469441386040019300 ) ) ;
#3062 = ADVANCED_FACE ( 'NONE', ( #1945 ), #5766, .F. ) ;
#3063 = CARTESIAN_POINT ( 'NONE',  ( -67.42670425517187000, -2.546555907346557100, 18.19915197291268100 ) ) ;
#3064 =( BOUNDED_CURVE ( )  B_SPLINE_CURVE ( 3, ( #4104, #3165, #2209, #5608 ),
 .UNSPECIFIED., .F., .T. ) 
 B_SPLINE_CURVE_WITH_KNOTS ( ( 4, 4 ),
 ( 5.306192961836804200, 7.260177652522368200 ),
 .UNSPECIFIED. ) 
 CURVE ( )  GEOMETRIC_REPRESENTATION_ITEM ( )  RATIONAL_B_SPLINE_CURVE ( ( 1.000000000000000000, 0.7063452485847584400, 0.7063452485847584400, 1.000000000000000000 ) ) 
 REPRESENTATION_ITEM ( '' )  );
#3065 = CARTESIAN_POINT ( 'NONE',  ( -76.50794510977036100, 20.04095994108202200, 26.69379483005594300 ) ) ;
#3066 = CARTESIAN_POINT ( 'NONE',  ( -60.26403541210822800, 17.63514673366757500, 21.70450911577012200 ) ) ;
#3067 = CARTESIAN_POINT ( 'NONE',  ( -112.5267042551718900, 21.13360733885678400, 14.38748306749798500 ) ) ;
#3068 = ORIENTED_EDGE ( 'NONE', *, *, #1134, .F. ) ;
#3069 = CARTESIAN_POINT ( 'NONE',  ( -73.58785335064116900, 21.44720201686771300, 23.92058054434165700 ) ) ;
#3070 = EDGE_CURVE ( 'NONE', #3849, #2207, #3241, .T. ) ;
#3071 = DIRECTION ( 'NONE',  ( -1.000000000000000000, -2.132529265733050800E-017, 3.517630367272413100E-015 ) ) ;
#3072 = EDGE_CURVE ( 'NONE', #2182, #1082, #3893, .T. ) ;
#3073 = VECTOR ( 'NONE', #2335, 1000.000000000000000 ) ;
#3074 = CARTESIAN_POINT ( 'NONE',  ( 20.67329574482812000, 17.34809219020561200, 21.72893815592963000 ) ) ;
#3075 = LINE ( 'NONE', #1921, #1814 ) ;
#3076 = ADVANCED_FACE ( 'NONE', ( #2264 ), #1902, .T. ) ;
#3077 = AXIS2_PLACEMENT_3D ( 'NONE', #1208, #4569, #1688 ) ;
#3078 = AXIS2_PLACEMENT_3D ( 'NONE', #4, #3369, #1181 ) ;
#3079 = CARTESIAN_POINT ( 'NONE',  ( -5.326704255171844000, 18.18254050321555200, 22.28002436780120400 ) ) ;
#3080 =( BOUNDED_CURVE ( )  B_SPLINE_CURVE ( 3, ( #4660, #357, #3713, #841 ),
 .UNSPECIFIED., .F., .T. ) 
 B_SPLINE_CURVE_WITH_KNOTS ( ( 4, 4 ),
 ( 0.0000000000000000000, 0.6961843085409120700 ),
 .UNSPECIFIED. ) 
 CURVE ( )  GEOMETRIC_REPRESENTATION_ITEM ( )  RATIONAL_B_SPLINE_CURVE ( ( 1.000000000000000000, 0.9600167993125836600, 0.9600167993125836600, 1.000000000000000000 ) ) 
 REPRESENTATION_ITEM ( '' )  );
#3081 = CARTESIAN_POINT ( 'NONE',  ( -108.8661802548695500, 23.15602377813719000, 10.38890004146970700 ) ) ;
#3082 = CARTESIAN_POINT ( 'NONE',  ( -53.58272790218999400, 11.81324135483318300, 13.03486625862714700 ) ) ;
#3083 = ORIENTED_EDGE ( 'NONE', *, *, #3652, .T. ) ;
#3084 = CARTESIAN_POINT ( 'NONE',  ( -8.680842204910172600, 19.52102995597194400, 25.17556224966891100 ) ) ;
#3085 = ORIENTED_EDGE ( 'NONE', *, *, #4807, .F. ) ;
#3086 = CARTESIAN_POINT ( 'NONE',  ( -64.87037734200218600, 19.85344409265349000, 15.25093768719874500 ) ) ;
#3087 = CARTESIAN_POINT ( 'NONE',  ( -61.26555515970252200, -4.140313831560998600, 23.74558054434122000 ) ) ;
#3088 = CARTESIAN_POINT ( 'NONE',  ( -76.18321685881379300, 1.670358311835622400, 18.75629483005563700 ) ) ;
#3089 = CARTESIAN_POINT ( 'NONE',  ( -7.632680860118945500, 23.39399021580571900, 24.62034156424495300 ) ) ;
#3090 = DIRECTION ( 'NONE',  ( -0.8681610937817912900, 0.4141220910655431500, 0.2734944404098660900 ) ) ;
#3091 = ORIENTED_EDGE ( 'NONE', *, *, #2910, .F. ) ;
#3092 = CARTESIAN_POINT ( 'NONE',  ( -64.18564691883173600, -5.546555907346597500, 20.97236625862692300 ) ) ;
#3093 = CARTESIAN_POINT ( 'NONE',  ( -76.18321685881376500, 15.63652987347118800, 23.46700911577014600 ) ) ;
#3094 = CARTESIAN_POINT ( 'NONE',  ( -106.8550493337761800, 23.26704046632312000, 11.95827280325709400 ) ) ;
#3095 = DIRECTION ( 'NONE',  ( 0.0000000000000000000, 0.3442362757280894000, 0.9388830526071150200 ) ) ;
#3096 = DIRECTION ( 'NONE',  ( -1.987703982890092100E-015, -0.8344483130099414900, -0.5510862118714843200 ) ) ;
#3097 = EDGE_LOOP ( 'NONE', ( #5771, #470, #188, #6221 ) ) ;
#3098 = DIRECTION ( 'NONE',  ( -1.000000000000000000, -5.726637133838782600E-029, 3.490263633665282600E-015 ) ) ;
#3099 = CARTESIAN_POINT ( 'NONE',  ( -8.993122061726955600, 20.38515412775471700, 21.34102649927238800 ) ) ;
#3100 = LINE ( 'NONE', #4487, #411 ) ;
#3101 =( BOUNDED_CURVE ( )  B_SPLINE_CURVE ( 3, ( #5406, #2991, #2035, #5424 ),
 .UNSPECIFIED., .F., .F. ) 
 B_SPLINE_CURVE_WITH_KNOTS ( ( 4, 4 ),
 ( 2.566748062973231500, 3.716437244206352900 ),
 .UNSPECIFIED. ) 
 CURVE ( )  GEOMETRIC_REPRESENTATION_ITEM ( )  RATIONAL_B_SPLINE_CURVE ( ( 1.000000000000000000, 0.8928512062104723100, 0.8928512062104723100, 1.000000000000000000 ) ) 
 REPRESENTATION_ITEM ( '' )  );
#3102 = EDGE_LOOP ( 'NONE', ( #2837, #5699, #4007, #1390 ) ) ;
#3103 = DIRECTION ( 'NONE',  ( -0.4970459221108374200, -0.7240710256435163300, -0.4781908626652476800 ) ) ;
#3104 = CIRCLE ( 'NONE', #2098, 4.749999999999997300 ) ;
#3105 = CARTESIAN_POINT ( 'NONE',  ( -81.27068060815372500, 11.81324135483299600, 26.01343768719867100 ) ) ;
#3106 = CARTESIAN_POINT ( 'NONE',  ( -8.317497012018584700, 20.41196836828629900, 21.32687751277412500 ) ) ;
#3107 = CARTESIAN_POINT ( 'NONE',  ( -72.28620213328852600, -1.437407227853553500, 12.30272340148414900 ) ) ;
#3108 = CARTESIAN_POINT ( 'NONE',  ( -70.66776159151199000, 22.85344409265341500, 20.79736625862738100 ) ) ;
#3109 = ORIENTED_EDGE ( 'NONE', *, *, #4827, .F. ) ;
#3110 = EDGE_CURVE ( 'NONE', #5009, #2943, #3075, .T. ) ;
#3111 = ORIENTED_EDGE ( 'NONE', *, *, #4352, .F. ) ;
#3112 = CARTESIAN_POINT ( 'NONE',  ( -57.07634789095162400, 13.63791301327492200, 15.80808054434148600 ) ) ;
#3113 = EDGE_CURVE ( 'NONE', #5706, #631, #2805, .T. ) ;
#3114 = CARTESIAN_POINT ( 'NONE',  ( -109.5267042551718900, 19.22368941498394800, 12.55717600016134700 ) ) ;
#3115 = EDGE_LOOP ( 'NONE', ( #1406, #3569 ) ) ;
#3116 = CARTESIAN_POINT ( 'NONE',  ( -67.42670425517185600, 22.85344409265345100, 18.02415197291307800 ) ) ;
#3117 = CARTESIAN_POINT ( 'NONE',  ( -60.26403541210826400, -0.3282585483607856100, 20.51879483005555500 ) ) ;
#3118 = ADVANCED_FACE ( 'NONE', ( #2918 ), #5297, .F. ) ;
#3119 = ORIENTED_EDGE ( 'NONE', *, *, #5337, .F. ) ;
#3120 = CARTESIAN_POINT ( 'NONE',  ( -7.551881839805396600, 19.68454746663344300, 23.27197954916988100 ) ) ;
#3121 = CARTESIAN_POINT ( 'NONE',  ( -10.35033425463822400, 18.35359827783351200, 24.40456722086547400 ) ) ;
#3122 = ORIENTED_EDGE ( 'NONE', *, *, #831, .F. ) ;
#3123 = AXIS2_PLACEMENT_3D ( 'NONE', #1120, #2510, #3490 ) ;
#3124 = PRODUCT_DEFINITION ( 'UNKNOWN', '', #4747, #3718 ) ;
#3125 = EDGE_CURVE ( 'NONE', #4848, #4089, #523, .T. ) ;
#3126 = CARTESIAN_POINT ( 'NONE',  ( -15.59246391339233800, 20.52389705443895800, 26.36691232270883500 ) ) ;
#3127 = ORIENTED_EDGE ( 'NONE', *, *, #3030, .F. ) ;
#3128 =( BOUNDED_CURVE ( )  B_SPLINE_CURVE ( 3, ( #1957, #4842, #1026, #4375 ),
 .UNSPECIFIED., .F., .F. ) 
 B_SPLINE_CURVE_WITH_KNOTS ( ( 4, 4 ),
 ( 2.123874095924977100, 3.141592653589801600 ),
 .UNSPECIFIED. ) 
 CURVE ( )  GEOMETRIC_REPRESENTATION_ITEM ( )  RATIONAL_B_SPLINE_CURVE ( ( 1.000000000000000000, 0.9155338758779845200, 0.9155338758779845200, 1.000000000000000000 ) ) 
 REPRESENTATION_ITEM ( '' )  );
#3129 = ORIENTED_EDGE ( 'NONE', *, *, #2709, .T. ) ;
#3130 = CARTESIAN_POINT ( 'NONE',  ( -12.01982630436628700, 16.07776018844792900, 22.90155861990328400 ) ) ;
#3131 = DIRECTION ( 'NONE',  ( 1.000000000000000000, 2.132529265733050800E-017, -3.517630367272413100E-015 ) ) ;
#3132 = ORIENTED_EDGE ( 'NONE', *, *, #1971, .T. ) ;
#3133 = CARTESIAN_POINT ( 'NONE',  ( -54.30393100767833700, 2.333849568294033900, 23.06522340148415000 ) ) ;
#3134 = LINE ( 'NONE', #332, #5558 ) ;
#3135 = CIRCLE ( 'NONE', #5707, 2.500000000000000900 ) ;
#3136 = VERTEX_POINT ( 'NONE', #2904 ) ;
#3137 = CARTESIAN_POINT ( 'NONE',  ( -60.26403541210827100, 17.63514673366777100, 9.354509115770113700 ) ) ;
#3138 = CARTESIAN_POINT ( 'NONE',  ( -67.42670425517187000, -5.546555907346548700, 17.84915197291263700 ) ) ;
#3139 = CARTESIAN_POINT ( 'NONE',  ( -12.83560330372819000, 18.63163816821186500, 25.63580664423753000 ) ) ;
#3140 = VERTEX_POINT ( 'NONE', #3389 ) ;
#3141 = ORIENTED_EDGE ( 'NONE', *, *, #1098, .T. ) ;
#3142 = CARTESIAN_POINT ( 'NONE',  ( -78.91473312382449000, 8.653444092653384000, 22.78665197291291000 ) ) ;
#3143 = CARTESIAN_POINT ( 'NONE',  ( -111.5267042551718900, 24.32679804137865200, 15.16957280833112300 ) ) ;
#3144 = CARTESIAN_POINT ( 'NONE',  ( -72.28620213328851200, 18.74429541316055400, 17.57058054434160300 ) ) ;
#3145 = CARTESIAN_POINT ( 'NONE',  ( -116.0267042551719100, 17.66990003359620700, 9.267597763055613700 ) ) ;
#3146 = DIRECTION ( 'NONE',  ( -2.168404344971009700E-015, -0.8344483130099414900, -0.5510862118714843200 ) ) ;
#3147 = FACE_OUTER_BOUND ( 'NONE', #4713, .T. ) ;
#3148 = CARTESIAN_POINT ( 'NONE',  ( -12.01982630436627300, 18.35359827783351200, 24.40456722086548100 ) ) ;
#3149 = VECTOR ( 'NONE', #1449, 1000.000000000000000 ) ;
#3150 = ADVANCED_FACE ( 'NONE', ( #1641, #391 ), #2419, .T. ) ;
#3151 = CARTESIAN_POINT ( 'NONE',  ( -17.32670425517183300, 21.35344409265333000, 24.37415197291288700 ) ) ;
#3152 = CARTESIAN_POINT ( 'NONE',  ( -14.71880006696637000, 24.32949728037527500, 21.99707780788068600 ) ) ;
#3153 = CARTESIAN_POINT ( 'NONE',  ( -78.52871130621787200, 17.50699927904744200, 20.11700911577017700 ) ) ;
#3154 = EDGE_CURVE ( 'NONE', #3742, #1082, #4052, .T. ) ;
#3155 = FACE_BOUND ( 'NONE', #4231, .T. ) ;
#3156 = CARTESIAN_POINT ( 'NONE',  ( -64.18564691883175000, 22.85344409265350100, 14.90093768719878900 ) ) ;
#3157 = CARTESIAN_POINT ( 'NONE',  ( -5.326704255171833300, 23.02234071867320300, 25.47632439665582600 ) ) ;
#3158 = CARTESIAN_POINT ( 'NONE',  ( -56.50751163873543700, 6.161209632342693300, 19.83843768719850000 ) ) ;
#3159 = PLANE ( 'NONE',  #5719 ) ;
#3160 = LINE ( 'NONE', #4954, #5588 ) ;
#3161 = CARTESIAN_POINT ( 'NONE',  ( -115.5267042551718900, 21.35344409265355000, 11.67415197291322200 ) ) ;
#3162 = CARTESIAN_POINT ( 'NONE',  ( -64.87037734200220000, -2.546555907346498900, 14.62236625862697000 ) ) ;
#3163 = ORIENTED_EDGE ( 'NONE', *, *, #3456, .F. ) ;
#3164 = CARTESIAN_POINT ( 'NONE',  ( -109.2031147739841800, 21.85809613994033300, 12.41985178260648800 ) ) ;
#3165 = CARTESIAN_POINT ( 'NONE',  ( -5.840134972317361700, 20.33565712470819200, 28.04450397920522800 ) ) ;
#3166 = EDGE_CURVE ( 'NONE', #39, #2367, #5504, .T. ) ;
#3167 = DIRECTION ( 'NONE',  ( 1.000000000000000000, 5.726637133838782600E-029, -3.490263633665282600E-015 ) ) ;
#3168 = PLANE ( 'NONE',  #1028 ) ;
#3169 = LINE ( 'NONE', #1518, #2856 ) ;
#3170 = CARTESIAN_POINT ( 'NONE',  ( -118.5267042551719100, 17.66990003359620700, 9.267597763055620800 ) ) ;
#3171 = CARTESIAN_POINT ( 'NONE',  ( -17.32670425517183700, 19.68454746663344300, 23.27197954916991700 ) ) ;
#3172 =( BOUNDED_CURVE ( )  B_SPLINE_CURVE ( 3, ( #4234, #1795, #2299, #4718 ),
 .UNSPECIFIED., .F., .T. ) 
 B_SPLINE_CURVE_WITH_KNOTS ( ( 4, 4 ),
 ( 5.306192961836806000, 7.260177652522364700 ),
 .UNSPECIFIED. ) 
 CURVE ( )  GEOMETRIC_REPRESENTATION_ITEM ( )  RATIONAL_B_SPLINE_CURVE ( ( 1.000000000000000000, 0.7063452485847598900, 0.7063452485847598900, 1.000000000000000000 ) ) 
 REPRESENTATION_ITEM ( '' )  );
#3173 = ORIENTED_EDGE ( 'NONE', *, *, #5419, .F. ) ;
#3174 = ORIENTED_EDGE ( 'NONE', *, *, #4032, .T. ) ;
#3175 = DIRECTION ( 'NONE',  ( -2.023844055306275100E-015, -0.8344483130099412700, -0.5510862118714848800 ) ) ;
#3176 = AXIS2_PLACEMENT_3D ( 'NONE', #4670, #2754, #6146 ) ;
#3177 = CARTESIAN_POINT ( 'NONE',  ( -58.34546340057336500, -2.734071755775250100, 17.16879483005551800 ) ) ;
#3178 = DIRECTION ( 'NONE',  ( 0.8944271909999153000, -0.3731766303200481600, -0.2464532462415037800 ) ) ;
#3179 = DIRECTION ( 'NONE',  ( -0.8677242369053586000, 0.4147591311938581000, 0.2739151543422328500 ) ) ;
#3180 = ORIENTED_EDGE ( 'NONE', *, *, #3890, .T. ) ;
#3181 = CARTESIAN_POINT ( 'NONE',  ( -74.58937309823548400, -0.3282585483608433400, 24.87950911576989200 ) ) ;
#3182 = CARTESIAN_POINT ( 'NONE',  ( -113.4333617212113700, 21.97348258784597200, 8.893889164085548400 ) ) ;
#3183 = CARTESIAN_POINT ( 'NONE',  ( -107.4891374392065000, 22.21199684110057900, 13.50864265581095400 ) ) ;
#3184 = CARTESIAN_POINT ( 'NONE',  ( -67.42670425517188400, 19.85344409265355000, 11.67415197291302900 ) ) ;
#3185 = ADVANCED_FACE ( 'NONE', ( #228, #5342, #2790 ), #55, .F. ) ;
#3186 = ORIENTED_EDGE ( 'NONE', *, *, #1496, .F. ) ;
#3187 = CARTESIAN_POINT ( 'NONE',  ( -113.3075170003551600, 22.19866467485228900, 11.99437721210854600 ) ) ;
#3188 = LINE ( 'NONE', #22, #2032 ) ;
#3189 = CARTESIAN_POINT ( 'NONE',  ( -108.5267042551718900, 21.35344409265355000, 11.67415197291319600 ) ) ;
#3190 =( BOUNDED_CURVE ( )  B_SPLINE_CURVE ( 3, ( #3472, #4895, #4433, #1550 ),
 .UNSPECIFIED., .F., .F. ) 
 B_SPLINE_CURVE_WITH_KNOTS ( ( 4, 4 ),
 ( 3.141592653589802000, 3.839642715490228400 ),
 .UNSPECIFIED. ) 
 CURVE ( )  GEOMETRIC_REPRESENTATION_ITEM ( )  RATIONAL_B_SPLINE_CURVE ( ( 1.000000000000000000, 0.9598043873844748200, 0.9598043873844748200, 1.000000000000000000 ) ) 
 REPRESENTATION_ITEM ( '' )  );
#3191 = EDGE_LOOP ( 'NONE', ( #3748, #5686, #1163, #998, #2481, #6173 ) ) ;
#3192 = CARTESIAN_POINT ( 'NONE',  ( -12.01982630436627300, 21.33580271910519600, 26.37407416688426000 ) ) ;
#3193 = CARTESIAN_POINT ( 'NONE',  ( -7.551881839805402000, 19.94562382264609800, 22.87666077662844800 ) ) ;
#3194 = ORIENTED_EDGE ( 'NONE', *, *, #4397, .F. ) ;
#3195 = EDGE_LOOP ( 'NONE', ( #26, #4146, #1709, #2824 ) ) ;
#3196 = CARTESIAN_POINT ( 'NONE',  ( -69.98303116834152600, 19.85344409265330900, 27.14736625862733300 ) ) ;
#3197 = CARTESIAN_POINT ( 'NONE',  ( -7.784587090412458100, 20.77972570090734200, 22.45820646038583500 ) ) ;
#3198 = CARTESIAN_POINT ( 'NONE',  ( -109.3267042551719900, 20.65270979324443700, 11.10121065757269900 ) ) ;
#3199 = CARTESIAN_POINT ( 'NONE',  ( -58.67019165152991200, 15.63652987347119900, 21.93129483005579400 ) ) ;
#3200 = EDGE_CURVE ( 'NONE', #39, #1982, #2620, .T. ) ;
#3201 = CARTESIAN_POINT ( 'NONE',  ( -11.15997146669545800, 20.78330137917686600, 22.45713937872635700 ) ) ;
#3202 = ORIENTED_EDGE ( 'NONE', *, *, #3805, .F. ) ;
#3203 = EDGE_CURVE ( 'NONE', #3487, #5179, #5212, .T. ) ;
#3204 = CARTESIAN_POINT ( 'NONE',  ( -17.32670425517184000, 18.85009915362350300, 22.72089333729843100 ) ) ;
#3205 = ORIENTED_EDGE ( 'NONE', *, *, #605, .F. ) ;
#3206 = CARTESIAN_POINT ( 'NONE',  ( -108.8503621232007700, 22.23907310790557500, 11.83664878247824100 ) ) ;
#3207 = CARTESIAN_POINT ( 'NONE',  ( -14.47552752048315100, 24.07525001709480300, 23.11249730158824900 ) ) ;
#3208 = CARTESIAN_POINT ( 'NONE',  ( -72.28620213328851200, -1.437407227853699300, 21.65272340148415600 ) ) ;
#3209 = CARTESIAN_POINT ( 'NONE',  ( -107.0267042551719100, 24.32679794063002300, 15.16957296253998400 ) ) ;
#3210 = CARTESIAN_POINT ( 'NONE',  ( -7.784587090412443900, 18.65232033669405700, 25.67949884443492800 ) ) ;
#3211 = CALENDAR_DATE ( 2015, 1, 7 ) ;
#3212 = FACE_OUTER_BOUND ( 'NONE', #4113, .T. ) ;
#3213 = ORIENTED_EDGE ( 'NONE', *, *, #1933, .T. ) ;
#3214 = CARTESIAN_POINT ( 'NONE',  ( -106.6947585488068200, 19.44588127019404700, 11.52710666906722300 ) ) ;
#3215 = AXIS2_PLACEMENT_3D ( 'NONE', #705, #3071, #3096 ) ;
#3216 = VERTEX_POINT ( 'NONE', #4368 ) ;
#3217 = CARTESIAN_POINT ( 'NONE',  ( -74.58937309823549800, -0.3282585483607926000, 21.87950911576988800 ) ) ;
#3218 = FACE_BOUND ( 'NONE', #5839, .T. ) ;
#3219 = ORIENTED_EDGE ( 'NONE', *, *, #5763, .T. ) ;
#3220 = CARTESIAN_POINT ( 'NONE',  ( -7.632680860118965100, 20.32588738853998900, 22.59410562086910800 ) ) ;
#3221 = CARTESIAN_POINT ( 'NONE',  ( -7.632680860118957100, 19.31289796950094100, 24.12796238158075500 ) ) ;
#3222 = ORIENTED_EDGE ( 'NONE', *, *, #2488, .F. ) ;
#3223 = CARTESIAN_POINT ( 'NONE',  ( -10.92606838373319700, 22.76053536323414800, 25.87274701162417800 ) ) ;
#3224 = CARTESIAN_POINT ( 'NONE',  ( -77.77706061939211700, 3.668975172031998100, 18.98308054434139100 ) ) ;
#3225 = CARTESIAN_POINT ( 'NONE',  ( -9.608160381721340600, 23.38434874959332200, 24.65871797155929100 ) ) ;
#3226 = FACE_BOUND ( 'NONE', #4976, .T. ) ;
#3227 = CARTESIAN_POINT ( 'NONE',  ( -15.09298874374206400, 22.18299113086771600, 22.38139162311693700 ) ) ;
#3228 = CARTESIAN_POINT ( 'NONE',  ( -11.69370109359390700, 20.41373474912414900, 21.32595333843808300 ) ) ;
#3229 = CARTESIAN_POINT ( 'NONE',  ( -60.26403541210825700, 17.63514673366762200, 18.70450911577012600 ) ) ;
#3230 = PLANE ( 'NONE',  #5241 ) ;
#3231 = CARTESIAN_POINT ( 'NONE',  ( -107.3266607881729300, 20.78031273307101800, 12.37472317048155000 ) ) ;
#3232 = ORIENTED_EDGE ( 'NONE', *, *, #911, .F. ) ;
#3233 = LINE ( 'NONE', #928, #4344 ) ;
#3234 = CARTESIAN_POINT ( 'NONE',  ( -58.67019165152993300, 15.63652987347124700, 18.93129483005579100 ) ) ;
#3235 = VECTOR ( 'NONE', #1806, 1000.000000000000000 ) ;
#3236 = CARTESIAN_POINT ( 'NONE',  ( -110.5267042551718900, 21.35344409265355000, 11.67415197291320300 ) ) ;
#3237 = EDGE_CURVE ( 'NONE', #2540, #3494, #1675, .T. ) ;
#3238 = AXIS2_PLACEMENT_3D ( 'NONE', #5372, #3912, #1048 ) ;
#3239 = EDGE_CURVE ( 'NONE', #2, #5847, #1367, .T. ) ;
#3240 = CARTESIAN_POINT ( 'NONE',  ( -12.80081142699256900, 15.26460154110753300, 24.13283395734699300 ) ) ;
#3241 = LINE ( 'NONE', #467, #4350 ) ;
#3242 = CARTESIAN_POINT ( 'NONE',  ( -56.50751163873545100, 11.14567855296419400, 16.03486625862714700 ) ) ;
#3243 = CARTESIAN_POINT ( 'NONE',  ( -107.5267042344328100, 20.69147735385236700, 9.756063559879240900 ) ) ;
#3244 = CARTESIAN_POINT ( 'NONE',  ( -17.32670425517184000, 18.85009915362350300, 22.72089333729843100 ) ) ;
#3245 = CARTESIAN_POINT ( 'NONE',  ( -74.58937309823548400, -0.3282585483607926600, 21.87950911576988800 ) ) ;
#3246 = DIRECTION ( 'NONE',  ( 1.920722739381899900E-015, 0.8344483130099413800, 0.5510862118714846500 ) ) ;
#3247 = ORIENTED_EDGE ( 'NONE', *, *, #3281, .F. ) ;
#3248 = VERTEX_POINT ( 'NONE', #5890 ) ;
#3249 = EDGE_CURVE ( 'NONE', #1467, #1498, #5030, .T. ) ;
#3250 = APPLICATION_PROTOCOL_DEFINITION ( 'international standard', 'config_control_design', 1994, #3734 ) ;
#3251 = EDGE_CURVE ( 'NONE', #5611, #2236, #554, .T. ) ;
#3252 = CARTESIAN_POINT ( 'NONE',  ( -76.18321685881380700, 1.670358311835672200, 15.75629483005563900 ) ) ;
#3253 = DIRECTION ( 'NONE',  ( 0.0000000000000000000, -1.000000000000000000, -1.619075244245018500E-014 ) ) ;
#3254 = ORIENTED_EDGE ( 'NONE', *, *, #2274, .T. ) ;
#3255 = ORIENTED_EDGE ( 'NONE', *, *, #1834, .F. ) ;
#3256 = CARTESIAN_POINT ( 'NONE',  ( -76.50794510977037500, -2.734071755775307800, 21.87950911576986000 ) ) ;
#3257 = CYLINDRICAL_SURFACE ( 'NONE', #4436, 0.5000000000000168800 ) ;
#3258 = CARTESIAN_POINT ( 'NONE',  ( -108.7018404942049600, 21.67760075237670500, 9.506510647508672900 ) ) ;
#3259 = CARTESIAN_POINT ( 'NONE',  ( -112.7267042551719000, 20.65299531404463800, 11.10077363087170700 ) ) ;
#3260 = ORIENTED_EDGE ( 'NONE', *, *, #2579, .T. ) ;
#3261 = CARTESIAN_POINT ( 'NONE',  ( -11.15997146669545800, 24.05335389940224600, 23.06629608046101200 ) ) ;
#3262 = CARTESIAN_POINT ( 'NONE',  ( -58.67019165152993300, 15.63652987347124700, 18.93129483005579100 ) ) ;
#3263 = LINE ( 'NONE', #2399, #5708 ) ;
#3264 =( BOUNDED_CURVE ( )  B_SPLINE_CURVE ( 3, ( #5502, #5999, #210, #3577 ),
 .UNSPECIFIED., .F., .T. ) 
 B_SPLINE_CURVE_WITH_KNOTS ( ( 4, 4 ),
 ( 5.708340716563025600, 6.858029897796146000 ),
 .UNSPECIFIED. ) 
 CURVE ( )  GEOMETRIC_REPRESENTATION_ITEM ( )  RATIONAL_B_SPLINE_CURVE ( ( 1.000000000000000000, 0.8928512062104726500, 0.8928512062104726500, 1.000000000000000000 ) ) 
 REPRESENTATION_ITEM ( '' )  );
#3265 = EDGE_LOOP ( 'NONE', ( #3649, #2792, #3051, #3995 ) ) ;
#3266 = EDGE_LOOP ( 'NONE', ( #640, #4172, #3630, #727 ) ) ;
#3267 = APPROVAL_ROLE ( '' ) ;
#3268 = CARTESIAN_POINT ( 'NONE',  ( -57.07634789095165900, 13.63791301327496800, 12.80808054434147500 ) ) ;
#3269 = CARTESIAN_POINT ( 'NONE',  ( -118.0267042551718800, 25.03698815171089000, 14.08070618277083400 ) ) ;
#3270 = PLANE ( 'NONE',  #5469 ) ;
#3271 = ORIENTED_EDGE ( 'NONE', *, *, #3391, .T. ) ;
#3272 = CARTESIAN_POINT ( 'NONE',  ( -113.5267042551718900, 15.76510034219872500, 13.28014547437968100 ) ) ;
#3273 = ORIENTED_EDGE ( 'NONE', *, *, #5907, .T. ) ;
#3274 = ORIENTED_EDGE ( 'NONE', *, *, #5336, .F. ) ;
#3275 = EDGE_CURVE ( 'NONE', #2320, #4477, #5733, .T. ) ;
#3276 = CARTESIAN_POINT ( 'NONE',  ( -108.5267042551718800, 20.03466277428791600, 16.06956058126007000 ) ) ;
#3277 = DIRECTION ( 'NONE',  ( -1.000000000000000000, 3.885780586187476000E-016, 3.490263633665288500E-015 ) ) ;
#3278 = CARTESIAN_POINT ( 'NONE',  ( -56.32469720412584000, 17.50699927904744500, 18.93129483005580800 ) ) ;
#3279 = CARTESIAN_POINT ( 'NONE',  ( -113.5267042551718900, 21.04775827112565200, 14.51888622564057100 ) ) ;
#3280 = ORIENTED_EDGE ( 'NONE', *, *, #1564, .F. ) ;
#3281 = EDGE_CURVE ( 'NONE', #1324, #5393, #4571, .T. ) ;
#3282 = CARTESIAN_POINT ( 'NONE',  ( -12.99449490724483700, 20.28995692305595000, 22.62145373851195300 ) ) ;
#3283 = AXIS2_PLACEMENT_3D ( 'NONE', #3411, #1036, #4394 ) ;
#3284 = EDGE_CURVE ( 'NONE', #4156, #3248, #4867, .T. ) ;
#3285 = DIRECTION ( 'NONE',  ( 0.7071067811865512400, 0.5900440606790025000, 0.3896767974327294300 ) ) ;
#3286 = CARTESIAN_POINT ( 'NONE',  ( -77.77706061939215900, 3.668975172032046000, 15.98308054434139100 ) ) ;
#3287 = EDGE_LOOP ( 'NONE', ( #1818, #3360, #1766, #5824 ) ) ;
#3288 = CARTESIAN_POINT ( 'NONE',  ( -11.15997146669544400, 21.21060740600150800, 27.37074965711178700 ) ) ;
#3289 = VECTOR ( 'NONE', #274, 1000.000000000000000 ) ;
#3290 = LINE ( 'NONE', #5252, #5729 ) ;
#3291 = ORIENTED_EDGE ( 'NONE', *, *, #1975, .T. ) ;
#3292 = CARTESIAN_POINT ( 'NONE',  ( -110.5821508525827100, 22.62306540529834800, 13.77310457083598800 ) ) ;
#3293 = CARTESIAN_POINT ( 'NONE',  ( -78.91473312382446200, 8.653444092653428400, 19.78665197291290300 ) ) ;
#3294 = ORIENTED_EDGE ( 'NONE', *, *, #4035, .T. ) ;
#3295 = PLANE ( 'NONE',  #6138 ) ;
#3296 = CARTESIAN_POINT ( 'NONE',  ( -111.5267042551718900, 25.74885260025180100, 12.99293344548771500 ) ) ;
#3297 = AXIS2_PLACEMENT_3D ( 'NONE', #3209, #2240, #1760 ) ;
#3298 = VECTOR ( 'NONE', #431, 999.9999999999998900 ) ;
#3299 = CARTESIAN_POINT ( 'NONE',  ( -106.7267042551719100, 21.84569381739715500, 10.92069977901509500 ) ) ;
#3300 = CARTESIAN_POINT ( 'NONE',  ( -80.54947750266541100, 2.333849568294162200, 15.98308054434138500 ) ) ;
#3301 = VECTOR ( 'NONE', #3378, 1000.000000000000100 ) ;
#3302 = CARTESIAN_POINT ( 'NONE',  ( -106.5267042551719100, 20.91724392731696700, 9.836318832955090100 ) ) ;
#3303 = AXIS2_PLACEMENT_3D ( 'NONE', #3783, #2834, #6216 ) ;
#3304 = CARTESIAN_POINT ( 'NONE',  ( -9.447423972536277900, 19.79101746790587800, 29.59050820319270900 ) ) ;
#3305 = CARTESIAN_POINT ( 'NONE',  ( -56.50751163873546500, 11.14567855296424000, 13.03486625862714700 ) ) ;
#3306 = DIRECTION ( 'NONE',  ( 1.000000000000000000, 2.132529265733050800E-017, -3.517630367272413100E-015 ) ) ;
#3307 = CARTESIAN_POINT ( 'NONE',  ( -113.3267042551765400, 20.59999189875540900, 11.18190224816968800 ) ) ;
#3308 = CARTESIAN_POINT ( 'NONE',  ( -56.50751163873545100, 6.161209632342741200, 16.83843768719849600 ) ) ;
#3309 = VECTOR ( 'NONE', #3702, 1000.000000000000000 ) ;
#3310 = CARTESIAN_POINT ( 'NONE',  ( -110.7455212384874800, 21.67445325375049200, 10.82917978290251200 ) ) ;
#3311 = CARTESIAN_POINT ( 'NONE',  ( -13.68931835409433600, 23.18585822933472300, 23.57274169615684300 ) ) ;
#3312 = ORIENTED_EDGE ( 'NONE', *, *, #4840, .T. ) ;
#3313 = EDGE_LOOP ( 'NONE', ( #6092, #5930, #5720, #4814, #1412, #6075 ) ) ;
#3314 = CARTESIAN_POINT ( 'NONE',  ( -109.0948826358131600, 21.83133319069163000, 9.480008360300043800 ) ) ;
#3315 = LINE ( 'NONE', #1009, #5957 ) ;
#3316 = CARTESIAN_POINT ( 'NONE',  ( -12.83560330372819000, 23.34710532966402500, 24.21504549271492100 ) ) ;
#3317 = CARTESIAN_POINT ( 'NONE',  ( -53.58272790218999400, 11.81324135483318300, 13.03486625862714700 ) ) ;
#3318 = EDGE_CURVE ( 'NONE', #1964, #956, #1203, .T. ) ;
#3319 = EDGE_CURVE ( 'NONE', #4094, #5179, #1040, .T. ) ;
#3320 = ORIENTED_EDGE ( 'NONE', *, *, #6128, .F. ) ;
#3321 = VERTEX_POINT ( 'NONE', #2728 ) ;
#3322 = DIRECTION ( 'NONE',  ( 0.0000000000000000000, 0.8371691043312133900, 0.5469441386040022600 ) ) ;
#3323 = DIRECTION ( 'NONE',  ( 1.000000000000000000, 2.132529265733050800E-017, -3.517630367272413100E-015 ) ) ;
#3324 = CARTESIAN_POINT ( 'NONE',  ( -15.09298874374206200, 22.86051080062907200, 22.82883904730839900 ) ) ;
#3325 = DIRECTION ( 'NONE',  ( -1.000000000000000000, -1.329951891848760100E-017, 3.165055512925889300E-015 ) ) ;
#3326 = ORIENTED_EDGE ( 'NONE', *, *, #2285, .T. ) ;
#3327 = EDGE_CURVE ( 'NONE', #4697, #1965, #3441, .T. ) ;
#3328 = CARTESIAN_POINT ( 'NONE',  ( -77.77706061939213100, 13.63791301327496100, 13.89022340148440400 ) ) ;
#3329 = CARTESIAN_POINT ( 'NONE',  ( -110.8502574462700900, 21.51604556537193200, 10.78854171056226900 ) ) ;
#3330 = CARTESIAN_POINT ( 'NONE',  ( -113.0267042551707800, 19.22086043950784500, 13.47567625532319900 ) ) ;
#3331 = ORIENTED_EDGE ( 'NONE', *, *, #3898, .T. ) ;
#3332 = CARTESIAN_POINT ( 'NONE',  ( -109.5267042551719100, 21.30655909906199600, 9.369073185294652700 ) ) ;
#3333 = LINE ( 'NONE', #6182, #4611 ) ;
#3334 = CARTESIAN_POINT ( 'NONE',  ( -15.35881040382237100, 24.35328990747315100, 24.34373672496029100 ) ) ;
#3335 = DIRECTION ( 'NONE',  ( -0.4472135954999562600, 0.7463532606401003200, 0.4929064924829980600 ) ) ;
#3336 = ORIENTED_EDGE ( 'NONE', *, *, #2526, .T. ) ;
#3337 = AXIS2_PLACEMENT_3D ( 'NONE', #5554, #733, #2645 ) ;
#3338 = LINE ( 'NONE', #1335, #2036 ) ;
#3339 = PLANE ( 'NONE',  #706 ) ;
#3340 = ORIENTED_EDGE ( 'NONE', *, *, #3166, .T. ) ;
#3341 =( BOUNDED_CURVE ( )  B_SPLINE_CURVE ( 3, ( #5868, #69, #3442, #565 ),
 .UNSPECIFIED., .F., .T. ) 
 B_SPLINE_CURVE_WITH_KNOTS ( ( 4, 4 ),
 ( 3.141592653589800700, 4.175424735638680200 ),
 .UNSPECIFIED. ) 
 CURVE ( )  GEOMETRIC_REPRESENTATION_ITEM ( )  RATIONAL_B_SPLINE_CURVE ( ( 1.000000000000000000, 0.9128982722561316300, 0.9128982722561316300, 1.000000000000000000 ) ) 
 REPRESENTATION_ITEM ( '' )  );
#3342 = ORIENTED_EDGE ( 'NONE', *, *, #2937, .F. ) ;
#3343 = DIRECTION ( 'NONE',  ( 2.947032800510583500E-015, -0.5510862118714845400, 0.8344483130099414900 ) ) ;
#3344 = CARTESIAN_POINT ( 'NONE',  ( -58.67019165152996200, 1.670358311835734400, 10.94200911576986700 ) ) ;
#3345 = VERTEX_POINT ( 'NONE', #1589 ) ;
#3346 = CARTESIAN_POINT ( 'NONE',  ( -13.80682795621737400, 23.85678903168315300, 26.02741060852732600 ) ) ;
#3347 = ORIENTED_EDGE ( 'NONE', *, *, #5541, .F. ) ;
#3348 = CARTESIAN_POINT ( 'NONE',  ( -10.69408882626711900, 22.29315343618248900, 27.42235060738766000 ) ) ;
#3349 = DIRECTION ( 'NONE',  ( 0.0000000000000000000, 0.5469441386039992600, -0.8371691043312155000 ) ) ;
#3350 = EDGE_CURVE ( 'NONE', #5533, #2422, #864, .T. ) ;
#3351 = EDGE_CURVE ( 'NONE', #109, #1455, #2345, .T. ) ;
#3352 = DATE_AND_TIME ( #4635, #5928 ) ;
#3353 = FACE_OUTER_BOUND ( 'NONE', #3410, .T. ) ;
#3354 = ORIENTED_EDGE ( 'NONE', *, *, #306, .T. ) ;
#3355 = CARTESIAN_POINT ( 'NONE',  ( -113.0267042551719100, 20.45819796371090500, 11.58177032639615000 ) ) ;
#3356 = CARTESIAN_POINT ( 'NONE',  ( -13.04930801723830000, 18.37739090493140300, 26.75122613794508600 ) ) ;
#3357 = EDGE_LOOP ( 'NONE', ( #3966, #2838, #5377, #4431 ) ) ;
#3358 =( BOUNDED_CURVE ( )  B_SPLINE_CURVE ( 3, ( #4701, #3729, #855, #5195 ),
 .UNSPECIFIED., .F., .T. ) 
 B_SPLINE_CURVE_WITH_KNOTS ( ( 4, 4 ),
 ( 2.566748062973234700, 3.716437244206352900 ),
 .UNSPECIFIED. ) 
 CURVE ( )  GEOMETRIC_REPRESENTATION_ITEM ( )  RATIONAL_B_SPLINE_CURVE ( ( 1.000000000000000000, 0.8928512062104729800, 0.8928512062104729800, 1.000000000000000000 ) ) 
 REPRESENTATION_ITEM ( '' )  );
#3359 = CARTESIAN_POINT ( 'NONE',  ( -111.1231600801915500, 20.57847483644805200, 12.13258530759399200 ) ) ;
#3360 = ORIENTED_EDGE ( 'NONE', *, *, #3200, .T. ) ;
#3361 = CARTESIAN_POINT ( 'NONE',  ( -108.5671797419637700, 21.20798397769094700, 13.84448729350890200 ) ) ;
#3362 = AXIS2_PLACEMENT_3D ( 'NONE', #3886, #5861, #2944 ) ;
#3363 = EDGE_CURVE ( 'NONE', #3545, #1157, #1666, .T. ) ;
#3364 = VERTEX_POINT ( 'NONE', #6234 ) ;
#3365 = DIRECTION ( 'NONE',  ( 0.7071067811865610100, 0.5900440606789942900, 0.3896767974327240400 ) ) ;
#3366 = CARTESIAN_POINT ( 'NONE',  ( -73.58785335064115400, 21.44720201686776000, 20.92058054434165700 ) ) ;
#3367 = CYLINDRICAL_SURFACE ( 'NONE', #4165, 0.5000000000000005600 ) ;
#3368 = CARTESIAN_POINT ( 'NONE',  ( -6.745528495101792600, 20.52389705443895800, 26.36691232270880600 ) ) ;
#3369 = DIRECTION ( 'NONE',  ( 1.000000000000000000, 5.726637133838782600E-029, -3.490263633665282600E-015 ) ) ;
#3370 = ORIENTED_EDGE ( 'NONE', *, *, #1622, .T. ) ;
#3371 = CARTESIAN_POINT ( 'NONE',  ( -113.0267042551708100, 22.14655717887190500, 8.997517068738510200 ) ) ;
#3372 = CARTESIAN_POINT ( 'NONE',  ( -108.8183067448727700, 20.47484042697822200, 11.47461610561177100 ) ) ;
#3373 =( BOUNDED_CURVE ( )  B_SPLINE_CURVE ( 3, ( #4284, #2851, #1901, #5279 ),
 .UNSPECIFIED., .F., .F. ) 
 B_SPLINE_CURVE_WITH_KNOTS ( ( 4, 4 ),
 ( 2.474217354736324600, 3.141592653589791800 ),
 .UNSPECIFIED. ) 
 CURVE ( )  GEOMETRIC_REPRESENTATION_ITEM ( )  RATIONAL_B_SPLINE_CURVE ( ( 1.000000000000000000, 0.9632273044370107700, 0.9632273044370107700, 1.000000000000000000 ) ) 
 REPRESENTATION_ITEM ( '' )  );
#3374 = LINE ( 'NONE', #4199, #2527 ) ;
#3375 = FACE_OUTER_BOUND ( 'NONE', #1380, .T. ) ;
#3376 = CARTESIAN_POINT ( 'NONE',  ( -4.080990041192997400, 25.35879599510104800, 27.01936578989596800 ) ) ;
#3377 = CARTESIAN_POINT ( 'NONE',  ( -17.32670425517183300, 21.35344409265333000, 24.37415197291288700 ) ) ;
#3378 = DIRECTION ( 'NONE',  ( -2.921940880075401800E-015, 0.5469441386040017100, -0.8371691043312136100 ) ) ;
#3379 = FACE_OUTER_BOUND ( 'NONE', #2442, .T. ) ;
#3380 = CARTESIAN_POINT ( 'NONE',  ( -64.18564691883175000, -5.546555907346551400, 17.97236625862692000 ) ) ;
#3381 = VERTEX_POINT ( 'NONE', #5663 ) ;
#3382 = CARTESIAN_POINT ( 'NONE',  ( -10.35033425463822400, 21.33580271910519600, 26.37407416688425200 ) ) ;
#3383 = EDGE_CURVE ( 'NONE', #986, #1890, #5589, .T. ) ;
#3384 = ORIENTED_EDGE ( 'NONE', *, *, #2626, .T. ) ;
#3385 = DIRECTION ( 'NONE',  ( 2.830816654711058300E-015, -0.5985001697990023400, 0.8011226789640679700 ) ) ;
#3386 = VERTEX_POINT ( 'NONE', #2388 ) ;
#3387 = CARTESIAN_POINT ( 'NONE',  ( -11.15997146669545800, 20.78330137917686600, 22.45713937872635700 ) ) ;
#3388 =( BOUNDED_CURVE ( )  B_SPLINE_CURVE ( 3, ( #2302, #3282, #1875, #5250 ),
 .UNSPECIFIED., .F., .F. ) 
 B_SPLINE_CURVE_WITH_KNOTS ( ( 4, 4 ),
 ( 2.478289870165948800, 3.141592653589791800 ),
 .UNSPECIFIED. ) 
 CURVE ( )  GEOMETRIC_REPRESENTATION_ITEM ( )  RATIONAL_B_SPLINE_CURVE ( ( 1.000000000000000000, 0.9636706212180183900, 0.9636706212180183900, 1.000000000000000000 ) ) 
 REPRESENTATION_ITEM ( '' )  );
#3389 = CARTESIAN_POINT ( 'NONE',  ( -113.3267042551765400, 22.10689628655169200, 12.16640169765674400 ) ) ;
#3390 = CARTESIAN_POINT ( 'NONE',  ( -13.80682795621738300, 18.26360215224936200, 23.60896025466881600 ) ) ;
#3391 = EDGE_CURVE ( 'NONE', #3414, #5147, #1735, .T. ) ;
#3392 = EDGE_CURVE ( 'NONE', #1454, #4060, #586, .T. ) ;
#3393 = ORIENTED_EDGE ( 'NONE', *, *, #3154, .F. ) ;
#3394 = CARTESIAN_POINT ( 'NONE',  ( -9.447423972536290300, 18.63412701990058200, 25.64116209830073600 ) ) ;
#3395 = CARTESIAN_POINT ( 'NONE',  ( -176.5267042551717800, 22.21403478197374100, 14.02135960443114400 ) ) ;
#3396 = CIRCLE ( 'NONE', #2848, 1.500000000000001300 ) ;
#3397 = CARTESIAN_POINT ( 'NONE',  ( -6.745528495101806900, 22.18299113086770900, 22.38139162311690800 ) ) ;
#3398 = ORIENTED_EDGE ( 'NONE', *, *, #661, .F. ) ;
#3399 = AXIS2_PLACEMENT_3D ( 'NONE', #825, #3578, #4051 ) ;
#3400 = CARTESIAN_POINT ( 'NONE',  ( -67.42670425517185600, 22.85344409265350100, 15.02415197291308500 ) ) ;
#3401 = LINE ( 'NONE', #5239, #2115 ) ;
#3402 = CARTESIAN_POINT ( 'NONE',  ( -113.1232094643660400, 20.89499502098368600, 10.89919113284669500 ) ) ;
#3403 = ORIENTED_EDGE ( 'NONE', *, *, #4314, .F. ) ;
#3404 = DIRECTION ( 'NONE',  ( 1.000000000000000000, 5.726637133838782600E-029, -3.490263633665282600E-015 ) ) ;
#3405 = CARTESIAN_POINT ( 'NONE',  ( -118.5267042551717800, 21.35344409265351100, 11.67415197291316400 ) ) ;
#3406 = ORIENTED_EDGE ( 'NONE', *, *, #82, .T. ) ;
#3407 = DIRECTION ( 'NONE',  ( -1.000000000000000000, -5.726637133838782600E-029, 3.490263633665282600E-015 ) ) ;
#3408 = CARTESIAN_POINT ( 'NONE',  ( -105.5267042551718900, 21.35344409265355000, 11.67415197291318800 ) ) ;
#3409 = ORIENTED_EDGE ( 'NONE', *, *, #1877, .T. ) ;
#3410 = EDGE_LOOP ( 'NONE', ( #3581, #944 ) ) ;
#3411 = CARTESIAN_POINT ( 'NONE',  ( -110.5267042551719100, 27.11621294676180600, 10.90001068465967100 ) ) ;
#3412 = PLANE ( 'NONE',  #3985 ) ;
#3413 = CARTESIAN_POINT ( 'NONE',  ( -112.7643800439064400, 19.19584199311197300, 13.38793224995975900 ) ) ;
#3414 = VERTEX_POINT ( 'NONE', #5781 ) ;
#3415 = CARTESIAN_POINT ( 'NONE',  ( -70.66776159151203300, -5.546555907346455400, 12.07593768719836900 ) ) ;
#3416 = ORIENTED_EDGE ( 'NONE', *, *, #3350, .T. ) ;
#3417 = DIRECTION ( 'NONE',  ( -1.000000000000000000, -2.132529265733050800E-017, 3.517630367272413100E-015 ) ) ;
#3418 = VECTOR ( 'NONE', #5568, 1000.000000000000000 ) ;
#3419 = FACE_OUTER_BOUND ( 'NONE', #6131, .T. ) ;
#3420 = ORIENTED_EDGE ( 'NONE', *, *, #3203, .F. ) ;
#3421 = EDGE_CURVE ( 'NONE', #6060, #2112, #1218, .T. ) ;
#3422 = CARTESIAN_POINT ( 'NONE',  ( -105.5267042551718900, 21.35344409265355400, 11.67415197291318800 ) ) ;
#3423 = EDGE_LOOP ( 'NONE', ( #3474, #702, #527, #2235 ) ) ;
#3424 =( BOUNDED_CURVE ( )  B_SPLINE_CURVE ( 3, ( #1992, #5874, #2465, #74 ),
 .UNSPECIFIED., .F., .T. ) 
 B_SPLINE_CURVE_WITH_KNOTS ( ( 4, 4 ),
 ( 2.478289870165949300, 3.141592653589803300 ),
 .UNSPECIFIED. ) 
 CURVE ( )  GEOMETRIC_REPRESENTATION_ITEM ( )  RATIONAL_B_SPLINE_CURVE ( ( 1.000000000000000000, 0.9636706212180171600, 0.9636706212180171600, 1.000000000000000000 ) ) 
 REPRESENTATION_ITEM ( '' )  );
#3425 = DIRECTION ( 'NONE',  ( -1.000000000000000000, 3.788652234618511700E-017, 3.304662259982990500E-015 ) ) ;
#3426 = EDGE_CURVE ( 'NONE', #5921, #3386, #79, .T. ) ;
#3427 = CARTESIAN_POINT ( 'NONE',  ( -111.0267042551719100, 20.57071491894384300, 12.11837606121067900 ) ) ;
#3428 = CARTESIAN_POINT ( 'NONE',  ( 18.17329574482818400, 24.17484462956200600, 29.11886582052075000 ) ) ;
#3429 = LINE ( 'NONE', #2325, #5865 ) ;
#3430 = DIRECTION ( 'NONE',  ( 0.0000000000000000000, 0.5469441386040038200, -0.8371691043312122800 ) ) ;
#3431 = DIRECTION ( 'NONE',  ( -5.046468293750711400E-015, -0.3442362757280896200, -0.9388830526071150200 ) ) ;
#3432 = AXIS2_PLACEMENT_3D ( 'NONE', #4409, #5418, #2031 ) ;
#3433 = APPROVAL ( #5201, 'UNSPECIFIED' ) ;
#3434 = EDGE_CURVE ( 'NONE', #683, #819, #1554, .T. ) ;
#3435 = CARTESIAN_POINT ( 'NONE',  ( -9.232872839283709600, 19.68454746663344300, 23.27197954916988800 ) ) ;
#3436 = CARTESIAN_POINT ( 'NONE',  ( -107.4891374392064600, 19.32858927274768500, 11.62483822423569000 ) ) ;
#3437 = LINE ( 'NONE', #2871, #1998 ) ;
#3438 = CARTESIAN_POINT ( 'NONE',  ( -61.26555515970255800, 21.44720201686793700, 9.127723401484459500 ) ) ;
#3439 = CARTESIAN_POINT ( 'NONE',  ( -111.3267660544125000, 21.92600233416131800, 10.97311225702414100 ) ) ;
#3440 = VECTOR ( 'NONE', #5964, 999.9999999999998900 ) ;
#3441 =( BOUNDED_CURVE ( )  B_SPLINE_CURVE ( 3, ( #340, #3221, #824, #4181 ),
 .UNSPECIFIED., .F., .T. ) 
 B_SPLINE_CURVE_WITH_KNOTS ( ( 4, 4 ),
 ( 5.587000998638680800, 6.283185307179587100 ),
 .UNSPECIFIED. ) 
 CURVE ( )  GEOMETRIC_REPRESENTATION_ITEM ( )  RATIONAL_B_SPLINE_CURVE ( ( 1.000000000000000000, 0.9600167993125842100, 0.9600167993125842100, 1.000000000000000000 ) ) 
 REPRESENTATION_ITEM ( '' )  );
#3442 = CARTESIAN_POINT ( 'NONE',  ( -8.317497012018574100, 24.52567132928006900, 24.04364851727320500 ) ) ;
#3443 = VECTOR ( 'NONE', #2220, 1000.000000000000000 ) ;
#3444 = DIRECTION ( 'NONE',  ( -1.000000000000000000, -2.132529265733050800E-017, 3.517630367272413100E-015 ) ) ;
#3445 = CARTESIAN_POINT ( 'NONE',  ( -110.7457205979291600, 21.03307927729269300, 12.51936120313290400 ) ) ;
#3446 = CARTESIAN_POINT ( 'NONE',  ( -112.7460522569555600, 21.98589132787145300, 12.31985313783599200 ) ) ;
#3447 = VERTEX_POINT ( 'NONE', #1938 ) ;
#3448 = DIRECTION ( 'NONE',  ( -1.908979236615881600E-015, -0.8371691043312136100, -0.5469441386040017100 ) ) ;
#3449 = DIRECTION ( 'NONE',  ( -2.947032800510570100E-015, 0.5510862118714903200, -0.8344483130099377100 ) ) ;
#3450 = CARTESIAN_POINT ( 'NONE',  ( -9.447423972536304500, 21.45109523815425600, 21.37574168514662900 ) ) ;
#3451 = CARTESIAN_POINT ( 'NONE',  ( -13.65133508780253100, 18.85009915362350300, 22.72089333729841700 ) ) ;
#3452 = ORIENTED_EDGE ( 'NONE', *, *, #2626, .F. ) ;
#3453 = ORIENTED_EDGE ( 'NONE', *, *, #949, .T. ) ;
#3454 = CARTESIAN_POINT ( 'NONE',  ( -78.52871130621788600, -0.2001110937406257200, 22.10629483005562800 ) ) ;
#3455 = CARTESIAN_POINT ( 'NONE',  ( -109.3267042551765200, 22.10689628655169200, 12.16640169765672900 ) ) ;
#3456 = EDGE_CURVE ( 'NONE', #5854, #4173, #5248, .T. ) ;
#3457 = CARTESIAN_POINT ( 'NONE',  ( -110.8506062479242500, 22.09940784076377100, 11.16988011425536900 ) ) ;
#3458 = ORIENTED_EDGE ( 'NONE', *, *, #5040, .F. ) ;
#3459 = CARTESIAN_POINT ( 'NONE',  ( -80.54947750266541100, 2.333849568294103600, 19.33308054434138900 ) ) ;
#3460 = CARTESIAN_POINT ( 'NONE',  ( -113.5267042551718900, 18.87111859986449900, 13.09683146527016500 ) ) ;
#3461 = CARTESIAN_POINT ( 'NONE',  ( -7.245003664752095700, 19.84637738467760200, 25.91946489851734700 ) ) ;
#3462 = DIRECTION ( 'NONE',  ( -1.562034541420520800E-015, -0.8371691043312136100, -0.5469441386040017100 ) ) ;
#3463 = CARTESIAN_POINT ( 'NONE',  ( -7.784587090412458100, 20.77972570090734200, 22.45820646038583500 ) ) ;
#3464 = ORIENTED_EDGE ( 'NONE', *, *, #4988, .F. ) ;
#3465 = ADVANCED_FACE ( 'NONE', ( #312 ), #5123, .T. ) ;
#3466 = DIRECTION ( 'NONE',  ( -1.734723475976805500E-015, -0.8344483130099416000, -0.5510862118714844300 ) ) ;
#3467 = EDGE_CURVE ( 'NONE', #5986, #556, #136, .T. ) ;
#3468 = CYLINDRICAL_SURFACE ( 'NONE', #3297, 0.5000000000000168800 ) ;
#3469 = CARTESIAN_POINT ( 'NONE',  ( -12.62356623796838000, 19.68454746663344300, 23.27197954916989900 ) ) ;
#3470 = ORIENTED_EDGE ( 'NONE', *, *, #4563, .F. ) ;
#3471 = DIRECTION ( 'NONE',  ( -2.168404344971009700E-015, -0.8344483130099414900, -0.5510862118714843200 ) ) ;
#3472 = CARTESIAN_POINT ( 'NONE',  ( -11.42793810542887900, 23.02234071867321300, 25.47632439665583300 ) ) ;
#3473 = CARTESIAN_POINT ( 'NONE',  ( -10.35033425463823600, 21.37108546620147800, 22.37422977894147600 ) ) ;
#3474 = ORIENTED_EDGE ( 'NONE', *, *, #2830, .F. ) ;
#3475 = DIRECTION ( 'NONE',  ( -1.000000000000000000, -5.857292221266013800E-029, 3.490263633665282200E-015 ) ) ;
#3476 = ORIENTED_EDGE ( 'NONE', *, *, #4805, .T. ) ;
#3477 = CARTESIAN_POINT ( 'NONE',  ( -54.30393100767835800, 14.97303861701275600, 19.15808054434149800 ) ) ;
#3478 = ORIENTED_EDGE ( 'NONE', *, *, #5696, .T. ) ;
#3479 = DIRECTION ( 'NONE',  ( 0.0000000000000000000, 0.8371691043312150500, 0.5469441386039998200 ) ) ;
#3480 = CARTESIAN_POINT ( 'NONE',  ( -111.5162403657288600, 22.63124346642637600, 13.91858095327843300 ) ) ;
#3481 = CARTESIAN_POINT ( 'NONE',  ( -53.58272790218997300, 11.81324135483313100, 16.38486625862714500 ) ) ;
#3482 = ADVANCED_FACE ( 'NONE', ( #1429 ), #43, .F. ) ;
#3483 = DIRECTION ( 'NONE',  ( -2.921940880075401800E-015, 0.5469441386040017100, -0.8371691043312136100 ) ) ;
#3484 = CARTESIAN_POINT ( 'NONE',  ( -118.5267042551718900, 18.84193677965991000, 10.03331955710122300 ) ) ;
#3485 = CARTESIAN_POINT ( 'NONE',  ( -77.77706061939213100, 13.63791301327491800, 16.89022340148441300 ) ) ;
#3486 = ORIENTED_EDGE ( 'NONE', *, *, #689, .T. ) ;
#3487 = VERTEX_POINT ( 'NONE', #1954 ) ;
#3488 = DIRECTION ( 'NONE',  ( 3.558407130208830300E-015, 0.8371691043312138300, 0.5469441386040014800 ) ) ;
#3489 = CARTESIAN_POINT ( 'NONE',  ( -8.051181455185577800, 19.94562382264609800, 22.87666077662845200 ) ) ;
#3490 = DIRECTION ( 'NONE',  ( 0.0000000000000000000, -0.8371691043312136100, -0.5469441386040020400 ) ) ;
#3491 = VERTEX_POINT ( 'NONE', #1969 ) ;
#3492 = APPROVAL_DATE_TIME ( #4787, #3433 ) ;
#3493 = FACE_OUTER_BOUND ( 'NONE', #5937, .T. ) ;
#3494 = VERTEX_POINT ( 'NONE', #5354 ) ;
#3495 = CARTESIAN_POINT ( 'NONE',  ( -17.32670425517182600, 23.85678903168315300, 26.02741060852734000 ) ) ;
#3496 = EDGE_LOOP ( 'NONE', ( #25, #1664, #4273, #6219 ) ) ;
#3497 = CARTESIAN_POINT ( 'NONE',  ( -109.1230097725127600, 20.45957627867779700, 11.56576199569206800 ) ) ;
#3498 = DIRECTION ( 'NONE',  ( 1.000000000000000000, 2.132529265733050800E-017, -3.517630367272413100E-015 ) ) ;
#3499 = CARTESIAN_POINT ( 'NONE',  ( -11.15997146669542900, 19.75872106432851900, 29.56917901787706200 ) ) ;
#3500 = CARTESIAN_POINT ( 'NONE',  ( -12.12356623796838700, 19.43659615499765200, 21.83282641992801500 ) ) ;
#3501 = VECTOR ( 'NONE', #3838, 1000.000000000000000 ) ;
#3502 = EDGE_LOOP ( 'NONE', ( #2873, #1440 ) ) ;
#3503 = ORIENTED_EDGE ( 'NONE', *, *, #2229, .F. ) ;
#3504 = ADVANCED_FACE ( 'NONE', ( #2530 ), #5853, .F. ) ;
#3505 = CARTESIAN_POINT ( 'NONE',  ( -57.07634789095166600, 3.668975172032066900, 13.71522340148418100 ) ) ;
#3506 = CARTESIAN_POINT ( 'NONE',  ( -81.27068060815376800, 5.493646830473816000, 16.20986625862714400 ) ) ;
#3507 = CARTESIAN_POINT ( 'NONE',  ( -17.32670425517183300, 21.35344409265333000, 24.37415197291288700 ) ) ;
#3508 = ORIENTED_EDGE ( 'NONE', *, *, #2285, .F. ) ;
#3509 = CARTESIAN_POINT ( 'NONE',  ( -81.99188371364216700, 8.653444092653527900, 13.43665197291291800 ) ) ;
#3510 = EDGE_CURVE ( 'NONE', #3140, #2323, #4111, .T. ) ;
#3511 = ORIENTED_EDGE ( 'NONE', *, *, #5293, .T. ) ;
#3512 = CARTESIAN_POINT ( 'NONE',  ( -17.32670425517182600, 23.85678903168316400, 26.02741060852732600 ) ) ;
#3513 = CARTESIAN_POINT ( 'NONE',  ( -58.67019165152995400, 1.670358311835685900, 13.94200911576986400 ) ) ;
#3514 = AXIS2_PLACEMENT_3D ( 'NONE', #1540, #599, #3950 ) ;
#3515 = EDGE_CURVE ( 'NONE', #4362, #4370, #2994, .T. ) ;
#3516 = CARTESIAN_POINT ( 'NONE',  ( -74.58937309823547000, 17.63514673366755400, 23.69379483005590400 ) ) ;
#3517 = CARTESIAN_POINT ( 'NONE',  ( -7.011350155182137600, 16.07776018844792900, 22.90155861990326300 ) ) ;
#3518 = CARTESIAN_POINT ( 'NONE',  ( -106.9305359280971700, 21.24507566142533600, 12.56801725238097800 ) ) ;
#3519 = ORIENTED_EDGE ( 'NONE', *, *, #6078, .F. ) ;
#3520 = ORIENTED_EDGE ( 'NONE', *, *, #4225, .T. ) ;
#3521 = VECTOR ( 'NONE', #2777, 1000.000000000000000 ) ;
#3522 = CARTESIAN_POINT ( 'NONE',  ( -9.232872839283704300, 23.02234071867321300, 25.47632439665582600 ) ) ;
#3523 = ADVANCED_FACE ( 'NONE', ( #6252 ), #4887, .F. ) ;
#3524 = DIRECTION ( 'NONE',  ( 1.920722739381899900E-015, 0.8344483130099413800, 0.5510862118714846500 ) ) ;
#3525 = CARTESIAN_POINT ( 'NONE',  ( -12.83560330372817600, 19.79521318666214200, 29.59327913905467600 ) ) ;
#3526 = LINE ( 'NONE', #4110, #6121 ) ;
#3527 = CARTESIAN_POINT ( 'NONE',  ( -74.58937309823548400, 17.63514673366760700, 20.69379483005588900 ) ) ;
#3528 =( BOUNDED_CURVE ( )  B_SPLINE_CURVE ( 3, ( #5639, #1771, #2248, #2731 ),
 .UNSPECIFIED., .F., .T. ) 
 B_SPLINE_CURVE_WITH_KNOTS ( ( 4, 4 ),
 ( 3.141592653589791300, 4.159311211254610000 ),
 .UNSPECIFIED. ) 
 CURVE ( )  GEOMETRIC_REPRESENTATION_ITEM ( )  RATIONAL_B_SPLINE_CURVE ( ( 1.000000000000000000, 0.9155338758779854000, 0.9155338758779854000, 1.000000000000000000 ) ) 
 REPRESENTATION_ITEM ( '' )  );
#3529 = CARTESIAN_POINT ( 'NONE',  ( -52.86152479670162300, 8.653444092653519000, 13.26165197291281600 ) ) ;
#3530 = CARTESIAN_POINT ( 'NONE',  ( -106.6947585488068500, 22.25437972533829300, 13.36197104756893900 ) ) ;
#3531 = CARTESIAN_POINT ( 'NONE',  ( -67.42670425517185600, -2.546555907346650400, 24.19915197291268100 ) ) ;
#3532 = DIRECTION ( 'NONE',  ( 1.000000000000000000, 5.726637133838782600E-029, -3.490263633665282600E-015 ) ) ;
#3533 = CARTESIAN_POINT ( 'NONE',  ( -53.58272790218999400, 5.493646830473893200, 10.48843768719847300 ) ) ;
#3534 = CARTESIAN_POINT ( 'NONE',  ( -107.5267042344327800, 23.37588573214677400, 11.50985669501951000 ) ) ;
#3535 = CARTESIAN_POINT ( 'NONE',  ( -15.35881040382237100, 19.52102995597194400, 25.17556224966892800 ) ) ;
#3536 = ORIENTED_EDGE ( 'NONE', *, *, #1319, .F. ) ;
#3537 = EDGE_LOOP ( 'NONE', ( #1899, #270, #5864, #1235, #4760, #4467 ) ) ;
#3538 = ADVANCED_FACE ( 'NONE', ( #2704 ), #4810, .T. ) ;
#3539 = CARTESIAN_POINT ( 'NONE',  ( -107.1238967999205000, 22.12824568870438200, 11.21542863402679800 ) ) ;
#3540 = VERTEX_POINT ( 'NONE', #4570 ) ;
#3541 = CARTESIAN_POINT ( 'NONE',  ( -109.3267042551765200, 20.59999189875540900, 11.18190224816967400 ) ) ;
#3542 =( BOUNDED_CURVE ( )  B_SPLINE_CURVE ( 3, ( #3346, #2858, #447, #478 ),
 .UNSPECIFIED., .F., .T. ) 
 B_SPLINE_CURVE_WITH_KNOTS ( ( 4, 4 ),
 ( 0.0000000000000000000, 1.017718557664820400 ),
 .UNSPECIFIED. ) 
 CURVE ( )  GEOMETRIC_REPRESENTATION_ITEM ( )  RATIONAL_B_SPLINE_CURVE ( ( 1.000000000000000000, 0.9155338758779851800, 0.9155338758779851800, 1.000000000000000000 ) ) 
 REPRESENTATION_ITEM ( '' )  );
#3543 = CARTESIAN_POINT ( 'NONE',  ( -76.50794510977040400, -2.734071755775207900, 15.52950911576986000 ) ) ;
#3544 = DIRECTION ( 'NONE',  ( 0.4970459221108347000, -0.7240710256435158900, -0.4781908626652510200 ) ) ;
#3545 = VERTEX_POINT ( 'NONE', #1689 ) ;
#3546 = CARTESIAN_POINT ( 'NONE',  ( -62.56720637705520700, -1.437407227853647200, 17.74558054434125500 ) ) ;
#3547 = CARTESIAN_POINT ( 'NONE',  ( -80.54947750266536800, 14.97303861701265500, 26.24022340148443500 ) ) ;
#3548 = EDGE_CURVE ( 'NONE', #2112, #6060, #2975, .T. ) ;
#3549 = CARTESIAN_POINT ( 'NONE',  ( -111.0267042551718900, 24.60027011068065400, 14.75098825616551700 ) ) ;
#3550 = VECTOR ( 'NONE', #1660, 1000.000000000000000 ) ;
#3551 = CARTESIAN_POINT ( 'NONE',  ( -64.87037734200217200, 19.85344409265339400, 21.25093768719874300 ) ) ;
#3552 = EDGE_CURVE ( 'NONE', #3136, #3791, #3526, .T. ) ;
#3553 = DIRECTION ( 'NONE',  ( 1.000000000000000000, 1.897593674569122600E-016, -3.780715013394449300E-015 ) ) ;
#3554 = CARTESIAN_POINT ( 'NONE',  ( -78.52871130621785800, 17.50699927904738500, 23.46700911577018900 ) ) ;
#3555 = ADVANCED_FACE ( 'NONE', ( #1119 ), #1234, .T. ) ;
#3556 = ORIENTED_EDGE ( 'NONE', *, *, #4657, .F. ) ;
#3557 = CARTESIAN_POINT ( 'NONE',  ( -8.051181455185568900, 23.02234071867321300, 25.47632439665582300 ) ) ;
#3558 = CARTESIAN_POINT ( 'NONE',  ( -118.5267042551718900, 21.35344409265355000, 11.67415197291322900 ) ) ;
#3559 = CYLINDRICAL_SURFACE ( 'NONE', #4481, 5.500000000000000000 ) ;
#3560 = CARTESIAN_POINT ( 'NONE',  ( -9.967886355793595500, 24.52318590729473900, 24.07386473794635900 ) ) ;
#3561 = ORIENTED_EDGE ( 'NONE', *, *, #1188, .T. ) ;
#3562 = AXIS2_PLACEMENT_3D ( 'NONE', #3568, #686, #4043 ) ;
#3563 = EDGE_CURVE ( 'NONE', #2804, #5390, #3690, .T. ) ;
#3564 = EDGE_CURVE ( 'NONE', #1982, #1216, #1284, .T. ) ;
#3565 =( BOUNDED_CURVE ( )  B_SPLINE_CURVE ( 3, ( #5325, #3397, #1002, #4356 ),
 .UNSPECIFIED., .F., .F. ) 
 B_SPLINE_CURVE_WITH_KNOTS ( ( 4, 4 ),
 ( 5.708340716563025600, 6.858029897796146000 ),
 .UNSPECIFIED. ) 
 CURVE ( )  GEOMETRIC_REPRESENTATION_ITEM ( )  RATIONAL_B_SPLINE_CURVE ( ( 1.000000000000000000, 0.8928512062104726500, 0.8928512062104726500, 1.000000000000000000 ) ) 
 REPRESENTATION_ITEM ( '' )  );
#3566 = DIRECTION ( 'NONE',  ( 1.000000000000000000, 5.857292221266013800E-029, -3.490263633665282200E-015 ) ) ;
#3567 = ORIENTED_EDGE ( 'NONE', *, *, #989, .T. ) ;
#3568 = CARTESIAN_POINT ( 'NONE',  ( -12.01982630436627300, 26.62912799685876000, 25.84674532592252300 ) ) ;
#3569 = ORIENTED_EDGE ( 'NONE', *, *, #872, .T. ) ;
#3570 = CARTESIAN_POINT ( 'NONE',  ( -108.5671797419637700, 23.28253897552744100, 10.66911118680550000 ) ) ;
#3571 = CARTESIAN_POINT ( 'NONE',  ( -56.32469720412586200, 17.50699927904754500, 12.58129483005580900 ) ) ;
#3572 = CARTESIAN_POINT ( 'NONE',  ( -69.98303116834156900, 19.85344409265350800, 14.79736625862733300 ) ) ;
#3573 = CARTESIAN_POINT ( 'NONE',  ( -56.32469720412582600, -0.2001110937406586600, 23.29200911576981900 ) ) ;
#3574 = CARTESIAN_POINT ( 'NONE',  ( -9.447423972536304500, 20.72477490781408700, 22.47552745604977500 ) ) ;
#3575 = CARTESIAN_POINT ( 'NONE',  ( -72.28620213328852600, -1.437407227853647200, 18.30272340148414400 ) ) ;
#3576 = ORIENTED_EDGE ( 'NONE', *, *, #4210, .T. ) ;
#3577 = CARTESIAN_POINT ( 'NONE',  ( -8.680842204910186800, 23.18585822933472000, 23.57274169615682200 ) ) ;
#3578 = DIRECTION ( 'NONE',  ( 1.000000000000000000, 5.726637133838782600E-029, -3.490263633665282600E-015 ) ) ;
#3579 = CARTESIAN_POINT ( 'NONE',  ( -8.680842204910186800, 23.18585822933472000, 23.57274169615682200 ) ) ;
#3580 = ORIENTED_EDGE ( 'NONE', *, *, #1870, .T. ) ;
#3581 = ORIENTED_EDGE ( 'NONE', *, *, #4422, .T. ) ;
#3582 = CARTESIAN_POINT ( 'NONE',  ( -58.34546340057335100, -2.734071755775301100, 20.51879483005551900 ) ) ;
#3583 = CARTESIAN_POINT ( 'NONE',  ( -78.34589687160828900, 11.14567855296409800, 23.01343768719865700 ) ) ;
#3584 = CARTESIAN_POINT ( 'NONE',  ( -106.5614213064358200, 23.25040965885274200, 11.62698385846306500 ) ) ;
#3585 = CARTESIAN_POINT ( 'NONE',  ( -111.4683993508694500, 19.96474767563167800, 9.504443387249542900 ) ) ;
#3586 = DIRECTION ( 'NONE',  ( -0.4677980483665646300, -0.4870694936659640300, 0.7375149451261410200 ) ) ;
#3587 = EDGE_LOOP ( 'NONE', ( #3068, #2867, #2495, #121 ) ) ;
#3588 = CIRCLE ( 'NONE', #224, 2.027777777777779900 ) ;
#3589 = FACE_OUTER_BOUND ( 'NONE', #5509, .T. ) ;
#3590 = VERTEX_POINT ( 'NONE', #297 ) ;
#3591 = DIRECTION ( 'NONE',  ( -1.000000000000000000, -5.726637133838782600E-029, 3.490263633665282600E-015 ) ) ;
#3592 = VERTEX_POINT ( 'NONE', #4613 ) ;
#3593 =( BOUNDED_CURVE ( )  B_SPLINE_CURVE ( 2, ( #349, #4654, #4191, #1313, #4676, #1801, #5170, #2280, #5671, #2763, #6151, #3245, #375, #3730, #856, #4218, #1336, #4702, #1817, #5196, #2305, #5697, #2783, #6172, #3262, #396, #3752, #881, #4239, #1360, #4723, #1837, #5215, #2329, #5721, #2802, #6190, #3286, #416, #3772, #904, #4262, #1378, #4743, #1857, #5233, #2343, #5740, #2822, #6207, #3305, #433, #3787, #919, #4278, #1394, #4762 ),
 .UNSPECIFIED., .F., .F. ) 
 B_SPLINE_CURVE_WITH_KNOTS ( ( 3, 2, 2, 2, 2, 2, 2, 2, 2, 2, 2, 2, 2, 2, 2, 2, 2, 2, 2, 2, 2, 2, 2, 2, 2, 2, 2, 2, 3 ),
 ( 0.0000000000000000000, 0.03571428571428571200, 0.07142857142857142500, 0.1071428571428571400, 0.1428571428571428500, 0.1785714285714285800, 0.2142857142857142700, 0.2500000000000000000, 0.2857142857142857000, 0.3214285714285714500, 0.3571428571428571500, 0.3928571428571428500, 0.4285714285714285500, 0.4642857142857143000, 0.5000000000000000000, 0.5357142857142857000, 0.5714285714285714000, 0.6071428571428571000, 0.6428571428571429000, 0.6785714285714286000, 0.7142857142857143000, 0.7500000000000000000, 0.7857142857142857000, 0.8214285714285714000, 0.8571428571428571000, 0.8928571428571429000, 0.9285714285714286000, 0.9642857142857143000, 1.000000000000000000 ),
 .UNSPECIFIED. ) 
 CURVE ( )  GEOMETRIC_REPRESENTATION_ITEM ( )  RATIONAL_B_SPLINE_CURVE ( ( 1.000000000000000000, 0.9749279121818236200, 1.000000000000000000, 0.9749279121818236200, 1.000000000000000000, 0.9749279121818236200, 1.000000000000000000, 0.9749279121818236200, 1.000000000000000000, 0.9749279121818236200, 1.000000000000000000, 0.9749279121818236200, 1.000000000000000000, 0.9749279121818236200, 1.000000000000000000, 0.9749279121818236200, 1.000000000000000000, 0.9749279121818236200, 1.000000000000000000, 0.9749279121818236200, 1.000000000000000000, 0.9749279121818236200, 1.000000000000000000, 0.9749279121818236200, 1.000000000000000000, 0.9749279121818236200, 1.000000000000000000, 0.9749279121818236200, 1.000000000000000000, 0.9749279121818236200, 1.000000000000000000, 0.9749279121818236200, 1.000000000000000000, 0.9749279121818236200, 1.000000000000000000, 0.9749279121818236200, 1.000000000000000000, 0.9749279121818236200, 1.000000000000000000, 0.9749279121818236200, 1.000000000000000000, 0.9749279121818236200, 1.000000000000000000, 0.9749279121818236200, 1.000000000000000000, 0.9749279121818236200, 1.000000000000000000, 0.9749279121818236200, 1.000000000000000000, 0.9749279121818236200, 1.000000000000000000, 0.9749279121818236200, 1.000000000000000000, 0.9749279121818236200, 1.000000000000000000, 0.9749279121818236200, 1.000000000000000000 ) ) 
 REPRESENTATION_ITEM ( '' )  );
#3594 = ADVANCED_FACE ( 'NONE', ( #2258 ), #2213, .F. ) ;
#3595 = CARTESIAN_POINT ( 'NONE',  ( 18.17329574482818400, 16.60873024504534700, 27.19555250982143200 ) ) ;
#3596 = CARTESIAN_POINT ( 'NONE',  ( -81.27068060815372500, 5.493646830473672100, 25.55986625862714600 ) ) ;
#3597 = EDGE_CURVE ( 'NONE', #1841, #968, #2402, .T. ) ;
#3598 = CARTESIAN_POINT ( 'NONE',  ( -8.623996989166162300, 19.44676500135586700, 21.81742887140276500 ) ) ;
#3599 = CARTESIAN_POINT ( 'NONE',  ( -67.42670425517189900, -2.546555907346458100, 11.84915197291267900 ) ) ;
#3600 = CARTESIAN_POINT ( 'NONE',  ( -76.50794510977039000, 20.04095994108212200, 20.34379483005593400 ) ) ;
#3601 = CARTESIAN_POINT ( 'NONE',  ( -60.26403541210825000, 17.63514673366767500, 15.35450911577011900 ) ) ;
#3602 = CARTESIAN_POINT ( 'NONE',  ( -5.326704255171845800, 17.34809219020561200, 21.72893815592971800 ) ) ;
#3603 = CARTESIAN_POINT ( 'NONE',  ( -73.58785335064119700, 21.44720201686781300, 17.57058054434164900 ) ) ;
#3604 = CARTESIAN_POINT ( 'NONE',  ( -57.07634789095164500, 3.668975172031968300, 20.06522340148417900 ) ) ;
#3605 = EDGE_CURVE ( 'NONE', #3447, #1346, #4666, .T. ) ;
#3606 = CARTESIAN_POINT ( 'NONE',  ( -108.5267042551718600, 19.34207824351801700, 12.48298126048769800 ) ) ;
#3607 = AXIS2_PLACEMENT_3D ( 'NONE', #5401, #2489, #5896 ) ;
#3608 = EDGE_CURVE ( 'NONE', #3540, #927, #1879, .T. ) ;
#3609 = CARTESIAN_POINT ( 'NONE',  ( -11.75400464428595600, 20.52389705443896500, 26.36691232270882100 ) ) ;
#3610 = VECTOR ( 'NONE', #3989, 1000.000000000000100 ) ;
#3611 = LINE ( 'NONE', #1747, #914 ) ;
#3612 = DIRECTION ( 'NONE',  ( -0.8838353839626661400, 0.2577970543952051200, -0.3903532922888218700 ) ) ;
#3613 = CARTESIAN_POINT ( 'NONE',  ( -8.623996989166146300, 23.85678903168315300, 26.02741060852730800 ) ) ;
#3614 = PLANE ( 'NONE',  #948 ) ;
#3615 = CARTESIAN_POINT ( 'NONE',  ( -52.86152479670158800, 8.653444092653371600, 22.61165197291281400 ) ) ;
#3616 = CARTESIAN_POINT ( 'NONE',  ( -64.87037734200221500, 19.85344409265359300, 8.900937687198744900 ) ) ;
#3617 = CARTESIAN_POINT ( 'NONE',  ( -61.26555515970254400, -4.140313831560899200, 17.39558054434121100 ) ) ;
#3618 = CARTESIAN_POINT ( 'NONE',  ( -105.5267042551718900, 22.10689628655163500, 12.16640169765680000 ) ) ;
#3619 = CARTESIAN_POINT ( 'NONE',  ( -15.35881040382238500, 16.07776018844792900, 22.90155861990329800 ) ) ;
#3620 = CARTESIAN_POINT ( 'NONE',  ( -77.77706061939213100, 3.668975172031945700, 22.33308054434139200 ) ) ;
#3621 = CARTESIAN_POINT ( 'NONE',  ( -8.051181455185568900, 23.28341707468587200, 25.08100562411440000 ) ) ;
#3622 = VERTEX_POINT ( 'NONE', #2241 ) ;
#3623 = CARTESIAN_POINT ( 'NONE',  ( -76.18321685881379300, 15.63652987347128400, 17.11700911577013800 ) ) ;
#3624 = ADVANCED_FACE ( 'NONE', ( #3375 ), #4663, .T. ) ;
#3625 = DIRECTION ( 'NONE',  ( -1.908979236615882000E-015, -0.8371691043312137200, -0.5469441386040017100 ) ) ;
#3626 = CARTESIAN_POINT ( 'NONE',  ( -114.5267042551718900, 21.35344409265355000, 11.67415197291321500 ) ) ;
#3627 = VERTEX_POINT ( 'NONE', #5632 ) ;
#3628 = CARTESIAN_POINT ( 'NONE',  ( -176.5267042551717800, 21.35344409265351500, 11.67415197291335500 ) ) ;
#3629 =( BOUNDED_CURVE ( )  B_SPLINE_CURVE ( 3, ( #3450, #4894, #2013, #5402 ),
 .UNSPECIFIED., .F., .T. ) 
 B_SPLINE_CURVE_WITH_KNOTS ( ( 4, 4 ),
 ( 2.121905585991783500, 3.141592653589792200 ),
 .UNSPECIFIED. ) 
 CURVE ( )  GEOMETRIC_REPRESENTATION_ITEM ( )  RATIONAL_B_SPLINE_CURVE ( ( 1.000000000000000000, 0.9152139201343662000, 0.9152139201343662000, 1.000000000000000000 ) ) 
 REPRESENTATION_ITEM ( '' )  );
#3630 = ORIENTED_EDGE ( 'NONE', *, *, #4657, .T. ) ;
#3631 = CARTESIAN_POINT ( 'NONE',  ( -13.68931835409432200, 24.35328990747315100, 24.34373672496028400 ) ) ;
#3632 = CARTESIAN_POINT ( 'NONE',  ( -15.28959655524145900, 23.27029203030901200, 26.91547752589774900 ) ) ;
#3633 = FACE_OUTER_BOUND ( 'NONE', #2793, .T. ) ;
#3634 = CARTESIAN_POINT ( 'NONE',  ( -81.27068060815375400, 11.81324135483309400, 19.66343768719867000 ) ) ;
#3635 = CARTESIAN_POINT ( 'NONE',  ( -12.99449490724482800, 22.41693126225071000, 26.12685020731380400 ) ) ;
#3636 = CARTESIAN_POINT ( 'NONE',  ( -67.42670425517181300, 19.85344409265330200, 27.37415197291304000 ) ) ;
#3637 = EDGE_CURVE ( 'NONE', #5283, #3915, #769, .T. ) ;
#3638 = ORIENTED_EDGE ( 'NONE', *, *, #750, .T. ) ;
#3639 = CARTESIAN_POINT ( 'NONE',  ( -56.50751163873543700, 11.14567855296414200, 19.38486625862714200 ) ) ;
#3640 = EDGE_CURVE ( 'NONE', #5182, #4370, #5813, .T. ) ;
#3641 = CARTESIAN_POINT ( 'NONE',  ( -14.27639590177945000, 19.68454746663344300, 23.27197954916990600 ) ) ;
#3642 = CARTESIAN_POINT ( 'NONE',  ( -111.5267042551718900, 18.77352016156799800, 11.54147333513315300 ) ) ;
#3643 = DIRECTION ( 'NONE',  ( -3.558407130208845300E-015, -0.8371691043312137200, -0.5469441386040016000 ) ) ;
#3644 = VERTEX_POINT ( 'NONE', #1784 ) ;
#3645 = CARTESIAN_POINT ( 'NONE',  ( -60.26403541210829200, -0.3282585483606859600, 14.16879483005555500 ) ) ;
#3646 = ORIENTED_EDGE ( 'NONE', *, *, #4352, .T. ) ;
#3647 = CARTESIAN_POINT ( 'NONE',  ( -109.0759075104328300, 21.79777966788537600, 12.45681787399733200 ) ) ;
#3648 = CARTESIAN_POINT ( 'NONE',  ( -12.83560330372819000, 19.35978285564263500, 24.53325845311084300 ) ) ;
#3649 = ORIENTED_EDGE ( 'NONE', *, *, #2175, .F. ) ;
#3650 = CARTESIAN_POINT ( 'NONE',  ( -112.7267042551719000, 22.10689628655164500, 12.16640169765681500 ) ) ;
#3651 =( BOUNDED_CURVE ( )  B_SPLINE_CURVE ( 3, ( #6211, #2349, #6197, #3311 ),
 .UNSPECIFIED., .F., .F. ) 
 B_SPLINE_CURVE_WITH_KNOTS ( ( 4, 4 ),
 ( 5.708340716563027300, 6.858029897796148700 ),
 .UNSPECIFIED. ) 
 CURVE ( )  GEOMETRIC_REPRESENTATION_ITEM ( )  RATIONAL_B_SPLINE_CURVE ( ( 1.000000000000000000, 0.8928512062104723100, 0.8928512062104723100, 1.000000000000000000 ) ) 
 REPRESENTATION_ITEM ( '' )  );
#3652 = EDGE_CURVE ( 'NONE', #3027, #6160, #5897, .T. ) ;
#3653 = DIRECTION ( 'NONE',  ( 0.4677980483665698000, -0.4870694936659639200, 0.7375149451261376900 ) ) ;
#3654 = VERTEX_POINT ( 'NONE', #2774 ) ;
#3655 = ORIENTED_EDGE ( 'NONE', *, *, #4522, .F. ) ;
#3656 = ADVANCED_FACE ( 'NONE', ( #666 ), #405, .T. ) ;
#3657 = CARTESIAN_POINT ( 'NONE',  ( -11.13131937726452000, 15.26460154110753300, 24.13283395734699300 ) ) ;
#3658 = ORIENTED_EDGE ( 'NONE', *, *, #4020, .T. ) ;
#3659 = CARTESIAN_POINT ( 'NONE',  ( -54.30393100767835800, 2.333849568294132500, 16.71522340148414900 ) ) ;
#3660 = CARTESIAN_POINT ( 'NONE',  ( 18.17329574482814500, 17.34809219020561600, 21.72893815592964400 ) ) ;
#3661 = CARTESIAN_POINT ( 'NONE',  ( -109.3267042551765200, 20.59999189875540900, 11.18190224816967400 ) ) ;
#3662 = APPROVAL_PERSON_ORGANIZATION ( #4913, #3433, #2308 ) ;
#3663 = FACE_OUTER_BOUND ( 'NONE', #947, .T. ) ;
#3664 = ORIENTED_EDGE ( 'NONE', *, *, #1272, .F. ) ;
#3665 = CARTESIAN_POINT ( 'NONE',  ( -69.98303116834154000, -2.546555907346651300, 24.42593768719840600 ) ) ;
#3666 = EDGE_LOOP ( 'NONE', ( #6236, #4373, #4247, #5350 ) ) ;
#3667 = CARTESIAN_POINT ( 'NONE',  ( -113.5158301817085900, 21.79290489509038400, 8.847802033322940600 ) ) ;
#3668 = AXIS2_PLACEMENT_3D ( 'NONE', #2601, #244, #3095 ) ;
#3669 = CARTESIAN_POINT ( 'NONE',  ( -107.5267042551718800, 21.94525292936840100, 13.61364804582378200 ) ) ;
#3670 = CIRCLE ( 'NONE', #2487, 1.249999999999995600 ) ;
#3671 = ORIENTED_EDGE ( 'NONE', *, *, #255, .T. ) ;
#3672 = CARTESIAN_POINT ( 'NONE',  ( -111.0267042551719100, 20.57071491894384300, 12.11837606121067900 ) ) ;
#3673 = CARTESIAN_POINT ( 'NONE',  ( -113.3267042551765400, 22.10689628655169200, 12.16640169765674400 ) ) ;
#3674 = CIRCLE ( 'NONE', #3607, 1.749999999999999100 ) ;
#3675 = ORIENTED_EDGE ( 'NONE', *, *, #2841, .T. ) ;
#3676 = DIRECTION ( 'NONE',  ( 0.0000000000000000000, -0.8371691043312137200, -0.5469441386040019300 ) ) ;
#3677 = CARTESIAN_POINT ( 'NONE',  ( -106.5267042551719100, 19.46799054078166300, 11.86378197905016500 ) ) ;
#3678 = ORIENTED_EDGE ( 'NONE', *, *, #2623, .F. ) ;
#3679 = DIRECTION ( 'NONE',  ( -1.908979236615881600E-015, -0.8371691043312136100, -0.5469441386040017100 ) ) ;
#3680 = EDGE_CURVE ( 'NONE', #4823, #2462, #1939, .T. ) ;
#3681 = PLANE ( 'NONE',  #4483 ) ;
#3682 = CARTESIAN_POINT ( 'NONE',  ( -74.58937309823547000, 17.63514673366750800, 26.69379483005588900 ) ) ;
#3683 = EDGE_CURVE ( 'NONE', #4173, #4353, #5673, .T. ) ;
#3684 = CARTESIAN_POINT ( 'NONE',  ( 20.67329574482814200, 25.35879599510104800, 27.01936578989587900 ) ) ;
#3685 = CARTESIAN_POINT ( 'NONE',  ( -109.2028328059901300, 20.84903194878723600, 10.92829123251204700 ) ) ;
#3686 = LINE ( 'NONE', #2794, #4662 ) ;
#3687 = CARTESIAN_POINT ( 'NONE',  ( -62.56720637705520000, 18.74429541316049000, 21.47772340148443200 ) ) ;
#3688 = CARTESIAN_POINT ( 'NONE',  ( -114.9267042551719000, 22.10689628655165300, 12.16640169765681100 ) ) ;
#3689 = CARTESIAN_POINT ( 'NONE',  ( -108.9774688802529300, 22.24868026882551000, 11.76663006863328700 ) ) ;
#3690 = CIRCLE ( 'NONE', #5674, 1.500000000000001300 ) ;
#3691 = CARTESIAN_POINT ( 'NONE',  ( -13.80682795621737900, 24.44328603305728400, 25.13934369115693100 ) ) ;
#3692 = AXIS2_PLACEMENT_3D ( 'NONE', #1534, #4896, #2016 ) ;
#3693 = EDGE_CURVE ( 'NONE', #2656, #5425, #4772, .T. ) ;
#3694 = DIRECTION ( 'NONE',  ( 0.7071067811865481300, -0.5900440606790027200, -0.3896767974327344200 ) ) ;
#3695 = CARTESIAN_POINT ( 'NONE',  ( -67.42670425517185600, -2.546555907346602900, 21.19915197291268800 ) ) ;
#3696 = FACE_OUTER_BOUND ( 'NONE', #878, .T. ) ;
#3697 = CARTESIAN_POINT ( 'NONE',  ( -106.8795262267410900, 19.43515851172688600, 11.39651354166045000 ) ) ;
#3698 = CARTESIAN_POINT ( 'NONE',  ( -69.98303116834158300, -2.546555907346602400, 21.42593768719842000 ) ) ;
#3699 = ORIENTED_EDGE ( 'NONE', *, *, #1756, .F. ) ;
#3700 = ORIENTED_EDGE ( 'NONE', *, *, #4998, .F. ) ;
#3701 = CARTESIAN_POINT ( 'NONE',  ( -9.179119071773481400, 24.32949728037527500, 21.99707780788066800 ) ) ;
#3702 = DIRECTION ( 'NONE',  ( 0.7071067811865507900, 0.5900440606790027200, 0.3896767974327295900 ) ) ;
#3703 = PLANE ( 'NONE',  #3176 ) ;
#3704 = ORIENTED_EDGE ( 'NONE', *, *, #5268, .T. ) ;
#3705 = CARTESIAN_POINT ( 'NONE',  ( -74.58937309823551200, -0.3282585483607446400, 18.52950911576989400 ) ) ;
#3706 = CARTESIAN_POINT ( 'NONE',  ( -12.00075363940947200, 18.85009915362350300, 22.72089333729841300 ) ) ;
#3707 = ORIENTED_EDGE ( 'NONE', *, *, #3974, .F. ) ;
#3708 = CARTESIAN_POINT ( 'NONE',  ( -4.326704255171821800, 21.35344409265333000, 24.37415197291284500 ) ) ;
#3709 = AXIS2_PLACEMENT_3D ( 'NONE', #5836, #2936, #58 ) ;
#3710 = DIRECTION ( 'NONE',  ( 2.191229653865441700E-015, 0.8344483130099416000, 0.5510862118714844300 ) ) ;
#3711 = DIRECTION ( 'NONE',  ( 0.0000000000000000000, 0.0000000000000000000, 1.000000000000000000 ) ) ;
#3712 = CARTESIAN_POINT ( 'NONE',  ( -64.87037734200217200, 19.85344409265344400, 18.25093768719874600 ) ) ;
#3713 = CARTESIAN_POINT ( 'NONE',  ( -7.632680860118938400, 22.38100079676666700, 26.15419832495660300 ) ) ;
#3714 = CARTESIAN_POINT ( 'NONE',  ( -107.2349309227323500, 20.62885150649678000, 12.20962393121002000 ) ) ;
#3715 = CARTESIAN_POINT ( 'NONE',  ( -14.34527545955890900, 22.41693126225069600, 26.12685020731380400 ) ) ;
#3716 = ORIENTED_EDGE ( 'NONE', *, *, #35, .F. ) ;
#3717 = CARTESIAN_POINT ( 'NONE',  ( -62.56720637705520700, 18.74429541316053600, 18.47772340148442200 ) ) ;
#3718 = DESIGN_CONTEXT ( 'detailed design', #4707, 'design' ) ;
#3719 = EDGE_CURVE ( 'NONE', #5318, #1520, #1810, .T. ) ;
#3720 = DIRECTION ( 'NONE',  ( 0.0000000000000000000, -0.8371691043312135000, -0.5469441386040019300 ) ) ;
#3721 = ORIENTED_EDGE ( 'NONE', *, *, #2980, .F. ) ;
#3722 = CARTESIAN_POINT ( 'NONE',  ( -11.15997146669544400, 21.21060740600150800, 27.37074965711178700 ) ) ;
#3723 = CARTESIAN_POINT ( 'NONE',  ( -58.67019165152993300, 15.63652987347129800, 15.58129483005579600 ) ) ;
#3724 = EDGE_CURVE ( 'NONE', #6242, #4328, #3651, .T. ) ;
#3725 = CARTESIAN_POINT ( 'NONE',  ( -13.68931835409432200, 19.52102995597194400, 25.17556224966892100 ) ) ;
#3726 = ORIENTED_EDGE ( 'NONE', *, *, #5801, .T. ) ;
#3727 = EDGE_LOOP ( 'NONE', ( #1124, #291, #6220, #2723 ) ) ;
#3728 = EDGE_CURVE ( 'NONE', #2304, #3248, #2504, .T. ) ;
#3729 = CARTESIAN_POINT ( 'NONE',  ( -8.914495714480153800, 22.86051080062906800, 22.82883904730837800 ) ) ;
#3730 = CARTESIAN_POINT ( 'NONE',  ( -69.98303116834156900, -2.546555907346602000, 21.42593768719841700 ) ) ;
#3731 = CARTESIAN_POINT ( 'NONE',  ( -113.0267042551719100, 20.90921965466626300, 10.89142299766387500 ) ) ;
#3732 = B_SPLINE_CURVE_WITH_KNOTS ( 'NONE', 3,
 ( #2330, #400, #6193, #3292, #418, #3774, #905, #4264 ),
 .UNSPECIFIED., .F., .F.,
 ( 4, 2, 2, 4 ),
 ( 2.317828627873344400E-007, 0.0002112664249031894800, 0.0004223010669435916600, 0.0008443703510243959600 ),
 .UNSPECIFIED. ) ;
#3733 = CARTESIAN_POINT ( 'NONE',  ( -5.326704255171836900, 21.35344409265333000, 24.37415197291284500 ) ) ;
#3734 = APPLICATION_CONTEXT ( 'configuration controlled 3d designs of mechanical parts and assemblies' ) ;
#3735 = CARTESIAN_POINT ( 'NONE',  ( -72.28620213328854000, -1.437407227853602300, 15.30272340148414900 ) ) ;
#3736 = ORIENTED_EDGE ( 'NONE', *, *, #2272, .T. ) ;
#3737 = CARTESIAN_POINT ( 'NONE',  ( -8.680842204910172600, 24.35328990747315100, 24.34373672496026900 ) ) ;
#3738 = VECTOR ( 'NONE', #4217, 1000.000000000000000 ) ;
#3739 = ORIENTED_EDGE ( 'NONE', *, *, #2226, .F. ) ;
#3740 = CARTESIAN_POINT ( 'NONE',  ( -106.8180745600812100, 21.55329332807443200, 10.79562109663600100 ) ) ;
#3741 = ORIENTED_EDGE ( 'NONE', *, *, #13, .F. ) ;
#3742 = VERTEX_POINT ( 'NONE', #3330 ) ;
#3743 = FACE_OUTER_BOUND ( 'NONE', #1337, .T. ) ;
#3744 = VECTOR ( 'NONE', #4276, 1000.000000000000100 ) ;
#3745 = VERTEX_POINT ( 'NONE', #3813 ) ;
#3746 = DIRECTION ( 'NONE',  ( 1.000000000000000000, 5.726637133838782600E-029, -3.490263633665282600E-015 ) ) ;
#3747 = CARTESIAN_POINT ( 'NONE',  ( -70.66776159151201900, -5.546555907346604600, 21.42593768719837000 ) ) ;
#3748 = ORIENTED_EDGE ( 'NONE', *, *, #6165, .F. ) ;
#3749 = CARTESIAN_POINT ( 'NONE',  ( -108.8843341884632300, 21.79796856154495500, 9.502568604141203000 ) ) ;
#3750 = CARTESIAN_POINT ( 'NONE',  ( -14.27639590177945400, 19.93281535914648100, 22.89605520263526400 ) ) ;
#3751 = LINE ( 'NONE', #5648, #2328 ) ;
#3752 = CARTESIAN_POINT ( 'NONE',  ( -62.56720637705520700, 18.74429541316053600, 18.47772340148442200 ) ) ;
#3753 = DIRECTION ( 'NONE',  ( 5.250964054860445700E-016, -0.9896828074640008400, 0.1432757502516512300 ) ) ;
#3754 = CARTESIAN_POINT ( 'NONE',  ( -9.232872839283704300, 23.02234071867321300, 25.47632439665582600 ) ) ;
#3755 = PERSON_AND_ORGANIZATION_ROLE ( 'design_supplier' ) ;
#3756 = CARTESIAN_POINT ( 'NONE',  ( -60.26403541210827800, 17.63514673366772100, 12.35450911577012100 ) ) ;
#3757 = VECTOR ( 'NONE', #5172, 999.9999999999998900 ) ;
#3758 = DIRECTION ( 'NONE',  ( -1.000000000000000000, -5.857292221266013800E-029, 3.490263633665282200E-015 ) ) ;
#3759 = FACE_OUTER_BOUND ( 'NONE', #2924, .T. ) ;
#3760 = CARTESIAN_POINT ( 'NONE',  ( -10.26603595043730800, 18.85009915362350300, 22.72089333729840600 ) ) ;
#3761 = CARTESIAN_POINT ( 'NONE',  ( -111.3076125627009700, 21.03289435006010400, 12.51925153778535600 ) ) ;
#3762 = DIRECTION ( 'NONE',  ( -2.921940880075401800E-015, 0.5469441386040017100, -0.8371691043312136100 ) ) ;
#3763 = CARTESIAN_POINT ( 'NONE',  ( -61.26555515970253700, 21.44720201686779500, 18.47772340148446400 ) ) ;
#3764 = EDGE_CURVE ( 'NONE', #4823, #491, #1417, .T. ) ;
#3765 = EDGE_CURVE ( 'NONE', #1047, #683, #304, .T. ) ;
#3766 = VECTOR ( 'NONE', #277, 1000.000000000000000 ) ;
#3767 = CARTESIAN_POINT ( 'NONE',  ( -113.4303730142695100, 20.72917557087264500, 14.45304570318317500 ) ) ;
#3768 = VECTOR ( 'NONE', #5396, 1000.000000000000000 ) ;
#3769 =( BOUNDED_CURVE ( )  B_SPLINE_CURVE ( 3, ( #6057, #2657, #3632, #766 ),
 .UNSPECIFIED., .F., .F. ) 
 B_SPLINE_CURVE_WITH_KNOTS ( ( 4, 4 ),
 ( 2.123874095924974400, 3.141592653589801100 ),
 .UNSPECIFIED. ) 
 CURVE ( )  GEOMETRIC_REPRESENTATION_ITEM ( )  RATIONAL_B_SPLINE_CURVE ( ( 1.000000000000000000, 0.9155338758779842900, 0.9155338758779842900, 1.000000000000000000 ) ) 
 REPRESENTATION_ITEM ( '' )  );
#3770 = CARTESIAN_POINT ( 'NONE',  ( -107.5174637742160000, 20.62411130516942500, 9.782161308625418900 ) ) ;
#3771 = CARTESIAN_POINT ( 'NONE',  ( -174.0267042551717800, 20.49285340333329200, 9.326944341395558200 ) ) ;
#3772 = CARTESIAN_POINT ( 'NONE',  ( -74.58937309823551200, -0.3282585483606930100, 15.52950911576988700 ) ) ;
#3773 = CARTESIAN_POINT ( 'NONE',  ( -110.5267042551718900, 18.90939403894113400, 11.63024323888874700 ) ) ;
#3774 = CARTESIAN_POINT ( 'NONE',  ( -110.7503040431934500, 22.82581551763298900, 13.66718660090999300 ) ) ;
#3775 = CC_DESIGN_APPROVAL ( #3433, ( #3124 ) ) ;
#3776 = EDGE_CURVE ( 'NONE', #5508, #1469, #385, .T. ) ;
#3777 = CARTESIAN_POINT ( 'NONE',  ( -77.77706061939211700, 3.668975172031990100, 19.33308054434140300 ) ) ;
#3778 = DIRECTION ( 'NONE',  ( -0.8677242369053608200, -0.4147591311938557700, -0.2739151543422292900 ) ) ;
#3779 = EDGE_LOOP ( 'NONE', ( #2067, #3312, #2416, #3347 ) ) ;
#3780 = CARTESIAN_POINT ( 'NONE',  ( -9.967886355793599100, 18.18370227801191100, 24.67443920787939100 ) ) ;
#3781 = EDGE_LOOP ( 'NONE', ( #897, #3202 ) ) ;
#3782 = CARTESIAN_POINT ( 'NONE',  ( -8.680842204910172600, 24.35328990747315100, 24.34373672496026900 ) ) ;
#3783 = CARTESIAN_POINT ( 'NONE',  ( -9.447423972536277900, 19.79101746790587800, 29.59050820319270900 ) ) ;
#3784 = CARTESIAN_POINT ( 'NONE',  ( -76.50794510977040400, -2.734071755775207900, 15.52950911576985900 ) ) ;
#3785 =( BOUNDED_CURVE ( )  B_SPLINE_CURVE ( 3, ( #5537, #2153, #251, #3613 ),
 .UNSPECIFIED., .F., .F. ) 
 B_SPLINE_CURVE_WITH_KNOTS ( ( 4, 4 ),
 ( 2.107760571540905100, 3.141592653589800700 ),
 .UNSPECIFIED. ) 
 CURVE ( )  GEOMETRIC_REPRESENTATION_ITEM ( )  RATIONAL_B_SPLINE_CURVE ( ( 1.000000000000000000, 0.9128982722561289600, 0.9128982722561289600, 1.000000000000000000 ) ) 
 REPRESENTATION_ITEM ( '' )  );
#3786 = VERTEX_POINT ( 'NONE', #5747 ) ;
#3787 = CARTESIAN_POINT ( 'NONE',  ( -58.67019165152995400, 15.63652987347134600, 12.58129483005578700 ) ) ;
#3788 = CIRCLE ( 'NONE', #50, 2.166666666666667000 ) ;
#3789 = CARTESIAN_POINT ( 'NONE',  ( -12.00075363940946200, 23.25953549234949200, 26.93176495018959900 ) ) ;
#3790 = CARTESIAN_POINT ( 'NONE',  ( -113.2350096743792000, 20.81789143960921600, 10.94961707669531700 ) ) ;
#3791 = VERTEX_POINT ( 'NONE', #4800 ) ;
#3792 = CARTESIAN_POINT ( 'NONE',  ( -56.50751163873545100, 11.14567855296419000, 16.38486625862714500 ) ) ;
#3793 = CARTESIAN_POINT ( 'NONE',  ( -11.15997146669544400, 19.36651368603269700, 24.60242277535232300 ) ) ;
#3794 = ORIENTED_EDGE ( 'NONE', *, *, #4430, .T. ) ;
#3795 = CARTESIAN_POINT ( 'NONE',  ( -174.0267042551717800, 21.35344409265351500, 11.67415197291334600 ) ) ;
#3796 = ORIENTED_EDGE ( 'NONE', *, *, #2980, .T. ) ;
#3797 = ORIENTED_EDGE ( 'NONE', *, *, #5769, .T. ) ;
#3798 = AXIS2_PLACEMENT_3D ( 'NONE', #3130, #3612, #740 ) ;
#3799 = EDGE_CURVE ( 'NONE', #320, #5068, #2785, .T. ) ;
#3800 = CARTESIAN_POINT ( 'NONE',  ( -109.5267042551718900, 23.28358397208384600, 12.93516207025020400 ) ) ;
#3801 = CARTESIAN_POINT ( 'NONE',  ( -56.32469720412586200, 17.50699927904754500, 12.58129483005580900 ) ) ;
#3802 = ORIENTED_EDGE ( 'NONE', *, *, #82, .F. ) ;
#3803 = ORIENTED_EDGE ( 'NONE', *, *, #2930, .F. ) ;
#3804 = ORIENTED_EDGE ( 'NONE', *, *, #5267, .T. ) ;
#3805 = EDGE_CURVE ( 'NONE', #4156, #5736, #5422, .T. ) ;
#3806 = ORIENTED_EDGE ( 'NONE', *, *, #2424, .T. ) ;
#3807 = CARTESIAN_POINT ( 'NONE',  ( -113.5267042551719400, 23.80134849431017900, 10.19141373052388900 ) ) ;
#3808 = LINE ( 'NONE', #1245, #6095 ) ;
#3809 = EDGE_LOOP ( 'NONE', ( #5448, #4515, #964, #2171 ) ) ;
#3810 = ORIENTED_EDGE ( 'NONE', *, *, #5003, .T. ) ;
#3811 = CARTESIAN_POINT ( 'NONE',  ( -78.91473312382450400, 8.653444092653527900, 13.43665197291290700 ) ) ;
#3812 = CARTESIAN_POINT ( 'NONE',  ( -110.9772764838437400, 21.44596860055391100, 10.77892058612123600 ) ) ;
#3813 = CARTESIAN_POINT ( 'NONE',  ( -3.326704255171848900, 26.09815794026132400, 21.55275143600416500 ) ) ;
#3814 = ORIENTED_EDGE ( 'NONE', *, *, #306, .F. ) ;
#3815 = AXIS2_PLACEMENT_3D ( 'NONE', #3240, #4212, #1331 ) ;
#3816 = LINE ( 'NONE', #78, #1266 ) ;
#3817 = ORIENTED_EDGE ( 'NONE', *, *, #3973, .F. ) ;
#3818 = CARTESIAN_POINT ( 'NONE',  ( -112.7267042551718800, 20.54685322742153600, 11.26323789242665500 ) ) ;
#3819 = CARTESIAN_POINT ( 'NONE',  ( -105.5267042551718900, 21.35344409265355400, 11.67415197291318800 ) ) ;
#3820 = VERTEX_POINT ( 'NONE', #3 ) ;
#3821 =( BOUNDED_CURVE ( )  B_SPLINE_CURVE ( 3, ( #4038, #682, #3560, #1162 ),
 .UNSPECIFIED., .F., .T. ) 
 B_SPLINE_CURVE_WITH_KNOTS ( ( 4, 4 ),
 ( 3.141592653589800200, 4.161279721187799700 ),
 .UNSPECIFIED. ) 
 CURVE ( )  GEOMETRIC_REPRESENTATION_ITEM ( )  RATIONAL_B_SPLINE_CURVE ( ( 1.000000000000000000, 0.9152139201343678600, 0.9152139201343678600, 1.000000000000000000 ) ) 
 REPRESENTATION_ITEM ( '' )  );
#3822 = CARTESIAN_POINT ( 'NONE',  ( -109.5164593548597300, 21.25880345119795900, 13.97731534237859700 ) ) ;
#3823 = CARTESIAN_POINT ( 'NONE',  ( -113.4671742786182600, 23.68655673144010300, 10.03115580048984700 ) ) ;
#3824 = FACE_OUTER_BOUND ( 'NONE', #3809, .T. ) ;
#3825 = CARTESIAN_POINT ( 'NONE',  ( -56.50751163873546500, 6.161209632342839800, 10.48843768719849500 ) ) ;
#3826 = FACE_OUTER_BOUND ( 'NONE', #5718, .T. ) ;
#3827 = VECTOR ( 'NONE', #1050, 1000.000000000000100 ) ;
#3828 = CARTESIAN_POINT ( 'NONE',  ( -107.5267042551718800, 24.32679804137865200, 15.16957280833110900 ) ) ;
#3829 =( BOUNDED_CURVE ( )  B_SPLINE_CURVE ( 3, ( #2216, #321, #1285, #4644 ),
 .UNSPECIFIED., .F., .F. ) 
 B_SPLINE_CURVE_WITH_KNOTS ( ( 4, 4 ),
 ( 5.619882523755744200, 6.283185307179586200 ),
 .UNSPECIFIED. ) 
 CURVE ( )  GEOMETRIC_REPRESENTATION_ITEM ( )  RATIONAL_B_SPLINE_CURVE ( ( 1.000000000000000000, 0.9636706212180185000, 0.9636706212180185000, 1.000000000000000000 ) ) 
 REPRESENTATION_ITEM ( '' )  );
#3830 = EDGE_CURVE ( 'NONE', #3029, #4298, #4303, .T. ) ;
#3831 = ORIENTED_EDGE ( 'NONE', *, *, #3833, .F. ) ;
#3832 = AXIS2_PLACEMENT_3D ( 'NONE', #5499, #693, #4992 ) ;
#3833 = EDGE_CURVE ( 'NONE', #4109, #3386, #5208, .T. ) ;
#3834 = CARTESIAN_POINT ( 'NONE',  ( -111.0267042551719100, 20.57071491894384300, 12.11837606121067900 ) ) ;
#3835 = ORIENTED_EDGE ( 'NONE', *, *, #528, .T. ) ;
#3836 = ORIENTED_EDGE ( 'NONE', *, *, #2910, .T. ) ;
#3837 = CARTESIAN_POINT ( 'NONE',  ( -108.5267042551718800, 21.49372742137052600, 13.83627246727251000 ) ) ;
#3838 = DIRECTION ( 'NONE',  ( 1.000000000000000000, 2.132529265733050800E-017, -3.517630367272413100E-015 ) ) ;
#3839 = CARTESIAN_POINT ( 'NONE',  ( -13.68931835409432200, 21.33580271910520000, 26.37407416688426700 ) ) ;
#3840 = ORIENTED_EDGE ( 'NONE', *, *, #3434, .F. ) ;
#3841 = CARTESIAN_POINT ( 'NONE',  ( -78.52871130621787200, 17.50699927904743400, 20.46700911577018200 ) ) ;
#3842 = CARTESIAN_POINT ( 'NONE',  ( -10.58398776420818000, 19.84637738467760900, 25.91946489851735800 ) ) ;
#3843 = ORIENTED_EDGE ( 'NONE', *, *, #2188, .T. ) ;
#3844 = LINE ( 'NONE', #5458, #4973 ) ;
#3845 = CARTESIAN_POINT ( 'NONE',  ( -13.68931835409433600, 23.18585822933472300, 23.57274169615684300 ) ) ;
#3846 =( BOUNDED_CURVE ( )  B_SPLINE_CURVE ( 3, ( #2662, #2691, #5117, #2228 ),
 .UNSPECIFIED., .F., .F. ) 
 B_SPLINE_CURVE_WITH_KNOTS ( ( 4, 4 ),
 ( 0.0000000000000000000, 1.033832082048891500 ),
 .UNSPECIFIED. ) 
 CURVE ( )  GEOMETRIC_REPRESENTATION_ITEM ( )  RATIONAL_B_SPLINE_CURVE ( ( 1.000000000000000000, 0.9128982722561296300, 0.9128982722561296300, 1.000000000000000000 ) ) 
 REPRESENTATION_ITEM ( '' )  );
#3847 = CARTESIAN_POINT ( 'NONE',  ( -108.9304176304459600, 20.45958184900793200, 11.56574266375876900 ) ) ;
#3848 = CARTESIAN_POINT ( 'NONE',  ( -14.71794862151373100, 19.68454746663344300, 23.27197954916990600 ) ) ;
#3849 = VERTEX_POINT ( 'NONE', #2415 ) ;
#3850 = FACE_OUTER_BOUND ( 'NONE', #4639, .T. ) ;
#3851 = ORIENTED_EDGE ( 'NONE', *, *, #1319, .T. ) ;
#3852 = ORIENTED_EDGE ( 'NONE', *, *, #6237, .F. ) ;
#3853 = DIRECTION ( 'NONE',  ( -2.312964634635742700E-015, -0.8344483130099412700, -0.5510862118714848800 ) ) ;
#3854 = DIRECTION ( 'NONE',  ( -1.920722739381920500E-015, -0.8344483130099376000, -0.5510862118714903200 ) ) ;
#3855 = VERTEX_POINT ( 'NONE', #81 ) ;
#3856 = CARTESIAN_POINT ( 'NONE',  ( -58.34546340057336500, -2.734071755775254500, 17.51879483005551900 ) ) ;
#3857 = EDGE_LOOP ( 'NONE', ( #2122, #6208 ) ) ;
#3858 = EDGE_CURVE ( 'NONE', #6148, #491, #1637, .T. ) ;
#3859 = CARTESIAN_POINT ( 'NONE',  ( -110.5267042551718900, 23.79749414636597000, 11.71806070693766300 ) ) ;
#3860 = VERTEX_POINT ( 'NONE', #1055 ) ;
#3861 = EDGE_CURVE ( 'NONE', #764, #1455, #1362, .T. ) ;
#3862 = ORIENTED_EDGE ( 'NONE', *, *, #394, .F. ) ;
#3863 = DIRECTION ( 'NONE',  ( -1.000000000000000000, -2.132529265733050800E-017, 3.517630367272413100E-015 ) ) ;
#3864 = ORIENTED_EDGE ( 'NONE', *, *, #4998, .T. ) ;
#3865 = EDGE_LOOP ( 'NONE', ( #2484, #1569, #362, #973, #2030, #430 ) ) ;
#3866 = ORIENTED_EDGE ( 'NONE', *, *, #2797, .F. ) ;
#3867 = CARTESIAN_POINT ( 'NONE',  ( -109.0267042551718800, 17.85802310302676000, 14.64750582088967300 ) ) ;
#3868 = EDGE_CURVE ( 'NONE', #324, #2283, #3884, .T. ) ;
#3869 = EDGE_CURVE ( 'NONE', #1302, #1324, #3190, .T. ) ;
#3870 = VERTEX_POINT ( 'NONE', #592 ) ;
#3871 = CARTESIAN_POINT ( 'NONE',  ( -14.47552752048313700, 18.63163816821186500, 25.63580664423753000 ) ) ;
#3872 = CARTESIAN_POINT ( 'NONE',  ( -112.5267042551719200, 19.02391570993971100, 13.08967700659667500 ) ) ;
#3873 = CARTESIAN_POINT ( 'NONE',  ( -111.5267042551718800, 23.92977172981098400, 11.87676021596802100 ) ) ;
#3874 = CARTESIAN_POINT ( 'NONE',  ( -73.58785335064119700, 21.44720201686785900, 14.57058054434165400 ) ) ;
#3875 = CONICAL_SURFACE ( 'NONE', #3832, 4.799999999999998000, 0.7853981633974657100 ) ;
#3876 = CARTESIAN_POINT ( 'NONE',  ( -113.0267042551719100, 20.90921965466626300, 10.89142299766387500 ) ) ;
#3877 = DIRECTION ( 'NONE',  ( -2.523234146875356100E-015, -0.3442362757280890700, -0.9388830526071152400 ) ) ;
#3878 = CONICAL_SURFACE ( 'NONE', #4512, 3.900000000000004800, 0.7853981633974460600 ) ;
#3879 = FACE_OUTER_BOUND ( 'NONE', #3004, .T. ) ;
#3880 = CARTESIAN_POINT ( 'NONE',  ( -3.326704255171862600, 22.71343197699517800, 19.02410118438801900 ) ) ;
#3881 = CARTESIAN_POINT ( 'NONE',  ( -105.5257042551719000, 21.35344409265355000, 11.67415197291318800 ) ) ;
#3882 = DIRECTION ( 'NONE',  ( 0.0000000000000000000, 0.8371691043312138300, 0.5469441386040013700 ) ) ;
#3883 = DIRECTION ( 'NONE',  ( -1.908979236615882000E-015, -0.8371691043312137200, -0.5469441386040017100 ) ) ;
#3884 = LINE ( 'NONE', #5403, #2454 ) ;
#3885 = CARTESIAN_POINT ( 'NONE',  ( -14.71880006696634300, 20.33565712470818800, 28.04450397920526000 ) ) ;
#3886 = CARTESIAN_POINT ( 'NONE',  ( -106.5267042551718900, 27.11621294676180900, 10.90001068465965700 ) ) ;
#3887 = CARTESIAN_POINT ( 'NONE',  ( -112.9575255755743700, 19.22634560791473400, 13.46728049202690300 ) ) ;
#3888 = CARTESIAN_POINT ( 'NONE',  ( -64.18564691883177900, -5.546555907346455400, 11.62236625862691500 ) ) ;
#3889 = ORIENTED_EDGE ( 'NONE', *, *, #4645, .T. ) ;
#3890 = EDGE_CURVE ( 'NONE', #631, #6009, #2047, .T. ) ;
#3891 = CARTESIAN_POINT ( 'NONE',  ( -4.080990041193007100, 21.35344409265333000, 24.37415197291284500 ) ) ;
#3892 = VERTEX_POINT ( 'NONE', #2515 ) ;
#3893 = B_SPLINE_CURVE_WITH_KNOTS ( 'NONE', 3,
 ( #4285, #3818, #5280, #2387, #5780, #2863, #6248, #3355 ),
 .UNSPECIFIED., .F., .F.,
 ( 4, 2, 2, 4 ),
 ( 3.469446951953614200E-018, 0.0002879141183618940200, 0.0004318711775428496300, 0.0005758282367238052900 ),
 .UNSPECIFIED. ) ;
#3894 = DIRECTION ( 'NONE',  ( -1.000000000000000000, -5.726637133838782600E-029, 3.490263633665282600E-015 ) ) ;
#3895 = CARTESIAN_POINT ( 'NONE',  ( 19.67329574482816000, 21.35344409265333400, 24.37415197291276000 ) ) ;
#3896 = ORIENTED_EDGE ( 'NONE', *, *, #4382, .T. ) ;
#3897 = CARTESIAN_POINT ( 'NONE',  ( -5.326704255171836900, 21.35344409265333000, 24.37415197291284500 ) ) ;
#3898 = EDGE_CURVE ( 'NONE', #1210, #2816, #957, .T. ) ;
#3899 = AXIS2_PLACEMENT_3D ( 'NONE', #4875, #1996, #1508 ) ;
#3900 = EDGE_CURVE ( 'NONE', #5178, #162, #6192, .T. ) ;
#3901 = CARTESIAN_POINT ( 'NONE',  ( -14.47030347672060400, 27.44228664419916100, 24.61546998847882900 ) ) ;
#3902 = ORIENTED_EDGE ( 'NONE', *, *, #4600, .T. ) ;
#3903 = PLANE ( 'NONE',  #3283 ) ;
#3904 = CARTESIAN_POINT ( 'NONE',  ( -107.5267042551719200, 19.33958069706554600, 11.91129526284601100 ) ) ;
#3905 = EDGE_LOOP ( 'NONE', ( #1334, #2298 ) ) ;
#3906 = AXIS2_PLACEMENT_3D ( 'NONE', #4097, #1220, #4580 ) ;
#3907 = CARTESIAN_POINT ( 'NONE',  ( -67.42670425517189900, 22.85344409265359600, 8.674151972913080000 ) ) ;
#3908 = CIRCLE ( 'NONE', #5344, 4.299999999999996300 ) ;
#3909 = CARTESIAN_POINT ( 'NONE',  ( 20.67329574482813100, 21.35344409265333400, 24.37415197291275200 ) ) ;
#3910 = ORIENTED_EDGE ( 'NONE', *, *, #3110, .F. ) ;
#3911 = CARTESIAN_POINT ( 'NONE',  ( -17.32670425517182600, 23.85678903168315300, 26.02741060852734000 ) ) ;
#3912 = DIRECTION ( 'NONE',  ( -2.830816654711058300E-015, 0.5985001697990025600, -0.8011226789640680800 ) ) ;
#3913 = CARTESIAN_POINT ( 'NONE',  ( -110.8507650801470300, 21.19132951432535000, 12.55984815086698700 ) ) ;
#3914 = CARTESIAN_POINT ( 'NONE',  ( -112.7267042551719000, 22.10689628655164500, 12.16640169765681500 ) ) ;
#3915 = VERTEX_POINT ( 'NONE', #4965 ) ;
#3916 = ORIENTED_EDGE ( 'NONE', *, *, #5202, .T. ) ;
#3917 = DIRECTION ( 'NONE',  ( 2.947032800510583500E-015, -0.5510862118714845400, 0.8344483130099414900 ) ) ;
#3918 = CARTESIAN_POINT ( 'NONE',  ( -114.9267042551719000, 21.35344409265355000, 11.67415197291322200 ) ) ;
#3919 = CARTESIAN_POINT ( 'NONE',  ( -15.35881040382237100, 26.62912799685876000, 25.84674532592253000 ) ) ;
#3920 = CARTESIAN_POINT ( 'NONE',  ( -13.65133508780252600, 18.26360215224936600, 23.60896025466881900 ) ) ;
#3921 = ORIENTED_EDGE ( 'NONE', *, *, #2909, .F. ) ;
#3922 = DIRECTION ( 'NONE',  ( 0.0000000000000000000, 0.5469441386039992600, -0.8371691043312155000 ) ) ;
#3923 = ADVANCED_FACE ( 'NONE', ( #2336, #4863 ), #131, .T. ) ;
#3924 = CARTESIAN_POINT ( 'NONE',  ( -73.58785335064119700, -4.140313831560958700, 21.65272340148411700 ) ) ;
#3925 = VERTEX_POINT ( 'NONE', #1594 ) ;
#3926 = CARTESIAN_POINT ( 'NONE',  ( -110.7460655377228700, 21.99919942927251500, 11.04175762920399300 ) ) ;
#3927 = VECTOR ( 'NONE', #1197, 1000.000000000000100 ) ;
#3928 = VERTEX_POINT ( 'NONE', #3055 ) ;
#3929 = CARTESIAN_POINT ( 'NONE',  ( -76.50794510977040400, -2.734071755775266100, 18.87950911576986000 ) ) ;
#3930 = EDGE_CURVE ( 'NONE', #794, #5071, #6108, .T. ) ;
#3931 = ORIENTED_EDGE ( 'NONE', *, *, #1646, .F. ) ;
#3932 = CARTESIAN_POINT ( 'NONE',  ( -114.9267042551719000, 20.59999189875545900, 11.18190224816962100 ) ) ;
#3933 = ORIENTED_EDGE ( 'NONE', *, *, #2316, .F. ) ;
#3934 = CARTESIAN_POINT ( 'NONE',  ( -7.245003664752095700, 20.52389705443895800, 26.36691232270880600 ) ) ;
#3935 = AXIS2_PLACEMENT_3D ( 'NONE', #617, #1597, #4967 ) ;
#3936 = EDGE_CURVE ( 'NONE', #5465, #1216, #5026, .T. ) ;
#3937 = DIRECTION ( 'NONE',  ( -1.000000000000000000, -2.132529265733050800E-017, 3.517630367272413100E-015 ) ) ;
#3938 = ORIENTED_EDGE ( 'NONE', *, *, #5512, .T. ) ;
#3939 = CARTESIAN_POINT ( 'NONE',  ( -12.25347981393624200, 20.52389705443896500, 26.36691232270882400 ) ) ;
#3940 = FACE_BOUND ( 'NONE', #4999, .T. ) ;
#3941 = ORIENTED_EDGE ( 'NONE', *, *, #4289, .T. ) ;
#3942 = ORIENTED_EDGE ( 'NONE', *, *, #2316, .T. ) ;
#3943 = ADVANCED_FACE ( 'NONE', ( #2170, #4745 ), #2584, .T. ) ;
#3944 = CARTESIAN_POINT ( 'NONE',  ( -111.1230586616931800, 21.24503771982465800, 12.56801860847282400 ) ) ;
#3945 = EDGE_CURVE ( 'NONE', #4089, #4848, #5878, .T. ) ;
#3946 = DIRECTION ( 'NONE',  ( -1.920722739381920500E-015, -0.8344483130099376000, -0.5510862118714903200 ) ) ;
#3947 = CIRCLE ( 'NONE', #5370, 3.000000000000000400 ) ;
#3948 = CARTESIAN_POINT ( 'NONE',  ( 18.17329574482815600, 18.53204355574467100, 19.62943812530478000 ) ) ;
#3949 = CARTESIAN_POINT ( 'NONE',  ( -58.34546340057334400, 20.04095994108213900, 18.70450911577015100 ) ) ;
#3950 = DIRECTION ( 'NONE',  ( -0.5158497608962500100, 0.4721040219343318200, -0.7148544024182195100 ) ) ;
#3951 = CARTESIAN_POINT ( 'NONE',  ( -111.5267042551718900, 22.51131346486595700, 13.98346997353667300 ) ) ;
#3952 = VECTOR ( 'NONE', #1239, 1000.000000000000100 ) ;
#3953 = CARTESIAN_POINT ( 'NONE',  ( -56.32469720412583300, 17.50699927904749100, 15.93129483005581900 ) ) ;
#3954 = CARTESIAN_POINT ( 'NONE',  ( -111.0267042551735000, 18.92074828094443400, 11.04041035884889500 ) ) ;
#3955 = CARTESIAN_POINT ( 'NONE',  ( 19.72329574482814300, 17.34809219020561200, 21.72893815592963700 ) ) ;
#3956 = CARTESIAN_POINT ( 'NONE',  ( -78.91473312382450400, 8.653444092653479900, 16.43665197291290200 ) ) ;
#3957 = FACE_OUTER_BOUND ( 'NONE', #2748, .T. ) ;
#3958 = CARTESIAN_POINT ( 'NONE',  ( -108.7267042551719000, 22.10689628655164500, 12.16640169765680000 ) ) ;
#3959 = ADVANCED_FACE ( 'NONE', ( #6037 ), #4527, .F. ) ;
#3960 = CARTESIAN_POINT ( 'NONE',  ( -107.0267042551719200, 20.57071511740419500, 12.11837641090045300 ) ) ;
#3961 = CIRCLE ( 'NONE', #854, 2.583333333333334400 ) ;
#3962 = CARTESIAN_POINT ( 'NONE',  ( -10.35033425463823600, 20.20365378806305000, 21.60323475013802900 ) ) ;
#3963 = CARTESIAN_POINT ( 'NONE',  ( -109.2353906153133500, 20.47495520042493700, 11.47417421969591800 ) ) ;
#3964 = DIRECTION ( 'NONE',  ( 0.8566790672026962600, 0.2842776906271242100, -0.4304499627464584100 ) ) ;
#3965 = DIRECTION ( 'NONE',  ( -2.947032800510570100E-015, 0.5510862118714903200, -0.8344483130099377100 ) ) ;
#3966 = ORIENTED_EDGE ( 'NONE', *, *, #2272, .F. ) ;
#3967 = CARTESIAN_POINT ( 'NONE',  ( -118.5267042551718900, 21.35344409265355000, 11.67415197291322900 ) ) ;
#3968 = CARTESIAN_POINT ( 'NONE',  ( -12.38280917243544200, 20.38143412225046100, 21.34300727168430400 ) ) ;
#3969 = ORIENTED_EDGE ( 'NONE', *, *, #4748, .F. ) ;
#3970 = CARTESIAN_POINT ( 'NONE',  ( -55.93867538651930000, 8.653444092653517200, 13.26165197291283300 ) ) ;
#3971 = B_SPLINE_CURVE_WITH_KNOTS ( 'NONE', 3,
 ( #2141, #3606, #4079, #1206, #4564, #1684, #5047, #2167, #5553, #2644 ),
 .UNSPECIFIED., .F., .F.,
 ( 4, 2, 2, 2, 4 ),
 ( 2.461060115770157400E-007, 0.0002163194804811111400, 0.0004323928549506453000, 0.0006484662294201793500, 0.0008645396038897135100 ),
 .UNSPECIFIED. ) ;
#3972 = CARTESIAN_POINT ( 'NONE',  ( -78.52871130621790000, -0.2001110937405285700, 15.75629483005561900 ) ) ;
#3973 = EDGE_CURVE ( 'NONE', #1598, #1972, #912, .T. ) ;
#3974 = EDGE_CURVE ( 'NONE', #2389, #2582, #4940, .T. ) ;
#3975 = CARTESIAN_POINT ( 'NONE',  ( -17.32670425517183300, 22.85344409265333400, 24.37415197291299800 ) ) ;
#3976 = ORIENTED_EDGE ( 'NONE', *, *, #226, .T. ) ;
#3977 = CARTESIAN_POINT ( 'NONE',  ( -80.54947750266542500, 2.333849568294204900, 12.98308054434138400 ) ) ;
#3978 = ADVANCED_FACE ( 'NONE', ( #2001 ), #1192, .F. ) ;
#3979 = CARTESIAN_POINT ( 'NONE',  ( -175.0267042551717800, 20.49285340333329200, 9.326944341395561700 ) ) ;
#3980 = CARTESIAN_POINT ( 'NONE',  ( -56.50751163873545800, 6.161209632342790100, 13.48843768719849800 ) ) ;
#3981 = CARTESIAN_POINT ( 'NONE',  ( -77.77706061939211700, 13.63791301327481900, 23.24022340148441400 ) ) ;
#3982 = DIRECTION ( 'NONE',  ( 1.920722739381899900E-015, 0.8344483130099413800, 0.5510862118714846500 ) ) ;
#3983 = ORIENTED_EDGE ( 'NONE', *, *, #345, .F. ) ;
#3984 = CARTESIAN_POINT ( 'NONE',  ( -107.0267042551719200, 21.26106244613652100, 12.56939810185584400 ) ) ;
#3985 = AXIS2_PLACEMENT_3D ( 'NONE', #539, #1037, #4399 ) ;
#3986 = EDGE_CURVE ( 'NONE', #1227, #4719, #4410, .T. ) ;
#3987 = VECTOR ( 'NONE', #627, 1000.000000000000000 ) ;
#3988 = ORIENTED_EDGE ( 'NONE', *, *, #1056, .T. ) ;
#3989 = DIRECTION ( 'NONE',  ( -2.921940880075401800E-015, 0.5469441386040017100, -0.8371691043312136100 ) ) ;
#3990 = DIRECTION ( 'NONE',  ( -0.8838353839626627000, -0.2577970543952084500, 0.3903532922888273700 ) ) ;
#3991 = B_SPLINE_CURVE_WITH_KNOTS ( 'NONE', 3,
 ( #2573, #1136, #4519, #1636, #5002, #2114, #5507, #2602 ),
 .UNSPECIFIED., .F., .F.,
 ( 4, 2, 2, 4 ),
 ( 0.0005758282367238052900, 0.0007195626141407850800, 0.0008632969915577647700, 0.001150765746391747000 ),
 .UNSPECIFIED. ) ;
#3992 = CARTESIAN_POINT ( 'NONE',  ( -8.682129796016242900, 21.06821433701283700, 30.43399434060418300 ) ) ;
#3993 = CIRCLE ( 'NONE', #2872, 1.500000000000001300 ) ;
#3994 = ADVANCED_FACE ( 'NONE', ( #758 ), #1695, .F. ) ;
#3995 = ORIENTED_EDGE ( 'NONE', *, *, #5655, .F. ) ;
#3996 = CARTESIAN_POINT ( 'NONE',  ( -77.77706061939211700, 13.63791301327486100, 20.24022340148441000 ) ) ;
#3997 = ORIENTED_EDGE ( 'NONE', *, *, #1904, .T. ) ;
#3998 = CARTESIAN_POINT ( 'NONE',  ( -54.30393100767837900, 14.97303861701285200, 12.80808054434149000 ) ) ;
#3999 = ORIENTED_EDGE ( 'NONE', *, *, #4904, .F. ) ;
#4000 = CARTESIAN_POINT ( 'NONE',  ( -106.8795262267410800, 22.37828030162387100, 13.31933081221394300 ) ) ;
#4001 = CARTESIAN_POINT ( 'NONE',  ( -62.56720637705520000, -1.437407227853740900, 23.74558054434125900 ) ) ;
#4002 = CARTESIAN_POINT ( 'NONE',  ( -13.92297186366428500, 20.52389705443895800, 26.36691232270883100 ) ) ;
#4003 = CARTESIAN_POINT ( 'NONE',  ( -53.58272790218999400, 11.81324135483322900, 10.03486625862714700 ) ) ;
#4004 = CARTESIAN_POINT ( 'NONE',  ( -118.5267042551717900, 19.46014457614899100, 6.510295183574041500 ) ) ;
#4005 = PLANE ( 'NONE',  #1570 ) ;
#4006 = ORIENTED_EDGE ( 'NONE', *, *, #3426, .F. ) ;
#4007 = ORIENTED_EDGE ( 'NONE', *, *, #5330, .T. ) ;
#4008 = AXIS2_PLACEMENT_3D ( 'NONE', #5891, #1524, #1491 ) ;
#4009 = CARTESIAN_POINT ( 'NONE',  ( -106.9788921607991100, 22.13625793478104200, 11.23007707084685200 ) ) ;
#4010 = EDGE_LOOP ( 'NONE', ( #2022, #5791 ) ) ;
#4011 = CALENDAR_DATE ( 2015, 1, 7 ) ;
#4012 = ORIENTED_EDGE ( 'NONE', *, *, #4873, .T. ) ;
#4013 =( BOUNDED_CURVE ( )  B_SPLINE_CURVE ( 3, ( #2736, #3228, #351, #3706 ),
 .UNSPECIFIED., .F., .F. ) 
 B_SPLINE_CURVE_WITH_KNOTS ( ( 4, 4 ),
 ( 2.106831482424836200, 3.141592653589792200 ),
 .UNSPECIFIED. ) 
 CURVE ( )  GEOMETRIC_REPRESENTATION_ITEM ( )  RATIONAL_B_SPLINE_CURVE ( ( 1.000000000000000000, 0.9127451573267447700, 0.9127451573267447700, 1.000000000000000000 ) ) 
 REPRESENTATION_ITEM ( '' )  );
#4014 = ADVANCED_FACE ( 'NONE', ( #5585, #580, #3155, #1878, #4283, #2985, #1725 ), #1547, .F. ) ;
#4015 = ORIENTED_EDGE ( 'NONE', *, *, #759, .T. ) ;
#4016 = CARTESIAN_POINT ( 'NONE',  ( -7.958615587253527600, 22.38100079676667100, 26.15419832495659900 ) ) ;
#4017 = CARTESIAN_POINT ( 'NONE',  ( -13.07851955382193800, 23.02234071867321300, 25.47632439665584100 ) ) ;
#4018 = ORIENTED_EDGE ( 'NONE', *, *, #2937, .T. ) ;
#4019 = CARTESIAN_POINT ( 'NONE',  ( -70.66776159151204700, -5.546555907346505200, 15.07593768719836700 ) ) ;
#4020 = EDGE_CURVE ( 'NONE', #1716, #4828, #4132, .T. ) ;
#4021 = CARTESIAN_POINT ( 'NONE',  ( -116.0267042551718900, 21.35344409265355000, 11.67415197291322200 ) ) ;
#4022 = FACE_OUTER_BOUND ( 'NONE', #2811, .T. ) ;
#4023 = CYLINDRICAL_SURFACE ( 'NONE', #845, 0.5000000000000001100 ) ;
#4024 = ORIENTED_EDGE ( 'NONE', *, *, #4032, .F. ) ;
#4025 = CARTESIAN_POINT ( 'NONE',  ( -58.67019165152994000, 1.670358311835635500, 17.29200911576986100 ) ) ;
#4026 = CARTESIAN_POINT ( 'NONE',  ( -81.99188371364211000, 8.653444092653334300, 25.78665197291291700 ) ) ;
#4027 = CARTESIAN_POINT ( 'NONE',  ( -12.83560330372820200, 20.71704796489966700, 22.47810345861263300 ) ) ;
#4028 = EDGE_LOOP ( 'NONE', ( #4083, #4912, #2377, #879, #3699, #2840 ) ) ;
#4029 = CARTESIAN_POINT ( 'NONE',  ( -69.98303116834154000, 19.85344409265340800, 20.79736625862733100 ) ) ;
#4030 = CARTESIAN_POINT ( 'NONE',  ( -7.784587090412443900, 23.34079693775667200, 24.14958868771321900 ) ) ;
#4031 = CARTESIAN_POINT ( 'NONE',  ( -81.27068060815375400, 11.81324135483304400, 23.01343768719867800 ) ) ;
#4032 = EDGE_CURVE ( 'NONE', #1465, #4985, #459, .T. ) ;
#4033 = CARTESIAN_POINT ( 'NONE',  ( -113.5267042551718900, 18.87111859986449900, 13.09683146527016500 ) ) ;
#4034 = DIRECTION ( 'NONE',  ( -3.558407130208830300E-015, -0.8371691043312138300, -0.5469441386040014800 ) ) ;
#4035 = EDGE_CURVE ( 'NONE', #6104, #4328, #303, .T. ) ;
#4036 = CIRCLE ( 'NONE', #833, 1.888888888888889500 ) ;
#4037 = ADVANCED_FACE ( 'NONE', ( #2850 ), #299, .F. ) ;
#4038 = CARTESIAN_POINT ( 'NONE',  ( -10.26603595043729400, 23.85678903168315300, 26.02741060852731500 ) ) ;
#4039 = VECTOR ( 'NONE', #5315, 1000.000000000000200 ) ;
#4040 =( BOUNDED_CURVE ( )  B_SPLINE_CURVE ( 3, ( #130, #2986, #611, #3962 ),
 .UNSPECIFIED., .F., .F. ) 
 B_SPLINE_CURVE_WITH_KNOTS ( ( 4, 4 ),
 ( 2.164600308247011100, 4.118584998932572500 ),
 .UNSPECIFIED. ) 
 CURVE ( )  GEOMETRIC_REPRESENTATION_ITEM ( )  RATIONAL_B_SPLINE_CURVE ( ( 1.000000000000000000, 0.7063452485847592200, 0.7063452485847592200, 1.000000000000000000 ) ) 
 REPRESENTATION_ITEM ( '' )  );
#4041 = CARTESIAN_POINT ( 'NONE',  ( -11.15997146669547200, 22.94816712097809500, 19.17912492794868100 ) ) ;
#4042 = AXIS2_PLACEMENT_3D ( 'NONE', #1916, #5291, #2401 ) ;
#4043 = DIRECTION ( 'NONE',  ( 0.4677980483665698000, -0.4870694936659639200, 0.7375149451261376900 ) ) ;
#4044 = CARTESIAN_POINT ( 'NONE',  ( -108.5267042551718900, 23.38980043519773500, 10.93408623892429300 ) ) ;
#4045 = CARTESIAN_POINT ( 'NONE',  ( -61.26555515970255800, 21.44720201686789100, 12.12772340148446300 ) ) ;
#4046 = CARTESIAN_POINT ( 'NONE',  ( -14.71794862151371700, 23.02234071867321300, 25.47632439665584400 ) ) ;
#4047 = VECTOR ( 'NONE', #1915, 1000.000000000000100 ) ;
#4048 = CARTESIAN_POINT ( 'NONE',  ( -74.58937309823551200, 17.63514673366770000, 14.34379483005589000 ) ) ;
#4049 = CARTESIAN_POINT ( 'NONE',  ( -53.58272790218995100, 5.493646830473700500, 22.83843768719847800 ) ) ;
#4050 = CARTESIAN_POINT ( 'NONE',  ( -67.42670425517187000, -2.546555907346551800, 17.84915197291267900 ) ) ;
#4051 = DIRECTION ( 'NONE',  ( 0.0000000000000000000, -1.000000000000000000, -1.503427012513231400E-014 ) ) ;
#4052 = LINE ( 'NONE', #2921, #4228 ) ;
#4053 = CARTESIAN_POINT ( 'NONE',  ( -54.30393100767836500, 2.333849568294083600, 20.06522340148415400 ) ) ;
#4054 = CARTESIAN_POINT ( 'NONE',  ( -78.34589687160828900, 6.161209632342661300, 22.55986625862715300 ) ) ;
#4055 = ADVANCED_FACE ( 'NONE', ( #2698, #5115, #5272 ), #4938, .T. ) ;
#4056 = CARTESIAN_POINT ( 'NONE',  ( -106.5267042551718900, 23.21169901836054100, 11.33534544161011900 ) ) ;
#4057 = CARTESIAN_POINT ( 'NONE',  ( -111.2889232461938200, 19.80611606847470400, 9.644419313507175000 ) ) ;
#4058 = ORIENTED_EDGE ( 'NONE', *, *, #2090, .F. ) ;
#4059 = ORIENTED_EDGE ( 'NONE', *, *, #3724, .F. ) ;
#4060 = VERTEX_POINT ( 'NONE', #6103 ) ;
#4061 = CARTESIAN_POINT ( 'NONE',  ( -108.5267042551718800, 21.49372742137052600, 13.83627246727251000 ) ) ;
#4062 = DIRECTION ( 'NONE',  ( 0.4472135954999596500, 0.7463532606401003200, 0.4929064924829949500 ) ) ;
#4063 = CARTESIAN_POINT ( 'NONE',  ( -78.52871130621787200, -0.2001110937406742600, 25.10629483005561700 ) ) ;
#4064 = ORIENTED_EDGE ( 'NONE', *, *, #2045, .T. ) ;
#4065 = CARTESIAN_POINT ( 'NONE',  ( -62.56720637705525000, -1.437407227853548400, 11.39558054434126100 ) ) ;
#4066 = CARTESIAN_POINT ( 'NONE',  ( -80.54947750266541100, 14.97303861701275600, 19.89022340148444100 ) ) ;
#4067 = CARTESIAN_POINT ( 'NONE',  ( -11.37981596751024000, 20.33565712470818500, 28.04450397920523100 ) ) ;
#4068 = EDGE_CURVE ( 'NONE', #3627, #5716, #1280, .T. ) ;
#4069 = CARTESIAN_POINT ( 'NONE',  ( -12.83560330372819000, 21.98984022040698200, 26.27020048721312400 ) ) ;
#4070 = CONICAL_SURFACE ( 'NONE', #6101, 4.400000000000003000, 0.7853981633974609400 ) ;
#4071 = CARTESIAN_POINT ( 'NONE',  ( -64.87037734200218600, 19.85344409265349700, 14.90093768719874500 ) ) ;
#4072 = AXIS2_PLACEMENT_3D ( 'NONE', #2429, #5823, #2912 ) ;
#4073 = EDGE_CURVE ( 'NONE', #4357, #2950, #3829, .T. ) ;
#4074 = CARTESIAN_POINT ( 'NONE',  ( -7.551881839805384200, 23.28341707468587200, 25.08100562411439700 ) ) ;
#4075 = DIRECTION ( 'NONE',  ( -1.908979236615882000E-015, -0.8371691043312137200, -0.5469441386040017100 ) ) ;
#4076 = CARTESIAN_POINT ( 'NONE',  ( -78.52871130621788600, 17.50699927904748400, 17.11700911577018000 ) ) ;
#4077 = CARTESIAN_POINT ( 'NONE',  ( -55.93867538651927900, 8.653444092653416000, 19.61165197291282400 ) ) ;
#4078 = ORIENTED_EDGE ( 'NONE', *, *, #3072, .F. ) ;
#4079 = CARTESIAN_POINT ( 'NONE',  ( -108.5366966574787700, 19.36862678267974400, 12.54923100278588100 ) ) ;
#4080 = VECTOR ( 'NONE', #2979, 1000.000000000000000 ) ;
#4081 = CARTESIAN_POINT ( 'NONE',  ( -12.01982630436627300, 21.33580271910519600, 26.37407416688426000 ) ) ;
#4082 = EDGE_LOOP ( 'NONE', ( #2760, #4661, #5767, #4102 ) ) ;
#4083 = ORIENTED_EDGE ( 'NONE', *, *, #4475, .T. ) ;
#4084 = CC_DESIGN_PERSON_AND_ORGANIZATION_ASSIGNMENT ( #2222, #5701, ( #3124 ) ) ;
#4085 = EDGE_CURVE ( 'NONE', #1965, #2320, #2724, .T. ) ;
#4086 =( BOUNDED_CURVE ( )  B_SPLINE_CURVE ( 3, ( #6122, #5637, #3701, #4182 ),
 .UNSPECIFIED., .F., .T. ) 
 B_SPLINE_CURVE_WITH_KNOTS ( ( 4, 4 ),
 ( 5.306192961836805100, 7.260177652522368200 ),
 .UNSPECIFIED. ) 
 CURVE ( )  GEOMETRIC_REPRESENTATION_ITEM ( )  RATIONAL_B_SPLINE_CURVE ( ( 1.000000000000000000, 0.7063452485847587800, 0.7063452485847587800, 1.000000000000000000 ) ) 
 REPRESENTATION_ITEM ( '' )  );
#4087 = ADVANCED_FACE ( 'NONE', ( #1425 ), #4157, .F. ) ;
#4088 = CARTESIAN_POINT ( 'NONE',  ( -11.15997146669547200, 22.94816712097809500, 19.17912492794868100 ) ) ;
#4089 = VERTEX_POINT ( 'NONE', #1303 ) ;
#4090 = ORIENTED_EDGE ( 'NONE', *, *, #3637, .F. ) ;
#4091 = DIRECTION ( 'NONE',  ( 0.8566790672026990400, -0.2842776906271273800, 0.4304499627464507500 ) ) ;
#4092 = CARTESIAN_POINT ( 'NONE',  ( -54.30393100767832200, 14.97303861701271000, 22.15808054434149100 ) ) ;
#4093 = PLANE ( 'NONE',  #5392 ) ;
#4094 = VERTEX_POINT ( 'NONE', #2751 ) ;
#4095 = CARTESIAN_POINT ( 'NONE',  ( -67.42670425517182800, 22.85344409265339700, 21.37415197291307600 ) ) ;
#4096 = CARTESIAN_POINT ( 'NONE',  ( -56.32469720412584700, -0.2001110937405597700, 16.94200911576982400 ) ) ;
#4097 = CARTESIAN_POINT ( 'NONE',  ( -113.5267042551718900, 21.35344409265355000, 11.67415197291321500 ) ) ;
#4098 = CARTESIAN_POINT ( 'NONE',  ( -108.5267042551718800, 19.31708775010936900, 12.41421770690210400 ) ) ;
#4099 = CARTESIAN_POINT ( 'NONE',  ( -74.58937309823549800, -0.3282585483607926000, 21.87950911576988800 ) ) ;
#4100 = DIRECTION ( 'NONE',  ( 1.000000000000000000, 5.726637133838782600E-029, -3.490263633665282600E-015 ) ) ;
#4101 = CARTESIAN_POINT ( 'NONE',  ( -7.958615587253529400, 23.39399021580571900, 24.62034156424495600 ) ) ;
#4102 = ORIENTED_EDGE ( 'NONE', *, *, #4700, .T. ) ;
#4103 = CARTESIAN_POINT ( 'NONE',  ( -78.34589687160830400, 11.14567855296419700, 16.66343768719864800 ) ) ;
#4104 = CARTESIAN_POINT ( 'NONE',  ( -7.011350155182123300, 22.50323439724362700, 27.14506919568768200 ) ) ;
#4105 = DIRECTION ( 'NONE',  ( 0.0000000000000000000, -0.8371691043312136100, -0.5469441386040020400 ) ) ;
#4106 = ORIENTED_EDGE ( 'NONE', *, *, #4738, .T. ) ;
#4107 = CARTESIAN_POINT ( 'NONE',  ( -106.5267042551718900, 23.21169901836054100, 11.33534544161011900 ) ) ;
#4108 = CIRCLE ( 'NONE', #1980, 4.799999999999999800 ) ;
#4109 = VERTEX_POINT ( 'NONE', #2270 ) ;
#4110 = CARTESIAN_POINT ( 'NONE',  ( -4.080990041193009800, 20.31038370139090400, 23.68529420807349000 ) ) ;
#4111 = B_SPLINE_CURVE_WITH_KNOTS ( 'NONE', 3,
 ( #4856, #551, #4390, #1503, #4870, #1991, #5374, #2464, #5873, #2958, #73, #3446, #569, #3914 ),
 .UNSPECIFIED., .F., .F.,
 ( 4, 2, 2, 2, 2, 2, 4 ),
 ( 0.001150765746391782100, 0.001438242087053592100, 0.001581980257384486700, 0.001725718427715381600, 0.001869456598046276200, 0.002013194768377171200, 0.002300671109038981200 ),
 .UNSPECIFIED. ) ;
#4112 = EDGE_LOOP ( 'NONE', ( #3132, #5560, #1596, #3173, #739, #714, #1053 ) ) ;
#4113 = EDGE_LOOP ( 'NONE', ( #5915, #3704, #5104, #1934 ) ) ;
#4114 = DIRECTION ( 'NONE',  ( -5.046468293750711400E-015, -0.3442362757280896200, -0.9388830526071150200 ) ) ;
#4115 = ORIENTED_EDGE ( 'NONE', *, *, #4696, .T. ) ;
#4116 = VECTOR ( 'NONE', #2533, 999.9999999999998900 ) ;
#4117 = ORIENTED_EDGE ( 'NONE', *, *, #5743, .T. ) ;
#4118 = CIRCLE ( 'NONE', #1018, 5.500000000000000000 ) ;
#4119 = CARTESIAN_POINT ( 'NONE',  ( -81.27068060815375400, 5.493646830473771600, 19.20986625862714100 ) ) ;
#4120 = EDGE_CURVE ( 'NONE', #1248, #1346, #2396, .T. ) ;
#4121 = CARTESIAN_POINT ( 'NONE',  ( -12.83560330372819000, 21.26169553297619800, 27.37274867833979600 ) ) ;
#4122 = CARTESIAN_POINT ( 'NONE',  ( -72.28620213328848400, 18.74429541316040800, 26.92058054434160800 ) ) ;
#4123 = CARTESIAN_POINT ( 'NONE',  ( -58.67019165152993300, 15.63652987347124700, 18.93129483005579100 ) ) ;
#4124 = DIRECTION ( 'NONE',  ( 1.000000000000000000, -1.897593674567979500E-016, -3.199812253936115600E-015 ) ) ;
#4125 = LINE ( 'NONE', #5341, #2846 ) ;
#4126 = CARTESIAN_POINT ( 'NONE',  ( -57.07634789095166600, 3.668975172032066900, 13.71522340148418100 ) ) ;
#4127 = ADVANCED_FACE ( 'NONE', ( #3824 ), #6142, .F. ) ;
#4128 = CARTESIAN_POINT ( 'NONE',  ( -108.9311666817078500, 21.81142946759662100, 12.44939537049554300 ) ) ;
#4129 = EDGE_CURVE ( 'NONE', #556, #5986, #6118, .T. ) ;
#4130 = CARTESIAN_POINT ( 'NONE',  ( -112.7455331671750300, 22.19844404984157300, 11.99509358871597100 ) ) ;
#4131 = DIRECTION ( 'NONE',  ( 1.908979236615881600E-015, 0.8371691043312136100, 0.5469441386040017100 ) ) ;
#4132 = LINE ( 'NONE', #765, #5413 ) ;
#4133 = DIRECTION ( 'NONE',  ( 1.000000000000000000, -3.885780586187476000E-016, -3.490263633665288500E-015 ) ) ;
#4134 = VECTOR ( 'NONE', #5001, 1000.000000000000100 ) ;
#4135 = PRODUCT ( 'QTN010326-E0W', 'QTN010326-E0W', '', ( #4224 ) ) ;
#4136 = AXIS2_PLACEMENT_3D ( 'NONE', #5900, #2992, #112 ) ;
#4137 = VECTOR ( 'NONE', #485, 1000.000000000000100 ) ;
#4138 = DIRECTION ( 'NONE',  ( 0.8566790672026960400, 0.2842776906271243800, -0.4304499627464587500 ) ) ;
#4139 = CARTESIAN_POINT ( 'NONE',  ( -52.86152479670160900, 8.653444092653471000, 16.26165197291281600 ) ) ;
#4140 = CARTESIAN_POINT ( 'NONE',  ( -7.784587090412443900, 21.21339157354336500, 27.37088107176229100 ) ) ;
#4141 = CARTESIAN_POINT ( 'NONE',  ( 19.62329574482816200, 21.35344409265333400, 24.37415197291276000 ) ) ;
#4142 = CARTESIAN_POINT ( 'NONE',  ( -64.87037734200217200, -2.546555907346648200, 23.97236625862697000 ) ) ;
#4143 = CARTESIAN_POINT ( 'NONE',  ( -113.5267042551719200, 21.65912991418145200, 8.829417720185855200 ) ) ;
#4144 = CARTESIAN_POINT ( 'NONE',  ( -108.5267042551718900, 21.35344409265355000, 11.67415197291319600 ) ) ;
#4145 = CARTESIAN_POINT ( 'NONE',  ( -108.7267042551719000, 20.59999189875545900, 11.18190224816959800 ) ) ;
#4146 = ORIENTED_EDGE ( 'NONE', *, *, #4738, .F. ) ;
#4147 = CARTESIAN_POINT ( 'NONE',  ( -108.7267042551718800, 22.15999385877887900, 12.08512896092522500 ) ) ;
#4148 = ORIENTED_EDGE ( 'NONE', *, *, #5638, .F. ) ;
#4149 = AXIS2_PLACEMENT_3D ( 'NONE', #3236, #369, #3720 ) ;
#4150 = DIRECTION ( 'NONE',  ( -5.250964054860423000E-016, 0.9896828074640009500, -0.1432757502516506000 ) ) ;
#4151 = DIRECTION ( 'NONE',  ( -0.9904922731777512400, 0.1151679901643342200, 0.07524221432599306800 ) ) ;
#4152 = DIRECTION ( 'NONE',  ( 1.000000000000000000, 1.329951891848760100E-017, -3.165055512925889300E-015 ) ) ;
#4153 = ORIENTED_EDGE ( 'NONE', *, *, #4287, .F. ) ;
#4154 = CARTESIAN_POINT ( 'NONE',  ( -114.5267042551718900, 18.84193677965991000, 10.03331955710121000 ) ) ;
#4155 = CARTESIAN_POINT ( 'NONE',  ( -72.28620213328848400, 18.74429541316045400, 23.92058054434161100 ) ) ;
#4156 = VERTEX_POINT ( 'NONE', #5687 ) ;
#4157 = PLANE ( 'NONE',  #1745 ) ;
#4158 = CARTESIAN_POINT ( 'NONE',  ( -14.47030347672061800, 15.26460154110753300, 24.13283395734700000 ) ) ;
#4159 = LINE ( 'NONE', #1501, #4307 ) ;
#4160 = CARTESIAN_POINT ( 'NONE',  ( -109.0753424904812600, 20.90921965467142100, 10.89142299765637400 ) ) ;
#4161 = CARTESIAN_POINT ( 'NONE',  ( -67.42670425517182800, 19.85344409265340500, 21.02415197291303500 ) ) ;
#4162 = EDGE_CURVE ( 'NONE', #6009, #2182, #1112, .T. ) ;
#4163 = EDGE_LOOP ( 'NONE', ( #5298, #3836, #4183, #2043 ) ) ;
#4164 = CARTESIAN_POINT ( 'NONE',  ( -12.83560330372819000, 23.34710532966402500, 24.21504549271492100 ) ) ;
#4165 = AXIS2_PLACEMENT_3D ( 'NONE', #1557, #4441, #3479 ) ;
#4166 = EDGE_CURVE ( 'NONE', #6213, #3216, #4802, .T. ) ;
#4167 = CARTESIAN_POINT ( 'NONE',  ( -9.693220416456714600, 23.02234071867321300, 25.47632439665582600 ) ) ;
#4168 = CARTESIAN_POINT ( 'NONE',  ( -3.326704255171820900, 19.99345620831150000, 29.72420276143764900 ) ) ;
#4169 = VECTOR ( 'NONE', #1236, 1000.000000000000100 ) ;
#4170 = CARTESIAN_POINT ( 'NONE',  ( -109.1226701632622000, 22.24733002734429400, 11.78238433905107000 ) ) ;
#4171 = ORIENTED_EDGE ( 'NONE', *, *, #874, .T. ) ;
#4172 = ORIENTED_EDGE ( 'NONE', *, *, #6, .F. ) ;
#4173 = VERTEX_POINT ( 'NONE', #5710 ) ;
#4174 = DIRECTION ( 'NONE',  ( -2.921940880075401800E-015, 0.5469441386040017100, -0.8371691043312136100 ) ) ;
#4175 = CARTESIAN_POINT ( 'NONE',  ( -62.56720637705520700, -1.437407227853692500, 20.74558054434125900 ) ) ;
#4176 = DIRECTION ( 'NONE',  ( 2.523234146875355700E-015, 0.3442362757280890100, 0.9388830526071152400 ) ) ;
#4177 = CARTESIAN_POINT ( 'NONE',  ( -107.0267042551708400, 19.41946933544921400, 11.36623788921347300 ) ) ;
#4178 = CARTESIAN_POINT ( 'NONE',  ( -64.87037734200217200, -2.546555907346598000, 20.97236625862696600 ) ) ;
#4179 = EDGE_LOOP ( 'NONE', ( #3320, #2150, #3409, #2466 ) ) ;
#4180 = ORIENTED_EDGE ( 'NONE', *, *, #4324, .F. ) ;
#4181 = CARTESIAN_POINT ( 'NONE',  ( -7.551881839805396600, 19.68454746663344300, 23.27197954916988100 ) ) ;
#4182 = CARTESIAN_POINT ( 'NONE',  ( -10.35033425463822400, 24.35328990747315100, 24.34373672496027700 ) ) ;
#4183 = ORIENTED_EDGE ( 'NONE', *, *, #3125, .T. ) ;
#4184 = CARTESIAN_POINT ( 'NONE',  ( -10.69408882626712700, 18.18106038262131100, 24.70664281767930600 ) ) ;
#4185 = DIRECTION ( 'NONE',  ( -3.478282900197969800E-015, -0.1432757502516505700, -0.9896828074640008400 ) ) ;
#4186 = DATE_AND_TIME ( #5466, #497 ) ;
#4187 = CYLINDRICAL_SURFACE ( 'NONE', #3432, 4.799999999999999800 ) ;
#4188 = ORIENTED_EDGE ( 'NONE', *, *, #1831, .T. ) ;
#4189 = CARTESIAN_POINT ( 'NONE',  ( -69.98303116834156900, -2.546555907346552200, 18.07593768719841500 ) ) ;
#4190 = ORIENTED_EDGE ( 'NONE', *, *, #1272, .T. ) ;
#4191 = CARTESIAN_POINT ( 'NONE',  ( -72.28620213328848400, 18.74429541316045400, 23.92058054434161100 ) ) ;
#4192 = ORIENTED_EDGE ( 'NONE', *, *, #4120, .T. ) ;
#4193 = DIRECTION ( 'NONE',  ( -1.000000000000000000, -2.132529265733050800E-017, 3.517630367272413100E-015 ) ) ;
#4194 = LINE ( 'NONE', #4434, #5474 ) ;
#4195 = FACE_OUTER_BOUND ( 'NONE', #4969, .T. ) ;
#4196 = ORIENTED_EDGE ( 'NONE', *, *, #4073, .F. ) ;
#4198 = DIRECTION ( 'NONE',  ( -1.987703982890091700E-015, -0.8344483130099411600, -0.5510862118714848800 ) ) ;
#4197 =( BOUNDED_CURVE ( )  B_SPLINE_CURVE ( 3, ( #2671, #5582, #294, #3648 ),
 .UNSPECIFIED., .F., .T. ) 
 B_SPLINE_CURVE_WITH_KNOTS ( ( 4, 4 ),
 ( 3.141592653589791800, 3.804895437013633900 ),
 .UNSPECIFIED. ) 
 CURVE ( )  GEOMETRIC_REPRESENTATION_ITEM ( )  RATIONAL_B_SPLINE_CURVE ( ( 1.000000000000000000, 0.9636706212180185000, 0.9636706212180185000, 1.000000000000000000 ) ) 
 REPRESENTATION_ITEM ( '' )  );
#4199 = CARTESIAN_POINT ( 'NONE',  ( -107.5267042551719100, 24.32679804137865200, 15.16957280833110900 ) ) ;
#4200 = CARTESIAN_POINT ( 'NONE',  ( -105.5267042551718900, 21.35344409265355400, 11.67415197291318800 ) ) ;
#4201 = CARTESIAN_POINT ( 'NONE',  ( -69.98303116834158300, 19.85344409265345800, 17.79736625862733800 ) ) ;
#4202 = ORIENTED_EDGE ( 'NONE', *, *, #1389, .T. ) ;
#4203 = CARTESIAN_POINT ( 'NONE',  ( -107.1231599921079700, 20.57847503400636700, 12.13258564000210900 ) ) ;
#4204 = CARTESIAN_POINT ( 'NONE',  ( -67.42670425517185600, 19.85344409265345100, 18.02415197291303200 ) ) ;
#4205 = LINE ( 'NONE', #1604, #5329 ) ;
#4206 = CARTESIAN_POINT ( 'NONE',  ( -112.5267042551718900, 21.35344409265355400, 11.67415197291321000 ) ) ;
#4207 = CARTESIAN_POINT ( 'NONE',  ( -73.58785335064116900, 21.44720201686771300, 23.92058054434165700 ) ) ;
#4208 = EDGE_CURVE ( 'NONE', #5716, #1972, #3686, .T. ) ;
#4209 = AXIS2_PLACEMENT_3D ( 'NONE', #5395, #97, #3462 ) ;
#4210 = EDGE_CURVE ( 'NONE', #6088, #5845, #2252, .T. ) ;
#4211 = CARTESIAN_POINT ( 'NONE',  ( 19.62329574482815200, 17.34809219020561200, 21.72893815592963700 ) ) ;
#4212 = DIRECTION ( 'NONE',  ( 0.8566790672026956000, 0.2842776906271247700, -0.4304499627464592500 ) ) ;
#4213 = LINE ( 'NONE', #1068, #2913 ) ;
#4214 = CIRCLE ( 'NONE', #344, 2.583333333333334400 ) ;
#4215 = CARTESIAN_POINT ( 'NONE',  ( -62.56720637705520700, 18.74429541316058200, 15.12772340148442900 ) ) ;
#4216 =( BOUNDED_CURVE ( )  B_SPLINE_CURVE ( 3, ( #4081, #3609, #2647, #6050 ),
 .UNSPECIFIED., .F., .T. ) 
 B_SPLINE_CURVE_WITH_KNOTS ( ( 4, 4 ),
 ( 5.708340716563025600, 6.858029897796142500 ),
 .UNSPECIFIED. ) 
 CURVE ( )  GEOMETRIC_REPRESENTATION_ITEM ( )  RATIONAL_B_SPLINE_CURVE ( ( 1.000000000000000000, 0.8928512062104732000, 0.8928512062104732000, 1.000000000000000000 ) ) 
 REPRESENTATION_ITEM ( '' )  );
#4217 = DIRECTION ( 'NONE',  ( 1.000000000000000000, 2.132529265733050800E-017, -3.517630367272413100E-015 ) ) ;
#4218 = CARTESIAN_POINT ( 'NONE',  ( -64.87037734200218600, -2.546555907346598000, 20.97236625862696600 ) ) ;
#4219 = DIRECTION ( 'NONE',  ( -2.088218196519332500E-015, -0.8011226789640679700, -0.5985001697990026700 ) ) ;
#4220 = CARTESIAN_POINT ( 'NONE',  ( -14.71794862151371700, 23.02234071867321300, 25.47632439665584400 ) ) ;
#4221 = DIRECTION ( 'NONE',  ( -1.000000000000000000, -2.132529265733050800E-017, 3.517630367272413100E-015 ) ) ;
#4222 = CARTESIAN_POINT ( 'NONE',  ( -7.051881839805408200, 19.44676500135587100, 21.81742887140276500 ) ) ;
#4223 = EDGE_CURVE ( 'NONE', #5425, #2596, #1582, .T. ) ;
#4224 = MECHANICAL_CONTEXT ( 'NONE', #3734, 'mechanical' ) ;
#4225 = EDGE_CURVE ( 'NONE', #2816, #1210, #493, .T. ) ;
#4226 = CARTESIAN_POINT ( 'NONE',  ( -67.42670425517188400, -2.546555907346506100, 14.84915197291268600 ) ) ;
#4227 = CARTESIAN_POINT ( 'NONE',  ( -118.5267042551717800, 21.35344409265351100, 11.67415197291316400 ) ) ;
#4228 = VECTOR ( 'NONE', #42, 1000.000000000000100 ) ;
#4229 = CARTESIAN_POINT ( 'NONE',  ( -106.9299149784976600, 21.46208806349168400, 10.78031683046438400 ) ) ;
#4230 = ORIENTED_EDGE ( 'NONE', *, *, #3070, .F. ) ;
#4231 = EDGE_LOOP ( 'NONE', ( #738, #442 ) ) ;
#4232 = CARTESIAN_POINT ( 'NONE',  ( -64.18564691883173600, -5.546555907346597500, 20.97236625862691600 ) ) ;
#4233 = CARTESIAN_POINT ( 'NONE',  ( -109.0267042551718400, 21.82578696311757600, 9.488497582586045800 ) ) ;
#4234 = CARTESIAN_POINT ( 'NONE',  ( -15.35881040382237100, 22.50323439724362700, 27.14506919568771100 ) ) ;
#4235 = ORIENTED_EDGE ( 'NONE', *, *, #2750, .F. ) ;
#4236 =( BOUNDED_CURVE ( )  B_SPLINE_CURVE ( 3, ( #2494, #4877, #111, #3473 ),
 .UNSPECIFIED., .F., .F. ) 
 B_SPLINE_CURVE_WITH_KNOTS ( ( 4, 4 ),
 ( 2.566748062973233300, 3.716437244206351600 ),
 .UNSPECIFIED. ) 
 CURVE ( )  GEOMETRIC_REPRESENTATION_ITEM ( )  RATIONAL_B_SPLINE_CURVE ( ( 1.000000000000000000, 0.8928512062104729800, 0.8928512062104729800, 1.000000000000000000 ) ) 
 REPRESENTATION_ITEM ( '' )  );
#4237 = CARTESIAN_POINT ( 'NONE',  ( -14.47552752048313700, 21.26169553297619800, 27.37274867833980400 ) ) ;
#4238 = CARTESIAN_POINT ( 'NONE',  ( -14.47552752048315100, 20.71704796489966700, 22.47810345861264000 ) ) ;
#4239 = CARTESIAN_POINT ( 'NONE',  ( -67.42670425517185600, 19.85344409265345100, 18.02415197291303200 ) ) ;
#4240 = VERTEX_POINT ( 'NONE', #1871 ) ;
#4241 = CARTESIAN_POINT ( 'NONE',  ( -9.447423972536290300, 21.98211327749256200, 26.27277648977594600 ) ) ;
#4242 = PERSON_AND_ORGANIZATION_ROLE ( 'classification_officer' ) ;
#4243 = CARTESIAN_POINT ( 'NONE',  ( -64.87037734200220000, 19.85344409265355000, 11.90093768719874800 ) ) ;
#4244 = FACE_OUTER_BOUND ( 'NONE', #3537, .T. ) ;
#4245 = CARTESIAN_POINT ( 'NONE',  ( -112.5267042551719200, 21.57328084645032000, 8.960820878328439300 ) ) ;
#4246 = DIRECTION ( 'NONE',  ( 2.255923931811243000E-015, 0.8371691043312136100, 0.5469441386040017100 ) ) ;
#4247 = ORIENTED_EDGE ( 'NONE', *, *, #5737, .T. ) ;
#4248 = LINE ( 'NONE', #3484, #1506 ) ;
#4249 = EDGE_CURVE ( 'NONE', #986, #199, #5645, .T. ) ;
#4250 = DIRECTION ( 'NONE',  ( 1.826024711554535200E-015, 0.8344483130099416000, 0.5510862118714844300 ) ) ;
#4251 = CARTESIAN_POINT ( 'NONE',  ( -67.42670425517185600, 22.85344409265345100, 18.02415197291307800 ) ) ;
#4252 = ORIENTED_EDGE ( 'NONE', *, *, #3154, .T. ) ;
#4253 = ORIENTED_EDGE ( 'NONE', *, *, #6, .T. ) ;
#4254 = CARTESIAN_POINT ( 'NONE',  ( -113.1488607052417900, 20.54698817724841200, 14.36453134467360100 ) ) ;
#4255 =( BOUNDED_CURVE ( )  B_SPLINE_CURVE ( 3, ( #990, #28, #5340, #2444 ),
 .UNSPECIFIED., .F., .F. ) 
 B_SPLINE_CURVE_WITH_KNOTS ( ( 4, 4 ),
 ( 2.123874095924974900, 3.141592653589791300 ),
 .UNSPECIFIED. ) 
 CURVE ( )  GEOMETRIC_REPRESENTATION_ITEM ( )  RATIONAL_B_SPLINE_CURVE ( ( 1.000000000000000000, 0.9155338758779858500, 0.9155338758779858500, 1.000000000000000000 ) ) 
 REPRESENTATION_ITEM ( '' )  );
#4256 = EDGE_CURVE ( 'NONE', #2879, #1494, #4494, .T. ) ;
#4257 = CARTESIAN_POINT ( 'NONE',  ( -107.4374834386575100, 20.44152073254739600, 9.876073424872805300 ) ) ;
#4258 = VERTEX_POINT ( 'NONE', #3800 ) ;
#4259 = ORIENTED_EDGE ( 'NONE', *, *, #70, .T. ) ;
#4260 = EDGE_CURVE ( 'NONE', #5356, #1498, #3233, .T. ) ;
#4261 = CARTESIAN_POINT ( 'NONE',  ( -78.91473312382450400, 8.653444092653479900, 16.43665197291290200 ) ) ;
#4262 = CARTESIAN_POINT ( 'NONE',  ( -69.98303116834158300, -2.546555907346502100, 15.07593768719841200 ) ) ;
#4263 = ORIENTED_EDGE ( 'NONE', *, *, #3608, .F. ) ;
#4264 = CARTESIAN_POINT ( 'NONE',  ( -111.0267042551735000, 22.91102948409358900, 13.64736384548961800 ) ) ;
#4265 = CARTESIAN_POINT ( 'NONE',  ( -74.58937309823551200, -0.3282585483607498600, 18.87950911576989600 ) ) ;
#4266 = CARTESIAN_POINT ( 'NONE',  ( -11.15997146669544400, 23.34037449927396700, 24.14588117047342700 ) ) ;
#4267 = ORIENTED_EDGE ( 'NONE', *, *, #707, .T. ) ;
#4268 = ORIENTED_EDGE ( 'NONE', *, *, #4841, .T. ) ;
#4269 = SHAPE_DEFINITION_REPRESENTATION ( #994, #5578 ) ;
#4270 = VECTOR ( 'NONE', #1444, 1000.000000000000000 ) ;
#4271 = ORIENTED_EDGE ( 'NONE', *, *, #3563, .F. ) ;
#4272 = CARTESIAN_POINT ( 'NONE',  ( -70.66776159151203300, -5.546555907346505200, 15.07593768719836900 ) ) ;
#4273 = ORIENTED_EDGE ( 'NONE', *, *, #2015, .F. ) ;
#4274 = ORIENTED_EDGE ( 'NONE', *, *, #4314, .T. ) ;
#4275 = ORIENTED_EDGE ( 'NONE', *, *, #1487, .F. ) ;
#4276 = DIRECTION ( 'NONE',  ( -2.947032800510570100E-015, 0.5510862118714903200, -0.8344483130099377100 ) ) ;
#4277 = LINE ( 'NONE', #3376, #5739 ) ;
#4278 = CARTESIAN_POINT ( 'NONE',  ( -62.56720637705523600, 18.74429541316063600, 12.12772340148442200 ) ) ;
#4279 = CARTESIAN_POINT ( 'NONE',  ( -58.67019165152993300, 15.63652987347129300, 15.93129483005579800 ) ) ;
#4280 = CIRCLE ( 'NONE', #4072, 2.500000000000000900 ) ;
#4281 = CARTESIAN_POINT ( 'NONE',  ( -10.92606838373320600, 19.42274211119439900, 23.66840216413822900 ) ) ;
#4282 = DIRECTION ( 'NONE',  ( 0.0000000000000000000, 0.3442362757280894000, 0.9388830526071150200 ) ) ;
#4283 = FACE_BOUND ( 'NONE', #1409, .T. ) ;
#4284 = CARTESIAN_POINT ( 'NONE',  ( -9.447423972536304500, 20.72477490781408700, 22.47552745604977500 ) ) ;
#4285 = CARTESIAN_POINT ( 'NONE',  ( -112.7267042551719000, 20.59999189875545900, 11.18190224816961200 ) ) ;
#4286 = CARTESIAN_POINT ( 'NONE',  ( -61.26555515970255800, 21.44720201686789100, 12.12772340148446300 ) ) ;
#4287 = EDGE_CURVE ( 'NONE', #491, #4823, #4480, .T. ) ;
#4288 = B_SPLINE_CURVE_WITH_KNOTS ( 'NONE', 3,
 ( #5191, #1813, #4693, #5690, #2780, #6169, #3259, #390 ),
 .UNSPECIFIED., .F., .F.,
 ( 4, 2, 2, 4 ),
 ( 0.001726308551599127200, 0.001869899190959075500, 0.002013489830319023900, 0.002300671109038931800 ),
 .UNSPECIFIED. ) ;
#4289 = EDGE_CURVE ( 'NONE', #5068, #2389, #3373, .T. ) ;
#4290 = CIRCLE ( 'NONE', #2026, 0.9000000000000014700 ) ;
#4291 = VECTOR ( 'NONE', #1903, 1000.000000000000100 ) ;
#4292 = CARTESIAN_POINT ( 'NONE',  ( -118.5267042551717900, 19.46014457614902300, 6.510295183574030800 ) ) ;
#4293 = CARTESIAN_POINT ( 'NONE',  ( -12.01982630436628700, 23.18585822933472300, 23.57274169615683600 ) ) ;
#4294 = CIRCLE ( 'NONE', #5818, 2.500000000000000900 ) ;
#4295 = EDGE_CURVE ( 'NONE', #1532, #1955, #5668, .T. ) ;
#4296 = CARTESIAN_POINT ( 'NONE',  ( -77.77706061939215900, 3.668975172032091800, 12.98308054434139400 ) ) ;
#4297 = CARTESIAN_POINT ( 'NONE',  ( -111.1224366766768300, 21.46157642712252700, 10.78025554886006900 ) ) ;
#4298 = VERTEX_POINT ( 'NONE', #483 ) ;
#4299 = CARTESIAN_POINT ( 'NONE',  ( -10.42606838373319500, 23.25953549234947500, 26.93176495018959900 ) ) ;
#4300 = ORIENTED_EDGE ( 'NONE', *, *, #4347, .T. ) ;
#4301 = ORIENTED_EDGE ( 'NONE', *, *, #3237, .F. ) ;
#4302 = DIRECTION ( 'NONE',  ( 0.0000000000000000000, 1.000000000000000000, 1.503427012513231400E-014 ) ) ;
#4303 =( BOUNDED_CURVE ( )  B_SPLINE_CURVE ( 3, ( #5812, #3842, #20, #3382 ),
 .UNSPECIFIED., .F., .F. ) 
 B_SPLINE_CURVE_WITH_KNOTS ( ( 4, 4 ),
 ( 2.566748062973236400, 3.716437244206353400 ),
 .UNSPECIFIED. ) 
 CURVE ( )  GEOMETRIC_REPRESENTATION_ITEM ( )  RATIONAL_B_SPLINE_CURVE ( ( 1.000000000000000000, 0.8928512062104732000, 0.8928512062104732000, 1.000000000000000000 ) ) 
 REPRESENTATION_ITEM ( '' )  );
#4304 = ORIENTED_EDGE ( 'NONE', *, *, #225, .F. ) ;
#4305 = CARTESIAN_POINT ( 'NONE',  ( -109.5267042551718900, 21.40032908624510800, 13.97923076053175100 ) ) ;
#4306 = CARTESIAN_POINT ( 'NONE',  ( -9.710323917782202900, 20.33565712470818100, 28.04450397920523800 ) ) ;
#4307 = VECTOR ( 'NONE', #4383, 1000.000000000000000 ) ;
#4308 = CARTESIAN_POINT ( 'NONE',  ( -113.2877549513431200, 23.54290154389030200, 9.881676090562875100 ) ) ;
#4309 = ORIENTED_EDGE ( 'NONE', *, *, #5551, .T. ) ;
#4310 = CARTESIAN_POINT ( 'NONE',  ( -56.50751163873546500, 11.14567855296429000, 10.03486625862714700 ) ) ;
#4311 = LINE ( 'NONE', #5587, #4169 ) ;
#4312 = ORIENTED_EDGE ( 'NONE', *, *, #1321, .T. ) ;
#4313 = ORIENTED_EDGE ( 'NONE', *, *, #5461, .F. ) ;
#4314 = EDGE_CURVE ( 'NONE', #1248, #1985, #2266, .T. ) ;
#4315 = EDGE_LOOP ( 'NONE', ( #1041, #152, #4784, #1100 ) ) ;
#4316 = EDGE_CURVE ( 'NONE', #1965, #3487, #1805, .T. ) ;
#4317 = DIRECTION ( 'NONE',  ( -1.000000000000000000, -5.726637133838782600E-029, 3.490263633665282600E-015 ) ) ;
#4318 = DIRECTION ( 'NONE',  ( 1.908979236615881600E-015, 0.8371691043312136100, 0.5469441386040017100 ) ) ;
#4319 = CARTESIAN_POINT ( 'NONE',  ( -14.63409524682567800, 20.28995692305594600, 22.62145373851195600 ) ) ;
#4320 = EDGE_LOOP ( 'NONE', ( #3910, #4786, #4637, #4380, #3536, #5098 ) ) ;
#4321 = CARTESIAN_POINT ( 'NONE',  ( -113.5267042551718900, 23.74867791893452200, 13.23901992503021900 ) ) ;
#4322 = ORIENTED_EDGE ( 'NONE', *, *, #1458, .T. ) ;
#4323 = CARTESIAN_POINT ( 'NONE',  ( -115.5267042551718900, 19.71261167684154700, 14.18565928590686400 ) ) ;
#4324 = EDGE_CURVE ( 'NONE', #5450, #5258, #517, .T. ) ;
#4325 = CARTESIAN_POINT ( 'NONE',  ( 18.17329574482815600, 21.35344409265333400, 24.37415197291276700 ) ) ;
#4326 = CARTESIAN_POINT ( 'NONE',  ( -7.784587090412443900, 19.36609124754999200, 24.59871525811249500 ) ) ;
#4327 = PERSON_AND_ORGANIZATION ( #2151, #1257 ) ;
#4328 = VERTEX_POINT ( 'NONE', #3845 ) ;
#4329 = ORIENTED_EDGE ( 'NONE', *, *, #4162, .T. ) ;
#4330 = CARTESIAN_POINT ( 'NONE',  ( -81.27068060815375400, 11.81324135483308900, 20.01343768719867100 ) ) ;
#4331 = ORIENTED_EDGE ( 'NONE', *, *, #5877, .T. ) ;
#4332 = CARTESIAN_POINT ( 'NONE',  ( -7.011350155182123300, 19.52102995597194400, 25.17556224966890400 ) ) ;
#4333 = FACE_BOUND ( 'NONE', #419, .T. ) ;
#4334 = VECTOR ( 'NONE', #2940, 1000.000000000000100 ) ;
#4335 = EDGE_LOOP ( 'NONE', ( #2947, #3326, #811, #622 ) ) ;
#4336 = ORIENTED_EDGE ( 'NONE', *, *, #559, .F. ) ;
#4337 = DIRECTION ( 'NONE',  ( 1.920722739381899900E-015, 0.8344483130099413800, 0.5510862118714846500 ) ) ;
#4338 = CARTESIAN_POINT ( 'NONE',  ( -109.0267042551718900, 20.45819796371090500, 11.58177032639613700 ) ) ;
#4339 = LINE ( 'NONE', #3549, #1626 ) ;
#4340 = CARTESIAN_POINT ( 'NONE',  ( -108.9307168144212300, 20.89527844877766000, 10.89901349215450600 ) ) ;
#4341 = AXIS2_PLACEMENT_3D ( 'NONE', #3428, #5397, #2483 ) ;
#4342 = CARTESIAN_POINT ( 'NONE',  ( -8.914495714480143100, 20.52389705443895800, 26.36691232270881700 ) ) ;
#4343 = VERTEX_POINT ( 'NONE', #1936 ) ;
#4344 = VECTOR ( 'NONE', #5266, 1000.000000000000000 ) ;
#4345 = CARTESIAN_POINT ( 'NONE',  ( -54.30393100767835800, 2.333849568294127200, 17.06522340148415400 ) ) ;
#4346 = DIRECTION ( 'NONE',  ( 1.000000000000000000, 2.132529265733050800E-017, -3.517630367272413100E-015 ) ) ;
#4347 = EDGE_CURVE ( 'NONE', #2829, #1754, #1133, .T. ) ;
#4348 = CARTESIAN_POINT ( 'NONE',  ( -106.5267042551718800, 21.78964425799013300, 13.51198511287128700 ) ) ;
#4349 = CARTESIAN_POINT ( 'NONE',  ( -109.5267042551718900, 21.35344409265355000, 11.67415197291320300 ) ) ;
#4350 = VECTOR ( 'NONE', #2852, 1000.000000000000200 ) ;
#4351 = EDGE_CURVE ( 'NONE', #3820, #873, #4214, .T. ) ;
#4352 = EDGE_CURVE ( 'NONE', #3590, #1161, #1632, .T. ) ;
#4353 = VERTEX_POINT ( 'NONE', #4833 ) ;
#4354 = ORIENTED_EDGE ( 'NONE', *, *, #3830, .F. ) ;
#4355 = DIRECTION ( 'NONE',  ( -2.921940880075402200E-015, 0.5469441386040017100, -0.8371691043312137200 ) ) ;
#4356 = CARTESIAN_POINT ( 'NONE',  ( -7.011350155182137600, 23.18585822933472000, 23.57274169615681500 ) ) ;
#4357 = VERTEX_POINT ( 'NONE', #2919 ) ;
#4358 = CARTESIAN_POINT ( 'NONE',  ( -12.83560330372820200, 21.44519265233044100, 21.37555526748594700 ) ) ;
#4359 = AXIS2_PLACEMENT_3D ( 'NONE', #2860, #6246, #3349 ) ;
#4360 = CARTESIAN_POINT ( 'NONE',  ( -78.52871130621788600, 17.50699927904753400, 14.11700911577017700 ) ) ;
#4361 = PLANE ( 'NONE',  #5485 ) ;
#4362 = VERTEX_POINT ( 'NONE', #533 ) ;
#4363 =( BOUNDED_CURVE ( )  B_SPLINE_CURVE ( 3, ( #2546, #5975, #1153, #4514 ),
 .UNSPECIFIED., .F., .T. ) 
 B_SPLINE_CURVE_WITH_KNOTS ( ( 4, 4 ),
 ( 5.306192961836807800, 7.260177652522365600 ),
 .UNSPECIFIED. ) 
 CURVE ( )  GEOMETRIC_REPRESENTATION_ITEM ( )  RATIONAL_B_SPLINE_CURVE ( ( 1.000000000000000000, 0.7063452485847602200, 0.7063452485847602200, 1.000000000000000000 ) ) 
 REPRESENTATION_ITEM ( '' )  );
#4364 = DIRECTION ( 'NONE',  ( -2.947032800510570100E-015, 0.5510862118714903200, -0.8344483130099377100 ) ) ;
#4365 = FACE_OUTER_BOUND ( 'NONE', #3044, .T. ) ;
#4366 = CARTESIAN_POINT ( 'NONE',  ( -118.5267042551717700, 23.24674360915800300, 16.83800876225229700 ) ) ;
#4367 = DIRECTION ( 'NONE',  ( 1.920722739381899900E-015, 0.8344483130099413800, 0.5510862118714846500 ) ) ;
#4368 = CARTESIAN_POINT ( 'NONE',  ( -12.00075363940945800, 23.85678903168315300, 26.02741060852732200 ) ) ;
#4369 = DIRECTION ( 'NONE',  ( -0.4677980483665659100, -0.4870694936659636900, 0.7375149451261404600 ) ) ;
#4370 = VERTEX_POINT ( 'NONE', #3880 ) ;
#4371 = LINE ( 'NONE', #4366, #5531 ) ;
#4372 = PLANE ( 'NONE',  #176 ) ;
#4373 = ORIENTED_EDGE ( 'NONE', *, *, #2361, .F. ) ;
#4374 = ORIENTED_EDGE ( 'NONE', *, *, #1396, .T. ) ;
#4375 = CARTESIAN_POINT ( 'NONE',  ( -13.65133508780251700, 23.85678903168315300, 26.02741060852732600 ) ) ;
#4376 = CARTESIAN_POINT ( 'NONE',  ( -107.0267042551708400, 19.41946933544921400, 11.36623788921347300 ) ) ;
#4377 = ORIENTED_EDGE ( 'NONE', *, *, #4873, .F. ) ;
#4378 = ORIENTED_EDGE ( 'NONE', *, *, #872, .F. ) ;
#4379 = CARTESIAN_POINT ( 'NONE',  ( -58.34546340057338700, -2.734071755775155900, 11.16879483005551800 ) ) ;
#4380 = ORIENTED_EDGE ( 'NONE', *, *, #4805, .F. ) ;
#4381 = CARTESIAN_POINT ( 'NONE',  ( -111.0946383657902600, 22.91936158179558800, 13.65280741952638300 ) ) ;
#4382 = EDGE_CURVE ( 'NONE', #3786, #3447, #1480, .T. ) ;
#4383 = DIRECTION ( 'NONE',  ( 2.947032800510583500E-015, -0.5510862118714845400, 0.8344483130099414900 ) ) ;
#4384 = DIRECTION ( 'NONE',  ( -2.191229653865441700E-015, -0.8344483130099416000, -0.5510862118714844300 ) ) ;
#4385 = AXIS2_PLACEMENT_3D ( 'NONE', #5254, #3325, #458 ) ;
#4386 = EDGE_CURVE ( 'NONE', #4680, #794, #382, .T. ) ;
#4387 = EDGE_LOOP ( 'NONE', ( #4459, #4711, #1584, #148 ) ) ;
#4388 = CARTESIAN_POINT ( 'NONE',  ( -14.47552752048312500, 19.79521318666214200, 29.59327913905467600 ) ) ;
#4389 = DIRECTION ( 'NONE',  ( -1.734723475976805500E-015, -0.8344483130099416000, -0.5510862118714844300 ) ) ;
#4390 = CARTESIAN_POINT ( 'NONE',  ( -113.3079985646108000, 21.98696512046047100, 12.31891084038468900 ) ) ;
#4391 = VERTEX_POINT ( 'NONE', #1490 ) ;
#4392 = VECTOR ( 'NONE', #4151, 1000.000000000000100 ) ;
#4393 = EDGE_LOOP ( 'NONE', ( #532, #1927 ) ) ;
#4394 = DIRECTION ( 'NONE',  ( -1.908979236615881600E-015, -0.8371691043312136100, -0.5469441386040017100 ) ) ;
#4395 = CC_DESIGN_DATE_AND_TIME_ASSIGNMENT ( #3352, #2786, ( #3124 ) ) ;
#4396 = VERTEX_POINT ( 'NONE', #5851 ) ;
#4397 = EDGE_CURVE ( 'NONE', #4547, #1302, #2607, .T. ) ;
#4398 = OPEN_SHELL ( 'NONE', ( #2075, #1105, #1734, #218, #4507, #2669, #3010 ) ) ;
#4399 = DIRECTION ( 'NONE',  ( 0.4677980483665698000, -0.4870694936659639200, 0.7375149451261376900 ) ) ;
#4400 = CARTESIAN_POINT ( 'NONE',  ( 18.17329574482815600, 18.53204355574467100, 19.62943812530478000 ) ) ;
#4401 = CARTESIAN_POINT ( 'NONE',  ( -70.66776159151197600, 22.85344409265336600, 24.14736625862738600 ) ) ;
#4402 = FACE_BOUND ( 'NONE', #4982, .T. ) ;
#4403 = DIRECTION ( 'NONE',  ( -2.168404344971009700E-015, -0.8344483130099414900, -0.5510862118714843200 ) ) ;
#4404 = DIRECTION ( 'NONE',  ( 1.000000000000000000, 2.132529265733050800E-017, -3.517630367272413100E-015 ) ) ;
#4405 = LINE ( 'NONE', #5305, #575 ) ;
#4406 = CARTESIAN_POINT ( 'NONE',  ( -110.9779293415714200, 21.26106284609425100, 12.56939814312801600 ) ) ;
#4407 = CARTESIAN_POINT ( 'NONE',  ( -7.245003664752105400, 22.86051080062906800, 22.82883904730837100 ) ) ;
#4408 = ADVANCED_FACE ( 'NONE', ( #5333 ), #56, .F. ) ;
#4409 = CARTESIAN_POINT ( 'NONE',  ( -5.326704255171836900, 21.35344409265333000, 24.37415197291284500 ) ) ;
#4410 = LINE ( 'NONE', #4088, #5748 ) ;
#4411 = CARTESIAN_POINT ( 'NONE',  ( -7.051881839805375300, 23.85678903168315300, 26.02741060852730500 ) ) ;
#4412 = DIRECTION ( 'NONE',  ( 0.0000000000000000000, -0.8371691043312138300, -0.5469441386040013700 ) ) ;
#4413 = DIRECTION ( 'NONE',  ( -1.920722739381920500E-015, -0.8344483130099376000, -0.5510862118714903200 ) ) ;
#4414 = DIRECTION ( 'NONE',  ( 1.000000000000000000, 2.132529265733050800E-017, -3.517630367272413100E-015 ) ) ;
#4415 = CIRCLE ( 'NONE', #92, 1.500000000000001300 ) ;
#4416 = CARTESIAN_POINT ( 'NONE',  ( -12.83560330372819000, 18.63163816821186500, 25.63580664423753000 ) ) ;
#4417 = SHELL_BASED_SURFACE_MODEL ( 'NONE', ( #4550, #720, #4398, #5543 ) );
#4418 = PLANE ( 'NONE',  #5110 ) ;
#4419 = CARTESIAN_POINT ( 'NONE',  ( -67.42670425517185600, -5.546555907346605500, 21.19915197291263800 ) ) ;
#4420 = CARTESIAN_POINT ( 'NONE',  ( -12.83560330372820200, 24.07525001709480300, 23.11249730158823500 ) ) ;
#4421 = AXIS2_PLACEMENT_3D ( 'NONE', #5057, #5567, #2653 ) ;
#4422 = EDGE_CURVE ( 'NONE', #3345, #6020, #2781, .T. ) ;
#4423 = CARTESIAN_POINT ( 'NONE',  ( -110.7267040095683500, 21.84569381739715500, 10.92069977901511500 ) ) ;
#4424 = VECTOR ( 'NONE', #5848, 1000.000000000000000 ) ;
#4425 = CARTESIAN_POINT ( 'NONE',  ( -70.66776159151203300, -5.546555907346556700, 18.42593768719836700 ) ) ;
#4426 = ADVANCED_FACE ( 'NONE', ( #5206 ), #5871, .F. ) ;
#4427 = ORIENTED_EDGE ( 'NONE', *, *, #2865, .F. ) ;
#4428 = CARTESIAN_POINT ( 'NONE',  ( -11.15997146669544400, 23.34037449927396700, 24.14588117047342700 ) ) ;
#4429 = EDGE_LOOP ( 'NONE', ( #1405, #2689 ) ) ;
#4430 = EDGE_CURVE ( 'NONE', #1498, #1467, #5021, .T. ) ;
#4431 = ORIENTED_EDGE ( 'NONE', *, *, #3249, .F. ) ;
#4432 = CARTESIAN_POINT ( 'NONE',  ( -5.326704255171836900, 21.35344409265333000, 24.37415197291284500 ) ) ;
#4433 = CARTESIAN_POINT ( 'NONE',  ( -11.33487517085055900, 23.39459697597689600, 24.61784817865841600 ) ) ;
#4434 = CARTESIAN_POINT ( 'NONE',  ( -7.011350155182123300, 26.62912799685876000, 25.84674532592250200 ) ) ;
#4435 = PLANE ( 'NONE',  #5777 ) ;
#4436 = AXIS2_PLACEMENT_3D ( 'NONE', #5529, #3625, #3922 ) ;
#4437 = ORIENTED_EDGE ( 'NONE', *, *, #797, .T. ) ;
#4438 = ADVANCED_FACE ( 'NONE', ( #3759 ), #1521, .T. ) ;
#4439 = CARTESIAN_POINT ( 'NONE',  ( -76.18321685881380700, 1.670358311835672200, 15.75629483005563900 ) ) ;
#4440 = CARTESIAN_POINT ( 'NONE',  ( -64.18564691883173600, 22.85344409265344400, 18.25093768719878900 ) ) ;
#4441 = DIRECTION ( 'NONE',  ( -2.921940880075402200E-015, 0.5469441386040017100, -0.8371691043312137200 ) ) ;
#4442 = LINE ( 'NONE', #1966, #610 ) ;
#4443 = CARTESIAN_POINT ( 'NONE',  ( -61.26555515970254400, 21.44720201686783800, 15.47772340148446800 ) ) ;
#4444 = ORIENTED_EDGE ( 'NONE', *, *, #5655, .T. ) ;
#4445 = CARTESIAN_POINT ( 'NONE',  ( -111.0946383657902600, 18.91241618324206200, 11.03496678481269400 ) ) ;
#4446 = CARTESIAN_POINT ( 'NONE',  ( -11.15997146669545800, 21.49628077930513500, 21.37755428871394900 ) ) ;
#4447 = CARTESIAN_POINT ( 'NONE',  ( -77.77706061939214500, 3.668975172032045600, 15.98308054434139300 ) ) ;
#4448 = VECTOR ( 'NONE', #3285, 1000.000000000000100 ) ;
#4449 = CARTESIAN_POINT ( 'NONE',  ( -111.0267042551718900, 24.32679804137865200, 15.16957280833112300 ) ) ;
#4450 = ORIENTED_EDGE ( 'NONE', *, *, #2939, .T. ) ;
#4451 = CARTESIAN_POINT ( 'NONE',  ( -106.9305991755813500, 20.57832413939119600, 12.13235289708910800 ) ) ;
#4452 = ORIENTED_EDGE ( 'NONE', *, *, #1138, .F. ) ;
#4453 = ADVANCED_FACE ( 'NONE', ( #2436, #3879 ), #584, .T. ) ;
#4454 = CARTESIAN_POINT ( 'NONE',  ( -109.3267042551718600, 20.54732944741652300, 11.26250897581802200 ) ) ;
#4455 = CARTESIAN_POINT ( 'NONE',  ( -9.179119071773461900, 20.33565712470819500, 28.04450397920523500 ) ) ;
#4456 =( BOUNDED_CURVE ( )  B_SPLINE_CURVE ( 3, ( #4675, #5649, #6129, #5169 ),
 .UNSPECIFIED., .F., .T. ) 
 B_SPLINE_CURVE_WITH_KNOTS ( ( 4, 4 ),
 ( 5.615810008326120900, 6.283185307179587100 ),
 .UNSPECIFIED. ) 
 CURVE ( )  GEOMETRIC_REPRESENTATION_ITEM ( )  RATIONAL_B_SPLINE_CURVE ( ( 1.000000000000000000, 0.9632273044370109900, 0.9632273044370109900, 1.000000000000000000 ) ) 
 REPRESENTATION_ITEM ( '' )  );
#4457 = ORIENTED_EDGE ( 'NONE', *, *, #2002, .F. ) ;
#4458 = CARTESIAN_POINT ( 'NONE',  ( -7.509627022045410900, 20.33565712470819200, 28.04450397920523800 ) ) ;
#4459 = ORIENTED_EDGE ( 'NONE', *, *, #6235, .F. ) ;
#4460 = DIRECTION ( 'NONE',  ( -3.558407130208830300E-015, -0.8371691043312138300, -0.5469441386040014800 ) ) ;
#4461 = CARTESIAN_POINT ( 'NONE',  ( -57.07634789095165900, 13.63791301327496800, 12.80808054434147500 ) ) ;
#4462 = CARTESIAN_POINT ( 'NONE',  ( -73.58785335064121100, -4.140313831560861900, 15.30272340148410700 ) ) ;
#4463 = CARTESIAN_POINT ( 'NONE',  ( -106.5267042551719200, 21.93718136813649600, 13.47696794485973200 ) ) ;
#4464 = CARTESIAN_POINT ( 'NONE',  ( -77.77706061939207400, 13.63791301327476900, 26.24022340148441400 ) ) ;
#4465 = DIRECTION ( 'NONE',  ( 3.478282900197969400E-015, 0.1432757502516512100, 0.9896828074640008400 ) ) ;
#4466 = LOCAL_TIME ( 17, 0, 12.00000000000000000, #5788 ) ;
#4467 = ORIENTED_EDGE ( 'NONE', *, *, #5877, .F. ) ;
#4468 = CARTESIAN_POINT ( 'NONE',  ( -76.50794510977043200, -2.734071755775166600, 12.52950911576986200 ) ) ;
#4469 = EDGE_CURVE ( 'NONE', #956, #2292, #4213, .T. ) ;
#4470 = EDGE_LOOP ( 'NONE', ( #5735, #995, #632, #2119 ) ) ;
#4471 = CARTESIAN_POINT ( 'NONE',  ( -8.680842204910186800, 16.07776018844792900, 22.90155861990327000 ) ) ;
#4472 = DIRECTION ( 'NONE',  ( 1.000000000000000000, 5.726637133838782600E-029, -3.490263633665282600E-015 ) ) ;
#4473 = CARTESIAN_POINT ( 'NONE',  ( -56.50751163873546500, 11.14567855296424000, 13.03486625862714700 ) ) ;
#4474 = AXIS2_PLACEMENT_3D ( 'NONE', #3507, #3015, #2044 ) ;
#4475 = EDGE_CURVE ( 'NONE', #2239, #4728, #381, .T. ) ;
#4476 = FACE_OUTER_BOUND ( 'NONE', #2303, .T. ) ;
#4477 = VERTEX_POINT ( 'NONE', #3005 ) ;
#4478 = ADVANCED_FACE ( 'NONE', ( #49 ), #3878, .T. ) ;
#4479 = ORIENTED_EDGE ( 'NONE', *, *, #3597, .T. ) ;
#4480 =( BOUNDED_CURVE ( )  B_SPLINE_CURVE ( 3, ( #2369, #5765, #6232, #3334 ),
 .UNSPECIFIED., .F., .F. ) 
 B_SPLINE_CURVE_WITH_KNOTS ( ( 4, 4 ),
 ( 5.306192961836806900, 7.260177652522365600 ),
 .UNSPECIFIED. ) 
 CURVE ( )  GEOMETRIC_REPRESENTATION_ITEM ( )  RATIONAL_B_SPLINE_CURVE ( ( 1.000000000000000000, 0.7063452485847598900, 0.7063452485847598900, 1.000000000000000000 ) ) 
 REPRESENTATION_ITEM ( '' )  );
#4481 = AXIS2_PLACEMENT_3D ( 'NONE', #5679, #2289, #4176 ) ;
#4482 = CARTESIAN_POINT ( 'NONE',  ( -12.51810317122957100, 20.33565712470819500, 28.04450397920524200 ) ) ;
#4483 = AXIS2_PLACEMENT_3D ( 'NONE', #4158, #1286, #4646 ) ;
#4484 = CARTESIAN_POINT ( 'NONE',  ( -12.01982630436628700, 16.07776018844792900, 22.90155861990328400 ) ) ;
#4485 = PLANE ( 'NONE',  #3935 ) ;
#4486 = FACE_BOUND ( 'NONE', #492, .T. ) ;
#4487 = CARTESIAN_POINT ( 'NONE',  ( -8.680842204910172600, 26.62912799685876000, 25.84674532592250900 ) ) ;
#4488 = CARTESIAN_POINT ( 'NONE',  ( -78.91473312382446200, 8.653444092653428400, 19.78665197291290300 ) ) ;
#4489 = CARTESIAN_POINT ( 'NONE',  ( -58.34546340057336500, 20.04095994108224200, 12.35450911577015300 ) ) ;
#4490 = CARTESIAN_POINT ( 'NONE',  ( -107.0267042551708400, 22.41230822809241700, 13.32153662354142300 ) ) ;
#4491 = CARTESIAN_POINT ( 'NONE',  ( -58.67019165152991900, 1.670358311835541800, 23.29200911576986100 ) ) ;
#4492 = CARTESIAN_POINT ( 'NONE',  ( -11.15997146669544400, 19.36651368603269700, 24.60242277535232300 ) ) ;
#4493 = ORIENTED_EDGE ( 'NONE', *, *, #3110, .T. ) ;
#4494 = LINE ( 'NONE', #2351, #1935 ) ;
#4495 = CARTESIAN_POINT ( 'NONE',  ( -56.32469720412585400, 17.50699927904759100, 9.581294830055810500 ) ) ;
#4496 = ADVANCED_FACE ( 'NONE', ( #211 ), #1631, .F. ) ;
#4497 = CARTESIAN_POINT ( 'NONE',  ( -110.5267042551718900, 22.37543958749282100, 13.89470006978108600 ) ) ;
#4498 = CARTESIAN_POINT ( 'NONE',  ( -106.8506064072533700, 22.09940765345368500, 11.16987983869312000 ) ) ;
#4499 = B_SPLINE_CURVE_WITH_KNOTS ( 'NONE', 3,
 ( #5717, #3243, #3770, #902, #4257, #1375, #4741, #1855, #5230, #2341, #5738, #2818, #6203, #3302 ),
 .UNSPECIFIED., .F., .F.,
 ( 4, 2, 2, 2, 2, 2, 4 ),
 ( 2.577049616901940800E-007, 0.0002176576466493936000, 0.0004350575883370970100, 0.0006524575300248003700, 0.0008698574717125038300, 0.001304657355087868300, 0.001739457238463232900 ),
 .UNSPECIFIED. ) ;
#4500 = CARTESIAN_POINT ( 'NONE',  ( -13.68931835409432200, 18.35359827783351200, 24.40456722086548800 ) ) ;
#4501 = CARTESIAN_POINT ( 'NONE',  ( -7.784587090412443900, 21.92716248439930400, 26.29009748543987300 ) ) ;
#4502 = CARTESIAN_POINT ( 'NONE',  ( -109.5164593548597300, 23.42459324423420600, 10.66229252152231800 ) ) ;
#4503 = CARTESIAN_POINT ( 'NONE',  ( -64.18564691883175000, -5.546555907346498100, 14.62236625862692200 ) ) ;
#4504 = ORIENTED_EDGE ( 'NONE', *, *, #834, .F. ) ;
#4505 = DIRECTION ( 'NONE',  ( -1.000000000000000000, -5.726637133838782600E-029, 3.490263633665282600E-015 ) ) ;
#4506 = VERTEX_POINT ( 'NONE', #2528 ) ;
#4507 = ADVANCED_FACE ( 'NONE', ( #5205 ), #16, .F. ) ;
#4508 = CARTESIAN_POINT ( 'NONE',  ( -56.50751163873545100, 6.161209632342741200, 16.83843768719849600 ) ) ;
#4509 = CARTESIAN_POINT ( 'NONE',  ( -80.54947750266538300, 2.333849568294009900, 25.33308054434138900 ) ) ;
#4510 = EDGE_CURVE ( 'NONE', #4956, #2323, #1355, .T. ) ;
#4511 = CARTESIAN_POINT ( 'NONE',  ( -74.58937309823548400, 17.63514673366760700, 20.34379483005589500 ) ) ;
#4512 = AXIS2_PLACEMENT_3D ( 'NONE', #5417, #606, #3488 ) ;
#4513 = EDGE_CURVE ( 'NONE', #4620, #4956, #5163, .T. ) ;
#4514 = CARTESIAN_POINT ( 'NONE',  ( -12.01982630436627300, 24.35328990747315100, 24.34373672496027700 ) ) ;
#4515 = ORIENTED_EDGE ( 'NONE', *, *, #2286, .F. ) ;
#4516 = CARTESIAN_POINT ( 'NONE',  ( -81.27068060815375400, 5.493646830473719200, 22.55986625862715300 ) ) ;
#4517 = CARTESIAN_POINT ( 'NONE',  ( -107.5174637742160000, 23.37904743656754300, 11.58203204143312900 ) ) ;
#4518 = CARTESIAN_POINT ( 'NONE',  ( -111.5267042551719100, 20.13297996937438200, 9.396218365908069400 ) ) ;
#4519 = CARTESIAN_POINT ( 'NONE',  ( -113.1230097725127900, 20.45957627867779400, 11.56576199569207700 ) ) ;
#4520 = ORIENTED_EDGE ( 'NONE', *, *, #2129, .T. ) ;
#4521 = AXIS2_PLACEMENT_3D ( 'NONE', #4574, #3131, #5058 ) ;
#4522 = EDGE_CURVE ( 'NONE', #801, #1445, #4013, .T. ) ;
#4523 = EDGE_CURVE ( 'NONE', #3627, #1598, #48, .T. ) ;
#4524 = CIRCLE ( 'NONE', #4136, 1.549999999999995600 ) ;
#4525 = ADVANCED_FACE ( 'NONE', ( #1190 ), #4859, .T. ) ;
#4526 = ORIENTED_EDGE ( 'NONE', *, *, #1517, .F. ) ;
#4527 = PLANE ( 'NONE',  #2474 ) ;
#4528 = CARTESIAN_POINT ( 'NONE',  ( -12.83560330372820200, 24.07525001709480300, 23.11249730158823500 ) ) ;
#4529 = CARTESIAN_POINT ( 'NONE',  ( -13.80682795621738500, 18.85009915362350300, 22.72089333729841700 ) ) ;
#4530 = CIRCLE ( 'NONE', #1808, 5.499999999999999100 ) ;
#4531 = CARTESIAN_POINT ( 'NONE',  ( -67.42670425517188400, 22.85344409265355000, 11.67415197291307600 ) ) ;
#4532 = CARTESIAN_POINT ( 'NONE',  ( -77.77706061939213100, 13.63791301327496100, 13.89022340148440400 ) ) ;
#4533 = CARTESIAN_POINT ( 'NONE',  ( -53.58272790218995100, 11.81324135483303700, 22.38486625862714900 ) ) ;
#4534 = ORIENTED_EDGE ( 'NONE', *, *, #1933, .F. ) ;
#4535 = CARTESIAN_POINT ( 'NONE',  ( -12.83560330372819000, 21.98984022040698200, 26.27020048721312400 ) ) ;
#4536 = CARTESIAN_POINT ( 'NONE',  ( -62.56720637705522800, -1.437407227853642100, 17.39558054434125700 ) ) ;
#4537 = CARTESIAN_POINT ( 'NONE',  ( -14.99320517959824900, 24.52282468300699100, 24.07806371607365400 ) ) ;
#4538 = CARTESIAN_POINT ( 'NONE',  ( -109.1639800104740100, 19.52137911031176600, 12.98946255315356300 ) ) ;
#4539 = ORIENTED_EDGE ( 'NONE', *, *, #5841, .T. ) ;
#4540 = CARTESIAN_POINT ( 'NONE',  ( -52.86152479670160200, 8.653444092653417700, 19.61165197291281000 ) ) ;
#4541 = CARTESIAN_POINT ( 'NONE',  ( -76.18321685881379300, 1.670358311835574900, 22.10629483005564900 ) ) ;
#4542 = EDGE_LOOP ( 'NONE', ( #2586, #6176, #407 ) ) ;
#4543 = CARTESIAN_POINT ( 'NONE',  ( -112.5267042551718900, 17.85802310302676000, 14.64750582088968000 ) ) ;
#4544 = CARTESIAN_POINT ( 'NONE',  ( -110.8722400167053900, 19.81882642742891700, 9.710148309495517400 ) ) ;
#4545 = VERTEX_POINT ( 'NONE', #3731 ) ;
#4546 = B_SPLINE_CURVE_WITH_KNOTS ( 'NONE', 3,
 ( #1004, #3873, #4824, #4846, #1960, #5345, #2446, #5844, #2928, #51, #5175, #4871 ),
 .UNSPECIFIED., .F., .F.,
 ( 4, 2, 2, 2, 2, 4 ),
 ( 2.285463826386569900E-007, 0.0002076660986072222300, 0.0004151036508318057700, 0.0008299787552809729500, 0.001244853859730140100, 0.001659728964179307200 ),
 .UNSPECIFIED. ) ;
#4547 = VERTEX_POINT ( 'NONE', #858 ) ;
#4548 = CARTESIAN_POINT ( 'NONE',  ( -118.5267042551718900, 21.35344409265355000, 11.67415197291322900 ) ) ;
#4549 = CARTESIAN_POINT ( 'NONE',  ( -3.326704255171848900, 16.00339330412852600, 23.01416408857101500 ) ) ;
#4550 = OPEN_SHELL ( 'NONE', ( #4055, #3185, #143, #2009, #5439, #2995, #6048, #2089, #2058, #4592, #4478, #172, #2120, #5407, #198, #4438, #3656, #4980, #1226, #1549, #5376, #3555, #2024, #1537, #730, #3076, #1600, #2166, #2960, #4496, #634, #5477, #5605, #3624, #5893, #248, #3943, #1042, #2555, #5031, #793, #1583 ) ) ;
#4551 = CARTESIAN_POINT ( 'NONE',  ( -73.58785335064115400, -4.140313831561004000, 24.65272340148410600 ) ) ;
#4552 = EDGE_CURVE ( 'NONE', #1237, #1791, #2606, .T. ) ;
#4553 = CIRCLE ( 'NONE', #536, 4.799999999999998000 ) ;
#4554 = VECTOR ( 'NONE', #1393, 1000.000000000000000 ) ;
#4555 = ORIENTED_EDGE ( 'NONE', *, *, #1231, .T. ) ;
#4556 = CARTESIAN_POINT ( 'NONE',  ( -58.67019165152996200, 1.670358311835734400, 10.94200911576986700 ) ) ;
#4557 = CARTESIAN_POINT ( 'NONE',  ( -81.99188371364216700, 8.653444092653435500, 19.43665197291291600 ) ) ;
#4558 = EDGE_LOOP ( 'NONE', ( #249, #3580, #3129, #2118 ) ) ;
#4559 = CARTESIAN_POINT ( 'NONE',  ( -67.42670425517182800, 19.85344409265335100, 24.37415197291304000 ) ) ;
#4560 = DIRECTION ( 'NONE',  ( -1.000000000000000000, 3.788652234618511700E-017, 3.304662259982990100E-015 ) ) ;
#4561 = CARTESIAN_POINT ( 'NONE',  ( -57.07634789095163100, 13.63791301327487200, 19.15808054434148400 ) ) ;
#4562 = ADVANCED_FACE ( 'NONE', ( #6188 ), #377, .F. ) ;
#4563 = EDGE_CURVE ( 'NONE', #2207, #3627, #2333, .T. ) ;
#4564 = CARTESIAN_POINT ( 'NONE',  ( -108.6127038710001400, 19.45057343165927900, 12.73657074613481100 ) ) ;
#4565 = CARTESIAN_POINT ( 'NONE',  ( -4.080990041193004500, 22.39650448391575200, 25.06300973775219600 ) ) ;
#4566 = EDGE_CURVE ( 'NONE', #3925, #6015, #2906, .T. ) ;
#4567 = CARTESIAN_POINT ( 'NONE',  ( -13.68931835409433600, 20.20365378806305000, 21.60323475013803900 ) ) ;
#4568 = LINE ( 'NONE', #414, #3298 ) ;
#4569 = DIRECTION ( 'NONE',  ( -1.000000000000000000, -2.132529265733050800E-017, 3.517630367272413100E-015 ) ) ;
#4570 = CARTESIAN_POINT ( 'NONE',  ( -106.5267042551718800, 19.49518916694656300, 12.01295850421625600 ) ) ;
#4571 =( BOUNDED_CURVE ( )  B_SPLINE_CURVE ( 3, ( #4428, #5914, #5437, #2529 ),
 .UNSPECIFIED., .F., .T. ) 
 B_SPLINE_CURVE_WITH_KNOTS ( ( 4, 4 ),
 ( 5.585135245279150100, 6.283185307179577400 ),
 .UNSPECIFIED. ) 
 CURVE ( )  GEOMETRIC_REPRESENTATION_ITEM ( )  RATIONAL_B_SPLINE_CURVE ( ( 1.000000000000000000, 0.9598043873844748200, 0.9598043873844748200, 1.000000000000000000 ) ) 
 REPRESENTATION_ITEM ( '' )  );
#4572 = DIRECTION ( 'NONE',  ( -1.000000000000000000, -5.726637133838782600E-029, 3.490263633665282600E-015 ) ) ;
#4573 = LINE ( 'NONE', #6254, #5745 ) ;
#4574 = CARTESIAN_POINT ( 'NONE',  ( 21.17329574482813100, 21.35344409265333400, 24.37415197291275200 ) ) ;
#4575 = CARTESIAN_POINT ( 'NONE',  ( -58.34546340057333700, 20.04095994108209000, 21.70450911577015400 ) ) ;
#4576 = CARTESIAN_POINT ( 'NONE',  ( -13.07851955382194800, 19.68454746663344300, 23.27197954916990200 ) ) ;
#4577 = VECTOR ( 'NONE', #229, 1000.000000000000000 ) ;
#4578 = CARTESIAN_POINT ( 'NONE',  ( -73.58785335064115400, 21.44720201686776000, 20.92058054434165700 ) ) ;
#4579 = CARTESIAN_POINT ( 'NONE',  ( -53.58272790218997300, 5.493646830473800000, 16.48843768719847700 ) ) ;
#4580 = DIRECTION ( 'NONE',  ( 0.0000000000000000000, 0.8371691043312137200, 0.5469441386040017100 ) ) ;
#4581 = DIRECTION ( 'NONE',  ( -1.000000000000000000, -5.726637133838782600E-029, 3.490263633665282600E-015 ) ) ;
#4582 = CARTESIAN_POINT ( 'NONE',  ( -69.98303116834158300, -2.546555907346602400, 21.42593768719842000 ) ) ;
#4583 = DIRECTION ( 'NONE',  ( 2.947032800510583500E-015, -0.5510862118714845400, 0.8344483130099414900 ) ) ;
#4584 = VECTOR ( 'NONE', #805, 1000.000000000000000 ) ;
#4585 = VERTEX_POINT ( 'NONE', #4220 ) ;
#4586 = CARTESIAN_POINT ( 'NONE',  ( -78.34589687160830400, 6.161209632342759000, 16.20986625862714400 ) ) ;
#4587 = DIRECTION ( 'NONE',  ( -1.000000000000000000, -5.726637133838782600E-029, 3.490263633665282600E-015 ) ) ;
#4588 = AXIS2_PLACEMENT_3D ( 'NONE', #2370, #6233, #3335 ) ;
#4589 = CARTESIAN_POINT ( 'NONE',  ( -15.35881040382238500, 21.37108546620147800, 22.37422977894149100 ) ) ;
#4590 = DIRECTION ( 'NONE',  ( -1.000000000000000000, -2.132529265733050800E-017, 3.517630367272413100E-015 ) ) ;
#4591 = EDGE_LOOP ( 'NONE', ( #6070, #5760, #4188, #5244 ) ) ;
#4592 = ADVANCED_FACE ( 'NONE', ( #4740 ), #5870, .T. ) ;
#4593 = VERTEX_POINT ( 'NONE', #417 ) ;
#4594 = CARTESIAN_POINT ( 'NONE',  ( -13.68931835409432200, 26.62912799685876000, 25.84674532592252300 ) ) ;
#4595 = CARTESIAN_POINT ( 'NONE',  ( -78.52871130621788600, -0.2001110937405754000, 18.75629483005561600 ) ) ;
#4596 = CARTESIAN_POINT ( 'NONE',  ( -13.07851955382193800, 23.02234071867321300, 25.47632439665584100 ) ) ;
#4597 = CARTESIAN_POINT ( 'NONE',  ( -113.5267042551718900, 21.35344409265355000, 11.67415197291321500 ) ) ;
#4598 = EDGE_LOOP ( 'NONE', ( #1645, #1926 ) ) ;
#4599 = CARTESIAN_POINT ( 'NONE',  ( -76.18321685881376500, 15.63652987347113800, 26.46700911577013900 ) ) ;
#4600 = EDGE_CURVE ( 'NONE', #5533, #1863, #1807, .T. ) ;
#4601 = CARTESIAN_POINT ( 'NONE',  ( -113.0267042551708100, 22.14655717887190500, 8.997517068738510200 ) ) ;
#4602 = CARTESIAN_POINT ( 'NONE',  ( -62.56720637705520700, 18.74429541316053600, 18.47772340148442200 ) ) ;
#4603 = AXIS2_PLACEMENT_3D ( 'NONE', #3992, #5966, #3057 ) ;
#4604 = EDGE_CURVE ( 'NONE', #683, #3216, #675, .T. ) ;
#4605 = DIRECTION ( 'NONE',  ( 0.7071067811865485700, -0.5900440606790025000, -0.3896767974327343100 ) ) ;
#4606 = CARTESIAN_POINT ( 'NONE',  ( -115.5267042551718900, 21.35344409265355000, 11.67415197291322200 ) ) ;
#4607 = CARTESIAN_POINT ( 'NONE',  ( -55.93867538651930000, 8.653444092653517200, 13.26165197291283300 ) ) ;
#4608 = ORIENTED_EDGE ( 'NONE', *, *, #1017, .T. ) ;
#4609 = CARTESIAN_POINT ( 'NONE',  ( -108.8183691679259900, 21.88909461043405700, 12.39858858002994400 ) ) ;
#4610 = CARTESIAN_POINT ( 'NONE',  ( -112.8503621232007800, 22.23907310790557500, 11.83664878247826600 ) ) ;
#4611 = VECTOR ( 'NONE', #5678, 1000.000000000000000 ) ;
#4612 = PLANE ( 'NONE',  #1979 ) ;
#4613 = CARTESIAN_POINT ( 'NONE',  ( -176.5267042551718100, 19.46014457614905500, 6.510295183574211100 ) ) ;
#4614 = AXIS2_PLACEMENT_3D ( 'NONE', #3628, #760, #4114 ) ;
#4615 = ORIENTED_EDGE ( 'NONE', *, *, #1305, .T. ) ;
#4616 = EDGE_CURVE ( 'NONE', #968, #4089, #907, .T. ) ;
#4617 = FACE_BOUND ( 'NONE', #5050, .T. ) ;
#4618 = DIRECTION ( 'NONE',  ( 0.0000000000000000000, -0.8371691043312136100, -0.5469441386040020400 ) ) ;
#4619 = ORIENTED_EDGE ( 'NONE', *, *, #3973, .T. ) ;
#4620 = VERTEX_POINT ( 'NONE', #2358 ) ;
#4621 = CARTESIAN_POINT ( 'NONE',  ( -54.30393100767834400, 14.97303861701280600, 15.80808054434149700 ) ) ;
#4622 = CARTESIAN_POINT ( 'NONE',  ( -60.26403541210824200, -0.3282585483608326200, 23.51879483005555500 ) ) ;
#4623 = CARTESIAN_POINT ( 'NONE',  ( -13.07851955382193800, 23.02234071867321300, 25.47632439665584100 ) ) ;
#4624 = AXIS2_PLACEMENT_3D ( 'NONE', #1229, #6049, #2186 ) ;
#4625 = ORIENTED_EDGE ( 'NONE', *, *, #4469, .T. ) ;
#4626 = DIRECTION ( 'NONE',  ( 0.0000000000000000000, -0.8371691043312137200, -0.5469441386040019300 ) ) ;
#4627 = CARTESIAN_POINT ( 'NONE',  ( -107.0267042551708400, 19.41946933544921400, 11.36623788921347300 ) ) ;
#4628 = CARTESIAN_POINT ( 'NONE',  ( -12.12356623796836500, 23.27029203030899000, 26.91547752589774600 ) ) ;
#4629 = ORIENTED_EDGE ( 'NONE', *, *, #1083, .F. ) ;
#4630 = ADVANCED_FACE ( 'NONE', ( #1033 ), #5756, .T. ) ;
#4631 = CARTESIAN_POINT ( 'NONE',  ( -112.5267042551718900, 22.12758553511595500, 17.43692092777009300 ) ) ;
#4632 = CARTESIAN_POINT ( 'NONE',  ( 18.17329574482815600, 18.53204355574467100, 19.62943812530478000 ) ) ;
#4633 = CARTESIAN_POINT ( 'NONE',  ( -113.5267042551718900, 22.12758553511595500, 17.43692092777010000 ) ) ;
#4634 = CARTESIAN_POINT ( 'NONE',  ( -8.623996989166160500, 18.25343330589114300, 23.62435780319403700 ) ) ;
#4635 = CALENDAR_DATE ( 2015, 1, 7 ) ;
#4636 = CIRCLE ( 'NONE', #2196, 1.249999999999995600 ) ;
#4637 = ORIENTED_EDGE ( 'NONE', *, *, #3637, .T. ) ;
#4638 = DIRECTION ( 'NONE',  ( 1.000000000000000000, 2.132529265733050800E-017, -3.517630367272413100E-015 ) ) ;
#4639 = EDGE_LOOP ( 'NONE', ( #1616, #5185, #2493, #2800 ) ) ;
#4640 = CARTESIAN_POINT ( 'NONE',  ( -76.18321685881376500, 15.63652987347118800, 23.46700911577014600 ) ) ;
#4641 = VECTOR ( 'NONE', #2911, 1000.000000000000100 ) ;
#4642 = EDGE_LOOP ( 'NONE', ( #5850, #893, #4374, #2672 ) ) ;
#4643 = ORIENTED_EDGE ( 'NONE', *, *, #4510, .T. ) ;
#4644 = CARTESIAN_POINT ( 'NONE',  ( -14.27639590177945000, 19.68454746663344300, 23.27197954916990600 ) ) ;
#4645 = EDGE_CURVE ( 'NONE', #413, #1457, #5825, .T. ) ;
#4646 = DIRECTION ( 'NONE',  ( -0.5158497608962510100, 0.4721040219343314300, -0.7148544024182189600 ) ) ;
#4647 = ORIENTED_EDGE ( 'NONE', *, *, #353, .F. ) ;
#4648 = EDGE_CURVE ( 'NONE', #1469, #1494, #4694, .T. ) ;
#4649 = CARTESIAN_POINT ( 'NONE',  ( -7.011350155182123300, 18.35359827783351200, 24.40456722086545900 ) ) ;
#4650 = DIRECTION ( 'NONE',  ( -1.920722739381920500E-015, -0.8344483130099376000, -0.5510862118714903200 ) ) ;
#4651 = CARTESIAN_POINT ( 'NONE',  ( -72.28620213328848400, 18.74429541316051100, 20.57058054434160600 ) ) ;
#4652 = CARTESIAN_POINT ( 'NONE',  ( -112.5267042551718900, 21.35344409265355000, 11.67415197291321000 ) ) ;
#4653 = FACE_BOUND ( 'NONE', #4852, .T. ) ;
#4654 = CARTESIAN_POINT ( 'NONE',  ( -69.98303116834154000, 19.85344409265335800, 24.14736625862734000 ) ) ;
#4655 = CARTESIAN_POINT ( 'NONE',  ( -109.2352361686330800, 22.23198131609037600, 11.87392148042977500 ) ) ;
#4656 =( BOUNDED_CURVE ( )  B_SPLINE_CURVE ( 3, ( #1244, #3635, #1215, #4596 ),
 .UNSPECIFIED., .F., .T. ) 
 B_SPLINE_CURVE_WITH_KNOTS ( ( 4, 4 ),
 ( 2.478289870165948800, 3.141592653589802000 ),
 .UNSPECIFIED. ) 
 CURVE ( )  GEOMETRIC_REPRESENTATION_ITEM ( )  RATIONAL_B_SPLINE_CURVE ( ( 1.000000000000000000, 0.9636706212180172800, 0.9636706212180172800, 1.000000000000000000 ) ) 
 REPRESENTATION_ITEM ( '' )  );
#4657 = EDGE_CURVE ( 'NONE', #4958, #1467, #3437, .T. ) ;
#4658 = CARTESIAN_POINT ( 'NONE',  ( -12.12356623796837200, 23.85678903168315300, 26.02741060852732200 ) ) ;
#4659 = CARTESIAN_POINT ( 'NONE',  ( -58.67019165152993300, 1.670358311835588900, 20.29200911576986500 ) ) ;
#4660 = CARTESIAN_POINT ( 'NONE',  ( -7.551881839805378000, 23.02234071867321300, 25.47632439665581900 ) ) ;
#4661 = ORIENTED_EDGE ( 'NONE', *, *, #3640, .F. ) ;
#4662 = VECTOR ( 'NONE', #1829, 999.9999999999998900 ) ;
#4663 = PLANE ( 'NONE',  #1640 ) ;
#4664 = CARTESIAN_POINT ( 'NONE',  ( -60.26403541210826400, -0.3282585483607856100, 20.51879483005555500 ) ) ;
#4665 = VECTOR ( 'NONE', #5675, 1000.000000000000100 ) ;
#4666 = LINE ( 'NONE', #4154, #2083 ) ;
#4667 = CARTESIAN_POINT ( 'NONE',  ( -12.80081142699255500, 27.44228664419916100, 24.61546998847882200 ) ) ;
#4668 = CARTESIAN_POINT ( 'NONE',  ( -11.15997146669544400, 18.65353428590442400, 25.68200786536473100 ) ) ;
#4669 = DIRECTION ( 'NONE',  ( -1.000000000000000000, -2.132529265733050800E-017, 3.517630367272413100E-015 ) ) ;
#4670 = CARTESIAN_POINT ( 'NONE',  ( -5.326704255171836900, 21.35344409265333000, 24.37415197291284500 ) ) ;
#4671 = FACE_OUTER_BOUND ( 'NONE', #4789, .T. ) ;
#4672 = CARTESIAN_POINT ( 'NONE',  ( -64.87037734200221500, -2.546555907346550000, 17.62236625862696500 ) ) ;
#4673 = CARTESIAN_POINT ( 'NONE',  ( -13.42349669401400200, 20.52389705443896200, 26.36691232270882800 ) ) ;
#4674 = B_SPLINE_CURVE_WITH_KNOTS ( 'NONE', 3,
 ( #2847, #2363, #3310, #6225, #3329, #462, #3812, #940, #4297, #1421, #4783, #1897, #5276, #2380 ),
 .UNSPECIFIED., .F., .F.,
 ( 4, 2, 2, 2, 2, 2, 4 ),
 ( 0.0000000000000000000, 0.0002875841477091837700, 0.0004313762215637816200, 0.0005751682954183795700, 0.0007189603692729774700, 0.0008627524431275752700, 0.001150336590836771100 ),
 .UNSPECIFIED. ) ;
#4675 = CARTESIAN_POINT ( 'NONE',  ( -9.447423972536290300, 19.36044735024074700, 24.54137632739758600 ) ) ;
#4676 = CARTESIAN_POINT ( 'NONE',  ( -76.18321685881376500, 15.63652987347118800, 23.46700911577014600 ) ) ;
#4677 = DIRECTION ( 'NONE',  ( 1.000000000000000000, 2.132529265733050800E-017, -3.517630367272413100E-015 ) ) ;
#4678 = ORIENTED_EDGE ( 'NONE', *, *, #4513, .T. ) ;
#4679 = CARTESIAN_POINT ( 'NONE',  ( 18.17329574482818400, 19.99345620831150000, 29.72420276143757100 ) ) ;
#4680 = VERTEX_POINT ( 'NONE', #3839 ) ;
#4681 = CARTESIAN_POINT ( 'NONE',  ( -11.15997146669544400, 18.65353428590442400, 25.68200786536473100 ) ) ;
#4682 = DIRECTION ( 'NONE',  ( 0.0000000000000000000, 1.000000000000000000, 1.503427012513231400E-014 ) ) ;
#4683 = CARTESIAN_POINT ( 'NONE',  ( -74.58937309823549800, 17.63514673366766100, 17.34379483005588800 ) ) ;
#4684 = CARTESIAN_POINT ( 'NONE',  ( -107.0267042551719200, 20.57071511740419500, 12.11837641090045300 ) ) ;
#4685 = ORIENTED_EDGE ( 'NONE', *, *, #4397, .T. ) ;
#4686 = CARTESIAN_POINT ( 'NONE',  ( -72.28620213328851200, 18.74429541316055400, 17.57058054434160300 ) ) ;
#4687 = EDGE_CURVE ( 'NONE', #2236, #5625, #4573, .T. ) ;
#4688 = ORIENTED_EDGE ( 'NONE', *, *, #1275, .T. ) ;
#4689 = DIRECTION ( 'NONE',  ( 0.0000000000000000000, -0.8371691043312135000, -0.5469441386040019300 ) ) ;
#4690 = CARTESIAN_POINT ( 'NONE',  ( -78.52871130621785800, 17.50699927904738500, 23.46700911577018900 ) ) ;
#4691 = VECTOR ( 'NONE', #2624, 1000.000000000000100 ) ;
#4692 = CARTESIAN_POINT ( 'NONE',  ( -108.5267042551719100, 21.21316076393657800, 9.512031478553888400 ) ) ;
#4693 = CARTESIAN_POINT ( 'NONE',  ( -112.9307168144212600, 20.89527844877765600, 10.89901349215452000 ) ) ;
#4694 = B_SPLINE_CURVE_WITH_KNOTS ( 'NONE', 3,
 ( #936, #3807, #474, #3823, #953, #4308, #1433, #4796, #1911, #5286, #2395, #5787 ),
 .UNSPECIFIED., .F., .F.,
 ( 4, 2, 2, 2, 2, 4 ),
 ( 2.216583982682078200E-007, 0.0002052498780226137800, 0.0004102780976469593400, 0.0008203345368956451700, 0.001230390976144331200, 0.001640447415393016800 ),
 .UNSPECIFIED. ) ;
#4695 = CARTESIAN_POINT ( 'NONE',  ( -67.42670425517187000, 19.85344409265350400, 14.67415197291303600 ) ) ;
#4696 = EDGE_CURVE ( 'NONE', #5088, #566, #752, .T. ) ;
#4697 = VERTEX_POINT ( 'NONE', #4326 ) ;
#4698 = CARTESIAN_POINT ( 'NONE',  ( -7.784587090412458100, 24.05456784861261400, 23.06880510139080400 ) ) ;
#4699 = AXIS2_PLACEMENT_3D ( 'NONE', #1413, #4775, #1891 ) ;
#4700 = EDGE_CURVE ( 'NONE', #4828, #4362, #4405, .T. ) ;
#4701 = CARTESIAN_POINT ( 'NONE',  ( -8.680842204910186800, 23.18585822933472000, 23.57274169615682200 ) ) ;
#4702 = CARTESIAN_POINT ( 'NONE',  ( -60.26403541210825700, -0.3282585483607855500, 20.51879483005555500 ) ) ;
#4703 = CARTESIAN_POINT ( 'NONE',  ( -5.326704255171836900, 21.35344409265333000, 24.37415197291284500 ) ) ;
#4704 = CIRCLE ( 'NONE', #5808, 2.722222222222225900 ) ;
#4705 = CARTESIAN_POINT ( 'NONE',  ( 19.62329574482816200, 21.35344409265333400, 24.37415197291276000 ) ) ;
#4706 = VERTEX_POINT ( 'NONE', #2412 ) ;
#4707 = APPLICATION_CONTEXT ( 'configuration controlled 3d designs of mechanical parts and assemblies' ) ;
#4708 = CARTESIAN_POINT ( 'NONE',  ( -62.56720637705523600, -1.437407227853595200, 14.39558054434125700 ) ) ;
#4709 = DIRECTION ( 'NONE',  ( -0.4250407883947021100, 0.7553210822596360100, 0.4988290197000794200 ) ) ;
#4710 = CARTESIAN_POINT ( 'NONE',  ( -11.15997146669544400, 19.36651368603269700, 24.60242277535232300 ) ) ;
#4711 = ORIENTED_EDGE ( 'NONE', *, *, #4422, .F. ) ;
#4712 = CARTESIAN_POINT ( 'NONE',  ( -107.0747879752016900, 21.44568443903569500, 10.77889126286335400 ) ) ;
#4713 = EDGE_LOOP ( 'NONE', ( #4148, #3862 ) ) ;
#4714 = ORIENTED_EDGE ( 'NONE', *, *, #5411, .F. ) ;
#4715 = CARTESIAN_POINT ( 'NONE',  ( -10.08451259455789300, 20.52389705443896200, 26.36691232270881400 ) ) ;
#4716 = CARTESIAN_POINT ( 'NONE',  ( -17.32670425517182600, 23.85678903168315300, 26.02741060852734000 ) ) ;
#4717 = CARTESIAN_POINT ( 'NONE',  ( -58.34546340057335100, -2.734071755775300700, 20.51879483005551200 ) ) ;
#4718 = CARTESIAN_POINT ( 'NONE',  ( -15.35881040382237100, 18.35359827783351200, 24.40456722086549500 ) ) ;
#4719 = VERTEX_POINT ( 'NONE', #514 ) ;
#4720 =( BOUNDED_CURVE ( )  B_SPLINE_CURVE ( 3, ( #6064, #5622, #5145, #2256 ),
 .UNSPECIFIED., .F., .F. ) 
 B_SPLINE_CURVE_WITH_KNOTS ( ( 4, 4 ),
 ( 2.474217354736326400, 3.141592653589802000 ),
 .UNSPECIFIED. ) 
 CURVE ( )  GEOMETRIC_REPRESENTATION_ITEM ( )  RATIONAL_B_SPLINE_CURVE ( ( 1.000000000000000000, 0.9632273044370098800, 0.9632273044370098800, 1.000000000000000000 ) ) 
 REPRESENTATION_ITEM ( '' )  );
#4721 = CARTESIAN_POINT ( 'NONE',  ( -5.326704255171836900, 21.35344409265333000, 24.37415197291284500 ) ) ;
#4722 = AXIS2_PLACEMENT_3D ( 'NONE', #2181, #5577, #2665 ) ;
#4723 = CARTESIAN_POINT ( 'NONE',  ( -72.28620213328851200, 18.74429541316055400, 17.57058054434160300 ) ) ;
#4724 = ORIENTED_EDGE ( 'NONE', *, *, #2129, .F. ) ;
#4725 = CARTESIAN_POINT ( 'NONE',  ( -12.83560330372820200, 24.07525001709480300, 23.11249730158823500 ) ) ;
#4726 = LINE ( 'NONE', #6056, #3289 ) ;
#4727 = CYLINDRICAL_SURFACE ( 'NONE', #4359, 0.5000000000000168800 ) ;
#4728 = VERTEX_POINT ( 'NONE', #15 ) ;
#4729 = APPROVAL_STATUS ( 'not_yet_approved' ) ;
#4730 = CARTESIAN_POINT ( 'NONE',  ( -67.42670425517182800, 19.85344409265339400, 21.37415197291303300 ) ) ;
#4731 = EDGE_LOOP ( 'NONE', ( #4267, #587, #259, #2374 ) ) ;
#4732 = DIRECTION ( 'NONE',  ( 0.4472135954999595400, 0.7463532606401004400, 0.4929064924829950100 ) ) ;
#4733 = CARTESIAN_POINT ( 'NONE',  ( -10.26603595043730600, 18.26236226083910500, 23.61083768377757200 ) ) ;
#4734 = CIRCLE ( 'NONE', #1137, 3.000000000000000000 ) ;
#4735 = CARTESIAN_POINT ( 'NONE',  ( -8.732872839283709600, 18.26236226083910500, 23.61083768377756400 ) ) ;
#4736 = CARTESIAN_POINT ( 'NONE',  ( -73.58785335064119700, 21.44720201686781300, 17.57058054434164900 ) ) ;
#4737 = EDGE_CURVE ( 'NONE', #5938, #2508, #1874, .T. ) ;
#4738 = EDGE_CURVE ( 'NONE', #2, #1011, #4280, .T. ) ;
#4739 = CARTESIAN_POINT ( 'NONE',  ( -112.7467111253270700, 20.64846045884030400, 14.33720043917465900 ) ) ;
#4740 = FACE_OUTER_BOUND ( 'NONE', #3587, .T. ) ;
#4741 = CARTESIAN_POINT ( 'NONE',  ( -107.2801755472684700, 20.32078142549813600, 9.968734387756997600 ) ) ;
#4742 = CARTESIAN_POINT ( 'NONE',  ( -8.051181455185577800, 19.68454746663344300, 23.27197954916988500 ) ) ;
#4743 = CARTESIAN_POINT ( 'NONE',  ( -64.87037734200221500, -2.546555907346498500, 14.62236625862697200 ) ) ;
#4744 = CARTESIAN_POINT ( 'NONE',  ( -110.5374289136583900, 18.91359577250265300, 11.48906651573604200 ) ) ;
#4745 = FACE_BOUND ( 'NONE', #2205, .T. ) ;
#4746 = DIRECTION ( 'NONE',  ( 1.000000000000000000, 2.132529265733050800E-017, -3.517630367272413100E-015 ) ) ;
#4747 = PRODUCT_DEFINITION_FORMATION_WITH_SPECIFIED_SOURCE ( 'ANY', '', #4135, .NOT_KNOWN. ) ;
#4748 = EDGE_CURVE ( 'NONE', #1505, #199, #2981, .T. ) ;
#4749 = CARTESIAN_POINT ( 'NONE',  ( -69.98303116834156900, -2.546555907346557600, 18.42593768719841700 ) ) ;
#4750 = LINE ( 'NONE', #1269, #4584 ) ;
#4751 = DIRECTION ( 'NONE',  ( 1.920722739381899900E-015, 0.8344483130099413800, 0.5510862118714846500 ) ) ;
#4752 = VECTOR ( 'NONE', #1118, 1000.000000000000000 ) ;
#4753 = ORIENTED_EDGE ( 'NONE', *, *, #394, .T. ) ;
#4754 = CARTESIAN_POINT ( 'NONE',  ( -10.35033425463823600, 21.37108546620147800, 22.37422977894147600 ) ) ;
#4755 = CARTESIAN_POINT ( 'NONE',  ( -67.42670425517182800, 19.85344409265335100, 24.37415197291304000 ) ) ;
#4756 = CARTESIAN_POINT ( 'NONE',  ( -64.18564691883176500, -5.546555907346498100, 14.62236625862692200 ) ) ;
#4757 = AXIS2_PLACEMENT_3D ( 'NONE', #233, #2157, #5542 ) ;
#4758 = B_SPLINE_CURVE_WITH_KNOTS ( 'NONE', 3,
 ( #1404, #3314, #4767, #1885, #5263, #2366, #5761, #2849, #6227, #3332 ),
 .UNSPECIFIED., .F., .F.,
 ( 4, 2, 2, 2, 4 ),
 ( 0.0008645396038896919400, 0.001069084648748197200, 0.001273629693606702300, 0.001478174738465207500, 0.001682719783323712800 ),
 .UNSPECIFIED. ) ;
#4759 = ORIENTED_EDGE ( 'NONE', *, *, #5190, .T. ) ;
#4760 = ORIENTED_EDGE ( 'NONE', *, *, #4566, .F. ) ;
#4761 = CARTESIAN_POINT ( 'NONE',  ( -9.693220416456714600, 23.02234071867321300, 25.47632439665582600 ) ) ;
#4762 = CARTESIAN_POINT ( 'NONE',  ( -67.42670425517188400, 19.85344409265355000, 11.67415197291309800 ) ) ;
#4763 = ORIENTED_EDGE ( 'NONE', *, *, #342, .T. ) ;
#4764 = CARTESIAN_POINT ( 'NONE',  ( -62.56720637705520700, 18.74429541316058200, 15.47772340148443100 ) ) ;
#4765 = CARTESIAN_POINT ( 'NONE',  ( -7.011350155182123300, 18.35359827783351200, 24.40456722086545900 ) ) ;
#4766 = EDGE_LOOP ( 'NONE', ( #5, #1606, #5779, #5319 ) ) ;
#4767 = CARTESIAN_POINT ( 'NONE',  ( -109.1639800104740100, 21.82201713268287300, 9.468036987656782700 ) ) ;
#4768 = CIRCLE ( 'NONE', #2946, 2.861111111111113400 ) ;
#4769 = AXIS2_PLACEMENT_3D ( 'NONE', #2683, #6074, #3175 ) ;
#4770 = EDGE_CURVE ( 'NONE', #594, #3860, #3565, .T. ) ;
#4771 = CARTESIAN_POINT ( 'NONE',  ( -67.42670425517188400, 22.85344409265355400, 11.67415197291314200 ) ) ;
#4772 =( BOUNDED_CURVE ( )  B_SPLINE_CURVE ( 3, ( #3760, #4733, #3780, #909 ),
 .UNSPECIFIED., .F., .F. ) 
 B_SPLINE_CURVE_WITH_KNOTS ( ( 4, 4 ),
 ( 3.141592653589792200, 4.161279721187801400 ),
 .UNSPECIFIED. ) 
 CURVE ( )  GEOMETRIC_REPRESENTATION_ITEM ( )  RATIONAL_B_SPLINE_CURVE ( ( 1.000000000000000000, 0.9152139201343662000, 0.9152139201343662000, 1.000000000000000000 ) ) 
 REPRESENTATION_ITEM ( '' )  );
#4773 = ORIENTED_EDGE ( 'NONE', *, *, #2226, .T. ) ;
#4774 = ORIENTED_EDGE ( 'NONE', *, *, #5684, .T. ) ;
#4775 = DIRECTION ( 'NONE',  ( -1.000000000000000000, -2.132529265733050800E-017, 3.517630367272413100E-015 ) ) ;
#4776 = ORIENTED_EDGE ( 'NONE', *, *, #3275, .F. ) ;
#4777 = ORIENTED_EDGE ( 'NONE', *, *, #651, .T. ) ;
#4778 = EDGE_CURVE ( 'NONE', #1565, #3742, #2440, .T. ) ;
#4779 = CARTESIAN_POINT ( 'NONE',  ( -12.00075363940945600, 24.45404257101681400, 25.12305626686506700 ) ) ;
#4780 = CARTESIAN_POINT ( 'NONE',  ( -12.25347981393625200, 22.18299113086771600, 22.38139162311692600 ) ) ;
#4781 = CARTESIAN_POINT ( 'NONE',  ( -74.58937309823552700, -0.3282585483606511600, 12.52950911576989200 ) ) ;
#4782 = EDGE_LOOP ( 'NONE', ( #2547, #3941, #829, #608, #5249, #571 ) ) ;
#4783 = CARTESIAN_POINT ( 'NONE',  ( -111.2350483575148300, 21.55297172556512900, 10.79556135689783900 ) ) ;
#4784 = ORIENTED_EDGE ( 'NONE', *, *, #2578, .F. ) ;
#4785 = CARTESIAN_POINT ( 'NONE',  ( -15.35881040382238500, 20.20365378806305000, 21.60323475013804600 ) ) ;
#4786 = ORIENTED_EDGE ( 'NONE', *, *, #345, .T. ) ;
#4787 = DATE_AND_TIME ( #6094, #1084 ) ;
#4788 = VECTOR ( 'NONE', #4650, 1000.000000000000100 ) ;
#4789 = EDGE_LOOP ( 'NONE', ( #4791, #4252, #4078, #4844, #3864, #3403, #434 ) ) ;
#4790 = CARTESIAN_POINT ( 'NONE',  ( -114.5267042551718900, 18.84193677965991000, 10.03331955710121000 ) ) ;
#4791 = ORIENTED_EDGE ( 'NONE', *, *, #4778, .T. ) ;
#4792 = ORIENTED_EDGE ( 'NONE', *, *, #4950, .F. ) ;
#4793 = ORIENTED_EDGE ( 'NONE', *, *, #3869, .F. ) ;
#4794 = CARTESIAN_POINT ( 'NONE',  ( -109.4345298878555000, 21.06467982082942200, 13.94923435821788300 ) ) ;
#4795 = ORIENTED_EDGE ( 'NONE', *, *, #206, .F. ) ;
#4796 = CARTESIAN_POINT ( 'NONE',  ( -112.8762918270068700, 23.47682925413422700, 9.894115664207506100 ) ) ;
#4797 = ORIENTED_EDGE ( 'NONE', *, *, #3515, .F. ) ;
#4798 = CARTESIAN_POINT ( 'NONE',  ( -58.67019165152995400, 15.63652987347139100, 9.581294830055791000 ) ) ;
#4799 = VECTOR ( 'NONE', #578, 1000.000000000000100 ) ;
#4800 = CARTESIAN_POINT ( 'NONE',  ( 18.17329574482815200, 20.31038370139090800, 23.68529420807341200 ) ) ;
#4801 = ORIENTED_EDGE ( 'NONE', *, *, #3986, .T. ) ;
#4802 = LINE ( 'NONE', #4716, #974 ) ;
#4803 = CARTESIAN_POINT ( 'NONE',  ( -112.5267042551719400, 21.71395732304994700, 8.972218624815383200 ) ) ;
#4804 = CARTESIAN_POINT ( 'NONE',  ( -13.04930801723829600, 20.33565712470818800, 28.04450397920523800 ) ) ;
#4805 = EDGE_CURVE ( 'NONE', #5301, #3915, #4125, .T. ) ;
#4806 = AXIS2_PLACEMENT_3D ( 'NONE', #4972, #5480, #5949 ) ;
#4807 = EDGE_CURVE ( 'NONE', #927, #2962, #1350, .T. ) ;
#4808 = LINE ( 'NONE', #2931, #4424 ) ;
#4809 = CARTESIAN_POINT ( 'NONE',  ( 18.17329574482815600, 16.00339330412852600, 23.01416408857094700 ) ) ;
#4810 = CONICAL_SURFACE ( 'NONE', #4008, 4.799999999999998000, 0.7853981633974501700 ) ;
#4811 = DIRECTION ( 'NONE',  ( 2.775557561562901200E-015, 0.8344483130099419300, 0.5510862118714839900 ) ) ;
#4812 = FACE_OUTER_BOUND ( 'NONE', #3779, .T. ) ;
#4813 = CARTESIAN_POINT ( 'NONE',  ( -81.27068060815375400, 5.493646830473766200, 19.55986625862714600 ) ) ;
#4814 = ORIENTED_EDGE ( 'NONE', *, *, #5800, .F. ) ;
#4815 = ORIENTED_EDGE ( 'NONE', *, *, #3392, .F. ) ;
#4816 = ORIENTED_EDGE ( 'NONE', *, *, #2488, .T. ) ;
#4817 = CARTESIAN_POINT ( 'NONE',  ( -7.792335277808406100, 27.44228664419916100, 24.61546998847880000 ) ) ;
#4818 = CARTESIAN_POINT ( 'NONE',  ( -11.15997146669542900, 19.75872106432851900, 29.56917901787706200 ) ) ;
#4819 = AXIS2_PLACEMENT_3D ( 'NONE', #1381, #1862, #5236 ) ;
#4820 = ORIENTED_EDGE ( 'NONE', *, *, #4522, .T. ) ;
#4821 = CARTESIAN_POINT ( 'NONE',  ( -108.8181651764759000, 20.81756786740230000, 10.94988375341064200 ) ) ;
#4822 = LINE ( 'NONE', #1158, #3550 ) ;
#4823 = VERTEX_POINT ( 'NONE', #5360 ) ;
#4824 = CARTESIAN_POINT ( 'NONE',  ( -111.5158059893011000, 23.92179827781981400, 11.94549167247906100 ) ) ;
#4825 = CARTESIAN_POINT ( 'NONE',  ( -52.86152479670160900, 8.653444092653465700, 16.61165197291281400 ) ) ;
#4826 =( BOUNDED_CURVE ( )  B_SPLINE_CURVE ( 3, ( #3754, #5199, #1821, #4241 ),
 .UNSPECIFIED., .F., .T. ) 
 B_SPLINE_CURVE_WITH_KNOTS ( ( 4, 4 ),
 ( 0.0000000000000000000, 0.6673752988534688000 ),
 .UNSPECIFIED. ) 
 CURVE ( )  GEOMETRIC_REPRESENTATION_ITEM ( )  RATIONAL_B_SPLINE_CURVE ( ( 1.000000000000000000, 0.9632273044370107700, 0.9632273044370107700, 1.000000000000000000 ) ) 
 REPRESENTATION_ITEM ( '' )  );
#4827 = EDGE_CURVE ( 'NONE', #1457, #413, #216, .T. ) ;
#4828 = VERTEX_POINT ( 'NONE', #4400 ) ;
#4829 = DIRECTION ( 'NONE',  ( -1.000000000000000000, -2.132529265733050800E-017, 3.517630367272413100E-015 ) ) ;
#4830 = DIRECTION ( 'NONE',  ( 0.0000000000000000000, 0.8371691043312138300, 0.5469441386040014800 ) ) ;
#4831 = AXIS2_PLACEMENT_3D ( 'NONE', #2006, #2956, #1544 ) ;
#4832 = EDGE_CURVE ( 'NONE', #4353, #566, #5343, .T. ) ;
#4833 = CARTESIAN_POINT ( 'NONE',  ( -13.65133508780253100, 18.85009915362350300, 22.72089333729841700 ) ) ;
#4834 = DIRECTION ( 'NONE',  ( -1.000000000000000000, -2.132529265733135900E-017, 3.517630367272413500E-015 ) ) ;
#4835 = DIRECTION ( 'NONE',  ( -1.000000000000000000, 3.788652234618511700E-017, 3.304662259982990500E-015 ) ) ;
#4836 = ORIENTED_EDGE ( 'NONE', *, *, #4351, .F. ) ;
#4837 = VERTEX_POINT ( 'NONE', #1977 ) ;
#4838 = DIRECTION ( 'NONE',  ( 0.0000000000000000000, 0.3442362757280894000, 0.9388830526071150200 ) ) ;
#4839 = AXIS2_PLACEMENT_3D ( 'NONE', #4548, #1669, #5033 ) ;
#4840 = EDGE_CURVE ( 'NONE', #199, #986, #4236, .T. ) ;
#4841 = EDGE_CURVE ( 'NONE', #2462, #6148, #3101, .T. ) ;
#4842 = CARTESIAN_POINT ( 'NONE',  ( -13.35433832792764300, 22.32545406305619200, 27.40529667414145000 ) ) ;
#4843 = ORIENTED_EDGE ( 'NONE', *, *, #3018, .T. ) ;
#4844 = ORIENTED_EDGE ( 'NONE', *, *, #689, .F. ) ;
#4845 = ORIENTED_EDGE ( 'NONE', *, *, #35, .T. ) ;
#4846 = CARTESIAN_POINT ( 'NONE',  ( -111.4683993508694500, 23.89824218153880900, 12.07429666194203200 ) ) ;
#4847 = CARTESIAN_POINT ( 'NONE',  ( -81.27068060815376800, 11.81324135483318800, 13.66343768719867500 ) ) ;
#4848 = VERTEX_POINT ( 'NONE', #1552 ) ;
#4849 = CARTESIAN_POINT ( 'NONE',  ( -17.32670425517183300, 21.35344409265333400, 24.37415197291288700 ) ) ;
#4850 = VECTOR ( 'NONE', #1193, 1000.000000000000000 ) ;
#4851 = FACE_BOUND ( 'NONE', #2677, .T. ) ;
#4852 = EDGE_LOOP ( 'NONE', ( #5472, #2767 ) ) ;
#4853 = ORIENTED_EDGE ( 'NONE', *, *, #1188, .F. ) ;
#4854 = CARTESIAN_POINT ( 'NONE',  ( -7.051881839805400200, 18.85009915362350300, 22.72089333729839600 ) ) ;
#4855 = CARTESIAN_POINT ( 'NONE',  ( -17.32670425517183000, 23.02234071867321300, 25.47632439665585500 ) ) ;
#4856 = CARTESIAN_POINT ( 'NONE',  ( -113.3267042551765400, 22.10689628655169200, 12.16640169765674400 ) ) ;
#4857 = LINE ( 'NONE', #5165, #6031 ) ;
#4858 = DIRECTION ( 'NONE',  ( 0.8566790672026992600, -0.2842776906271271000, 0.4304499627464503100 ) ) ;
#4859 = CYLINDRICAL_SURFACE ( 'NONE', #1486, 4.799999999999998000 ) ;
#4860 =( BOUNDED_CURVE ( )  B_SPLINE_CURVE ( 3, ( #1670, #1643, #2154, #5539 ),
 .UNSPECIFIED., .F., .F. ) 
 B_SPLINE_CURVE_WITH_KNOTS ( ( 4, 4 ),
 ( 2.443542591689354700, 3.141592653589802000 ),
 .UNSPECIFIED. ) 
 CURVE ( )  GEOMETRIC_REPRESENTATION_ITEM ( )  RATIONAL_B_SPLINE_CURVE ( ( 1.000000000000000000, 0.9598043873844723800, 0.9598043873844723800, 1.000000000000000000 ) ) 
 REPRESENTATION_ITEM ( '' )  );
#4861 = CARTESIAN_POINT ( 'NONE',  ( -54.30393100767837900, 2.333849568294226200, 10.71522340148415100 ) ) ;
#4862 = EDGE_CURVE ( 'NONE', #1324, #1003, #1420, .T. ) ;
#4863 = FACE_OUTER_BOUND ( 'NONE', #2969, .T. ) ;
#4864 = CARTESIAN_POINT ( 'NONE',  ( -113.1597815451492200, 19.21030875868464300, 13.49182697449036000 ) ) ;
#4865 = CARTESIAN_POINT ( 'NONE',  ( -3.326704255171834700, 26.70349488117814800, 25.73413985725466100 ) ) ;
#4866 = LINE ( 'NONE', #5572, #3766 ) ;
#4867 = LINE ( 'NONE', #3517, #2340 ) ;
#4868 = DIRECTION ( 'NONE',  ( 0.4962824954031730400, -0.7244355601270821000, -0.4784316084664143000 ) ) ;
#4869 = CARTESIAN_POINT ( 'NONE',  ( -9.447423972536304500, 24.07276116540608900, 23.10714184752500700 ) ) ;
#4870 = CARTESIAN_POINT ( 'NONE',  ( -113.2031147739842100, 21.85809613994034000, 12.41985178260649600 ) ) ;
#4871 = CARTESIAN_POINT ( 'NONE',  ( -110.5267042551718900, 23.79749414636597000, 11.71806070693766300 ) ) ;
#4872 = EDGE_CURVE ( 'NONE', #1242, #5147, #3947, .T. ) ;
#4873 = EDGE_CURVE ( 'NONE', #4995, #5450, #1970, .T. ) ;
#4874 = DIRECTION ( 'NONE',  ( 0.5158497608962460100, 0.4721040219343313200, -0.7148544024182226200 ) ) ;
#4875 = CARTESIAN_POINT ( 'NONE',  ( -17.32670425517183300, 21.35344409265333000, 24.37415197291288700 ) ) ;
#4876 = CARTESIAN_POINT ( 'NONE',  ( -13.68931835409433600, 23.18585822933472300, 23.57274169615684300 ) ) ;
#4877 = CARTESIAN_POINT ( 'NONE',  ( -10.58398776420819100, 22.86051080062907200, 22.82883904730838200 ) ) ;
#4878 = ORIENTED_EDGE ( 'NONE', *, *, #6177, .F. ) ;
#4879 =( BOUNDED_CURVE ( )  B_SPLINE_CURVE ( 3, ( #5010, #1642, #2609, #6014 ),
 .UNSPECIFIED., .F., .F. ) 
 B_SPLINE_CURVE_WITH_KNOTS ( ( 4, 4 ),
 ( 5.615810008326120000, 6.283185307179577400 ),
 .UNSPECIFIED. ) 
 CURVE ( )  GEOMETRIC_REPRESENTATION_ITEM ( )  RATIONAL_B_SPLINE_CURVE ( ( 1.000000000000000000, 0.9632273044370119900, 0.9632273044370119900, 1.000000000000000000 ) ) 
 REPRESENTATION_ITEM ( '' )  );
#4880 = ADVANCED_FACE ( 'NONE', ( #5269 ), #4485, .F. ) ;
#4881 = AXIS2_PLACEMENT_3D ( 'NONE', #5575, #4193, #1314 ) ;
#4882 = CARTESIAN_POINT ( 'NONE',  ( -76.50794510977036100, 20.04095994108207900, 23.69379483005594600 ) ) ;
#4883 = CARTESIAN_POINT ( 'NONE',  ( -111.3081172076831700, 21.99795296057512700, 11.04036592086188600 ) ) ;
#4884 = EDGE_LOOP ( 'NONE', ( #2224, #716 ) ) ;
#4885 = CARTESIAN_POINT ( 'NONE',  ( -115.5267042551718900, 23.86495140564719000, 13.31498438872522500 ) ) ;
#4886 = CARTESIAN_POINT ( 'NONE',  ( -175.0267042551717800, 22.21403478197374100, 14.02135960443113800 ) ) ;
#4887 = PLANE ( 'NONE',  #4341 ) ;
#4888 = CARTESIAN_POINT ( 'NONE',  ( -7.011350155182137600, 23.18585822933472000, 23.57274169615681500 ) ) ;
#4889 = ORIENTED_EDGE ( 'NONE', *, *, #5040, .T. ) ;
#4890 = CARTESIAN_POINT ( 'NONE',  ( 18.17329574482815600, 21.35344409265333400, 24.37415197291276700 ) ) ;
#4891 = FACE_BOUND ( 'NONE', #4010, .T. ) ;
#4892 = ADVANCED_FACE ( 'NONE', ( #2516 ), #4920, .F. ) ;
#4893 = ORIENTED_EDGE ( 'NONE', *, *, #5829, .F. ) ;
#4894 = CARTESIAN_POINT ( 'NONE',  ( -9.967886355793606200, 20.38515412775471700, 21.34102649927238800 ) ) ;
#4895 = CARTESIAN_POINT ( 'NONE',  ( -11.42793810542887700, 23.28414607411225700, 25.07990178168751400 ) ) ;
#4896 = DIRECTION ( 'NONE',  ( -1.000000000000000000, -2.132529265733050800E-017, 3.517630367272413100E-015 ) ) ;
#4897 = ORIENTED_EDGE ( 'NONE', *, *, #2093, .T. ) ;
#4898 = CARTESIAN_POINT ( 'NONE',  ( -108.5267042551718800, 22.12758553511595500, 17.43692092777007800 ) ) ;
#4899 = ORIENTED_EDGE ( 'NONE', *, *, #3930, .T. ) ;
#4900 = CARTESIAN_POINT ( 'NONE',  ( -61.26555515970254400, -4.140313831560951600, 20.74558054434120900 ) ) ;
#4901 = VERTEX_POINT ( 'NONE', #4017 ) ;
#4902 = CARTESIAN_POINT ( 'NONE',  ( -12.38280917243543800, 24.52282468300699100, 24.07806371607364000 ) ) ;
#4903 = CARTESIAN_POINT ( 'NONE',  ( -64.18564691883175000, -5.546555907346551400, 17.97236625862692000 ) ) ;
#4904 = EDGE_CURVE ( 'NONE', #2508, #5845, #892, .T. ) ;
#4905 = CARTESIAN_POINT ( 'NONE',  ( -110.5267042551718900, 21.35344409265355000, 11.67415197291320300 ) ) ;
#4906 = VERTEX_POINT ( 'NONE', #2082 ) ;
#4907 = ORIENTED_EDGE ( 'NONE', *, *, #5840, .T. ) ;
#4908 = EDGE_CURVE ( 'NONE', #4173, #486, #6028, .T. ) ;
#4909 = ORIENTED_EDGE ( 'NONE', *, *, #5188, .T. ) ;
#4910 = CARTESIAN_POINT ( 'NONE',  ( -8.732872839283704300, 23.85678903168315300, 26.02741060852730800 ) ) ;
#4911 = ADVANCED_FACE ( 'NONE', ( #6245 ), #5011, .F. ) ;
#4912 = ORIENTED_EDGE ( 'NONE', *, *, #6008, .T. ) ;
#4913 = PERSON_AND_ORGANIZATION ( #2151, #1257 ) ;
#4914 = CONICAL_SURFACE ( 'NONE', #5243, 1.549999999999995600, 0.7853981633974447300 ) ;
#4915 = EDGE_LOOP ( 'NONE', ( #3976, #4015, #5953, #782 ) ) ;
#4916 = AXIS2_PLACEMENT_3D ( 'NONE', #1209, #4572, #1691 ) ;
#4917 = ORIENTED_EDGE ( 'NONE', *, *, #4645, .F. ) ;
#4918 = EDGE_CURVE ( 'NONE', #819, #1302, #4860, .T. ) ;
#4919 = B_SPLINE_CURVE_WITH_KNOTS ( 'NONE', 3,
 ( #5960, #5464, #2077, #3053, #170, #3539, #658, #4009, #1141, #4498, #1620, #4981, #2096, #5488 ),
 .UNSPECIFIED., .F., .F.,
 ( 4, 2, 2, 2, 2, 2, 4 ),
 ( 0.001150335554519557800, 0.001437919443149460000, 0.001581711387464403600, 0.001725503331779347200, 0.001869295276094290600, 0.002013087220409234500, 0.002300671109039112600 ),
 .UNSPECIFIED. ) ;
#4920 = PLANE ( 'NONE',  #4603 ) ;
#4921 = DIRECTION ( 'NONE',  ( 5.250964054860460500E-016, -0.9896828074640007200, 0.1432757502516517100 ) ) ;
#4922 = CARTESIAN_POINT ( 'NONE',  ( -12.12356623796838000, 18.26360215224935900, 23.60896025466881600 ) ) ;
#4923 = VERTEX_POINT ( 'NONE', #4549 ) ;
#4924 = CARTESIAN_POINT ( 'NONE',  ( -72.28620213328854000, -1.437407227853602300, 15.30272340148414900 ) ) ;
#4925 = CARTESIAN_POINT ( 'NONE',  ( -70.66776159151203300, 22.85344409265345400, 17.79736625862738500 ) ) ;
#4926 = CARTESIAN_POINT ( 'NONE',  ( -14.47552752048316500, 22.91167499864446100, 19.15502480677108100 ) ) ;
#4927 = CYLINDRICAL_SURFACE ( 'NONE', #3899, 3.000000000000000000 ) ;
#4928 = ORIENTED_EDGE ( 'NONE', *, *, #4961, .F. ) ;
#4929 = DIRECTION ( 'NONE',  ( -1.000000000000000000, -2.132529265733050800E-017, 3.517630367272413100E-015 ) ) ;
#4930 = CARTESIAN_POINT ( 'NONE',  ( -67.42670425517185600, 22.85344409265350100, 15.02415197291308500 ) ) ;
#4931 = ADVANCED_FACE ( 'NONE', ( #2390 ), #3614, .F. ) ;
#4932 = ORIENTED_EDGE ( 'NONE', *, *, #2664, .F. ) ;
#4933 = CARTESIAN_POINT ( 'NONE',  ( -111.2870172788814100, 18.87131158232033100, 11.08901200318914300 ) ) ;
#4934 = CARTESIAN_POINT ( 'NONE',  ( -74.58937309823552700, -0.3282585483606930700, 15.52950911576988700 ) ) ;
#4935 = FACE_BOUND ( 'NONE', #535, .T. ) ;
#4936 = DIRECTION ( 'NONE',  ( -1.908979236615882000E-015, -0.8371691043312137200, -0.5469441386040017100 ) ) ;
#4937 = CARTESIAN_POINT ( 'NONE',  ( -106.8179735184170100, 20.62931819307036500, 12.21022630462253700 ) ) ;
#4938 = CONICAL_SURFACE ( 'NONE', #5410, 3.000000000000000400, 0.1380060236575194600 ) ;
#4939 = DIRECTION ( 'NONE',  ( 1.000000000000000000, 2.132529265733050800E-017, -3.517630367272413100E-015 ) ) ;
#4940 =( BOUNDED_CURVE ( )  B_SPLINE_CURVE ( 3, ( #713, #1165, #5032, #2152 ),
 .UNSPECIFIED., .F., .F. ) 
 B_SPLINE_CURVE_WITH_KNOTS ( ( 4, 4 ),
 ( 3.141592653589791800, 3.808967952443258000 ),
 .UNSPECIFIED. ) 
 CURVE ( )  GEOMETRIC_REPRESENTATION_ITEM ( )  RATIONAL_B_SPLINE_CURVE ( ( 1.000000000000000000, 0.9632273044370109900, 0.9632273044370109900, 1.000000000000000000 ) ) 
 REPRESENTATION_ITEM ( '' )  );
#4941 = CARTESIAN_POINT ( 'NONE',  ( -7.011350155182123300, 26.62912799685876000, 25.84674532592250200 ) ) ;
#4942 = CONICAL_SURFACE ( 'NONE', #3337, 4.749999999999997300, 0.7853981633974309600 ) ;
#4943 = CARTESIAN_POINT ( 'NONE',  ( -7.509627022045416200, 18.37739090493140300, 26.75122613794506100 ) ) ;
#4944 = CARTESIAN_POINT ( 'NONE',  ( -17.32670425517183300, 21.35344409265333400, 24.37415197291288700 ) ) ;
#4945 = ADVANCED_FACE ( 'NONE', ( #5108 ), #5034, .F. ) ;
#4946 = CARTESIAN_POINT ( 'NONE',  ( -60.26403541210827800, 17.63514673366772100, 12.35450911577012100 ) ) ;
#4947 = CARTESIAN_POINT ( 'NONE',  ( -67.42670425517188400, -5.546555907346508700, 14.84915197291263700 ) ) ;
#4948 = EDGE_CURVE ( 'NONE', #5301, #5764, #3769, .T. ) ;
#4949 = CARTESIAN_POINT ( 'NONE',  ( -78.91473312382446200, 8.653444092653334300, 25.78665197291290700 ) ) ;
#4950 = EDGE_CURVE ( 'NONE', #512, #927, #6111, .T. ) ;
#4951 = CIRCLE ( 'NONE', #6030, 2.166666666666667000 ) ;
#4952 = ORIENTED_EDGE ( 'NONE', *, *, #1517, .T. ) ;
#4953 = CARTESIAN_POINT ( 'NONE',  ( -70.66776159151203300, -5.546555907346455400, 12.07593768719836900 ) ) ;
#4954 = CARTESIAN_POINT ( 'NONE',  ( -13.68931835409433600, 16.07776018844792900, 22.90155861990329100 ) ) ;
#4955 = CARTESIAN_POINT ( 'NONE',  ( -58.67019165152995400, 15.63652987347134600, 12.58129483005578700 ) ) ;
#4956 = VERTEX_POINT ( 'NONE', #3455 ) ;
#4957 = CARTESIAN_POINT ( 'NONE',  ( -17.32670425517183000, 23.02234071867321300, 25.47632439665585500 ) ) ;
#4958 = VERTEX_POINT ( 'NONE', #1061 ) ;
#4959 = CARTESIAN_POINT ( 'NONE',  ( -13.68931835409432200, 22.50323439724363100, 27.14506919568770400 ) ) ;
#4960 = AXIS2_PLACEMENT_3D ( 'NONE', #132, #3498, #616 ) ;
#4961 = EDGE_CURVE ( 'NONE', #6015, #6213, #2630, .T. ) ;
#4962 = ORIENTED_EDGE ( 'NONE', *, *, #2623, .T. ) ;
#4963 = B_SPLINE_CURVE_WITH_KNOTS ( 'NONE', 3,
 ( #4601, #1727, #6082, #3182, #307, #3667, #790, #4143 ),
 .UNSPECIFIED., .F., .F.,
 ( 4, 2, 2, 4 ),
 ( 0.0008355988685871158700, 0.001237346021382535800, 0.001438219597780246200, 0.001639093174177956900 ),
 .UNSPECIFIED. ) ;
#4964 = ADVANCED_FACE ( 'NONE', ( #970 ), #115, .F. ) ;
#4965 = CARTESIAN_POINT ( 'NONE',  ( -14.47552752048313700, 21.98984022040698200, 26.27020048721311700 ) ) ;
#4966 = DIRECTION ( 'NONE',  ( -1.000000000000000000, -2.132529265733050800E-017, 3.517630367272413100E-015 ) ) ;
#4967 = DIRECTION ( 'NONE',  ( 2.830816654711056700E-015, -0.5985001697990031100, 0.8011226789640676400 ) ) ;
#4968 = PLANE ( 'NONE',  #1852 ) ;
#4969 = EDGE_LOOP ( 'NONE', ( #3384, #85, #4301, #6098, #5362, #2714 ) ) ;
#4970 = CARTESIAN_POINT ( 'NONE',  ( -77.77706061939211700, 3.668975172031990100, 19.33308054434140300 ) ) ;
#4971 = CARTESIAN_POINT ( 'NONE',  ( -64.18564691883175000, 22.85344409265355000, 11.90093768719878800 ) ) ;
#4972 = CARTESIAN_POINT ( 'NONE',  ( -113.0267042551718900, 20.03466277428792000, 16.06956058126009200 ) ) ;
#4973 = VECTOR ( 'NONE', #2549, 1000.000000000000000 ) ;
#4974 = CARTESIAN_POINT ( 'NONE',  ( -56.50751163873543000, 6.161209632342648000, 22.83843768719850000 ) ) ;
#4975 = CARTESIAN_POINT ( 'NONE',  ( -61.26555515970255800, 21.44720201686793700, 9.127723401484459500 ) ) ;
#4976 = EDGE_LOOP ( 'NONE', ( #1692, #1289 ) ) ;
#4977 = CARTESIAN_POINT ( 'NONE',  ( -113.5267042551719200, 21.65912991418145200, 8.829417720185855200 ) ) ;
#4978 = DIRECTION ( 'NONE',  ( 0.8944271909999169700, 0.3731766303200499400, 0.2464532462414949200 ) ) ;
#4979 = LINE ( 'NONE', #403, #5989 ) ;
#4980 = ADVANCED_FACE ( 'NONE', ( #2245 ), #3367, .F. ) ;
#4981 = CARTESIAN_POINT ( 'NONE',  ( -106.7460657747285400, 21.99919929726179300, 11.04175750484865000 ) ) ;
#4982 = EDGE_LOOP ( 'NONE', ( #6110, #4444 ) ) ;
#4983 = ORIENTED_EDGE ( 'NONE', *, *, #2977, .F. ) ;
#4984 = CARTESIAN_POINT ( 'NONE',  ( -8.051181455185568900, 22.76126436266055500, 25.87164316919725600 ) ) ;
#4985 = VERTEX_POINT ( 'NONE', #5431 ) ;
#4986 = CARTESIAN_POINT ( 'NONE',  ( -109.4345298878555000, 23.32089725504451400, 10.49580027736402800 ) ) ;
#4987 = CARTESIAN_POINT ( 'NONE',  ( -58.34546340057337900, -2.734071755775201200, 14.16879483005551100 ) ) ;
#4988 = EDGE_CURVE ( 'NONE', #486, #5921, #1103, .T. ) ;
#4989 = CARTESIAN_POINT ( 'NONE',  ( -14.71794862151371700, 23.27060861118625100, 25.10040005012121300 ) ) ;
#4990 = CARTESIAN_POINT ( 'NONE',  ( -56.50751163873545100, 11.14567855296419000, 16.38486625862714500 ) ) ;
#4991 = CARTESIAN_POINT ( 'NONE',  ( -76.50794510977039000, -2.734071755775358900, 24.87950911576985600 ) ) ;
#4992 = DIRECTION ( 'NONE',  ( -2.168404344971009700E-015, -0.8344483130099414900, -0.5510862118714843200 ) ) ;
#4993 = CARTESIAN_POINT ( 'NONE',  ( -77.77706061939211700, 13.63791301327486700, 19.89022340148441300 ) ) ;
#4994 = VERTEX_POINT ( 'NONE', #2519 ) ;
#4995 = VERTEX_POINT ( 'NONE', #625 ) ;
#4996 = CARTESIAN_POINT ( 'NONE',  ( -78.52871130621788600, -0.2001110937406257200, 22.10629483005562800 ) ) ;
#4997 = ADVANCED_FACE ( 'NONE', ( #5945, #4653, #4935, #823, #5802, #4486, #3226 ), #3058, .T. ) ;
#4998 = EDGE_CURVE ( 'NONE', #4545, #1985, #1930, .T. ) ;
#4999 = EDGE_LOOP ( 'NONE', ( #3336, #3006 ) ) ;
#5000 = CARTESIAN_POINT ( 'NONE',  ( -107.4374834386574900, 23.36639299099319400, 11.78696780648088600 ) ) ;
#5001 = DIRECTION ( 'NONE',  ( -1.920722739381920500E-015, -0.8344483130099376000, -0.5510862118714903200 ) ) ;
#5002 = CARTESIAN_POINT ( 'NONE',  ( -113.2353906153133600, 20.47495520042493700, 11.47417421969593000 ) ) ;
#5003 = EDGE_CURVE ( 'NONE', #1702, #324, #1504, .T. ) ;
#5004 = VERTEX_POINT ( 'NONE', #3039 ) ;
#5005 = CYLINDRICAL_SURFACE ( 'NONE', #2577, 1.249999999999995600 ) ;
#5006 = VECTOR ( 'NONE', #696, 1000.000000000000000 ) ;
#5007 = ORIENTED_EDGE ( 'NONE', *, *, #531, .F. ) ;
#5008 = CARTESIAN_POINT ( 'NONE',  ( 18.17329574482818400, 24.17484462956200600, 29.11886582052075000 ) ) ;
#5009 = VERTEX_POINT ( 'NONE', #1108 ) ;
#5010 = CARTESIAN_POINT ( 'NONE',  ( -9.447423972536290300, 23.34644083506591300, 24.20692761842815300 ) ) ;
#5011 = PLANE ( 'NONE',  #5911 ) ;
#5012 = CARTESIAN_POINT ( 'NONE',  ( -70.66776159151197600, 22.85344409265331200, 27.14736625862738600 ) ) ;
#5013 = CARTESIAN_POINT ( 'NONE',  ( -14.47552752048313700, 23.34710532966402500, 24.21504549271492100 ) ) ;
#5014 = CARTESIAN_POINT ( 'NONE',  ( -78.91473312382450400, 8.653444092653527900, 13.43665197291290700 ) ) ;
#5015 = CARTESIAN_POINT ( 'NONE',  ( -56.32469720412581200, 17.50699927904739900, 21.93129483005581500 ) ) ;
#5016 = DIRECTION ( 'NONE',  ( 1.000000000000000000, 2.132529265733050800E-017, -3.517630367272413100E-015 ) ) ;
#5017 = CARTESIAN_POINT ( 'NONE',  ( -58.67019165152994000, 1.670358311835640900, 16.94200911576986000 ) ) ;
#5018 = CARTESIAN_POINT ( 'NONE',  ( -13.68931835409432200, 19.52102995597194400, 25.17556224966892100 ) ) ;
#5019 = VECTOR ( 'NONE', #3753, 1000.000000000000100 ) ;
#5020 = CARTESIAN_POINT ( 'NONE',  ( -109.3469901622621200, 19.44738732783024900, 12.92742190016828900 ) ) ;
#5021 = CIRCLE ( 'NONE', #2902, 4.799999999999998000 ) ;
#5022 = CARTESIAN_POINT ( 'NONE',  ( -54.30393100767835800, 14.97303861701275600, 19.15808054434149800 ) ) ;
#5023 = CARTESIAN_POINT ( 'NONE',  ( -72.28620213328851200, -1.437407227853699300, 21.65272340148415600 ) ) ;
#5024 = CARTESIAN_POINT ( 'NONE',  ( -106.5267042551719100, 20.91724392731696700, 9.836318832955090100 ) ) ;
#5025 = CARTESIAN_POINT ( 'NONE',  ( -110.5703917747870000, 20.08028295430077700, 9.577547848104947200 ) ) ;
#5026 = LINE ( 'NONE', #5491, #3440 ) ;
#5028 = CARTESIAN_POINT ( 'NONE',  ( -8.040831868054173300, 24.32949728037527500, 21.99707780788066500 ) ) ;
#5027 =( BOUNDED_CURVE ( )  B_SPLINE_CURVE ( 3, ( #3316, #2814, #929, #1407 ),
 .UNSPECIFIED., .F., .T. ) 
 B_SPLINE_CURVE_WITH_KNOTS ( ( 4, 4 ),
 ( 5.619882523755743300, 6.283185307179575600 ),
 .UNSPECIFIED. ) 
 CURVE ( )  GEOMETRIC_REPRESENTATION_ITEM ( )  RATIONAL_B_SPLINE_CURVE ( ( 1.000000000000000000, 0.9636706212180193900, 0.9636706212180193900, 1.000000000000000000 ) ) 
 REPRESENTATION_ITEM ( '' )  );
#5029 = LINE ( 'NONE', #786, #3443 ) ;
#5030 = CIRCLE ( 'NONE', #1546, 4.799999999999998000 ) ;
#5031 = ADVANCED_FACE ( 'NONE', ( #657, #1800 ), #2907, .F. ) ;
#5032 = CARTESIAN_POINT ( 'NONE',  ( -9.608160381721342300, 19.32253943571333800, 24.08958597426644800 ) ) ;
#5033 = DIRECTION ( 'NONE',  ( 0.0000000000000000000, -0.8371691043312136100, -0.5469441386040020400 ) ) ;
#5034 = PLANE ( 'NONE',  #1563 ) ;
#5035 = CARTESIAN_POINT ( 'NONE',  ( -67.42670425517185600, -5.546555907346647300, 24.19915197291264500 ) ) ;
#5036 = DIRECTION ( 'NONE',  ( -1.000000000000000000, -5.726637133838782600E-029, 3.490263633665282600E-015 ) ) ;
#5037 = CARTESIAN_POINT ( 'NONE',  ( -56.50751163873546500, 6.161209632342839800, 10.48843768719849500 ) ) ;
#5038 = CARTESIAN_POINT ( 'NONE',  ( -80.54947750266541100, 2.333849568294111200, 18.98308054434138000 ) ) ;
#5039 = CARTESIAN_POINT ( 'NONE',  ( -10.35033425463822400, 18.35359827783351200, 24.40456722086547400 ) ) ;
#5040 = EDGE_CURVE ( 'NONE', #5932, #776, #975, .T. ) ;
#5041 = CARTESIAN_POINT ( 'NONE',  ( 21.17329574482812800, 20.06004920748792500, 23.51996834451195500 ) ) ;
#5042 = CARTESIAN_POINT ( 'NONE',  ( -72.28620213328848400, 18.74429541316045400, 23.92058054434161100 ) ) ;
#5043 = EDGE_CURVE ( 'NONE', #620, #3494, #4339, .T. ) ;
#5044 = DIRECTION ( 'NONE',  ( 0.0000000000000000000, 0.5469441386040038200, -0.8371691043312122800 ) ) ;
#5045 = ORIENTED_EDGE ( 'NONE', *, *, #4162, .F. ) ;
#5046 = CARTESIAN_POINT ( 'NONE',  ( -60.26403541210825700, 17.63514673366762200, 18.70450911577012600 ) ) ;
#5047 = CARTESIAN_POINT ( 'NONE',  ( -108.7565455432716000, 19.51850767779975400, 12.88577348996772900 ) ) ;
#5048 = DIRECTION ( 'NONE',  ( 1.000000000000000000, 2.132529265733050800E-017, -3.517630367272413100E-015 ) ) ;
#5049 = CARTESIAN_POINT ( 'NONE',  ( -10.35033425463822400, 24.35328990747315100, 24.34373672496027700 ) ) ;
#5050 = EDGE_LOOP ( 'NONE', ( #2538, #5092 ) ) ;
#5051 = CARTESIAN_POINT ( 'NONE',  ( -12.01982630436627300, 22.50323439724363100, 27.14506919568769700 ) ) ;
#5052 = AXIS2_PLACEMENT_3D ( 'NONE', #4652, #1774, #5144 ) ;
#5053 = APPROVAL ( #6178, 'UNSPECIFIED' ) ;
#5054 = EDGE_CURVE ( 'NONE', #1598, #1716, #4205, .T. ) ;
#5055 = CARTESIAN_POINT ( 'NONE',  ( -10.42606838373319900, 23.85678903168315300, 26.02741060852731500 ) ) ;
#5056 = ORIENTED_EDGE ( 'NONE', *, *, #1045, .F. ) ;
#5057 = CARTESIAN_POINT ( 'NONE',  ( -7.784587090412429700, 19.76072012270463000, 29.57049923566719900 ) ) ;
#5058 = DIRECTION ( 'NONE',  ( 2.238352872228144400E-015, 0.8344483130099417100, 0.5510862118714842100 ) ) ;
#5059 = FACE_OUTER_BOUND ( 'NONE', #5634, .T. ) ;
#5060 = CARTESIAN_POINT ( 'NONE',  ( -64.18564691883172200, 22.85344409265339700, 21.25093768719878900 ) ) ;
#5061 = DIRECTION ( 'NONE',  ( 0.8944271909999168500, 0.3731766303200502200, 0.2464532462414950900 ) ) ;
#5062 = CARTESIAN_POINT ( 'NONE',  ( -78.52871130621787200, 17.50699927904743400, 20.46700911577018200 ) ) ;
#5063 = CARTESIAN_POINT ( 'NONE',  ( -53.58272790218997300, 11.81324135483313700, 16.03486625862714700 ) ) ;
#5064 = ORIENTED_EDGE ( 'NONE', *, *, #4700, .F. ) ;
#5065 = CARTESIAN_POINT ( 'NONE',  ( 18.17329574482815600, 22.71343197699517800, 19.02410118438795200 ) ) ;
#5066 = CARTESIAN_POINT ( 'NONE',  ( -64.87037734200217200, -2.546555907346598000, 20.97236625862696600 ) ) ;
#5067 = CARTESIAN_POINT ( 'NONE',  ( -11.15997146669547200, 22.94816712097809500, 19.17912492794868100 ) ) ;
#5068 = VERTEX_POINT ( 'NONE', #3574 ) ;
#5069 = CARTESIAN_POINT ( 'NONE',  ( -76.18321685881380700, 1.670358311835672200, 15.75629483005563900 ) ) ;
#5070 = ADVANCED_FACE ( 'NONE', ( #374 ), #3875, .T. ) ;
#5071 = VERTEX_POINT ( 'NONE', #1176 ) ;
#5072 = ORIENTED_EDGE ( 'NONE', *, *, #3680, .F. ) ;
#5073 = CARTESIAN_POINT ( 'NONE',  ( -107.5267042551719100, 23.36730748824155400, 11.43700868298037100 ) ) ;
#5074 = PLANE ( 'NONE',  #4624 ) ;
#5075 = ORIENTED_EDGE ( 'NONE', *, *, #1483, .F. ) ;
#5076 = CARTESIAN_POINT ( 'NONE',  ( -107.3267041167512700, 21.84533186738012800, 10.92046343175409000 ) ) ;
#5077 = CARTESIAN_POINT ( 'NONE',  ( 21.17329574482813100, 21.35344409265333400, 24.37415197291275200 ) ) ;
#5078 = DIRECTION ( 'NONE',  ( 1.000000000000000000, 5.726637133838782600E-029, -3.490263633665282600E-015 ) ) ;
#5079 = ORIENTED_EDGE ( 'NONE', *, *, #2421, .T. ) ;
#5080 = ORIENTED_EDGE ( 'NONE', *, *, #1963, .T. ) ;
#5081 = ORIENTED_EDGE ( 'NONE', *, *, #1019, .T. ) ;
#5082 = VERTEX_POINT ( 'NONE', #4535 ) ;
#5083 = CARTESIAN_POINT ( 'NONE',  ( -73.58785335064119700, -4.140313831560904500, 18.30272340148410500 ) ) ;
#5084 = AXIS2_PLACEMENT_3D ( 'NONE', #3151, #272, #6055 ) ;
#5085 = EDGE_CURVE ( 'NONE', #5932, #3026, #202, .T. ) ;
#5086 = DIRECTION ( 'NONE',  ( 0.0000000000000000000, 0.8371691043312137200, 0.5469441386040017100 ) ) ;
#5087 = FACE_OUTER_BOUND ( 'NONE', #3496, .T. ) ;
#5088 = VERTEX_POINT ( 'NONE', #207 ) ;
#5089 = CARTESIAN_POINT ( 'NONE',  ( -78.34589687160826100, 11.14567855296405200, 26.01343768719865700 ) ) ;
#5090 = VERTEX_POINT ( 'NONE', #6023 ) ;
#5091 = CARTESIAN_POINT ( 'NONE',  ( -106.5267042551718900, 21.35344409265355000, 11.67415197291318800 ) ) ;
#5092 = ORIENTED_EDGE ( 'NONE', *, *, #3237, .T. ) ;
#5093 = CARTESIAN_POINT ( 'NONE',  ( -67.42670425517185600, 19.85344409265345100, 18.02415197291303200 ) ) ;
#5094 = DIRECTION ( 'NONE',  ( 1.000000000000000000, -3.788652234618511700E-017, -3.304662259982990100E-015 ) ) ;
#5095 = DIRECTION ( 'NONE',  ( 0.0000000000000000000, -0.8371691043312136100, -0.5469441386040020400 ) ) ;
#5096 = CARTESIAN_POINT ( 'NONE',  ( -57.07634789095165900, 13.63791301327496800, 12.80808054434147500 ) ) ;
#5097 = CIRCLE ( 'NONE', #2187, 2.861111111111113400 ) ;
#5098 = ORIENTED_EDGE ( 'NONE', *, *, #2564, .F. ) ;
#5099 = CARTESIAN_POINT ( 'NONE',  ( -108.7267042551719100, 22.05383841335800800, 12.24761366985677600 ) ) ;
#5100 = CARTESIAN_POINT ( 'NONE',  ( 18.17329574482818400, 16.60873024504534700, 27.19555250982143200 ) ) ;
#5101 = EDGE_CURVE ( 'NONE', #4547, #5082, #6124, .T. ) ;
#5102 = CARTESIAN_POINT ( 'NONE',  ( -112.9774688802529300, 22.24868026882549900, 11.76663006863330600 ) ) ;
#5103 = FACE_OUTER_BOUND ( 'NONE', #890, .T. ) ;
#5104 = ORIENTED_EDGE ( 'NONE', *, *, #2386, .F. ) ;
#5105 = CARTESIAN_POINT ( 'NONE',  ( -8.680842204910172600, 26.62912799685876000, 25.84674532592250900 ) ) ;
#5106 = ORIENTED_EDGE ( 'NONE', *, *, #1387, .T. ) ;
#5107 = CARTESIAN_POINT ( 'NONE',  ( -4.080990041193007100, 21.35344409265333000, 24.37415197291284500 ) ) ;
#5108 = FACE_OUTER_BOUND ( 'NONE', #1292, .T. ) ;
#5109 = ADVANCED_FACE ( 'NONE', ( #5487 ), #2161, .F. ) ;
#5110 = AXIS2_PLACEMENT_3D ( 'NONE', #4898, #3475, #595 ) ;
#5111 = DIRECTION ( 'NONE',  ( -1.000000000000000000, -5.726637133838782600E-029, 3.490263633665282600E-015 ) ) ;
#5112 = CARTESIAN_POINT ( 'NONE',  ( -58.34546340057335800, 20.04095994108218900, 15.35450911577014900 ) ) ;
#5113 = DIRECTION ( 'NONE',  ( -1.000000000000000000, -2.132529265733050800E-017, 3.517630367272413100E-015 ) ) ;
#5114 = DIRECTION ( 'NONE',  ( 1.000000000000000000, 1.897593674569121400E-016, -3.780715013394448500E-015 ) ) ;
#5115 = FACE_BOUND ( 'NONE', #937, .T. ) ;
#5116 = CARTESIAN_POINT ( 'NONE',  ( -57.07634789095161000, 3.668975172031923500, 23.06522340148418200 ) ) ;
#5117 = CARTESIAN_POINT ( 'NONE',  ( -7.319419955451143000, 22.29491981702033200, 27.42142643305160000 ) ) ;
#5118 = CARTESIAN_POINT ( 'NONE',  ( -13.04930801723831900, 22.37123106059849300, 20.70379996662049700 ) ) ;
#5119 = FACE_OUTER_BOUND ( 'NONE', #1591, .T. ) ;
#5120 = CARTESIAN_POINT ( 'NONE',  ( -8.993122061726932500, 22.32173405755192200, 27.40727744655333400 ) ) ;
#5121 = DIRECTION ( 'NONE',  ( 1.000000000000000000, 2.904513797292240500E-016, -3.300504266208427900E-015 ) ) ;
#5122 = DIRECTION ( 'NONE',  ( -1.000000000000000000, -5.726637133838782600E-029, 3.490263633665282600E-015 ) ) ;
#5123 = CYLINDRICAL_SURFACE ( 'NONE', #2411, 5.500000000000000000 ) ;
#5124 = B_SPLINE_CURVE_WITH_KNOTS ( 'NONE', 3,
 ( #676, #3534, #4517, #1634, #5000, #2113, #5506, #2600, #6004, #3094, #219, #3584, #703, #4056 ),
 .UNSPECIFIED., .F., .F.,
 ( 4, 2, 2, 2, 2, 2, 4 ),
 ( 2.577049617001668400E-007, 0.0002176576466493974500, 0.0004350575883370947300, 0.0006524575300247920200, 0.0008698574717124893000, 0.001304657355087844000, 0.001739457238463198900 ),
 .UNSPECIFIED. ) ;
#5125 = AXIS2_PLACEMENT_3D ( 'NONE', #3819, #945, #4302 ) ;
#5126 = PLANE ( 'NONE',  #969 ) ;
#5127 = DIRECTION ( 'NONE',  ( -1.000000000000000000, -2.132529265733050800E-017, 3.517630367272413100E-015 ) ) ;
#5128 = CARTESIAN_POINT ( 'NONE',  ( -78.91473312382449000, 8.653444092653384000, 22.78665197291291000 ) ) ;
#5129 = PLANE ( 'NONE',  #2632 ) ;
#5130 = CARTESIAN_POINT ( 'NONE',  ( -108.5267042551718900, 19.53957769993592200, 10.48910633927118900 ) ) ;
#5131 = LINE ( 'NONE', #3602, #2532 ) ;
#5132 = ORIENTED_EDGE ( 'NONE', *, *, #5636, .F. ) ;
#5133 = CARTESIAN_POINT ( 'NONE',  ( -78.34589687160828900, 11.14567855296409800, 23.01343768719865700 ) ) ;
#5134 = ORIENTED_EDGE ( 'NONE', *, *, #1746, .T. ) ;
#5135 = ORIENTED_EDGE ( 'NONE', *, *, #3683, .F. ) ;
#5136 = CARTESIAN_POINT ( 'NONE',  ( -67.42670425517182800, 22.85344409265335100, 24.37415197291308600 ) ) ;
#5137 = CARTESIAN_POINT ( 'NONE',  ( -5.326704255171829800, 24.52434768209110400, 26.46827957802448200 ) ) ;
#5138 = VERTEX_POINT ( 'NONE', #5041 ) ;
#5139 = CARTESIAN_POINT ( 'NONE',  ( -76.18321685881376500, 15.63652987347123600, 20.11700911577013800 ) ) ;
#5140 = EDGE_CURVE ( 'NONE', #1216, #2367, #1351, .T. ) ;
#5141 = CARTESIAN_POINT ( 'NONE',  ( -110.5267042551719100, 20.33144859781428300, 9.453603876045324500 ) ) ;
#5142 =( BOUNDED_SURFACE ( )  B_SPLINE_SURFACE ( 3, 2, ( 
 ( #800, #6099, #4155, #1282, #4640, #1764, #5133, #2243, #5633, #2725, #6120, #3217, #336, #3698, #822, #4178, #1301, #4664, #1786, #5155, #2267, #5661, #2747, #6140, #3234, #363, #3717, #846, #4204, #1325, #4686, #1809, #5181, #2293, #5681, #4261, #2327, #1080, #4439, #1555, #4924, #2041, #5429, #2517, #5925, #3013, #137, #3505, #621, #3970, #1106, #4461, #1575, #4946, #2065, #5449, #2542 ),
 ( #5946, #3037, #154, #3527, #645, #3996, #1126, #4488, #1601, #4970, #2084, #5478, #2562, #5971, #3063, #181, #3546, #668, #4025, #1149, #4508, #1628, #4990, #2106, #5496, #2592, #5995, #3086, #204, #3572, #691, #4048, #1173, #4532, #1649, #5014, #2126, #5519, #2613, #6021, #3107, #235, #3599, #721, #4065, #1195, #4556, #1674, #5037, #2158, #5544, #2636, #6038, #3137, #257, #3616, #744 ),
 ( #4095, #1217, #4578, #1703, #5062, #2177, #5573, #2974, #90, #3459, #581, #3929, #1064, #4425, #1542, #4903, #2023, #5414, #2503, #5905, #2999, #120, #3481, #602, #3953, #1087, #4443, #1558, #4930, #2046, #5434, #2521, #5931, #3020, #142, #3509, #626, #3977, #1113, #4468, #1581, #4953, #2070, #5455, #2548, #5954, #3045, #160, #3533, #653, #4003, #1132, #4495, #1612, #4975, #2088, #5483 ),
 ( #2569, #5977, #3069, #189, #3554, #674, #4031, #1155, #4516, #1633, #4996, #2111, #5505, #2598, #6001, #3092, #215, #3582, #699, #4053, #1182, #4540, #1656, #5022, #2138, #5525, #2621, #6027, #3116, #241, #3603, #728, #4076, #1204, #5473, #2559, #5967, #3059, #179, #3543, #664, #4019, #1148, #4503, #1627, #4987, #2102, #5493, #2587, #5990, #3082, #203, #3571, #688, #4045, #1169, #4531 ),
 ( #1644, #5012, #2125, #5517, #2610, #6016, #3105, #231, #3596, #718, #4063, #1194, #4551, #1672, #5035, #2156, #5540, #2633, #6035, #3133, #253, #3615, #743, #4092, #1212, #4575, #1698, #5060, #2174, #5571, #2658, #6058, #3153, #276, #3634, #767, #4119, #1243, #4595, #1723, #5083, #2198, #5591, #2686, #6077, #3177, #300, #3659, #784, #4139, #1268, #4621, #1744, #5112, #2219, #5617, #2707 ),
 ( #6105, #3196, #322, #3682, #1110, #4464, #1579, #4949, #2068, #5454, #2545, #5950, #3040, #158, #3531, #650, #4001, #1129, #4491, #1605, #4974, #2086, #5482, #2567, #5974, #3066, #184, #3551, #671, #4029, #1152, #4511, #1630, #4993, #2109, #5500, #2597, #5998, #3088, #208, #3575, #695, #4050, #1178, #4536, #1651, #5017, #2131, #5523, #2616, #6025, #3112, #238, #3601, #724, #4071, #1199 ),
 ( #4559, #1680, #5042, #2162, #5547, #2639, #6042, #3142, #261, #3620, #749, #4099, #1222, #4582, #1710, #5066, #2180, #5576, #2663, #6062, #3158, #285, #3639, #772, #4123, #1247, #4602, #1728, #5093, #2203, #5598, #3003, #124, #3485, #604, #3956, #1092, #4447, #1562, #4934, #2049, #5436, #2525, #5934, #3023, #145, #3513, #630, #3980, #1117, #4473, #1587, #4955, #2072, #5459, #2552, #5956 ) ),
 .UNSPECIFIED., .T., .F., .T. ) 
 B_SPLINE_SURFACE_WITH_KNOTS ( ( 4, 3, 4 ),
 ( 3, 2, 2, 2, 2, 2, 2, 2, 2, 2, 2, 2, 2, 2, 2, 2, 2, 2, 2, 2, 2, 2, 2, 2, 2, 2, 2, 2, 3 ),
 ( 0.0000000000000000000, 0.5000000000000000000, 1.000000000000000000 ),
 ( 0.0000000000000000000, 0.03571428571428571200, 0.07142857142857142500, 0.1071428571428571400, 0.1428571428571428500, 0.1785714285714285800, 0.2142857142857142700, 0.2500000000000000000, 0.2857142857142857000, 0.3214285714285714500, 0.3571428571428571500, 0.3928571428571428500, 0.4285714285714285500, 0.4642857142857143000, 0.5000000000000000000, 0.5357142857142857000, 0.5714285714285714000, 0.6071428571428571000, 0.6428571428571429000, 0.6785714285714286000, 0.7142857142857143000, 0.7500000000000000000, 0.7857142857142857000, 0.8214285714285714000, 0.8571428571428571000, 0.8928571428571429000, 0.9285714285714286000, 0.9642857142857143000, 1.000000000000000000 ),
 .UNSPECIFIED. ) 
 GEOMETRIC_REPRESENTATION_ITEM ( )  RATIONAL_B_SPLINE_SURFACE ( (
 ( 1.000000000000000000, 0.9749279121818236200, 1.000000000000000000, 0.9749279121818236200, 1.000000000000000000, 0.9749279121818236200, 1.000000000000000000, 0.9749279121818236200, 1.000000000000000000, 0.9749279121818236200, 1.000000000000000000, 0.9749279121818236200, 1.000000000000000000, 0.9749279121818236200, 1.000000000000000000, 0.9749279121818236200, 1.000000000000000000, 0.9749279121818236200, 1.000000000000000000, 0.9749279121818236200, 1.000000000000000000, 0.9749279121818236200, 1.000000000000000000, 0.9749279121818236200, 1.000000000000000000, 0.9749279121818236200, 1.000000000000000000, 0.9749279121818236200, 1.000000000000000000, 0.9749279121818236200, 1.000000000000000000, 0.9749279121818236200, 1.000000000000000000, 0.9749279121818236200, 1.000000000000000000, 0.9749279121818236200, 1.000000000000000000, 0.9749279121818236200, 1.000000000000000000, 0.9749279121818236200, 1.000000000000000000, 0.9749279121818236200, 1.000000000000000000, 0.9749279121818236200, 1.000000000000000000, 0.9749279121818236200, 1.000000000000000000, 0.9749279121818236200, 1.000000000000000000, 0.9749279121818236200, 1.000000000000000000, 0.9749279121818236200, 1.000000000000000000, 0.9749279121818236200, 1.000000000000000000, 0.9749279121818236200, 1.000000000000000000),
 ( 0.3333333333333333700, 0.3249759707272745800, 0.3333333333333333700, 0.3249759707272745800, 0.3333333333333333700, 0.3249759707272745800, 0.3333333333333333700, 0.3249759707272745800, 0.3333333333333333700, 0.3249759707272745800, 0.3333333333333333700, 0.3249759707272745800, 0.3333333333333333700, 0.3249759707272745800, 0.3333333333333333700, 0.3249759707272745800, 0.3333333333333333700, 0.3249759707272745800, 0.3333333333333333700, 0.3249759707272745800, 0.3333333333333333700, 0.3249759707272745800, 0.3333333333333333700, 0.3249759707272745800, 0.3333333333333333700, 0.3249759707272745800, 0.3333333333333333700, 0.3249759707272745800, 0.3333333333333333700, 0.3249759707272745800, 0.3333333333333333700, 0.3249759707272745800, 0.3333333333333333700, 0.3249759707272745800, 0.3333333333333333700, 0.3249759707272745800, 0.3333333333333333700, 0.3249759707272745800, 0.3333333333333333700, 0.3249759707272745800, 0.3333333333333333700, 0.3249759707272745800, 0.3333333333333333700, 0.3249759707272745800, 0.3333333333333333700, 0.3249759707272745800, 0.3333333333333333700, 0.3249759707272745800, 0.3333333333333333700, 0.3249759707272745800, 0.3333333333333333700, 0.3249759707272745800, 0.3333333333333333700, 0.3249759707272745800, 0.3333333333333333700, 0.3249759707272745800, 0.3333333333333333700),
 ( 0.3333333333333333700, 0.3249759707272745800, 0.3333333333333333700, 0.3249759707272745800, 0.3333333333333333700, 0.3249759707272745800, 0.3333333333333333700, 0.3249759707272745800, 0.3333333333333333700, 0.3249759707272745800, 0.3333333333333333700, 0.3249759707272745800, 0.3333333333333333700, 0.3249759707272745800, 0.3333333333333333700, 0.3249759707272745800, 0.3333333333333333700, 0.3249759707272745800, 0.3333333333333333700, 0.3249759707272745800, 0.3333333333333333700, 0.3249759707272745800, 0.3333333333333333700, 0.3249759707272745800, 0.3333333333333333700, 0.3249759707272745800, 0.3333333333333333700, 0.3249759707272745800, 0.3333333333333333700, 0.3249759707272745800, 0.3333333333333333700, 0.3249759707272745800, 0.3333333333333333700, 0.3249759707272745800, 0.3333333333333333700, 0.3249759707272745800, 0.3333333333333333700, 0.3249759707272745800, 0.3333333333333333700, 0.3249759707272745800, 0.3333333333333333700, 0.3249759707272745800, 0.3333333333333333700, 0.3249759707272745800, 0.3333333333333333700, 0.3249759707272745800, 0.3333333333333333700, 0.3249759707272745800, 0.3333333333333333700, 0.3249759707272745800, 0.3333333333333333700, 0.3249759707272745800, 0.3333333333333333700, 0.3249759707272745800, 0.3333333333333333700, 0.3249759707272745800, 0.3333333333333333700),
 ( 1.000000000000000000, 0.9749279121818236200, 1.000000000000000000, 0.9749279121818236200, 1.000000000000000000, 0.9749279121818236200, 1.000000000000000000, 0.9749279121818236200, 1.000000000000000000, 0.9749279121818236200, 1.000000000000000000, 0.9749279121818236200, 1.000000000000000000, 0.9749279121818236200, 1.000000000000000000, 0.9749279121818236200, 1.000000000000000000, 0.9749279121818236200, 1.000000000000000000, 0.9749279121818236200, 1.000000000000000000, 0.9749279121818236200, 1.000000000000000000, 0.9749279121818236200, 1.000000000000000000, 0.9749279121818236200, 1.000000000000000000, 0.9749279121818236200, 1.000000000000000000, 0.9749279121818236200, 1.000000000000000000, 0.9749279121818236200, 1.000000000000000000, 0.9749279121818236200, 1.000000000000000000, 0.9749279121818236200, 1.000000000000000000, 0.9749279121818236200, 1.000000000000000000, 0.9749279121818236200, 1.000000000000000000, 0.9749279121818236200, 1.000000000000000000, 0.9749279121818236200, 1.000000000000000000, 0.9749279121818236200, 1.000000000000000000, 0.9749279121818236200, 1.000000000000000000, 0.9749279121818236200, 1.000000000000000000, 0.9749279121818236200, 1.000000000000000000, 0.9749279121818236200, 1.000000000000000000, 0.9749279121818236200, 1.000000000000000000),
 ( 0.3333333333333333700, 0.3249759707272745800, 0.3333333333333333700, 0.3249759707272745800, 0.3333333333333333700, 0.3249759707272745800, 0.3333333333333333700, 0.3249759707272745800, 0.3333333333333333700, 0.3249759707272745800, 0.3333333333333333700, 0.3249759707272745800, 0.3333333333333333700, 0.3249759707272745800, 0.3333333333333333700, 0.3249759707272745800, 0.3333333333333333700, 0.3249759707272745800, 0.3333333333333333700, 0.3249759707272745800, 0.3333333333333333700, 0.3249759707272745800, 0.3333333333333333700, 0.3249759707272745800, 0.3333333333333333700, 0.3249759707272745800, 0.3333333333333333700, 0.3249759707272745800, 0.3333333333333333700, 0.3249759707272745800, 0.3333333333333333700, 0.3249759707272745800, 0.3333333333333333700, 0.3249759707272745800, 0.3333333333333333700, 0.3249759707272745800, 0.3333333333333333700, 0.3249759707272745800, 0.3333333333333333700, 0.3249759707272745800, 0.3333333333333333700, 0.3249759707272745800, 0.3333333333333333700, 0.3249759707272745800, 0.3333333333333333700, 0.3249759707272745800, 0.3333333333333333700, 0.3249759707272745800, 0.3333333333333333700, 0.3249759707272745800, 0.3333333333333333700, 0.3249759707272745800, 0.3333333333333333700, 0.3249759707272745800, 0.3333333333333333700, 0.3249759707272745800, 0.3333333333333333700),
 ( 0.3333333333333333700, 0.3249759707272745800, 0.3333333333333333700, 0.3249759707272745800, 0.3333333333333333700, 0.3249759707272745800, 0.3333333333333333700, 0.3249759707272745800, 0.3333333333333333700, 0.3249759707272745800, 0.3333333333333333700, 0.3249759707272745800, 0.3333333333333333700, 0.3249759707272745800, 0.3333333333333333700, 0.3249759707272745800, 0.3333333333333333700, 0.3249759707272745800, 0.3333333333333333700, 0.3249759707272745800, 0.3333333333333333700, 0.3249759707272745800, 0.3333333333333333700, 0.3249759707272745800, 0.3333333333333333700, 0.3249759707272745800, 0.3333333333333333700, 0.3249759707272745800, 0.3333333333333333700, 0.3249759707272745800, 0.3333333333333333700, 0.3249759707272745800, 0.3333333333333333700, 0.3249759707272745800, 0.3333333333333333700, 0.3249759707272745800, 0.3333333333333333700, 0.3249759707272745800, 0.3333333333333333700, 0.3249759707272745800, 0.3333333333333333700, 0.3249759707272745800, 0.3333333333333333700, 0.3249759707272745800, 0.3333333333333333700, 0.3249759707272745800, 0.3333333333333333700, 0.3249759707272745800, 0.3333333333333333700, 0.3249759707272745800, 0.3333333333333333700, 0.3249759707272745800, 0.3333333333333333700, 0.3249759707272745800, 0.3333333333333333700, 0.3249759707272745800, 0.3333333333333333700),
 ( 1.000000000000000000, 0.9749279121818236200, 1.000000000000000000, 0.9749279121818236200, 1.000000000000000000, 0.9749279121818236200, 1.000000000000000000, 0.9749279121818236200, 1.000000000000000000, 0.9749279121818236200, 1.000000000000000000, 0.9749279121818236200, 1.000000000000000000, 0.9749279121818236200, 1.000000000000000000, 0.9749279121818236200, 1.000000000000000000, 0.9749279121818236200, 1.000000000000000000, 0.9749279121818236200, 1.000000000000000000, 0.9749279121818236200, 1.000000000000000000, 0.9749279121818236200, 1.000000000000000000, 0.9749279121818236200, 1.000000000000000000, 0.9749279121818236200, 1.000000000000000000, 0.9749279121818236200, 1.000000000000000000, 0.9749279121818236200, 1.000000000000000000, 0.9749279121818236200, 1.000000000000000000, 0.9749279121818236200, 1.000000000000000000, 0.9749279121818236200, 1.000000000000000000, 0.9749279121818236200, 1.000000000000000000, 0.9749279121818236200, 1.000000000000000000, 0.9749279121818236200, 1.000000000000000000, 0.9749279121818236200, 1.000000000000000000, 0.9749279121818236200, 1.000000000000000000, 0.9749279121818236200, 1.000000000000000000, 0.9749279121818236200, 1.000000000000000000, 0.9749279121818236200, 1.000000000000000000, 0.9749279121818236200, 1.000000000000000000) ) ) 
 REPRESENTATION_ITEM ( '' )  SURFACE ( )  );
#5143 = EDGE_CURVE ( 'NONE', #5004, #2820, #2775, .T. ) ;
#5144 = DIRECTION ( 'NONE',  ( 0.0000000000000000000, -0.8371691043312138300, -0.5469441386040013700 ) ) ;
#5145 = CARTESIAN_POINT ( 'NONE',  ( -9.693220416456716400, 22.77249040134080700, 25.85464483239129800 ) ) ;
#5146 = CARTESIAN_POINT ( 'NONE',  ( -109.3267042551718200, 22.15959953177638300, 12.08573252966313700 ) ) ;
#5147 = VERTEX_POINT ( 'NONE', #6041 ) ;
#5148 = CARTESIAN_POINT ( 'NONE',  ( -56.50751163873543700, 6.161209632342693300, 19.83843768719850000 ) ) ;
#5149 = LINE ( 'NONE', #1114, #1306 ) ;
#5150 = CARTESIAN_POINT ( 'NONE',  ( -113.5267042551718900, 21.35344409265355000, 11.67415197291321500 ) ) ;
#5151 = CARTESIAN_POINT ( 'NONE',  ( -107.1230585750647000, 21.24503733519487300, 12.56801856100522000 ) ) ;
#5152 = DIRECTION ( 'NONE',  ( 1.000000000000000000, 5.857292221266013800E-029, -3.490263633665282200E-015 ) ) ;
#5153 = ORIENTED_EDGE ( 'NONE', *, *, #4872, .F. ) ;
#5154 = AXIS2_PLACEMENT_3D ( 'NONE', #1769, #804, #2729 ) ;
#5155 = CARTESIAN_POINT ( 'NONE',  ( -57.07634789095164500, 3.668975172031968300, 20.06522340148417900 ) ) ;
#5156 = FACE_OUTER_BOUND ( 'NONE', #4642, .T. ) ;
#5157 = DIRECTION ( 'NONE',  ( 0.5158497608962460100, 0.4721040219343313200, -0.7148544024182226200 ) ) ;
#5158 = ORIENTED_EDGE ( 'NONE', *, *, #1214, .F. ) ;
#5159 = ORIENTED_EDGE ( 'NONE', *, *, #1180, .F. ) ;
#5160 = CARTESIAN_POINT ( 'NONE',  ( -108.5267042551718600, 21.28617111353317200, 9.507294399885550400 ) ) ;
#5161 = DIRECTION ( 'NONE',  ( -2.191229653865441700E-015, -0.8344483130099416000, -0.5510862118714844300 ) ) ;
#5162 = CARTESIAN_POINT ( 'NONE',  ( 20.87329574482813800, 21.35344409265333400, 24.37415197291275200 ) ) ;
#5163 = B_SPLINE_CURVE_WITH_KNOTS ( 'NONE', 3,
 ( #3958, #4147, #2715, #6113, #3206, #329, #3689, #814, #4170, #1293, #4655, #1777, #5146, #2257 ),
 .UNSPECIFIED., .F., .F.,
 ( 4, 2, 2, 2, 2, 2, 4 ),
 ( 0.0000000000000000000, 0.0002876914365979498700, 0.0004315371548969214700, 0.0005753828731958931300, 0.0007192285914948647300, 0.0008630743097938363300, 0.001150765746391802500 ),
 .UNSPECIFIED. ) ;
#5164 = CARTESIAN_POINT ( 'NONE',  ( -60.26403541210826400, -0.3282585483607338700, 17.16879483005555700 ) ) ;
#5165 = CARTESIAN_POINT ( 'NONE',  ( -3.326704255171820900, 24.17484462956200600, 29.11886582052082400 ) ) ;
#5166 = EDGE_LOOP ( 'NONE', ( #4450, #992, #3675, #4801, #5292, #3655 ) ) ;
#5167 = AXIS2_PLACEMENT_3D ( 'NONE', #3909, #1044, #4403 ) ;
#5168 = VERTEX_POINT ( 'NONE', #2179 ) ;
#5169 = CARTESIAN_POINT ( 'NONE',  ( -9.232872839283709600, 19.68454746663344300, 23.27197954916988800 ) ) ;
#5170 = CARTESIAN_POINT ( 'NONE',  ( -78.34589687160828900, 11.14567855296409800, 23.01343768719865700 ) ) ;
#5171 = CARTESIAN_POINT ( 'NONE',  ( -15.35881040382238500, 16.07776018844792900, 22.90155861990329800 ) ) ;
#5172 = DIRECTION ( 'NONE',  ( -2.088218196519332500E-015, -0.8011226789640680800, -0.5985001697990025600 ) ) ;
#5173 = CARTESIAN_POINT ( 'NONE',  ( 0.0000000000000000000, 0.0000000000000000000, 0.0000000000000000000 ) ) ;
#5174 = CARTESIAN_POINT ( 'NONE',  ( -77.77706061939213100, 13.63791301327491800, 16.89022340148441300 ) ) ;
#5175 = CARTESIAN_POINT ( 'NONE',  ( -110.5267042551718800, 23.79497847643959600, 11.85808804672084800 ) ) ;
#5176 = ORIENTED_EDGE ( 'NONE', *, *, #647, .F. ) ;
#5177 = CARTESIAN_POINT ( 'NONE',  ( -15.35881040382237100, 18.35359827783351200, 24.40456722086549500 ) ) ;
#5178 = VERTEX_POINT ( 'NONE', #4098 ) ;
#5179 = VERTEX_POINT ( 'NONE', #3157 ) ;
#5180 = ORIENTED_EDGE ( 'NONE', *, *, #3765, .F. ) ;
#5181 = CARTESIAN_POINT ( 'NONE',  ( -76.18321685881379300, 15.63652987347128400, 17.11700911577013800 ) ) ;
#5182 = VERTEX_POINT ( 'NONE', #5065 ) ;
#5183 = LINE ( 'NONE', #177, #1340 ) ;
#5184 = LINE ( 'NONE', #212, #5006 ) ;
#5185 = ORIENTED_EDGE ( 'NONE', *, *, #5411, .T. ) ;
#5186 = DIRECTION ( 'NONE',  ( -3.478282900197969400E-015, -0.1432757502516511800, -0.9896828074640008400 ) ) ;
#5187 = CARTESIAN_POINT ( 'NONE',  ( -81.27068060815375400, 11.81324135483304400, 23.01343768719867800 ) ) ;
#5188 = EDGE_CURVE ( 'NONE', #1847, #5764, #2603, .T. ) ;
#5189 = ORIENTED_EDGE ( 'NONE', *, *, #647, .T. ) ;
#5190 = EDGE_CURVE ( 'NONE', #3540, #1702, #4036, .T. ) ;
#5191 = CARTESIAN_POINT ( 'NONE',  ( -113.0267042551719100, 20.90921965466626300, 10.89142299766387500 ) ) ;
#5192 =( BOUNDED_CURVE ( )  B_SPLINE_CURVE ( 3, ( #1529, #2012, #104, #3469 ),
 .UNSPECIFIED., .F., .F. ) 
 B_SPLINE_CURVE_WITH_KNOTS ( ( 4, 4 ),
 ( 5.619882523755744200, 6.283185307179588900 ),
 .UNSPECIFIED. ) 
 CURVE ( )  GEOMETRIC_REPRESENTATION_ITEM ( )  RATIONAL_B_SPLINE_CURVE ( ( 1.000000000000000000, 0.9636706212180181600, 0.9636706212180181600, 1.000000000000000000 ) ) 
 REPRESENTATION_ITEM ( '' )  );
#5193 = CARTESIAN_POINT ( 'NONE',  ( -69.98303116834155400, 19.85344409265335800, 24.14736625862734300 ) ) ;
#5194 = CARTESIAN_POINT ( 'NONE',  ( -7.319419955451159000, 24.52567132928006500, 24.04364851727318700 ) ) ;
#5195 = CARTESIAN_POINT ( 'NONE',  ( -8.680842204910186800, 21.37108546620147800, 22.37422977894146900 ) ) ;
#5196 = CARTESIAN_POINT ( 'NONE',  ( -57.07634789095163100, 3.668975172031967900, 20.06522340148417900 ) ) ;
#5197 = DIRECTION ( 'NONE',  ( 1.000000000000000000, 2.132529265733050800E-017, -3.517630367272413100E-015 ) ) ;
#5198 = DIRECTION ( 'NONE',  ( -2.168404344971009700E-015, -0.8344483130099414900, -0.5510862118714843200 ) ) ;
#5199 = CARTESIAN_POINT ( 'NONE',  ( -9.232872839283700700, 22.77249040134079300, 25.85464483239130500 ) ) ;
#5200 = EDGE_CURVE ( 'NONE', #1985, #2427, #4963, .T. ) ;
#5201 = APPROVAL_STATUS ( 'not_yet_approved' ) ;
#5202 = EDGE_CURVE ( 'NONE', #5518, #2239, #3846, .T. ) ;
#5203 = CARTESIAN_POINT ( 'NONE',  ( -58.67019165152995400, 1.670358311835685900, 13.94200911576986400 ) ) ;
#5204 = PLANE ( 'NONE',  #5884 ) ;
#5205 = FACE_OUTER_BOUND ( 'NONE', #3666, .T. ) ;
#5206 = FACE_OUTER_BOUND ( 'NONE', #1327, .T. ) ;
#5207 = CARTESIAN_POINT ( 'NONE',  ( -107.2026270874213100, 21.51549037817713000, 10.78844072279409800 ) ) ;
#5208 = LINE ( 'NONE', #2895, #2612 ) ;
#5209 = DIRECTION ( 'NONE',  ( 1.000000000000000000, 2.132529265733050800E-017, -3.517630367272413100E-015 ) ) ;
#5210 = DIRECTION ( 'NONE',  ( -2.921940880075402200E-015, 0.5469441386040017100, -0.8371691043312137200 ) ) ;
#5211 = CARTESIAN_POINT ( 'NONE',  ( -54.30393100767835100, 2.333849568294084100, 20.06522340148415000 ) ) ;
#5212 = CIRCLE ( 'NONE', #293, 2.000000000000001800 ) ;
#5213 = DIRECTION ( 'NONE',  ( -2.023844055306275100E-015, -0.8344483130099412700, -0.5510862118714848800 ) ) ;
#5214 = DIRECTION ( 'NONE',  ( -1.000000000000000000, 3.885780586187476000E-016, 3.490263633665288500E-015 ) ) ;
#5215 = CARTESIAN_POINT ( 'NONE',  ( -76.18321685881379300, 15.63652987347128400, 17.11700911577013800 ) ) ;
#5216 = ORIENTED_EDGE ( 'NONE', *, *, #1098, .F. ) ;
#5217 = ORIENTED_EDGE ( 'NONE', *, *, #4035, .F. ) ;
#5218 = CARTESIAN_POINT ( 'NONE',  ( -72.28620213328848400, 18.74429541316050100, 20.92058054434160800 ) ) ;
#5219 = DIRECTION ( 'NONE',  ( -1.908979236615881600E-015, -0.8371691043312136100, -0.5469441386040017100 ) ) ;
#5220 = ORIENTED_EDGE ( 'NONE', *, *, #1931, .T. ) ;
#5221 = CARTESIAN_POINT ( 'NONE',  ( -15.35881040382237100, 26.62912799685876000, 25.84674532592253000 ) ) ;
#5222 = EDGE_CURVE ( 'NONE', #4901, #6166, #2746, .T. ) ;
#5223 = ORIENTED_EDGE ( 'NONE', *, *, #2579, .F. ) ;
#5224 = CARTESIAN_POINT ( 'NONE',  ( 18.17329574482815600, 21.35344409265333400, 24.37415197291276700 ) ) ;
#5225 = CARTESIAN_POINT ( 'NONE',  ( -78.52871130621788600, 17.50699927904748400, 17.11700911577018000 ) ) ;
#5226 =( BOUNDED_CURVE ( )  B_SPLINE_CURVE ( 3, ( #3011, #3500, #3968, #4358 ),
 .UNSPECIFIED., .F., .T. ) 
 B_SPLINE_CURVE_WITH_KNOTS ( ( 4, 4 ),
 ( 1.734723475976804900E-015, 1.017718557664820700 ),
 .UNSPECIFIED. ) 
 CURVE ( )  GEOMETRIC_REPRESENTATION_ITEM ( )  RATIONAL_B_SPLINE_CURVE ( ( 1.000000000000000000, 0.9155338758779854000, 0.9155338758779854000, 1.000000000000000000 ) ) 
 REPRESENTATION_ITEM ( '' )  );
#5227 = CARTESIAN_POINT ( 'NONE',  ( -112.5267042551718800, 20.99563135240749600, 14.37630411737889900 ) ) ;
#5228 = EDGE_CURVE ( 'NONE', #1754, #3026, #1611, .T. ) ;
#5229 = ORIENTED_EDGE ( 'NONE', *, *, #4347, .F. ) ;
#5230 = CARTESIAN_POINT ( 'NONE',  ( -107.0708889182998000, 20.28596574966132200, 10.02499719620669300 ) ) ;
#5231 = AXIS2_PLACEMENT_3D ( 'NONE', #4432, #2033, #5421 ) ;
#5232 = EDGE_CURVE ( 'NONE', #6242, #2348, #3751, .T. ) ;
#5233 = CARTESIAN_POINT ( 'NONE',  ( -60.26403541210827800, -0.3282585483606859100, 14.16879483005555300 ) ) ;
#5234 = FACE_OUTER_BOUND ( 'NONE', #347, .T. ) ;
#5235 = CARTESIAN_POINT ( 'NONE',  ( -110.6162265293561500, 18.92598167429601500, 11.29118029149289800 ) ) ;
#5236 = DIRECTION ( 'NONE',  ( -0.4970459221108379200, -0.7240710256435160000, -0.4781908626652475200 ) ) ;
#5237 = ORIENTED_EDGE ( 'NONE', *, *, #2149, .F. ) ;
#5238 = CARTESIAN_POINT ( 'NONE',  ( -64.87037734200221500, -2.546555907346554900, 17.97236625862696600 ) ) ;
#5239 = CARTESIAN_POINT ( 'NONE',  ( -7.011350155182137600, 16.07776018844792900, 22.90155861990326300 ) ) ;
#5240 = DIRECTION ( 'NONE',  ( -1.908979236615881600E-015, -0.8371691043312136100, -0.5469441386040017100 ) ) ;
#5241 = AXIS2_PLACEMENT_3D ( 'NONE', #865, #1347, #4709 ) ;
#5242 = ORIENTED_EDGE ( 'NONE', *, *, #2568, .F. ) ;
#5243 = AXIS2_PLACEMENT_3D ( 'NONE', #746, #4677, #1802 ) ;
#5244 = ORIENTED_EDGE ( 'NONE', *, *, #1721, .T. ) ;
#5245 = CARTESIAN_POINT ( 'NONE',  ( -10.08451259455790300, 22.18299113086771300, 22.38139162311691500 ) ) ;
#5246 = DIRECTION ( 'NONE',  ( -1.000000000000000000, -2.904513797292239500E-016, 3.300504266208427900E-015 ) ) ;
#5247 = CARTESIAN_POINT ( 'NONE',  ( -58.34546340057337900, -2.734071755775200800, 14.16879483005551100 ) ) ;
#5248 =( BOUNDED_CURVE ( )  B_SPLINE_CURVE ( 3, ( #2420, #2905, #3390, #519 ),
 .UNSPECIFIED., .F., .T. ) 
 B_SPLINE_CURVE_WITH_KNOTS ( ( 4, 4 ),
 ( 5.265466749514767600, 6.283185307179587100 ),
 .UNSPECIFIED. ) 
 CURVE ( )  GEOMETRIC_REPRESENTATION_ITEM ( )  RATIONAL_B_SPLINE_CURVE ( ( 1.000000000000000000, 0.9155338758779854000, 0.9155338758779854000, 1.000000000000000000 ) ) 
 REPRESENTATION_ITEM ( '' )  );
#5249 = ORIENTED_EDGE ( 'NONE', *, *, #3693, .F. ) ;
#5250 = CARTESIAN_POINT ( 'NONE',  ( -13.07851955382194800, 19.68454746663344300, 23.27197954916990200 ) ) ;
#5251 = AXIS2_PLACEMENT_3D ( 'NONE', #3828, #966, #4318 ) ;
#5252 = CARTESIAN_POINT ( 'NONE',  ( -17.32670425517183700, 19.68454746663344300, 23.27197954916991700 ) ) ;
#5253 = ORIENTED_EDGE ( 'NONE', *, *, #1525, .T. ) ;
#5254 = CARTESIAN_POINT ( 'NONE',  ( -174.0267042551717800, 21.35344409265351500, 11.67415197291334600 ) ) ;
#5255 = CIRCLE ( 'NONE', #3906, 2.861111111111113400 ) ;
#5256 = ORIENTED_EDGE ( 'NONE', *, *, #1705, .T. ) ;
#5257 = ORIENTED_EDGE ( 'NONE', *, *, #1843, .T. ) ;
#5258 = VERTEX_POINT ( 'NONE', #1798 ) ;
#5259 = CARTESIAN_POINT ( 'NONE',  ( -67.42670425517185600, 19.85344409265349700, 15.02415197291303700 ) ) ;
#5260 = ORIENTED_EDGE ( 'NONE', *, *, #6126, .F. ) ;
#5261 = CARTESIAN_POINT ( 'NONE',  ( -8.040831868054153700, 20.33565712470818100, 28.04450397920523100 ) ) ;
#5262 = ORIENTED_EDGE ( 'NONE', *, *, #3421, .T. ) ;
#5263 = CARTESIAN_POINT ( 'NONE',  ( -109.3469901622621200, 21.73547938566878600, 9.425199564305707200 ) ) ;
#5264 = FACE_BOUND ( 'NONE', #1909, .T. ) ;
#5265 = VERTEX_POINT ( 'NONE', #5141 ) ;
#5266 = DIRECTION ( 'NONE',  ( 0.7071067811865583400, -0.5900440606789942900, -0.3896767974327289300 ) ) ;
#5267 = EDGE_CURVE ( 'NONE', #4391, #5716, #4857, .T. ) ;
#5268 = EDGE_CURVE ( 'NONE', #4680, #3892, #515, .T. ) ;
#5269 = FACE_OUTER_BOUND ( 'NONE', #552, .T. ) ;
#5270 = DIRECTION ( 'NONE',  ( -2.921940880075402200E-015, 0.5469441386040017100, -0.8371691043312137200 ) ) ;
#5271 = CARTESIAN_POINT ( 'NONE',  ( -11.69370109359389600, 24.52582780268534200, 24.04166112814645100 ) ) ;
#5272 = FACE_OUTER_BOUND ( 'NONE', #1500, .T. ) ;
#5273 = AXIS2_PLACEMENT_3D ( 'NONE', #2249, #4669, #5161 ) ;
#5274 = CARTESIAN_POINT ( 'NONE',  ( -69.98303116834158300, -2.546555907346459000, 12.07593768719841700 ) ) ;
#5275 = LINE ( 'NONE', #6005, #133 ) ;
#5276 = CARTESIAN_POINT ( 'NONE',  ( -111.3266426702962800, 21.76466139921427300, 10.86781460558038100 ) ) ;
#5277 = VECTOR ( 'NONE', #5317, 1000.000000000000100 ) ;
#5278 = VECTOR ( 'NONE', #4465, 1000.000000000000000 ) ;
#5279 = CARTESIAN_POINT ( 'NONE',  ( -9.693220416456725300, 19.68454746663344300, 23.27197954916988800 ) ) ;
#5280 = CARTESIAN_POINT ( 'NONE',  ( -112.7455573677611400, 20.50838651647704200, 11.35335055823723100 ) ) ;
#5281 = DIRECTION ( 'NONE',  ( -0.9904922731777517900, -0.1151679901643342500, -0.07524221432598615600 ) ) ;
#5282 = CARTESIAN_POINT ( 'NONE',  ( -111.3267478307519300, 20.94156696607396400, 12.48015247366459400 ) ) ;
#5283 = VERTEX_POINT ( 'NONE', #2761 ) ;
#5284 = ORIENTED_EDGE ( 'NONE', *, *, #5085, .F. ) ;
#5285 = CARTESIAN_POINT ( 'NONE',  ( -109.2788108969525400, 20.92629384769492900, 13.90488433542043700 ) ) ;
#5286 = CARTESIAN_POINT ( 'NONE',  ( -112.5725420544399400, 23.61397558643411200, 10.14241069821759200 ) ) ;
#5287 = EDGE_LOOP ( 'NONE', ( #2431, #5223 ) ) ;
#5288 = CARTESIAN_POINT ( 'NONE',  ( -62.56720637705524300, 18.74429541316067500, 9.127723401484422200 ) ) ;
#5289 = DIRECTION ( 'NONE',  ( -1.000000000000000000, -5.726637133838782600E-029, 3.490263633665282600E-015 ) ) ;
#5290 = CARTESIAN_POINT ( 'NONE',  ( -7.011350155182123300, 21.33580271910519600, 26.37407416688423800 ) ) ;
#5291 = DIRECTION ( 'NONE',  ( -1.000000000000000000, -5.726637133838782600E-029, 3.490263633665282600E-015 ) ) ;
#5292 = ORIENTED_EDGE ( 'NONE', *, *, #506, .F. ) ;
#5293 = EDGE_CURVE ( 'NONE', #167, #5518, #5669, .T. ) ;
#5294 = LINE ( 'NONE', #3000, #157 ) ;
#5295 = EDGE_CURVE ( 'NONE', #4985, #1465, #4734, .T. ) ;
#5296 = CARTESIAN_POINT ( 'NONE',  ( -112.5728987748151900, 21.85120756092062100, 8.989159846879646300 ) ) ;
#5297 = PLANE ( 'NONE',  #5894 ) ;
#5298 = ORIENTED_EDGE ( 'NONE', *, *, #503, .T. ) ;
#5299 = VECTOR ( 'NONE', #1740, 1000.000000000000000 ) ;
#5300 = DIRECTION ( 'NONE',  ( 1.000000000000000000, 5.857292221266013800E-029, -3.490263633665282200E-015 ) ) ;
#5301 = VERTEX_POINT ( 'NONE', #4237 ) ;
#5302 = ORIENTED_EDGE ( 'NONE', *, *, #988, .T. ) ;
#5303 = ORIENTED_EDGE ( 'NONE', *, *, #3552, .F. ) ;
#5304 = EDGE_CURVE ( 'NONE', #1987, #3381, #3429, .T. ) ;
#5305 = CARTESIAN_POINT ( 'NONE',  ( 18.17329574482815600, 18.53204355574467100, 19.62943812530478000 ) ) ;
#5306 = CARTESIAN_POINT ( 'NONE',  ( -78.52871130621788600, -0.2001110937405805900, 19.10629483005561700 ) ) ;
#5307 = ORIENTED_EDGE ( 'NONE', *, *, #1646, .T. ) ;
#5308 = EDGE_LOOP ( 'NONE', ( #481, #5081, #6073, #1065 ) ) ;
#5309 = CARTESIAN_POINT ( 'NONE',  ( -109.0267042551718900, 20.45819796371090500, 11.58177032639613700 ) ) ;
#5310 = B_SPLINE_CURVE_WITH_KNOTS ( 'NONE', 3,
 ( #677, #4518, #220, #3585, #704, #4057, #1184, #4544, #1661, #5025, #2142, #5530 ),
 .UNSPECIFIED., .F., .F.,
 ( 4, 2, 2, 2, 2, 4 ),
 ( 2.285463826330775300E-007, 0.0002076660986072144800, 0.0004151036508317958500, 0.0008299787552809615700, 0.001244853859730127300, 0.001659728964179293100 ),
 .UNSPECIFIED. ) ;
#5311 = ORIENTED_EDGE ( 'NONE', *, *, #5693, .F. ) ;
#5312 = LOCAL_TIME ( 17, 0, 12.00000000000000000, #359 ) ;
#5313 = CIRCLE ( 'NONE', #2148, 5.499999999999999100 ) ;
#5314 = ORIENTED_EDGE ( 'NONE', *, *, #2939, .F. ) ;
#5315 = DIRECTION ( 'NONE',  ( -0.9904922731777517900, -0.1151679901643342500, -0.07524221432598615600 ) ) ;
#5316 = DIRECTION ( 'NONE',  ( 0.5158497608962449000, 0.4721040219343317100, -0.7148544024182231800 ) ) ;
#5317 = DIRECTION ( 'NONE',  ( -2.947032800510570100E-015, 0.5510862118714903200, -0.8344483130099377100 ) ) ;
#5318 = VERTEX_POINT ( 'NONE', #2801 ) ;
#5319 = ORIENTED_EDGE ( 'NONE', *, *, #2526, .F. ) ;
#5320 = CIRCLE ( 'NONE', #4960, 4.799999999999998000 ) ;
#5321 = CIRCLE ( 'NONE', #6139, 3.000000000000000400 ) ;
#5322 = ORIENTED_EDGE ( 'NONE', *, *, #3719, .F. ) ;
#5323 = CARTESIAN_POINT ( 'NONE',  ( -108.7267042551718800, 20.65299531404463500, 11.10077363087169100 ) ) ;
#5324 = ORIENTED_EDGE ( 'NONE', *, *, #2930, .T. ) ;
#5325 = CARTESIAN_POINT ( 'NONE',  ( -7.011350155182137600, 21.37108546620147800, 22.37422977894146200 ) ) ;
#5326 = CARTESIAN_POINT ( 'NONE',  ( -13.68931835409433600, 20.20365378806305000, 21.60323475013803900 ) ) ;
#5327 = CARTESIAN_POINT ( 'NONE',  ( -54.30393100767834400, 14.97303861701279900, 16.15808054434149100 ) ) ;
#5328 =( BOUNDED_CURVE ( )  B_SPLINE_CURVE ( 3, ( #1519, #123, #1091, #4446 ),
 .UNSPECIFIED., .F., .T. ) 
 B_SPLINE_CURVE_WITH_KNOTS ( ( 4, 4 ),
 ( 1.807003620809171800E-015, 1.034761171164958000 ),
 .UNSPECIFIED. ) 
 CURVE ( )  GEOMETRIC_REPRESENTATION_ITEM ( )  RATIONAL_B_SPLINE_CURVE ( ( 1.000000000000000000, 0.9127451573267446600, 0.9127451573267446600, 1.000000000000000000 ) ) 
 REPRESENTATION_ITEM ( '' )  );
#5329 = VECTOR ( 'NONE', #2595, 1000.000000000000200 ) ;
#5330 = EDGE_CURVE ( 'NONE', #3381, #1955, #4499, .T. ) ;
#5331 = PLANE ( 'NONE',  #1238 ) ;
#5332 = VECTOR ( 'NONE', #126, 1000.000000000000100 ) ;
#5333 = FACE_OUTER_BOUND ( 'NONE', #21, .T. ) ;
#5334 = CARTESIAN_POINT ( 'NONE',  ( -111.5267042551718900, 21.35344409265355000, 11.67415197291321000 ) ) ;
#5335 = DIRECTION ( 'NONE',  ( -1.000000000000000000, -5.726637133838782600E-029, 3.490263633665282600E-015 ) ) ;
#5336 = EDGE_CURVE ( 'NONE', #4298, #5798, #4568, .T. ) ;
#5337 = EDGE_CURVE ( 'NONE', #776, #2201, #3388, .T. ) ;
#5338 = VECTOR ( 'NONE', #2400, 1000.000000000000000 ) ;
#5339 = CARTESIAN_POINT ( 'NONE',  ( -8.680842204910172600, 18.35359827783351200, 24.40456722086546600 ) ) ;
#5340 = CARTESIAN_POINT ( 'NONE',  ( -13.65133508780252900, 19.43659615499764800, 21.83282641992801800 ) ) ;
#5341 = CARTESIAN_POINT ( 'NONE',  ( -14.47552752048312500, 19.79521318666214200, 29.59327913905467600 ) ) ;
#5342 = FACE_BOUND ( 'NONE', #1332, .T. ) ;
#5343 =( BOUNDED_CURVE ( )  B_SPLINE_CURVE ( 3, ( #3451, #3920, #1058, #4416 ),
 .UNSPECIFIED., .F., .F. ) 
 B_SPLINE_CURVE_WITH_KNOTS ( ( 4, 4 ),
 ( 3.141592653589791300, 4.159311211254609100 ),
 .UNSPECIFIED. ) 
 CURVE ( )  GEOMETRIC_REPRESENTATION_ITEM ( )  RATIONAL_B_SPLINE_CURVE ( ( 1.000000000000000000, 0.9155338758779857400, 0.9155338758779857400, 1.000000000000000000 ) ) 
 REPRESENTATION_ITEM ( '' )  );
#5344 = AXIS2_PLACEMENT_3D ( 'NONE', #5077, #2189, #5584 ) ;
#5345 = CARTESIAN_POINT ( 'NONE',  ( -111.2889232461937600, 23.83377948762082000, 12.27579556470262300 ) ) ;
#5346 = AXIS2_PLACEMENT_3D ( 'NONE', #5794, #2821, #6206 ) ;
#5347 = CARTESIAN_POINT ( 'NONE',  ( -81.27068060815376800, 5.493646830473864800, 13.20986625862714400 ) ) ;
#5348 = VERTEX_POINT ( 'NONE', #4761 ) ;
#5349 = DIRECTION ( 'NONE',  ( 1.000000000000000000, -3.885780586187474500E-016, -3.490263633665288500E-015 ) ) ;
#5350 = ORIENTED_EDGE ( 'NONE', *, *, #1975, .F. ) ;
#5351 = CARTESIAN_POINT ( 'NONE',  ( 18.17329574482815600, 16.00339330412852600, 23.01416408857094700 ) ) ;
#5352 = ORIENTED_EDGE ( 'NONE', *, *, #3605, .T. ) ;
#5353 = DIRECTION ( 'NONE',  ( 1.000000000000000000, 5.726637133838782600E-029, -3.490263633665282600E-015 ) ) ;
#5354 = CARTESIAN_POINT ( 'NONE',  ( -111.0267042551719100, 21.26106284609411300, 12.56939814312792700 ) ) ;
#5355 = CARTESIAN_POINT ( 'NONE',  ( -111.0267042551718900, 24.32679804137865200, 15.16957280833112300 ) ) ;
#5356 = VERTEX_POINT ( 'NONE', #455 ) ;
#5357 = CARTESIAN_POINT ( 'NONE',  ( -118.5267042551719100, 18.08848458576180800, 9.541069832357617700 ) ) ;
#5358 = PLANE ( 'NONE',  #3362 ) ;
#5359 = CIRCLE ( 'NONE', #135, 2.166666666666667000 ) ;
#5360 = CARTESIAN_POINT ( 'NONE',  ( -15.35881040382237100, 24.35328990747315100, 24.34373672496029100 ) ) ;
#5361 =( BOUNDED_CURVE ( )  B_SPLINE_CURVE ( 3, ( #2887, #5805, #4342, #1461 ),
 .UNSPECIFIED., .F., .F. ) 
 B_SPLINE_CURVE_WITH_KNOTS ( ( 4, 4 ),
 ( 2.566748062973232000, 3.716437244206354200 ),
 .UNSPECIFIED. ) 
 CURVE ( )  GEOMETRIC_REPRESENTATION_ITEM ( )  RATIONAL_B_SPLINE_CURVE ( ( 1.000000000000000000, 0.8928512062104722000, 0.8928512062104722000, 1.000000000000000000 ) ) 
 REPRESENTATION_ITEM ( '' )  );
#5362 = ORIENTED_EDGE ( 'NONE', *, *, #4600, .F. ) ;
#5363 = CARTESIAN_POINT ( 'NONE',  ( -52.86152479670163000, 8.653444092653567000, 10.26165197291281400 ) ) ;
#5364 = LINE ( 'NONE', #5394, #4080 ) ;
#5365 = ORIENTED_EDGE ( 'NONE', *, *, #5228, .F. ) ;
#5366 = EDGE_CURVE ( 'NONE', #6020, #3345, #2155, .T. ) ;
#5367 = ORIENTED_EDGE ( 'NONE', *, *, #5596, .F. ) ;
#5368 = CARTESIAN_POINT ( 'NONE',  ( -11.15997146669545800, 20.78330137917686600, 22.45713937872635700 ) ) ;
#5369 = CARTESIAN_POINT ( 'NONE',  ( -9.447423972536290300, 21.25579294715238300, 27.37256226067909300 ) ) ;
#5370 = AXIS2_PLACEMENT_3D ( 'NONE', #2062, #5445, #2537 ) ;
#5371 = EDGE_CURVE ( 'NONE', #5179, #3487, #742, .T. ) ;
#5372 = CARTESIAN_POINT ( 'NONE',  ( 18.17329574482818400, 19.99345620831150000, 29.72420276143757100 ) ) ;
#5373 = CARTESIAN_POINT ( 'NONE',  ( -110.8500132169706700, 20.60780158305974300, 12.17890565373488200 ) ) ;
#5374 = CARTESIAN_POINT ( 'NONE',  ( -113.0759075104328400, 21.79777966788538300, 12.45681787399734100 ) ) ;
#5375 = CARTESIAN_POINT ( 'NONE',  ( -116.0267042551718800, 25.03698815171089000, 14.08070618277083200 ) ) ;
#5376 = ADVANCED_FACE ( 'NONE', ( #1994 ), #573, .F. ) ;
#5377 = ORIENTED_EDGE ( 'NONE', *, *, #2450, .T. ) ;
#5378 = ORIENTED_EDGE ( 'NONE', *, *, #1456, .F. ) ;
#5379 = CARTESIAN_POINT ( 'NONE',  ( -9.447423972536318700, 22.91587071740072900, 19.15779574263302400 ) ) ;
#5380 = CC_DESIGN_APPROVAL ( #5053, ( #4747 ) ) ;
#5381 = EDGE_CURVE ( 'NONE', #5938, #6088, #2291, .T. ) ;
#5382 = CARTESIAN_POINT ( 'NONE',  ( -14.47552752048315100, 20.71704796489966700, 22.47810345861264000 ) ) ;
#5383 = CARTESIAN_POINT ( 'NONE',  ( -12.01982630436628700, 23.18585822933472300, 23.57274169615683600 ) ) ;
#5384 = ORIENTED_EDGE ( 'NONE', *, *, #5992, .F. ) ;
#5385 = CARTESIAN_POINT ( 'NONE',  ( -80.54947750266536800, 14.97303861701270800, 23.24022340148444200 ) ) ;
#5386 = EDGE_LOOP ( 'NONE', ( #2892, #168, #4608, #2955, #5590, #5237 ) ) ;
#5387 = CARTESIAN_POINT ( 'NONE',  ( -111.2033256950381500, 22.09903160823040800, 11.16933133849048700 ) ) ;
#5388 = VECTOR ( 'NONE', #1924, 999.9999999999998900 ) ;
#5389 = ORIENTED_EDGE ( 'NONE', *, *, #3858, .T. ) ;
#5390 = VERTEX_POINT ( 'NONE', #1446 ) ;
#5391 = ORIENTED_EDGE ( 'NONE', *, *, #6202, .F. ) ;
#5392 = AXIS2_PLACEMENT_3D ( 'NONE', #1699, #5061, #2176 ) ;
#5393 = VERTEX_POINT ( 'NONE', #971 ) ;
#5394 = CARTESIAN_POINT ( 'NONE',  ( -17.32670425517183000, 23.02234071867321300, 25.47632439665585500 ) ) ;
#5395 = CARTESIAN_POINT ( 'NONE',  ( -112.5267042551718900, 15.76510034219872500, 13.28014547437968100 ) ) ;
#5396 = DIRECTION ( 'NONE',  ( -1.000000000000000000, 3.788652234618511700E-017, 3.304662259982990100E-015 ) ) ;
#5397 = DIRECTION ( 'NONE',  ( -3.478282900197969800E-015, -0.1432757502516512300, -0.9896828074640008400 ) ) ;
#5398 = CIRCLE ( 'NONE', #1876, 3.000000000000000400 ) ;
#5399 = DIRECTION ( 'NONE',  ( 2.168404344971009700E-015, 0.8344483130099414900, 0.5510862118714843200 ) ) ;
#5400 = CYLINDRICAL_SURFACE ( 'NONE', #1358, 4.799999999999998000 ) ;
#5401 = CARTESIAN_POINT ( 'NONE',  ( -105.5267042551718900, 21.35344409265355000, 11.67415197291318800 ) ) ;
#5402 = CARTESIAN_POINT ( 'NONE',  ( -10.26603595043730800, 18.85009915362350300, 22.72089333729840600 ) ) ;
#5403 = CARTESIAN_POINT ( 'NONE',  ( -107.0267042551719100, 24.60027000993203200, 14.75098841037436300 ) ) ;
#5404 = CARTESIAN_POINT ( 'NONE',  ( -17.32670425517183300, 21.35344409265333000, 24.37415197291288700 ) ) ;
#5405 = B_SPLINE_CURVE_WITH_KNOTS ( 'NONE', 3,
 ( #3661, #3198, #6107, #323, #3685, #806, #4160, #1287 ),
 .UNSPECIFIED., .F., .F.,
 ( 4, 2, 2, 4 ),
 ( 0.001150765746391743100, 0.001438537148995447600, 0.001582422850297286100, 0.001726308551599124600 ),
 .UNSPECIFIED. ) ;
#5406 = CARTESIAN_POINT ( 'NONE',  ( -15.35881040382238500, 23.18585822933472300, 23.57274169615685000 ) ) ;
#5407 = ADVANCED_FACE ( 'NONE', ( #4402, #3147 ), #3339, .T. ) ;
#5408 = CARTESIAN_POINT ( 'NONE',  ( -56.32469720412584000, -0.2001110937406118400, 20.29200911576982900 ) ) ;
#5409 = CARTESIAN_POINT ( 'NONE',  ( -12.12356623796837200, 23.85678903168315300, 26.02741060852732200 ) ) ;
#5410 = AXIS2_PLACEMENT_3D ( 'NONE', #1743, #5111, #4618 ) ;
#5411 = EDGE_CURVE ( 'NONE', #1791, #4906, #4277, .T. ) ;
#5412 = CARTESIAN_POINT ( 'NONE',  ( -111.1621350935731600, 22.91622225329440000, 13.66737451974294600 ) ) ;
#5413 = VECTOR ( 'NONE', #2172, 999.9999999999998900 ) ;
#5414 = CARTESIAN_POINT ( 'NONE',  ( -58.34546340057336500, -2.734071755775254500, 17.51879483005551900 ) ) ;
#5415 = DIRECTION ( 'NONE',  ( 0.0000000000000000000, -0.8371691043312135000, -0.5469441386040019300 ) ) ;
#5416 = VECTOR ( 'NONE', #192, 1000.000000000000000 ) ;
#5417 = CARTESIAN_POINT ( 'NONE',  ( -118.5267042551718900, 21.35344409265355000, 11.67415197291322900 ) ) ;
#5418 = DIRECTION ( 'NONE',  ( 1.000000000000000000, 2.132529265733050800E-017, -3.517630367272413100E-015 ) ) ;
#5419 = EDGE_CURVE ( 'NONE', #1454, #5706, #1154, .T. ) ;
#5420 = CIRCLE ( 'NONE', #520, 1.500000000000001300 ) ;
#5421 = DIRECTION ( 'NONE',  ( -1.920722739381899900E-015, -0.8344483130099414900, -0.5510862118714846500 ) ) ;
#5422 =( BOUNDED_CURVE ( )  B_SPLINE_CURVE ( 3, ( #5290, #3368, #978, #4332 ),
 .UNSPECIFIED., .F., .F. ) 
 B_SPLINE_CURVE_WITH_KNOTS ( ( 4, 4 ),
 ( 5.708340716563024700, 6.858029897796146900 ),
 .UNSPECIFIED. ) 
 CURVE ( )  GEOMETRIC_REPRESENTATION_ITEM ( )  RATIONAL_B_SPLINE_CURVE ( ( 1.000000000000000000, 0.8928512062104722000, 0.8928512062104722000, 1.000000000000000000 ) ) 
 REPRESENTATION_ITEM ( '' )  );
#5423 = ADVANCED_FACE ( 'NONE', ( #1869 ), #5400, .T. ) ;
#5424 = CARTESIAN_POINT ( 'NONE',  ( -15.35881040382238500, 21.37108546620147800, 22.37422977894149100 ) ) ;
#5425 = VERTEX_POINT ( 'NONE', #3394 ) ;
#5426 = CARTESIAN_POINT ( 'NONE',  ( -114.5267042551718900, 23.86495140564719000, 13.31498438872522200 ) ) ;
#5427 = AXIS2_PLACEMENT_3D ( 'NONE', #3967, #1104, #4460 ) ;
#5428 = VERTEX_POINT ( 'NONE', #521 ) ;
#5429 = CARTESIAN_POINT ( 'NONE',  ( -67.42670425517188400, -2.546555907346506100, 14.84915197291268600 ) ) ;
#5430 = CARTESIAN_POINT ( 'NONE',  ( -76.50794510977037500, 20.04095994108217100, 17.34379483005593800 ) ) ;
#5431 = CARTESIAN_POINT ( 'NONE',  ( -5.326704255171830700, 23.85678903168314200, 26.02741060852731200 ) ) ;
#5432 = CARTESIAN_POINT ( 'NONE',  ( -3.326704255171848900, 26.09815794026132400, 21.55275143600416500 ) ) ;
#5433 = ORIENTED_EDGE ( 'NONE', *, *, #785, .T. ) ;
#5434 = CARTESIAN_POINT ( 'NONE',  ( -73.58785335064119700, 21.44720201686785900, 14.57058054434165400 ) ) ;
#5435 = CARTESIAN_POINT ( 'NONE',  ( -111.4355575003491800, 18.82260193418106900, 11.22065428967284000 ) ) ;
#5436 = CARTESIAN_POINT ( 'NONE',  ( -69.98303116834159700, -2.546555907346502900, 15.07593768719841500 ) ) ;
#5437 = CARTESIAN_POINT ( 'NONE',  ( -10.92606838373320200, 23.28414607411225700, 25.07990178168751400 ) ) ;
#5438 = ORIENTED_EDGE ( 'NONE', *, *, #4068, .T. ) ;
#5439 = ADVANCED_FACE ( 'NONE', ( #1717 ), #2843, .F. ) ;
#5440 = CARTESIAN_POINT ( 'NONE',  ( -106.7265980508119600, 20.78055725931992700, 12.37501701259239100 ) ) ;
#5441 = CIRCLE ( 'NONE', #1883, 2.444444444444445100 ) ;
#5442 = CARTESIAN_POINT ( 'NONE',  ( -14.47552752048316500, 22.91167499864446100, 19.15502480677108100 ) ) ;
#5443 = ORIENTED_EDGE ( 'NONE', *, *, #3765, .T. ) ;
#5444 = CARTESIAN_POINT ( 'NONE',  ( -9.179119071773465400, 18.37739090493140300, 26.75122613794506800 ) ) ;
#5445 = DIRECTION ( 'NONE',  ( -1.000000000000000000, -5.726637133838782600E-029, 3.490263633665282600E-015 ) ) ;
#5446 = VECTOR ( 'NONE', #5613, 1000.000000000000000 ) ;
#5447 = DIRECTION ( 'NONE',  ( -1.000000000000000000, 3.885780586187476000E-016, 3.490263633665288500E-015 ) ) ;
#5448 = ORIENTED_EDGE ( 'NONE', *, *, #2807, .T. ) ;
#5449 = CARTESIAN_POINT ( 'NONE',  ( -64.87037734200220000, 19.85344409265355000, 11.90093768719874800 ) ) ;
#5450 = VERTEX_POINT ( 'NONE', #5339 ) ;
#5451 = CARTESIAN_POINT ( 'NONE',  ( -61.26555515970256500, -4.140313831560854800, 14.39558054434120900 ) ) ;
#5452 = ORIENTED_EDGE ( 'NONE', *, *, #1799, .F. ) ;
#5453 = CARTESIAN_POINT ( 'NONE',  ( -113.0267042551718900, 18.27660765519236800, 14.92097789019168800 ) ) ;
#5454 = CARTESIAN_POINT ( 'NONE',  ( -77.77706061939211700, 3.668975172031896800, 25.33308054434139900 ) ) ;
#5455 = CARTESIAN_POINT ( 'NONE',  ( -64.18564691883177900, -5.546555907346455400, 11.62236625862691500 ) ) ;
#5456 = ADVANCED_FACE ( 'NONE', ( #2972 ), #296, .F. ) ;
#5457 = EDGE_CURVE ( 'NONE', #5071, #794, #32, .T. ) ;
#5458 = CARTESIAN_POINT ( 'NONE',  ( 18.17329574482815600, 26.09815794026132400, 21.55275143600409000 ) ) ;
#5459 = CARTESIAN_POINT ( 'NONE',  ( -62.56720637705523600, 18.74429541316063600, 12.12772340148442200 ) ) ;
#5460 = EDGE_LOOP ( 'NONE', ( #2146, #4457 ) ) ;
#5461 = EDGE_CURVE ( 'NONE', #4396, #3592, #4118, .T. ) ;
#5462 = VERTEX_POINT ( 'NONE', #2455 ) ;
#5463 = DIRECTION ( 'NONE',  ( -1.000000000000000000, -2.132529265733050800E-017, 3.517630367272413100E-015 ) ) ;
#5464 = CARTESIAN_POINT ( 'NONE',  ( -107.3267658087158100, 21.92600226351703100, 10.97311221102445900 ) ) ;
#5465 = VERTEX_POINT ( 'NONE', #5357 ) ;
#5466 = CALENDAR_DATE ( 2015, 1, 7 ) ;
#5467 = FACE_OUTER_BOUND ( 'NONE', #1905, .T. ) ;
#5468 = ORIENTED_EDGE ( 'NONE', *, *, #6043, .F. ) ;
#5469 = AXIS2_PLACEMENT_3D ( 'NONE', #2789, #3758, #889 ) ;
#5470 = ORIENTED_EDGE ( 'NONE', *, *, #5951, .F. ) ;
#5471 = DIRECTION ( 'NONE',  ( 1.000000000000000000, 2.132529265733135900E-017, -3.517630367272413500E-015 ) ) ;
#5472 = ORIENTED_EDGE ( 'NONE', *, *, #4287, .T. ) ;
#5473 = CARTESIAN_POINT ( 'NONE',  ( -81.27068060815376800, 11.81324135483314000, 16.66343768719867000 ) ) ;
#5474 = VECTOR ( 'NONE', #3946, 1000.000000000000100 ) ;
#5475 = FACE_OUTER_BOUND ( 'NONE', #194, .T. ) ;
#5476 = ORIENTED_EDGE ( 'NONE', *, *, #980, .F. ) ;
#5477 = ADVANCED_FACE ( 'NONE', ( #5570 ), #3903, .T. ) ;
#5478 = CARTESIAN_POINT ( 'NONE',  ( -74.58937309823551200, -0.3282585483607498600, 18.87950911576989600 ) ) ;
#5479 = CARTESIAN_POINT ( 'NONE',  ( -67.42670425517181300, 22.85344409265330500, 27.37415197291308300 ) ) ;
#5480 = DIRECTION ( 'NONE',  ( -2.921940880075402200E-015, 0.5469441386040017100, -0.8371691043312137200 ) ) ;
#5481 = ORIENTED_EDGE ( 'NONE', *, *, #4120, .F. ) ;
#5482 = CARTESIAN_POINT ( 'NONE',  ( -56.50751163873543000, 11.14567855296409600, 22.38486625862714900 ) ) ;
#5483 = CARTESIAN_POINT ( 'NONE',  ( -67.42670425517189900, 22.85344409265359600, 8.674151972913080000 ) ) ;
#5484 = CARTESIAN_POINT ( 'NONE',  ( 21.17329574482812400, 17.76531634671058800, 22.00448126186537200 ) ) ;
#5485 = AXIS2_PLACEMENT_3D ( 'NONE', #4849, #5349, #2449 ) ;
#5486 = CARTESIAN_POINT ( 'NONE',  ( -114.9267042551719000, 21.35344409265355000, 11.67415197291322200 ) ) ;
#5487 = FACE_OUTER_BOUND ( 'NONE', #1410, .T. ) ;
#5488 = CARTESIAN_POINT ( 'NONE',  ( -106.7267042551719100, 21.84569381739715500, 10.92069977901509500 ) ) ;
#5489 = VECTOR ( 'NONE', #983, 1000.000000000000000 ) ;
#5490 = ADVANCED_FACE ( 'NONE', ( #3940, #5264, #2684, #451, #1414, #116, #5103 ), #4927, .T. ) ;
#5491 = CARTESIAN_POINT ( 'NONE',  ( -118.5267042551719100, 18.08848458576181200, 9.541069832357621300 ) ) ;
#5492 = CARTESIAN_POINT ( 'NONE',  ( -109.2788108969525400, 23.22469262901679700, 10.38688621944044900 ) ) ;
#5493 = CARTESIAN_POINT ( 'NONE',  ( -54.30393100767838600, 2.333849568294183600, 13.71522340148415300 ) ) ;
#5494 = CARTESIAN_POINT ( 'NONE',  ( -8.680842204910172600, 21.33580271910519600, 26.37407416688424500 ) ) ;
#5495 = VECTOR ( 'NONE', #5240, 1000.000000000000100 ) ;
#5496 = CARTESIAN_POINT ( 'NONE',  ( -58.67019165152993300, 15.63652987347129300, 15.93129483005579800 ) ) ;
#5497 = CARTESIAN_POINT ( 'NONE',  ( -70.66776159151199000, -5.546555907346648200, 24.42593768719836000 ) ) ;
#5498 = EDGE_CURVE ( 'NONE', #5428, #3644, #3816, .T. ) ;
#5499 = CARTESIAN_POINT ( 'NONE',  ( 19.62329574482816200, 21.35344409265333400, 24.37415197291276000 ) ) ;
#5500 = CARTESIAN_POINT ( 'NONE',  ( -78.91473312382447600, 8.653444092653435500, 19.43665197291290500 ) ) ;
#5501 = EDGE_CURVE ( 'NONE', #2582, #5425, #6241, .T. ) ;
#5502 = CARTESIAN_POINT ( 'NONE',  ( -8.680842204910186800, 21.37108546620147800, 22.37422977894146900 ) ) ;
#5503 = CARTESIAN_POINT ( 'NONE',  ( -7.011350155182137600, 20.20365378806305000, 21.60323475013802200 ) ) ;
#5504 = LINE ( 'NONE', #2439, #1489 ) ;
#5505 = CARTESIAN_POINT ( 'NONE',  ( -73.58785335064119700, -4.140313831560958700, 21.65272340148411700 ) ) ;
#5506 = CARTESIAN_POINT ( 'NONE',  ( -107.2801755472684700, 23.33003839917048000, 11.93475947729747800 ) ) ;
#5507 = CARTESIAN_POINT ( 'NONE',  ( -113.3267042551718000, 20.54732944741651600, 11.26250897581803100 ) ) ;
#5508 = VERTEX_POINT ( 'NONE', #2467 ) ;
#5509 = EDGE_LOOP ( 'NONE', ( #876, #3988, #1294, #2888 ) ) ;
#5510 =( BOUNDED_CURVE ( )  B_SPLINE_CURVE ( 3, ( #5952, #3041, #1130, #4492 ),
 .UNSPECIFIED., .F., .T. ) 
 B_SPLINE_CURVE_WITH_KNOTS ( ( 4, 4 ),
 ( 3.141592653589791800, 3.839642715490228400 ),
 .UNSPECIFIED. ) 
 CURVE ( )  GEOMETRIC_REPRESENTATION_ITEM ( )  RATIONAL_B_SPLINE_CURVE ( ( 1.000000000000000000, 0.9598043873844737100, 0.9598043873844737100, 1.000000000000000000 ) ) 
 REPRESENTATION_ITEM ( '' )  );
#5511 = AXIS2_PLACEMENT_3D ( 'NONE', #3626, #756, #4105 ) ;
#5512 = EDGE_CURVE ( 'NONE', #4240, #3590, #3674, .T. ) ;
#5513 = EDGE_CURVE ( 'NONE', #5088, #5932, #5192, .T. ) ;
#5514 = ORIENTED_EDGE ( 'NONE', *, *, #4948, .T. ) ;
#5515 = DIRECTION ( 'NONE',  ( -1.000000000000000000, -2.132529265733050800E-017, 3.517630367272413100E-015 ) ) ;
#5516 = CARTESIAN_POINT ( 'NONE',  ( -14.47552752048315100, 21.44519265233044100, 21.37555526748595400 ) ) ;
#5517 = CARTESIAN_POINT ( 'NONE',  ( -76.50794510977036100, 20.04095994108202200, 26.69379483005594300 ) ) ;
#5518 = VERTEX_POINT ( 'NONE', #4411 ) ;
#5519 = CARTESIAN_POINT ( 'NONE',  ( -77.77706061939215900, 3.668975172032091800, 12.98308054434139400 ) ) ;
#5520 = CARTESIAN_POINT ( 'NONE',  ( -61.26555515970252200, 21.44720201686774500, 21.47772340148446400 ) ) ;
#5521 = CARTESIAN_POINT ( 'NONE',  ( -12.62356623796837100, 22.77407282616015700, 25.85224874319049700 ) ) ;
#5522 = CYLINDRICAL_SURFACE ( 'NONE', #480, 4.400000000000003000 ) ;
#5523 = CARTESIAN_POINT ( 'NONE',  ( -56.50751163873545100, 6.161209632342746500, 16.48843768719849800 ) ) ;
#5524 = CARTESIAN_POINT ( 'NONE',  ( -109.4728563935440100, 19.34707879011481400, 12.79662951655417700 ) ) ;
#5525 = CARTESIAN_POINT ( 'NONE',  ( -58.34546340057334400, 20.04095994108213900, 18.70450911577015100 ) ) ;
#5526 = CARTESIAN_POINT ( 'NONE',  ( -67.42670425517185600, -2.546555907346602900, 21.19915197291268800 ) ) ;
#5527 = ADVANCED_FACE ( 'NONE', ( #2511 ), #1548, .T. ) ;
#5528 = EDGE_LOOP ( 'NONE', ( #404, #1793, #5563 ) ) ;
#5529 = CARTESIAN_POINT ( 'NONE',  ( -107.0267042551719100, 24.32679794063002300, 15.16957296253998400 ) ) ;
#5530 = CARTESIAN_POINT ( 'NONE',  ( -110.5267042551719100, 20.33144859781428300, 9.453603876045324500 ) ) ;
#5531 = VECTOR ( 'NONE', #3425, 1000.000000000000000 ) ;
#5532 = CARTESIAN_POINT ( 'NONE',  ( -118.5267042551718900, 21.35344409265355000, 11.67415197291322900 ) ) ;
#5533 = VERTEX_POINT ( 'NONE', #5917 ) ;
#5534 = ORIENTED_EDGE ( 'NONE', *, *, #70, .F. ) ;
#5535 = CARTESIAN_POINT ( 'NONE',  ( -15.59246391339233800, 19.84637738467760200, 25.91946489851737600 ) ) ;
#5536 = EDGE_LOOP ( 'NONE', ( #1509, #75 ) ) ;
#5537 = CARTESIAN_POINT ( 'NONE',  ( -7.784587090412443900, 21.21339157354336500, 27.37088107176229100 ) ) ;
#5538 = ORIENTED_EDGE ( 'NONE', *, *, #428, .T. ) ;
#5539 = CARTESIAN_POINT ( 'NONE',  ( -11.42793810542887900, 23.02234071867321300, 25.47632439665583300 ) ) ;
#5540 = CARTESIAN_POINT ( 'NONE',  ( -61.26555515970252200, -4.140313831560998600, 23.74558054434122000 ) ) ;
#5541 = EDGE_CURVE ( 'NONE', #1505, #1890, #4040, .T. ) ;
#5542 = DIRECTION ( 'NONE',  ( -1.908979236615881600E-015, -0.8371691043312136100, -0.5469441386040017100 ) ) ;
#5543 = OPEN_SHELL ( 'NONE', ( #3465, #2471, #4630, #5456, #1567, #1191, #1638 ) ) ;
#5544 = CARTESIAN_POINT ( 'NONE',  ( -56.50751163873546500, 11.14567855296429000, 10.03486625862714700 ) ) ;
#5545 = CARTESIAN_POINT ( 'NONE',  ( -76.50794510977040400, -2.734071755775259800, 18.52950911576985900 ) ) ;
#5546 = DIRECTION ( 'NONE',  ( 0.8566790672026962600, 0.2842776906271242100, -0.4304499627464584100 ) ) ;
#5547 = CARTESIAN_POINT ( 'NONE',  ( -76.18321685881376500, 15.63652987347118800, 23.46700911577014600 ) ) ;
#5548 = CARTESIAN_POINT ( 'NONE',  ( -8.051181455185568900, 23.02234071867321300, 25.47632439665582300 ) ) ;
#5549 = ORIENTED_EDGE ( 'NONE', *, *, #4563, .T. ) ;
#5550 = CARTESIAN_POINT ( 'NONE',  ( -64.87037734200217200, 19.85344409265344400, 18.25093768719874600 ) ) ;
#5551 = EDGE_CURVE ( 'NONE', #5518, #4985, #1714, .T. ) ;
#5552 = ORIENTED_EDGE ( 'NONE', *, *, #1971, .F. ) ;
#5553 = CARTESIAN_POINT ( 'NONE',  ( -108.9546832840393900, 19.54748947285331400, 12.97572805952778200 ) ) ;
#5554 = CARTESIAN_POINT ( 'NONE',  ( 19.67329574482816000, 21.35344409265333400, 24.37415197291276000 ) ) ;
#5555 = EDGE_CURVE ( 'NONE', #4923, #4362, #5565, .T. ) ;
#5556 = ORIENTED_EDGE ( 'NONE', *, *, #559, .T. ) ;
#5557 = DIRECTION ( 'NONE',  ( -2.921940880075402200E-015, 0.5469441386040017100, -0.8371691043312137200 ) ) ;
#5558 = VECTOR ( 'NONE', #4174, 1000.000000000000100 ) ;
#5559 = CIRCLE ( 'NONE', #1370, 3.899999999999988800 ) ;
#5560 = ORIENTED_EDGE ( 'NONE', *, *, #1834, .T. ) ;
#5561 = DIRECTION ( 'NONE',  ( -1.000000000000000000, -5.726637133838782600E-029, 3.490263633665282600E-015 ) ) ;
#5562 = VERTEX_POINT ( 'NONE', #3522 ) ;
#5563 = ORIENTED_EDGE ( 'NONE', *, *, #5841, .F. ) ;
#5564 = EDGE_LOOP ( 'NONE', ( #2938, #4059 ) ) ;
#5565 = LINE ( 'NONE', #2513, #4116 ) ;
#5566 = ADVANCED_FACE ( 'NONE', ( #2839 ), #151, .F. ) ;
#5567 = DIRECTION ( 'NONE',  ( -0.8677242369053606000, -0.4147591311938562100, -0.2739151543422295700 ) ) ;
#5568 = DIRECTION ( 'NONE',  ( 1.000000000000000000, 2.132529265733050800E-017, -3.517630367272413100E-015 ) ) ;
#5569 = DIRECTION ( 'NONE',  ( -0.4677980483665662400, -0.4870694936659635800, 0.7375149451261402400 ) ) ;
#5570 = FACE_OUTER_BOUND ( 'NONE', #3502, .T. ) ;
#5571 = CARTESIAN_POINT ( 'NONE',  ( -70.66776159151199000, 22.85344409265341500, 20.79736625862738100 ) ) ;
#5572 = CARTESIAN_POINT ( 'NONE',  ( -17.32670425517184000, 18.85009915362350300, 22.72089333729843100 ) ) ;
#5573 = CARTESIAN_POINT ( 'NONE',  ( -81.27068060815375400, 11.81324135483308900, 20.01343768719867100 ) ) ;
#5574 = CARTESIAN_POINT ( 'NONE',  ( -56.32469720412583300, 17.50699927904749800, 15.58129483005581800 ) ) ;
#5575 = CARTESIAN_POINT ( 'NONE',  ( -17.32670425517183300, 21.35344409265333000, 24.37415197291288700 ) ) ;
#5576 = CARTESIAN_POINT ( 'NONE',  ( -60.26403541210826400, -0.3282585483607856100, 20.51879483005555500 ) ) ;
#5577 = DIRECTION ( 'NONE',  ( -1.000000000000000000, -5.726637133838782600E-029, 3.490263633665282600E-015 ) ) ;
#5578 = MANIFOLD_SURFACE_SHAPE_REPRESENTATION ( 'QTN010326-E0W', ( #4417, #2456 ), #1187 ) ;
#5579 = CARTESIAN_POINT ( 'NONE',  ( -72.28620213328854000, -1.437407227853602300, 15.30272340148414900 ) ) ;
#5580 = CARTESIAN_POINT ( 'NONE',  ( -109.3267042551765200, 22.10689628655169200, 12.16640169765672900 ) ) ;
#5581 = AXIS2_PLACEMENT_3D ( 'NONE', #518, #3863, #997 ) ;
#5582 = CARTESIAN_POINT ( 'NONE',  ( -13.07851955382194500, 19.43627957412041200, 23.64790389570454500 ) ) ;
#5583 = CARTESIAN_POINT ( 'NONE',  ( -112.7267042551719100, 22.15999385877888600, 12.08512896092524400 ) ) ;
#5584 = DIRECTION ( 'NONE',  ( -1.613696256722612700E-015, -0.8344483130099413800, -0.5510862118714845400 ) ) ;
#5585 = FACE_OUTER_BOUND ( 'NONE', #894, .T. ) ;
#5586 = DIRECTION ( 'NONE',  ( 1.908979236615881600E-015, 0.8371691043312136100, 0.5469441386040017100 ) ) ;
#5587 = CARTESIAN_POINT ( 'NONE',  ( -106.5267042551718800, 25.74885270100043000, 12.99293329127881900 ) ) ;
#5588 = VECTOR ( 'NONE', #629, 999.9999999999998900 ) ;
#5589 = LINE ( 'NONE', #468, #4291 ) ;
#5590 = ORIENTED_EDGE ( 'NONE', *, *, #1175, .F. ) ;
#5591 = CARTESIAN_POINT ( 'NONE',  ( -67.42670425517187000, -5.546555907346548700, 17.84915197291263700 ) ) ;
#5592 = CARTESIAN_POINT ( 'NONE',  ( -8.732872839283704300, 23.85678903168315300, 26.02741060852730800 ) ) ;
#5593 = DIRECTION ( 'NONE',  ( 1.000000000000000000, 2.132529265733050800E-017, -3.517630367272413100E-015 ) ) ;
#5594 = LINE ( 'NONE', #1541, #466 ) ;
#5595 = CARTESIAN_POINT ( 'NONE',  ( -78.34589687160826100, 6.161209632342613300, 25.55986625862714600 ) ) ;
#5596 = EDGE_CURVE ( 'NONE', #5820, #3786, #2920, .T. ) ;
#5597 = DIRECTION ( 'NONE',  ( 0.0000000000000000000, -0.8371691043312137200, -0.5469441386040018200 ) ) ;
#5598 = CARTESIAN_POINT ( 'NONE',  ( -72.28620213328851200, 18.74429541316055400, 17.57058054434160300 ) ) ;
#5599 = EDGE_CURVE ( 'NONE', #5847, #1013, #2970, .T. ) ;
#5600 = DIRECTION ( 'NONE',  ( -0.8838353839626625900, -0.2577970543952086700, 0.3903532922888276500 ) ) ;
#5601 = CARTESIAN_POINT ( 'NONE',  ( -10.69408882626713700, 24.52582780268533800, 24.04166112814643700 ) ) ;
#5602 = CARTESIAN_POINT ( 'NONE',  ( -107.1670813780339800, 22.41650461921225800, 13.34222511196842700 ) ) ;
#5603 = ORIENTED_EDGE ( 'NONE', *, *, #988, .F. ) ;
#5604 = CARTESIAN_POINT ( 'NONE',  ( -60.26403541210827800, 17.63514673366772100, 12.35450911577012100 ) ) ;
#5605 = ADVANCED_FACE ( 'NONE', ( #289, #1535 ), #1411, .F. ) ;
#5606 = ORIENTED_EDGE ( 'NONE', *, *, #1431, .T. ) ;
#5607 = CARTESIAN_POINT ( 'NONE',  ( -111.5267042551718900, 24.32679804137865200, 15.16957280833112300 ) ) ;
#5608 = CARTESIAN_POINT ( 'NONE',  ( -7.011350155182123300, 18.35359827783351200, 24.40456722086545900 ) ) ;
#5609 = CARTESIAN_POINT ( 'NONE',  ( -113.1226701632621600, 22.24733002734429400, 11.78238433905109200 ) ) ;
#5610 = CARTESIAN_POINT ( 'NONE',  ( -176.5267042551717800, 21.35344409265351500, 11.67415197291335500 ) ) ;
#5611 = VERTEX_POINT ( 'NONE', #2641 ) ;
#5612 = CARTESIAN_POINT ( 'NONE',  ( 18.17329574482815600, 26.70349488117814800, 25.73413985725459000 ) ) ;
#5613 = DIRECTION ( 'NONE',  ( 1.000000000000000000, 2.132529265733050800E-017, -3.517630367272413100E-015 ) ) ;
#5614 = ORIENTED_EDGE ( 'NONE', *, *, #3319, .F. ) ;
#5615 = DIRECTION ( 'NONE',  ( -1.000000000000000000, -2.132529265733050800E-017, 3.517630367272413100E-015 ) ) ;
#5616 = LINE ( 'NONE', #5814, #3016 ) ;
#5617 = CARTESIAN_POINT ( 'NONE',  ( -64.18564691883175000, 22.85344409265350100, 14.90093768719878900 ) ) ;
#5618 = CARTESIAN_POINT ( 'NONE',  ( -55.93867538651925700, 8.653444092653368000, 22.61165197291282400 ) ) ;
#5619 = ORIENTED_EDGE ( 'NONE', *, *, #5555, .F. ) ;
#5620 =( BOUNDED_CURVE ( )  B_SPLINE_CURVE ( 3, ( #4167, #1291, #3225, #348 ),
 .UNSPECIFIED., .F., .T. ) 
 B_SPLINE_CURVE_WITH_KNOTS ( ( 4, 4 ),
 ( 3.141592653589802000, 3.808967952443258000 ),
 .UNSPECIFIED. ) 
 CURVE ( )  GEOMETRIC_REPRESENTATION_ITEM ( )  RATIONAL_B_SPLINE_CURVE ( ( 1.000000000000000000, 0.9632273044370121000, 0.9632273044370121000, 1.000000000000000000 ) ) 
 REPRESENTATION_ITEM ( '' )  );
#5621 = CARTESIAN_POINT ( 'NONE',  ( -9.447423972536290300, 21.25579294715238300, 27.37256226067909300 ) ) ;
#5622 = CARTESIAN_POINT ( 'NONE',  ( -9.608160381721337000, 22.41251048923042100, 26.13026412787545600 ) ) ;
#5623 = FACE_OUTER_BOUND ( 'NONE', #5730, .T. ) ;
#5624 = ORIENTED_EDGE ( 'NONE', *, *, #45, .T. ) ;
#5625 = VERTEX_POINT ( 'NONE', #2164 ) ;
#5626 = DIRECTION ( 'NONE',  ( -2.255923931811243000E-015, -0.8371691043312136100, -0.5469441386040017100 ) ) ;
#5627 = VERTEX_POINT ( 'NONE', #3579 ) ;
#5628 = CARTESIAN_POINT ( 'NONE',  ( -13.80682795621737400, 23.85678903168315300, 26.02741060852732600 ) ) ;
#5629 = CARTESIAN_POINT ( 'NONE',  ( -77.77706061939213100, 3.668975172031945700, 22.33308054434139200 ) ) ;
#5630 = DIRECTION ( 'NONE',  ( 1.562034541420520800E-015, 0.8371691043312136100, 0.5469441386040017100 ) ) ;
#5631 = CARTESIAN_POINT ( 'NONE',  ( -107.0754914008975000, 21.26106244613667300, 12.56939810185593700 ) ) ;
#5632 = CARTESIAN_POINT ( 'NONE',  ( 18.17329574482818400, 19.99345620831150000, 29.72420276143757100 ) ) ;
#5633 = CARTESIAN_POINT ( 'NONE',  ( -78.34589687160828900, 6.161209632342661300, 22.55986625862715300 ) ) ;
#5634 = EDGE_LOOP ( 'NONE', ( #34, #962, #2565 ) ) ;
#5635 = ORIENTED_EDGE ( 'NONE', *, *, #1056, .F. ) ;
#5636 = EDGE_CURVE ( 'NONE', #2441, #2932, #1827, .T. ) ;
#5637 = CARTESIAN_POINT ( 'NONE',  ( -9.179119071773486700, 22.37123106059848600, 20.70379996662048300 ) ) ;
#5638 = EDGE_CURVE ( 'NONE', #941, #1967, #2681, .T. ) ;
#5639 = CARTESIAN_POINT ( 'NONE',  ( -15.28959655524147000, 18.85009915362350300, 22.72089333729842400 ) ) ;
#5640 = CARTESIAN_POINT ( 'NONE',  ( -8.680842204910172600, 21.33580271910519600, 26.37407416688424500 ) ) ;
#5641 = DIRECTION ( 'NONE',  ( -2.168404344971009700E-015, -0.8344483130099414900, -0.5510862118714843200 ) ) ;
#5642 = PERSON_AND_ORGANIZATION ( #2151, #1257 ) ;
#5643 = FACE_BOUND ( 'NONE', #3102, .T. ) ;
#5644 = ORIENTED_EDGE ( 'NONE', *, *, #5763, .F. ) ;
#5645 =( BOUNDED_CURVE ( )  B_SPLINE_CURVE ( 3, ( #4754, #5245, #5749, #2833 ),
 .UNSPECIFIED., .F., .F. ) 
 B_SPLINE_CURVE_WITH_KNOTS ( ( 4, 4 ),
 ( 5.708340716563025600, 6.858029897796148700 ),
 .UNSPECIFIED. ) 
 CURVE ( )  GEOMETRIC_REPRESENTATION_ITEM ( )  RATIONAL_B_SPLINE_CURVE ( ( 1.000000000000000000, 0.8928512062104720900, 0.8928512062104720900, 1.000000000000000000 ) ) 
 REPRESENTATION_ITEM ( '' )  );
#5646 = CARTESIAN_POINT ( 'NONE',  ( -78.34589687160828900, 11.14567855296415100, 19.66343768719864800 ) ) ;
#5647 = VERTEX_POINT ( 'NONE', #2666 ) ;
#5648 = CARTESIAN_POINT ( 'NONE',  ( -13.68931835409432200, 26.62912799685876000, 25.84674532592252300 ) ) ;
#5649 = CARTESIAN_POINT ( 'NONE',  ( -9.307120157739165100, 19.32253943571333800, 24.08958597426644500 ) ) ;
#5650 = FACE_BOUND ( 'NONE', #1697, .T. ) ;
#5651 = FACE_OUTER_BOUND ( 'NONE', #3265, .T. ) ;
#5652 = ORIENTED_EDGE ( 'NONE', *, *, #2899, .T. ) ;
#5653 = CARTESIAN_POINT ( 'NONE',  ( -15.28959655524147000, 19.43659615499765200, 21.83282641992802900 ) ) ;
#5654 = AXIS2_PLACEMENT_3D ( 'NONE', #5404, #4414, #574 ) ;
#5655 = EDGE_CURVE ( 'NONE', #1441, #5090, #5398, .T. ) ;
#5656 = CARTESIAN_POINT ( 'NONE',  ( -13.68931835409433600, 21.37108546620147800, 22.37422977894149100 ) ) ;
#5657 = CARTESIAN_POINT ( 'NONE',  ( -56.50751163873543700, 11.14567855296414200, 19.38486625862714200 ) ) ;
#5658 = ORIENTED_EDGE ( 'NONE', *, *, #1046, .T. ) ;
#5659 = DIRECTION ( 'NONE',  ( 0.0000000000000000000, 0.8371691043312137200, 0.5469441386040017100 ) ) ;
#5660 = CARTESIAN_POINT ( 'NONE',  ( -107.2354701708764500, 21.15336704191311100, 12.55261968630586200 ) ) ;
#5661 = CARTESIAN_POINT ( 'NONE',  ( -55.93867538651927900, 8.653444092653416000, 19.61165197291282400 ) ) ;
#5662 = VECTOR ( 'NONE', #2544, 1000.000000000000100 ) ;
#5663 = CARTESIAN_POINT ( 'NONE',  ( -107.5267042551719100, 20.76163525593870700, 9.734655900002602300 ) ) ;
#5664 = CARTESIAN_POINT ( 'NONE',  ( -10.35033425463823600, 16.07776018844792900, 22.90155861990327700 ) ) ;
#5665 = CARTESIAN_POINT ( 'NONE',  ( -11.15997146669544400, 21.92358680612978400, 26.29116456709938600 ) ) ;
#5666 = DIRECTION ( 'NONE',  ( -2.775557561562901200E-015, -0.8344483130099419300, -0.5510862118714839900 ) ) ;
#5667 = ORIENTED_EDGE ( 'NONE', *, *, #2661, .T. ) ;
#5668 = CIRCLE ( 'NONE', #3017, 1.888888888888889500 ) ;
#5669 =( BOUNDED_CURVE ( )  B_SPLINE_CURVE ( 3, ( #4698, #5194, #5694, #2782 ),
 .UNSPECIFIED., .F., .F. ) 
 B_SPLINE_CURVE_WITH_KNOTS ( ( 4, 4 ),
 ( 5.249353225130695600, 6.283185307179579100 ),
 .UNSPECIFIED. ) 
 CURVE ( )  GEOMETRIC_REPRESENTATION_ITEM ( )  RATIONAL_B_SPLINE_CURVE ( ( 1.000000000000000000, 0.9128982722561309600, 0.9128982722561309600, 1.000000000000000000 ) ) 
 REPRESENTATION_ITEM ( '' )  );
#5670 = CARTESIAN_POINT ( 'NONE',  ( -57.07634789095163100, 3.668975172032022100, 16.71522340148417700 ) ) ;
#5671 = CARTESIAN_POINT ( 'NONE',  ( -78.34589687160828900, 6.161209632342661300, 22.55986625862715300 ) ) ;
#5672 = DIRECTION ( 'NONE',  ( -1.987703982890092100E-015, -0.8344483130099414900, -0.5510862118714843200 ) ) ;
#5673 = LINE ( 'NONE', #1368, #3073 ) ;
#5674 = AXIS2_PLACEMENT_3D ( 'NONE', #780, #4133, #1260 ) ;
#5675 = DIRECTION ( 'NONE',  ( -1.920722739381920500E-015, -0.8344483130099376000, -0.5510862118714903200 ) ) ;
#5676 =( NAMED_UNIT ( * ) PLANE_ANGLE_UNIT ( ) SI_UNIT ( $, .RADIAN. ) );
#5677 = CARTESIAN_POINT ( 'NONE',  ( -78.91473312382450400, 8.653444092653479900, 16.43665197291290200 ) ) ;
#5678 = DIRECTION ( 'NONE',  ( -1.000000000000000000, 3.885780586187476000E-016, 3.490263633665288500E-015 ) ) ;
#5679 = CARTESIAN_POINT ( 'NONE',  ( -118.5267042551717800, 21.35344409265351100, 11.67415197291316400 ) ) ;
#5680 = CONICAL_SURFACE ( 'NONE', #1376, 3.799999999999996700, 0.7853981633974452800 ) ;
#5681 = CARTESIAN_POINT ( 'NONE',  ( -78.34589687160830400, 11.14567855296419700, 16.66343768719864800 ) ) ;
#5682 = ORIENTED_EDGE ( 'NONE', *, *, #701, .F. ) ;
#5683 = AXIS2_PLACEMENT_3D ( 'NONE', #5898, #2987, #108 ) ;
#5684 = EDGE_CURVE ( 'NONE', #324, #4593, #698, .T. ) ;
#5685 = CARTESIAN_POINT ( 'NONE',  ( -14.34527545955891600, 23.38294457738333100, 24.66412411511112500 ) ) ;
#5686 = ORIENTED_EDGE ( 'NONE', *, *, #5684, .F. ) ;
#5687 = CARTESIAN_POINT ( 'NONE',  ( -7.011350155182123300, 21.33580271910519600, 26.37407416688423800 ) ) ;
#5688 = CARTESIAN_POINT ( 'NONE',  ( -81.27068060815375400, 5.493646830473719200, 22.55986625862715300 ) ) ;
#5689 = CARTESIAN_POINT ( 'NONE',  ( -108.5366966574787700, 21.35750526505286100, 9.504993940548260400 ) ) ;
#5690 = CARTESIAN_POINT ( 'NONE',  ( -112.8502038649336000, 20.84883273144257700, 10.92841556122480100 ) ) ;
#5691 = ORIENTED_EDGE ( 'NONE', *, *, #4225, .F. ) ;
#5692 = CARTESIAN_POINT ( 'NONE',  ( -74.58937309823547000, 17.63514673366755400, 23.69379483005590400 ) ) ;
#5693 = EDGE_CURVE ( 'NONE', #1469, #446, #5097, .T. ) ;
#5694 = CARTESIAN_POINT ( 'NONE',  ( -7.051881839805385100, 24.45345487941551000, 25.12394614263167700 ) ) ;
#5695 = AXIS2_PLACEMENT_3D ( 'NONE', #5768, #2854, #6240 ) ;
#5696 = EDGE_CURVE ( 'NONE', #6213, #614, #5843, .T. ) ;
#5697 = CARTESIAN_POINT ( 'NONE',  ( -55.93867538651927200, 8.653444092653416000, 19.61165197291282400 ) ) ;
#5698 = DIRECTION ( 'NONE',  ( -0.4677980483665659100, -0.4870694936659636900, 0.7375149451261404600 ) ) ;
#5699 = ORIENTED_EDGE ( 'NONE', *, *, #1046, .F. ) ;
#5700 = CARTESIAN_POINT ( 'NONE',  ( -7.784587090412458100, 21.49349661176327700, 21.37742287406341300 ) ) ;
#5701 = PERSON_AND_ORGANIZATION_ROLE ( 'creator' ) ;
#5702 = CARTESIAN_POINT ( 'NONE',  ( -56.50751163873545800, 6.161209632342790100, 13.48843768719849800 ) ) ;
#5703 = CIRCLE ( 'NONE', #5427, 3.900000000000004800 ) ;
#5704 = DIRECTION ( 'NONE',  ( 1.000000000000000000, 1.329951891848760100E-017, -3.165055512925889300E-015 ) ) ;
#5705 = CARTESIAN_POINT ( 'NONE',  ( -107.3074062638376200, 21.67334209637987300, 10.82881402781081300 ) ) ;
#5706 = VERTEX_POINT ( 'NONE', #4145 ) ;
#5707 = AXIS2_PLACEMENT_3D ( 'NONE', #3795, #926, #4282 ) ;
#5708 = VECTOR ( 'NONE', #2875, 1000.000000000000100 ) ;
#5709 = CARTESIAN_POINT ( 'NONE',  ( -10.35033425463822400, 19.52102995597194400, 25.17556224966891800 ) ) ;
#5710 = CARTESIAN_POINT ( 'NONE',  ( -13.80682795621738500, 18.85009915362350300, 22.72089333729841700 ) ) ;
#5711 = DIRECTION ( 'NONE',  ( 0.0000000000000000000, 1.000000000000000000, 1.619075244245018500E-014 ) ) ;
#5712 = CARTESIAN_POINT ( 'NONE',  ( -52.86152479670160200, 8.653444092653417700, 19.61165197291281000 ) ) ;
#5713 = EDGE_LOOP ( 'NONE', ( #4378, #4763, #2227, #2942 ) ) ;
#5714 = EDGE_LOOP ( 'NONE', ( #1749, #5470 ) ) ;
#5715 =( BOUNDED_CURVE ( )  B_SPLINE_CURVE ( 3, ( #5326, #1946, #2430, #5826 ),
 .UNSPECIFIED., .F., .T. ) 
 B_SPLINE_CURVE_WITH_KNOTS ( ( 4, 4 ),
 ( 5.306192961836806900, 7.260177652522365600 ),
 .UNSPECIFIED. ) 
 CURVE ( )  GEOMETRIC_REPRESENTATION_ITEM ( )  RATIONAL_B_SPLINE_CURVE ( ( 1.000000000000000000, 0.7063452485847598900, 0.7063452485847598900, 1.000000000000000000 ) ) 
 REPRESENTATION_ITEM ( '' )  );
#5716 = VERTEX_POINT ( 'NONE', #4168 ) ;
#5717 = CARTESIAN_POINT ( 'NONE',  ( -107.5267042551719100, 20.76163525593870700, 9.734655900002602300 ) ) ;
#5718 = EDGE_LOOP ( 'NONE', ( #711, #563, #3794, #3556 ) ) ;
#5719 = AXIS2_PLACEMENT_3D ( 'NONE', #3143, #4124, #1249 ) ;
#5720 = ORIENTED_EDGE ( 'NONE', *, *, #4085, .T. ) ;
#5721 = CARTESIAN_POINT ( 'NONE',  ( -78.34589687160830400, 11.14567855296419700, 16.66343768719864800 ) ) ;
#5722 = DIRECTION ( 'NONE',  ( 1.000000000000000000, 5.726637133838782600E-029, -3.490263633665282600E-015 ) ) ;
#5723 = ORIENTED_EDGE ( 'NONE', *, *, #3563, .T. ) ;
#5724 = CARTESIAN_POINT ( 'NONE',  ( -76.18321685881376500, 15.63652987347123400, 20.46700911577013900 ) ) ;
#5725 = CARTESIAN_POINT ( 'NONE',  ( 19.62329574482815200, 17.34809219020561200, 21.72893815592963700 ) ) ;
#5726 = ORIENTED_EDGE ( 'NONE', *, *, #6043, .T. ) ;
#5727 = ORIENTED_EDGE ( 'NONE', *, *, #2451, .F. ) ;
#5728 = LINE ( 'NONE', #2742, #436 ) ;
#5729 = VECTOR ( 'NONE', #3323, 1000.000000000000000 ) ;
#5730 = EDGE_LOOP ( 'NONE', ( #1708, #5828, #1533, #2819, #3180, #4329, #2878, #1059, #5726, #5079, #1679, #1256, #6231, #2123 ) ) ;
#5731 = DIRECTION ( 'NONE',  ( 2.775557561562901200E-015, 0.8344483130099419300, 0.5510862118714839900 ) ) ;
#5732 = CARTESIAN_POINT ( 'NONE',  ( -81.27068060815376800, 11.81324135483314000, 16.66343768719867000 ) ) ;
#5733 =( BOUNDED_CURVE ( )  B_SPLINE_CURVE ( 3, ( #3463, #2983, #3489, #607 ),
 .UNSPECIFIED., .F., .T. ) 
 B_SPLINE_CURVE_WITH_KNOTS ( ( 4, 4 ),
 ( 2.445408345048881900, 3.141592653589793100 ),
 .UNSPECIFIED. ) 
 CURVE ( )  GEOMETRIC_REPRESENTATION_ITEM ( )  RATIONAL_B_SPLINE_CURVE ( ( 1.000000000000000000, 0.9600167993125837700, 0.9600167993125837700, 1.000000000000000000 ) ) 
 REPRESENTATION_ITEM ( '' )  );
#5734 = EDGE_CURVE ( 'NONE', #3644, #5348, #4720, .T. ) ;
#5735 = ORIENTED_EDGE ( 'NONE', *, *, #5366, .F. ) ;
#5736 = VERTEX_POINT ( 'NONE', #813 ) ;
#5737 = EDGE_CURVE ( 'NONE', #3049, #764, #3593, .T. ) ;
#5738 = CARTESIAN_POINT ( 'NONE',  ( -106.7247117227103800, 20.40761158500582800, 10.00307023186105000 ) ) ;
#5739 = VECTOR ( 'NONE', #511, 1000.000000000000000 ) ;
#5740 = CARTESIAN_POINT ( 'NONE',  ( -57.07634789095165200, 3.668975172032066900, 13.71522340148417700 ) ) ;
#5741 = CARTESIAN_POINT ( 'NONE',  ( -110.8843526712928900, 18.93820765878990600, 11.05181702009132000 ) ) ;
#5742 = CC_DESIGN_PERSON_AND_ORGANIZATION_ASSIGNMENT ( #5642, #401, ( #4747 ) ) ;
#5743 = EDGE_CURVE ( 'NONE', #6148, #2462, #2453, .T. ) ;
#5744 = CARTESIAN_POINT ( 'NONE',  ( -60.26403541210826400, -0.3282585483607392000, 17.51879483005556500 ) ) ;
#5745 = VECTOR ( 'NONE', #2855, 1000.000000000000000 ) ;
#5746 = DIRECTION ( 'NONE',  ( -1.000000000000000000, 2.904513797291094700E-016, 3.680023001122137700E-015 ) ) ;
#5747 = CARTESIAN_POINT ( 'NONE',  ( -109.5267042551718900, 19.22368941498394800, 12.55717600016134700 ) ) ;
#5748 = VECTOR ( 'NONE', #250, 1000.000000000000000 ) ;
#5749 = CARTESIAN_POINT ( 'NONE',  ( -10.08451259455790000, 22.86051080062907200, 22.82883904730838200 ) ) ;
#5750 = PLANE ( 'NONE',  #3303 ) ;
#5751 = CARTESIAN_POINT ( 'NONE',  ( -54.30393100767837200, 2.333849568294183600, 13.71522340148415300 ) ) ;
#5752 = VECTOR ( 'NONE', #850, 999.9999999999998900 ) ;
#5753 = ORIENTED_EDGE ( 'NONE', *, *, #1483, .T. ) ;
#5754 = CARTESIAN_POINT ( 'NONE',  ( -8.680842204910172600, 26.62912799685876000, 25.84674532592250900 ) ) ;
#5755 = CARTESIAN_POINT ( 'NONE',  ( -15.28959655524145200, 23.85678903168315300, 26.02741060852733300 ) ) ;
#5756 = PLANE ( 'NONE',  #4385 ) ;
#5757 = FACE_OUTER_BOUND ( 'NONE', #774, .T. ) ;
#5758 = CARTESIAN_POINT ( 'NONE',  ( -72.28620213328852600, 18.74429541316060400, 14.57058054434160800 ) ) ;
#5759 = EDGE_LOOP ( 'NONE', ( #4018, #1342, #2371 ) ) ;
#5760 = ORIENTED_EDGE ( 'NONE', *, *, #2054, .F. ) ;
#5761 = CARTESIAN_POINT ( 'NONE',  ( -109.4728563935440200, 21.57540935119091700, 9.385879920203539200 ) ) ;
#5762 = AXIS2_PLACEMENT_3D ( 'NONE', #3657, #4138, #1265 ) ;
#5763 = EDGE_CURVE ( 'NONE', #3216, #1003, #1369, .T. ) ;
#5764 = VERTEX_POINT ( 'NONE', #5755 ) ;
#5765 = CARTESIAN_POINT ( 'NONE',  ( -14.18759522095764700, 22.37123106059849300, 20.70379996662051200 ) ) ;
#5766 = PLANE ( 'NONE',  #4588 ) ;
#5767 = ORIENTED_EDGE ( 'NONE', *, *, #6198, .F. ) ;
#5768 = CARTESIAN_POINT ( 'NONE',  ( -5.326704255171836900, 21.35344409265333000, 24.37415197291284500 ) ) ;
#5769 = EDGE_CURVE ( 'NONE', #5450, #4995, #240, .T. ) ;
#5770 = FACE_OUTER_BOUND ( 'NONE', #2651, .T. ) ;
#5771 = ORIENTED_EDGE ( 'NONE', *, *, #1559, .T. ) ;
#5772 = CARTESIAN_POINT ( 'NONE',  ( -64.87037734200221500, -2.546555907346453200, 11.62236625862696500 ) ) ;
#5773 = CARTESIAN_POINT ( 'NONE',  ( -112.5267042551718900, 19.07448375308524600, 10.18524848449120400 ) ) ;
#5774 = LINE ( 'NONE', #6189, #4448 ) ;
#5775 = CARTESIAN_POINT ( 'NONE',  ( -10.42606838373319900, 23.85678903168315300, 26.02741060852731500 ) ) ;
#5776 = DIRECTION ( 'NONE',  ( 1.920722739381899900E-015, 0.8344483130099413800, 0.5510862118714846500 ) ) ;
#5777 = AXIS2_PLACEMENT_3D ( 'NONE', #3948, #2496, #4921 ) ;
#5778 = ORIENTED_EDGE ( 'NONE', *, *, #1711, .F. ) ;
#5779 = ORIENTED_EDGE ( 'NONE', *, *, #1275, .F. ) ;
#5780 = CARTESIAN_POINT ( 'NONE',  ( -112.8505786450436400, 20.46777619778899600, 11.51187237181463600 ) ) ;
#5781 = CARTESIAN_POINT ( 'NONE',  ( -113.5267042551718900, 18.95821026637257500, 10.10928402079620600 ) ) ;
#5782 = ORIENTED_EDGE ( 'NONE', *, *, #2475, .F. ) ;
#5783 = CARTESIAN_POINT ( 'NONE',  ( -111.3078840893098700, 20.70839333830954100, 12.30737237158876200 ) ) ;
#5784 = ORIENTED_EDGE ( 'NONE', *, *, #2864, .T. ) ;
#5785 = CARTESIAN_POINT ( 'NONE',  ( -109.0765538240730000, 20.87449524411026400, 13.86546631960405800 ) ) ;
#5786 = CARTESIAN_POINT ( 'NONE',  ( -109.0267042551718400, 19.54163065525969100, 12.98469574147401500 ) ) ;
#5787 = CARTESIAN_POINT ( 'NONE',  ( -112.5267042551719200, 23.74992051771147700, 10.38287563869884300 ) ) ;
#5788 = COORDINATED_UNIVERSAL_TIME_OFFSET ( 5, 0, .BEHIND. ) ;
#5789 = CONICAL_SURFACE ( 'NONE', #1538, 4.799999999999998000, 0.7853981633974657100 ) ;
#5790 = ORIENTED_EDGE ( 'NONE', *, *, #4832, .T. ) ;
#5791 = ORIENTED_EDGE ( 'NONE', *, *, #2709, .F. ) ;
#5792 = CARTESIAN_POINT ( 'NONE',  ( -67.42670425517189900, 19.85344409265359600, 8.674151972913033900 ) ) ;
#5793 = CARTESIAN_POINT ( 'NONE',  ( -9.447423972536318700, 22.91587071740072900, 19.15779574263302400 ) ) ;
#5794 = CARTESIAN_POINT ( 'NONE',  ( -13.68931835409433600, 16.07776018844792900, 22.90155861990329100 ) ) ;
#5795 = FACE_OUTER_BOUND ( 'NONE', #1785, .T. ) ;
#5796 = ORIENTED_EDGE ( 'NONE', *, *, #2286, .T. ) ;
#5797 =( BOUNDED_CURVE ( )  B_SPLINE_CURVE ( 3, ( #6017, #3106, #3598, #719 ),
 .UNSPECIFIED., .F., .T. ) 
 B_SPLINE_CURVE_WITH_KNOTS ( ( 4, 4 ),
 ( 2.107760571540902900, 3.141592653589792200 ),
 .UNSPECIFIED. ) 
 CURVE ( )  GEOMETRIC_REPRESENTATION_ITEM ( )  RATIONAL_B_SPLINE_CURVE ( ( 1.000000000000000000, 0.9128982722561300700, 0.9128982722561300700, 1.000000000000000000 ) ) 
 REPRESENTATION_ITEM ( '' )  );
#5798 = VERTEX_POINT ( 'NONE', #2394 ) ;
#5799 = CARTESIAN_POINT ( 'NONE',  ( -112.7643800439064800, 22.05615388219135300, 9.009853076462640300 ) ) ;
#5800 = EDGE_CURVE ( 'NONE', #4837, #2320, #6238, .T. ) ;
#5801 = EDGE_CURVE ( 'NONE', #3791, #1261, #3670, .T. ) ;
#5802 = FACE_BOUND ( 'NONE', #2214, .T. ) ;
#5803 = CARTESIAN_POINT ( 'NONE',  ( -7.011350155182137600, 20.20365378806305000, 21.60323475013802200 ) ) ;
#5804 = CARTESIAN_POINT ( 'NONE',  ( -108.9781657607801000, 20.90921965467104100, 10.89142299765658700 ) ) ;
#5805 = CARTESIAN_POINT ( 'NONE',  ( -8.914495714480144900, 19.84637738467760200, 25.91946489851735800 ) ) ;
#5806 = CARTESIAN_POINT ( 'NONE',  ( -109.5267042551718900, 20.03466277428792000, 16.06956058126007700 ) ) ;
#5807 = ORIENTED_EDGE ( 'NONE', *, *, #3203, .T. ) ;
#5808 = AXIS2_PLACEMENT_3D ( 'NONE', #2347, #5746, #2827 ) ;
#5809 = CARTESIAN_POINT ( 'NONE',  ( -73.58785335064119700, -4.140313831560909800, 18.65272340148410600 ) ) ;
#5810 =( BOUNDED_CURVE ( )  B_SPLINE_CURVE ( 3, ( #3793, #922, #4281, #1401 ),
 .UNSPECIFIED., .F., .T. ) 
 B_SPLINE_CURVE_WITH_KNOTS ( ( 4, 4 ),
 ( 5.585135245279151000, 6.283185307179587100 ),
 .UNSPECIFIED. ) 
 CURVE ( )  GEOMETRIC_REPRESENTATION_ITEM ( )  RATIONAL_B_SPLINE_CURVE ( ( 1.000000000000000000, 0.9598043873844737100, 0.9598043873844737100, 1.000000000000000000 ) ) 
 REPRESENTATION_ITEM ( '' )  );
#5811 = FACE_OUTER_BOUND ( 'NONE', #5386, .T. ) ;
#5812 = CARTESIAN_POINT ( 'NONE',  ( -10.35033425463822400, 19.52102995597194400, 25.17556224966891800 ) ) ;
#5813 = LINE ( 'NONE', #361, #3235 ) ;
#5814 = CARTESIAN_POINT ( 'NONE',  ( -12.83560330372821700, 22.91167499864446500, 19.15502480677108100 ) ) ;
#5815 = CYLINDRICAL_SURFACE ( 'NONE', #1993, 1.500000000000001300 ) ;
#5816 = CARTESIAN_POINT ( 'NONE',  ( -10.92606838373320600, 19.68454746663344300, 23.27197954916989500 ) ) ;
#5817 = CARTESIAN_POINT ( 'NONE',  ( -118.5267042551717800, 21.35344409265351100, 11.67415197291316400 ) ) ;
#5818 = AXIS2_PLACEMENT_3D ( 'NONE', #5867, #2951, #66 ) ;
#5819 = ORIENTED_EDGE ( 'NONE', *, *, #3060, .T. ) ;
#5820 = VERTEX_POINT ( 'NONE', #5786 ) ;
#5821 = CARTESIAN_POINT ( 'NONE',  ( -4.080990041193007100, 21.35344409265333000, 24.37415197291284500 ) ) ;
#5822 = CARTESIAN_POINT ( 'NONE',  ( -108.5267042551718900, 23.38980043519773500, 10.93408623892429300 ) ) ;
#5823 = DIRECTION ( 'NONE',  ( -1.000000000000000000, 3.788652234618511700E-017, 3.304662259982990100E-015 ) ) ;
#5824 = ORIENTED_EDGE ( 'NONE', *, *, #1721, .F. ) ;
#5825 =( BOUNDED_CURVE ( )  B_SPLINE_CURVE ( 3, ( #4293, #2844, #4780, #1894 ),
 .UNSPECIFIED., .F., .F. ) 
 B_SPLINE_CURVE_WITH_KNOTS ( ( 4, 4 ),
 ( 2.566748062973231500, 3.716437244206351100 ),
 .UNSPECIFIED. ) 
 CURVE ( )  GEOMETRIC_REPRESENTATION_ITEM ( )  RATIONAL_B_SPLINE_CURVE ( ( 1.000000000000000000, 0.8928512062104726500, 0.8928512062104726500, 1.000000000000000000 ) ) 
 REPRESENTATION_ITEM ( '' )  );
#5826 = CARTESIAN_POINT ( 'NONE',  ( -13.68931835409432200, 24.35328990747315100, 24.34373672496028400 ) ) ;
#5827 = CARTESIAN_POINT ( 'NONE',  ( -58.34546340057335800, 20.04095994108218200, 15.70450911577015600 ) ) ;
#5828 = ORIENTED_EDGE ( 'NONE', *, *, #4129, .T. ) ;
#5829 = EDGE_CURVE ( 'NONE', #5562, #2441, #2381, .T. ) ;
#5830 = CARTESIAN_POINT ( 'NONE',  ( -13.73678226938131900, 21.10800451825128100, 30.46027256527851500 ) ) ;
#5831 = FACE_OUTER_BOUND ( 'NONE', #5860, .T. ) ;
#5832 = CARTESIAN_POINT ( 'NONE',  ( -7.319419955451166100, 18.18121685602659800, 24.70465542855253500 ) ) ;
#5833 = AXIS2_PLACEMENT_3D ( 'NONE', #4449, #4936, #1093 ) ;
#5834 = EDGE_CURVE ( 'NONE', #1847, #4706, #6100, .T. ) ;
#5835 = DIRECTION ( 'NONE',  ( 0.0000000000000000000, 0.5469441386040012600, -0.8371691043312140500 ) ) ;
#5836 = CARTESIAN_POINT ( 'NONE',  ( -9.447423972536318700, 22.91587071740072900, 19.15779574263302400 ) ) ;
#5837 = ORIENTED_EDGE ( 'NONE', *, *, #531, .T. ) ;
#5838 = DIRECTION ( 'NONE',  ( -1.000000000000000000, 3.788652234618511700E-017, 3.304662259982990100E-015 ) ) ;
#5839 = EDGE_LOOP ( 'NONE', ( #2017, #900 ) ) ;
#5840 = EDGE_CURVE ( 'NONE', #5258, #29, #5361, .T. ) ;
#5841 = EDGE_CURVE ( 'NONE', #2435, #2427, #961, .T. ) ;
#5842 = ORIENTED_EDGE ( 'NONE', *, *, #3284, .T. ) ;
#5843 =( BOUNDED_CURVE ( )  B_SPLINE_CURVE ( 3, ( #1277, #4628, #2713, #6112 ),
 .UNSPECIFIED., .F., .F. ) 
 B_SPLINE_CURVE_WITH_KNOTS ( ( 4, 4 ),
 ( 0.0000000000000000000, 1.017718557664820200 ),
 .UNSPECIFIED. ) 
 CURVE ( )  GEOMETRIC_REPRESENTATION_ITEM ( )  RATIONAL_B_SPLINE_CURVE ( ( 1.000000000000000000, 0.9155338758779852900, 0.9155338758779852900, 1.000000000000000000 ) ) 
 REPRESENTATION_ITEM ( '' )  );
#5844 = CARTESIAN_POINT ( 'NONE',  ( -110.8722400167053300, 23.76848107503854000, 12.29055942099475400 ) ) ;
#5845 = VERTEX_POINT ( 'NONE', #5822 ) ;
#5846 = CARTESIAN_POINT ( 'NONE',  ( -78.52871130621791500, -0.2001110937404817200, 12.75629483005561800 ) ) ;
#5847 = VERTEX_POINT ( 'NONE', #3395 ) ;
#5848 = DIRECTION ( 'NONE',  ( -1.000000000000000000, -5.726637133838782600E-029, 3.490263633665282600E-015 ) ) ;
#5849 = DIRECTION ( 'NONE',  ( 0.0000000000000000000, -1.000000000000000000, -1.503427012513231400E-014 ) ) ;
#5850 = ORIENTED_EDGE ( 'NONE', *, *, #342, .F. ) ;
#5851 = CARTESIAN_POINT ( 'NONE',  ( -176.5267042551717500, 23.24674360915803800, 16.83800876225247800 ) ) ;
#5852 = CARTESIAN_POINT ( 'NONE',  ( -116.0267042551718900, 21.35344409265355000, 11.67415197291322200 ) ) ;
#5853 = PLANE ( 'NONE',  #3709 ) ;
#5854 = VERTEX_POINT ( 'NONE', #3871 ) ;
#5855 = ORIENTED_EDGE ( 'NONE', *, *, #6128, .T. ) ;
#5856 = CARTESIAN_POINT ( 'NONE',  ( -106.5267042551718800, 24.32679794063002300, 15.16957296253998400 ) ) ;
#5857 = CONICAL_SURFACE ( 'NONE', #4521, 1.549999999999995600, 0.7853981633974447300 ) ;
#5858 = FACE_OUTER_BOUND ( 'NONE', #3097, .T. ) ;
#5859 = EDGE_LOOP ( 'NONE', ( #1913, #5888 ) ) ;
#5860 = EDGE_LOOP ( 'NONE', ( #2966, #4897, #868 ) ) ;
#5861 = DIRECTION ( 'NONE',  ( -1.000000000000000000, -5.857292221266013800E-029, 3.490263633665282200E-015 ) ) ;
#5862 = CARTESIAN_POINT ( 'NONE',  ( -107.1670813780339800, 19.39883774136716400, 11.37070561542019000 ) ) ;
#5863 = CARTESIAN_POINT ( 'NONE',  ( -54.30393100767836500, 14.97303861701290000, 9.808080544341487800 ) ) ;
#5864 = ORIENTED_EDGE ( 'NONE', *, *, #5222, .T. ) ;
#5865 = VECTOR ( 'NONE', #877, 1000.000000000000100 ) ;
#5866 = EDGE_CURVE ( 'NONE', #2540, #1863, #5936, .T. ) ;
#5867 = CARTESIAN_POINT ( 'NONE',  ( -176.5267042551717800, 21.35344409265351500, 11.67415197291335500 ) ) ;
#5868 = CARTESIAN_POINT ( 'NONE',  ( -8.623996989166146300, 23.85678903168315300, 26.02741060852730800 ) ) ;
#5869 = CARTESIAN_POINT ( 'NONE',  ( -10.26603595043729600, 23.26905213889875100, 26.91735495500648800 ) ) ;
#5870 = CONICAL_SURFACE ( 'NONE', #1833, 3.900000000000004800, 0.7853981633974460600 ) ;
#5871 = PLANE ( 'NONE',  #3238 ) ;
#5872 = CARTESIAN_POINT ( 'NONE',  ( -110.7458463489076300, 20.70820934117289300, 12.30708811423101800 ) ) ;
#5873 = CARTESIAN_POINT ( 'NONE',  ( -112.9311666817078600, 21.81142946759662100, 12.44939537049555500 ) ) ;
#5874 = CARTESIAN_POINT ( 'NONE',  ( -14.63409524682567000, 22.41693126225071000, 26.12685020731380800 ) ) ;
#5875 = EDGE_CURVE ( 'NONE', #5647, #4353, #4255, .T. ) ;
#5876 = PLANE ( 'NONE',  #1495 ) ;
#5877 = EDGE_CURVE ( 'NONE', #614, #3925, #3128, .T. ) ;
#5878 = CIRCLE ( 'NONE', #1213, 4.799999999999999800 ) ;
#5879 = DIRECTION ( 'NONE',  ( -3.558407130208845300E-015, -0.8371691043312137200, -0.5469441386040016000 ) ) ;
#5880 = CARTESIAN_POINT ( 'NONE',  ( -13.68931835409433600, 21.37108546620147800, 22.37422977894149100 ) ) ;
#5881 =( BOUNDED_CURVE ( )  B_SPLINE_CURVE ( 3, ( #2319, #4715, #1353, #5709 ),
 .UNSPECIFIED., .F., .T. ) 
 B_SPLINE_CURVE_WITH_KNOTS ( ( 4, 4 ),
 ( 5.708340716563023800, 6.858029897796144200 ),
 .UNSPECIFIED. ) 
 CURVE ( )  GEOMETRIC_REPRESENTATION_ITEM ( )  RATIONAL_B_SPLINE_CURVE ( ( 1.000000000000000000, 0.8928512062104726500, 0.8928512062104726500, 1.000000000000000000 ) ) 
 REPRESENTATION_ITEM ( '' )  );
#5882 = LINE ( 'NONE', #5137, #3309 ) ;
#5883 = ORIENTED_EDGE ( 'NONE', *, *, #949, .F. ) ;
#5884 = AXIS2_PLACEMENT_3D ( 'NONE', #4227, #5704, #2788 ) ;
#5885 = CARTESIAN_POINT ( 'NONE',  ( -81.99188371364213900, 8.653444092653384000, 22.78665197291291700 ) ) ;
#5886 = CARTESIAN_POINT ( 'NONE',  ( -111.0761499157032000, 22.13608696198452500, 11.22977581563528400 ) ) ;
#5887 = CARTESIAN_POINT ( 'NONE',  ( -113.4689962031934600, 19.01801472170716800, 13.31427085324416200 ) ) ;
#5888 = ORIENTED_EDGE ( 'NONE', *, *, #2005, .F. ) ;
#5889 = DIRECTION ( 'NONE',  ( -1.000000000000000000, -2.132529265733050800E-017, 3.517630367272413100E-015 ) ) ;
#5890 = CARTESIAN_POINT ( 'NONE',  ( -7.011350155182123300, 22.50323439724362700, 27.14506919568768200 ) ) ;
#5891 = CARTESIAN_POINT ( 'NONE',  ( 20.67329574482813100, 21.35344409265333400, 24.37415197291275200 ) ) ;
#5892 = ORIENTED_EDGE ( 'NONE', *, *, #4862, .T. ) ;
#5893 = ADVANCED_FACE ( 'NONE', ( #4476 ), #5358, .T. ) ;
#5894 = AXIS2_PLACEMENT_3D ( 'NONE', #4817, #1937, #5316 ) ;
#5895 = VERTEX_POINT ( 'NONE', #3435 ) ;
#5896 = DIRECTION ( 'NONE',  ( 0.0000000000000000000, -0.8371691043312135000, -0.5469441386040021500 ) ) ;
#5897 = B_SPLINE_CURVE_WITH_KNOTS ( 'NONE', 3,
 ( #6159, #2290, #383, #3740, #867, #4229, #1349, #4712, #1826, #5207, #2314, #5705, #2791, #6184 ),
 .UNSPECIFIED., .F., .F.,
 ( 4, 2, 2, 2, 2, 2, 4 ),
 ( 0.0000000000000000000, 0.0002875838886299083700, 0.0004313758329448484700, 0.0005751677772597886700, 0.0007189597215747287100, 0.0008627516658896688500, 0.001150335554519557800 ),
 .UNSPECIFIED. ) ;
#5898 = CARTESIAN_POINT ( 'NONE',  ( -67.42670425517188400, 21.35344409265355000, 11.67415197291305700 ) ) ;
#5899 = CARTESIAN_POINT ( 'NONE',  ( -6.122843228080370200, 15.26460154110753300, 24.13283395734697100 ) ) ;
#5900 = CARTESIAN_POINT ( 'NONE',  ( 21.17329574482813100, 21.35344409265333400, 24.37415197291275200 ) ) ;
#5901 = CARTESIAN_POINT ( 'NONE',  ( -5.840134972317382100, 24.32949728037526400, 21.99707780788065400 ) ) ;
#5902 = ORIENTED_EDGE ( 'NONE', *, *, #4256, .F. ) ;
#5903 = CARTESIAN_POINT ( 'NONE',  ( -53.58272790218996600, 5.493646830473746700, 19.83843768719847800 ) ) ;
#5904 = CARTESIAN_POINT ( 'NONE',  ( -111.3439592196522800, 22.85936545753308000, 13.74243065960658300 ) ) ;
#5905 = CARTESIAN_POINT ( 'NONE',  ( -54.30393100767835800, 2.333849568294127200, 17.06522340148415400 ) ) ;
#5906 = ADVANCED_FACE ( 'NONE', ( #5795 ), #3412, .F. ) ;
#5907 = EDGE_CURVE ( 'NONE', #4328, #6242, #1989, .T. ) ;
#5908 = ORIENTED_EDGE ( 'NONE', *, *, #2564, .T. ) ;
#5909 = DIRECTION ( 'NONE',  ( 0.7071067811865503500, 0.5919679506724683200, 0.3867479093371212800 ) ) ;
#5910 = CARTESIAN_POINT ( 'NONE',  ( -108.5267042551718900, 23.16731048537118200, 12.85919760655519900 ) ) ;
#5911 = AXIS2_PLACEMENT_3D ( 'NONE', #230, #717, #4062 ) ;
#5912 = EDGE_CURVE ( 'NONE', #3136, #3491, #1925, .T. ) ;
#5913 = CARTESIAN_POINT ( 'NONE',  ( -7.784587090412429700, 19.76072012270463000, 29.57049923566719900 ) ) ;
#5914 = CARTESIAN_POINT ( 'NONE',  ( -11.00730128425495900, 23.39459697597689600, 24.61784817865841300 ) ) ;
#5915 = ORIENTED_EDGE ( 'NONE', *, *, #4386, .F. ) ;
#5916 = ORIENTED_EDGE ( 'NONE', *, *, #2568, .T. ) ;
#5917 = CARTESIAN_POINT ( 'NONE',  ( -110.5267042551718900, 18.90939403894113400, 11.63024323888874700 ) ) ;
#5918 = AXIS2_PLACEMENT_3D ( 'NONE', #2679, #298, #3653 ) ;
#5919 = CARTESIAN_POINT ( 'NONE',  ( -109.0754657327992900, 20.45819796371080900, 11.58177032639629000 ) ) ;
#5920 = PLANE ( 'NONE',  #659 ) ;
#5921 = VERTEX_POINT ( 'NONE', #5382 ) ;
#5922 = ORIENTED_EDGE ( 'NONE', *, *, #1756, .T. ) ;
#5923 = CARTESIAN_POINT ( 'NONE',  ( -116.0267042551718900, 21.35344409265355000, 11.67415197291322200 ) ) ;
#5924 = ADVANCED_FACE ( 'NONE', ( #5650, #3218, #643, #4333, #3050, #1789, #508 ), #365, .F. ) ;
#5925 = CARTESIAN_POINT ( 'NONE',  ( -62.56720637705523600, -1.437407227853595200, 14.39558054434125700 ) ) ;
#5926 = CARTESIAN_POINT ( 'NONE',  ( -80.54947750266539700, 14.97303861701280400, 16.89022340148444100 ) ) ;
#5927 = CARTESIAN_POINT ( 'NONE',  ( -105.5267042551718900, 21.35344409265355000, 11.67415197291318800 ) ) ;
#5928 = LOCAL_TIME ( 17, 0, 12.00000000000000000, #954 ) ;
#5929 = LINE ( 'NONE', #828, #2056 ) ;
#5930 = ORIENTED_EDGE ( 'NONE', *, *, #3327, .T. ) ;
#5931 = CARTESIAN_POINT ( 'NONE',  ( -78.52871130621788600, 17.50699927904753400, 14.11700911577017700 ) ) ;
#5932 = VERTEX_POINT ( 'NONE', #2989 ) ;
#5933 = CARTESIAN_POINT ( 'NONE',  ( -111.5162403657288900, 18.78476715766050400, 11.40557890808313600 ) ) ;
#5934 = CARTESIAN_POINT ( 'NONE',  ( -64.87037734200220000, -2.546555907346498900, 14.62236625862697000 ) ) ;
#5935 = CARTESIAN_POINT ( 'NONE',  ( -67.42670425517182800, 19.85344409265335100, 24.37415197291304000 ) ) ;
#5936 = LINE ( 'NONE', #1001, #2063 ) ;
#5937 = EDGE_LOOP ( 'NONE', ( #4202, #2968, #859, #496 ) ) ;
#5938 = VERTEX_POINT ( 'NONE', #110 ) ;
#5939 = CARTESIAN_POINT ( 'NONE',  ( -106.7457208360478200, 21.03307911343409500, 12.51936113304376800 ) ) ;
#5940 = ORIENTED_EDGE ( 'NONE', *, *, #831, .T. ) ;
#5941 = ADVANCED_FACE ( 'NONE', ( #2896 ), #593, .F. ) ;
#5942 = ORIENTED_EDGE ( 'NONE', *, *, #3383, .F. ) ;
#5943 = CARTESIAN_POINT ( 'NONE',  ( -9.710323917782227800, 22.37123106059849700, 20.70379996662049400 ) ) ;
#5944 = CARTESIAN_POINT ( 'NONE',  ( -8.680842204910172600, 22.50323439724362700, 27.14506919568769000 ) ) ;
#5945 = FACE_OUTER_BOUND ( 'NONE', #2749, .T. ) ;
#5946 = CARTESIAN_POINT ( 'NONE',  ( -67.42670425517182800, 19.85344409265339400, 21.37415197291303300 ) ) ;
#5947 = CARTESIAN_POINT ( 'NONE',  ( -56.32469720412586200, -0.2001110937405147000, 13.94200911576983000 ) ) ;
#5948 = EDGE_CURVE ( 'NONE', #594, #499, #4194, .T. ) ;
#5949 = DIRECTION ( 'NONE',  ( 0.0000000000000000000, 0.8371691043312133900, 0.5469441386040022600 ) ) ;
#5950 = CARTESIAN_POINT ( 'NONE',  ( -74.58937309823548400, -0.3282585483608433400, 24.87950911576989200 ) ) ;
#5951 = EDGE_CURVE ( 'NONE', #4906, #2251, #5320, .T. ) ;
#5952 = CARTESIAN_POINT ( 'NONE',  ( -11.42793810542889000, 19.68454746663344300, 23.27197954916989500 ) ) ;
#5953 = ORIENTED_EDGE ( 'NONE', *, *, #5992, .T. ) ;
#5954 = CARTESIAN_POINT ( 'NONE',  ( -58.34546340057338700, -2.734071755775155900, 11.16879483005551800 ) ) ;
#5955 = DIRECTION ( 'NONE',  ( 1.920722739381899900E-015, 0.8344483130099413800, 0.5510862118714846500 ) ) ;
#5956 = CARTESIAN_POINT ( 'NONE',  ( -67.42670425517188400, 19.85344409265355000, 11.67415197291302900 ) ) ;
#5957 = VECTOR ( 'NONE', #1482, 1000.000000000000000 ) ;
#5958 = VECTOR ( 'NONE', #1846, 1000.000000000000100 ) ;
#5959 = ADVANCED_FACE ( 'NONE', ( #1617 ), #5920, .F. ) ;
#5960 = CARTESIAN_POINT ( 'NONE',  ( -107.3267041167512700, 21.84533186738012800, 10.92046343175409000 ) ) ;
#5961 = AXIS2_PLACEMENT_3D ( 'NONE', #2491, #1057, #1075 ) ;
#5962 = EDGE_CURVE ( 'NONE', #5798, #2470, #910, .T. ) ;
#5963 = FACE_OUTER_BOUND ( 'NONE', #4470, .T. ) ;
#5964 = DIRECTION ( 'NONE',  ( 0.7071067811865477900, -0.5919679506724683200, -0.3867479093371261100 ) ) ;
#5965 = DIRECTION ( 'NONE',  ( -2.081668171172176000E-015, -0.8344483130099419300, -0.5510862118714839900 ) ) ;
#5966 = DIRECTION ( 'NONE',  ( 0.8944271909999151900, -0.3731766303200482700, -0.2464532462415038600 ) ) ;
#5967 = CARTESIAN_POINT ( 'NONE',  ( -81.27068060815376800, 5.493646830473816000, 16.20986625862714400 ) ) ;
#5968 = ORIENTED_EDGE ( 'NONE', *, *, #472, .F. ) ;
#5969 = DIRECTION ( 'NONE',  ( -1.000000000000000000, -5.726637133838782600E-029, 3.490263633665282600E-015 ) ) ;
#5970 = EDGE_LOOP ( 'NONE', ( #3294, #3273, #2350, #1089 ) ) ;
#5971 = CARTESIAN_POINT ( 'NONE',  ( -69.98303116834156900, -2.546555907346557600, 18.42593768719841700 ) ) ;
#5972 = CARTESIAN_POINT ( 'NONE',  ( -73.58785335064115400, 21.44720201686766700, 26.92058054434165000 ) ) ;
#5973 = CARTESIAN_POINT ( 'NONE',  ( -12.62356623796838000, 19.68454746663344300, 23.27197954916989900 ) ) ;
#5974 = CARTESIAN_POINT ( 'NONE',  ( -58.67019165152991200, 15.63652987347119900, 21.93129483005579400 ) ) ;
#5975 = CARTESIAN_POINT ( 'NONE',  ( -10.84861112150154800, 22.37123106059849000, 20.70379996662050100 ) ) ;
#5976 = ORIENTED_EDGE ( 'NONE', *, *, #3060, .F. ) ;
#5977 = CARTESIAN_POINT ( 'NONE',  ( -70.66776159151197600, 22.85344409265336600, 24.14736625862738600 ) ) ;
#5978 = ADVANCED_FACE ( 'NONE', ( #195 ), #641, .F. ) ;
#5979 = CARTESIAN_POINT ( 'NONE',  ( -9.447423972536304500, 20.72477490781408700, 22.47552745604977500 ) ) ;
#5980 = DIRECTION ( 'NONE',  ( 0.0000000000000000000, -0.8371691043312138300, -0.5469441386040013700 ) ) ;
#5981 = ORIENTED_EDGE ( 'NONE', *, *, #4295, .T. ) ;
#5982 =( BOUNDED_CURVE ( )  B_SPLINE_CURVE ( 3, ( #1343, #4222, #2307, #5700 ),
 .UNSPECIFIED., .F., .T. ) 
 B_SPLINE_CURVE_WITH_KNOTS ( ( 4, 4 ),
 ( 7.950815931560358600E-016, 1.033832082048890400 ),
 .UNSPECIFIED. ) 
 CURVE ( )  GEOMETRIC_REPRESENTATION_ITEM ( )  RATIONAL_B_SPLINE_CURVE ( ( 1.000000000000000000, 0.9128982722561299600, 0.9128982722561299600, 1.000000000000000000 ) ) 
 REPRESENTATION_ITEM ( '' )  );
#5983 = AXIS2_PLACEMENT_3D ( 'NONE', #1720, #2191, #5586 ) ;
#5984 = CARTESIAN_POINT ( 'NONE',  ( -11.15997146669545800, 21.49628077930513500, 21.37755428871394900 ) ) ;
#5985 = LINE ( 'NONE', #4543, #4691 ) ;
#5986 = VERTEX_POINT ( 'NONE', #2061 ) ;
#5987 = CARTESIAN_POINT ( 'NONE',  ( -105.5267042551718900, 21.35344409265355000, 11.67415197291318800 ) ) ;
#5988 = CARTESIAN_POINT ( 'NONE',  ( -109.0765538240730200, 23.16778709602097000, 10.35528502296493700 ) ) ;
#5989 = VECTOR ( 'NONE', #5219, 1000.000000000000100 ) ;
#5990 = CARTESIAN_POINT ( 'NONE',  ( -52.86152479670162300, 8.653444092653519000, 13.26165197291281600 ) ) ;
#5991 = AXIS2_PLACEMENT_3D ( 'NONE', #3272, #891, #4246 ) ;
#5992 = EDGE_CURVE ( 'NONE', #1109, #2112, #2765, .T. ) ;
#5993 = CARTESIAN_POINT ( 'NONE',  ( -8.415020544829843600, 19.84637738467760200, 25.91946489851735800 ) ) ;
#5994 = ADVANCED_FACE ( 'NONE', ( #4022 ), #5005, .F. ) ;
#5995 = CARTESIAN_POINT ( 'NONE',  ( -62.56720637705520700, 18.74429541316058200, 15.47772340148443100 ) ) ;
#5996 = CARTESIAN_POINT ( 'NONE',  ( -64.18564691883172200, -5.546555907346648200, 23.97236625862692000 ) ) ;
#5997 = ORIENTED_EDGE ( 'NONE', *, *, #3680, .T. ) ;
#5998 = CARTESIAN_POINT ( 'NONE',  ( -77.77706061939211700, 3.668975172031998100, 18.98308054434139100 ) ) ;
#5999 = CARTESIAN_POINT ( 'NONE',  ( -8.415020544829857800, 22.18299113086770900, 22.38139162311691500 ) ) ;
#6000 = ORIENTED_EDGE ( 'NONE', *, *, #3719, .T. ) ;
#6001 = CARTESIAN_POINT ( 'NONE',  ( -67.42670425517185600, -5.546555907346605500, 21.19915197291263800 ) ) ;
#6002 = EDGE_CURVE ( 'NONE', #1964, #802, #5183, .T. ) ;
#6003 = ORIENTED_EDGE ( 'NONE', *, *, #2759, .T. ) ;
#6004 = CARTESIAN_POINT ( 'NONE',  ( -107.0708889182998100, 23.29250024079028600, 11.98924361777931600 ) ) ;
#6005 = CARTESIAN_POINT ( 'NONE',  ( -17.32670425517184000, 18.85009915362350300, 22.72089333729843100 ) ) ;
#6006 = PLANE ( 'NONE',  #2534 ) ;
#6007 = ORIENTED_EDGE ( 'NONE', *, *, #1214, .T. ) ;
#6008 = EDGE_CURVE ( 'NONE', #4728, #2441, #6045, .T. ) ;
#6009 = VERTEX_POINT ( 'NONE', #3541 ) ;
#6010 = EDGE_LOOP ( 'NONE', ( #1399, #4253, #3806, #1259 ) ) ;
#6011 = ADVANCED_FACE ( 'NONE', ( #3743 ), #200, .F. ) ;
#6012 = DIRECTION ( 'NONE',  ( -0.8677242369053589400, 0.4147591311938576000, 0.2739151543422325100 ) ) ;
#6013 = AXIS2_PLACEMENT_3D ( 'NONE', #5754, #2842, #6222 ) ;
#6014 = CARTESIAN_POINT ( 'NONE',  ( -9.232872839283704300, 23.02234071867321300, 25.47632439665582600 ) ) ;
#6015 = VERTEX_POINT ( 'NONE', #4528 ) ;
#6016 = CARTESIAN_POINT ( 'NONE',  ( -80.54947750266536800, 14.97303861701265500, 26.24022340148443500 ) ) ;
#6017 = CARTESIAN_POINT ( 'NONE',  ( -7.784587090412458100, 21.49349661176327700, 21.37742287406341300 ) ) ;
#6018 = CYLINDRICAL_SURFACE ( 'NONE', #4839, 3.000000000000000400 ) ;
#6019 = CIRCLE ( 'NONE', #4042, 4.400000000000003000 ) ;
#6020 = VERTEX_POINT ( 'NONE', #3079 ) ;
#6021 = CARTESIAN_POINT ( 'NONE',  ( -74.58937309823552700, -0.3282585483606511600, 12.52950911576989200 ) ) ;
#6022 = CARTESIAN_POINT ( 'NONE',  ( -67.42670425517182800, 22.85344409265340500, 21.02415197291308100 ) ) ;
#6023 = CARTESIAN_POINT ( 'NONE',  ( -115.5267042551718900, 18.84193677965991000, 10.03331955710121700 ) ) ;
#6024 = ORIENTED_EDGE ( 'NONE', *, *, #5043, .F. ) ;
#6025 = CARTESIAN_POINT ( 'NONE',  ( -56.50751163873545100, 11.14567855296419400, 16.03486625862714700 ) ) ;
#6026 = CARTESIAN_POINT ( 'NONE',  ( -109.5267042551718900, 19.25030104310883400, 12.62136025532369700 ) ) ;
#6027 = CARTESIAN_POINT ( 'NONE',  ( -64.18564691883173600, 22.85344409265344400, 18.25093768719878900 ) ) ;
#6028 =( BOUNDED_CURVE ( )  B_SPLINE_CURVE ( 3, ( #4529, #1167, #2124, #5516 ),
 .UNSPECIFIED., .F., .F. ) 
 B_SPLINE_CURVE_WITH_KNOTS ( ( 4, 4 ),
 ( 8.673617379884029600E-016, 1.017718557664820400 ),
 .UNSPECIFIED. ) 
 CURVE ( )  GEOMETRIC_REPRESENTATION_ITEM ( )  RATIONAL_B_SPLINE_CURVE ( ( 1.000000000000000000, 0.9155338758779854000, 0.9155338758779854000, 1.000000000000000000 ) ) 
 REPRESENTATION_ITEM ( '' )  );
#6029 = CARTESIAN_POINT ( 'NONE',  ( -62.56720637705520700, -1.437407227853692500, 20.74558054434125900 ) ) ;
#6030 = AXIS2_PLACEMENT_3D ( 'NONE', #4144, #1276, #4626 ) ;
#6031 = VECTOR ( 'NONE', #1312, 1000.000000000000100 ) ;
#6032 = DIRECTION ( 'NONE',  ( -1.000000000000000000, -5.726637133838782600E-029, 3.490263633665282600E-015 ) ) ;
#6033 = CARTESIAN_POINT ( 'NONE',  ( -7.011350155182123300, 24.35328990747315100, 24.34373672496026200 ) ) ;
#6034 = CARTESIAN_POINT ( 'NONE',  ( -15.35881040382237100, 19.52102995597194400, 25.17556224966892800 ) ) ;
#6035 = CARTESIAN_POINT ( 'NONE',  ( -56.32469720412582600, -0.2001110937406586600, 23.29200911576981900 ) ) ;
#6036 = DIRECTION ( 'NONE',  ( -0.7071067811865398000, -0.5919679506724770900, -0.3867479093371270500 ) ) ;
#6037 = FACE_OUTER_BOUND ( 'NONE', #5166, .T. ) ;
#6038 = CARTESIAN_POINT ( 'NONE',  ( -58.67019165152995400, 15.63652987347139100, 9.581294830055791000 ) ) ;
#6039 = CARTESIAN_POINT ( 'NONE',  ( -70.66776159151203300, -5.546555907346551400, 18.07593768719836900 ) ) ;
#6040 = EDGE_CURVE ( 'NONE', #343, #5562, #4879, .T. ) ;
#6041 = CARTESIAN_POINT ( 'NONE',  ( -114.5267042551718900, 18.84193677965991000, 10.03331955710121000 ) ) ;
#6042 = CARTESIAN_POINT ( 'NONE',  ( -78.34589687160828900, 11.14567855296409800, 23.01343768719865700 ) ) ;
#6043 = EDGE_CURVE ( 'NONE', #3622, #1820, #37, .T. ) ;
#6044 = FACE_OUTER_BOUND ( 'NONE', #3865, .T. ) ;
#6045 =( BOUNDED_CURVE ( )  B_SPLINE_CURVE ( 3, ( #4501, #4016, #4984, #2100 ),
 .UNSPECIFIED., .F., .F. ) 
 B_SPLINE_CURVE_WITH_KNOTS ( ( 4, 4 ),
 ( 2.445408345048883700, 3.141592653589800700 ),
 .UNSPECIFIED. ) 
 CURVE ( )  GEOMETRIC_REPRESENTATION_ITEM ( )  RATIONAL_B_SPLINE_CURVE ( ( 1.000000000000000000, 0.9600167993125829900, 0.9600167993125829900, 1.000000000000000000 ) ) 
 REPRESENTATION_ITEM ( '' )  );
#6046 = VERTEX_POINT ( 'NONE', #1166 ) ;
#6047 = CARTESIAN_POINT ( 'NONE',  ( -69.98303116834158300, 19.85344409265345800, 17.79736625862733800 ) ) ;
#6048 = ADVANCED_FACE ( 'NONE', ( #2317 ), #6018, .T. ) ;
#6049 = DIRECTION ( 'NONE',  ( 1.000000000000000000, 2.132529265733135900E-017, -3.517630367272413500E-015 ) ) ;
#6050 = CARTESIAN_POINT ( 'NONE',  ( -12.01982630436627300, 19.52102995597194400, 25.17556224966892100 ) ) ;
#6051 = CARTESIAN_POINT ( 'NONE',  ( -10.84861112150152700, 18.37739090493141000, 26.75122613794508200 ) ) ;
#6052 = EDGE_CURVE ( 'NONE', #2239, #5625, #3785, .T. ) ;
#6053 = ORIENTED_EDGE ( 'NONE', *, *, #5912, .F. ) ;
#6054 = ORIENTED_EDGE ( 'NONE', *, *, #3683, .T. ) ;
#6055 = DIRECTION ( 'NONE',  ( 1.734723475976805500E-015, 0.8344483130099416000, 0.5510862118714844300 ) ) ;
#6056 = CARTESIAN_POINT ( 'NONE',  ( -105.5267042551718900, 22.85344409265355400, 11.67415197291321100 ) ) ;
#6057 = CARTESIAN_POINT ( 'NONE',  ( -14.47552752048313700, 21.26169553297619800, 27.37274867833980400 ) ) ;
#6058 = CARTESIAN_POINT ( 'NONE',  ( -76.50794510977039000, 20.04095994108212200, 20.34379483005593400 ) ) ;
#6059 = CARTESIAN_POINT ( 'NONE',  ( 18.17329574482818400, 24.17484462956200600, 29.11886582052075000 ) ) ;
#6060 = VERTEX_POINT ( 'NONE', #1696 ) ;
#6061 = CARTESIAN_POINT ( 'NONE',  ( -61.26555515970254400, 21.44720201686784100, 15.12772340148446300 ) ) ;
#6062 = CARTESIAN_POINT ( 'NONE',  ( -57.07634789095164500, 3.668975172031968300, 20.06522340148417900 ) ) ;
#6063 = CARTESIAN_POINT ( 'NONE',  ( -14.47552752048315100, 24.07525001709480300, 23.11249730158824900 ) ) ;
#6064 = CARTESIAN_POINT ( 'NONE',  ( -9.447423972536290300, 21.98211327749256200, 26.27277648977594600 ) ) ;
#6065 = CARTESIAN_POINT ( 'NONE',  ( -67.42670425517188400, -2.546555907346506100, 14.84915197291268600 ) ) ;
#6066 = ORIENTED_EDGE ( 'NONE', *, *, #3605, .F. ) ;
#6067 = CARTESIAN_POINT ( 'NONE',  ( -109.2352129309624200, 21.88922101932795200, 12.39851984030414800 ) ) ;
#6068 = CARTESIAN_POINT ( 'NONE',  ( -107.5267042551718900, 21.35344409265355000, 11.67415197291319600 ) ) ;
#6069 = FACE_OUTER_BOUND ( 'NONE', #64, .T. ) ;
#6070 = ORIENTED_EDGE ( 'NONE', *, *, #3936, .F. ) ;
#6071 = ORIENTED_EDGE ( 'NONE', *, *, #1008, .T. ) ;
#6072 = ADVANCED_FACE ( 'NONE', ( #1170 ), #5857, .F. ) ;
#6073 = ORIENTED_EDGE ( 'NONE', *, *, #572, .T. ) ;
#6074 = DIRECTION ( 'NONE',  ( -1.000000000000000000, -2.132529265733050800E-017, 3.517630367272413100E-015 ) ) ;
#6075 = ORIENTED_EDGE ( 'NONE', *, *, #1387, .F. ) ;
#6076 = ORIENTED_EDGE ( 'NONE', *, *, #2523, .F. ) ;
#6077 = CARTESIAN_POINT ( 'NONE',  ( -61.26555515970254400, -4.140313831560899200, 17.39558054434121100 ) ) ;
#6078 = EDGE_CURVE ( 'NONE', #5283, #4901, #2144, .T. ) ;
#6079 = CARTESIAN_POINT ( 'NONE',  ( -6.988345124524418100, 21.08956565307054700, 30.44809517309585800 ) ) ;
#6080 = PLANE ( 'NONE',  #1886 ) ;
#6081 = CARTESIAN_POINT ( 'NONE',  ( -76.18321685881376500, 1.670358311835523600, 25.10629483005564900 ) ) ;
#6082 = CARTESIAN_POINT ( 'NONE',  ( -113.2950190199443200, 22.11091559484418000, 8.946777718844122900 ) ) ;
#6083 = B_SPLINE_CURVE_WITH_KNOTS ( 'NONE', 3,
 ( #3960, #609, #4451, #1568, #4937, #2053, #5440, #2531, #5939, #3028, #149, #3518, #636, #3984 ),
 .UNSPECIFIED., .F., .F.,
 ( 4, 2, 2, 2, 2, 2, 4 ),
 ( 0.001726308551599213800, 0.001870082400869682800, 0.002013856250140151700, 0.002301403948681065600, 0.002588951647221979500, 0.002732725496492441000, 0.002876499345762902900 ),
 .UNSPECIFIED. ) ;
#6084 = ORIENTED_EDGE ( 'NONE', *, *, #268, .F. ) ;
#6085 = CARTESIAN_POINT ( 'NONE',  ( -113.0267042551718900, 17.85802310302676000, 14.64750582088968800 ) ) ;
#6086 = CARTESIAN_POINT ( 'NONE',  ( -10.42606838373319900, 23.85678903168315300, 26.02741060852731500 ) ) ;
#6087 = CARTESIAN_POINT ( 'NONE',  ( -107.3524821153156800, 22.34622872853826100, 13.41531317612968100 ) ) ;
#6088 = VERTEX_POINT ( 'NONE', #4061 ) ;
#6089 = CARTESIAN_POINT ( 'NONE',  ( -64.87037734200220000, 19.85344409265355000, 11.90093768719874800 ) ) ;
#6090 = EDGE_CURVE ( 'NONE', #6104, #2348, #2652, .T. ) ;
#6091 = CARTESIAN_POINT ( 'NONE',  ( -113.2352361686330500, 22.23198131609038000, 11.87392148042979100 ) ) ;
#6092 = ORIENTED_EDGE ( 'NONE', *, *, #1944, .F. ) ;
#6093 = DIRECTION ( 'NONE',  ( 1.000000000000000000, 2.904513797292250900E-016, -3.300504266208428300E-015 ) ) ;
#6094 = CALENDAR_DATE ( 2015, 1, 7 ) ;
#6095 = VECTOR ( 'NONE', #5593, 1000.000000000000000 ) ;
#6096 = ORIENTED_EDGE ( 'NONE', *, *, #6198, .T. ) ;
#6097 = DIRECTION ( 'NONE',  ( -2.830816654711058300E-015, 0.5985001697990024500, -0.8011226789640680800 ) ) ;
#6098 = ORIENTED_EDGE ( 'NONE', *, *, #5866, .T. ) ;
#6099 = CARTESIAN_POINT ( 'NONE',  ( -69.98303116834155400, 19.85344409265335800, 24.14736625862734300 ) ) ;
#6100 = CIRCLE ( 'NONE', #471, 3.000000000000000000 ) ;
#6101 = AXIS2_PLACEMENT_3D ( 'NONE', #5923, #3036, #2539 ) ;
#6102 = ORIENTED_EDGE ( 'NONE', *, *, #4223, .F. ) ;
#6103 = CARTESIAN_POINT ( 'NONE',  ( -109.0267042551718400, 21.82578696311757600, 9.488497582586045800 ) ) ;
#6104 = VERTEX_POINT ( 'NONE', #3009 ) ;
#6105 = CARTESIAN_POINT ( 'NONE',  ( -67.42670425517181300, 19.85344409265330200, 27.37415197291304000 ) ) ;
#6106 = DIRECTION ( 'NONE',  ( -0.7071067811865371400, 0.5919679506724769800, 0.3867479093371320500 ) ) ;
#6107 = CARTESIAN_POINT ( 'NONE',  ( -109.3079565742345400, 20.72007636690831200, 11.02923712267255900 ) ) ;
#6108 =( BOUNDED_CURVE ( )  B_SPLINE_CURVE ( 3, ( #174, #4482, #1144, #4500 ),
 .UNSPECIFIED., .F., .F. ) 
 B_SPLINE_CURVE_WITH_KNOTS ( ( 4, 4 ),
 ( 5.306192961836805100, 7.260177652522364700 ),
 .UNSPECIFIED. ) 
 CURVE ( )  GEOMETRIC_REPRESENTATION_ITEM ( )  RATIONAL_B_SPLINE_CURVE ( ( 1.000000000000000000, 0.7063452485847596700, 0.7063452485847596700, 1.000000000000000000 ) ) 
 REPRESENTATION_ITEM ( '' )  );
#6109 = CARTESIAN_POINT ( 'NONE',  ( -57.07634789095159500, 13.63791301327482100, 22.15808054434148000 ) ) ;
#6110 = ORIENTED_EDGE ( 'NONE', *, *, #166, .T. ) ;
#6111 = LINE ( 'NONE', #88, #4799 ) ;
#6112 = CARTESIAN_POINT ( 'NONE',  ( -12.83560330372819000, 21.26169553297619800, 27.37274867833979600 ) ) ;
#6113 = CARTESIAN_POINT ( 'NONE',  ( -108.8181501336701400, 22.23199869099502000, 11.87389913768285000 ) ) ;
#6114 = CARTESIAN_POINT ( 'NONE',  ( -14.47552752048315100, 21.44519265233044100, 21.37555526748595400 ) ) ;
#6115 = CARTESIAN_POINT ( 'NONE',  ( -74.58937309823549800, -0.3282585483607926000, 21.87950911576988800 ) ) ;
#6116 = ORIENTED_EDGE ( 'NONE', *, *, #2988, .F. ) ;
#6117 = CARTESIAN_POINT ( 'NONE',  ( -8.623996989166160500, 18.85009915362350300, 22.72089333729839900 ) ) ;
#6118 = CIRCLE ( 'NONE', #2385, 0.9000000000000014700 ) ;
#6119 = CARTESIAN_POINT ( 'NONE',  ( -106.5632710181181300, 19.45586137172358200, 11.71256311240078000 ) ) ;
#6120 = CARTESIAN_POINT ( 'NONE',  ( -76.18321685881379300, 1.670358311835574900, 22.10629483005564900 ) ) ;
#6121 = VECTOR ( 'NONE', #4590, 1000.000000000000000 ) ;
#6122 = CARTESIAN_POINT ( 'NONE',  ( -10.35033425463823600, 20.20365378806305000, 21.60323475013802900 ) ) ;
#6123 = LINE ( 'NONE', #3204, #982 ) ;
#6124 =( BOUNDED_CURVE ( )  B_SPLINE_CURVE ( 3, ( #237, #5521, #723, #4069 ),
 .UNSPECIFIED., .F., .F. ) 
 B_SPLINE_CURVE_WITH_KNOTS ( ( 4, 4 ),
 ( 0.0000000000000000000, 0.6633027834238471900 ),
 .UNSPECIFIED. ) 
 CURVE ( )  GEOMETRIC_REPRESENTATION_ITEM ( )  RATIONAL_B_SPLINE_CURVE ( ( 1.000000000000000000, 0.9636706212180179400, 0.9636706212180179400, 1.000000000000000000 ) ) 
 REPRESENTATION_ITEM ( '' )  );
#6125 = CARTESIAN_POINT ( 'NONE',  ( -78.34589687160828900, 6.161209632342711900, 19.20986625862714100 ) ) ;
#6126 = EDGE_CURVE ( 'NONE', #5147, #1242, #895, .T. ) ;
#6127 = CARTESIAN_POINT ( 'NONE',  ( -11.42793810542889000, 19.68454746663344300, 23.27197954916989500 ) ) ;
#6128 = EDGE_CURVE ( 'NONE', #1157, #1455, #4726, .T. ) ;
#6129 = CARTESIAN_POINT ( 'NONE',  ( -9.232872839283709600, 19.43469714930104100, 23.65029998490535900 ) ) ;
#6130 = ORIENTED_EDGE ( 'NONE', *, *, #2045, .F. ) ;
#6131 = EDGE_LOOP ( 'NONE', ( #2057, #1848, #985, #1264 ) ) ;
#6132 = CARTESIAN_POINT ( 'NONE',  ( -12.00075363940946900, 18.25284561428985300, 23.62524767896068300 ) ) ;
#6133 = CARTESIAN_POINT ( 'NONE',  ( -58.67019165152993300, 15.63652987347124700, 18.93129483005579100 ) ) ;
#6134 = CARTESIAN_POINT ( 'NONE',  ( -16.38829211669439800, 18.37739090493140300, 26.75122613794509300 ) ) ;
#6135 = CARTESIAN_POINT ( 'NONE',  ( -107.3267475851693600, 20.94156689475159500, 12.48015242703695900 ) ) ;
#6136 = ORIENTED_EDGE ( 'NONE', *, *, #5140, .F. ) ;
#6137 = CARTESIAN_POINT ( 'NONE',  ( -14.27639590177944300, 23.02234071867321300, 25.47632439665584400 ) ) ;
#6138 = AXIS2_PLACEMENT_3D ( 'NONE', #6196, #3778, #908 ) ;
#6139 = AXIS2_PLACEMENT_3D ( 'NONE', #222, #3591, #708 ) ;
#6140 = CARTESIAN_POINT ( 'NONE',  ( -57.07634789095163100, 13.63791301327487200, 19.15808054434148400 ) ) ;
#6141 = ORIENTED_EDGE ( 'NONE', *, *, #3945, .T. ) ;
#6142 = PLANE ( 'NONE',  #2708 ) ;
#6143 = CARTESIAN_POINT ( 'NONE',  ( -70.66776159151197600, 22.85344409265336200, 24.14736625862738600 ) ) ;
#6144 = VECTOR ( 'NONE', #5955, 999.9999999999998900 ) ;
#6145 = CARTESIAN_POINT ( 'NONE',  ( -10.42606838373320600, 18.85009915362350300, 22.72089333729840600 ) ) ;
#6146 = DIRECTION ( 'NONE',  ( -1.920722739381899900E-015, -0.8344483130099414900, -0.5510862118714846500 ) ) ;
#6147 = CARTESIAN_POINT ( 'NONE',  ( -55.93867538651926500, 8.653444092653471000, 16.26165197291282300 ) ) ;
#6148 = VERTEX_POINT ( 'NONE', #4589 ) ;
#6149 = AXIS2_PLACEMENT_3D ( 'NONE', #3891, #3417, #1030 ) ;
#6150 = CARTESIAN_POINT ( 'NONE',  ( 21.17329574482813800, 24.94157183859607200, 26.74382268396013300 ) ) ;
#6151 = CARTESIAN_POINT ( 'NONE',  ( -76.18321685881379300, 1.670358311835574900, 22.10629483005564900 ) ) ;
#6152 = PLANE ( 'NONE',  #6214 ) ;
#6153 = CARTESIAN_POINT ( 'NONE',  ( -107.0267042551719200, 20.57071511740419500, 12.11837641090045300 ) ) ;
#6154 = DIRECTION ( 'NONE',  ( -1.908979236615881600E-015, -0.8371691043312136100, -0.5469441386040017100 ) ) ;
#6155 = EDGE_LOOP ( 'NONE', ( #4106, #1528 ) ) ;
#6156 = CARTESIAN_POINT ( 'NONE',  ( -77.77706061939214500, 3.668975172032045600, 15.98308054434139300 ) ) ;
#6157 = CARTESIAN_POINT ( 'NONE',  ( -15.35881040382237100, 22.50323439724362700, 27.14506919568771100 ) ) ;
#6158 = DIRECTION ( 'NONE',  ( 1.000000000000000000, -3.885780586187476000E-016, -3.490263633665288500E-015 ) ) ;
#6159 = CARTESIAN_POINT ( 'NONE',  ( -106.7267042551719100, 21.84569381739715500, 10.92069977901509500 ) ) ;
#6160 = VERTEX_POINT ( 'NONE', #5076 ) ;
#6161 = ORIENTED_EDGE ( 'NONE', *, *, #2718, .F. ) ;
#6162 = CARTESIAN_POINT ( 'NONE',  ( -14.27639590177944300, 23.02234071867321300, 25.47632439665584400 ) ) ;
#6163 = CARTESIAN_POINT ( 'NONE',  ( -105.5257042551719000, 20.59999189875545900, 11.18190224816958500 ) ) ;
#6164 = CARTESIAN_POINT ( 'NONE',  ( -78.52871130621788600, -0.2001110937406257200, 22.10629483005562800 ) ) ;
#6165 = EDGE_CURVE ( 'NONE', #4593, #2962, #3588, .T. ) ;
#6166 = VERTEX_POINT ( 'NONE', #1232 ) ;
#6167 = EDGE_CURVE ( 'NONE', #2323, #3140, #1522, .T. ) ;
#6168 = CARTESIAN_POINT ( 'NONE',  ( -108.6127038710001400, 21.56198359697891200, 9.504783014597842700 ) ) ;
#6169 = CARTESIAN_POINT ( 'NONE',  ( -112.7460151748143600, 20.72085211037783000, 11.02859909804993400 ) ) ;
#6170 = ORIENTED_EDGE ( 'NONE', *, *, #4166, .F. ) ;
#6171 = CARTESIAN_POINT ( 'NONE',  ( -14.27639590177945000, 19.68454746663344300, 23.27197954916990600 ) ) ;
#6172 = CARTESIAN_POINT ( 'NONE',  ( -57.07634789095162400, 13.63791301327486800, 19.15808054434148000 ) ) ;
#6173 = ORIENTED_EDGE ( 'NONE', *, *, #4807, .T. ) ;
#6174 = CARTESIAN_POINT ( 'NONE',  ( -13.65133508780251700, 23.85678903168315300, 26.02741060852732600 ) ) ;
#6175 = CYLINDRICAL_SURFACE ( 'NONE', #3399, 1.500000000000001300 ) ;
#6176 = ORIENTED_EDGE ( 'NONE', *, *, #1352, .T. ) ;
#6177 = EDGE_CURVE ( 'NONE', #802, #2292, #4553, .T. ) ;
#6178 = APPROVAL_STATUS ( 'not_yet_approved' ) ;
#6179 = EDGE_CURVE ( 'NONE', #446, #1242, #735, .T. ) ;
#6180 = CARTESIAN_POINT ( 'NONE',  ( -56.50751163873546500, 11.14567855296424000, 13.03486625862714700 ) ) ;
#6181 = ORIENTED_EDGE ( 'NONE', *, *, #2759, .F. ) ;
#6182 = CARTESIAN_POINT ( 'NONE',  ( -17.32670425517183300, 22.85344409265333400, 24.37415197291290900 ) ) ;
#6183 = CARTESIAN_POINT ( 'NONE',  ( -118.0267042551719100, 17.66990003359620000, 9.267597763055615400 ) ) ;
#6184 = CARTESIAN_POINT ( 'NONE',  ( -107.3267041167512700, 21.84533186738012800, 10.92046343175409000 ) ) ;
#6185 = CARTESIAN_POINT ( 'NONE',  ( -54.30393100767834400, 14.97303861701275500, 19.15808054434149500 ) ) ;
#6186 =( BOUNDED_CURVE ( )  B_SPLINE_CURVE ( 3, ( #309, #791, #5118, #2230 ),
 .UNSPECIFIED., .F., .T. ) 
 B_SPLINE_CURVE_WITH_KNOTS ( ( 4, 4 ),
 ( 2.164600308247012000, 4.118584998932573300 ),
 .UNSPECIFIED. ) 
 CURVE ( )  GEOMETRIC_REPRESENTATION_ITEM ( )  RATIONAL_B_SPLINE_CURVE ( ( 1.000000000000000000, 0.7063452485847592200, 0.7063452485847592200, 1.000000000000000000 ) ) 
 REPRESENTATION_ITEM ( '' )  );
#6187 = CARTESIAN_POINT ( 'NONE',  ( -113.5267042551718800, 20.97893120397052500, 14.51149029452802400 ) ) ;
#6188 = FACE_OUTER_BOUND ( 'NONE', #475, .T. ) ;
#6189 = CARTESIAN_POINT ( 'NONE',  ( 21.17329574482813500, 22.64683897781873900, 25.22833560131355300 ) ) ;
#6190 = CARTESIAN_POINT ( 'NONE',  ( -78.34589687160830400, 6.161209632342759000, 16.20986625862714400 ) ) ;
#6191 = DIRECTION ( 'NONE',  ( 3.558407130208830300E-015, 0.8371691043312138300, 0.5469441386040014800 ) ) ;
#6192 = LINE ( 'NONE', #2535, #3610 ) ;
#6193 = CARTESIAN_POINT ( 'NONE',  ( -110.5374289136584300, 22.50303706623082100, 13.83414096522390800 ) ) ;
#6194 = CARTESIAN_POINT ( 'NONE',  ( -78.34589687160828900, 11.14567855296414600, 20.01343768719865000 ) ) ;
#6195 = FACE_OUTER_BOUND ( 'NONE', #1311, .T. ) ;
#6196 = CARTESIAN_POINT ( 'NONE',  ( -11.15997146669542900, 19.75872106432851900, 29.56917901787706200 ) ) ;
#6197 = CARTESIAN_POINT ( 'NONE',  ( -13.42349669401401300, 22.86051080062907200, 22.82883904730839200 ) ) ;
#6198 = EDGE_CURVE ( 'NONE', #4828, #5182, #1983, .T. ) ;
#6199 = CARTESIAN_POINT ( 'NONE',  ( -11.42793810542889000, 19.68454746663344300, 23.27197954916989500 ) ) ;
#6200 = CARTESIAN_POINT ( 'NONE',  ( -81.27068060815376800, 5.493646830473816000, 16.20986625862714400 ) ) ;
#6201 = VERTEX_POINT ( 'NONE', #5628 ) ;
#6202 = EDGE_CURVE ( 'NONE', #3786, #1388, #3134, .T. ) ;
#6203 = CARTESIAN_POINT ( 'NONE',  ( -106.5267042551718600, 20.77454217499135700, 9.870188353862552300 ) ) ;
#6204 = AXIS2_PLACEMENT_3D ( 'NONE', #1202, #4560, #1681 ) ;
#6205 = EDGE_CURVE ( 'NONE', #2932, #167, #561, .T. ) ;
#6206 = DIRECTION ( 'NONE',  ( -0.4677980483665646300, -0.4870694936659640300, 0.7375149451261410200 ) ) ;
#6207 = CARTESIAN_POINT ( 'NONE',  ( -55.93867538651928600, 8.653444092653515400, 13.26165197291283200 ) ) ;
#6208 = ORIENTED_EDGE ( 'NONE', *, *, #4249, .F. ) ;
#6209 = CARTESIAN_POINT ( 'NONE',  ( -10.26603595043730800, 18.85009915362350300, 22.72089333729840600 ) ) ;
#6210 = CARTESIAN_POINT ( 'NONE',  ( -57.07634789095163100, 3.668975172032016700, 17.06522340148418600 ) ) ;
#6211 = CARTESIAN_POINT ( 'NONE',  ( -13.68931835409433600, 21.37108546620147800, 22.37422977894149100 ) ) ;
#6212 = AXIS2_PLACEMENT_3D ( 'NONE', #1472, #4829, #1950 ) ;
#6213 = VERTEX_POINT ( 'NONE', #4658 ) ;
#6214 = AXIS2_PLACEMENT_3D ( 'NONE', #376, #857, #4219 ) ;
#6215 = FACE_OUTER_BOUND ( 'NONE', #370, .T. ) ;
#6216 = DIRECTION ( 'NONE',  ( 0.4970459221108352600, -0.7240710256435156600, -0.4781908626652508500 ) ) ;
#6217 = CARTESIAN_POINT ( 'NONE',  ( -52.86152479670163000, 8.653444092653517200, 13.26165197291281600 ) ) ;
#6218 = ORIENTED_EDGE ( 'NONE', *, *, #5501, .F. ) ;
#6219 = ORIENTED_EDGE ( 'NONE', *, *, #1008, .F. ) ;
#6220 = ORIENTED_EDGE ( 'NONE', *, *, #465, .F. ) ;
#6221 = ORIENTED_EDGE ( 'NONE', *, *, #3898, .F. ) ;
#6222 = DIRECTION ( 'NONE',  ( 0.4677980483665710200, -0.4870694936659635800, 0.7375149451261371300 ) ) ;
#6223 = CARTESIAN_POINT ( 'NONE',  ( -76.18321685881380700, 15.63652987347133000, 14.11700911577014000 ) ) ;
#6224 = ORIENTED_EDGE ( 'NONE', *, *, #5512, .F. ) ;
#6225 = CARTESIAN_POINT ( 'NONE',  ( -110.8180743761075200, 21.55329303882844300, 10.79562102891482000 ) ) ;
#6226 = VERTEX_POINT ( 'NONE', #2260 ) ;
#6227 = CARTESIAN_POINT ( 'NONE',  ( -109.5267042551719100, 21.37602708362617000, 9.367660215799377400 ) ) ;
#6228 = ORIENTED_EDGE ( 'NONE', *, *, #1352, .F. ) ;
#6229 = PERSON_AND_ORGANIZATION ( #2151, #1257 ) ;
#6230 = LINE ( 'NONE', #5171, #2501 ) ;
#6231 = ORIENTED_EDGE ( 'NONE', *, *, #4510, .F. ) ;
#6232 = CARTESIAN_POINT ( 'NONE',  ( -14.18759522095764100, 24.32949728037527100, 21.99707780788068200 ) ) ;
#6233 = DIRECTION ( 'NONE',  ( 0.8944271909999167400, 0.3731766303200503300, 0.2464532462414951700 ) ) ;
#6234 = CARTESIAN_POINT ( 'NONE',  ( -110.7267040095683500, 21.84569381739715500, 10.92069977901511500 ) ) ;
#6235 = EDGE_CURVE ( 'NONE', #6020, #1841, #5728, .T. ) ;
#6236 = ORIENTED_EDGE ( 'NONE', *, *, #3351, .F. ) ;
#6237 = EDGE_CURVE ( 'NONE', #1157, #3545, #1700, .T. ) ;
#6238 = LINE ( 'NONE', #1893, #1094 ) ;
#6239 = ORIENTED_EDGE ( 'NONE', *, *, #5054, .F. ) ;
#6240 = DIRECTION ( 'NONE',  ( -1.734723475976805500E-015, -0.8344483130099416000, -0.5510862118714844300 ) ) ;
#6241 = LINE ( 'NONE', #5379, #2383 ) ;
#6242 = VERTEX_POINT ( 'NONE', #5656 ) ;
#6243 = ORIENTED_EDGE ( 'NONE', *, *, #3986, .F. ) ;
#6244 = CARTESIAN_POINT ( 'NONE',  ( -60.26403541210828500, -0.3282585483606404500, 11.16879483005555700 ) ) ;
#6245 = FACE_OUTER_BOUND ( 'NONE', #282, .T. ) ;
#6246 = DIRECTION ( 'NONE',  ( -1.908979236615882000E-015, -0.8371691043312137200, -0.5469441386040017100 ) ) ;
#6247 =( BOUNDED_CURVE ( )  B_SPLINE_CURVE ( 3, ( #1614, #1135, #2571, #5979 ),
 .UNSPECIFIED., .F., .T. ) 
 B_SPLINE_CURVE_WITH_KNOTS ( ( 4, 4 ),
 ( 1.138412281109777100E-015, 0.6673752988534713500 ),
 .UNSPECIFIED. ) 
 CURVE ( )  GEOMETRIC_REPRESENTATION_ITEM ( )  RATIONAL_B_SPLINE_CURVE ( ( 1.000000000000000000, 0.9632273044370105500, 0.9632273044370105500, 1.000000000000000000 ) ) 
 REPRESENTATION_ITEM ( '' )  );
#6248 = CARTESIAN_POINT ( 'NONE',  ( -112.9778672333911900, 20.45819796371082000, 11.58177032639629900 ) ) ;
#6249 = CARTESIAN_POINT ( 'NONE',  ( -109.0267042551718800, 18.27660765519236800, 14.92097789019167600 ) ) ;
#6250 = FACE_OUTER_BOUND ( 'NONE', #731, .T. ) ;
#6251 = CARTESIAN_POINT ( 'NONE',  ( -111.2027568145480100, 20.60754548754840000, 12.17850675014093800 ) ) ;
#6252 = FACE_OUTER_BOUND ( 'NONE', #546, .T. ) ;
#6253 = CARTESIAN_POINT ( 'NONE',  ( -108.7356993940665700, 20.98160578797600100, 13.84105879118856600 ) ) ;
#6254 = CARTESIAN_POINT ( 'NONE',  ( -17.32670425517182600, 23.85678903168315300, 26.02741060852734000 ) ) ;
#6255 = CIRCLE ( 'NONE', #4722, 2.166666666666667000 ) ;
#6256 = ORIENTED_EDGE ( 'NONE', *, *, #5498, .T. ) ;
#6257 = CARTESIAN_POINT ( 'NONE',  ( -70.66776159151199000, 22.85344409265340500, 21.14736625862737900 ) ) ;
#6258 =( BOUNDED_CURVE ( )  B_SPLINE_CURVE ( 3, ( #6034, #5535, #3126, #247 ),
 .UNSPECIFIED., .F., .T. ) 
 B_SPLINE_CURVE_WITH_KNOTS ( ( 4, 4 ),
 ( 2.566748062973232400, 3.716437244206353800 ),
 .UNSPECIFIED. ) 
 CURVE ( )  GEOMETRIC_REPRESENTATION_ITEM ( )  RATIONAL_B_SPLINE_CURVE ( ( 1.000000000000000000, 0.8928512062104723100, 0.8928512062104723100, 1.000000000000000000 ) ) 
 REPRESENTATION_ITEM ( '' )  );
ENDSEC;
END-ISO-10303-21;
