ISO-10303-21;
HEADER;
FILE_DESCRIPTION (( 'STEP AP214' ),
    '1' );
FILE_NAME ('22627-E0W.STEP',
    '2011-07-14T15:27:27',
    ( 'Admin' ),
    ( '' ),
    'SwSTEP 2.0',
    'SolidWorks 2011',
    '' );
FILE_SCHEMA (( 'AUTOMOTIVE_DESIGN' ));
ENDSEC;

DATA;
#1 = ORIENTED_EDGE ( 'NONE', *, *, #172, .F. ) ;
#2 = EDGE_CURVE ( 'NONE', #188, #4, #1802, .T. ) ;
#3 = EDGE_CURVE ( 'NONE', #15, #5, #1799, .T. ) ;
#4 = VERTEX_POINT ( 'NONE', #1790 ) ;
#5 = VERTEX_POINT ( 'NONE', #1803 ) ;
#6 =( NAMED_UNIT ( * ) PLANE_ANGLE_UNIT ( ) SI_UNIT ( $, .RADIAN. ) );
#7 = ORIENTED_EDGE ( 'NONE', *, *, #8, .F. ) ;
#8 = EDGE_CURVE ( 'NONE', #15, #10, #1798, .T. ) ;
#9 = EDGE_CURVE ( 'NONE', #10, #14, #1605, .T. ) ;
#10 = VERTEX_POINT ( 'NONE', #1762 ) ;
#11 = CARTESIAN_POINT ( 'NONE',  ( 7.020491111616971500, -1.990221870588174900, -2.999700000000000300 ) ) ;
#12 = ORIENTED_EDGE ( 'NONE', *, *, #55, .F. ) ;
#13 = ORIENTED_EDGE ( 'NONE', *, *, #3, .T. ) ;
#14 = VERTEX_POINT ( 'NONE', #1604 ) ;
#15 = VERTEX_POINT ( 'NONE', #1793 ) ;
#16 = ADVANCED_FACE ( 'NONE', ( #1569 ), #1856, .F. ) ;
#17 = EDGE_LOOP ( 'NONE', ( #57, #52, #56, #12 ) ) ;
#18 = ORIENTED_EDGE ( 'NONE', *, *, #31, .F. ) ;
#19 = CARTESIAN_POINT ( 'NONE',  ( 7.020491111616971500, -1.990221870588174900, -3.000000000000000000 ) ) ;
#20 = ORIENTED_EDGE ( 'NONE', *, *, #91, .F. ) ;
#21 = EDGE_CURVE ( 'NONE', #132, #130, #1937, .T. ) ;
#22 = ORIENTED_EDGE ( 'NONE', *, *, #39, .F. ) ;
#23 = ADVANCED_FACE ( 'NONE', ( #1958 ), #1855, .T. ) ;
#24 = EDGE_LOOP ( 'NONE', ( #61, #372, #62, #65 ) ) ;
#25 = EDGE_CURVE ( 'NONE', #45, #362, #2037, .T. ) ;
#26 = CARTESIAN_POINT ( 'NONE',  ( 7.059561881902464400, -1.989654242449612900, -2.999699999999999400 ) ) ;
#27 = ORIENTED_EDGE ( 'NONE', *, *, #35, .F. ) ;
#28 = EDGE_LOOP ( 'NONE', ( #363, #367, #366, #302 ) ) ;
#29 = CARTESIAN_POINT ( 'NONE',  ( 7.059561881902464400, -1.989654242449612900, -2.999999999999999100 ) ) ;
#30 = VERTEX_POINT ( 'NONE', #1953 ) ;
#31 = EDGE_CURVE ( 'NONE', #299, #298, #2035, .T. ) ;
#32 = ORIENTED_EDGE ( 'NONE', *, *, #356, .F. ) ;
#33 = VERTEX_POINT ( 'NONE', #1952 ) ;
#34 = EDGE_LOOP ( 'NONE', ( #369, #368, #253, #370, #47, #27, #357, #36, #32, #18 ) ) ;
#35 = EDGE_CURVE ( 'NONE', #30, #49, #2076, .T. ) ;
#36 = ORIENTED_EDGE ( 'NONE', *, *, #3, .F. ) ;
#37 = CARTESIAN_POINT ( 'NONE',  ( 7.116798307836432100, -1.985037305982748200, -2.999700000000000700 ) ) ;
#38 = CARTESIAN_POINT ( 'NONE',  ( 7.116798307836432100, -1.985037305982748200, -3.000000000000000400 ) ) ;
#39 = EDGE_CURVE ( 'NONE', #88, #116, #1854, .T. ) ;
#40 = CARTESIAN_POINT ( 'NONE',  ( 7.171235769241365100, -1.977029948180655900, -3.000000000000000400 ) ) ;
#41 = EDGE_CURVE ( 'NONE', #358, #45, #1943, .T. ) ;
#42 = ORIENTED_EDGE ( 'NONE', *, *, #21, .T. ) ;
#43 = EDGE_CURVE ( 'NONE', #5, #30, #1886, .T. ) ;
#44 = CARTESIAN_POINT ( 'NONE',  ( 7.171235769241365100, -1.977029948180655900, -2.999700000000000700 ) ) ;
#45 = VERTEX_POINT ( 'NONE', #1884 ) ;
#46 = VERTEX_POINT ( 'NONE', #1942 ) ;
#47 = ORIENTED_EDGE ( 'NONE', *, *, #64, .F. ) ;
#48 = EDGE_CURVE ( 'NONE', #46, #358, #2051, .T. ) ;
#49 = VERTEX_POINT ( 'NONE', #2053 ) ;
#50 = ORIENTED_EDGE ( 'NONE', *, *, #55, .T. ) ;
#51 = ADVANCED_FACE ( 'NONE', ( #1885 ), #1888, .T. ) ;
#52 = ORIENTED_EDGE ( 'NONE', *, *, #66, .F. ) ;
#53 = ADVANCED_FACE ( 'NONE', ( #1912 ), #1938, .T. ) ;
#54 = ORIENTED_EDGE ( 'NONE', *, *, #127, .T. ) ;
#55 = EDGE_CURVE ( 'NONE', #150, #142, #2030, .T. ) ;
#56 = ORIENTED_EDGE ( 'NONE', *, *, #137, .T. ) ;
#57 = ORIENTED_EDGE ( 'NONE', *, *, #68, .F. ) ;
#58 = EDGE_CURVE ( 'NONE', #33, #46, #2001, .T. ) ;
#59 = EDGE_CURVE ( 'NONE', #5, #14, #2010, .T. ) ;
#60 = CARTESIAN_POINT ( 'NONE',  ( 7.222772605397406000, -1.965904870503887700, -2.999699999999999400 ) ) ;
#61 = ORIENTED_EDGE ( 'NONE', *, *, #84, .F. ) ;
#62 = ORIENTED_EDGE ( 'NONE', *, *, #124, .T. ) ;
#63 = ORIENTED_EDGE ( 'NONE', *, *, #120, .T. ) ;
#64 = EDGE_CURVE ( 'NONE', #49, #33, #2026, .T. ) ;
#65 = ORIENTED_EDGE ( 'NONE', *, *, #82, .T. ) ;
#66 = EDGE_CURVE ( 'NONE', #146, #145, #1974, .T. ) ;
#67 = VERTEX_POINT ( 'NONE', #1975 ) ;
#68 = EDGE_CURVE ( 'NONE', #145, #150, #1971, .T. ) ;
#69 = EDGE_CURVE ( 'NONE', #71, #188, #2106, .T. ) ;
#70 = ORIENTED_EDGE ( 'NONE', *, *, #181, .F. ) ;
#71 = VERTEX_POINT ( 'NONE', #2104 ) ;
#72 = ORIENTED_EDGE ( 'NONE', *, *, #168, .F. ) ;
#73 = EDGE_CURVE ( 'NONE', #79, #74, #2144, .T. ) ;
#74 = VERTEX_POINT ( 'NONE', #2102 ) ;
#75 = EDGE_CURVE ( 'NONE', #77, #79, #2289, .T. ) ;
#76 = ORIENTED_EDGE ( 'NONE', *, *, #75, .F. ) ;
#77 = VERTEX_POINT ( 'NONE', #2194 ) ;
#78 = ORIENTED_EDGE ( 'NONE', *, *, #73, .F. ) ;
#79 = VERTEX_POINT ( 'NONE', #2288 ) ;
#80 = EDGE_LOOP ( 'NONE', ( #78, #76, #195, #191, #70, #176, #174, #189, #184, #182, #183, #72, #170 ) ) ;
#81 = ADVANCED_FACE ( 'NONE', ( #2292 ), #2105, .T. ) ;
#82 = EDGE_CURVE ( 'NONE', #122, #135, #2168, .T. ) ;
#83 = ORIENTED_EDGE ( 'NONE', *, *, #82, .F. ) ;
#84 = EDGE_CURVE ( 'NONE', #88, #135, #2193, .T. ) ;
#85 = EDGE_CURVE ( 'NONE', #122, #119, #2145, .T. ) ;
#86 = EDGE_LOOP ( 'NONE', ( #87, #89, #112, #83 ) ) ;
#87 = ORIENTED_EDGE ( 'NONE', *, *, #85, .T. ) ;
#88 = VERTEX_POINT ( 'NONE', #2101 ) ;
#89 = ORIENTED_EDGE ( 'NONE', *, *, #91, .T. ) ;
#90 = ADVANCED_FACE ( 'NONE', ( #2081 ), #2083, .F. ) ;
#91 = EDGE_CURVE ( 'NONE', #119, #88, #2282, .T. ) ;
#92 = ORIENTED_EDGE ( 'NONE', *, *, #111, .F. ) ;
#93 = EDGE_CURVE ( 'NONE', #100, #94, #2284, .T. ) ;
#94 = VERTEX_POINT ( 'NONE', #2276 ) ;
#95 = EDGE_CURVE ( 'NONE', #97, #96, #2278, .T. ) ;
#96 = VERTEX_POINT ( 'NONE', #2275 ) ;
#97 = VERTEX_POINT ( 'NONE', #2270 ) ;
#98 = EDGE_LOOP ( 'NONE', ( #99, #102, #105, #92, #110, #113 ) ) ;
#99 = ORIENTED_EDGE ( 'NONE', *, *, #106, .F. ) ;
#100 = VERTEX_POINT ( 'NONE', #2244 ) ;
#101 = ADVANCED_FACE ( 'NONE', ( #2132 ), #2127, .F. ) ;
#102 = ORIENTED_EDGE ( 'NONE', *, *, #109, .F. ) ;
#103 = VERTEX_POINT ( 'NONE', #2267 ) ;
#104 = ORIENTED_EDGE ( 'NONE', *, *, #817, .T. ) ;
#105 = ORIENTED_EDGE ( 'NONE', *, *, #95, .F. ) ;
#106 = EDGE_CURVE ( 'NONE', #107, #103, #2261, .T. ) ;
#107 = VERTEX_POINT ( 'NONE', #2263 ) ;
#108 = EDGE_CURVE ( 'NONE', #1166, #1176, #2258, .T. ) ;
#109 = EDGE_CURVE ( 'NONE', #96, #107, #2253, .T. ) ;
#110 = ORIENTED_EDGE ( 'NONE', *, *, #93, .F. ) ;
#111 = EDGE_CURVE ( 'NONE', #94, #97, #2248, .T. ) ;
#112 = ORIENTED_EDGE ( 'NONE', *, *, #84, .T. ) ;
#113 = ORIENTED_EDGE ( 'NONE', *, *, #155, .F. ) ;
#114 = ORIENTED_EDGE ( 'NONE', *, *, #127, .F. ) ;
#115 = ORIENTED_EDGE ( 'NONE', *, *, #131, .F. ) ;
#116 = VERTEX_POINT ( 'NONE', #2266 ) ;
#117 = EDGE_LOOP ( 'NONE', ( #121, #129, #115, #118, #125 ) ) ;
#118 = ORIENTED_EDGE ( 'NONE', *, *, #120, .F. ) ;
#119 = VERTEX_POINT ( 'NONE', #2262 ) ;
#120 = EDGE_CURVE ( 'NONE', #119, #130, #2228, .T. ) ;
#121 = ORIENTED_EDGE ( 'NONE', *, *, #124, .F. ) ;
#122 = VERTEX_POINT ( 'NONE', #2224 ) ;
#123 = EDGE_CURVE ( 'NONE', #116, #132, #2221, .T. ) ;
#124 = EDGE_CURVE ( 'NONE', #116, #122, #2230, .T. ) ;
#125 = ORIENTED_EDGE ( 'NONE', *, *, #85, .F. ) ;
#126 = ORIENTED_EDGE ( 'NONE', *, *, #140, .T. ) ;
#127 = EDGE_CURVE ( 'NONE', #130, #150, #2114, .T. ) ;
#128 = ADVANCED_FACE ( 'NONE', ( #2245 ), #2111, .T. ) ;
#129 = ORIENTED_EDGE ( 'NONE', *, *, #123, .T. ) ;
#130 = VERTEX_POINT ( 'NONE', #2222 ) ;
#131 = EDGE_CURVE ( 'NONE', #130, #132, #2201, .T. ) ;
#132 = VERTEX_POINT ( 'NONE', #2204 ) ;
#133 = ORIENTED_EDGE ( 'NONE', *, *, #134, .T. ) ;
#134 = EDGE_CURVE ( 'NONE', #132, #142, #2206, .T. ) ;
#135 = VERTEX_POINT ( 'NONE', #2203 ) ;
#136 = ORIENTED_EDGE ( 'NONE', *, *, #131, .T. ) ;
#137 = EDGE_CURVE ( 'NONE', #146, #142, #2159, .T. ) ;
#138 = ADVANCED_FACE ( 'NONE', ( #2164 ), #2430, .T. ) ;
#139 = EDGE_LOOP ( 'NONE', ( #136, #133, #126, #114 ) ) ;
#140 = EDGE_CURVE ( 'NONE', #142, #150, #2349, .T. ) ;
#141 = ORIENTED_EDGE ( 'NONE', *, *, #140, .F. ) ;
#142 = VERTEX_POINT ( 'NONE', #2427 ) ;
#143 = EDGE_LOOP ( 'NONE', ( #164, #7, #13, #163 ) ) ;
#144 = ORIENTED_EDGE ( 'NONE', *, *, #68, .T. ) ;
#145 = VERTEX_POINT ( 'NONE', #2403 ) ;
#146 = VERTEX_POINT ( 'NONE', #2357 ) ;
#147 = EDGE_CURVE ( 'NONE', #145, #146, #2327, .T. ) ;
#148 = CARTESIAN_POINT ( 'NONE',  ( 7.222772605397406000, -1.965904870503887700, -2.999999999999999100 ) ) ;
#149 = EDGE_CURVE ( 'NONE', #790, #1269, #2331, .T. ) ;
#150 = VERTEX_POINT ( 'NONE', #2371 ) ;
#151 = ORIENTED_EDGE ( 'NONE', *, *, #802, .F. ) ;
#152 = ORIENTED_EDGE ( 'NONE', *, *, #147, .F. ) ;
#153 = ORIENTED_EDGE ( 'NONE', *, *, #137, .F. ) ;
#154 = EDGE_LOOP ( 'NONE', ( #152, #144, #141, #153 ) ) ;
#155 = EDGE_CURVE ( 'NONE', #103, #100, #2330, .T. ) ;
#156 = ORIENTED_EDGE ( 'NONE', *, *, #2, .T. ) ;
#157 = VERTEX_POINT ( 'NONE', #2328 ) ;
#158 = ADVANCED_FACE ( 'NONE', ( #2322 ), #2424, .T. ) ;
#159 = OPEN_SHELL ( 'NONE', ( #101 ) ) ;
#160 = ORIENTED_EDGE ( 'NONE', *, *, #69, .T. ) ;
#161 = EDGE_CURVE ( 'NONE', #162, #4, #2419, .T. ) ;
#162 = VERTEX_POINT ( 'NONE', #2411 ) ;
#163 = ORIENTED_EDGE ( 'NONE', *, *, #59, .T. ) ;
#164 = ORIENTED_EDGE ( 'NONE', *, *, #9, .F. ) ;
#165 = VERTEX_POINT ( 'NONE', #2401 ) ;
#166 = ADVANCED_FACE ( 'NONE', ( #2378 ), #2300, .T. ) ;
#167 = ORIENTED_EDGE ( 'NONE', *, *, #161, .F. ) ;
#168 = EDGE_CURVE ( 'NONE', #165, #71, #2358, .T. ) ;
#169 = EDGE_LOOP ( 'NONE', ( #167, #1, #160, #156 ) ) ;
#170 = ORIENTED_EDGE ( 'NONE', *, *, #171, .F. ) ;
#171 = EDGE_CURVE ( 'NONE', #74, #165, #2361, .T. ) ;
#172 = EDGE_CURVE ( 'NONE', #71, #162, #2298, .T. ) ;
#173 = EDGE_CURVE ( 'NONE', #188, #187, #2337, .T. ) ;
#174 = ORIENTED_EDGE ( 'NONE', *, *, #177, .F. ) ;
#175 = EDGE_CURVE ( 'NONE', #180, #190, #2333, .T. ) ;
#176 = ORIENTED_EDGE ( 'NONE', *, *, #178, .F. ) ;
#177 = EDGE_CURVE ( 'NONE', #190, #186, #2579, .T. ) ;
#178 = EDGE_CURVE ( 'NONE', #186, #179, #2563, .T. ) ;
#179 = VERTEX_POINT ( 'NONE', #2592 ) ;
#180 = VERTEX_POINT ( 'NONE', #2559 ) ;
#181 = EDGE_CURVE ( 'NONE', #179, #196, #2604, .T. ) ;
#182 = ORIENTED_EDGE ( 'NONE', *, *, #173, .F. ) ;
#183 = ORIENTED_EDGE ( 'NONE', *, *, #69, .F. ) ;
#184 = ORIENTED_EDGE ( 'NONE', *, *, #185, .F. ) ;
#185 = EDGE_CURVE ( 'NONE', #187, #180, #2581, .T. ) ;
#186 = VERTEX_POINT ( 'NONE', #2493 ) ;
#187 = VERTEX_POINT ( 'NONE', #2565 ) ;
#188 = VERTEX_POINT ( 'NONE', #2564 ) ;
#189 = ORIENTED_EDGE ( 'NONE', *, *, #175, .F. ) ;
#190 = VERTEX_POINT ( 'NONE', #2597 ) ;
#191 = ORIENTED_EDGE ( 'NONE', *, *, #192, .F. ) ;
#192 = EDGE_CURVE ( 'NONE', #196, #197, #2589, .T. ) ;
#193 = EDGE_CURVE ( 'NONE', #197, #77, #2576, .T. ) ;
#194 = ADVANCED_FACE ( 'NONE', ( #2580 ), #2585, .T. ) ;
#195 = ORIENTED_EDGE ( 'NONE', *, *, #193, .F. ) ;
#196 = VERTEX_POINT ( 'NONE', #2704 ) ;
#197 = VERTEX_POINT ( 'NONE', #2667 ) ;
#198 = ORIENTED_EDGE ( 'NONE', *, *, #199, .F. ) ;
#199 = EDGE_CURVE ( 'NONE', #1176, #1165, #2763, .T. ) ;
#200 = ORIENTED_EDGE ( 'NONE', *, *, #801, .F. ) ;
#201 = VERTEX_POINT ( 'NONE', #2693 ) ;
#202 = VERTEX_POINT ( 'NONE', #2688 ) ;
#203 = EDGE_CURVE ( 'NONE', #157, #305, #2720, .T. ) ;
#204 = ORIENTED_EDGE ( 'NONE', *, *, #203, .T. ) ;
#205 = EDGE_CURVE ( 'NONE', #202, #458, #2670, .T. ) ;
#206 = ADVANCED_FACE ( 'NONE', ( #2714, #2717, #2748, #2716, #2715, #2685, #2724, #2723, #2683, #2678, #2684, #2672, #2722, #2680, #2679, #2703, #2681, #2702, #2701, #2682, #2699, #2698 ), #2666, .T. ) ;
#207 = ORIENTED_EDGE ( 'NONE', *, *, #208, .T. ) ;
#208 = EDGE_CURVE ( 'NONE', #458, #209, #2815, .T. ) ;
#209 = VERTEX_POINT ( 'NONE', #2700 ) ;
#210 = ORIENTED_EDGE ( 'NONE', *, *, #485, .T. ) ;
#211 = EDGE_CURVE ( 'NONE', #220, #221, #2814, .T. ) ;
#212 = ORIENTED_EDGE ( 'NONE', *, *, #211, .T. ) ;
#213 = ORIENTED_EDGE ( 'NONE', *, *, #227, .T. ) ;
#214 = EDGE_CURVE ( 'NONE', #459, #202, #2799, .T. ) ;
#215 = EDGE_CURVE ( 'NONE', #230, #308, #2802, .T. ) ;
#216 = ORIENTED_EDGE ( 'NONE', *, *, #214, .T. ) ;
#217 = ORIENTED_EDGE ( 'NONE', *, *, #483, .T. ) ;
#218 = EDGE_LOOP ( 'NONE', ( #219, #223, #225, #228, #210, #212, #213, #409, #374, #745, #395, #377, #400, #373, #382, #398 ) ) ;
#219 = ORIENTED_EDGE ( 'NONE', *, *, #484, .T. ) ;
#220 = VERTEX_POINT ( 'NONE', #2798 ) ;
#221 = VERTEX_POINT ( 'NONE', #2676 ) ;
#222 = EDGE_CURVE ( 'NONE', #231, #201, #2761, .T. ) ;
#223 = ORIENTED_EDGE ( 'NONE', *, *, #222, .T. ) ;
#224 = EDGE_CURVE ( 'NONE', #201, #482, #2760, .T. ) ;
#225 = ORIENTED_EDGE ( 'NONE', *, *, #224, .T. ) ;
#226 = EDGE_CURVE ( 'NONE', #482, #481, #2756, .T. ) ;
#227 = EDGE_CURVE ( 'NONE', #221, #649, #2613, .T. ) ;
#228 = ORIENTED_EDGE ( 'NONE', *, *, #226, .T. ) ;
#229 = ORIENTED_EDGE ( 'NONE', *, *, #455, .T. ) ;
#230 = VERTEX_POINT ( 'NONE', #2773 ) ;
#231 = VERTEX_POINT ( 'NONE', #2615 ) ;
#232 = VERTEX_POINT ( 'NONE', #2611 ) ;
#233 = EDGE_CURVE ( 'NONE', #312, #469, #2816, .T. ) ;
#234 = ORIENTED_EDGE ( 'NONE', *, *, #233, .F. ) ;
#235 = EDGE_CURVE ( 'NONE', #315, #312, #2879, .T. ) ;
#236 = EDGE_LOOP ( 'NONE', ( #487, #486, #321, #204 ) ) ;
#237 = EDGE_CURVE ( 'NONE', #238, #305, #2841, .T. ) ;
#238 = VERTEX_POINT ( 'NONE', #2944 ) ;
#239 = ADVANCED_FACE ( 'NONE', ( #2943 ), #2880, .T. ) ;
#240 = ORIENTED_EDGE ( 'NONE', *, *, #242, .F. ) ;
#241 = ORIENTED_EDGE ( 'NONE', *, *, #296, .F. ) ;
#242 = EDGE_CURVE ( 'NONE', #295, #254, #2986, .T. ) ;
#243 = VERTEX_POINT ( 'NONE', #2925 ) ;
#244 = EDGE_LOOP ( 'NONE', ( #260, #354, #286, #289, #293, #284, #288, #291 ) ) ;
#245 = EDGE_CURVE ( 'NONE', #271, #281, #2979, .T. ) ;
#246 = EDGE_CURVE ( 'NONE', #295, #285, #2983, .T. ) ;
#247 = EDGE_CURVE ( 'NONE', #270, #271, #2851, .T. ) ;
#248 = EDGE_CURVE ( 'NONE', #276, #341, #2847, .T. ) ;
#249 = EDGE_CURVE ( 'NONE', #281, #276, #2931, .T. ) ;
#250 = ADVANCED_FACE ( 'NONE', ( #2926, #2850 ), #2920, .F. ) ;
#251 = ORIENTED_EDGE ( 'NONE', *, *, #249, .F. ) ;
#252 = ORIENTED_EDGE ( 'NONE', *, *, #329, .F. ) ;
#253 = ORIENTED_EDGE ( 'NONE', *, *, #48, .F. ) ;
#254 = VERTEX_POINT ( 'NONE', #2960 ) ;
#255 = VERTEX_POINT ( 'NONE', #2975 ) ;
#256 = EDGE_CURVE ( 'NONE', #263, #292, #2953, .T. ) ;
#257 = EDGE_LOOP ( 'NONE', ( #327, #326, #252, #266, #322, #466, #431, #464, #436, #434, #314, #317, #313, #234, #316, #318 ) ) ;
#258 = ORIENTED_EDGE ( 'NONE', *, *, #247, .F. ) ;
#259 = VERTEX_POINT ( 'NONE', #2961 ) ;
#260 = ORIENTED_EDGE ( 'NONE', *, *, #273, .F. ) ;
#261 = ORIENTED_EDGE ( 'NONE', *, *, #278, .F. ) ;
#262 = VERTEX_POINT ( 'NONE', #2962 ) ;
#263 = VERTEX_POINT ( 'NONE', #2954 ) ;
#264 = ORIENTED_EDGE ( 'NONE', *, *, #248, .F. ) ;
#265 = VERTEX_POINT ( 'NONE', #2955 ) ;
#266 = ORIENTED_EDGE ( 'NONE', *, *, #307, .F. ) ;
#267 = VERTEX_POINT ( 'NONE', #2901 ) ;
#268 = EDGE_LOOP ( 'NONE', ( #251, #279, #258, #261, #264 ) ) ;
#269 = EDGE_CURVE ( 'NONE', #341, #265, #2896, .T. ) ;
#270 = VERTEX_POINT ( 'NONE', #2899 ) ;
#271 = VERTEX_POINT ( 'NONE', #2894 ) ;
#272 = ADVANCED_FACE ( 'NONE', ( #2890 ), #2895, .T. ) ;
#273 = EDGE_CURVE ( 'NONE', #262, #263, #3135, .T. ) ;
#274 = ORIENTED_EDGE ( 'NONE', *, *, #278, .T. ) ;
#275 = ORIENTED_EDGE ( 'NONE', *, *, #335, .F. ) ;
#276 = VERTEX_POINT ( 'NONE', #3124 ) ;
#277 = ORIENTED_EDGE ( 'NONE', *, *, #269, .F. ) ;
#278 = EDGE_CURVE ( 'NONE', #341, #270, #3131, .T. ) ;
#279 = ORIENTED_EDGE ( 'NONE', *, *, #245, .F. ) ;
#280 = EDGE_CURVE ( 'NONE', #270, #332, #3129, .T. ) ;
#281 = VERTEX_POINT ( 'NONE', #3126 ) ;
#282 = ORIENTED_EDGE ( 'NONE', *, *, #331, .T. ) ;
#283 = ORIENTED_EDGE ( 'NONE', *, *, #340, .T. ) ;
#284 = ORIENTED_EDGE ( 'NONE', *, *, #246, .F. ) ;
#285 = VERTEX_POINT ( 'NONE', #3011 ) ;
#286 = ORIENTED_EDGE ( 'NONE', *, *, #351, .F. ) ;
#287 = EDGE_CURVE ( 'NONE', #337, #259, #3087, .T. ) ;
#288 = ORIENTED_EDGE ( 'NONE', *, *, #297, .F. ) ;
#289 = ORIENTED_EDGE ( 'NONE', *, *, #287, .F. ) ;
#290 = EDGE_CURVE ( 'NONE', #285, #337, #3014, .T. ) ;
#291 = ORIENTED_EDGE ( 'NONE', *, *, #256, .F. ) ;
#292 = VERTEX_POINT ( 'NONE', #3083 ) ;
#293 = ORIENTED_EDGE ( 'NONE', *, *, #290, .F. ) ;
#294 = VERTEX_POINT ( 'NONE', #3172 ) ;
#295 = VERTEX_POINT ( 'NONE', #3015 ) ;
#296 = EDGE_CURVE ( 'NONE', #254, #255, #3171, .T. ) ;
#297 = EDGE_CURVE ( 'NONE', #292, #295, #3080, .T. ) ;
#298 = VERTEX_POINT ( 'NONE', #3125 ) ;
#299 = VERTEX_POINT ( 'NONE', #3173 ) ;
#300 = EDGE_LOOP ( 'NONE', ( #303, #22, #20, #63, #355 ) ) ;
#301 = EDGE_LOOP ( 'NONE', ( #360, #42, #54, #50 ) ) ;
#302 = ORIENTED_EDGE ( 'NONE', *, *, #25, .T. ) ;
#303 = ORIENTED_EDGE ( 'NONE', *, *, #123, .F. ) ;
#304 = EDGE_CURVE ( 'NONE', #243, #315, #3076, .T. ) ;
#305 = VERTEX_POINT ( 'NONE', #3169 ) ;
#306 = ORIENTED_EDGE ( 'NONE', *, *, #205, .T. ) ;
#307 = EDGE_CURVE ( 'NONE', #462, #157, #3110, .T. ) ;
#308 = VERTEX_POINT ( 'NONE', #3109 ) ;
#309 = EDGE_LOOP ( 'NONE', ( #306, #207, #457, #229, #216 ) ) ;
#310 = EDGE_CURVE ( 'NONE', #469, #319, #3104, .T. ) ;
#311 = EDGE_CURVE ( 'NONE', #433, #452, #3054, .T. ) ;
#312 = VERTEX_POINT ( 'NONE', #3111 ) ;
#313 = ORIENTED_EDGE ( 'NONE', *, *, #310, .F. ) ;
#314 = ORIENTED_EDGE ( 'NONE', *, *, #311, .F. ) ;
#315 = VERTEX_POINT ( 'NONE', #3105 ) ;
#316 = ORIENTED_EDGE ( 'NONE', *, *, #235, .F. ) ;
#317 = ORIENTED_EDGE ( 'NONE', *, *, #472, .F. ) ;
#318 = ORIENTED_EDGE ( 'NONE', *, *, #304, .F. ) ;
#319 = VERTEX_POINT ( 'NONE', #3055 ) ;
#320 = EDGE_CURVE ( 'NONE', #454, #467, #3027, .T. ) ;
#321 = ORIENTED_EDGE ( 'NONE', *, *, #307, .T. ) ;
#322 = ORIENTED_EDGE ( 'NONE', *, *, #435, .F. ) ;
#323 = ORIENTED_EDGE ( 'NONE', *, *, #350, .T. ) ;
#324 = EDGE_CURVE ( 'NONE', #344, #243, #3022, .T. ) ;
#325 = ADVANCED_FACE ( 'NONE', ( #3112 ), #3029, .T. ) ;
#326 = ORIENTED_EDGE ( 'NONE', *, *, #328, .F. ) ;
#327 = ORIENTED_EDGE ( 'NONE', *, *, #324, .F. ) ;
#328 = EDGE_CURVE ( 'NONE', #343, #344, #3072, .T. ) ;
#329 = EDGE_CURVE ( 'NONE', #157, #343, #3069, .T. ) ;
#330 = ORIENTED_EDGE ( 'NONE', *, *, #339, .T. ) ;
#331 = EDGE_CURVE ( 'NONE', #294, #338, #3006, .T. ) ;
#332 = VERTEX_POINT ( 'NONE', #3050 ) ;
#333 = ORIENTED_EDGE ( 'NONE', *, *, #280, .T. ) ;
#334 = ORIENTED_EDGE ( 'NONE', *, *, #347, .T. ) ;
#335 = EDGE_CURVE ( 'NONE', #265, #332, #3008, .T. ) ;
#336 = ADVANCED_FACE ( 'NONE', ( #2993 ), #3183, .T. ) ;
#337 = VERTEX_POINT ( 'NONE', #3349 ) ;
#338 = VERTEX_POINT ( 'NONE', #3372 ) ;
#339 = EDGE_CURVE ( 'NONE', #267, #294, #3194, .T. ) ;
#340 = EDGE_CURVE ( 'NONE', #332, #267, #3224, .T. ) ;
#341 = VERTEX_POINT ( 'NONE', #3348 ) ;
#342 = ORIENTED_EDGE ( 'NONE', *, *, #246, .T. ) ;
#343 = VERTEX_POINT ( 'NONE', #3175 ) ;
#344 = VERTEX_POINT ( 'NONE', #3350 ) ;
#345 = ORIENTED_EDGE ( 'NONE', *, *, #335, .T. ) ;
#346 = EDGE_LOOP ( 'NONE', ( #330, #282, #334, #345, #283 ) ) ;
#347 = EDGE_CURVE ( 'NONE', #338, #265, #3371, .T. ) ;
#348 = EDGE_LOOP ( 'NONE', ( #275, #277, #274, #333 ) ) ;
#349 = VERTEX_POINT ( 'NONE', #3182 ) ;
#350 = EDGE_CURVE ( 'NONE', #285, #255, #3265, .T. ) ;
#351 = EDGE_CURVE ( 'NONE', #259, #349, #3261, .T. ) ;
#352 = EDGE_CURVE ( 'NONE', #349, #262, #3257, .T. ) ;
#353 = EDGE_LOOP ( 'NONE', ( #241, #240, #342, #323 ) ) ;
#354 = ORIENTED_EDGE ( 'NONE', *, *, #352, .F. ) ;
#355 = ORIENTED_EDGE ( 'NONE', *, *, #21, .F. ) ;
#356 = EDGE_CURVE ( 'NONE', #298, #15, #3250, .T. ) ;
#357 = ORIENTED_EDGE ( 'NONE', *, *, #43, .F. ) ;
#358 = VERTEX_POINT ( 'NONE', #3251 ) ;
#359 = EDGE_CURVE ( 'NONE', #45, #299, #3359, .T. ) ;
#360 = ORIENTED_EDGE ( 'NONE', *, *, #134, .F. ) ;
#361 = ADVANCED_FACE ( 'NONE', ( #3223 ), #3189, .T. ) ;
#362 = VERTEX_POINT ( 'NONE', #3252 ) ;
#363 = ORIENTED_EDGE ( 'NONE', *, *, #365, .F. ) ;
#364 = EDGE_CURVE ( 'NONE', #358, #67, #3192, .T. ) ;
#365 = EDGE_CURVE ( 'NONE', #67, #362, #3309, .T. ) ;
#366 = ORIENTED_EDGE ( 'NONE', *, *, #41, .T. ) ;
#367 = ORIENTED_EDGE ( 'NONE', *, *, #364, .F. ) ;
#368 = ORIENTED_EDGE ( 'NONE', *, *, #41, .F. ) ;
#369 = ORIENTED_EDGE ( 'NONE', *, *, #359, .F. ) ;
#370 = ORIENTED_EDGE ( 'NONE', *, *, #58, .F. ) ;
#371 = ADVANCED_FACE ( 'NONE', ( #3193 ), #3415, .F. ) ;
#372 = ORIENTED_EDGE ( 'NONE', *, *, #39, .T. ) ;
#373 = ORIENTED_EDGE ( 'NONE', *, *, #422, .T. ) ;
#374 = ORIENTED_EDGE ( 'NONE', *, *, #384, .T. ) ;
#375 = VERTEX_POINT ( 'NONE', #3413 ) ;
#376 = EDGE_CURVE ( 'NONE', #430, #425, #3431, .T. ) ;
#377 = ORIENTED_EDGE ( 'NONE', *, *, #376, .T. ) ;
#378 = EDGE_CURVE ( 'NONE', #401, #430, #3430, .T. ) ;
#379 = ORIENTED_EDGE ( 'NONE', *, *, #443, .T. ) ;
#380 = EDGE_CURVE ( 'NONE', #442, #440, #3487, .T. ) ;
#381 = VERTEX_POINT ( 'NONE', #3514 ) ;
#382 = ORIENTED_EDGE ( 'NONE', *, *, #421, .T. ) ;
#383 = ORIENTED_EDGE ( 'NONE', *, *, #667, .T. ) ;
#384 = EDGE_CURVE ( 'NONE', #396, #630, #3481, .T. ) ;
#385 = VERTEX_POINT ( 'NONE', #3482 ) ;
#386 = ORIENTED_EDGE ( 'NONE', *, *, #414, .T. ) ;
#387 = EDGE_CURVE ( 'NONE', #375, #391, #3476, .T. ) ;
#388 = VERTEX_POINT ( 'NONE', #3475 ) ;
#389 = ORIENTED_EDGE ( 'NONE', *, *, #387, .T. ) ;
#390 = EDGE_CURVE ( 'NONE', #391, #417, #3483, .T. ) ;
#391 = VERTEX_POINT ( 'NONE', #3469 ) ;
#392 = EDGE_CURVE ( 'NONE', #417, #416, #3462, .T. ) ;
#393 = ORIENTED_EDGE ( 'NONE', *, *, #438, .T. ) ;
#394 = VERTEX_POINT ( 'NONE', #3464 ) ;
#395 = ORIENTED_EDGE ( 'NONE', *, *, #378, .T. ) ;
#396 = VERTEX_POINT ( 'NONE', #3477 ) ;
#397 = EDGE_CURVE ( 'NONE', #425, #423, #3465, .T. ) ;
#398 = ORIENTED_EDGE ( 'NONE', *, *, #427, .T. ) ;
#399 = VERTEX_POINT ( 'NONE', #3510 ) ;
#400 = ORIENTED_EDGE ( 'NONE', *, *, #397, .T. ) ;
#401 = VERTEX_POINT ( 'NONE', #3463 ) ;
#402 = ORIENTED_EDGE ( 'NONE', *, *, #428, .T. ) ;
#403 = ORIENTED_EDGE ( 'NONE', *, *, #405, .T. ) ;
#404 = VERTEX_POINT ( 'NONE', #3513 ) ;
#405 = EDGE_CURVE ( 'NONE', #424, #404, #3489, .T. ) ;
#406 = EDGE_CURVE ( 'NONE', #404, #408, #3594, .T. ) ;
#407 = VERTEX_POINT ( 'NONE', #3461 ) ;
#408 = VERTEX_POINT ( 'NONE', #3596 ) ;
#409 = ORIENTED_EDGE ( 'NONE', *, *, #528, .T. ) ;
#410 = ORIENTED_EDGE ( 'NONE', *, *, #444, .T. ) ;
#411 = ORIENTED_EDGE ( 'NONE', *, *, #413, .T. ) ;
#412 = ORIENTED_EDGE ( 'NONE', *, *, #450, .T. ) ;
#413 = EDGE_CURVE ( 'NONE', #451, #394, #3589, .T. ) ;
#414 = EDGE_CURVE ( 'NONE', #385, #375, #3587, .T. ) ;
#415 = ORIENTED_EDGE ( 'NONE', *, *, #392, .T. ) ;
#416 = VERTEX_POINT ( 'NONE', #3590 ) ;
#417 = VERTEX_POINT ( 'NONE', #3488 ) ;
#418 = EDGE_CURVE ( 'NONE', #630, #401, #3588, .T. ) ;
#419 = EDGE_LOOP ( 'NONE', ( #402, #403, #420, #429 ) ) ;
#420 = ORIENTED_EDGE ( 'NONE', *, *, #406, .T. ) ;
#421 = EDGE_CURVE ( 'NONE', #381, #399, #3456, .T. ) ;
#422 = EDGE_CURVE ( 'NONE', #423, #381, #3434, .T. ) ;
#423 = VERTEX_POINT ( 'NONE', #3437 ) ;
#424 = VERTEX_POINT ( 'NONE', #3436 ) ;
#425 = VERTEX_POINT ( 'NONE', #3435 ) ;
#426 = VERTEX_POINT ( 'NONE', #3522 ) ;
#427 = EDGE_CURVE ( 'NONE', #399, #479, #3564, .T. ) ;
#428 = EDGE_CURVE ( 'NONE', #426, #424, #3562, .T. ) ;
#429 = ORIENTED_EDGE ( 'NONE', *, *, #445, .T. ) ;
#430 = VERTEX_POINT ( 'NONE', #3439 ) ;
#431 = ORIENTED_EDGE ( 'NONE', *, *, #463, .F. ) ;
#432 = VERTEX_POINT ( 'NONE', #3438 ) ;
#433 = VERTEX_POINT ( 'NONE', #3548 ) ;
#434 = ORIENTED_EDGE ( 'NONE', *, *, #470, .F. ) ;
#435 = EDGE_CURVE ( 'NONE', #467, #462, #3406, .T. ) ;
#436 = ORIENTED_EDGE ( 'NONE', *, *, #468, .F. ) ;
#437 = VERTEX_POINT ( 'NONE', #3546 ) ;
#438 = EDGE_CURVE ( 'NONE', #394, #437, #3395, .T. ) ;
#439 = ORIENTED_EDGE ( 'NONE', *, *, #380, .T. ) ;
#440 = VERTEX_POINT ( 'NONE', #3411 ) ;
#441 = VERTEX_POINT ( 'NONE', #3410 ) ;
#442 = VERTEX_POINT ( 'NONE', #3393 ) ;
#443 = EDGE_CURVE ( 'NONE', #388, #442, #3390, .T. ) ;
#444 = EDGE_CURVE ( 'NONE', #437, #388, #3385, .T. ) ;
#445 = EDGE_CURVE ( 'NONE', #408, #426, #3380, .T. ) ;
#446 = EDGE_CURVE ( 'NONE', #407, #385, #3753, .T. ) ;
#447 = ORIENTED_EDGE ( 'NONE', *, *, #390, .T. ) ;
#448 = EDGE_LOOP ( 'NONE', ( #449, #386, #389, #447, #415, #412, #411, #393, #410, #379, #439, #383, #612, #605, #782, #663 ) ) ;
#449 = ORIENTED_EDGE ( 'NONE', *, *, #446, .T. ) ;
#450 = EDGE_CURVE ( 'NONE', #416, #451, #3602, .T. ) ;
#451 = VERTEX_POINT ( 'NONE', #3698 ) ;
#452 = VERTEX_POINT ( 'NONE', #3697 ) ;
#453 = VERTEX_POINT ( 'NONE', #3648 ) ;
#454 = VERTEX_POINT ( 'NONE', #3647 ) ;
#455 = EDGE_CURVE ( 'NONE', #232, #459, #3752, .T. ) ;
#456 = EDGE_CURVE ( 'NONE', #209, #232, #3720, .T. ) ;
#457 = ORIENTED_EDGE ( 'NONE', *, *, #456, .T. ) ;
#458 = VERTEX_POINT ( 'NONE', #3718 ) ;
#459 = VERTEX_POINT ( 'NONE', #3751 ) ;
#460 = ADVANCED_FACE ( 'NONE', ( #3624 ), #3625, .T. ) ;
#461 = ORIENTED_EDGE ( 'NONE', *, *, #480, .T. ) ;
#462 = VERTEX_POINT ( 'NONE', #3636 ) ;
#463 = EDGE_CURVE ( 'NONE', #465, #454, #3702, .T. ) ;
#464 = ORIENTED_EDGE ( 'NONE', *, *, #471, .F. ) ;
#465 = VERTEX_POINT ( 'NONE', #3701 ) ;
#466 = ORIENTED_EDGE ( 'NONE', *, *, #320, .F. ) ;
#467 = VERTEX_POINT ( 'NONE', #3754 ) ;
#468 = EDGE_CURVE ( 'NONE', #453, #432, #3695, .T. ) ;
#469 = VERTEX_POINT ( 'NONE', #3635 ) ;
#470 = EDGE_CURVE ( 'NONE', #452, #453, #3631, .T. ) ;
#471 = EDGE_CURVE ( 'NONE', #432, #465, #3626, .T. ) ;
#472 = EDGE_CURVE ( 'NONE', #319, #433, #3315, .T. ) ;
#473 = EDGE_LOOP ( 'NONE', ( #474, #475, #461, #217 ) ) ;
#474 = ORIENTED_EDGE ( 'NONE', *, *, #215, .T. ) ;
#475 = ORIENTED_EDGE ( 'NONE', *, *, #478, .T. ) ;
#476 = VERTEX_POINT ( 'NONE', #3313 ) ;
#477 = VERTEX_POINT ( 'NONE', #3310 ) ;
#478 = EDGE_CURVE ( 'NONE', #308, #477, #3690, .T. ) ;
#479 = VERTEX_POINT ( 'NONE', #3375 ) ;
#480 = EDGE_CURVE ( 'NONE', #477, #476, #3686, .T. ) ;
#481 = VERTEX_POINT ( 'NONE', #8848 ) ;
#482 = VERTEX_POINT ( 'NONE', #8883 ) ;
#483 = EDGE_CURVE ( 'NONE', #476, #230, #8878, .T. ) ;
#484 = EDGE_CURVE ( 'NONE', #479, #231, #8880, .T. ) ;
#485 = EDGE_CURVE ( 'NONE', #481, #220, #8894, .T. ) ;
#486 = ORIENTED_EDGE ( 'NONE', *, *, #488, .F. ) ;
#487 = ORIENTED_EDGE ( 'NONE', *, *, #237, .F. ) ;
#488 = EDGE_CURVE ( 'NONE', #462, #238, #8895, .T. ) ;
#489 = VERTEX_POINT ( 'NONE', #8896 ) ;
#490 = EDGE_CURVE ( 'NONE', #597, #724, #8743, .T. ) ;
#491 = EDGE_LOOP ( 'NONE', ( #598, #586, #492, #591, #588, #493, #511, #587, #519, #590 ) ) ;
#492 = ORIENTED_EDGE ( 'NONE', *, *, #490, .T. ) ;
#493 = ORIENTED_EDGE ( 'NONE', *, *, #594, .T. ) ;
#494 = VERTEX_POINT ( 'NONE', #8849 ) ;
#495 = VERTEX_POINT ( 'NONE', #8879 ) ;
#496 = ORIENTED_EDGE ( 'NONE', *, *, #581, .T. ) ;
#497 = EDGE_CURVE ( 'NONE', #722, #728, #8738, .T. ) ;
#498 = ORIENTED_EDGE ( 'NONE', *, *, #497, .T. ) ;
#499 = EDGE_CURVE ( 'NONE', #728, #504, #8766, .T. ) ;
#500 = ORIENTED_EDGE ( 'NONE', *, *, #733, .T. ) ;
#501 = ORIENTED_EDGE ( 'NONE', *, *, #499, .T. ) ;
#502 = VERTEX_POINT ( 'NONE', #8674 ) ;
#503 = VERTEX_POINT ( 'NONE', #8697 ) ;
#504 = VERTEX_POINT ( 'NONE', #8696 ) ;
#505 = VERTEX_POINT ( 'NONE', #8739 ) ;
#506 = EDGE_CURVE ( 'NONE', #504, #502, #8676, .T. ) ;
#507 = EDGE_CURVE ( 'NONE', #505, #503, #8790, .T. ) ;
#508 = VERTEX_POINT ( 'NONE', #8794 ) ;
#509 = ORIENTED_EDGE ( 'NONE', *, *, #579, .T. ) ;
#510 = EDGE_CURVE ( 'NONE', #489, #592, #8777, .T. ) ;
#511 = ORIENTED_EDGE ( 'NONE', *, *, #510, .T. ) ;
#512 = EDGE_CURVE ( 'NONE', #592, #732, #8776, .T. ) ;
#513 = OPEN_SHELL ( 'NONE', ( #1441 ) ) ;
#514 = EDGE_LOOP ( 'NONE', ( #1471, #1543, #1542, #1537, #1496, #1491, #1822, #1493, #1498, #1829, #1825, #1747, #1748 ) ) ;
#515 = EDGE_LOOP ( 'NONE', ( #1177, #151, #200, #808, #789 ) ) ;
#516 = EDGE_CURVE ( 'NONE', #720, #725, #8772, .T. ) ;
#517 = EDGE_CURVE ( 'NONE', #732, #521, #8718, .T. ) ;
#518 = ORIENTED_EDGE ( 'NONE', *, *, #526, .T. ) ;
#519 = ORIENTED_EDGE ( 'NONE', *, *, #517, .T. ) ;
#520 = EDGE_CURVE ( 'NONE', #521, #67, #8901, .T. ) ;
#521 = VERTEX_POINT ( 'NONE', #8701 ) ;
#522 = ORIENTED_EDGE ( 'NONE', *, *, #516, .T. ) ;
#523 = ORIENTED_EDGE ( 'NONE', *, *, #714, .T. ) ;
#524 = ORIENTED_EDGE ( 'NONE', *, *, #575, .T. ) ;
#525 = EDGE_CURVE ( 'NONE', #723, #573, #8720, .T. ) ;
#526 = EDGE_CURVE ( 'NONE', #527, #593, #8810, .T. ) ;
#527 = VERTEX_POINT ( 'NONE', #8719 ) ;
#528 = EDGE_CURVE ( 'NONE', #649, #396, #8807, .T. ) ;
#529 = VERTEX_POINT ( 'NONE', #8811 ) ;
#530 = ORIENTED_EDGE ( 'NONE', *, *, #653, .T. ) ;
#531 = VERTEX_POINT ( 'NONE', #8808 ) ;
#532 = VERTEX_POINT ( 'NONE', #8844 ) ;
#533 = VERTEX_POINT ( 'NONE', #8843 ) ;
#534 = VERTEX_POINT ( 'NONE', #8861 ) ;
#535 = VERTEX_POINT ( 'NONE', #8788 ) ;
#536 = EDGE_CURVE ( 'NONE', #712, #534, #8842, .T. ) ;
#537 = VERTEX_POINT ( 'NONE', #8863 ) ;
#538 = EDGE_CURVE ( 'NONE', #982, #540, #8837, .T. ) ;
#539 = EDGE_CURVE ( 'NONE', #534, #982, #8834, .T. ) ;
#540 = VERTEX_POINT ( 'NONE', #8833 ) ;
#541 = ORIENTED_EDGE ( 'NONE', *, *, #539, .T. ) ;
#542 = ORIENTED_EDGE ( 'NONE', *, *, #1017, .T. ) ;
#543 = EDGE_CURVE ( 'NONE', #822, #926, #8829, .T. ) ;
#544 = EDGE_CURVE ( 'NONE', #927, #915, #3997, .T. ) ;
#545 = ORIENTED_EDGE ( 'NONE', *, *, #543, .T. ) ;
#546 = EDGE_CURVE ( 'NONE', #926, #657, #3818, .T. ) ;
#547 = ORIENTED_EDGE ( 'NONE', *, *, #546, .T. ) ;
#548 = ORIENTED_EDGE ( 'NONE', *, *, #659, .T. ) ;
#549 = EDGE_LOOP ( 'NONE', ( #1016, #815, #542, #545, #547 ) ) ;
#550 = EDGE_CURVE ( 'NONE', #826, #555, #3974, .T. ) ;
#551 = ORIENTED_EDGE ( 'NONE', *, *, #550, .T. ) ;
#552 = EDGE_CURVE ( 'NONE', #716, #826, #3908, .T. ) ;
#553 = ORIENTED_EDGE ( 'NONE', *, *, #824, .T. ) ;
#554 = EDGE_LOOP ( 'NONE', ( #104, #818, #981, #980, #921, #719, #820, #710, #541, #658, #548 ) ) ;
#555 = VERTEX_POINT ( 'NONE', #3847 ) ;
#556 = EDGE_CURVE ( 'NONE', #920, #927, #3922, .T. ) ;
#557 = EDGE_LOOP ( 'NONE', ( #966, #1257, #1231, #1256, #1261, #1225, #1233, #1211, #1208, #1221, #1219 ) ) ;
#558 = ORIENTED_EDGE ( 'NONE', *, *, #544, .T. ) ;
#559 = EDGE_LOOP ( 'NONE', ( #970, #1011, #1009, #968, #908, #938, #999, #973, #890, #951, #955, #958 ) ) ;
#560 = EDGE_CURVE ( 'NONE', #533, #716, #3861, .T. ) ;
#561 = EDGE_CURVE ( 'NONE', #529, #825, #3811, .T. ) ;
#562 = ORIENTED_EDGE ( 'NONE', *, *, #655, .T. ) ;
#563 = VERTEX_POINT ( 'NONE', #3862 ) ;
#564 = VERTEX_POINT ( 'NONE', #3812 ) ;
#565 = EDGE_CURVE ( 'NONE', #566, #564, #3956, .T. ) ;
#566 = VERTEX_POINT ( 'NONE', #3846 ) ;
#567 = VERTEX_POINT ( 'NONE', #3924 ) ;
#568 = EDGE_CURVE ( 'NONE', #495, #585, #3992, .T. ) ;
#569 = EDGE_CURVE ( 'NONE', #585, #723, #3784, .T. ) ;
#570 = ORIENTED_EDGE ( 'NONE', *, *, #730, .T. ) ;
#571 = ORIENTED_EDGE ( 'NONE', *, *, #568, .T. ) ;
#572 = ORIENTED_EDGE ( 'NONE', *, *, #569, .T. ) ;
#573 = VERTEX_POINT ( 'NONE', #3839 ) ;
#574 = VERTEX_POINT ( 'NONE', #3785 ) ;
#575 = EDGE_CURVE ( 'NONE', #573, #494, #3988, .T. ) ;
#576 = EDGE_LOOP ( 'NONE', ( #571, #572, #577, #524, #584, #509 ) ) ;
#577 = ORIENTED_EDGE ( 'NONE', *, *, #525, .T. ) ;
#578 = ORIENTED_EDGE ( 'NONE', *, *, #506, .T. ) ;
#579 = EDGE_CURVE ( 'NONE', #567, #495, #3781, .T. ) ;
#580 = EDGE_CURVE ( 'NONE', #494, #567, #3885, .T. ) ;
#581 = EDGE_CURVE ( 'NONE', #727, #508, #3965, .T. ) ;
#582 = VERTEX_POINT ( 'NONE', #3779 ) ;
#583 = EDGE_LOOP ( 'NONE', ( #498, #501, #578, #500, #735, #599, #734 ) ) ;
#584 = ORIENTED_EDGE ( 'NONE', *, *, #580, .T. ) ;
#585 = VERTEX_POINT ( 'NONE', #3890 ) ;
#586 = ORIENTED_EDGE ( 'NONE', *, *, #596, .T. ) ;
#587 = ORIENTED_EDGE ( 'NONE', *, *, #512, .T. ) ;
#588 = ORIENTED_EDGE ( 'NONE', *, *, #9, .T. ) ;
#589 = EDGE_CURVE ( 'NONE', #724, #10, #4031, .T. ) ;
#590 = ORIENTED_EDGE ( 'NONE', *, *, #520, .T. ) ;
#591 = ORIENTED_EDGE ( 'NONE', *, *, #589, .T. ) ;
#592 = VERTEX_POINT ( 'NONE', #4144 ) ;
#593 = VERTEX_POINT ( 'NONE', #4152 ) ;
#594 = EDGE_CURVE ( 'NONE', #14, #489, #4103, .T. ) ;
#595 = EDGE_CURVE ( 'NONE', #593, #720, #4028, .T. ) ;
#596 = EDGE_CURVE ( 'NONE', #362, #597, #4207, .T. ) ;
#597 = VERTEX_POINT ( 'NONE', #4026 ) ;
#598 = ORIENTED_EDGE ( 'NONE', *, *, #365, .T. ) ;
#599 = ORIENTED_EDGE ( 'NONE', *, *, #507, .T. ) ;
#600 = EDGE_CURVE ( 'NONE', #503, #722, #4029, .T. ) ;
#601 = EDGE_LOOP ( 'NONE', ( #749, #752, #755, #625, #766, #754, #618, #764, #626, #750, #760, #621, #759, #773, #620 ) ) ;
#602 = EDGE_CURVE ( 'NONE', #305, #407, #4142, .T. ) ;
#603 = VERTEX_POINT ( 'NONE', #4030 ) ;
#604 = VERTEX_POINT ( 'NONE', #4015 ) ;
#605 = ORIENTED_EDGE ( 'NONE', *, *, #613, .T. ) ;
#606 = ORIENTED_EDGE ( 'NONE', *, *, #634, .T. ) ;
#607 = EDGE_LOOP ( 'NONE', ( #622, #641, #623, #646, #747, #777, #778, #662, #637, #606, #706, #669, #636, #704, #693, #739 ) ) ;
#608 = VERTEX_POINT ( 'NONE', #4153 ) ;
#609 = VERTEX_POINT ( 'NONE', #4143 ) ;
#610 = EDGE_CURVE ( 'NONE', #772, #643, #4169, .T. ) ;
#611 = VERTEX_POINT ( 'NONE', #4016 ) ;
#612 = ORIENTED_EDGE ( 'NONE', *, *, #615, .T. ) ;
#613 = EDGE_CURVE ( 'NONE', #779, #238, #4157, .T. ) ;
#614 = EDGE_CURVE ( 'NONE', #648, #603, #4174, .T. ) ;
#615 = EDGE_CURVE ( 'NONE', #780, #779, #4041, .T. ) ;
#616 = VERTEX_POINT ( 'NONE', #4038 ) ;
#617 = VERTEX_POINT ( 'NONE', #4042 ) ;
#618 = ORIENTED_EDGE ( 'NONE', *, *, #763, .T. ) ;
#619 = EDGE_CURVE ( 'NONE', #768, #666, #4200, .T. ) ;
#620 = ORIENTED_EDGE ( 'NONE', *, *, #774, .T. ) ;
#621 = ORIENTED_EDGE ( 'NONE', *, *, #761, .T. ) ;
#622 = ORIENTED_EDGE ( 'NONE', *, *, #775, .T. ) ;
#623 = ORIENTED_EDGE ( 'NONE', *, *, #642, .T. ) ;
#624 = EDGE_CURVE ( 'NONE', #604, #648, #4203, .T. ) ;
#625 = ORIENTED_EDGE ( 'NONE', *, *, #756, .T. ) ;
#626 = ORIENTED_EDGE ( 'NONE', *, *, #664, .T. ) ;
#627 = EDGE_CURVE ( 'NONE', #765, #616, #4196, .T. ) ;
#628 = VERTEX_POINT ( 'NONE', #4195 ) ;
#629 = EDGE_CURVE ( 'NONE', #665, #769, #4190, .T. ) ;
#630 = VERTEX_POINT ( 'NONE', #4206 ) ;
#631 = EDGE_LOOP ( 'NONE', ( #737, #690, #738, #700, #689, #678, #744, #673 ) ) ;
#632 = EDGE_CURVE ( 'NONE', #695, #611, #4177, .T. ) ;
#633 = EDGE_CURVE ( 'NONE', #670, #740, #4184, .T. ) ;
#634 = EDGE_CURVE ( 'NONE', #638, #682, #4397, .T. ) ;
#635 = VERTEX_POINT ( 'NONE', #4305 ) ;
#636 = ORIENTED_EDGE ( 'NONE', *, *, #677, .T. ) ;
#637 = ORIENTED_EDGE ( 'NONE', *, *, #639, .T. ) ;
#638 = VERTEX_POINT ( 'NONE', #4379 ) ;
#639 = EDGE_CURVE ( 'NONE', #441, #638, #4399, .T. ) ;
#640 = ORIENTED_EDGE ( 'NONE', *, *, #1627, .T. ) ;
#641 = ORIENTED_EDGE ( 'NONE', *, *, #661, .T. ) ;
#642 = EDGE_CURVE ( 'NONE', #771, #609, #4303, .T. ) ;
#643 = VERTEX_POINT ( 'NONE', #4302 ) ;
#644 = EDGE_CURVE ( 'NONE', #609, #628, #4304, .T. ) ;
#645 = EDGE_CURVE ( 'NONE', #643, #608, #4333, .T. ) ;
#646 = ORIENTED_EDGE ( 'NONE', *, *, #644, .T. ) ;
#647 = EDGE_CURVE ( 'NONE', #628, #772, #4444, .T. ) ;
#648 = VERTEX_POINT ( 'NONE', #4334 ) ;
#649 = VERTEX_POINT ( 'NONE', #4380 ) ;
#650 = EDGE_CURVE ( 'NONE', #713, #712, #4282, .T. ) ;
#651 = EDGE_CURVE ( 'NONE', #555, #531, #4324, .T. ) ;
#652 = ORIENTED_EDGE ( 'NONE', *, *, #561, .T. ) ;
#653 = EDGE_CURVE ( 'NONE', #825, #533, #4414, .T. ) ;
#654 = ORIENTED_EDGE ( 'NONE', *, *, #565, .T. ) ;
#655 = EDGE_CURVE ( 'NONE', #564, #527, #4418, .T. ) ;
#656 = VERTEX_POINT ( 'NONE', #4419 ) ;
#657 = VERTEX_POINT ( 'NONE', #4357 ) ;
#658 = ORIENTED_EDGE ( 'NONE', *, *, #538, .T. ) ;
#659 = EDGE_CURVE ( 'NONE', #540, #656, #4374, .T. ) ;
#660 = EDGE_CURVE ( 'NONE', #616, #762, #4270, .T. ) ;
#661 = EDGE_CURVE ( 'NONE', #617, #771, #4263, .T. ) ;
#662 = ORIENTED_EDGE ( 'NONE', *, *, #746, .T. ) ;
#663 = ORIENTED_EDGE ( 'NONE', *, *, #602, .T. ) ;
#664 = EDGE_CURVE ( 'NONE', #666, #765, #4265, .T. ) ;
#665 = VERTEX_POINT ( 'NONE', #4443 ) ;
#666 = VERTEX_POINT ( 'NONE', #4420 ) ;
#667 = EDGE_CURVE ( 'NONE', #440, #780, #4258, .T. ) ;
#668 = EDGE_CURVE ( 'NONE', #703, #254, #4254, .T. ) ;
#669 = ORIENTED_EDGE ( 'NONE', *, *, #707, .T. ) ;
#670 = VERTEX_POINT ( 'NONE', #4266 ) ;
#671 = EDGE_CURVE ( 'NONE', #698, #697, #4250, .T. ) ;
#672 = VERTEX_POINT ( 'NONE', #4441 ) ;
#673 = ORIENTED_EDGE ( 'NONE', *, *, #671, .T. ) ;
#674 = EDGE_LOOP ( 'NONE', ( #675, #684, #741, #742, #640, #1648, #1643, #1680, #1668, #1646, #1678, #1667, #1675, #1611 ) ) ;
#675 = ORIENTED_EDGE ( 'NONE', *, *, #683, .T. ) ;
#676 = VERTEX_POINT ( 'NONE', #4251 ) ;
#677 = EDGE_CURVE ( 'NONE', #635, #670, #4427, .T. ) ;
#678 = ORIENTED_EDGE ( 'NONE', *, *, #743, .T. ) ;
#679 = EDGE_CURVE ( 'NONE', #701, #698, #4429, .T. ) ;
#680 = VERTEX_POINT ( 'NONE', #4242 ) ;
#681 = VERTEX_POINT ( 'NONE', #4245 ) ;
#682 = VERTEX_POINT ( 'NONE', #4244 ) ;
#683 = EDGE_CURVE ( 'NONE', #680, #681, #3780, .T. ) ;
#684 = ORIENTED_EDGE ( 'NONE', *, *, #685, .T. ) ;
#685 = EDGE_CURVE ( 'NONE', #681, #676, #4183, .T. ) ;
#686 = EDGE_CURVE ( 'NONE', #676, #672, #4122, .T. ) ;
#687 = EDGE_CURVE ( 'NONE', #672, #776, #3932, .T. ) ;
#688 = EDGE_CURVE ( 'NONE', #694, #691, #4518, .T. ) ;
#689 = ORIENTED_EDGE ( 'NONE', *, *, #296, .T. ) ;
#690 = ORIENTED_EDGE ( 'NONE', *, *, #688, .T. ) ;
#691 = VERTEX_POINT ( 'NONE', #4609 ) ;
#692 = EDGE_CURVE ( 'NONE', #682, #696, #4517, .T. ) ;
#693 = ORIENTED_EDGE ( 'NONE', *, *, #705, .T. ) ;
#694 = VERTEX_POINT ( 'NONE', #4565 ) ;
#695 = VERTEX_POINT ( 'NONE', #4598 ) ;
#696 = VERTEX_POINT ( 'NONE', #4516 ) ;
#697 = VERTEX_POINT ( 'NONE', #4600 ) ;
#698 = VERTEX_POINT ( 'NONE', #4458 ) ;
#699 = EDGE_CURVE ( 'NONE', #697, #694, #4477, .T. ) ;
#700 = ORIENTED_EDGE ( 'NONE', *, *, #668, .T. ) ;
#701 = VERTEX_POINT ( 'NONE', #4476 ) ;
#702 = EDGE_CURVE ( 'NONE', #691, #703, #4606, .T. ) ;
#703 = VERTEX_POINT ( 'NONE', #4599 ) ;
#704 = ORIENTED_EDGE ( 'NONE', *, *, #633, .T. ) ;
#705 = EDGE_CURVE ( 'NONE', #740, #695, #4459, .T. ) ;
#706 = ORIENTED_EDGE ( 'NONE', *, *, #692, .T. ) ;
#707 = EDGE_CURVE ( 'NONE', #696, #635, #4512, .T. ) ;
#708 = EDGE_CURVE ( 'NONE', #915, #925, #4566, .T. ) ;
#709 = EDGE_CURVE ( 'NONE', #910, #922, #4570, .T. ) ;
#710 = ORIENTED_EDGE ( 'NONE', *, *, #536, .T. ) ;
#711 = EDGE_CURVE ( 'NONE', #922, #713, #4550, .T. ) ;
#712 = VERTEX_POINT ( 'NONE', #4478 ) ;
#713 = VERTEX_POINT ( 'NONE', #4551 ) ;
#714 = EDGE_CURVE ( 'NONE', #725, #529, #4546, .T. ) ;
#715 = ORIENTED_EDGE ( 'NONE', *, *, #651, .T. ) ;
#716 = VERTEX_POINT ( 'NONE', #4571 ) ;
#717 = ORIENTED_EDGE ( 'NONE', *, *, #560, .T. ) ;
#718 = EDGE_CURVE ( 'NONE', #925, #914, #4544, .T. ) ;
#719 = ORIENTED_EDGE ( 'NONE', *, *, #711, .T. ) ;
#720 = VERTEX_POINT ( 'NONE', #4539 ) ;
#721 = EDGE_LOOP ( 'NONE', ( #518, #726, #522, #523, #652, #530, #717, #823, #551, #715, #553, #654, #562 ) ) ;
#722 = VERTEX_POINT ( 'NONE', #4538 ) ;
#723 = VERTEX_POINT ( 'NONE', #4545 ) ;
#724 = VERTEX_POINT ( 'NONE', #4498 ) ;
#725 = VERTEX_POINT ( 'NONE', #4540 ) ;
#726 = ORIENTED_EDGE ( 'NONE', *, *, #595, .T. ) ;
#727 = VERTEX_POINT ( 'NONE', #4521 ) ;
#728 = VERTEX_POINT ( 'NONE', #4510 ) ;
#729 = ORIENTED_EDGE ( 'NONE', *, *, #731, .T. ) ;
#730 = EDGE_CURVE ( 'NONE', #508, #1609, #4643, .T. ) ;
#731 = EDGE_CURVE ( 'NONE', #582, #727, #4650, .T. ) ;
#732 = VERTEX_POINT ( 'NONE', #4562 ) ;
#733 = EDGE_CURVE ( 'NONE', #502, #574, #4642, .T. ) ;
#734 = ORIENTED_EDGE ( 'NONE', *, *, #600, .T. ) ;
#735 = ORIENTED_EDGE ( 'NONE', *, *, #736, .T. ) ;
#736 = EDGE_CURVE ( 'NONE', #574, #505, #4639, .T. ) ;
#737 = ORIENTED_EDGE ( 'NONE', *, *, #699, .T. ) ;
#738 = ORIENTED_EDGE ( 'NONE', *, *, #702, .T. ) ;
#739 = ORIENTED_EDGE ( 'NONE', *, *, #632, .T. ) ;
#740 = VERTEX_POINT ( 'NONE', #4511 ) ;
#741 = ORIENTED_EDGE ( 'NONE', *, *, #686, .T. ) ;
#742 = ORIENTED_EDGE ( 'NONE', *, *, #687, .T. ) ;
#743 = EDGE_CURVE ( 'NONE', #255, #701, #4644, .T. ) ;
#744 = ORIENTED_EDGE ( 'NONE', *, *, #679, .T. ) ;
#745 = ORIENTED_EDGE ( 'NONE', *, *, #418, .T. ) ;
#746 = EDGE_CURVE ( 'NONE', #608, #441, #4663, .T. ) ;
#747 = ORIENTED_EDGE ( 'NONE', *, *, #647, .T. ) ;
#748 = VERTEX_POINT ( 'NONE', #4669 ) ;
#749 = ORIENTED_EDGE ( 'NONE', *, *, #624, .T. ) ;
#750 = ORIENTED_EDGE ( 'NONE', *, *, #627, .T. ) ;
#751 = VERTEX_POINT ( 'NONE', #4649 ) ;
#752 = ORIENTED_EDGE ( 'NONE', *, *, #614, .T. ) ;
#753 = EDGE_CURVE ( 'NONE', #603, #757, #4468, .T. ) ;
#754 = ORIENTED_EDGE ( 'NONE', *, *, #767, .T. ) ;
#755 = ORIENTED_EDGE ( 'NONE', *, *, #753, .T. ) ;
#756 = EDGE_CURVE ( 'NONE', #757, #781, #4662, .T. ) ;
#757 = VERTEX_POINT ( 'NONE', #4191 ) ;
#758 = VERTEX_POINT ( 'NONE', #4121 ) ;
#759 = ORIENTED_EDGE ( 'NONE', *, *, #629, .T. ) ;
#760 = ORIENTED_EDGE ( 'NONE', *, *, #660, .T. ) ;
#761 = EDGE_CURVE ( 'NONE', #762, #665, #4243, .T. ) ;
#762 = VERTEX_POINT ( 'NONE', #4640 ) ;
#763 = EDGE_CURVE ( 'NONE', #748, #768, #4791, .T. ) ;
#764 = ORIENTED_EDGE ( 'NONE', *, *, #619, .T. ) ;
#765 = VERTEX_POINT ( 'NONE', #4820 ) ;
#766 = ORIENTED_EDGE ( 'NONE', *, *, #783, .T. ) ;
#767 = EDGE_CURVE ( 'NONE', #751, #748, #4904, .T. ) ;
#768 = VERTEX_POINT ( 'NONE', #4701 ) ;
#769 = VERTEX_POINT ( 'NONE', #4794 ) ;
#770 = EDGE_CURVE ( 'NONE', #769, #758, #4891, .T. ) ;
#771 = VERTEX_POINT ( 'NONE', #4793 ) ;
#772 = VERTEX_POINT ( 'NONE', #4792 ) ;
#773 = ORIENTED_EDGE ( 'NONE', *, *, #770, .T. ) ;
#774 = EDGE_CURVE ( 'NONE', #758, #604, #4888, .T. ) ;
#775 = EDGE_CURVE ( 'NONE', #611, #617, #4880, .T. ) ;
#776 = VERTEX_POINT ( 'NONE', #4887 ) ;
#777 = ORIENTED_EDGE ( 'NONE', *, *, #610, .T. ) ;
#778 = ORIENTED_EDGE ( 'NONE', *, *, #645, .T. ) ;
#779 = VERTEX_POINT ( 'NONE', #4882 ) ;
#780 = VERTEX_POINT ( 'NONE', #4881 ) ;
#781 = VERTEX_POINT ( 'NONE', #4879 ) ;
#782 = ORIENTED_EDGE ( 'NONE', *, *, #237, .T. ) ;
#783 = EDGE_CURVE ( 'NONE', #781, #751, #4883, .T. ) ;
#784 = OPEN_SHELL ( 'NONE', ( #1042 ) ) ;
#785 = ORIENTED_EDGE ( 'NONE', *, *, #1032, .F. ) ;
#786 = EDGE_CURVE ( 'NONE', #796, #1137, #4757, .T. ) ;
#787 = EDGE_CURVE ( 'NONE', #1269, #1135, #4750, .T. ) ;
#788 = ORIENTED_EDGE ( 'NONE', *, *, #149, .T. ) ;
#789 = ORIENTED_EDGE ( 'NONE', *, *, #795, .F. ) ;
#790 = VERTEX_POINT ( 'NONE', #4751 ) ;
#791 = ORIENTED_EDGE ( 'NONE', *, *, #793, .T. ) ;
#792 = EDGE_LOOP ( 'NONE', ( #788, #1143, #1142, #791 ) ) ;
#793 = EDGE_CURVE ( 'NONE', #794, #790, #4827, .T. ) ;
#794 = VERTEX_POINT ( 'NONE', #4847 ) ;
#795 = EDGE_CURVE ( 'NONE', #806, #796, #4808, .T. ) ;
#796 = VERTEX_POINT ( 'NONE', #4807 ) ;
#797 = EDGE_CURVE ( 'NONE', #1273, #800, #4914, .T. ) ;
#798 = EDGE_LOOP ( 'NONE', ( #1140, #198, #812 ) ) ;
#799 = ORIENTED_EDGE ( 'NONE', *, *, #1061, .F. ) ;
#800 = VERTEX_POINT ( 'NONE', #4911 ) ;
#801 = EDGE_CURVE ( 'NONE', #1137, #1144, #4674, .T. ) ;
#802 = EDGE_CURVE ( 'NONE', #1144, #805, #4677, .T. ) ;
#803 = ORIENTED_EDGE ( 'NONE', *, *, #1417, .F. ) ;
#804 = EDGE_CURVE ( 'NONE', #805, #806, #4809, .T. ) ;
#805 = VERTEX_POINT ( 'NONE', #4675 ) ;
#806 = VERTEX_POINT ( 'NONE', #4810 ) ;
#807 = EDGE_CURVE ( 'NONE', #1043, #844, #4780, .T. ) ;
#808 = ORIENTED_EDGE ( 'NONE', *, *, #786, .F. ) ;
#809 = EDGE_CURVE ( 'NONE', #1165, #1166, #4776, .T. ) ;
#810 = EDGE_CURVE ( 'NONE', #1070, #1354, #4956, .T. ) ;
#811 = ADVANCED_FACE ( 'NONE', ( #5097, #5033 ), #4931, .F. ) ;
#812 = ORIENTED_EDGE ( 'NONE', *, *, #108, .F. ) ;
#813 = VERTEX_POINT ( 'NONE', #4959 ) ;
#814 = EDGE_CURVE ( 'NONE', #844, #1178, #5091, .T. ) ;
#815 = ORIENTED_EDGE ( 'NONE', *, *, #1015, .T. ) ;
#816 = VERTEX_POINT ( 'NONE', #5086 ) ;
#817 = EDGE_CURVE ( 'NONE', #656, #532, #5085, .T. ) ;
#818 = ORIENTED_EDGE ( 'NONE', *, *, #819, .T. ) ;
#819 = EDGE_CURVE ( 'NONE', #532, #816, #5005, .T. ) ;
#820 = ORIENTED_EDGE ( 'NONE', *, *, #650, .T. ) ;
#821 = EDGE_CURVE ( 'NONE', #657, #535, #4999, .T. ) ;
#822 = VERTEX_POINT ( 'NONE', #5092 ) ;
#823 = ORIENTED_EDGE ( 'NONE', *, *, #552, .T. ) ;
#824 = EDGE_CURVE ( 'NONE', #531, #566, #5001, .T. ) ;
#825 = VERTEX_POINT ( 'NONE', #4979 ) ;
#826 = VERTEX_POINT ( 'NONE', #5000 ) ;
#827 = ORIENTED_EDGE ( 'NONE', *, *, #876, .F. ) ;
#828 = EDGE_CURVE ( 'NONE', #873, #874, #4983, .T. ) ;
#829 = EDGE_CURVE ( 'NONE', #872, #873, #5056, .T. ) ;
#830 = VERTEX_POINT ( 'NONE', #4986 ) ;
#831 = EDGE_LOOP ( 'NONE', ( #1036, #847, #877, #846, #1023, #988, #987, #861 ) ) ;
#832 = VERTEX_POINT ( 'NONE', #5057 ) ;
#833 = EDGE_CURVE ( 'NONE', #859, #836, #5049, .T. ) ;
#834 = ADVANCED_FACE ( 'NONE', ( #5053 ), #5045, .F. ) ;
#835 = ORIENTED_EDGE ( 'NONE', *, *, #864, .F. ) ;
#836 = VERTEX_POINT ( 'NONE', #4985 ) ;
#837 = VERTEX_POINT ( 'NONE', #5051 ) ;
#838 = EDGE_CURVE ( 'NONE', #986, #898, #5023, .T. ) ;
#839 = VERTEX_POINT ( 'NONE', #5025 ) ;
#840 = EDGE_CURVE ( 'NONE', #842, #858, #5031, .T. ) ;
#841 = ORIENTED_EDGE ( 'NONE', *, *, #838, .F. ) ;
#842 = VERTEX_POINT ( 'NONE', #5026 ) ;
#843 = EDGE_CURVE ( 'NONE', #992, #1018, #5116, .T. ) ;
#844 = VERTEX_POINT ( 'NONE', #5024 ) ;
#845 = EDGE_CURVE ( 'NONE', #1267, #854, #4927, .T. ) ;
#846 = ORIENTED_EDGE ( 'NONE', *, *, #850, .F. ) ;
#847 = ORIENTED_EDGE ( 'NONE', *, *, #829, .F. ) ;
#848 = EDGE_CURVE ( 'NONE', #1022, #872, #5120, .T. ) ;
#849 = EDGE_LOOP ( 'NONE', ( #990, #1044, #1138, #1134, #1270 ) ) ;
#850 = EDGE_CURVE ( 'NONE', #851, #1022, #5143, .T. ) ;
#851 = VERTEX_POINT ( 'NONE', #5147 ) ;
#852 = EDGE_CURVE ( 'NONE', #830, #1034, #5112, .T. ) ;
#853 = EDGE_CURVE ( 'NONE', #874, #862, #5108, .T. ) ;
#854 = VERTEX_POINT ( 'NONE', #5107 ) ;
#855 = EDGE_CURVE ( 'NONE', #1040, #1043, #5098, .T. ) ;
#856 = EDGE_CURVE ( 'NONE', #836, #837, #4955, .T. ) ;
#857 = EDGE_CURVE ( 'NONE', #1028, #1024, #4944, .T. ) ;
#858 = VERTEX_POINT ( 'NONE', #4942 ) ;
#859 = VERTEX_POINT ( 'NONE', #4941 ) ;
#860 = EDGE_CURVE ( 'NONE', #1034, #851, #4936, .T. ) ;
#861 = ORIENTED_EDGE ( 'NONE', *, *, #853, .F. ) ;
#862 = VERTEX_POINT ( 'NONE', #4706 ) ;
#863 = ORIENTED_EDGE ( 'NONE', *, *, #840, .F. ) ;
#864 = EDGE_CURVE ( 'NONE', #837, #842, #3931, .T. ) ;
#865 = VERTEX_POINT ( 'NONE', #5103 ) ;
#866 = EDGE_CURVE ( 'NONE', #1060, #1055, #5353, .T. ) ;
#867 = ORIENTED_EDGE ( 'NONE', *, *, #899, .F. ) ;
#868 = ORIENTED_EDGE ( 'NONE', *, *, #985, .F. ) ;
#869 = VERTEX_POINT ( 'NONE', #5351 ) ;
#870 = EDGE_CURVE ( 'NONE', #896, #992, #5333, .T. ) ;
#871 = ORIENTED_EDGE ( 'NONE', *, *, #1029, .F. ) ;
#872 = VERTEX_POINT ( 'NONE', #5150 ) ;
#873 = VERTEX_POINT ( 'NONE', #5352 ) ;
#874 = VERTEX_POINT ( 'NONE', #5335 ) ;
#875 = ORIENTED_EDGE ( 'NONE', *, *, #857, .F. ) ;
#876 = EDGE_CURVE ( 'NONE', #858, #1028, #5320, .T. ) ;
#877 = ORIENTED_EDGE ( 'NONE', *, *, #848, .F. ) ;
#878 = VERTEX_POINT ( 'NONE', #5321 ) ;
#879 = VERTEX_POINT ( 'NONE', #5334 ) ;
#880 = ORIENTED_EDGE ( 'NONE', *, *, #967, .F. ) ;
#881 = EDGE_CURVE ( 'NONE', #1004, #1005, #5316, .T. ) ;
#882 = ORIENTED_EDGE ( 'NONE', *, *, #881, .F. ) ;
#883 = EDGE_CURVE ( 'NONE', #884, #1004, #5311, .T. ) ;
#884 = VERTEX_POINT ( 'NONE', #5151 ) ;
#885 = ORIENTED_EDGE ( 'NONE', *, *, #895, .T. ) ;
#886 = ORIENTED_EDGE ( 'NONE', *, *, #893, .T. ) ;
#887 = EDGE_CURVE ( 'NONE', #937, #949, #5312, .T. ) ;
#888 = ORIENTED_EDGE ( 'NONE', *, *, #897, .F. ) ;
#889 = EDGE_CURVE ( 'NONE', #892, #979, #5173, .T. ) ;
#890 = ORIENTED_EDGE ( 'NONE', *, *, #974, .T. ) ;
#891 = ORIENTED_EDGE ( 'NONE', *, *, #945, .T. ) ;
#892 = VERTEX_POINT ( 'NONE', #5233 ) ;
#893 = EDGE_CURVE ( 'NONE', #949, #964, #5385, .T. ) ;
#894 = EDGE_CURVE ( 'NONE', #902, #903, #5380, .T. ) ;
#895 = EDGE_CURVE ( 'NONE', #964, #965, #5362, .T. ) ;
#896 = VERTEX_POINT ( 'NONE', #5384 ) ;
#897 = EDGE_CURVE ( 'NONE', #898, #459, #5286, .T. ) ;
#898 = VERTEX_POINT ( 'NONE', #5363 ) ;
#899 = EDGE_CURVE ( 'NONE', #898, #896, #5264, .T. ) ;
#900 = EDGE_CURVE ( 'NONE', #896, #202, #5219, .T. ) ;
#901 = ORIENTED_EDGE ( 'NONE', *, *, #883, .F. ) ;
#902 = VERTEX_POINT ( 'NONE', #5266 ) ;
#903 = VERTEX_POINT ( 'NONE', #5216 ) ;
#904 = ADVANCED_FACE ( 'NONE', ( #5215, #5263 ), #5282, .T. ) ;
#905 = ORIENTED_EDGE ( 'NONE', *, *, #907, .F. ) ;
#906 = ORIENTED_EDGE ( 'NONE', *, *, #894, .F. ) ;
#907 = EDGE_CURVE ( 'NONE', #1005, #902, #5400, .T. ) ;
#908 = ORIENTED_EDGE ( 'NONE', *, *, #977, .T. ) ;
#909 = VERTEX_POINT ( 'NONE', #5401 ) ;
#910 = VERTEX_POINT ( 'NONE', #5265 ) ;
#911 = ORIENTED_EDGE ( 'NONE', *, *, #556, .T. ) ;
#912 = EDGE_LOOP ( 'NONE', ( #913, #917, #919, #911, #558 ) ) ;
#913 = ORIENTED_EDGE ( 'NONE', *, *, #708, .T. ) ;
#914 = VERTEX_POINT ( 'NONE', #5193 ) ;
#915 = VERTEX_POINT ( 'NONE', #5217 ) ;
#916 = EDGE_LOOP ( 'NONE', ( #956, #991, #867, #841, #868 ) ) ;
#917 = ORIENTED_EDGE ( 'NONE', *, *, #718, .T. ) ;
#918 = EDGE_CURVE ( 'NONE', #914, #920, #5604, .T. ) ;
#919 = ORIENTED_EDGE ( 'NONE', *, *, #918, .T. ) ;
#920 = VERTEX_POINT ( 'NONE', #5535 ) ;
#921 = ORIENTED_EDGE ( 'NONE', *, *, #709, .T. ) ;
#922 = VERTEX_POINT ( 'NONE', #5441 ) ;
#923 = EDGE_CURVE ( 'NONE', #563, #910, #5447, .T. ) ;
#924 = EDGE_CURVE ( 'NONE', #816, #563, #5527, .T. ) ;
#925 = VERTEX_POINT ( 'NONE', #5521 ) ;
#926 = VERTEX_POINT ( 'NONE', #5520 ) ;
#927 = VERTEX_POINT ( 'NONE', #5519 ) ;
#928 = ORIENTED_EDGE ( 'NONE', *, *, #950, .T. ) ;
#929 = EDGE_CURVE ( 'NONE', #1014, #1013, #5588, .T. ) ;
#930 = ORIENTED_EDGE ( 'NONE', *, *, #936, .T. ) ;
#931 = EDGE_CURVE ( 'NONE', #1013, #954, #5591, .T. ) ;
#932 = ORIENTED_EDGE ( 'NONE', *, *, #887, .T. ) ;
#933 = ORIENTED_EDGE ( 'NONE', *, *, #931, .T. ) ;
#934 = EDGE_CURVE ( 'NONE', #954, #948, #5547, .T. ) ;
#935 = EDGE_LOOP ( 'NONE', ( #1006, #888, #1008, #1007 ) ) ;
#936 = EDGE_CURVE ( 'NONE', #948, #937, #5511, .T. ) ;
#937 = VERTEX_POINT ( 'NONE', #5590 ) ;
#938 = ORIENTED_EDGE ( 'NONE', *, *, #889, .T. ) ;
#939 = EDGE_CURVE ( 'NONE', #979, #998, #5507, .T. ) ;
#940 = VERTEX_POINT ( 'NONE', #5512 ) ;
#941 = EDGE_LOOP ( 'NONE', ( #906, #905, #882, #901, #880 ) ) ;
#942 = EDGE_CURVE ( 'NONE', #969, #943, #5616, .T. ) ;
#943 = VERTEX_POINT ( 'NONE', #5617 ) ;
#944 = ORIENTED_EDGE ( 'NONE', *, *, #962, .T. ) ;
#945 = EDGE_CURVE ( 'NONE', #953, #963, #5611, .T. ) ;
#946 = ORIENTED_EDGE ( 'NONE', *, *, #161, .T. ) ;
#947 = EDGE_CURVE ( 'NONE', #963, #162, #5411, .T. ) ;
#948 = VERTEX_POINT ( 'NONE', #5613 ) ;
#949 = VERTEX_POINT ( 'NONE', #5506 ) ;
#950 = EDGE_CURVE ( 'NONE', #4, #1014, #5438, .T. ) ;
#951 = ORIENTED_EDGE ( 'NONE', *, *, #976, .T. ) ;
#952 = ORIENTED_EDGE ( 'NONE', *, *, #947, .T. ) ;
#953 = VERTEX_POINT ( 'NONE', #5439 ) ;
#954 = VERTEX_POINT ( 'NONE', #5437 ) ;
#955 = ORIENTED_EDGE ( 'NONE', *, *, #972, .T. ) ;
#956 = ORIENTED_EDGE ( 'NONE', *, *, #843, .F. ) ;
#957 = EDGE_CURVE ( 'NONE', #965, #1000, #5474, .T. ) ;
#958 = ORIENTED_EDGE ( 'NONE', *, *, #975, .T. ) ;
#959 = EDGE_LOOP ( 'NONE', ( #960, #944, #891, #952, #946, #928, #1012, #933, #961, #930, #932, #886, #885 ) ) ;
#960 = ORIENTED_EDGE ( 'NONE', *, *, #957, .T. ) ;
#961 = ORIENTED_EDGE ( 'NONE', *, *, #934, .T. ) ;
#962 = EDGE_CURVE ( 'NONE', #1000, #953, #5440, .T. ) ;
#963 = VERTEX_POINT ( 'NONE', #5605 ) ;
#964 = VERTEX_POINT ( 'NONE', #5436 ) ;
#965 = VERTEX_POINT ( 'NONE', #5435 ) ;
#966 = ORIENTED_EDGE ( 'NONE', *, *, #845, .F. ) ;
#967 = EDGE_CURVE ( 'NONE', #903, #884, #5427, .T. ) ;
#968 = ORIENTED_EDGE ( 'NONE', *, *, #1010, .T. ) ;
#969 = VERTEX_POINT ( 'NONE', #5469 ) ;
#970 = ORIENTED_EDGE ( 'NONE', *, *, #1001, .T. ) ;
#971 = EDGE_CURVE ( 'NONE', #998, #878, #5473, .T. ) ;
#972 = EDGE_CURVE ( 'NONE', #940, #978, #5414, .T. ) ;
#973 = ORIENTED_EDGE ( 'NONE', *, *, #971, .T. ) ;
#974 = EDGE_CURVE ( 'NONE', #878, #909, #5491, .T. ) ;
#975 = EDGE_CURVE ( 'NONE', #978, #1002, #5487, .T. ) ;
#976 = EDGE_CURVE ( 'NONE', #909, #940, #5574, .T. ) ;
#977 = EDGE_CURVE ( 'NONE', #997, #892, #5570, .T. ) ;
#978 = VERTEX_POINT ( 'NONE', #5569 ) ;
#979 = VERTEX_POINT ( 'NONE', #5493 ) ;
#980 = ORIENTED_EDGE ( 'NONE', *, *, #923, .T. ) ;
#981 = ORIENTED_EDGE ( 'NONE', *, *, #924, .T. ) ;
#982 = VERTEX_POINT ( 'NONE', #5415 ) ;
#983 = ORIENTED_EDGE ( 'NONE', *, *, #1045, .F. ) ;
#984 = EDGE_CURVE ( 'NONE', #865, #832, #5563, .T. ) ;
#985 = EDGE_CURVE ( 'NONE', #1018, #986, #5393, .T. ) ;
#986 = VERTEX_POINT ( 'NONE', #4761 ) ;
#987 = ORIENTED_EDGE ( 'NONE', *, *, #989, .F. ) ;
#988 = ORIENTED_EDGE ( 'NONE', *, *, #852, .F. ) ;
#989 = EDGE_CURVE ( 'NONE', #862, #830, #4760, .T. ) ;
#990 = ORIENTED_EDGE ( 'NONE', *, *, #855, .F. ) ;
#991 = ORIENTED_EDGE ( 'NONE', *, *, #870, .F. ) ;
#992 = VERTEX_POINT ( 'NONE', #5158 ) ;
#993 = ORIENTED_EDGE ( 'NONE', *, *, #833, .F. ) ;
#994 = EDGE_LOOP ( 'NONE', ( #863, #835, #995, #993, #983, #1026, #1030, #1033, #1035, #871, #875, #827 ) ) ;
#995 = ORIENTED_EDGE ( 'NONE', *, *, #856, .F. ) ;
#996 = EDGE_CURVE ( 'NONE', #943, #879, #4759, .T. ) ;
#997 = VERTEX_POINT ( 'NONE', #5159 ) ;
#998 = VERTEX_POINT ( 'NONE', #4762 ) ;
#999 = ORIENTED_EDGE ( 'NONE', *, *, #939, .T. ) ;
#1000 = VERTEX_POINT ( 'NONE', #4938 ) ;
#1001 = EDGE_CURVE ( 'NONE', #1002, #969, #5558, .T. ) ;
#1002 = VERTEX_POINT ( 'NONE', #5564 ) ;
#1003 = ADVANCED_FACE ( 'NONE', ( #5552 ), #5758, .T. ) ;
#1004 = VERTEX_POINT ( 'NONE', #5676 ) ;
#1005 = VERTEX_POINT ( 'NONE', #5675 ) ;
#1006 = ORIENTED_EDGE ( 'NONE', *, *, #214, .F. ) ;
#1007 = ORIENTED_EDGE ( 'NONE', *, *, #900, .T. ) ;
#1008 = ORIENTED_EDGE ( 'NONE', *, *, #899, .T. ) ;
#1009 = ORIENTED_EDGE ( 'NONE', *, *, #996, .T. ) ;
#1010 = EDGE_CURVE ( 'NONE', #879, #997, #5759, .T. ) ;
#1011 = ORIENTED_EDGE ( 'NONE', *, *, #942, .T. ) ;
#1012 = ORIENTED_EDGE ( 'NONE', *, *, #929, .T. ) ;
#1013 = VERTEX_POINT ( 'NONE', #5719 ) ;
#1014 = VERTEX_POINT ( 'NONE', #5760 ) ;
#1015 = EDGE_CURVE ( 'NONE', #535, #537, #5674, .T. ) ;
#1016 = ORIENTED_EDGE ( 'NONE', *, *, #821, .T. ) ;
#1017 = EDGE_CURVE ( 'NONE', #537, #822, #5798, .T. ) ;
#1018 = VERTEX_POINT ( 'NONE', #5796 ) ;
#1019 = VERTEX_POINT ( 'NONE', #5723 ) ;
#1020 = OPEN_SHELL ( 'NONE', ( #1174 ) ) ;
#1021 = ADVANCED_FACE ( 'NONE', ( #5722 ), #5678, .F. ) ;
#1022 = VERTEX_POINT ( 'NONE', #5725 ) ;
#1023 = ORIENTED_EDGE ( 'NONE', *, *, #860, .F. ) ;
#1024 = VERTEX_POINT ( 'NONE', #5825 ) ;
#1025 = EDGE_CURVE ( 'NONE', #1046, #839, #5688, .T. ) ;
#1026 = ORIENTED_EDGE ( 'NONE', *, *, #984, .F. ) ;
#1027 = EDGE_CURVE ( 'NONE', #869, #865, #5682, .T. ) ;
#1028 = VERTEX_POINT ( 'NONE', #5691 ) ;
#1029 = EDGE_CURVE ( 'NONE', #1024, #1046, #5679, .T. ) ;
#1030 = ORIENTED_EDGE ( 'NONE', *, *, #1027, .F. ) ;
#1031 = OPEN_SHELL ( 'NONE', ( #834 ) ) ;
#1032 = EDGE_CURVE ( 'NONE', #1055, #1056, #5784, .T. ) ;
#1033 = ORIENTED_EDGE ( 'NONE', *, *, #1047, .F. ) ;
#1034 = VERTEX_POINT ( 'NONE', #5785 ) ;
#1035 = ORIENTED_EDGE ( 'NONE', *, *, #1025, .F. ) ;
#1036 = ORIENTED_EDGE ( 'NONE', *, *, #828, .F. ) ;
#1037 = OPEN_SHELL ( 'NONE', ( #158, #138, #128, #90, #81, #166, #194, #16, #361, #371, #23, #53, #51, #336, #272, #250, #239, #325, #460, #206, #1003, #904 ) ) ;
#1038 = EDGE_CURVE ( 'NONE', #1354, #1052, #5662, .T. ) ;
#1039 = OPEN_SHELL ( 'NONE', ( #1021 ) ) ;
#1040 = VERTEX_POINT ( 'NONE', #5778 ) ;
#1041 = VERTEX_POINT ( 'NONE', #5661 ) ;
#1042 = ADVANCED_FACE ( 'NONE', ( #5660, #5772 ), #5980, .T. ) ;
#1043 = VERTEX_POINT ( 'NONE', #5893 ) ;
#1044 = ORIENTED_EDGE ( 'NONE', *, *, #1169, .F. ) ;
#1045 = EDGE_CURVE ( 'NONE', #832, #859, #5974, .T. ) ;
#1046 = VERTEX_POINT ( 'NONE', #5898 ) ;
#1047 = EDGE_CURVE ( 'NONE', #839, #869, #5975, .T. ) ;
#1048 = ORIENTED_EDGE ( 'NONE', *, *, #1304, .F. ) ;
#1049 = EDGE_CURVE ( 'NONE', #1153, #1050, #5964, .T. ) ;
#1050 = VERTEX_POINT ( 'NONE', #5965 ) ;
#1051 = EDGE_CURVE ( 'NONE', #1247, #1198, #5948, .T. ) ;
#1052 = VERTEX_POINT ( 'NONE', #5966 ) ;
#1053 = ORIENTED_EDGE ( 'NONE', *, *, #1147, .F. ) ;
#1054 = ORIENTED_EDGE ( 'NONE', *, *, #1072, .F. ) ;
#1055 = VERTEX_POINT ( 'NONE', #5897 ) ;
#1056 = VERTEX_POINT ( 'NONE', #5951 ) ;
#1057 = ORIENTED_EDGE ( 'NONE', *, *, #1470, .F. ) ;
#1058 = EDGE_CURVE ( 'NONE', #1398, #1073, #5959, .T. ) ;
#1059 = ADVANCED_FACE ( 'NONE', ( #5841, #5950 ), #5952, .T. ) ;
#1060 = VERTEX_POINT ( 'NONE', #5843 ) ;
#1061 = EDGE_CURVE ( 'NONE', #1067, #1070, #5939, .T. ) ;
#1062 = EDGE_CURVE ( 'NONE', #1159, #1067, #6060, .T. ) ;
#1063 = ORIENTED_EDGE ( 'NONE', *, *, #1360, .F. ) ;
#1064 = ORIENTED_EDGE ( 'NONE', *, *, #1365, .F. ) ;
#1065 = EDGE_CURVE ( 'NONE', #1052, #813, #5946, .T. ) ;
#1066 = ADVANCED_FACE ( 'NONE', ( #5842 ), #6029, .F. ) ;
#1067 = VERTEX_POINT ( 'NONE', #6063 ) ;
#1068 = ORIENTED_EDGE ( 'NONE', *, *, #810, .F. ) ;
#1069 = ORIENTED_EDGE ( 'NONE', *, *, #1038, .F. ) ;
#1070 = VERTEX_POINT ( 'NONE', #5940 ) ;
#1071 = EDGE_LOOP ( 'NONE', ( #1054, #1154, #1145, #1303, #1048, #1467, #1302, #1466, #1156, #1158, #803, #1426, #1439, #1346 ) ) ;
#1072 = EDGE_CURVE ( 'NONE', #1074, #1075, #6079, .T. ) ;
#1073 = VERTEX_POINT ( 'NONE', #6080 ) ;
#1074 = VERTEX_POINT ( 'NONE', #5945 ) ;
#1075 = VERTEX_POINT ( 'NONE', #6075 ) ;
#1076 = ORIENTED_EDGE ( 'NONE', *, *, #1058, .F. ) ;
#1077 = EDGE_CURVE ( 'NONE', #1291, #1290, #6073, .T. ) ;
#1078 = ORIENTED_EDGE ( 'NONE', *, *, #1086, .F. ) ;
#1079 = VERTEX_POINT ( 'NONE', #6074 ) ;
#1080 = EDGE_CURVE ( 'NONE', #1286, #1291, #6069, .T. ) ;
#1081 = VERTEX_POINT ( 'NONE', #6070 ) ;
#1082 = ORIENTED_EDGE ( 'NONE', *, *, #1080, .F. ) ;
#1083 = EDGE_LOOP ( 'NONE', ( #1163, #1167, #1265, #1268 ) ) ;
#1084 = EDGE_CURVE ( 'NONE', #1079, #1286, #5921, .T. ) ;
#1085 = ORIENTED_EDGE ( 'NONE', *, *, #1084, .F. ) ;
#1086 = EDGE_CURVE ( 'NONE', #1285, #1079, #6005, .T. ) ;
#1087 = ORIENTED_EDGE ( 'NONE', *, *, #1088, .F. ) ;
#1088 = EDGE_CURVE ( 'NONE', #1081, #1285, #6257, .T. ) ;
#1089 = EDGE_CURVE ( 'NONE', #1103, #1105, #6236, .T. ) ;
#1090 = EDGE_CURVE ( 'NONE', #1105, #1180, #6233, .T. ) ;
#1091 = ORIENTED_EDGE ( 'NONE', *, *, #1120, .T. ) ;
#1092 = VERTEX_POINT ( 'NONE', #6261 ) ;
#1093 = ADVANCED_FACE ( 'NONE', ( #6228 ), #6320, .T. ) ;
#1094 = ORIENTED_EDGE ( 'NONE', *, *, #1179, .T. ) ;
#1095 = ORIENTED_EDGE ( 'NONE', *, *, #1296, .T. ) ;
#1096 = EDGE_CURVE ( 'NONE', #1276, #1106, #6135, .T. ) ;
#1097 = VERTEX_POINT ( 'NONE', #6136 ) ;
#1098 = EDGE_CURVE ( 'NONE', #1244, #1281, #6132, .T. ) ;
#1099 = ORIENTED_EDGE ( 'NONE', *, *, #1098, .F. ) ;
#1100 = VERTEX_POINT ( 'NONE', #6134 ) ;
#1101 = VERTEX_POINT ( 'NONE', #6227 ) ;
#1102 = ORIENTED_EDGE ( 'NONE', *, *, #1128, .F. ) ;
#1103 = VERTEX_POINT ( 'NONE', #6229 ) ;
#1104 = VERTEX_POINT ( 'NONE', #6138 ) ;
#1105 = VERTEX_POINT ( 'NONE', #6116 ) ;
#1106 = VERTEX_POINT ( 'NONE', #6287 ) ;
#1107 = ORIENTED_EDGE ( 'NONE', *, *, #1089, .F. ) ;
#1108 = EDGE_CURVE ( 'NONE', #1292, #1103, #6286, .T. ) ;
#1109 = ORIENTED_EDGE ( 'NONE', *, *, #1116, .T. ) ;
#1110 = ORIENTED_EDGE ( 'NONE', *, *, #1077, .F. ) ;
#1111 = VERTEX_POINT ( 'NONE', #6137 ) ;
#1112 = OPEN_SHELL ( 'NONE', ( #1093 ) ) ;
#1113 = VERTEX_POINT ( 'NONE', #6117 ) ;
#1114 = VERTEX_POINT ( 'NONE', #6283 ) ;
#1115 = EDGE_CURVE ( 'NONE', #1295, #1097, #6282, .T. ) ;
#1116 = EDGE_CURVE ( 'NONE', #1092, #1100, #6278, .T. ) ;
#1117 = ORIENTED_EDGE ( 'NONE', *, *, #1119, .T. ) ;
#1118 = ORIENTED_EDGE ( 'NONE', *, *, #1115, .T. ) ;
#1119 = EDGE_CURVE ( 'NONE', #1097, #1121, #6276, .T. ) ;
#1120 = EDGE_CURVE ( 'NONE', #1104, #1111, #6114, .T. ) ;
#1121 = VERTEX_POINT ( 'NONE', #6275 ) ;
#1122 = ORIENTED_EDGE ( 'NONE', *, *, #1123, .T. ) ;
#1123 = EDGE_CURVE ( 'NONE', #1205, #1204, #6099, .T. ) ;
#1124 = ORIENTED_EDGE ( 'NONE', *, *, #1283, .F. ) ;
#1125 = EDGE_CURVE ( 'NONE', #1204, #1114, #6100, .T. ) ;
#1126 = VERTEX_POINT ( 'NONE', #6097 ) ;
#1127 = EDGE_CURVE ( 'NONE', #1114, #1104, #6307, .T. ) ;
#1128 = EDGE_CURVE ( 'NONE', #813, #1081, #6302, .T. ) ;
#1129 = EDGE_LOOP ( 'NONE', ( #1124, #1288, #1110, #1082, #1085, #1078, #1087, #1102, #1206, #1069, #1068, #799, #1353, #1356, #1355, #1063 ) ) ;
#1130 = VERTEX_POINT ( 'NONE', #6319 ) ;
#1131 = ORIENTED_EDGE ( 'NONE', *, *, #1274, .F. ) ;
#1132 = ORIENTED_EDGE ( 'NONE', *, *, #1280, .F. ) ;
#1133 = VERTEX_POINT ( 'NONE', #6298 ) ;
#1134 = ORIENTED_EDGE ( 'NONE', *, *, #814, .F. ) ;
#1135 = VERTEX_POINT ( 'NONE', #6113 ) ;
#1136 = EDGE_CURVE ( 'NONE', #1178, #1133, #6159, .T. ) ;
#1137 = VERTEX_POINT ( 'NONE', #6303 ) ;
#1138 = ORIENTED_EDGE ( 'NONE', *, *, #1136, .F. ) ;
#1139 = EDGE_CURVE ( 'NONE', #1135, #794, #6155, .T. ) ;
#1140 = ORIENTED_EDGE ( 'NONE', *, *, #809, .F. ) ;
#1141 = ADVANCED_FACE ( 'NONE', ( #6102 ), #6156, .T. ) ;
#1142 = ORIENTED_EDGE ( 'NONE', *, *, #1139, .T. ) ;
#1143 = ORIENTED_EDGE ( 'NONE', *, *, #787, .T. ) ;
#1144 = VERTEX_POINT ( 'NONE', #6254 ) ;
#1145 = ORIENTED_EDGE ( 'NONE', *, *, #1149, .F. ) ;
#1146 = ORIENTED_EDGE ( 'NONE', *, *, #866, .F. ) ;
#1147 = EDGE_CURVE ( 'NONE', #1073, #1060, #6248, .T. ) ;
#1148 = EDGE_CURVE ( 'NONE', #1305, #1306, #6000, .T. ) ;
#1149 = EDGE_CURVE ( 'NONE', #1050, #1151, #5996, .T. ) ;
#1150 = EDGE_CURVE ( 'NONE', #1151, #1074, #5901, .T. ) ;
#1151 = VERTEX_POINT ( 'NONE', #6458 ) ;
#1152 = VERTEX_POINT ( 'NONE', #6457 ) ;
#1153 = VERTEX_POINT ( 'NONE', #6456 ) ;
#1154 = ORIENTED_EDGE ( 'NONE', *, *, #1150, .F. ) ;
#1155 = EDGE_CURVE ( 'NONE', #1465, #1305, #6454, .T. ) ;
#1156 = ORIENTED_EDGE ( 'NONE', *, *, #1155, .F. ) ;
#1157 = EDGE_CURVE ( 'NONE', #1019, #1465, #6453, .T. ) ;
#1158 = ORIENTED_EDGE ( 'NONE', *, *, #1157, .F. ) ;
#1159 = VERTEX_POINT ( 'NONE', #6451 ) ;
#1160 = VERTEX_POINT ( 'NONE', #6443 ) ;
#1161 = EDGE_CURVE ( 'NONE', #1352, #1159, #6377, .T. ) ;
#1162 = EDGE_LOOP ( 'NONE', ( #1520, #1327, #1320, #1308, #1386, #1435, #1388, #1392, #1312, #1315, #1458, #1314 ) ) ;
#1163 = ORIENTED_EDGE ( 'NONE', *, *, #797, .F. ) ;
#1164 = EDGE_CURVE ( 'NONE', #1272, #1273, #6372, .T. ) ;
#1165 = VERTEX_POINT ( 'NONE', #6452 ) ;
#1166 = VERTEX_POINT ( 'NONE', #6376 ) ;
#1167 = ORIENTED_EDGE ( 'NONE', *, *, #1164, .F. ) ;
#1168 = EDGE_CURVE ( 'NONE', #1175, #1272, #6380, .T. ) ;
#1169 = EDGE_CURVE ( 'NONE', #1133, #1040, #6347, .T. ) ;
#1170 = EDGE_CURVE ( 'NONE', #1171, #1173, #6348, .T. ) ;
#1171 = VERTEX_POINT ( 'NONE', #6419 ) ;
#1172 = EDGE_LOOP ( 'NONE', ( #1238, #1242, #1191, #1195, #1264 ) ) ;
#1173 = VERTEX_POINT ( 'NONE', #6418 ) ;
#1174 = ADVANCED_FACE ( 'NONE', ( #6373 ), #6349, .F. ) ;
#1175 = VERTEX_POINT ( 'NONE', #6416 ) ;
#1176 = VERTEX_POINT ( 'NONE', #6433 ) ;
#1177 = ORIENTED_EDGE ( 'NONE', *, *, #804, .F. ) ;
#1178 = VERTEX_POINT ( 'NONE', #6353 ) ;
#1179 = EDGE_CURVE ( 'NONE', #1101, #1295, #6396, .T. ) ;
#1180 = VERTEX_POINT ( 'NONE', #6432 ) ;
#1181 = EDGE_CURVE ( 'NONE', #1121, #1092, #6424, .T. ) ;
#1182 = EDGE_LOOP ( 'NONE', ( #1091, #1201, #1184, #1122, #1202, #1282 ) ) ;
#1183 = ORIENTED_EDGE ( 'NONE', *, *, #1181, .T. ) ;
#1184 = ORIENTED_EDGE ( 'NONE', *, *, #1203, .T. ) ;
#1185 = EDGE_CURVE ( 'NONE', #1111, #1113, #6431, .T. ) ;
#1186 = EDGE_LOOP ( 'NONE', ( #1095, #1094, #1118, #1117, #1183, #1109 ) ) ;
#1187 = ORIENTED_EDGE ( 'NONE', *, *, #1297, .F. ) ;
#1188 = ORIENTED_EDGE ( 'NONE', *, *, #1294, .F. ) ;
#1189 = OPEN_SHELL ( 'NONE', ( #811 ) ) ;
#1190 = OPEN_SHELL ( 'NONE', ( #1836 ) ) ;
#1191 = ORIENTED_EDGE ( 'NONE', *, *, #1262, .T. ) ;
#1192 = EDGE_CURVE ( 'NONE', #1209, #1197, #6515, .T. ) ;
#1193 = ORIENTED_EDGE ( 'NONE', *, *, #1194, .F. ) ;
#1194 = EDGE_CURVE ( 'NONE', #1263, #1244, #6517, .T. ) ;
#1195 = ORIENTED_EDGE ( 'NONE', *, *, #1192, .T. ) ;
#1196 = EDGE_CURVE ( 'NONE', #1197, #1239, #6492, .T. ) ;
#1197 = VERTEX_POINT ( 'NONE', #6426 ) ;
#1198 = VERTEX_POINT ( 'NONE', #6423 ) ;
#1199 = OPEN_SHELL ( 'NONE', ( #1241 ) ) ;
#1200 = ADVANCED_FACE ( 'NONE', ( #6487 ), #6491, .T. ) ;
#1201 = ORIENTED_EDGE ( 'NONE', *, *, #1185, .T. ) ;
#1202 = ORIENTED_EDGE ( 'NONE', *, *, #1125, .T. ) ;
#1203 = EDGE_CURVE ( 'NONE', #1113, #1205, #6341, .T. ) ;
#1204 = VERTEX_POINT ( 'NONE', #6345 ) ;
#1205 = VERTEX_POINT ( 'NONE', #6422 ) ;
#1206 = ORIENTED_EDGE ( 'NONE', *, *, #1065, .F. ) ;
#1207 = OPEN_SHELL ( 'NONE', ( #1252 ) ) ;
#1208 = ORIENTED_EDGE ( 'NONE', *, *, #1246, .F. ) ;
#1209 = VERTEX_POINT ( 'NONE', #6421 ) ;
#1210 = EDGE_CURVE ( 'NONE', #1217, #1218, #6338, .T. ) ;
#1211 = ORIENTED_EDGE ( 'NONE', *, *, #1224, .F. ) ;
#1212 = EDGE_CURVE ( 'NONE', #1173, #1234, #6332, .T. ) ;
#1213 = EDGE_CURVE ( 'NONE', #1236, #1228, #6327, .T. ) ;
#1214 = ORIENTED_EDGE ( 'NONE', *, *, #1298, .F. ) ;
#1215 = EDGE_CURVE ( 'NONE', #1230, #1236, #6322, .T. ) ;
#1216 = EDGE_CURVE ( 'NONE', #1220, #1171, #6566, .T. ) ;
#1217 = VERTEX_POINT ( 'NONE', #6565 ) ;
#1218 = VERTEX_POINT ( 'NONE', #6323 ) ;
#1219 = ORIENTED_EDGE ( 'NONE', *, *, #1258, .F. ) ;
#1220 = VERTEX_POINT ( 'NONE', #6328 ) ;
#1221 = ORIENTED_EDGE ( 'NONE', *, *, #1210, .F. ) ;
#1222 = VERTEX_POINT ( 'NONE', #6486 ) ;
#1223 = VERTEX_POINT ( 'NONE', #6336 ) ;
#1224 = EDGE_CURVE ( 'NONE', #1222, #1220, #6562, .T. ) ;
#1225 = ORIENTED_EDGE ( 'NONE', *, *, #1170, .F. ) ;
#1226 = ORIENTED_EDGE ( 'NONE', *, *, #1227, .F. ) ;
#1227 = EDGE_CURVE ( 'NONE', #1228, #1229, #6561, .T. ) ;
#1228 = VERTEX_POINT ( 'NONE', #6554 ) ;
#1229 = VERTEX_POINT ( 'NONE', #6553 ) ;
#1230 = VERTEX_POINT ( 'NONE', #6546 ) ;
#1231 = ORIENTED_EDGE ( 'NONE', *, *, #1259, .F. ) ;
#1232 = EDGE_CURVE ( 'NONE', #1234, #1223, #6542, .T. ) ;
#1233 = ORIENTED_EDGE ( 'NONE', *, *, #1216, .F. ) ;
#1234 = VERTEX_POINT ( 'NONE', #6559 ) ;
#1235 = VERTEX_POINT ( 'NONE', #6321 ) ;
#1236 = VERTEX_POINT ( 'NONE', #6538 ) ;
#1237 = VERTEX_POINT ( 'NONE', #6547 ) ;
#1238 = ORIENTED_EDGE ( 'NONE', *, *, #1249, .T. ) ;
#1239 = VERTEX_POINT ( 'NONE', #6548 ) ;
#1240 = EDGE_LOOP ( 'NONE', ( #1193, #1253, #1226, #1251, #1255, #1214, #1293, #1107, #1279, #1132, #1278, #1131, #1188, #1187, #1099 ) ) ;
#1241 = ADVANCED_FACE ( 'NONE', ( #6552 ), #6801, .T. ) ;
#1242 = ORIENTED_EDGE ( 'NONE', *, *, #1243, .T. ) ;
#1243 = EDGE_CURVE ( 'NONE', #1245, #1237, #6693, .T. ) ;
#1244 = VERTEX_POINT ( 'NONE', #6619 ) ;
#1245 = VERTEX_POINT ( 'NONE', #6720 ) ;
#1246 = EDGE_CURVE ( 'NONE', #1218, #1222, #6715, .T. ) ;
#1247 = VERTEX_POINT ( 'NONE', #6719 ) ;
#1248 = OPEN_SHELL ( 'NONE', ( #1200 ) ) ;
#1249 = EDGE_CURVE ( 'NONE', #1239, #1245, #6711, .T. ) ;
#1250 = ORIENTED_EDGE ( 'NONE', *, *, #1486, .F. ) ;
#1251 = ORIENTED_EDGE ( 'NONE', *, *, #1213, .F. ) ;
#1252 = ADVANCED_FACE ( 'NONE', ( #6716 ), #6717, .F. ) ;
#1253 = ORIENTED_EDGE ( 'NONE', *, *, #1254, .F. ) ;
#1254 = EDGE_CURVE ( 'NONE', #1229, #1263, #6761, .T. ) ;
#1255 = ORIENTED_EDGE ( 'NONE', *, *, #1215, .F. ) ;
#1256 = ORIENTED_EDGE ( 'NONE', *, *, #1232, .F. ) ;
#1257 = ORIENTED_EDGE ( 'NONE', *, *, #1260, .F. ) ;
#1258 = EDGE_CURVE ( 'NONE', #854, #1217, #6604, .T. ) ;
#1259 = EDGE_CURVE ( 'NONE', #1223, #1235, #6608, .T. ) ;
#1260 = EDGE_CURVE ( 'NONE', #1235, #1267, #6747, .T. ) ;
#1261 = ORIENTED_EDGE ( 'NONE', *, *, #1212, .F. ) ;
#1262 = EDGE_CURVE ( 'NONE', #1237, #1209, #6741, .T. ) ;
#1263 = VERTEX_POINT ( 'NONE', #6614 ) ;
#1264 = ORIENTED_EDGE ( 'NONE', *, *, #1196, .T. ) ;
#1265 = ORIENTED_EDGE ( 'NONE', *, *, #1168, .F. ) ;
#1266 = EDGE_CURVE ( 'NONE', #800, #1175, #6737, .T. ) ;
#1267 = VERTEX_POINT ( 'NONE', #6743 ) ;
#1268 = ORIENTED_EDGE ( 'NONE', *, *, #1266, .F. ) ;
#1269 = VERTEX_POINT ( 'NONE', #6600 ) ;
#1270 = ORIENTED_EDGE ( 'NONE', *, *, #807, .F. ) ;
#1271 = OPEN_SHELL ( 'NONE', ( #1141 ) ) ;
#1272 = VERTEX_POINT ( 'NONE', #6731 ) ;
#1273 = VERTEX_POINT ( 'NONE', #6738 ) ;
#1274 = EDGE_CURVE ( 'NONE', #1277, #1276, #6728, .T. ) ;
#1275 = OPEN_SHELL ( 'NONE', ( #1287 ) ) ;
#1276 = VERTEX_POINT ( 'NONE', #6727 ) ;
#1277 = VERTEX_POINT ( 'NONE', #6735 ) ;
#1278 = ORIENTED_EDGE ( 'NONE', *, *, #1096, .F. ) ;
#1279 = ORIENTED_EDGE ( 'NONE', *, *, #1108, .F. ) ;
#1280 = EDGE_CURVE ( 'NONE', #1106, #1292, #6729, .T. ) ;
#1281 = VERTEX_POINT ( 'NONE', #6732 ) ;
#1282 = ORIENTED_EDGE ( 'NONE', *, *, #1127, .T. ) ;
#1283 = EDGE_CURVE ( 'NONE', #1126, #1284, #6588, .T. ) ;
#1284 = VERTEX_POINT ( 'NONE', #6589 ) ;
#1285 = VERTEX_POINT ( 'NONE', #6730 ) ;
#1286 = VERTEX_POINT ( 'NONE', #6742 ) ;
#1287 = ADVANCED_FACE ( 'NONE', ( #6632 ), #6629, .T. ) ;
#1288 = ORIENTED_EDGE ( 'NONE', *, *, #1289, .F. ) ;
#1289 = EDGE_CURVE ( 'NONE', #1290, #1126, #6754, .T. ) ;
#1290 = VERTEX_POINT ( 'NONE', #6631 ) ;
#1291 = VERTEX_POINT ( 'NONE', #6630 ) ;
#1292 = VERTEX_POINT ( 'NONE', #6755 ) ;
#1293 = ORIENTED_EDGE ( 'NONE', *, *, #1090, .F. ) ;
#1294 = EDGE_CURVE ( 'NONE', #1130, #1277, #6753, .T. ) ;
#1295 = VERTEX_POINT ( 'NONE', #6579 ) ;
#1296 = EDGE_CURVE ( 'NONE', #1100, #1101, #6673, .T. ) ;
#1297 = EDGE_CURVE ( 'NONE', #1281, #1130, #6668, .T. ) ;
#1298 = EDGE_CURVE ( 'NONE', #1180, #1230, #6664, .T. ) ;
#1299 = EDGE_CURVE ( 'NONE', #1358, #1359, #6660, .T. ) ;
#1300 = EDGE_LOOP ( 'NONE', ( #1064, #785, #1146, #1053, #1076 ) ) ;
#1301 = ORIENTED_EDGE ( 'NONE', *, *, #1299, .T. ) ;
#1302 = ORIENTED_EDGE ( 'NONE', *, *, #1468, .F. ) ;
#1303 = ORIENTED_EDGE ( 'NONE', *, *, #1049, .F. ) ;
#1304 = EDGE_CURVE ( 'NONE', #1152, #1153, #6796, .T. ) ;
#1305 = VERTEX_POINT ( 'NONE', #6669 ) ;
#1306 = VERTEX_POINT ( 'NONE', #6672 ) ;
#1307 = EDGE_CURVE ( 'NONE', #1041, #1152, #6785, .T. ) ;
#1308 = ORIENTED_EDGE ( 'NONE', *, *, #1321, .F. ) ;
#1309 = EDGE_CURVE ( 'NONE', #1322, #1323, #6779, .T. ) ;
#1310 = EDGE_CURVE ( 'NONE', #1325, #1311, #6774, .T. ) ;
#1311 = VERTEX_POINT ( 'NONE', #6780 ) ;
#1312 = ORIENTED_EDGE ( 'NONE', *, *, #1393, .F. ) ;
#1313 = ORIENTED_EDGE ( 'NONE', *, *, #1461, .F. ) ;
#1314 = ORIENTED_EDGE ( 'NONE', *, *, #1459, .F. ) ;
#1315 = ORIENTED_EDGE ( 'NONE', *, *, #1324, .F. ) ;
#1316 = ORIENTED_EDGE ( 'NONE', *, *, #1457, .F. ) ;
#1317 = VERTEX_POINT ( 'NONE', #5924 ) ;
#1318 = VERTEX_POINT ( 'NONE', #6534 ) ;
#1319 = VERTEX_POINT ( 'NONE', #6532 ) ;
#1320 = ORIENTED_EDGE ( 'NONE', *, *, #1328, .F. ) ;
#1321 = EDGE_CURVE ( 'NONE', #1323, #1334, #6767, .T. ) ;
#1322 = VERTEX_POINT ( 'NONE', #6968 ) ;
#1323 = VERTEX_POINT ( 'NONE', #7000 ) ;
#1324 = EDGE_CURVE ( 'NONE', #1433, #1434, #7004, .T. ) ;
#1325 = VERTEX_POINT ( 'NONE', #7005 ) ;
#1326 = EDGE_CURVE ( 'NONE', #1437, #1438, #6965, .T. ) ;
#1327 = ORIENTED_EDGE ( 'NONE', *, *, #1335, .F. ) ;
#1328 = EDGE_CURVE ( 'NONE', #1334, #1384, #6961, .T. ) ;
#1329 = ORIENTED_EDGE ( 'NONE', *, *, #1565, .F. ) ;
#1330 = VERTEX_POINT ( 'NONE', #6967 ) ;
#1331 = ORIENTED_EDGE ( 'NONE', *, *, #1566, .F. ) ;
#1332 = ORIENTED_EDGE ( 'NONE', *, *, #1436, .F. ) ;
#1333 = EDGE_CURVE ( 'NONE', #1564, #1318, #6955, .T. ) ;
#1334 = VERTEX_POINT ( 'NONE', #6953 ) ;
#1335 = EDGE_CURVE ( 'NONE', #1384, #1325, #6956, .T. ) ;
#1336 = VERTEX_POINT ( 'NONE', #6949 ) ;
#1337 = EDGE_CURVE ( 'NONE', #1339, #1428, #6948, .T. ) ;
#1338 = ORIENTED_EDGE ( 'NONE', *, *, #1401, .T. ) ;
#1339 = VERTEX_POINT ( 'NONE', #6943 ) ;
#1340 = EDGE_CURVE ( 'NONE', #1512, #1336, #6864, .T. ) ;
#1341 = ORIENTED_EDGE ( 'NONE', *, *, #1531, .T. ) ;
#1342 = ORIENTED_EDGE ( 'NONE', *, *, #1340, .T. ) ;
#1343 = EDGE_CURVE ( 'NONE', #1336, #1524, #6859, .T. ) ;
#1344 = ORIENTED_EDGE ( 'NONE', *, *, #1343, .T. ) ;
#1345 = EDGE_CURVE ( 'NONE', #1524, #1522, #6938, .T. ) ;
#1346 = ORIENTED_EDGE ( 'NONE', *, *, #1440, .F. ) ;
#1347 = ADVANCED_FACE ( 'NONE', ( #6957 ), #6863, .T. ) ;
#1348 = VERTEX_POINT ( 'NONE', #7038 ) ;
#1349 = EDGE_CURVE ( 'NONE', #1521, #1519, #7027, .T. ) ;
#1350 = EDGE_LOOP ( 'NONE', ( #1431, #1510, #1514, #1504 ) ) ;
#1351 = EDGE_CURVE ( 'NONE', #1430, #1422, #6999, .T. ) ;
#1352 = VERTEX_POINT ( 'NONE', #6944 ) ;
#1353 = ORIENTED_EDGE ( 'NONE', *, *, #1062, .F. ) ;
#1354 = VERTEX_POINT ( 'NONE', #6940 ) ;
#1355 = ORIENTED_EDGE ( 'NONE', *, *, #1357, .F. ) ;
#1356 = ORIENTED_EDGE ( 'NONE', *, *, #1161, .F. ) ;
#1357 = EDGE_CURVE ( 'NONE', #1160, #1352, #6978, .T. ) ;
#1358 = VERTEX_POINT ( 'NONE', #7034 ) ;
#1359 = VERTEX_POINT ( 'NONE', #6982 ) ;
#1360 = EDGE_CURVE ( 'NONE', #1284, #1160, #6975, .T. ) ;
#1361 = EDGE_LOOP ( 'NONE', ( #1396, #1395, #1301 ) ) ;
#1362 = EDGE_CURVE ( 'NONE', #1359, #1366, #7015, .T. ) ;
#1363 = OPEN_SHELL ( 'NONE', ( #1394 ) ) ;
#1364 = OPEN_SHELL ( 'NONE', ( #1508 ) ) ;
#1365 = EDGE_CURVE ( 'NONE', #1056, #1398, #7012, .T. ) ;
#1366 = VERTEX_POINT ( 'NONE', #7011 ) ;
#1367 = OPEN_SHELL ( 'NONE', ( #1538 ) ) ;
#1368 = ADVANCED_FACE ( 'NONE', ( #7010 ), #6898, .F. ) ;
#1369 = VERTEX_POINT ( 'NONE', #6977 ) ;
#1370 = VERTEX_POINT ( 'NONE', #6878 ) ;
#1371 = EDGE_LOOP ( 'NONE', ( #1383, #1316, #1554, #1380, #1560, #1557, #1329, #1332, #1562, #1331, #1452, #1454, #1455, #1545, #1817, #1812 ) ) ;
#1372 = VERTEX_POINT ( 'NONE', #6897 ) ;
#1373 = ORIENTED_EDGE ( 'NONE', *, *, #1460, .F. ) ;
#1374 = EDGE_CURVE ( 'NONE', #1369, #1370, #6883, .T. ) ;
#1375 = VERTEX_POINT ( 'NONE', #6884 ) ;
#1376 = ORIENTED_EDGE ( 'NONE', *, *, #1374, .F. ) ;
#1377 = EDGE_CURVE ( 'NONE', #1372, #1369, #6831, .T. ) ;
#1378 = ORIENTED_EDGE ( 'NONE', *, *, #1377, .F. ) ;
#1379 = EDGE_CURVE ( 'NONE', #1375, #1382, #6824, .T. ) ;
#1380 = ORIENTED_EDGE ( 'NONE', *, *, #1555, .F. ) ;
#1381 = ADVANCED_FACE ( 'NONE', ( #6775 ), #7049, .T. ) ;
#1382 = VERTEX_POINT ( 'NONE', #7203 ) ;
#1383 = ORIENTED_EDGE ( 'NONE', *, *, #1379, .F. ) ;
#1384 = VERTEX_POINT ( 'NONE', #7199 ) ;
#1385 = VERTEX_POINT ( 'NONE', #7133 ) ;
#1386 = ORIENTED_EDGE ( 'NONE', *, *, #1309, .F. ) ;
#1387 = EDGE_CURVE ( 'NONE', #1438, #1322, #7057, .T. ) ;
#1388 = ORIENTED_EDGE ( 'NONE', *, *, #1326, .F. ) ;
#1389 = EDGE_CURVE ( 'NONE', #1385, #1437, #7118, .T. ) ;
#1390 = VERTEX_POINT ( 'NONE', #7200 ) ;
#1391 = EDGE_LOOP ( 'NONE', ( #1313, #1373, #1376, #1378 ) ) ;
#1392 = ORIENTED_EDGE ( 'NONE', *, *, #1389, .F. ) ;
#1393 = EDGE_CURVE ( 'NONE', #1434, #1385, #7052, .T. ) ;
#1394 = ADVANCED_FACE ( 'NONE', ( #7198 ), #7054, .T. ) ;
#1395 = ORIENTED_EDGE ( 'NONE', *, *, #1397, .T. ) ;
#1396 = ORIENTED_EDGE ( 'NONE', *, *, #1362, .T. ) ;
#1397 = EDGE_CURVE ( 'NONE', #1366, #1358, #7191, .T. ) ;
#1398 = VERTEX_POINT ( 'NONE', #7195 ) ;
#1399 = EDGE_CURVE ( 'NONE', #1503, #1506, #7185, .T. ) ;
#1400 = ORIENTED_EDGE ( 'NONE', *, *, #1534, .T. ) ;
#1401 = EDGE_CURVE ( 'NONE', #1403, #1421, #7179, .T. ) ;
#1402 = VERTEX_POINT ( 'NONE', #7182 ) ;
#1403 = VERTEX_POINT ( 'NONE', #7181 ) ;
#1404 = EDGE_CURVE ( 'NONE', #1421, #1339, #7187, .T. ) ;
#1405 = VERTEX_POINT ( 'NONE', #7238 ) ;
#1406 = ADVANCED_FACE ( 'NONE', ( #7180 ), #7243, .T. ) ;
#1407 = EDGE_LOOP ( 'NONE', ( #1341, #1442, #1518, #1423, #1444 ) ) ;
#1408 = EDGE_CURVE ( 'NONE', #1522, #1511, #7216, .T. ) ;
#1409 = ORIENTED_EDGE ( 'NONE', *, *, #1449, .F. ) ;
#1410 = VERTEX_POINT ( 'NONE', #7156 ) ;
#1411 = EDGE_LOOP ( 'NONE', ( #1414, #1525, #1342, #1344, #1530 ) ) ;
#1412 = ORIENTED_EDGE ( 'NONE', *, *, #1451, .F. ) ;
#1413 = EDGE_CURVE ( 'NONE', #1416, #1410, #7204, .T. ) ;
#1414 = ORIENTED_EDGE ( 'NONE', *, *, #1408, .T. ) ;
#1415 = EDGE_CURVE ( 'NONE', #1402, #1416, #7134, .T. ) ;
#1416 = VERTEX_POINT ( 'NONE', #7152 ) ;
#1417 = EDGE_CURVE ( 'NONE', #1405, #1019, #7063, .T. ) ;
#1418 = EDGE_CURVE ( 'NONE', #1422, #1405, #7128, .T. ) ;
#1419 = EDGE_LOOP ( 'NONE', ( #1427, #1527, #1526, #1400, #1338 ) ) ;
#1420 = EDGE_CURVE ( 'NONE', #1515, #1503, #7409, .T. ) ;
#1421 = VERTEX_POINT ( 'NONE', #7432 ) ;
#1422 = VERTEX_POINT ( 'NONE', #7381 ) ;
#1423 = ORIENTED_EDGE ( 'NONE', *, *, #1529, .T. ) ;
#1424 = EDGE_CURVE ( 'NONE', #1446, #1445, #7430, .T. ) ;
#1425 = ORIENTED_EDGE ( 'NONE', *, *, #1703, .F. ) ;
#1426 = ORIENTED_EDGE ( 'NONE', *, *, #1418, .F. ) ;
#1427 = ORIENTED_EDGE ( 'NONE', *, *, #1404, .T. ) ;
#1428 = VERTEX_POINT ( 'NONE', #7382 ) ;
#1429 = OPEN_SHELL ( 'NONE', ( #1368 ) ) ;
#1430 = VERTEX_POINT ( 'NONE', #7431 ) ;
#1431 = ORIENTED_EDGE ( 'NONE', *, *, #1432, .F. ) ;
#1432 = EDGE_CURVE ( 'NONE', #1506, #1507, #7427, .T. ) ;
#1433 = VERTEX_POINT ( 'NONE', #7410 ) ;
#1434 = VERTEX_POINT ( 'NONE', #7377 ) ;
#1435 = ORIENTED_EDGE ( 'NONE', *, *, #1387, .F. ) ;
#1436 = EDGE_CURVE ( 'NONE', #1318, #1556, #7368, .T. ) ;
#1437 = VERTEX_POINT ( 'NONE', #7330 ) ;
#1438 = VERTEX_POINT ( 'NONE', #7414 ) ;
#1439 = ORIENTED_EDGE ( 'NONE', *, *, #1351, .F. ) ;
#1440 = EDGE_CURVE ( 'NONE', #1075, #1430, #7331, .T. ) ;
#1441 = ADVANCED_FACE ( 'NONE', ( #7329 ), #7316, .T. ) ;
#1442 = ORIENTED_EDGE ( 'NONE', *, *, #1443, .T. ) ;
#1443 = EDGE_CURVE ( 'NONE', #1447, #1521, #7301, .T. ) ;
#1444 = ORIENTED_EDGE ( 'NONE', *, *, #1424, .T. ) ;
#1445 = VERTEX_POINT ( 'NONE', #7296 ) ;
#1446 = VERTEX_POINT ( 'NONE', #7295 ) ;
#1447 = VERTEX_POINT ( 'NONE', #7294 ) ;
#1448 = EDGE_CURVE ( 'NONE', #1507, #1515, #7279, .T. ) ;
#1449 = EDGE_CURVE ( 'NONE', #1513, #1402, #7509, .T. ) ;
#1450 = EDGE_LOOP ( 'NONE', ( #1409, #1412, #1509, #1517 ) ) ;
#1451 = EDGE_CURVE ( 'NONE', #1410, #1513, #7525, .T. ) ;
#1452 = ORIENTED_EDGE ( 'NONE', *, *, #1567, .F. ) ;
#1453 = EDGE_CURVE ( 'NONE', #1559, #1330, #7440, .T. ) ;
#1454 = ORIENTED_EDGE ( 'NONE', *, *, #1453, .F. ) ;
#1455 = ORIENTED_EDGE ( 'NONE', *, *, #1549, .F. ) ;
#1456 = EDGE_CURVE ( 'NONE', #1390, #1433, #7442, .T. ) ;
#1457 = EDGE_CURVE ( 'NONE', #1317, #1375, #7514, .T. ) ;
#1458 = ORIENTED_EDGE ( 'NONE', *, *, #1456, .F. ) ;
#1459 = EDGE_CURVE ( 'NONE', #1311, #1390, #7469, .T. ) ;
#1460 = EDGE_CURVE ( 'NONE', #1370, #1463, #7456, .T. ) ;
#1461 = EDGE_CURVE ( 'NONE', #1463, #1372, #7452, .T. ) ;
#1462 = OPEN_SHELL ( 'NONE', ( #1381 ) ) ;
#1463 = VERTEX_POINT ( 'NONE', #7453 ) ;
#1464 =( NAMED_UNIT ( * ) SI_UNIT ( $, .STERADIAN. ) SOLID_ANGLE_UNIT ( ) );
#1465 = VERTEX_POINT ( 'NONE', #7451 ) ;
#1466 = ORIENTED_EDGE ( 'NONE', *, *, #1148, .F. ) ;
#1467 = ORIENTED_EDGE ( 'NONE', *, *, #1307, .F. ) ;
#1468 = EDGE_CURVE ( 'NONE', #1306, #1041, #7471, .T. ) ;
#1469 = ORIENTED_EDGE ( 'NONE', *, *, #1472, .F. ) ;
#1470 = EDGE_CURVE ( 'NONE', #1480, #1247, #7435, .T. ) ;
#1471 = ORIENTED_EDGE ( 'NONE', *, *, #1833, .F. ) ;
#1472 = EDGE_CURVE ( 'NONE', #1806, #1480, #7600, .T. ) ;
#1473 = VERTEX_POINT ( 'NONE', #7601 ) ;
#1474 = VERTEX_POINT ( 'NONE', #7436 ) ;
#1475 = VERTEX_POINT ( 'NONE', #7470 ) ;
#1476 = EDGE_CURVE ( 'NONE', #1475, #1805, #7502, .T. ) ;
#1477 = ORIENTED_EDGE ( 'NONE', *, *, #1051, .F. ) ;
#1478 = EDGE_CURVE ( 'NONE', #1835, #1475, #7479, .T. ) ;
#1479 = VERTEX_POINT ( 'NONE', #7129 ) ;
#1480 = VERTEX_POINT ( 'NONE', #7127 ) ;
#1481 = ORIENTED_EDGE ( 'NONE', *, *, #1478, .F. ) ;
#1482 = EDGE_CURVE ( 'NONE', #1837, #1835, #7300, .T. ) ;
#1483 = EDGE_CURVE ( 'NONE', #1479, #1806, #7602, .T. ) ;
#1484 = ORIENTED_EDGE ( 'NONE', *, *, #1482, .F. ) ;
#1485 = EDGE_LOOP ( 'NONE', ( #1547, #1250, #1477, #1057, #1469 ) ) ;
#1486 = EDGE_CURVE ( 'NONE', #1198, #1479, #7764, .T. ) ;
#1487 = VERTEX_POINT ( 'NONE', #7673 ) ;
#1488 = EDGE_CURVE ( 'NONE', #1474, #1490, #7697, .T. ) ;
#1489 = VERTEX_POINT ( 'NONE', #7699 ) ;
#1490 = VERTEX_POINT ( 'NONE', #7698 ) ;
#1491 = ORIENTED_EDGE ( 'NONE', *, *, #1497, .F. ) ;
#1492 = EDGE_CURVE ( 'NONE', #1487, #1474, #7696, .T. ) ;
#1493 = ORIENTED_EDGE ( 'NONE', *, *, #1823, .F. ) ;
#1494 = VERTEX_POINT ( 'NONE', #7683 ) ;
#1495 = VERTEX_POINT ( 'NONE', #7789 ) ;
#1496 = ORIENTED_EDGE ( 'NONE', *, *, #1492, .F. ) ;
#1497 = EDGE_CURVE ( 'NONE', #1502, #1487, #7798, .T. ) ;
#1498 = ORIENTED_EDGE ( 'NONE', *, *, #1499, .F. ) ;
#1499 = EDGE_CURVE ( 'NONE', #1494, #1495, #7718, .T. ) ;
#1500 = EDGE_CURVE ( 'NONE', #1535, #1502, #7713, .T. ) ;
#1501 = UNCERTAINTY_MEASURE_WITH_UNIT (LENGTH_MEASURE( 1.000000000000000100E-005 ), #1597, 'distance_accuracy_value', 'NONE');
#1502 = VERTEX_POINT ( 'NONE', #7721 ) ;
#1503 = VERTEX_POINT ( 'NONE', #7814 ) ;
#1504 = ORIENTED_EDGE ( 'NONE', *, *, #1448, .F. ) ;
#1505 = OPEN_SHELL ( 'NONE', ( #1066 ) ) ;
#1506 = VERTEX_POINT ( 'NONE', #7720 ) ;
#1507 = VERTEX_POINT ( 'NONE', #7719 ) ;
#1508 = ADVANCED_FACE ( 'NONE', ( #7664, #7716 ), #7722, .T. ) ;
#1509 = ORIENTED_EDGE ( 'NONE', *, *, #1413, .F. ) ;
#1510 = ORIENTED_EDGE ( 'NONE', *, *, #1399, .F. ) ;
#1511 = VERTEX_POINT ( 'NONE', #7688 ) ;
#1512 = VERTEX_POINT ( 'NONE', #7714 ) ;
#1513 = VERTEX_POINT ( 'NONE', #7665 ) ;
#1514 = ORIENTED_EDGE ( 'NONE', *, *, #1420, .F. ) ;
#1515 = VERTEX_POINT ( 'NONE', #7687 ) ;
#1516 = EDGE_CURVE ( 'NONE', #1511, #1512, #7873, .T. ) ;
#1517 = ORIENTED_EDGE ( 'NONE', *, *, #1415, .F. ) ;
#1518 = ORIENTED_EDGE ( 'NONE', *, *, #1349, .T. ) ;
#1519 = VERTEX_POINT ( 'NONE', #7874 ) ;
#1520 = ORIENTED_EDGE ( 'NONE', *, *, #1310, .F. ) ;
#1521 = VERTEX_POINT ( 'NONE', #7877 ) ;
#1522 = VERTEX_POINT ( 'NONE', #7872 ) ;
#1523 = OPEN_SHELL ( 'NONE', ( #1059 ) ) ;
#1524 = VERTEX_POINT ( 'NONE', #7871 ) ;
#1525 = ORIENTED_EDGE ( 'NONE', *, *, #1516, .T. ) ;
#1526 = ORIENTED_EDGE ( 'NONE', *, *, #1528, .T. ) ;
#1527 = ORIENTED_EDGE ( 'NONE', *, *, #1337, .T. ) ;
#1528 = EDGE_CURVE ( 'NONE', #1428, #1348, #7678, .T. ) ;
#1529 = EDGE_CURVE ( 'NONE', #1519, #1446, #7758, .T. ) ;
#1530 = ORIENTED_EDGE ( 'NONE', *, *, #1345, .T. ) ;
#1531 = EDGE_CURVE ( 'NONE', #1445, #1447, #7757, .T. ) ;
#1532 = OPEN_SHELL ( 'NONE', ( #1406 ) ) ;
#1533 = OPEN_SHELL ( 'NONE', ( #1347 ) ) ;
#1534 = EDGE_CURVE ( 'NONE', #1348, #1403, #7785, .T. ) ;
#1535 = VERTEX_POINT ( 'NONE', #7812 ) ;
#1536 = VERTEX_POINT ( 'NONE', #7811 ) ;
#1537 = ORIENTED_EDGE ( 'NONE', *, *, #1488, .F. ) ;
#1538 = ADVANCED_FACE ( 'NONE', ( #7876 ), #7783, .T. ) ;
#1539 = EDGE_CURVE ( 'NONE', #1540, #1536, #8068, .T. ) ;
#1540 = VERTEX_POINT ( 'NONE', #8021 ) ;
#1541 = VERTEX_POINT ( 'NONE', #8020 ) ;
#1542 = ORIENTED_EDGE ( 'NONE', *, *, #1544, .F. ) ;
#1543 = ORIENTED_EDGE ( 'NONE', *, *, #1539, .F. ) ;
#1544 = EDGE_CURVE ( 'NONE', #1490, #1540, #7917, .T. ) ;
#1545 = ORIENTED_EDGE ( 'NONE', *, *, #1813, .F. ) ;
#1546 = EDGE_CURVE ( 'NONE', #1814, #1548, #8035, .T. ) ;
#1547 = ORIENTED_EDGE ( 'NONE', *, *, #1483, .F. ) ;
#1548 = VERTEX_POINT ( 'NONE', #8090 ) ;
#1549 = EDGE_CURVE ( 'NONE', #1832, #1559, #7976, .T. ) ;
#1550 = EDGE_CURVE ( 'NONE', #1551, #1317, #7978, .T. ) ;
#1551 = VERTEX_POINT ( 'NONE', #8036 ) ;
#1552 = VERTEX_POINT ( 'NONE', #7939 ) ;
#1553 = VERTEX_POINT ( 'NONE', #7979 ) ;
#1554 = ORIENTED_EDGE ( 'NONE', *, *, #1550, .F. ) ;
#1555 = EDGE_CURVE ( 'NONE', #1319, #1551, #8041, .T. ) ;
#1556 = VERTEX_POINT ( 'NONE', #7938 ) ;
#1557 = ORIENTED_EDGE ( 'NONE', *, *, #1561, .F. ) ;
#1558 = EDGE_CURVE ( 'NONE', #1553, #1319, #8038, .T. ) ;
#1559 = VERTEX_POINT ( 'NONE', #8039 ) ;
#1560 = ORIENTED_EDGE ( 'NONE', *, *, #1558, .F. ) ;
#1561 = EDGE_CURVE ( 'NONE', #1552, #1553, #8042, .T. ) ;
#1562 = ORIENTED_EDGE ( 'NONE', *, *, #1333, .F. ) ;
#1563 = VERTEX_POINT ( 'NONE', #7897 ) ;
#1564 = VERTEX_POINT ( 'NONE', #7896 ) ;
#1565 = EDGE_CURVE ( 'NONE', #1556, #1552, #7881, .T. ) ;
#1566 = EDGE_CURVE ( 'NONE', #1563, #1564, #8078, .T. ) ;
#1567 = EDGE_CURVE ( 'NONE', #1330, #1563, #8074, .T. ) ;
#1568 =( GEOMETRIC_REPRESENTATION_CONTEXT ( 3 ) GLOBAL_UNCERTAINTY_ASSIGNED_CONTEXT ( ( #2146 ) ) GLOBAL_UNIT_ASSIGNED_CONTEXT ( ( #2149, #2148, #2147 ) ) REPRESENTATION_CONTEXT ( 'NONE', 'WORKASPACE' ) );
#1569 = FACE_OUTER_BOUND ( 'NONE', #34, .T. ) ;
#1570 = CARTESIAN_POINT ( 'NONE',  ( 7.714834203475553500, -1.188838494129669700, -3.000000000000000000 ) ) ;
#1571 = CARTESIAN_POINT ( 'NONE',  ( 7.714590432547251600, -1.206953520855110500, -2.999999999999999600 ) ) ;
#1572 = CARTESIAN_POINT ( 'NONE',  ( 7.714106532135516200, -1.242912972427795200, -3.000000000000000000 ) ) ;
#1573 = CARTESIAN_POINT ( 'NONE',  ( 7.710429182522747600, -1.296408720889241400, -2.999999999999999600 ) ) ;
#1574 = CARTESIAN_POINT ( 'NONE',  ( 7.703740904703200200, -1.348891752817891900, -3.000000000000000000 ) ) ;
#1575 = CARTESIAN_POINT ( 'NONE',  ( 7.695317052525756400, -1.400683834602942400, -3.000000000000000000 ) ) ;
#1576 = CARTESIAN_POINT ( 'NONE',  ( 7.683721162573264400, -1.451396367133235100, -2.999999999999999600 ) ) ;
#1577 = CARTESIAN_POINT ( 'NONE',  ( 7.670252220516648100, -1.501456061507523400, -3.000000000000000400 ) ) ;
#1578 = CARTESIAN_POINT ( 'NONE',  ( 7.653777552127311700, -1.550441674101764600, -2.999999999999999600 ) ) ;
#1579 = CARTESIAN_POINT ( 'NONE',  ( 7.635154747278109600, -1.598450814034181800, -3.000000000000000000 ) ) ;
#1580 = CARTESIAN_POINT ( 'NONE',  ( 7.613937530289152100, -1.644535168178424800, -3.000000000000000000 ) ) ;
#1581 = CARTESIAN_POINT ( 'NONE',  ( 7.590645517272445600, -1.688248557191878600, -3.000000000000000900 ) ) ;
#1582 = CARTESIAN_POINT ( 'NONE',  ( 7.564415524221627300, -1.728780533727475800, -2.999999999999999100 ) ) ;
#1583 = CARTESIAN_POINT ( 'NONE',  ( 7.536527821985299800, -1.766845269505714600, -3.000000000000000400 ) ) ;
#1584 = CARTESIAN_POINT ( 'NONE',  ( 7.505956415901467300, -1.801925639103075100, -2.999999999999999600 ) ) ;
#1585 = CARTESIAN_POINT ( 'NONE',  ( 7.473367162314551700, -1.834484401331471600, -3.000000000000000400 ) ) ;
#1586 = CARTESIAN_POINT ( 'NONE',  ( 7.437945206623392200, -1.863752813620543200, -3.000000000000000000 ) ) ;
#1587 = CARTESIAN_POINT ( 'NONE',  ( 7.400550476136097600, -1.890536603025714700, -2.999999999999999100 ) ) ;
#1588 = CARTESIAN_POINT ( 'NONE',  ( 7.360332601621080600, -1.914112947866100500, -3.000000000000001800 ) ) ;
#1589 = CARTESIAN_POINT ( 'NONE',  ( 7.317462402106140300, -1.934843807258364000, -2.999999999999999100 ) ) ;
#1590 = CARTESIAN_POINT ( 'NONE',  ( 7.271582283162207900, -1.952149403562012200, -3.000000000000000400 ) ) ;
#1591 = CARTESIAN_POINT ( 'NONE',  ( 7.222772605397406000, -1.965904870503887700, -2.999999999999999100 ) ) ;
#1592 = CARTESIAN_POINT ( 'NONE',  ( 7.171235769241365100, -1.977029948180655900, -3.000000000000000400 ) ) ;
#1593 = CARTESIAN_POINT ( 'NONE',  ( 7.116798307836432100, -1.985037305982748200, -3.000000000000000400 ) ) ;
#1594 = CARTESIAN_POINT ( 'NONE',  ( 7.059561881902464400, -1.989654242449612900, -2.999999999999999100 ) ) ;
#1595 = CARTESIAN_POINT ( 'NONE',  ( 7.020491111616971500, -1.990221870588174900, -3.000000000000000000 ) ) ;
#1596 = CARTESIAN_POINT ( 'NONE',  ( 7.000520569238900300, -1.990512006710736900, -3.000000000000000000 ) ) ;
#1597 =( LENGTH_UNIT ( ) NAMED_UNIT ( * ) SI_UNIT ( .MILLI., .METRE. ) );
#1598 = MECHANICAL_DESIGN_GEOMETRIC_PRESENTATION_REPRESENTATION (  '', ( #1600 ), #1950 ) ;
#1599 = PRESENTATION_LAYER_ASSIGNMENT (  '', '', ( #1600 ) ) ;
#1600 = STYLED_ITEM ( 'NONE', ( #1601 ), #16 ) ;
#1601 = PRESENTATION_STYLE_ASSIGNMENT (( #1602 ) ) ;
#1602 = SURFACE_STYLE_USAGE ( .BOTH. , #1603 ) ;
#1603 = SURFACE_SIDE_STYLE ('',( #1794 ) ) ;
#1604 = CARTESIAN_POINT ( 'NONE',  ( 7.714834203475553500, -1.188838494129669700, -3.000000000000000000 ) ) ;
#1605 = B_SPLINE_CURVE_WITH_KNOTS ( 'NONE', 3,
 ( #1596, #1595, #1594, #1593, #1592, #1591, #1590, #1589, #1588, #1587, #1586, #1585, #1584, #1583, #1582, #1581, #1580, #1579, #1578, #1577, #1576, #1575, #1574, #1573, #1572, #1571, #1570 ),
 .UNSPECIFIED., .F., .F.,
 ( 4, 1, 1, 1, 1, 1, 1, 1, 1, 1, 1, 1, 1, 1, 1, 1, 1, 1, 1, 1, 1, 1, 1, 1, 4 ),
 ( 0.0000000000000000000, 0.04919591886785765200, 0.09624788394233317600, 0.1413486305545654800, 0.1846561193487503700, 0.2260586823100629900, 0.2661730836384064200, 0.3052898413966903000, 0.3432450951047076300, 0.3808772760868660600, 0.4184957931350258300, 0.4563187508918001300, 0.4942367370918762700, 0.5330235289576674700, 0.5724731943339441700, 0.6130788090898914300, 0.6549344546107938000, 0.6973967795046185400, 0.7398840686663998900, 0.7821947798191175600, 0.8250615348667030800, 0.8679874655774053600, 0.9114105439600778100, 0.9553719455228146800, 1.000000000000000000 ),
 .UNSPECIFIED. ) ;
#1606 = COLOUR_RGB ( '',1.000000000000000000, 1.000000000000000000, 1.000000000000000000 ) ;
#1607 = EDGE_LOOP ( 'NONE', ( #1608, #729, #496, #570 ) ) ;
#1608 = ORIENTED_EDGE ( 'NONE', *, *, #1761, .T. ) ;
#1609 = VERTEX_POINT ( 'NONE', #8040 ) ;
#1610 = VERTEX_POINT ( 'NONE', #8070 ) ;
#1611 = ORIENTED_EDGE ( 'NONE', *, *, #1676, .T. ) ;
#1612 = ORIENTED_EDGE ( 'NONE', *, *, #1639, .T. ) ;
#1613 = ORIENTED_EDGE ( 'NONE', *, *, #1677, .T. ) ;
#1614 = VERTEX_POINT ( 'NONE', #7880 ) ;
#1615 = VERTEX_POINT ( 'NONE', #7895 ) ;
#1616 = ORIENTED_EDGE ( 'NONE', *, *, #1617, .T. ) ;
#1617 = EDGE_CURVE ( 'NONE', #1674, #1614, #8018, .T. ) ;
#1618 = EDGE_CURVE ( 'NONE', #1625, #1666, #8069, .T. ) ;
#1619 = VERTEX_POINT ( 'NONE', #8019 ) ;
#1620 = EDGE_CURVE ( 'NONE', #1614, #1619, #8010, .T. ) ;
#1621 = ORIENTED_EDGE ( 'NONE', *, *, #1618, .T. ) ;
#1622 = ORIENTED_EDGE ( 'NONE', *, *, #1683, .T. ) ;
#1623 = ORIENTED_EDGE ( 'NONE', *, *, #1620, .T. ) ;
#1624 = EDGE_CURVE ( 'NONE', #1619, #1673, #8009, .T. ) ;
#1625 = VERTEX_POINT ( 'NONE', #8015 ) ;
#1626 = VERTEX_POINT ( 'NONE', #8011 ) ;
#1627 = EDGE_CURVE ( 'NONE', #776, #1658, #8004, .T. ) ;
#1628 = EDGE_CURVE ( 'NONE', #1759, #1629, #8001, .T. ) ;
#1629 = VERTEX_POINT ( 'NONE', #8008 ) ;
#1630 = ORIENTED_EDGE ( 'NONE', *, *, #1689, .T. ) ;
#1631 = EDGE_CURVE ( 'NONE', #1688, #1686, #8029, .T. ) ;
#1632 = VERTEX_POINT ( 'NONE', #7952 ) ;
#1633 = ORIENTED_EDGE ( 'NONE', *, *, #1690, .T. ) ;
#1634 = EDGE_CURVE ( 'NONE', #1686, #1685, #8026, .T. ) ;
#1635 = ORIENTED_EDGE ( 'NONE', *, *, #1750, .T. ) ;
#1636 = ORIENTED_EDGE ( 'NONE', *, *, #1634, .T. ) ;
#1637 = ORIENTED_EDGE ( 'NONE', *, *, #66, .T. ) ;
#1638 = VERTEX_POINT ( 'NONE', #7953 ) ;
#1639 = EDGE_CURVE ( 'NONE', #1626, #1632, #7980, .T. ) ;
#1640 = ORIENTED_EDGE ( 'NONE', *, *, #147, .T. ) ;
#1641 = EDGE_CURVE ( 'NONE', #1752, #1687, #8085, .T. ) ;
#1642 = EDGE_LOOP ( 'NONE', ( #1613, #1616, #1623, #1682, #1622, #1621, #1630, #1684, #1636, #1633, #1612, #1635 ) ) ;
#1643 = ORIENTED_EDGE ( 'NONE', *, *, #1628, .T. ) ;
#1644 = EDGE_CURVE ( 'NONE', #1670, #1804, #8157, .T. ) ;
#1645 = EDGE_CURVE ( 'NONE', #1658, #1759, #8156, .T. ) ;
#1646 = ORIENTED_EDGE ( 'NONE', *, *, #1669, .T. ) ;
#1647 = EDGE_CURVE ( 'NONE', #1629, #1610, #8199, .T. ) ;
#1648 = ORIENTED_EDGE ( 'NONE', *, *, #1645, .T. ) ;
#1649 = ORIENTED_EDGE ( 'NONE', *, *, #1641, .T. ) ;
#1650 = EDGE_CURVE ( 'NONE', #1687, #1638, #8214, .T. ) ;
#1651 = ORIENTED_EDGE ( 'NONE', *, *, #1760, .T. ) ;
#1652 = VERTEX_POINT ( 'NONE', #8219 ) ;
#1653 = EDGE_CURVE ( 'NONE', #1638, #1662, #8150, .T. ) ;
#1654 = ORIENTED_EDGE ( 'NONE', *, *, #1655, .T. ) ;
#1655 = EDGE_CURVE ( 'NONE', #1652, #1753, #8201, .T. ) ;
#1656 = EDGE_CURVE ( 'NONE', #1662, #1757, #8141, .T. ) ;
#1657 = ORIENTED_EDGE ( 'NONE', *, *, #1656, .T. ) ;
#1658 = VERTEX_POINT ( 'NONE', #8200 ) ;
#1659 = EDGE_CURVE ( 'NONE', #1753, #1664, #8137, .T. ) ;
#1660 = ORIENTED_EDGE ( 'NONE', *, *, #1756, .T. ) ;
#1661 = ORIENTED_EDGE ( 'NONE', *, *, #1653, .T. ) ;
#1662 = VERTEX_POINT ( 'NONE', #8136 ) ;
#1663 = ORIENTED_EDGE ( 'NONE', *, *, #1650, .T. ) ;
#1664 = VERTEX_POINT ( 'NONE', #8149 ) ;
#1665 = EDGE_CURVE ( 'NONE', #1679, #1670, #8130, .T. ) ;
#1666 = VERTEX_POINT ( 'NONE', #8131 ) ;
#1667 = ORIENTED_EDGE ( 'NONE', *, *, #1644, .T. ) ;
#1668 = ORIENTED_EDGE ( 'NONE', *, *, #1681, .T. ) ;
#1669 = EDGE_CURVE ( 'NONE', #1758, #1679, #8279, .T. ) ;
#1670 = VERTEX_POINT ( 'NONE', #8125 ) ;
#1671 = VERTEX_POINT ( 'NONE', #8124 ) ;
#1672 = EDGE_CURVE ( 'NONE', #1804, #1671, #8274, .T. ) ;
#1673 = VERTEX_POINT ( 'NONE', #8273 ) ;
#1674 = VERTEX_POINT ( 'NONE', #8126 ) ;
#1675 = ORIENTED_EDGE ( 'NONE', *, *, #1672, .T. ) ;
#1676 = EDGE_CURVE ( 'NONE', #1671, #680, #8132, .T. ) ;
#1677 = EDGE_CURVE ( 'NONE', #1615, #1674, #8261, .T. ) ;
#1678 = ORIENTED_EDGE ( 'NONE', *, *, #1665, .T. ) ;
#1679 = VERTEX_POINT ( 'NONE', #8272 ) ;
#1680 = ORIENTED_EDGE ( 'NONE', *, *, #1647, .T. ) ;
#1681 = EDGE_CURVE ( 'NONE', #1610, #1758, #8178, .T. ) ;
#1682 = ORIENTED_EDGE ( 'NONE', *, *, #1624, .T. ) ;
#1683 = EDGE_CURVE ( 'NONE', #1673, #1625, #8172, .T. ) ;
#1684 = ORIENTED_EDGE ( 'NONE', *, *, #1631, .T. ) ;
#1685 = VERTEX_POINT ( 'NONE', #8262 ) ;
#1686 = VERTEX_POINT ( 'NONE', #8256 ) ;
#1687 = VERTEX_POINT ( 'NONE', #8173 ) ;
#1688 = VERTEX_POINT ( 'NONE', #8168 ) ;
#1689 = EDGE_CURVE ( 'NONE', #1666, #1688, #8174, .T. ) ;
#1690 = EDGE_CURVE ( 'NONE', #1685, #1626, #8165, .T. ) ;
#1691 = ORIENTED_EDGE ( 'NONE', *, *, #1744, .F. ) ;
#1692 = EDGE_CURVE ( 'NONE', #1737, #1694, #8187, .T. ) ;
#1693 = OPEN_SHELL ( 'NONE', ( #1821 ) ) ;
#1694 = VERTEX_POINT ( 'NONE', #8167 ) ;
#1695 = VERTEX_POINT ( 'NONE', #8161 ) ;
#1696 = ORIENTED_EDGE ( 'NONE', *, *, #1692, .F. ) ;
#1697 = EDGE_CURVE ( 'NONE', #1736, #1737, #8186, .T. ) ;
#1698 = ORIENTED_EDGE ( 'NONE', *, *, #1720, .F. ) ;
#1699 = ORIENTED_EDGE ( 'NONE', *, *, #1697, .F. ) ;
#1700 = EDGE_CURVE ( 'NONE', #1695, #1736, #8123, .T. ) ;
#1701 = ORIENTED_EDGE ( 'NONE', *, *, #1700, .F. ) ;
#1702 = EDGE_CURVE ( 'NONE', #1739, #1695, #8121, .T. ) ;
#1703 = EDGE_CURVE ( 'NONE', #1704, #1819, #8304, .T. ) ;
#1704 = VERTEX_POINT ( 'NONE', #8302 ) ;
#1705 = VERTEX_POINT ( 'NONE', #8117 ) ;
#1706 = VERTEX_POINT ( 'NONE', #8237 ) ;
#1707 = VERTEX_POINT ( 'NONE', #8303 ) ;
#1708 = ORIENTED_EDGE ( 'NONE', *, *, #1711, .F. ) ;
#1709 = EDGE_CURVE ( 'NONE', #1707, #1713, #8285, .T. ) ;
#1710 = EDGE_LOOP ( 'NONE', ( #1725, #1728, #1733, #1717, #1738, #1741 ) ) ;
#1711 = EDGE_CURVE ( 'NONE', #1713, #1704, #8437, .T. ) ;
#1712 = ORIENTED_EDGE ( 'NONE', *, *, #1716, .F. ) ;
#1713 = VERTEX_POINT ( 'NONE', #8354 ) ;
#1714 = ORIENTED_EDGE ( 'NONE', *, *, #1721, .F. ) ;
#1715 = ORIENTED_EDGE ( 'NONE', *, *, #1709, .F. ) ;
#1716 = EDGE_CURVE ( 'NONE', #1706, #1707, #8492, .T. ) ;
#1717 = ORIENTED_EDGE ( 'NONE', *, *, #1734, .F. ) ;
#1718 = VERTEX_POINT ( 'NONE', #8438 ) ;
#1719 = ORIENTED_EDGE ( 'NONE', *, *, #1702, .F. ) ;
#1720 = EDGE_CURVE ( 'NONE', #1723, #1739, #8488, .T. ) ;
#1721 = EDGE_CURVE ( 'NONE', #1820, #1706, #8398, .T. ) ;
#1722 = EDGE_CURVE ( 'NONE', #1727, #1724, #8481, .T. ) ;
#1723 = VERTEX_POINT ( 'NONE', #8493 ) ;
#1724 = VERTEX_POINT ( 'NONE', #8489 ) ;
#1725 = ORIENTED_EDGE ( 'NONE', *, *, #1722, .F. ) ;
#1726 = VERTEX_POINT ( 'NONE', #8399 ) ;
#1727 = VERTEX_POINT ( 'NONE', #8477 ) ;
#1728 = ORIENTED_EDGE ( 'NONE', *, *, #1729, .F. ) ;
#1729 = EDGE_CURVE ( 'NONE', #1726, #1727, #8475, .T. ) ;
#1730 = VERTEX_POINT ( 'NONE', #8476 ) ;
#1731 = EDGE_CURVE ( 'NONE', #1718, #1726, #8470, .T. ) ;
#1732 = EDGE_CURVE ( 'NONE', #1724, #1730, #8340, .T. ) ;
#1733 = ORIENTED_EDGE ( 'NONE', *, *, #1731, .F. ) ;
#1734 = EDGE_CURVE ( 'NONE', #1705, #1718, #8474, .T. ) ;
#1735 = EDGE_CURVE ( 'NONE', #1730, #1705, #8473, .T. ) ;
#1736 = VERTEX_POINT ( 'NONE', #8325 ) ;
#1737 = VERTEX_POINT ( 'NONE', #8324 ) ;
#1738 = ORIENTED_EDGE ( 'NONE', *, *, #1735, .F. ) ;
#1739 = VERTEX_POINT ( 'NONE', #8322 ) ;
#1740 = EDGE_CURVE ( 'NONE', #1745, #1723, #8434, .T. ) ;
#1741 = ORIENTED_EDGE ( 'NONE', *, *, #1732, .F. ) ;
#1742 = EDGE_LOOP ( 'NONE', ( #1743, #1691, #1696, #1699, #1701, #1719, #1698 ) ) ;
#1743 = ORIENTED_EDGE ( 'NONE', *, *, #1740, .F. ) ;
#1744 = EDGE_CURVE ( 'NONE', #1694, #1745, #8381, .T. ) ;
#1745 = VERTEX_POINT ( 'NONE', #8450 ) ;
#1746 = EDGE_CURVE ( 'NONE', #1819, #1820, #8435, .T. ) ;
#1747 = ORIENTED_EDGE ( 'NONE', *, *, #1831, .F. ) ;
#1748 = ORIENTED_EDGE ( 'NONE', *, *, #1828, .F. ) ;
#1749 = ORIENTED_EDGE ( 'NONE', *, *, #1746, .F. ) ;
#1750 = EDGE_CURVE ( 'NONE', #1632, #1615, #8374, .T. ) ;
#1751 = ORIENTED_EDGE ( 'NONE', *, *, #1659, .T. ) ;
#1752 = VERTEX_POINT ( 'NONE', #8352 ) ;
#1753 = VERTEX_POINT ( 'NONE', #8351 ) ;
#1754 = EDGE_LOOP ( 'NONE', ( #1637, #1640 ) ) ;
#1755 = EDGE_LOOP ( 'NONE', ( #1751, #1660, #1649, #1663, #1661, #1657, #1651, #1654 ) ) ;
#1756 = EDGE_CURVE ( 'NONE', #1664, #1752, #8376, .T. ) ;
#1757 = VERTEX_POINT ( 'NONE', #8380 ) ;
#1758 = VERTEX_POINT ( 'NONE', #8348 ) ;
#1759 = VERTEX_POINT ( 'NONE', #8347 ) ;
#1760 = EDGE_CURVE ( 'NONE', #1757, #1652, #8507, .T. ) ;
#1761 = EDGE_CURVE ( 'NONE', #1609, #582, #8501, .T. ) ;
#1762 = CARTESIAN_POINT ( 'NONE',  ( 7.000520569238900300, -1.990512006710736900, -3.000000000000000000 ) ) ;
#1763 = CARTESIAN_POINT ( 'NONE',  ( 7.714834203475553500, -1.188838494129669700, -2.999700000000000300 ) ) ;
#1764 = CARTESIAN_POINT ( 'NONE',  ( 7.714590432547251600, -1.206953520855110500, -2.999699999999999800 ) ) ;
#1765 = CARTESIAN_POINT ( 'NONE',  ( 7.714106532135516200, -1.242912972427795200, -2.999700000000000300 ) ) ;
#1766 = CARTESIAN_POINT ( 'NONE',  ( 7.710429182522747600, -1.296408720889241400, -2.999699999999999800 ) ) ;
#1767 = CARTESIAN_POINT ( 'NONE',  ( 7.703740904703200200, -1.348891752817891900, -2.999700000000000300 ) ) ;
#1768 = CARTESIAN_POINT ( 'NONE',  ( 7.695317052525756400, -1.400683834602942400, -2.999700000000000300 ) ) ;
#1769 = CARTESIAN_POINT ( 'NONE',  ( 7.683721162573264400, -1.451396367133235100, -2.999699999999999800 ) ) ;
#1770 = CARTESIAN_POINT ( 'NONE',  ( 7.670252220516648100, -1.501456061507523400, -2.999700000000000700 ) ) ;
#1771 = CARTESIAN_POINT ( 'NONE',  ( 7.653777552127311700, -1.550441674101764600, -2.999699999999999800 ) ) ;
#1772 = CARTESIAN_POINT ( 'NONE',  ( 7.635154747278109600, -1.598450814034181800, -2.999700000000000300 ) ) ;
#1773 = CARTESIAN_POINT ( 'NONE',  ( 7.613937530289152100, -1.644535168178424800, -2.999700000000000300 ) ) ;
#1774 = CARTESIAN_POINT ( 'NONE',  ( 7.590645517272445600, -1.688248557191878600, -2.999700000000001100 ) ) ;
#1775 = CARTESIAN_POINT ( 'NONE',  ( 7.564415524221627300, -1.728780533727475800, -2.999699999999999400 ) ) ;
#1776 = CARTESIAN_POINT ( 'NONE',  ( 7.536527821985299800, -1.766845269505714600, -2.999700000000000700 ) ) ;
#1777 = CARTESIAN_POINT ( 'NONE',  ( 7.505956415901467300, -1.801925639103075100, -2.999699999999999800 ) ) ;
#1778 = CARTESIAN_POINT ( 'NONE',  ( 7.473367162314551700, -1.834484401331471600, -2.999700000000000700 ) ) ;
#1779 = CARTESIAN_POINT ( 'NONE',  ( 7.437945206623392200, -1.863752813620543200, -2.999700000000000300 ) ) ;
#1780 = CARTESIAN_POINT ( 'NONE',  ( 7.400550476136097600, -1.890536603025714700, -2.999699999999999400 ) ) ;
#1781 = CARTESIAN_POINT ( 'NONE',  ( 7.360332601621080600, -1.914112947866100500, -2.999700000000002000 ) ) ;
#1782 = CARTESIAN_POINT ( 'NONE',  ( 7.317462402106140300, -1.934843807258364000, -2.999699999999999400 ) ) ;
#1783 = CARTESIAN_POINT ( 'NONE',  ( 7.271582283162207900, -1.952149403562012200, -2.999700000000000700 ) ) ;
#1784 = CARTESIAN_POINT ( 'NONE',  ( 7.222772605397406000, -1.965904870503887700, -2.999699999999999400 ) ) ;
#1785 = CARTESIAN_POINT ( 'NONE',  ( 7.171235769241365100, -1.977029948180655900, -2.999700000000000700 ) ) ;
#1786 = CARTESIAN_POINT ( 'NONE',  ( 7.116798307836432100, -1.985037305982748200, -2.999700000000000700 ) ) ;
#1787 = CARTESIAN_POINT ( 'NONE',  ( 7.059561881902464400, -1.989654242449612900, -2.999699999999999400 ) ) ;
#1788 = CARTESIAN_POINT ( 'NONE',  ( 7.020491111616971500, -1.990221870588174900, -2.999700000000000300 ) ) ;
#1789 = FILL_AREA_STYLE ('',( #1792 ) ) ;
#1790 = CARTESIAN_POINT ( 'NONE',  ( -6.708189103542224500, -1.833696394700270000, -3.000000000000000000 ) ) ;
#1791 = CARTESIAN_POINT ( 'NONE',  ( 7.000520569238900300, -1.990512006710736900, -2.999700000000000300 ) ) ;
#1792 = FILL_AREA_STYLE_COLOUR ( '', #1606 ) ;
#1793 = CARTESIAN_POINT ( 'NONE',  ( 7.000520569238900300, -1.990512006710736900, -2.999700000000000300 ) ) ;
#1794 = SURFACE_STYLE_FILL_AREA ( #1789 ) ;
#1795 = DIRECTION ( 'NONE',  ( -0.0000000000000000000, -0.0000000000000000000, -1.000000000000000000 ) ) ;
#1796 = VECTOR ( 'NONE', #1795, 1000.000000000000000 ) ;
#1797 = CARTESIAN_POINT ( 'NONE',  ( 7.000520569238900300, -1.990512006710736900, -2.999700000000000300 ) ) ;
#1798 = LINE ( 'NONE', #1797, #1796 ) ;
#1799 = B_SPLINE_CURVE_WITH_KNOTS ( 'NONE', 3,
 ( #1791, #1788, #1787, #1786, #1785, #1784, #1783, #1782, #1781, #1780, #1779, #1778, #1777, #1776, #1775, #1774, #1773, #1772, #1771, #1770, #1769, #1768, #1767, #1766, #1765, #1764, #1763 ),
 .UNSPECIFIED., .F., .F.,
 ( 4, 1, 1, 1, 1, 1, 1, 1, 1, 1, 1, 1, 1, 1, 1, 1, 1, 1, 1, 1, 1, 1, 1, 1, 4 ),
 ( 0.0000000000000000000, 0.04919591886785765200, 0.09624788394233317600, 0.1413486305545654800, 0.1846561193487503700, 0.2260586823100629900, 0.2661730836384064200, 0.3052898413966903000, 0.3432450951047076300, 0.3808772760868660600, 0.4184957931350258300, 0.4563187508918001300, 0.4942367370918762700, 0.5330235289576674700, 0.5724731943339441700, 0.6130788090898914300, 0.6549344546107938000, 0.6973967795046185400, 0.7398840686663998900, 0.7821947798191175600, 0.8250615348667030800, 0.8679874655774053600, 0.9114105439600778100, 0.9553719455228146800, 1.000000000000000000 ),
 .UNSPECIFIED. ) ;
#1800 = DIRECTION ( 'NONE',  ( -0.0000000000000000000, -0.0000000000000000000, -1.000000000000000000 ) ) ;
#1801 = VECTOR ( 'NONE', #1800, 1000.000000000000000 ) ;
#1802 = LINE ( 'NONE', #1834, #1801 ) ;
#1803 = CARTESIAN_POINT ( 'NONE',  ( 7.714834203475553500, -1.188838494129669700, -2.999700000000000300 ) ) ;
#1804 = VERTEX_POINT ( 'NONE', #8350 ) ;
#1805 = VERTEX_POINT ( 'NONE', #8349 ) ;
#1806 = VERTEX_POINT ( 'NONE', #8503 ) ;
#1807 = EDGE_CURVE ( 'NONE', #1805, #1811, #8390, .T. ) ;
#1808 = EDGE_CURVE ( 'NONE', #1811, #1837, #8428, .T. ) ;
#1809 = ORIENTED_EDGE ( 'NONE', *, *, #1476, .F. ) ;
#1810 = ORIENTED_EDGE ( 'NONE', *, *, #1807, .F. ) ;
#1811 = VERTEX_POINT ( 'NONE', #8508 ) ;
#1812 = ORIENTED_EDGE ( 'NONE', *, *, #1818, .F. ) ;
#1813 = EDGE_CURVE ( 'NONE', #1548, #1832, #8310, .T. ) ;
#1814 = VERTEX_POINT ( 'NONE', #8500 ) ;
#1815 = EDGE_LOOP ( 'NONE', ( #1816, #1810, #1809, #1481, #1484 ) ) ;
#1816 = ORIENTED_EDGE ( 'NONE', *, *, #1808, .F. ) ;
#1817 = ORIENTED_EDGE ( 'NONE', *, *, #1546, .F. ) ;
#1818 = EDGE_CURVE ( 'NONE', #1382, #1814, #8502, .T. ) ;
#1819 = VERTEX_POINT ( 'NONE', #8391 ) ;
#1820 = VERTEX_POINT ( 'NONE', #8515 ) ;
#1821 = ADVANCED_FACE ( 'NONE', ( #8537, #8309, #8509 ), #8311, .T. ) ;
#1822 = ORIENTED_EDGE ( 'NONE', *, *, #1500, .F. ) ;
#1823 = EDGE_CURVE ( 'NONE', #1495, #1535, #8565, .T. ) ;
#1824 = VERTEX_POINT ( 'NONE', #8568 ) ;
#1825 = ORIENTED_EDGE ( 'NONE', *, *, #1830, .F. ) ;
#1826 = EDGE_CURVE ( 'NONE', #1489, #1494, #8664, .T. ) ;
#1827 = EDGE_LOOP ( 'NONE', ( #1749, #1425, #1708, #1715, #1712, #1714 ) ) ;
#1828 = EDGE_CURVE ( 'NONE', #1473, #1824, #8667, .T. ) ;
#1829 = ORIENTED_EDGE ( 'NONE', *, *, #1826, .F. ) ;
#1830 = EDGE_CURVE ( 'NONE', #1541, #1489, #8566, .T. ) ;
#1831 = EDGE_CURVE ( 'NONE', #1824, #1541, #8662, .T. ) ;
#1832 = VERTEX_POINT ( 'NONE', #8596 ) ;
#1833 = EDGE_CURVE ( 'NONE', #1536, #1473, #8646, .T. ) ;
#1834 = CARTESIAN_POINT ( 'NONE',  ( -6.708189103542224500, -1.833696394700270000, -2.999700000000000300 ) ) ;
#1835 = VERTEX_POINT ( 'NONE', #8647 ) ;
#1836 = ADVANCED_FACE ( 'NONE', ( #8644, #8554 ), #8663, .T. ) ;
#1837 = VERTEX_POINT ( 'NONE', #8616 ) ;
#1838 = CARTESIAN_POINT ( 'NONE',  ( 7.202788036027994800, -0.6199678221924969100, -2.999699999999999800 ) ) ;
#1839 = CARTESIAN_POINT ( 'NONE',  ( 7.168548298148969000, -0.6082765280671872400, -2.999700000000001100 ) ) ;
#1840 = CARTESIAN_POINT ( 'NONE',  ( 7.132666319281852000, -0.5988990359349992700, -2.999699999999999400 ) ) ;
#1841 = CARTESIAN_POINT ( 'NONE',  ( 7.094945750675873500, -0.5926456484323455700, -2.999700000000000300 ) ) ;
#1842 = CARTESIAN_POINT ( 'NONE',  ( 7.055667722438723600, -0.5884000260335136000, -2.999700000000000300 ) ) ;
#1843 = CARTESIAN_POINT ( 'NONE',  ( 7.028931975692682200, -0.5880121169031312700, -2.999700000000000700 ) ) ;
#1844 = CARTESIAN_POINT ( 'NONE',  ( 7.015337792420991600, -0.5878148788060894000, -2.999700000000000300 ) ) ;
#1845 =( LENGTH_UNIT ( ) NAMED_UNIT ( * ) SI_UNIT ( .MILLI., .METRE. ) );
#1846 = MECHANICAL_DESIGN_GEOMETRIC_PRESENTATION_REPRESENTATION (  '', ( #1848 ), #1915 ) ;
#1847 = PRESENTATION_LAYER_ASSIGNMENT (  '', '', ( #1848 ) ) ;
#1848 = STYLED_ITEM ( 'NONE', ( #1849 ), #51 ) ;
#1849 = PRESENTATION_STYLE_ASSIGNMENT (( #1850 ) ) ;
#1850 = SURFACE_STYLE_USAGE ( .BOTH. , #1851 ) ;
#1851 = SURFACE_SIDE_STYLE ('',( #1852 ) ) ;
#1852 = SURFACE_STYLE_FILL_AREA ( #1944 ) ;
#1853 = CARTESIAN_POINT ( 'NONE',  ( 0.0000000000000000000, -5.510728592200698600E-016, -3.000000000000000000 ) ) ;
#1854 = CIRCLE ( 'NONE', #2071, 12.50141910357092800 ) ;
#1855 = CONICAL_SURFACE ( 'NONE', #2040, 12.69999999999999900, 0.8490701129463169600 ) ;
#1856 = PLANE ( 'NONE',  #1957 ) ;
#1857 = AXIS2_PLACEMENT_3D ( 'NONE', #1935, #1951, #1970 ) ;
#1858 = CARTESIAN_POINT ( 'NONE',  ( 7.400550476136097600, -1.890536603025714700, -2.999999999999999100 ) ) ;
#1859 = CARTESIAN_POINT ( 'NONE',  ( 7.400550476136097600, -1.890536603025714700, -2.999699999999999400 ) ) ;
#1860 = CARTESIAN_POINT ( 'NONE',  ( 7.360332601621080600, -1.914112947866100500, -3.000000000000001800 ) ) ;
#1861 = CARTESIAN_POINT ( 'NONE',  ( 7.360332601621080600, -1.914112947866100500, -2.999700000000002000 ) ) ;
#1862 = DIRECTION ( 'NONE',  ( -0.7071067811865474600, 8.659560562354932900E-017, 0.7071067811865474600 ) ) ;
#1863 = VECTOR ( 'NONE', #1862, 1000.000000000000100 ) ;
#1864 = DIRECTION ( 'NONE',  ( -1.000000000000000000, 0.0000000000000000000, 0.0000000000000000000 ) ) ;
#1865 = DIRECTION ( 'NONE',  ( -0.0000000000000000000, -0.0000000000000000000, -1.000000000000000000 ) ) ;
#1866 = CARTESIAN_POINT ( 'NONE',  ( 7.317462402106140300, -1.934843807258364000, -2.999999999999999100 ) ) ;
#1867 = CARTESIAN_POINT ( 'NONE',  ( 7.087319373621984800, -1.808785998481331000, -2.999699999999999800 ) ) ;
#1868 = CARTESIAN_POINT ( 'NONE',  ( 7.119655691183843300, -1.803338117458537400, -2.999700000000000300 ) ) ;
#1869 = CARTESIAN_POINT ( 'NONE',  ( 7.151292598455846400, -1.794998421181056100, -2.999699999999999400 ) ) ;
#1870 = CARTESIAN_POINT ( 'NONE',  ( 7.182578543367444700, -1.785347547856701800, -2.999700000000000300 ) ) ;
#1871 = CARTESIAN_POINT ( 'NONE',  ( 7.213074187560697400, -1.772923988367109500, -2.999699999999999800 ) ) ;
#1872 = CARTESIAN_POINT ( 'NONE',  ( 7.242902568080162400, -1.758234688739550600, -2.999700000000001100 ) ) ;
#1873 = CARTESIAN_POINT ( 'NONE',  ( 7.272082465201387800, -1.741715363319579400, -2.999699999999998900 ) ) ;
#1874 = CARTESIAN_POINT ( 'NONE',  ( 7.300245652134051100, -1.723110692466716300, -2.999700000000001100 ) ) ;
#1875 = CARTESIAN_POINT ( 'NONE',  ( 7.326308092407514600, -1.701487083556563000, -2.999700000000000300 ) ) ;
#1876 = CARTESIAN_POINT ( 'NONE',  ( 7.350578601740346100, -1.677856777018271100, -2.999700000000000700 ) ) ;
#1877 = CARTESIAN_POINT ( 'NONE',  ( 7.373062601502429200, -1.651992393670062700, -2.999699999999999400 ) ) ;
#1878 = CARTESIAN_POINT ( 'NONE',  ( 7.393446844057731200, -1.623756540089881500, -2.999700000000001100 ) ) ;
#1879 = CARTESIAN_POINT ( 'NONE',  ( 7.411993899845494800, -1.593231579430223200, -2.999700000000000700 ) ) ;
#1880 = CARTESIAN_POINT ( 'NONE',  ( 7.428242435988901000, -1.560244156724047300, -2.999699999999999800 ) ) ;
#1881 = CARTESIAN_POINT ( 'NONE',  ( 7.448333367760901600, -1.513140424911662700, -2.999700000000001100 ) ) ;
#1882 = CARTESIAN_POINT ( 'NONE',  ( 7.468362200654810000, -1.449281247230173700, -2.999700000000000300 ) ) ;
#1883 = CARTESIAN_POINT ( 'NONE',  ( 7.484958077940048000, -1.367431414960380800, -2.999700000000000700 ) ) ;
#1884 = CARTESIAN_POINT ( 'NONE',  ( 7.020894251114276200, -1.812705328525640700, -2.999700000000000300 ) ) ;
#1885 = FACE_OUTER_BOUND ( 'NONE', #17, .T. ) ;
#1886 = B_SPLINE_CURVE_WITH_KNOTS ( 'NONE', 3,
 ( #2050, #2049, #2048, #2047, #1911, #1910, #1909, #1908, #1907, #1906, #1905, #1904, #1903, #1902, #1901, #1900, #1899, #1898, #1897, #1896, #1895, #1894, #1893, #1892, #1891, #1890, #1889 ),
 .UNSPECIFIED., .F., .F.,
 ( 4, 1, 1, 1, 1, 1, 1, 1, 1, 1, 1, 1, 1, 1, 1, 1, 1, 1, 1, 1, 1, 1, 1, 1, 4 ),
 ( 0.0000000000000000000, 0.04940143261733503200, 0.09760475347711263000, 0.1442547055445423900, 0.1894721438466748800, 0.2339150059350920700, 0.2772371111508620800, 0.3198588355644323400, 0.3619566544332701300, 0.4034857542265476400, 0.4439336363338550800, 0.4836491750513747200, 0.5228932833172717000, 0.5618583840947369800, 0.6007948668981949500, 0.6401043361891357600, 0.6796434268265380000, 0.7193997691904880900, 0.7588541926680973900, 0.7983154646830736800, 0.8378024081343653500, 0.8774685864444089500, 0.9176827969423326800, 0.9583928898538521800, 1.000000000000000000 ),
 .UNSPECIFIED. ) ;
#1887 = AXIS2_PLACEMENT_3D ( 'NONE', #1853, #2012, #2011 ) ;
#1888 = CONICAL_SURFACE ( 'NONE', #2052, 12.50000000000000400, 0.7853981633974482800 ) ;
#1889 = CARTESIAN_POINT ( 'NONE',  ( 7.004842259333676300, -0.4100082006209934700, -2.999700000000000300 ) ) ;
#1890 = CARTESIAN_POINT ( 'NONE',  ( 7.021316021168218800, -0.4103168862270192300, -2.999700000000000300 ) ) ;
#1891 = CARTESIAN_POINT ( 'NONE',  ( 7.053908383225917500, -0.4109276024152608800, -2.999699999999999800 ) ) ;
#1892 = CARTESIAN_POINT ( 'NONE',  ( 7.102245059250089200, -0.4154339343902861400, -2.999700000000000700 ) ) ;
#1893 = CARTESIAN_POINT ( 'NONE',  ( 7.149511655273130400, -0.4223489070930980800, -2.999700000000000300 ) ) ;
#1894 = CARTESIAN_POINT ( 'NONE',  ( 7.195664496194067900, -0.4326897781140819900, -2.999700000000000300 ) ) ;
#1895 = CARTESIAN_POINT ( 'NONE',  ( 7.240811423133845200, -0.4456793061934784500, -2.999699999999998900 ) ) ;
#1896 = CARTESIAN_POINT ( 'NONE',  ( 7.285049633329412800, -0.4613018631326289400, -2.999700000000000700 ) ) ;
#1897 = CARTESIAN_POINT ( 'NONE',  ( 7.328028393754809000, -0.4803622243425038600, -2.999699999999999400 ) ) ;
#1898 = CARTESIAN_POINT ( 'NONE',  ( 7.369918649212199700, -0.5017613202727958500, -2.999700000000000700 ) ) ;
#1899 = CARTESIAN_POINT ( 'NONE',  ( 7.410098194590391400, -0.5261492085133102600, -2.999699999999999800 ) ) ;
#1900 = CARTESIAN_POINT ( 'NONE',  ( 7.448041836443126200, -0.5533234258911511300, -2.999699999999999800 ) ) ;
#1901 = CARTESIAN_POINT ( 'NONE',  ( 7.483744036430113800, -0.5830316979254632800, -2.999700000000001100 ) ) ;
#1902 = CARTESIAN_POINT ( 'NONE',  ( 7.516896771168196900, -0.6155450017077721500, -2.999699999999999400 ) ) ;
#1903 = CARTESIAN_POINT ( 'NONE',  ( 7.547398806777471800, -0.6509369874847112900, -2.999700000000000300 ) ) ;
#1904 = CARTESIAN_POINT ( 'NONE',  ( 7.576011952038612700, -0.6886183389700887300, -2.999700000000000300 ) ) ;
#1905 = CARTESIAN_POINT ( 'NONE',  ( 7.601887869755954000, -0.7293089687612860400, -2.999700000000000300 ) ) ;
#1906 = CARTESIAN_POINT ( 'NONE',  ( 7.625643799933585300, -0.7723407548176214300, -2.999700000000000300 ) ) ;
#1907 = CARTESIAN_POINT ( 'NONE',  ( 7.646570725253326400, -0.8177748703087003300, -2.999699999999999400 ) ) ;
#1908 = CARTESIAN_POINT ( 'NONE',  ( 7.664807680489778900, -0.8651041506945756900, -2.999700000000000300 ) ) ;
#1909 = CARTESIAN_POINT ( 'NONE',  ( 7.680299067347271500, -0.9143807859908924500, -2.999699999999999800 ) ) ;
#1910 = CARTESIAN_POINT ( 'NONE',  ( 7.692848920435110000, -0.9655417272701516400, -2.999700000000000700 ) ) ;
#1911 = CARTESIAN_POINT ( 'NONE',  ( 7.702766616444276500, -1.018611899922894800, -2.999700000000000300 ) ) ;
#1912 = FACE_OUTER_BOUND ( 'NONE', #301, .T. ) ;
#1913 = CARTESIAN_POINT ( 'NONE',  ( 0.0000000000000000000, -5.510728592200698600E-016, -3.000000000000000000 ) ) ;
#1914 = DIRECTION ( 'NONE',  ( 0.0000000000000000000, 0.0000000000000000000, 1.000000000000000000 ) ) ;
#1915 =( GEOMETRIC_REPRESENTATION_CONTEXT ( 3 ) GLOBAL_UNCERTAINTY_ASSIGNED_CONTEXT ( ( #1916 ) ) GLOBAL_UNIT_ASSIGNED_CONTEXT ( ( #1845, #1918, #1917 ) ) REPRESENTATION_CONTEXT ( 'NONE', 'WORKASPACE' ) );
#1916 = UNCERTAINTY_MEASURE_WITH_UNIT (LENGTH_MEASURE( 1.000000000000000100E-005 ), #1845, 'distance_accuracy_value', 'NONE');
#1917 =( NAMED_UNIT ( * ) SI_UNIT ( $, .STERADIAN. ) SOLID_ANGLE_UNIT ( ) );
#1918 =( NAMED_UNIT ( * ) PLANE_ANGLE_UNIT ( ) SI_UNIT ( $, .RADIAN. ) );
#1919 = CARTESIAN_POINT ( 'NONE',  ( 7.497514930138214200, -1.187912417680788900, -2.999700000000000300 ) ) ;
#1920 = CARTESIAN_POINT ( 'NONE',  ( 7.497010793477771900, -1.163088439777173500, -2.999699999999999800 ) ) ;
#1921 = CARTESIAN_POINT ( 'NONE',  ( 7.496005711340060900, -1.113597619657158000, -2.999699999999999800 ) ) ;
#1922 = CARTESIAN_POINT ( 'NONE',  ( 7.486975354088771800, -1.040018257305952900, -2.999700000000000300 ) ) ;
#1923 = CARTESIAN_POINT ( 'NONE',  ( 7.472798444367039200, -0.9675801523480980200, -2.999700000000000700 ) ) ;
#1924 = CARTESIAN_POINT ( 'NONE',  ( 7.456456208553084300, -0.9083830185080331600, -2.999700000000000700 ) ) ;
#1925 = CARTESIAN_POINT ( 'NONE',  ( 7.440428658150177700, -0.8624216855943690500, -2.999700000000000300 ) ) ;
#1926 = CARTESIAN_POINT ( 'NONE',  ( 7.425725399445696000, -0.8297653400348444800, -2.999699999999999400 ) ) ;
#1927 = CARTESIAN_POINT ( 'NONE',  ( 7.409068662323989000, -0.7989505768826106200, -2.999700000000000700 ) ) ;
#1928 = CARTESIAN_POINT ( 'NONE',  ( 7.390564620783836200, -0.7697248449685929500, -2.999700000000000300 ) ) ;
#1929 = CARTESIAN_POINT ( 'NONE',  ( 7.369670240031042300, -0.7424862341415793300, -2.999700000000000300 ) ) ;
#1930 = CARTESIAN_POINT ( 'NONE',  ( 7.346993963711709000, -0.7167534184226441700, -2.999699999999999800 ) ) ;
#1931 = CARTESIAN_POINT ( 'NONE',  ( 7.321671077502145400, -0.6933749106677282700, -2.999700000000000700 ) ) ;
#1932 = CARTESIAN_POINT ( 'NONE',  ( 7.294917360887200000, -0.6712603906656146000, -2.999699999999999800 ) ) ;
#1933 = CARTESIAN_POINT ( 'NONE',  ( 7.266006795433535000, -0.6515889189650615500, -2.999699999999999800 ) ) ;
#1934 = CARTESIAN_POINT ( 'NONE',  ( 7.235182348302506800, -0.6345255520055214100, -2.999700000000002000 ) ) ;
#1935 = CARTESIAN_POINT ( 'NONE',  ( 0.0000000000000000000, -5.510728592200698600E-016, 3.609728299595826900 ) ) ;
#1936 = COLOUR_RGB ( '',0.7529411764705882200, 0.7529411764705882200, 0.7529411764705882200 ) ;
#1937 = CIRCLE ( 'NONE', #1857, 12.69999999999999900 ) ;
#1938 = CYLINDRICAL_SURFACE ( 'NONE', #1887, 12.69999999999999900 ) ;
#1939 = CARTESIAN_POINT ( 'NONE',  ( 7.495843210515670500, -1.279678518111164700, -2.999699999999999800 ) ) ;
#1940 = CARTESIAN_POINT ( 'NONE',  ( 7.496946335535860800, -1.219124415602145900, -2.999700000000000700 ) ) ;
#1941 = CARTESIAN_POINT ( 'NONE',  ( 7.497514930138214200, -1.187912417680788900, -2.999700000000000300 ) ) ;
#1942 = CARTESIAN_POINT ( 'NONE',  ( 7.015337792420991600, -0.5878148788060894000, -2.999700000000000300 ) ) ;
#1943 = B_SPLINE_CURVE_WITH_KNOTS ( 'NONE', 3,
 ( #1941, #1940, #1939, #1883, #1882, #1881, #1880, #1879, #1878, #1877, #1876, #1875, #1874, #1873, #1872, #1871, #1870, #1869, #1868, #1867, #2058, #2057, #2056 ),
 .UNSPECIFIED., .F., .F.,
 ( 4, 1, 1, 1, 1, 1, 1, 1, 1, 1, 1, 1, 1, 1, 1, 1, 1, 1, 1, 1, 4 ),
 ( 0.0000000000000000000, 0.1053432609984026500, 0.2043754661654294000, 0.2980686612490646700, 0.3870699389029771400, 0.4297257277325169900, 0.4709012389537421400, 0.5111216710274203400, 0.5501787824700679100, 0.5883543698960263000, 0.6266830105708972600, 0.6644516852874767800, 0.7025148539501568900, 0.7404811716294026300, 0.7776181215946419400, 0.8147160450669580500, 0.8515265100150821700, 0.8880984508373160900, 0.9251116757437154400, 0.9621036957071501500, 0.9999999999999998900 ),
 .UNSPECIFIED. ) ;
#1944 = FILL_AREA_STYLE ('',( #2055 ) ) ;
#1945 = CARTESIAN_POINT ( 'NONE',  ( 6.410918563451515300, -0.8579205097296296300, -2.999700000000000300 ) ) ;
#1946 = CARTESIAN_POINT ( 'NONE',  ( 6.416234909612374100, -0.8405529111602524400, -2.999699999999999800 ) ) ;
#1947 = CARTESIAN_POINT ( 'NONE',  ( 6.426675746134707300, -0.8064444742824239400, -2.999700000000000300 ) ) ;
#1948 = CARTESIAN_POINT ( 'NONE',  ( 6.446189511904652400, -0.7574752246174620800, -2.999699999999999800 ) ) ;
#1949 = CARTESIAN_POINT ( 'NONE',  ( 6.468880705148533700, -0.7116587359145536400, -2.999700000000000300 ) ) ;
#1950 =( GEOMETRIC_REPRESENTATION_CONTEXT ( 3 ) GLOBAL_UNCERTAINTY_ASSIGNED_CONTEXT ( ( #1501 ) ) GLOBAL_UNIT_ASSIGNED_CONTEXT ( ( #1597, #6, #1464 ) ) REPRESENTATION_CONTEXT ( 'NONE', 'WORKASPACE' ) );
#1951 = DIRECTION ( 'NONE',  ( -0.0000000000000000000, -0.0000000000000000000, -1.000000000000000000 ) ) ;
#1952 = CARTESIAN_POINT ( 'NONE',  ( 6.628237836788855500, -0.9045330243232919700, -2.999700000000000300 ) ) ;
#1953 = CARTESIAN_POINT ( 'NONE',  ( 7.004842259333676300, -0.4100082006209934700, -2.999700000000000300 ) ) ;
#1954 = DIRECTION ( 'NONE',  ( 0.0000000000000000000, -1.000000000000000000, 9.516704634748583900E-013 ) ) ;
#1955 = DIRECTION ( 'NONE',  ( 5.234191741428627400E-014, 9.516704634748583900E-013, 1.000000000000000000 ) ) ;
#1956 = CARTESIAN_POINT ( 'NONE',  ( 6.730952725930204200, -1.704649266177640200, -2.999700000000000300 ) ) ;
#1957 = AXIS2_PLACEMENT_3D ( 'NONE', #1956, #1955, #1954 ) ;
#1958 = FACE_OUTER_BOUND ( 'NONE', #300, .T. ) ;
#1959 = FILL_AREA_STYLE_COLOUR ( '', #1936 ) ;
#1960 =( LENGTH_UNIT ( ) NAMED_UNIT ( * ) SI_UNIT ( .MILLI., .METRE. ) );
#1961 = MECHANICAL_DESIGN_GEOMETRIC_PRESENTATION_REPRESENTATION (  '', ( #1963 ), #2043 ) ;
#1962 = PRESENTATION_LAYER_ASSIGNMENT (  '', '', ( #1963 ) ) ;
#1963 = STYLED_ITEM ( 'NONE', ( #1964 ), #23 ) ;
#1964 = PRESENTATION_STYLE_ASSIGNMENT (( #1965 ) ) ;
#1965 = SURFACE_STYLE_USAGE ( .BOTH. , #1966 ) ;
#1966 = SURFACE_SIDE_STYLE ('',( #1967 ) ) ;
#1967 = SURFACE_STYLE_FILL_AREA ( #1968 ) ;
#1968 = FILL_AREA_STYLE ('',( #1959 ) ) ;
#1969 = CARTESIAN_POINT ( 'NONE',  ( 7.020894251114276200, -1.812705328525640700, -2.999700000000000300 ) ) ;
#1970 = DIRECTION ( 'NONE',  ( 1.000000000000000000, 0.0000000000000000000, 0.0000000000000000000 ) ) ;
#1971 = LINE ( 'NONE', #2008, #1863 ) ;
#1972 = DIRECTION ( 'NONE',  ( -0.0000000000000000000, -0.0000000000000000000, -1.000000000000000000 ) ) ;
#1973 = VECTOR ( 'NONE', #1972, 1000.000000000000000 ) ;
#1974 = CIRCLE ( 'NONE', #1997, 12.50000000000000400 ) ;
#1975 = CARTESIAN_POINT ( 'NONE',  ( 7.497514930138214200, -1.187912417680788900, -3.000000000000000000 ) ) ;
#1976 = CARTESIAN_POINT ( 'NONE',  ( 7.015337792420991600, -0.5878148788060894000, -2.999700000000000300 ) ) ;
#1977 = CARTESIAN_POINT ( 'NONE',  ( 7.003497112938165800, -0.5880709760677888000, -2.999700000000000300 ) ) ;
#1978 = CARTESIAN_POINT ( 'NONE',  ( 6.980280956772868500, -0.5885731089082006900, -2.999700000000000700 ) ) ;
#1979 = CARTESIAN_POINT ( 'NONE',  ( 6.946211888978473900, -0.5919541847435823000, -2.999700000000000700 ) ) ;
#1980 = CARTESIAN_POINT ( 'NONE',  ( 6.913686720859389300, -0.5977962062558026500, -2.999700000000000300 ) ) ;
#1981 = CARTESIAN_POINT ( 'NONE',  ( 6.882676875034735400, -0.6060999645327895800, -2.999700000000000700 ) ) ;
#1982 = CARTESIAN_POINT ( 'NONE',  ( 6.853308627729884300, -0.6170100600466121900, -2.999699999999999400 ) ) ;
#1983 = CARTESIAN_POINT ( 'NONE',  ( 6.825307477054535000, -0.6299093038492866700, -2.999700000000000700 ) ) ;
#1984 = CARTESIAN_POINT ( 'NONE',  ( 6.799076240185834200, -0.6455003870063221700, -2.999700000000000700 ) ) ;
#1985 = CARTESIAN_POINT ( 'NONE',  ( 6.774061831808156200, -0.6630942784012966400, -2.999700000000000700 ) ) ;
#1986 = CARTESIAN_POINT ( 'NONE',  ( 6.750850698282214100, -0.6837467053452579400, -2.999699999999999400 ) ) ;
#1987 = CARTESIAN_POINT ( 'NONE',  ( 6.728843459995481200, -0.7068968421873612600, -2.999700000000001100 ) ) ;
#1988 = CARTESIAN_POINT ( 'NONE',  ( 6.708487762565531500, -0.7330784735176075800, -2.999700000000000700 ) ) ;
#1989 = CARTESIAN_POINT ( 'NONE',  ( 6.689295903880182700, -0.7618029151793271900, -2.999700000000000700 ) ) ;
#1990 = CARTESIAN_POINT ( 'NONE',  ( 6.671709821460799700, -0.7934192700613813500, -2.999699999999999800 ) ) ;
#1991 = CARTESIAN_POINT ( 'NONE',  ( 6.655691402586915800, -0.8279351112167643300, -2.999700000000001600 ) ) ;
#1992 = CARTESIAN_POINT ( 'NONE',  ( 0.0000000000000000000, -5.510728592200698600E-016, -3.000000000000000000 ) ) ;
#1993 = CARTESIAN_POINT ( 'NONE',  ( 7.317462402106140300, -1.934843807258364000, -2.999699999999999400 ) ) ;
#1994 = DIRECTION ( 'NONE',  ( 0.9777617459361388500, -0.2097187835743699000, 0.0000000000000000000 ) ) ;
#1995 = VECTOR ( 'NONE', #1994, 1000.000000000000100 ) ;
#1996 = CARTESIAN_POINT ( 'NONE',  ( 6.410918563451515300, -0.8579205097296296300, -2.999700000000000300 ) ) ;
#1997 = AXIS2_PLACEMENT_3D ( 'NONE', #1992, #1865, #1864 ) ;
#1998 = CARTESIAN_POINT ( 'NONE',  ( 6.640859075356274800, -0.8651158154767490900, -2.999699999999999800 ) ) ;
#1999 = CARTESIAN_POINT ( 'NONE',  ( 6.632505648095786900, -0.8912042841442438000, -2.999700000000000300 ) ) ;
#2000 = CARTESIAN_POINT ( 'NONE',  ( 6.628237836788855500, -0.9045330243232919700, -2.999700000000000300 ) ) ;
#2001 = B_SPLINE_CURVE_WITH_KNOTS ( 'NONE', 3,
 ( #2000, #1999, #1998, #1991, #1990, #1989, #1988, #1987, #1986, #1985, #1984, #1983, #1982, #1981, #1980, #1979, #1978, #1977, #1976 ),
 .UNSPECIFIED., .F., .F.,
 ( 4, 1, 1, 1, 1, 1, 1, 1, 1, 1, 1, 1, 1, 1, 1, 1, 4 ),
 ( 0.0000000000000000000, 0.07723111032862946300, 0.1511651795217242000, 0.2207847057253993800, 0.2871495176777689200, 0.3506324812950830100, 0.4113067715078921300, 0.4699644151376490800, 0.5267072266832773000, 0.5824983333641264900, 0.6385087274080255600, 0.6949179812139084600, 0.7524203526591521900, 0.8112509754155079500, 0.8718561089908070100, 0.9346441878526853300, 1.000000000000000000 ),
 .UNSPECIFIED. ) ;
#2002 = CARTESIAN_POINT ( 'NONE',  ( 7.271582283162207900, -1.952149403562012200, -3.000000000000000400 ) ) ;
#2003 = CARTESIAN_POINT ( 'NONE',  ( 7.271582283162207900, -1.952149403562012200, -2.999700000000000700 ) ) ;
#2004 = DIRECTION ( 'NONE',  ( -1.000000000000000000, 0.0000000000000000000, 0.0000000000000000000 ) ) ;
#2005 = DIRECTION ( 'NONE',  ( 0.0000000000000000000, 0.0000000000000000000, 1.000000000000000000 ) ) ;
#2006 = CARTESIAN_POINT ( 'NONE',  ( 0.0000000000000000000, -5.510728592200698600E-016, -2.800000000000004700 ) ) ;
#2007 = AXIS2_PLACEMENT_3D ( 'NONE', #2006, #2005, #2004 ) ;
#2008 = CARTESIAN_POINT ( 'NONE',  ( -12.50000000000000400, 9.797356397141221500E-016, -3.000000000000000000 ) ) ;
#2009 = CARTESIAN_POINT ( 'NONE',  ( 7.714834203475553500, -1.188838494129669700, -2.999700000000000300 ) ) ;
#2010 = LINE ( 'NONE', #2009, #1973 ) ;
#2011 = DIRECTION ( 'NONE',  ( -1.000000000000000000, 0.0000000000000000000, 0.0000000000000000000 ) ) ;
#2012 = DIRECTION ( 'NONE',  ( -0.0000000000000000000, -0.0000000000000000000, -1.000000000000000000 ) ) ;
#2013 =( GEOMETRIC_REPRESENTATION_CONTEXT ( 3 ) GLOBAL_UNCERTAINTY_ASSIGNED_CONTEXT ( ( #2014 ) ) GLOBAL_UNIT_ASSIGNED_CONTEXT ( ( #2017, #2016, #2015 ) ) REPRESENTATION_CONTEXT ( 'NONE', 'WORKASPACE' ) );
#2014 = UNCERTAINTY_MEASURE_WITH_UNIT (LENGTH_MEASURE( 1.000000000000000100E-005 ), #2017, 'distance_accuracy_value', 'NONE');
#2015 =( NAMED_UNIT ( * ) SI_UNIT ( $, .STERADIAN. ) SOLID_ANGLE_UNIT ( ) );
#2016 =( NAMED_UNIT ( * ) PLANE_ANGLE_UNIT ( ) SI_UNIT ( $, .RADIAN. ) );
#2017 =( LENGTH_UNIT ( ) NAMED_UNIT ( * ) SI_UNIT ( .MILLI., .METRE. ) );
#2018 = MECHANICAL_DESIGN_GEOMETRIC_PRESENTATION_REPRESENTATION (  '', ( #2020 ), #2013 ) ;
#2019 = PRESENTATION_LAYER_ASSIGNMENT (  '', '', ( #2020 ) ) ;
#2020 = STYLED_ITEM ( 'NONE', ( #2021 ), #53 ) ;
#2021 = PRESENTATION_STYLE_ASSIGNMENT (( #2022 ) ) ;
#2022 = SURFACE_STYLE_USAGE ( .BOTH. , #2023 ) ;
#2023 = SURFACE_SIDE_STYLE ('',( #2024 ) ) ;
#2024 = SURFACE_STYLE_FILL_AREA ( #2025 ) ;
#2025 = FILL_AREA_STYLE ('',( #2028 ) ) ;
#2026 = LINE ( 'NONE', #1996, #1995 ) ;
#2027 = DIRECTION ( 'NONE',  ( 1.000000000000000000, 0.0000000000000000000, 0.0000000000000000000 ) ) ;
#2028 = FILL_AREA_STYLE_COLOUR ( '', #2029 ) ;
#2029 = COLOUR_RGB ( '',0.7529411764705882200, 0.7529411764705882200, 0.7529411764705882200 ) ;
#2030 = CIRCLE ( 'NONE', #2007, 12.69999999999999900 ) ;
#2031 = CARTESIAN_POINT ( 'NONE',  ( 0.0000000000000000000, -7.347638122934264500E-016, 3.784504635632290900 ) ) ;
#2032 = DIRECTION ( 'NONE',  ( -0.9739227813853714700, -0.2268797388454551200, 0.0000000000000000000 ) ) ;
#2033 = VECTOR ( 'NONE', #2032, 1000.000000000000000 ) ;
#2034 = CARTESIAN_POINT ( 'NONE',  ( 6.588725241636612200, -1.426840141492011800, -2.999700000000000300 ) ) ;
#2035 = LINE ( 'NONE', #2034, #2033 ) ;
#2036 = VECTOR ( 'NONE', #2039, 1000.000000000000000 ) ;
#2037 = LINE ( 'NONE', #1969, #2036 ) ;
#2038 = DIRECTION ( 'NONE',  ( -1.000000000000000000, 0.0000000000000000000, 0.0000000000000000000 ) ) ;
#2039 = DIRECTION ( 'NONE',  ( -0.0000000000000000000, -0.0000000000000000000, -1.000000000000000000 ) ) ;
#2040 = AXIS2_PLACEMENT_3D ( 'NONE', #2042, #2041, #2038 ) ;
#2041 = DIRECTION ( 'NONE',  ( -0.0000000000000000000, -0.0000000000000000000, -1.000000000000000000 ) ) ;
#2042 = CARTESIAN_POINT ( 'NONE',  ( 0.0000000000000000000, -5.510728592200698600E-016, 3.609728299595826900 ) ) ;
#2043 =( GEOMETRIC_REPRESENTATION_CONTEXT ( 3 ) GLOBAL_UNCERTAINTY_ASSIGNED_CONTEXT ( ( #2044 ) ) GLOBAL_UNIT_ASSIGNED_CONTEXT ( ( #1960, #2046, #2045 ) ) REPRESENTATION_CONTEXT ( 'NONE', 'WORKASPACE' ) );
#2044 = UNCERTAINTY_MEASURE_WITH_UNIT (LENGTH_MEASURE( 1.000000000000000100E-005 ), #1960, 'distance_accuracy_value', 'NONE');
#2045 =( NAMED_UNIT ( * ) SI_UNIT ( $, .STERADIAN. ) SOLID_ANGLE_UNIT ( ) );
#2046 =( NAMED_UNIT ( * ) PLANE_ANGLE_UNIT ( ) SI_UNIT ( $, .RADIAN. ) );
#2047 = CARTESIAN_POINT ( 'NONE',  ( 7.709908281873072900, -1.073634283164039100, -2.999699999999999800 ) ) ;
#2048 = CARTESIAN_POINT ( 'NONE',  ( 7.713796727641640600, -1.130645069538144900, -2.999700000000000700 ) ) ;
#2049 = CARTESIAN_POINT ( 'NONE',  ( 7.714485559694888500, -1.169282592299231400, -2.999700000000000700 ) ) ;
#2050 = CARTESIAN_POINT ( 'NONE',  ( 7.714834203475553500, -1.188838494129669700, -2.999700000000000300 ) ) ;
#2051 = B_SPLINE_CURVE_WITH_KNOTS ( 'NONE', 3,
 ( #1844, #1843, #1842, #1841, #1840, #1839, #1838, #1934, #1933, #1932, #1931, #1930, #1929, #1928, #1927, #1926, #1925, #1924, #1923, #1922, #1921, #1920, #1919 ),
 .UNSPECIFIED., .F., .F.,
 ( 4, 1, 1, 1, 1, 1, 1, 1, 1, 1, 1, 1, 1, 1, 1, 1, 1, 1, 1, 1, 4 ),
 ( 0.0000000000000000000, 0.04676283512156145100, 0.09196869660721207500, 0.1358043853805046300, 0.1782315801839234600, 0.2194414332265379500, 0.2601769432685921400, 0.3002796061140315400, 0.3405476414666165900, 0.3803111902076689600, 0.4196419535698116500, 0.4590173240985171400, 0.4981819588897610200, 0.5376702145628710100, 0.5779133315743609800, 0.6186488416164149800, 0.6607616027603172600, 0.7452991770631799400, 0.8297447416906310600, 0.9146020866092535700, 1.000000000000000000 ),
 .UNSPECIFIED. ) ;
#2052 = AXIS2_PLACEMENT_3D ( 'NONE', #1913, #1914, #2027 ) ;
#2053 = CARTESIAN_POINT ( 'NONE',  ( 6.410918563451515300, -0.8579205097296296300, -2.999700000000000300 ) ) ;
#2054 = COLOUR_RGB ( '',0.7529411764705882200, 0.7529411764705882200, 0.7529411764705882200 ) ;
#2055 = FILL_AREA_STYLE_COLOUR ( '', #2054 ) ;
#2056 = CARTESIAN_POINT ( 'NONE',  ( 7.020894251114276200, -1.812705328525640700, -2.999700000000000300 ) ) ;
#2057 = CARTESIAN_POINT ( 'NONE',  ( 7.032116384134039500, -1.812421498388597300, -2.999700000000000700 ) ) ;
#2058 = CARTESIAN_POINT ( 'NONE',  ( 7.054292866831054300, -1.811860610889586500, -2.999700000000000700 ) ) ;
#2059 = CARTESIAN_POINT ( 'NONE',  ( 6.494006444450634200, -0.6686544149647082300, -2.999700000000000700 ) ) ;
#2060 = CARTESIAN_POINT ( 'NONE',  ( 6.522491080345933900, -0.6288372132705695200, -2.999699999999999800 ) ) ;
#2061 = CARTESIAN_POINT ( 'NONE',  ( 6.553438391202409900, -0.5916550021242231700, -2.999699999999999800 ) ) ;
#2062 = CARTESIAN_POINT ( 'NONE',  ( 6.588074078664165600, -0.5580076572896103300, -2.999699999999999800 ) ) ;
#2063 = CARTESIAN_POINT ( 'NONE',  ( 6.624985881345749800, -0.5270542405958623700, -2.999699999999999800 ) ) ;
#2064 = CARTESIAN_POINT ( 'NONE',  ( 6.664690340702756900, -0.4995342206994332600, -2.999700000000000700 ) ) ;
#2065 = CARTESIAN_POINT ( 'NONE',  ( 6.706541129098733100, -0.4753968442505058200, -2.999700000000000300 ) ) ;
#2066 = CARTESIAN_POINT ( 'NONE',  ( 6.750863881375579500, -0.4553054500067708600, -2.999699999999999800 ) ) ;
#2067 = CARTESIAN_POINT ( 'NONE',  ( 6.797217673919454300, -0.4384060921267845500, -2.999700000000000700 ) ) ;
#2068 = CARTESIAN_POINT ( 'NONE',  ( 6.846105757169632400, -0.4260636606919082100, -2.999699999999999800 ) ) ;
#2069 = CARTESIAN_POINT ( 'NONE',  ( 6.897019850862954500, -0.4166556415326193600, -2.999700000000001100 ) ) ;
#2070 = DIRECTION ( 'NONE',  ( 1.000000000000000000, 0.0000000000000000000, 0.0000000000000000000 ) ) ;
#2071 = AXIS2_PLACEMENT_3D ( 'NONE', #2031, #2075, #2070 ) ;
#2072 = CARTESIAN_POINT ( 'NONE',  ( 6.950180574929226500, -0.4110385463275078000, -2.999699999999999800 ) ) ;
#2073 = CARTESIAN_POINT ( 'NONE',  ( 6.986410339126603500, -0.4103556331974880800, -2.999700000000000300 ) ) ;
#2074 = CARTESIAN_POINT ( 'NONE',  ( 7.004842259333676300, -0.4100082006209934700, -2.999700000000000300 ) ) ;
#2075 = DIRECTION ( 'NONE',  ( 0.0000000000000000000, 0.0000000000000000000, 1.000000000000000000 ) ) ;
#2076 = B_SPLINE_CURVE_WITH_KNOTS ( 'NONE', 3,
 ( #2074, #2073, #2072, #2069, #2068, #2067, #2066, #2065, #2064, #2063, #2062, #2061, #2060, #2059, #1949, #1948, #1947, #1946, #1945 ),
 .UNSPECIFIED., .F., .F.,
 ( 4, 1, 1, 1, 1, 1, 1, 1, 1, 1, 1, 1, 1, 1, 1, 1, 4 ),
 ( 0.0000000000000000000, 0.06864949197599468100, 0.1349373737851550800, 0.1988418982006104300, 0.2614093284183087200, 0.3225167637069036900, 0.3823768656987773800, 0.4424709047536865000, 0.5022278334792903400, 0.5621014330908554700, 0.6217316080948800400, 0.6818513124344148800, 0.7420491672939582000, 0.8039081304743809200, 0.8671621602461704300, 0.9323605979385296600, 1.000000000000000000 ),
 .UNSPECIFIED. ) ;
#2077 = FILL_AREA_STYLE ('',( #2078 ) ) ;
#2078 = FILL_AREA_STYLE_COLOUR ( '', #2082 ) ;
#2079 = DIRECTION ( 'NONE',  ( 1.000000000000000000, 0.0000000000000000000, 0.0000000000000000000 ) ) ;
#2080 = DIRECTION ( 'NONE',  ( 0.0000000000000000000, 0.0000000000000000000, 1.000000000000000000 ) ) ;
#2081 = FACE_OUTER_BOUND ( 'NONE', #86, .T. ) ;
#2082 = COLOUR_RGB ( '',0.7529411764705882200, 0.7529411764705882200, 0.7529411764705882200 ) ;
#2083 = SPHERICAL_SURFACE ( 'NONE', #2096, 100.0000000000000000 ) ;
#2084 = AXIS2_PLACEMENT_3D ( 'NONE', #2089, #2080, #2079 ) ;
#2085 = DIRECTION ( 'NONE',  ( -1.224646799147353200E-016, 1.000000000000000000, 0.0000000000000000000 ) ) ;
#2086 = DIRECTION ( 'NONE',  ( 1.000000000000000000, 1.224646799147353200E-016, -0.0000000000000000000 ) ) ;
#2087 = CARTESIAN_POINT ( 'NONE',  ( 0.0000000000000000000, -7.347638122934264500E-016, 103.0000000000000100 ) ) ;
#2088 = AXIS2_PLACEMENT_3D ( 'NONE', #2087, #2086, #2085 ) ;
#2089 = CARTESIAN_POINT ( 'NONE',  ( 0.0000000000000000000, -7.347638122934264500E-016, 3.784504635632290900 ) ) ;
#2090 = DIRECTION ( 'NONE',  ( 0.0000000000000000000, 1.000000000000000000, 0.0000000000000000000 ) ) ;
#2091 = DIRECTION ( 'NONE',  ( 1.000000000000000000, 0.0000000000000000000, 0.0000000000000000000 ) ) ;
#2092 = DIRECTION ( 'NONE',  ( 0.0000000000000000000, 0.0000000000000000000, 1.000000000000000000 ) ) ;
#2093 = DIRECTION ( 'NONE',  ( -1.000000000000000000, 0.0000000000000000000, 0.0000000000000000000 ) ) ;
#2094 = AXIS2_PLACEMENT_3D ( 'NONE', #2100, #2093, #2092 ) ;
#2095 = DIRECTION ( 'NONE',  ( -1.000000000000000000, 0.0000000000000000000, 0.0000000000000000000 ) ) ;
#2096 = AXIS2_PLACEMENT_3D ( 'NONE', #2287, #2091, #2090 ) ;
#2097 = DIRECTION ( 'NONE',  ( -1.000000000000000000, 0.0000000000000000000, -6.405643920719971400E-013 ) ) ;
#2098 = DIRECTION ( 'NONE',  ( 6.405643920719971400E-013, 3.580969699005927200E-014, -1.000000000000000000 ) ) ;
#2099 = CARTESIAN_POINT ( 'NONE',  ( -6.691737969572844900, -1.901295191787871800, -2.999700000000000700 ) ) ;
#2100 = CARTESIAN_POINT ( 'NONE',  ( 0.0000000000000000000, -7.347638122934264500E-016, 103.0000000000000100 ) ) ;
#2101 = CARTESIAN_POINT ( 'NONE',  ( 1.530982288998777000E-015, -12.50141910357097400, 3.784504635632298000 ) ) ;
#2102 = CARTESIAN_POINT ( 'NONE',  ( -7.695077905899434100, -1.773192733373397000, -2.999700000000000300 ) ) ;
#2103 = COLOUR_RGB ( '',1.000000000000000000, 1.000000000000000000, 1.000000000000000000 ) ;
#2104 = CARTESIAN_POINT ( 'NONE',  ( -6.687506729517222600, -1.970755709134615100, -2.999700000000000300 ) ) ;
#2105 = PLANE ( 'NONE',  #2139 ) ;
#2106 = B_SPLINE_CURVE_WITH_KNOTS ( 'NONE', 3,
 ( #2138, #2137, #2136, #2296, #2295, #2294, #2293 ),
 .UNSPECIFIED., .F., .F.,
 ( 4, 1, 1, 1, 4 ),
 ( 0.0000000000000000000, 0.2526433275832374300, 0.5044398525799875800, 0.7504068042814573400, 1.000000000000000000 ),
 .UNSPECIFIED. ) ;
#2107 = PRESENTATION_STYLE_ASSIGNMENT (( #2108 ) ) ;
#2108 = SURFACE_STYLE_USAGE ( .BOTH. , #2109 ) ;
#2109 = SURFACE_SIDE_STYLE ('',( #2116 ) ) ;
#2110 = COLOUR_RGB ( '',0.7529411764705882200, 0.7529411764705882200, 0.7529411764705882200 ) ;
#2111 = CONICAL_SURFACE ( 'NONE', #2128, 12.69999999999999900, 0.8490701129463169600 ) ;
#2112 = DIRECTION ( 'NONE',  ( -0.0000000000000000000, -0.0000000000000000000, -1.000000000000000000 ) ) ;
#2113 = VECTOR ( 'NONE', #2112, 1000.000000000000000 ) ;
#2114 = LINE ( 'NONE', #2254, #2113 ) ;
#2115 = FILL_AREA_STYLE_COLOUR ( '', #2110 ) ;
#2116 = SURFACE_STYLE_FILL_AREA ( #2118 ) ;
#2117 = DIRECTION ( 'NONE',  ( 1.000000000000000000, 0.0000000000000000000, 0.0000000000000000000 ) ) ;
#2118 = FILL_AREA_STYLE ('',( #2115 ) ) ;
#2119 = UNCERTAINTY_MEASURE_WITH_UNIT (LENGTH_MEASURE( 1.000000000000000100E-005 ), #2122, 'distance_accuracy_value', 'NONE');
#2120 =( NAMED_UNIT ( * ) SI_UNIT ( $, .STERADIAN. ) SOLID_ANGLE_UNIT ( ) );
#2121 =( NAMED_UNIT ( * ) PLANE_ANGLE_UNIT ( ) SI_UNIT ( $, .RADIAN. ) );
#2122 =( LENGTH_UNIT ( ) NAMED_UNIT ( * ) SI_UNIT ( .MILLI., .METRE. ) );
#2123 = MECHANICAL_DESIGN_GEOMETRIC_PRESENTATION_REPRESENTATION (  '', ( #2125 ), #2268 ) ;
#2124 = PRESENTATION_LAYER_ASSIGNMENT (  '', '', ( #2125 ) ) ;
#2125 = STYLED_ITEM ( 'NONE', ( #2126 ), #101 ) ;
#2126 = PRESENTATION_STYLE_ASSIGNMENT (( #2130 ) ) ;
#2127 = PLANE ( 'NONE',  #2277 ) ;
#2128 = AXIS2_PLACEMENT_3D ( 'NONE', #2229, #2208, #2207 ) ;
#2129 = CARTESIAN_POINT ( 'NONE',  ( -1.432331574268826500, 0.4000000000000000200, -2.999700000000000300 ) ) ;
#2130 = SURFACE_STYLE_USAGE ( .BOTH. , #2131 ) ;
#2131 = SURFACE_SIDE_STYLE ('',( #2272 ) ) ;
#2132 = FACE_OUTER_BOUND ( 'NONE', #98, .T. ) ;
#2133 = DIRECTION ( 'NONE',  ( -1.000000000000000000, 0.0000000000000000000, 0.0000000000000000000 ) ) ;
#2134 = VECTOR ( 'NONE', #2133, 1000.000000000000000 ) ;
#2135 = CARTESIAN_POINT ( 'NONE',  ( -0.7013485639523200400, 0.5778066781850961200, -2.999700000000000300 ) ) ;
#2136 = CARTESIAN_POINT ( 'NONE',  ( -6.687444915772079700, -1.935569895518950200, -2.999700000000000700 ) ) ;
#2137 = CARTESIAN_POINT ( 'NONE',  ( -6.687486101889144100, -1.959013986073658000, -2.999699999999999800 ) ) ;
#2138 = CARTESIAN_POINT ( 'NONE',  ( -6.687506729517222600, -1.970755709134615100, -2.999700000000000300 ) ) ;
#2139 = AXIS2_PLACEMENT_3D ( 'NONE', #2099, #2098, #2097 ) ;
#2140 = SURFACE_STYLE_FILL_AREA ( #2291 ) ;
#2141 = DIRECTION ( 'NONE',  ( -1.000000000000000000, 0.0000000000000000000, 0.0000000000000000000 ) ) ;
#2142 = VECTOR ( 'NONE', #2141, 1000.000000000000000 ) ;
#2143 = CARTESIAN_POINT ( 'NONE',  ( -6.941251676510536800, -1.773192733373397000, -2.999700000000000300 ) ) ;
#2144 = LINE ( 'NONE', #2143, #2142 ) ;
#2145 = CIRCLE ( 'NONE', #2084, 12.50141910357092800 ) ;
#2146 = UNCERTAINTY_MEASURE_WITH_UNIT (LENGTH_MEASURE( 1.000000000000000100E-005 ), #2149, 'distance_accuracy_value', 'NONE');
#2147 =( NAMED_UNIT ( * ) SI_UNIT ( $, .STERADIAN. ) SOLID_ANGLE_UNIT ( ) );
#2148 =( NAMED_UNIT ( * ) PLANE_ANGLE_UNIT ( ) SI_UNIT ( $, .RADIAN. ) );
#2149 =( LENGTH_UNIT ( ) NAMED_UNIT ( * ) SI_UNIT ( .MILLI., .METRE. ) );
#2150 = MECHANICAL_DESIGN_GEOMETRIC_PRESENTATION_REPRESENTATION (  '', ( #2152 ), #1568 ) ;
#2151 = PRESENTATION_LAYER_ASSIGNMENT (  '', '', ( #2152 ) ) ;
#2152 = STYLED_ITEM ( 'NONE', ( #2153 ), #138 ) ;
#2153 = PRESENTATION_STYLE_ASSIGNMENT (( #2154 ) ) ;
#2154 = SURFACE_STYLE_USAGE ( .BOTH. , #2155 ) ;
#2155 = SURFACE_SIDE_STYLE ('',( #2156 ) ) ;
#2156 = SURFACE_STYLE_FILL_AREA ( #2167 ) ;
#2157 = DIRECTION ( 'NONE',  ( 0.7071067811865474600, 0.0000000000000000000, 0.7071067811865474600 ) ) ;
#2158 = VECTOR ( 'NONE', #2157, 1000.000000000000100 ) ;
#2159 = LINE ( 'NONE', #2205, #2158 ) ;
#2160 = CARTESIAN_POINT ( 'NONE',  ( 7.473367162314551700, -1.834484401331471600, -3.000000000000000400 ) ) ;
#2161 = CARTESIAN_POINT ( 'NONE',  ( 7.473367162314551700, -1.834484401331471600, -2.999700000000000700 ) ) ;
#2162 = FILL_AREA_STYLE_COLOUR ( '', #2163 ) ;
#2163 = COLOUR_RGB ( '',0.7529411764705882200, 0.7529411764705882200, 0.7529411764705882200 ) ;
#2164 = FACE_OUTER_BOUND ( 'NONE', #139, .T. ) ;
#2165 = DIRECTION ( 'NONE',  ( -0.0000000000000000000, -0.0000000000000000000, -1.000000000000000000 ) ) ;
#2166 = VECTOR ( 'NONE', #2165, 1000.000000000000000 ) ;
#2167 = FILL_AREA_STYLE ('',( #2162 ) ) ;
#2168 = CIRCLE ( 'NONE', #2094, 100.0000000000000000 ) ;
#2169 =( GEOMETRIC_REPRESENTATION_CONTEXT ( 3 ) GLOBAL_UNCERTAINTY_ASSIGNED_CONTEXT ( ( #2170 ) ) GLOBAL_UNIT_ASSIGNED_CONTEXT ( ( #2173, #2172, #2171 ) ) REPRESENTATION_CONTEXT ( 'NONE', 'WORKASPACE' ) );
#2170 = UNCERTAINTY_MEASURE_WITH_UNIT (LENGTH_MEASURE( 1.000000000000000100E-005 ), #2173, 'distance_accuracy_value', 'NONE');
#2171 =( NAMED_UNIT ( * ) SI_UNIT ( $, .STERADIAN. ) SOLID_ANGLE_UNIT ( ) );
#2172 =( NAMED_UNIT ( * ) PLANE_ANGLE_UNIT ( ) SI_UNIT ( $, .RADIAN. ) );
#2173 =( LENGTH_UNIT ( ) NAMED_UNIT ( * ) SI_UNIT ( .MILLI., .METRE. ) );
#2174 = MECHANICAL_DESIGN_GEOMETRIC_PRESENTATION_REPRESENTATION (  '', ( #2176 ), #2169 ) ;
#2175 = PRESENTATION_LAYER_ASSIGNMENT (  '', '', ( #2176 ) ) ;
#2176 = STYLED_ITEM ( 'NONE', ( #2177 ), #81 ) ;
#2177 = PRESENTATION_STYLE_ASSIGNMENT (( #2178 ) ) ;
#2178 = SURFACE_STYLE_USAGE ( .BOTH. , #2179 ) ;
#2179 = SURFACE_SIDE_STYLE ('',( #2140 ) ) ;
#2180 = CARTESIAN_POINT ( 'NONE',  ( -6.941251676510536800, -1.773192733373397000, -2.999700000000000300 ) ) ;
#2181 = CARTESIAN_POINT ( 'NONE',  ( -6.953760185740947000, -1.756335612155318400, -2.999700000000000300 ) ) ;
#2182 = CARTESIAN_POINT ( 'NONE',  ( -6.979810009704197100, -1.721229507009662400, -2.999699999999999800 ) ) ;
#2183 = CARTESIAN_POINT ( 'NONE',  ( -7.015163310246998100, -1.685099925359710100, -2.999699999999998900 ) ) ;
#2184 = CARTESIAN_POINT ( 'NONE',  ( -7.043075603225831000, -1.659752928859669500, -2.999700000000000700 ) ) ;
#2185 = CARTESIAN_POINT ( 'NONE',  ( -7.061404912464091400, -1.643066516873531700, -2.999699999999999800 ) ) ;
#2186 = CARTESIAN_POINT ( 'NONE',  ( -7.083780666069185500, -1.624112713169352000, -2.999700000000000300 ) ) ;
#2187 = CARTESIAN_POINT ( 'NONE',  ( -7.109389940788474900, -1.601938527506638500, -2.999699999999999800 ) ) ;
#2188 = CARTESIAN_POINT ( 'NONE',  ( -7.139134787164057800, -1.577515092409771200, -2.999700000000000700 ) ) ;
#2189 = CARTESIAN_POINT ( 'NONE',  ( -7.171931917416515900, -1.549661076769583800, -2.999699999999998900 ) ) ;
#2190 = CARTESIAN_POINT ( 'NONE',  ( -7.208548287272724200, -1.519285026025146000, -2.999700000000002500 ) ) ;
#2191 = CARTESIAN_POINT ( 'NONE',  ( -7.234285639701082200, -1.498332077533182500, -2.999700000000001100 ) ) ;
#2192 = CARTESIAN_POINT ( 'NONE',  ( -7.247782981090051800, -1.487343802818884800, -2.999700000000000300 ) ) ;
#2193 = CIRCLE ( 'NONE', #2088, 100.0000000000000000 ) ;
#2194 = CARTESIAN_POINT ( 'NONE',  ( -7.247782981090051800, -1.487343802818884800, -2.999700000000000300 ) ) ;
#2195 = CARTESIAN_POINT ( 'NONE',  ( 7.437945206623392200, -1.863752813620543200, -2.999700000000000300 ) ) ;
#2196 = CARTESIAN_POINT ( 'NONE',  ( 12.69999999999999900, 1.004228575697068700E-015, -3.000000000000000000 ) ) ;
#2197 = DIRECTION ( 'NONE',  ( 1.000000000000000000, 0.0000000000000000000, 0.0000000000000000000 ) ) ;
#2198 = DIRECTION ( 'NONE',  ( -0.0000000000000000000, -0.0000000000000000000, -1.000000000000000000 ) ) ;
#2199 = CARTESIAN_POINT ( 'NONE',  ( 0.0000000000000000000, -5.510728592200698600E-016, 3.609728299595826900 ) ) ;
#2200 = AXIS2_PLACEMENT_3D ( 'NONE', #2199, #2198, #2197 ) ;
#2201 = CIRCLE ( 'NONE', #2200, 12.69999999999999900 ) ;
#2202 = CARTESIAN_POINT ( 'NONE',  ( 7.437945206623392200, -1.863752813620543200, -3.000000000000000000 ) ) ;
#2203 = CARTESIAN_POINT ( 'NONE',  ( 0.0000000000000000000, 5.388470183443339700E-015, 3.000000000000002700 ) ) ;
#2204 = CARTESIAN_POINT ( 'NONE',  ( 12.69999999999999900, 1.004228575697068700E-015, 3.609728299595826900 ) ) ;
#2205 = CARTESIAN_POINT ( 'NONE',  ( 12.50000000000000400, -5.510728592200698600E-016, -3.000000000000000000 ) ) ;
#2206 = LINE ( 'NONE', #2196, #2166 ) ;
#2207 = DIRECTION ( 'NONE',  ( -1.000000000000000000, 0.0000000000000000000, 0.0000000000000000000 ) ) ;
#2208 = DIRECTION ( 'NONE',  ( -0.0000000000000000000, -0.0000000000000000000, -1.000000000000000000 ) ) ;
#2209 =( GEOMETRIC_REPRESENTATION_CONTEXT ( 3 ) GLOBAL_UNCERTAINTY_ASSIGNED_CONTEXT ( ( #2210 ) ) GLOBAL_UNIT_ASSIGNED_CONTEXT ( ( #2213, #2212, #2211 ) ) REPRESENTATION_CONTEXT ( 'NONE', 'WORKASPACE' ) );
#2210 = UNCERTAINTY_MEASURE_WITH_UNIT (LENGTH_MEASURE( 1.000000000000000100E-005 ), #2213, 'distance_accuracy_value', 'NONE');
#2211 =( NAMED_UNIT ( * ) SI_UNIT ( $, .STERADIAN. ) SOLID_ANGLE_UNIT ( ) );
#2212 =( NAMED_UNIT ( * ) PLANE_ANGLE_UNIT ( ) SI_UNIT ( $, .RADIAN. ) );
#2213 =( LENGTH_UNIT ( ) NAMED_UNIT ( * ) SI_UNIT ( .MILLI., .METRE. ) );
#2214 = MECHANICAL_DESIGN_GEOMETRIC_PRESENTATION_REPRESENTATION (  '', ( #2216 ), #2209 ) ;
#2215 = PRESENTATION_LAYER_ASSIGNMENT (  '', '', ( #2216 ) ) ;
#2216 = STYLED_ITEM ( 'NONE', ( #2107 ), #128 ) ;
#2217 = CARTESIAN_POINT ( 'NONE',  ( 0.0000000000000000000, -7.347638122934264500E-016, 3.784504635632290900 ) ) ;
#2218 = DIRECTION ( 'NONE',  ( 0.7506663706334518700, 9.193011680238175500E-017, -0.6606814663663579400 ) ) ;
#2219 = VECTOR ( 'NONE', #2218, 1000.000000000000100 ) ;
#2220 = CARTESIAN_POINT ( 'NONE',  ( 12.69999999999999900, 1.004228575697068700E-015, 3.609728299595826900 ) ) ;
#2221 = LINE ( 'NONE', #2220, #2219 ) ;
#2222 = CARTESIAN_POINT ( 'NONE',  ( -12.69999999999999900, -5.510728592200698600E-016, 3.609728299595826900 ) ) ;
#2223 = AXIS2_PLACEMENT_3D ( 'NONE', #2217, #2249, #2117 ) ;
#2224 = CARTESIAN_POINT ( 'NONE',  ( 0.0000000000000000000, 12.50141910357097400, 3.784504635632298000 ) ) ;
#2225 = DIRECTION ( 'NONE',  ( -0.7506663706334518700, 0.0000000000000000000, -0.6606814663663579400 ) ) ;
#2226 = VECTOR ( 'NONE', #2225, 1000.000000000000100 ) ;
#2227 = CARTESIAN_POINT ( 'NONE',  ( -12.69999999999999900, -5.510728592200698600E-016, 3.609728299595826900 ) ) ;
#2228 = LINE ( 'NONE', #2227, #2226 ) ;
#2229 = CARTESIAN_POINT ( 'NONE',  ( 0.0000000000000000000, -5.510728592200698600E-016, 3.609728299595826900 ) ) ;
#2230 = CIRCLE ( 'NONE', #2223, 12.50141910357092800 ) ;
#2231 =( GEOMETRIC_REPRESENTATION_CONTEXT ( 3 ) GLOBAL_UNCERTAINTY_ASSIGNED_CONTEXT ( ( #2232 ) ) GLOBAL_UNIT_ASSIGNED_CONTEXT ( ( #2235, #2234, #2233 ) ) REPRESENTATION_CONTEXT ( 'NONE', 'WORKASPACE' ) );
#2232 = UNCERTAINTY_MEASURE_WITH_UNIT (LENGTH_MEASURE( 1.000000000000000100E-005 ), #2235, 'distance_accuracy_value', 'NONE');
#2233 =( NAMED_UNIT ( * ) SI_UNIT ( $, .STERADIAN. ) SOLID_ANGLE_UNIT ( ) );
#2234 =( NAMED_UNIT ( * ) PLANE_ANGLE_UNIT ( ) SI_UNIT ( $, .RADIAN. ) );
#2235 =( LENGTH_UNIT ( ) NAMED_UNIT ( * ) SI_UNIT ( .MILLI., .METRE. ) );
#2236 = MECHANICAL_DESIGN_GEOMETRIC_PRESENTATION_REPRESENTATION (  '', ( #2238 ), #2231 ) ;
#2237 = PRESENTATION_LAYER_ASSIGNMENT (  '', '', ( #2238 ) ) ;
#2238 = STYLED_ITEM ( 'NONE', ( #2239 ), #90 ) ;
#2239 = PRESENTATION_STYLE_ASSIGNMENT (( #2240 ) ) ;
#2240 = SURFACE_STYLE_USAGE ( .BOTH. , #2241 ) ;
#2241 = SURFACE_SIDE_STYLE ('',( #2242 ) ) ;
#2242 = SURFACE_STYLE_FILL_AREA ( #2077 ) ;
#2243 = CARTESIAN_POINT ( 'NONE',  ( -0.7013485639523200400, 1.940991210937499800, -2.999700000000000300 ) ) ;
#2244 = CARTESIAN_POINT ( 'NONE',  ( -0.4840292906149804000, 1.940991210937499800, -2.999700000000000300 ) ) ;
#2245 = FACE_OUTER_BOUND ( 'NONE', #117, .T. ) ;
#2246 = DIRECTION ( 'NONE',  ( 0.0000000000000000000, -1.000000000000000000, 0.0000000000000000000 ) ) ;
#2247 = VECTOR ( 'NONE', #2246, 1000.000000000000000 ) ;
#2248 = LINE ( 'NONE', #2243, #2247 ) ;
#2249 = DIRECTION ( 'NONE',  ( 0.0000000000000000000, 0.0000000000000000000, 1.000000000000000000 ) ) ;
#2250 = DIRECTION ( 'NONE',  ( 0.0000000000000000000, -1.000000000000000000, 0.0000000000000000000 ) ) ;
#2251 = VECTOR ( 'NONE', #2250, 1000.000000000000000 ) ;
#2252 = CARTESIAN_POINT ( 'NONE',  ( -1.432331574268826500, 0.5778066781850961200, -2.999700000000000300 ) ) ;
#2253 = LINE ( 'NONE', #2252, #2251 ) ;
#2254 = CARTESIAN_POINT ( 'NONE',  ( -12.69999999999999900, -5.510728592200698600E-016, -3.000000000000000000 ) ) ;
#2255 = DIRECTION ( 'NONE',  ( 0.0000000000000000000, 1.000000000000000000, 0.0000000000000000000 ) ) ;
#2256 = VECTOR ( 'NONE', #2255, 1000.000000000000000 ) ;
#2257 = CARTESIAN_POINT ( 'NONE',  ( 1.452087871844951700, -1.397823079427082900, -2.999700000000000300 ) ) ;
#2258 = LINE ( 'NONE', #2257, #2256 ) ;
#2259 = DIRECTION ( 'NONE',  ( 1.000000000000000000, 0.0000000000000000000, 0.0000000000000000000 ) ) ;
#2260 = VECTOR ( 'NONE', #2259, 1000.000000000000000 ) ;
#2261 = LINE ( 'NONE', #2129, #2260 ) ;
#2262 = CARTESIAN_POINT ( 'NONE',  ( -12.50141910357092800, -5.510728592200702600E-016, 3.784504635632290900 ) ) ;
#2263 = CARTESIAN_POINT ( 'NONE',  ( -1.432331574268826500, 0.4000000000000000200, -2.999700000000000300 ) ) ;
#2264 = DIRECTION ( 'NONE',  ( 1.000000000000000000, 0.0000000000000000000, -0.0000000000000000000 ) ) ;
#2265 = DIRECTION ( 'NONE',  ( 0.0000000000000000000, 0.0000000000000000000, 1.000000000000000000 ) ) ;
#2266 = CARTESIAN_POINT ( 'NONE',  ( 12.50141910357092800, 9.920690027378847000E-016, 3.784504635632290900 ) ) ;
#2267 = CARTESIAN_POINT ( 'NONE',  ( -0.4840292906149804000, 0.4000000000000000200, -2.999700000000000300 ) ) ;
#2268 =( GEOMETRIC_REPRESENTATION_CONTEXT ( 3 ) GLOBAL_UNCERTAINTY_ASSIGNED_CONTEXT ( ( #2119 ) ) GLOBAL_UNIT_ASSIGNED_CONTEXT ( ( #2122, #2121, #2120 ) ) REPRESENTATION_CONTEXT ( 'NONE', 'WORKASPACE' ) );
#2269 = FILL_AREA_STYLE_COLOUR ( '', #2271 ) ;
#2270 = CARTESIAN_POINT ( 'NONE',  ( -0.7013485639523200400, 0.5778066781850961200, -2.999700000000000300 ) ) ;
#2271 = COLOUR_RGB ( '',1.000000000000000000, 1.000000000000000000, 1.000000000000000000 ) ;
#2272 = SURFACE_STYLE_FILL_AREA ( #2273 ) ;
#2273 = FILL_AREA_STYLE ('',( #2269 ) ) ;
#2274 = VECTOR ( 'NONE', #2095, 1000.000000000000000 ) ;
#2275 = CARTESIAN_POINT ( 'NONE',  ( -1.432331574268826500, 0.5778066781850961200, -2.999700000000000300 ) ) ;
#2276 = CARTESIAN_POINT ( 'NONE',  ( -0.7013485639523200400, 1.940991210937499800, -2.999700000000000300 ) ) ;
#2277 = AXIS2_PLACEMENT_3D ( 'NONE', #2286, #2265, #2264 ) ;
#2278 = LINE ( 'NONE', #2135, #2134 ) ;
#2279 = DIRECTION ( 'NONE',  ( 1.000000000000000000, 0.0000000000000000000, 0.0000000000000000000 ) ) ;
#2280 = DIRECTION ( 'NONE',  ( 0.0000000000000000000, 0.0000000000000000000, 1.000000000000000000 ) ) ;
#2281 = AXIS2_PLACEMENT_3D ( 'NONE', #2285, #2280, #2279 ) ;
#2282 = CIRCLE ( 'NONE', #2281, 12.50141910357092800 ) ;
#2283 = CARTESIAN_POINT ( 'NONE',  ( -0.4840292906149804000, 1.940991210937499800, -2.999700000000000300 ) ) ;
#2284 = LINE ( 'NONE', #2283, #2274 ) ;
#2285 = CARTESIAN_POINT ( 'NONE',  ( 0.0000000000000000000, -7.347638122934264500E-016, 3.784504635632290900 ) ) ;
#2286 = CARTESIAN_POINT ( 'NONE',  ( -0.4840292906149804000, 0.4000000000000000200, -2.999700000000000300 ) ) ;
#2287 = CARTESIAN_POINT ( 'NONE',  ( 0.0000000000000000000, -7.347638122934264500E-016, 103.0000000000000100 ) ) ;
#2288 = CARTESIAN_POINT ( 'NONE',  ( -6.941251676510536800, -1.773192733373397000, -2.999700000000000300 ) ) ;
#2289 = B_SPLINE_CURVE_WITH_KNOTS ( 'NONE', 3,
 ( #2192, #2191, #2190, #2189, #2188, #2187, #2186, #2185, #2184, #2183, #2182, #2181, #2180 ),
 .UNSPECIFIED., .F., .F.,
 ( 4, 1, 1, 1, 1, 1, 1, 1, 1, 1, 4 ),
 ( 0.0000000000000000000, 0.1241996726524862600, 0.2368296581100277400, 0.3394949853062826900, 0.4312535100312246400, 0.5114548721194173100, 0.5812230366234586400, 0.6404953748643703600, 0.6883082049320181600, 0.8503329734146877200, 1.000000000000000000 ),
 .UNSPECIFIED. ) ;
#2290 = FILL_AREA_STYLE_COLOUR ( '', #2103 ) ;
#2291 = FILL_AREA_STYLE ('',( #2290 ) ) ;
#2292 = FACE_OUTER_BOUND ( 'NONE', #80, .T. ) ;
#2293 = CARTESIAN_POINT ( 'NONE',  ( -6.708189103542224500, -1.833696394700270000, -2.999700000000000300 ) ) ;
#2294 = CARTESIAN_POINT ( 'NONE',  ( -6.704650711117277100, -1.844746178337690200, -2.999700000000000700 ) ) ;
#2295 = CARTESIAN_POINT ( 'NONE',  ( -6.697625334216721300, -1.866685207535000900, -2.999700000000000700 ) ) ;
#2296 = CARTESIAN_POINT ( 'NONE',  ( -6.691412033537291700, -1.900897572770986900, -2.999700000000000300 ) ) ;
#2297 = CARTESIAN_POINT ( 'NONE',  ( -6.687506729517222600, -1.970755709134615100, -2.999700000000000300 ) ) ;
#2298 = LINE ( 'NONE', #2297, #2340 ) ;
#2299 = DIRECTION ( 'NONE',  ( 0.0000000000000000000, -1.000000000000000000, 0.0000000000000000000 ) ) ;
#2300 = B_SPLINE_SURFACE_WITH_KNOTS ( 'NONE', 3, 1, ( 
 ( #2393, #2392 ),
 ( #2391, #2390 ),
 ( #2389, #2388 ),
 ( #2387, #2386 ),
 ( #2385, #2384 ),
 ( #2383, #2382 ),
 ( #2381, #2380 ) ),
 .UNSPECIFIED., .F., .F., .F.,
 ( 4, 1, 1, 1, 4 ),
 ( 2, 2 ),
 ( 0.0000000000000000000, 0.2526433275832374300, 0.5044398525799875800, 0.7504068042814573400, 1.000000000000000000 ),
 ( 0.0000000000000000000, 1.000000000000000000 ),
 .UNSPECIFIED. ) ;
#2301 = VECTOR ( 'NONE', #2362, 1000.000000000000000 ) ;
#2302 =( NAMED_UNIT ( * ) SI_UNIT ( $, .STERADIAN. ) SOLID_ANGLE_UNIT ( ) );
#2303 =( NAMED_UNIT ( * ) PLANE_ANGLE_UNIT ( ) SI_UNIT ( $, .RADIAN. ) );
#2304 =( LENGTH_UNIT ( ) NAMED_UNIT ( * ) SI_UNIT ( .MILLI., .METRE. ) );
#2305 = MECHANICAL_DESIGN_GEOMETRIC_PRESENTATION_REPRESENTATION (  '', ( #2307 ), #2363 ) ;
#2306 = PRESENTATION_LAYER_ASSIGNMENT (  '', '', ( #2307 ) ) ;
#2307 = STYLED_ITEM ( 'NONE', ( #2308 ), #166 ) ;
#2308 = PRESENTATION_STYLE_ASSIGNMENT (( #2309 ) ) ;
#2309 = SURFACE_STYLE_USAGE ( .BOTH. , #2420 ) ;
#2310 = CARTESIAN_POINT ( 'NONE',  ( -7.695077905899434100, -1.970755709134615100, -2.999700000000000300 ) ) ;
#2311 = UNCERTAINTY_MEASURE_WITH_UNIT (LENGTH_MEASURE( 1.000000000000000100E-005 ), #2396, 'distance_accuracy_value', 'NONE');
#2312 =( NAMED_UNIT ( * ) SI_UNIT ( $, .STERADIAN. ) SOLID_ANGLE_UNIT ( ) );
#2313 =( NAMED_UNIT ( * ) PLANE_ANGLE_UNIT ( ) SI_UNIT ( $, .RADIAN. ) );
#2314 = CARTESIAN_POINT ( 'NONE',  ( 1.574983050411950200, 1.382351090303116400, -3.000000000000000400 ) ) ;
#2315 = CARTESIAN_POINT ( 'NONE',  ( 1.565757625680818300, 1.342688972456565200, -3.000000000000000900 ) ) ;
#2316 = CARTESIAN_POINT ( 'NONE',  ( 1.559063449057690900, 1.301430580813052000, -3.000000000000000000 ) ) ;
#2317 = CARTESIAN_POINT ( 'NONE',  ( 1.554666662017506500, 1.258746775753977400, -3.000000000000000000 ) ) ;
#2318 = CARTESIAN_POINT ( 'NONE',  ( 1.551257960904492500, 1.214692634665132300, -2.999999999999999600 ) ) ;
#2319 = CARTESIAN_POINT ( 'NONE',  ( 1.551000571292837600, 1.184805389673528700, -3.000000000000000000 ) ) ;
#2320 = FILL_AREA_STYLE ('',( #2321 ) ) ;
#2321 = FILL_AREA_STYLE_COLOUR ( '', #2379 ) ;
#2322 = FACE_OUTER_BOUND ( 'NONE', #154, .T. ) ;
#2323 = VECTOR ( 'NONE', #2425, 1000.000000000000000 ) ;
#2324 = FILL_AREA_STYLE_COLOUR ( '', #2374 ) ;
#2325 = CARTESIAN_POINT ( 'NONE',  ( 0.0000000000000000000, -5.510728592200698600E-016, -3.000000000000000000 ) ) ;
#2326 = AXIS2_PLACEMENT_3D ( 'NONE', #2369, #2368, #2367 ) ;
#2327 = CIRCLE ( 'NONE', #2326, 12.50000000000000400 ) ;
#2328 = CARTESIAN_POINT ( 'NONE',  ( 2.242339774889821900, -1.442274748973357200, -2.999700000000000300 ) ) ;
#2329 = CARTESIAN_POINT ( 'NONE',  ( 1.550869359725562500, 1.169569529019869300, -3.000000000000000000 ) ) ;
#2330 = LINE ( 'NONE', #2426, #2323 ) ;
#2331 = B_SPLINE_CURVE_WITH_KNOTS ( 'NONE', 3,
 ( #2329, #2319, #2318, #2317, #2316, #2315, #2314, #2348, #2347, #2346, #2345, #2344, #2343, #2342, #2356, #2355, #2354, #2353, #2352, #2351, #2350, #2410, #2409, #2408, #2407, #2406, #2405 ),
 .UNSPECIFIED., .F., .F.,
 ( 4, 1, 1, 1, 1, 1, 1, 1, 1, 1, 1, 1, 1, 1, 1, 1, 1, 1, 1, 1, 1, 1, 1, 1, 4 ),
 ( 0.0000000000000000000, 0.05085161579228444200, 0.09975246780941636500, 0.1474376477769316600, 0.1940857839327039800, 0.2391709270841439700, 0.2833398222454338600, 0.3265771497238439400, 0.3689362814999019900, 0.4105718726814496200, 0.4510505934949120000, 0.4908768629924159000, 0.5300443324843857600, 0.5689366633103305500, 0.6075778621311337400, 0.6464200964505127900, 0.6856793513063944600, 0.7247985849801968900, 0.7635130084045112000, 0.8021725263787552500, 0.8407403615726128900, 0.8796493769005864200, 0.9190706128663399500, 0.9590978622172245900, 0.9999999999999998900 ),
 .UNSPECIFIED. ) ;
#2332 = CARTESIAN_POINT ( 'NONE',  ( -6.714726875525122400, -1.815642366522891800, -2.999700000000000300 ) ) ;
#2333 = B_SPLINE_CURVE_WITH_KNOTS ( 'NONE', 3,
 ( #2455, #2454, #2453, #2452, #2451, #2450, #2449, #2448, #2447, #2446, #2445, #2444, #2443, #2442, #2441, #2440, #2439, #2438, #2437 ),
 .UNSPECIFIED., .F., .F.,
 ( 4, 1, 1, 1, 1, 1, 1, 1, 1, 1, 1, 1, 1, 1, 1, 1, 4 ),
 ( 0.0000000000000000000, 0.06176215676807109100, 0.1211739926536291700, 0.1794214068253160200, 0.2368434346502751900, 0.2943217954133981500, 0.3531909627945252200, 0.4127207064163243600, 0.4745221507037183900, 0.5370567441421372200, 0.5995913375805564900, 0.6623669793543071100, 0.7252456446794921500, 0.7903164461250811200, 0.8577243009540926900, 0.9272319523784928700, 1.000000000000000000 ),
 .UNSPECIFIED. ) ;
#2334 = CARTESIAN_POINT ( 'NONE',  ( 7.564415524221627300, -1.728780533727475800, -2.999999999999999100 ) ) ;
#2335 = CARTESIAN_POINT ( 'NONE',  ( -6.708189103542224500, -1.833696394700270000, -2.999700000000000300 ) ) ;
#2336 = CARTESIAN_POINT ( 'NONE',  ( 7.505956415901467300, -1.801925639103075100, -2.999699999999999800 ) ) ;
#2337 = B_SPLINE_CURVE_WITH_KNOTS ( 'NONE', 3,
 ( #2335, #2332, #2475, #2474, #2473, #2472, #2471, #2470, #2469, #2468, #2467, #2466, #2465, #2464, #2463 ),
 .UNSPECIFIED., .F., .F.,
 ( 4, 1, 1, 1, 1, 1, 1, 1, 1, 1, 1, 1, 4 ),
 ( 0.0000000000000000000, 0.1003881431397112600, 0.2044067930373085500, 0.3106860830942073700, 0.4221572938828002100, 0.4806854607703735500, 0.5432381544526692100, 0.6094995045645644800, 0.6795546087742246900, 0.7538412220511749900, 0.8316406764893865500, 0.9138127068095909200, 0.9999999999999998900 ),
 .UNSPECIFIED. ) ;
#2338 = CARTESIAN_POINT ( 'NONE',  ( 7.564415524221627300, -1.728780533727475800, -2.999699999999999400 ) ) ;
#2339 = DIRECTION ( 'NONE',  ( -0.0000000000000000000, -0.0000000000000000000, -1.000000000000000000 ) ) ;
#2340 = VECTOR ( 'NONE', #2339, 1000.000000000000000 ) ;
#2341 = DIRECTION ( 'NONE',  ( -1.000000000000000000, 0.0000000000000000000, 0.0000000000000000000 ) ) ;
#2342 = CARTESIAN_POINT ( 'NONE',  ( 1.688654663089305600, 1.615644771695323300, -3.000000000000000000 ) ) ;
#2343 = CARTESIAN_POINT ( 'NONE',  ( 1.667173705621545000, 1.587565369156421500, -3.000000000000000400 ) ) ;
#2344 = CARTESIAN_POINT ( 'NONE',  ( 1.647010811556203400, 1.557978676318792800, -2.999999999999998700 ) ) ;
#2345 = CARTESIAN_POINT ( 'NONE',  ( 1.628709999285157300, 1.526323759465407300, -3.000000000000000900 ) ) ;
#2346 = CARTESIAN_POINT ( 'NONE',  ( 1.612483961789883400, 1.492723685897966900, -3.000000000000000000 ) ) ;
#2347 = CARTESIAN_POINT ( 'NONE',  ( 1.597983262030142200, 1.457461717613730800, -2.999999999999999100 ) ) ;
#2348 = CARTESIAN_POINT ( 'NONE',  ( 1.585203254376238900, 1.420718882868640300, -3.000000000000000000 ) ) ;
#2349 = CIRCLE ( 'NONE', #2402, 12.69999999999999900 ) ;
#2350 = CARTESIAN_POINT ( 'NONE',  ( 1.887741481512385000, 1.753824640132635200, -3.000000000000001300 ) ) ;
#2351 = CARTESIAN_POINT ( 'NONE',  ( 1.855703363409852100, 1.740325517423361200, -2.999999999999999600 ) ) ;
#2352 = CARTESIAN_POINT ( 'NONE',  ( 1.824349171906751300, 1.724957215146440300, -3.000000000000000000 ) ) ;
#2353 = CARTESIAN_POINT ( 'NONE',  ( 1.794178423895377100, 1.707000869239815500, -3.000000000000000000 ) ) ;
#2354 = CARTESIAN_POINT ( 'NONE',  ( 1.765253316165549500, 1.687052866904880500, -3.000000000000000400 ) ) ;
#2355 = CARTESIAN_POINT ( 'NONE',  ( 1.737984188876541900, 1.665097854181650800, -3.000000000000000000 ) ) ;
#2356 = CARTESIAN_POINT ( 'NONE',  ( 1.712643177915836200, 1.641130096061095900, -3.000000000000000400 ) ) ;
#2357 = CARTESIAN_POINT ( 'NONE',  ( 12.50000000000000400, -5.510728592200698600E-016, -3.000000000000000000 ) ) ;
#2358 = LINE ( 'NONE', #2310, #2301 ) ;
#2359 = VECTOR ( 'NONE', #2299, 1000.000000000000000 ) ;
#2360 = CARTESIAN_POINT ( 'NONE',  ( -7.695077905899434100, -1.773192733373397000, -2.999700000000000300 ) ) ;
#2361 = LINE ( 'NONE', #2360, #2359 ) ;
#2362 = DIRECTION ( 'NONE',  ( 1.000000000000000000, 0.0000000000000000000, 0.0000000000000000000 ) ) ;
#2363 =( GEOMETRIC_REPRESENTATION_CONTEXT ( 3 ) GLOBAL_UNCERTAINTY_ASSIGNED_CONTEXT ( ( #2364 ) ) GLOBAL_UNIT_ASSIGNED_CONTEXT ( ( #2304, #2303, #2302 ) ) REPRESENTATION_CONTEXT ( 'NONE', 'WORKASPACE' ) );
#2364 = UNCERTAINTY_MEASURE_WITH_UNIT (LENGTH_MEASURE( 1.000000000000000100E-005 ), #2304, 'distance_accuracy_value', 'NONE');
#2365 = CARTESIAN_POINT ( 'NONE',  ( 0.0000000000000000000, -5.510728592200698600E-016, -3.000000000000000000 ) ) ;
#2366 = CARTESIAN_POINT ( 'NONE',  ( 0.0000000000000000000, -5.510728592200698600E-016, -2.800000000000004700 ) ) ;
#2367 = DIRECTION ( 'NONE',  ( -1.000000000000000000, 0.0000000000000000000, 0.0000000000000000000 ) ) ;
#2368 = DIRECTION ( 'NONE',  ( -0.0000000000000000000, -0.0000000000000000000, -1.000000000000000000 ) ) ;
#2369 = CARTESIAN_POINT ( 'NONE',  ( 0.0000000000000000000, -5.510728592200698600E-016, -3.000000000000000000 ) ) ;
#2370 = DIRECTION ( 'NONE',  ( -0.0000000000000000000, -0.0000000000000000000, -1.000000000000000000 ) ) ;
#2371 = CARTESIAN_POINT ( 'NONE',  ( -12.69999999999999900, -5.510728592200698600E-016, -2.800000000000004700 ) ) ;
#2372 = DIRECTION ( 'NONE',  ( -1.000000000000000000, 0.0000000000000000000, 0.0000000000000000000 ) ) ;
#2373 = DIRECTION ( 'NONE',  ( 0.0000000000000000000, 0.0000000000000000000, 1.000000000000000000 ) ) ;
#2374 = COLOUR_RGB ( '',0.7529411764705882200, 0.7529411764705882200, 0.7529411764705882200 ) ;
#2375 = AXIS2_PLACEMENT_3D ( 'NONE', #2365, #2370, #2341 ) ;
#2376 = DIRECTION ( 'NONE',  ( 1.000000000000000000, 0.0000000000000000000, 0.0000000000000000000 ) ) ;
#2377 = DIRECTION ( 'NONE',  ( 0.0000000000000000000, 0.0000000000000000000, 1.000000000000000000 ) ) ;
#2378 = FACE_OUTER_BOUND ( 'NONE', #169, .T. ) ;
#2379 = COLOUR_RGB ( '',1.000000000000000000, 1.000000000000000000, 1.000000000000000000 ) ;
#2380 = CARTESIAN_POINT ( 'NONE',  ( -6.708189103542224500, -1.833696394700270000, -3.000000000000000000 ) ) ;
#2381 = CARTESIAN_POINT ( 'NONE',  ( -6.708189103542224500, -1.833696394700270000, -2.999700000000000300 ) ) ;
#2382 = CARTESIAN_POINT ( 'NONE',  ( -6.704650711117277100, -1.844746178337690200, -3.000000000000000400 ) ) ;
#2383 = CARTESIAN_POINT ( 'NONE',  ( -6.704650711117277100, -1.844746178337690200, -2.999700000000000700 ) ) ;
#2384 = CARTESIAN_POINT ( 'NONE',  ( -6.697625334216721300, -1.866685207535000900, -3.000000000000000400 ) ) ;
#2385 = CARTESIAN_POINT ( 'NONE',  ( -6.697625334216721300, -1.866685207535000900, -2.999700000000000700 ) ) ;
#2386 = CARTESIAN_POINT ( 'NONE',  ( -6.691412033537291700, -1.900897572770986900, -3.000000000000000000 ) ) ;
#2387 = CARTESIAN_POINT ( 'NONE',  ( -6.691412033537291700, -1.900897572770986900, -2.999700000000000300 ) ) ;
#2388 = CARTESIAN_POINT ( 'NONE',  ( -6.687444915772079700, -1.935569895518950200, -3.000000000000000400 ) ) ;
#2389 = CARTESIAN_POINT ( 'NONE',  ( -6.687444915772079700, -1.935569895518950200, -2.999700000000000700 ) ) ;
#2390 = CARTESIAN_POINT ( 'NONE',  ( -6.687486101889144100, -1.959013986073658000, -2.999999999999999600 ) ) ;
#2391 = CARTESIAN_POINT ( 'NONE',  ( -6.687486101889144100, -1.959013986073658000, -2.999699999999999800 ) ) ;
#2392 = CARTESIAN_POINT ( 'NONE',  ( -6.687506729517222600, -1.970755709134615100, -3.000000000000000000 ) ) ;
#2393 = CARTESIAN_POINT ( 'NONE',  ( -6.687506729517222600, -1.970755709134615100, -2.999700000000000300 ) ) ;
#2394 = CARTESIAN_POINT ( 'NONE',  ( 7.505956415901467300, -1.801925639103075100, -2.999999999999999600 ) ) ;
#2395 =( GEOMETRIC_REPRESENTATION_CONTEXT ( 3 ) GLOBAL_UNCERTAINTY_ASSIGNED_CONTEXT ( ( #2311 ) ) GLOBAL_UNIT_ASSIGNED_CONTEXT ( ( #2396, #2313, #2312 ) ) REPRESENTATION_CONTEXT ( 'NONE', 'WORKASPACE' ) );
#2396 =( LENGTH_UNIT ( ) NAMED_UNIT ( * ) SI_UNIT ( .MILLI., .METRE. ) );
#2397 = MECHANICAL_DESIGN_GEOMETRIC_PRESENTATION_REPRESENTATION (  '', ( #2399 ), #2395 ) ;
#2398 = PRESENTATION_LAYER_ASSIGNMENT (  '', '', ( #2399 ) ) ;
#2399 = STYLED_ITEM ( 'NONE', ( #2400 ), #158 ) ;
#2400 = PRESENTATION_STYLE_ASSIGNMENT (( #2428 ) ) ;
#2401 = CARTESIAN_POINT ( 'NONE',  ( -7.695077905899434100, -1.970755709134615100, -2.999700000000000300 ) ) ;
#2402 = AXIS2_PLACEMENT_3D ( 'NONE', #2366, #2373, #2372 ) ;
#2403 = CARTESIAN_POINT ( 'NONE',  ( -12.50000000000000400, 9.919821077055953100E-016, -3.000000000000000000 ) ) ;
#2404 = AXIS2_PLACEMENT_3D ( 'NONE', #2325, #2377, #2376 ) ;
#2405 = CARTESIAN_POINT ( 'NONE',  ( 2.062372251657340600, 1.782940830328525500, -3.000000000000000000 ) ) ;
#2406 = CARTESIAN_POINT ( 'NONE',  ( 2.050121730967160000, 1.782671886443826000, -3.000000000000000000 ) ) ;
#2407 = CARTESIAN_POINT ( 'NONE',  ( 2.025882725739855900, 1.782139751329576700, -3.000000000000000000 ) ) ;
#2408 = CARTESIAN_POINT ( 'NONE',  ( 1.989936856316489900, 1.778857016009678800, -2.999999999999999100 ) ) ;
#2409 = CARTESIAN_POINT ( 'NONE',  ( 1.955019082566062900, 1.772517811096678200, -3.000000000000000400 ) ) ;
#2410 = CARTESIAN_POINT ( 'NONE',  ( 1.920999798986903000, 1.764172284247526300, -2.999999999999998700 ) ) ;
#2411 = CARTESIAN_POINT ( 'NONE',  ( -6.687506729517222600, -1.970755709134615100, -3.000000000000000000 ) ) ;
#2412 = CARTESIAN_POINT ( 'NONE',  ( -6.708189103542224500, -1.833696394700270000, -3.000000000000000000 ) ) ;
#2413 = CARTESIAN_POINT ( 'NONE',  ( -6.704650711117277100, -1.844746178337690200, -3.000000000000000400 ) ) ;
#2414 = CARTESIAN_POINT ( 'NONE',  ( -6.697625334216721300, -1.866685207535000900, -3.000000000000000400 ) ) ;
#2415 = CARTESIAN_POINT ( 'NONE',  ( -6.691412033537291700, -1.900897572770986900, -3.000000000000000000 ) ) ;
#2416 = CARTESIAN_POINT ( 'NONE',  ( -6.687444915772079700, -1.935569895518950200, -3.000000000000000400 ) ) ;
#2417 = CARTESIAN_POINT ( 'NONE',  ( -6.687486101889144100, -1.959013986073658000, -2.999999999999999600 ) ) ;
#2418 = CARTESIAN_POINT ( 'NONE',  ( -6.687506729517222600, -1.970755709134615100, -3.000000000000000000 ) ) ;
#2419 = B_SPLINE_CURVE_WITH_KNOTS ( 'NONE', 3,
 ( #2418, #2417, #2416, #2415, #2414, #2413, #2412 ),
 .UNSPECIFIED., .F., .F.,
 ( 4, 1, 1, 1, 4 ),
 ( 0.0000000000000000000, 0.2526433275832374300, 0.5044398525799875800, 0.7504068042814573400, 1.000000000000000000 ),
 .UNSPECIFIED. ) ;
#2420 = SURFACE_SIDE_STYLE ('',( #2421 ) ) ;
#2421 = SURFACE_STYLE_FILL_AREA ( #2320 ) ;
#2422 = SURFACE_SIDE_STYLE ('',( #2423 ) ) ;
#2423 = SURFACE_STYLE_FILL_AREA ( #2429 ) ;
#2424 = CONICAL_SURFACE ( 'NONE', #2404, 12.50000000000000400, 0.7853981633974482800 ) ;
#2425 = DIRECTION ( 'NONE',  ( 0.0000000000000000000, 1.000000000000000000, 0.0000000000000000000 ) ) ;
#2426 = CARTESIAN_POINT ( 'NONE',  ( -0.4840292906149804000, 0.4000000000000000200, -2.999700000000000300 ) ) ;
#2427 = CARTESIAN_POINT ( 'NONE',  ( 12.69999999999999900, 1.004228575697068700E-015, -2.800000000000004700 ) ) ;
#2428 = SURFACE_STYLE_USAGE ( .BOTH. , #2422 ) ;
#2429 = FILL_AREA_STYLE ('',( #2324 ) ) ;
#2430 = CYLINDRICAL_SURFACE ( 'NONE', #2375, 12.69999999999999900 ) ;
#2431 = CARTESIAN_POINT ( 'NONE',  ( 7.635154747278109600, -1.598450814034181800, -3.000000000000000000 ) ) ;
#2432 = CARTESIAN_POINT ( 'NONE',  ( 7.635154747278109600, -1.598450814034181800, -2.999700000000000300 ) ) ;
#2433 = CARTESIAN_POINT ( 'NONE',  ( 7.613937530289152100, -1.644535168178424800, -3.000000000000000000 ) ) ;
#2434 = CARTESIAN_POINT ( 'NONE',  ( 7.613937530289152100, -1.644535168178424800, -2.999700000000000300 ) ) ;
#2435 = CARTESIAN_POINT ( 'NONE',  ( 7.590645517272445600, -1.688248557191878600, -3.000000000000000900 ) ) ;
#2436 = CARTESIAN_POINT ( 'NONE',  ( 7.590645517272445600, -1.688248557191878600, -2.999700000000001100 ) ) ;
#2437 = CARTESIAN_POINT ( 'NONE',  ( -7.196848776401612500, -0.6075711763822112500, -2.999700000000000300 ) ) ;
#2438 = CARTESIAN_POINT ( 'NONE',  ( -7.207045562103248300, -0.6078183971690208600, -2.999700000000000300 ) ) ;
#2439 = CARTESIAN_POINT ( 'NONE',  ( -7.226982263184849500, -0.6083017619343502600, -2.999700000000001600 ) ) ;
#2440 = CARTESIAN_POINT ( 'NONE',  ( -7.256196555779109900, -0.6117922769981791700, -2.999700000000000700 ) ) ;
#2441 = CARTESIAN_POINT ( 'NONE',  ( -7.283979235825833100, -0.6172973559354824100, -2.999699999999999400 ) ) ;
#2442 = CARTESIAN_POINT ( 'NONE',  ( -7.310325894747435900, -0.6248828000704553800, -2.999700000000001600 ) ) ;
#2443 = CARTESIAN_POINT ( 'NONE',  ( -7.335044741230993800, -0.6352127195239151100, -2.999700000000000300 ) ) ;
#2444 = CARTESIAN_POINT ( 'NONE',  ( -7.358095608436787700, -0.6480599614779049000, -2.999700000000000700 ) ) ;
#2445 = CARTESIAN_POINT ( 'NONE',  ( -7.380273731908541600, -0.6623299504488519000, -2.999699999999999400 ) ) ;
#2446 = CARTESIAN_POINT ( 'NONE',  ( -7.400122458585082400, -0.6794970005735484500, -2.999700000000000300 ) ) ;
#2447 = CARTESIAN_POINT ( 'NONE',  ( -7.418295051052159500, -0.6977956452642337700, -2.999699999999999400 ) ) ;
#2448 = CARTESIAN_POINT ( 'NONE',  ( -7.434167484084528400, -0.7174750993782972300, -2.999700000000001100 ) ) ;
#2449 = CARTESIAN_POINT ( 'NONE',  ( -7.447888533076809200, -0.7380165085170364800, -2.999699999999999400 ) ) ;
#2450 = CARTESIAN_POINT ( 'NONE',  ( -7.458585193641300600, -0.7599318169713167300, -2.999700000000001600 ) ) ;
#2451 = CARTESIAN_POINT ( 'NONE',  ( -7.467571710646213400, -0.7825285290293697600, -2.999699999999999400 ) ) ;
#2452 = CARTESIAN_POINT ( 'NONE',  ( -7.473130281332736900, -0.8064758209733480200, -2.999700000000000700 ) ) ;
#2453 = CARTESIAN_POINT ( 'NONE',  ( -7.477123277369508400, -0.8313425892310007900, -2.999699999999998900 ) ) ;
#2454 = CARTESIAN_POINT ( 'NONE',  ( -7.477544126532904100, -0.8483339622989392000, -2.999699999999999800 ) ) ;
#2455 = CARTESIAN_POINT ( 'NONE',  ( -7.477758632562093900, -0.8569944332807489800, -2.999700000000000300 ) ) ;
#2456 = CARTESIAN_POINT ( 'NONE',  ( 7.683721162573264400, -1.451396367133235100, -2.999699999999999800 ) ) ;
#2457 = CARTESIAN_POINT ( 'NONE',  ( 7.670252220516648100, -1.501456061507523400, -3.000000000000000400 ) ) ;
#2458 = CARTESIAN_POINT ( 'NONE',  ( 7.670252220516648100, -1.501456061507523400, -2.999700000000000700 ) ) ;
#2459 = CARTESIAN_POINT ( 'NONE',  ( 7.653777552127311700, -1.550441674101764600, -2.999999999999999600 ) ) ;
#2460 = CARTESIAN_POINT ( 'NONE',  ( 7.653777552127311700, -1.550441674101764600, -2.999699999999999800 ) ) ;
#2461 = CARTESIAN_POINT ( 'NONE',  ( 7.536527821985299800, -1.766845269505714600, -3.000000000000000400 ) ) ;
#2462 = CARTESIAN_POINT ( 'NONE',  ( 7.536527821985299800, -1.766845269505714600, -2.999700000000000700 ) ) ;
#2463 = CARTESIAN_POINT ( 'NONE',  ( -7.063493767762790500, -1.394427465781187300, -2.999700000000000300 ) ) ;
#2464 = CARTESIAN_POINT ( 'NONE',  ( -7.050586926002085700, -1.404661600865948300, -2.999699999999999800 ) ) ;
#2465 = CARTESIAN_POINT ( 'NONE',  ( -7.025374541820464300, -1.424653086800888600, -2.999699999999999800 ) ) ;
#2466 = CARTESIAN_POINT ( 'NONE',  ( -6.989259062726334900, -1.454813362996227700, -2.999700000000001600 ) ) ;
#2467 = CARTESIAN_POINT ( 'NONE',  ( -6.955848263127215600, -1.484622208788450600, -2.999699999999999400 ) ) ;
#2468 = CARTESIAN_POINT ( 'NONE',  ( -6.924747613965602800, -1.513524103702901700, -2.999700000000000300 ) ) ;
#2469 = CARTESIAN_POINT ( 'NONE',  ( -6.895914678556263900, -1.541615434466277400, -2.999700000000000700 ) ) ;
#2470 = CARTESIAN_POINT ( 'NONE',  ( -6.869626956616853500, -1.569078137248557600, -2.999700000000000700 ) ) ;
#2471 = CARTESIAN_POINT ( 'NONE',  ( -6.845905500423617300, -1.595907195553204500, -2.999700000000000300 ) ) ;
#2472 = CARTESIAN_POINT ( 'NONE',  ( -6.817619550308695200, -1.630198603745097700, -2.999699999999999800 ) ) ;
#2473 = CARTESIAN_POINT ( 'NONE',  ( -6.786732410712568600, -1.673120266912676800, -2.999700000000000300 ) ) ;
#2474 = CARTESIAN_POINT ( 'NONE',  ( -6.755009067980978400, -1.725840438718630400, -2.999699999999999800 ) ) ;
#2475 = CARTESIAN_POINT ( 'NONE',  ( -6.728038856032360300, -1.778881391713276000, -2.999700000000000300 ) ) ;
#2476 = SURFACE_STYLE_FILL_AREA ( #2591 ) ;
#2477 = CARTESIAN_POINT ( 'NONE',  ( -7.477758632562093900, -0.8569944332807489800, -2.999700000000000300 ) ) ;
#2478 = CARTESIAN_POINT ( 'NONE',  ( -7.477544152337201500, -0.8657571455032474500, -2.999699999999999800 ) ) ;
#2479 = CARTESIAN_POINT ( 'NONE',  ( -7.477110445915945600, -0.8834764693263292800, -2.999699999999999400 ) ) ;
#2480 = CARTESIAN_POINT ( 'NONE',  ( -7.472775584142398800, -0.9101056071860365000, -2.999700000000001100 ) ) ;
#2481 = CARTESIAN_POINT ( 'NONE',  ( -7.466383542100344600, -0.9371087868672535200, -2.999700000000000300 ) ) ;
#2482 = CARTESIAN_POINT ( 'NONE',  ( -7.457006127452497200, -0.9642180711921914900, -2.999700000000000300 ) ) ;
#2483 = CARTESIAN_POINT ( 'NONE',  ( -7.105442210740051200, -0.6171573460039792000, -2.999699999999999400 ) ) ;
#2484 = UNCERTAINTY_MEASURE_WITH_UNIT (LENGTH_MEASURE( 1.000000000000000100E-005 ), #2487, 'distance_accuracy_value', 'NONE');
#2485 =( NAMED_UNIT ( * ) SI_UNIT ( $, .STERADIAN. ) SOLID_ANGLE_UNIT ( ) );
#2486 =( NAMED_UNIT ( * ) PLANE_ANGLE_UNIT ( ) SI_UNIT ( $, .RADIAN. ) );
#2487 =( LENGTH_UNIT ( ) NAMED_UNIT ( * ) SI_UNIT ( .MILLI., .METRE. ) );
#2488 = CARTESIAN_POINT ( 'NONE',  ( -7.247782981090051800, -1.487343802818884800, -2.999700000000000300 ) ) ;
#2489 = CARTESIAN_POINT ( 'NONE',  ( -7.263544477990000000, -1.473885913141368000, -2.999700000000000300 ) ) ;
#2490 = CARTESIAN_POINT ( 'NONE',  ( -7.294058068813583000, -1.447832008390100800, -2.999700000000001100 ) ) ;
#2491 = CARTESIAN_POINT ( 'NONE',  ( -7.338013435168325500, -1.409694222342021700, -2.999699999999999800 ) ) ;
#2492 = CARTESIAN_POINT ( 'NONE',  ( -7.377920394621808600, -1.373219952706671700, -2.999700000000000700 ) ) ;
#2493 = CARTESIAN_POINT ( 'NONE',  ( -6.904826002854561800, -0.8841593424479163900, -2.999700000000000300 ) ) ;
#2494 = CARTESIAN_POINT ( 'NONE',  ( -7.134531859688360500, -0.6118030417230785300, -2.999700000000001100 ) ) ;
#2495 = CARTESIAN_POINT ( 'NONE',  ( -7.165174261480760100, -0.6082986058842621000, -2.999699999999999800 ) ) ;
#2496 = CARTESIAN_POINT ( 'NONE',  ( -7.445149715232833600, -0.9915124418794203400, -2.999700000000001100 ) ) ;
#2497 = CARTESIAN_POINT ( 'NONE',  ( -7.430914040575681100, -1.019108621848194200, -2.999700000000000300 ) ) ;
#2498 = CARTESIAN_POINT ( 'NONE',  ( -7.413831927651379800, -1.046919289210476200, -2.999700000000001100 ) ) ;
#2499 = CARTESIAN_POINT ( 'NONE',  ( -7.393673941427347400, -1.075430235418354900, -2.999699999999999800 ) ) ;
#2500 = CARTESIAN_POINT ( 'NONE',  ( -7.369782447846994000, -1.105623612391885200, -2.999700000000001100 ) ) ;
#2501 = CARTESIAN_POINT ( 'NONE',  ( -7.340819441076048300, -1.137882360527696000, -2.999700000000000300 ) ) ;
#2502 = CARTESIAN_POINT ( 'NONE',  ( -7.307138502655956100, -1.173374109814398200, -2.999700000000000700 ) ) ;
#2503 = CARTESIAN_POINT ( 'NONE',  ( -7.268449831396194900, -1.211988097719643600, -2.999699999999998900 ) ) ;
#2504 = CARTESIAN_POINT ( 'NONE',  ( -7.224662585619041600, -1.253636839190149600, -2.999700000000000700 ) ) ;
#2505 = CARTESIAN_POINT ( 'NONE',  ( -7.175418631596039100, -1.297916368358926100, -2.999700000000000300 ) ) ;
#2506 = CARTESIAN_POINT ( 'NONE',  ( -7.121502123426052000, -1.345602774520959100, -2.999699999999999800 ) ) ;
#2507 = CARTESIAN_POINT ( 'NONE',  ( -1.507647258318789200, -1.812415003742649000, -3.000000000000000000 ) ) ;
#2508 = CARTESIAN_POINT ( 'NONE',  ( -1.488860616607247600, -1.811845351208617200, -2.999999999999999600 ) ) ;
#2509 = CARTESIAN_POINT ( 'NONE',  ( -1.461326057559335900, -1.808948427730206400, -3.000000000000000000 ) ) ;
#2510 = CARTESIAN_POINT ( 'NONE',  ( -1.435369398160609500, -1.803199369200857700, -2.999999999999999100 ) ) ;
#2511 = CARTESIAN_POINT ( 'NONE',  ( -7.186137336508111600, -0.6078171728057539800, -2.999700000000000700 ) ) ;
#2512 = CARTESIAN_POINT ( 'NONE',  ( -7.414652529413834800, -1.339369063542826400, -2.999699999999998900 ) ) ;
#2513 = CARTESIAN_POINT ( 'NONE',  ( -7.447154439862212700, -1.307127870367904300, -2.999700000000000300 ) ) ;
#2514 = CARTESIAN_POINT ( 'NONE',  ( -7.476751710171351200, -1.277640680535051300, -2.999700000000000300 ) ) ;
#2515 = CARTESIAN_POINT ( 'NONE',  ( -7.502334035905961200, -1.249886284486153100, -2.999699999999999800 ) ) ;
#2516 = CARTESIAN_POINT ( 'NONE',  ( -7.531194784063100800, -1.216165232440120200, -2.999700000000000300 ) ) ;
#2517 = CARTESIAN_POINT ( 'NONE',  ( -7.562199918638567600, -1.175937418926218200, -2.999699999999999800 ) ) ;
#2518 = CARTESIAN_POINT ( 'NONE',  ( -7.594439184306748900, -1.128616764595700600, -2.999699999999999400 ) ) ;
#2519 = CARTESIAN_POINT ( 'NONE',  ( -7.620425823681387100, -1.082327315654189300, -2.999700000000001600 ) ) ;
#2520 = CARTESIAN_POINT ( 'NONE',  ( -7.640995774063031700, -1.036898082832760300, -2.999699999999999400 ) ) ;
#2521 = CARTESIAN_POINT ( 'NONE',  ( -7.656052008845025000, -0.9917023686833710300, -2.999700000000000300 ) ) ;
#2522 = CARTESIAN_POINT ( 'NONE',  ( -7.667408921302543600, -0.9465607933082118600, -2.999699999999999800 ) ) ;
#2523 = CARTESIAN_POINT ( 'NONE',  ( -7.674046465632281800, -0.9009239567350446600, -2.999700000000000700 ) ) ;
#2524 = CARTESIAN_POINT ( 'NONE',  ( -7.674896873199069900, -0.8703916215981054600, -2.999700000000000700 ) ) ;
#2525 = CARTESIAN_POINT ( 'NONE',  ( -7.675321608323312000, -0.8551422803829875600, -2.999700000000000300 ) ) ;
#2526 = MECHANICAL_DESIGN_GEOMETRIC_PRESENTATION_REPRESENTATION (  '', ( #2528 ), #2603 ) ;
#2527 = PRESENTATION_LAYER_ASSIGNMENT (  '', '', ( #2528 ) ) ;
#2528 = STYLED_ITEM ( 'NONE', ( #2529 ), #194 ) ;
#2529 = PRESENTATION_STYLE_ASSIGNMENT (( #2530 ) ) ;
#2530 = SURFACE_STYLE_USAGE ( .BOTH. , #2531 ) ;
#2531 = SURFACE_SIDE_STYLE ('',( #2476 ) ) ;
#2532 = CARTESIAN_POINT ( 'NONE',  ( -1.293983854833588200, -1.704416099125933200, -2.999999999999999600 ) ) ;
#2533 = CARTESIAN_POINT ( 'NONE',  ( -1.280356211462056800, -1.681395665172995800, -3.000000000000000400 ) ) ;
#2534 = CARTESIAN_POINT ( 'NONE',  ( -7.675321608323312000, -0.8551422803829875600, -2.999700000000000300 ) ) ;
#2535 = CARTESIAN_POINT ( 'NONE',  ( -7.675043455321611100, -0.8402994355931432400, -2.999700000000000300 ) ) ;
#2536 = CARTESIAN_POINT ( 'NONE',  ( -7.674498097478497100, -0.8111979634868599100, -2.999699999999999800 ) ) ;
#2537 = CARTESIAN_POINT ( 'NONE',  ( -7.667898081509305200, -0.7685460881166392700, -2.999700000000000700 ) ) ;
#2538 = CARTESIAN_POINT ( 'NONE',  ( -7.658185448301708200, -0.7276577124700442900, -2.999699999999999800 ) ) ;
#2539 = CARTESIAN_POINT ( 'NONE',  ( -7.644373760704696400, -0.6884978962182597400, -2.999700000000000300 ) ) ;
#2540 = CARTESIAN_POINT ( 'NONE',  ( -7.625753024060973200, -0.6515990245664882200, -2.999700000000000300 ) ) ;
#2541 = CARTESIAN_POINT ( 'NONE',  ( -7.603883271373032200, -0.6161814483364328500, -2.999699999999999800 ) ) ;
#2542 = CARTESIAN_POINT ( 'NONE',  ( -7.577724786343760700, -0.5827279336432633600, -2.999700000000002000 ) ) ;
#2543 = CARTESIAN_POINT ( 'NONE',  ( -7.547875514888413100, -0.5513813945275285500, -2.999699999999998900 ) ) ;
#2544 = CARTESIAN_POINT ( 'NONE',  ( -6.936168075599288100, -0.7438679959925323900, -2.999700000000002000 ) ) ;
#2545 = CARTESIAN_POINT ( 'NONE',  ( -6.949708813303469200, -0.7208159492283977600, -2.999699999999998500 ) ) ;
#2546 = CARTESIAN_POINT ( 'NONE',  ( -6.966235013173321300, -0.6998741856905074100, -2.999700000000001100 ) ) ;
#2547 = CARTESIAN_POINT ( 'NONE',  ( -6.905907352180398600, -0.8530979654572460300, -2.999700000000000700 ) ) ;
#2548 = CARTESIAN_POINT ( 'NONE',  ( -6.909466267150939700, -0.8230785185556227500, -2.999700000000000300 ) ) ;
#2549 = CARTESIAN_POINT ( 'NONE',  ( -6.925134919039074100, -0.4915821510884090800, -2.999700000000000300 ) ) ;
#2550 = CARTESIAN_POINT ( 'NONE',  ( -6.888641759568845800, -0.5143862780706464100, -2.999700000000000300 ) ) ;
#2551 = CARTESIAN_POINT ( 'NONE',  ( -6.855046286932383400, -0.5404887429185026800, -2.999700000000000300 ) ) ;
#2552 = CARTESIAN_POINT ( 'NONE',  ( -6.824664078623139400, -0.5701081199644121300, -2.999700000000000300 ) ) ;
#2553 = CARTESIAN_POINT ( 'NONE',  ( -6.797162264222746100, -0.6025244580507600500, -2.999699999999999800 ) ) ;
#2554 = CARTESIAN_POINT ( 'NONE',  ( -6.773844849935721300, -0.6387595666209845400, -2.999700000000000700 ) ) ;
#2555 = CARTESIAN_POINT ( 'NONE',  ( -6.753217525903949100, -0.6776642199640273700, -2.999700000000001100 ) ) ;
#2556 = CARTESIAN_POINT ( 'NONE',  ( -6.736762979687821200, -0.7200431171718370000, -2.999699999999999800 ) ) ;
#2557 = CARTESIAN_POINT ( 'NONE',  ( -7.005436275390387400, -0.6632903753585384100, -2.999700000000001100 ) ) ;
#2558 = CARTESIAN_POINT ( 'NONE',  ( -7.028111795519810900, -0.6486372477052828600, -2.999699999999999400 ) ) ;
#2559 = CARTESIAN_POINT ( 'NONE',  ( -7.477758632562093900, -0.8569944332807489800, -2.999700000000000300 ) ) ;
#2560 = DIRECTION ( 'NONE',  ( 0.9950371902099890400, 0.09950371902099933200, 0.0000000000000000000 ) ) ;
#2561 = VECTOR ( 'NONE', #2560, 1000.000000000000100 ) ;
#2562 = CARTESIAN_POINT ( 'NONE',  ( -6.904826002854561800, -0.8841593424479163900, -2.999700000000000300 ) ) ;
#2563 = LINE ( 'NONE', #2562, #2561 ) ;
#2564 = CARTESIAN_POINT ( 'NONE',  ( -6.708189103542224500, -1.833696394700270000, -2.999700000000000300 ) ) ;
#2565 = CARTESIAN_POINT ( 'NONE',  ( -7.063493767762790500, -1.394427465781187300, -2.999700000000000300 ) ) ;
#2566 = CARTESIAN_POINT ( 'NONE',  ( -6.984850478926137600, -0.6806385731286918000, -2.999699999999999800 ) ) ;
#2567 = CARTESIAN_POINT ( 'NONE',  ( -7.514773145921246600, -0.5226670298141326000, -2.999700000000001600 ) ) ;
#2568 = CARTESIAN_POINT ( 'NONE',  ( -7.478327271677261300, -0.4978831370583312000, -2.999699999999999400 ) ) ;
#2569 = CARTESIAN_POINT ( 'NONE',  ( -7.439146827991627300, -0.4767322016819027800, -2.999700000000000700 ) ) ;
#2570 = CARTESIAN_POINT ( 'NONE',  ( -7.397051161980447100, -0.4594205450622259000, -2.999700000000000300 ) ) ;
#2571 = CARTESIAN_POINT ( 'NONE',  ( -7.352007892377757000, -0.4462186230113816500, -2.999700000000000700 ) ) ;
#2572 = CARTESIAN_POINT ( 'NONE',  ( -7.304283141082329700, -0.4367460102349033400, -2.999699999999999400 ) ) ;
#2573 = CARTESIAN_POINT ( 'NONE',  ( -7.253701950460631500, -0.4306640402847016200, -2.999700000000000300 ) ) ;
#2574 = CARTESIAN_POINT ( 'NONE',  ( -7.218989794517531400, -0.4300696339807993400, -2.999700000000000700 ) ) ;
#2575 = CARTESIAN_POINT ( 'NONE',  ( -7.201170466496389400, -0.4297644981971151000, -2.999700000000000300 ) ) ;
#2576 = B_SPLINE_CURVE_WITH_KNOTS ( 'NONE', 3,
 ( #2525, #2524, #2523, #2522, #2521, #2520, #2519, #2518, #2517, #2516, #2515, #2514, #2513, #2512, #2492, #2491, #2490, #2489, #2488 ),
 .UNSPECIFIED., .F., .F.,
 ( 4, 1, 1, 1, 1, 1, 1, 1, 1, 1, 1, 1, 1, 1, 1, 1, 4 ),
 ( 0.0000000000000000000, 0.05794487546232555300, 0.1160176254256825600, 0.1748257843638403600, 0.2346830900793711000, 0.2968270303289138900, 0.3640613359637880400, 0.4361924240497385700, 0.5142601195414404600, 0.5569758971654886800, 0.6048559283836541000, 0.6576752010734877600, 0.7157505846619322000, 0.7788397991664555200, 0.8475011894738625500, 0.9212282309463238900, 1.000000000000000000 ),
 .UNSPECIFIED. ) ;
#2577 = FILL_AREA_STYLE_COLOUR ( '', #2578 ) ;
#2578 = COLOUR_RGB ( '',1.000000000000000000, 1.000000000000000000, 1.000000000000000000 ) ;
#2579 = B_SPLINE_CURVE_WITH_KNOTS ( 'NONE', 3,
 ( #2628, #2511, #2495, #2494, #2483, #2606, #2605, #2558, #2557, #2566, #2546, #2545, #2544, #2627, #2626, #2548, #2547, #2625, #2624 ),
 .UNSPECIFIED., .F., .F.,
 ( 4, 1, 1, 1, 1, 1, 1, 1, 1, 1, 1, 1, 1, 1, 1, 1, 4 ),
 ( 0.0000000000000000000, 0.07069648334337688700, 0.1383582132030691500, 0.2033698682591703300, 0.2657002133402303100, 0.3272558681973763400, 0.3865123433292939100, 0.4458582974819502200, 0.5051731438069386700, 0.5637797628070210200, 0.6223430642934402200, 0.6808235796100193800, 0.7397951568104396100, 0.8008011629883834400, 0.8642394615769082300, 0.9306310981734531300, 1.000000000000000000 ),
 .UNSPECIFIED. ) ;
#2580 = FACE_OUTER_BOUND ( 'NONE', #143, .T. ) ;
#2581 = B_SPLINE_CURVE_WITH_KNOTS ( 'NONE', 3,
 ( #2588, #2587, #2506, #2505, #2504, #2503, #2502, #2501, #2500, #2499, #2498, #2497, #2496, #2482, #2481, #2480, #2479, #2478, #2477 ),
 .UNSPECIFIED., .F., .F.,
 ( 4, 1, 1, 1, 1, 1, 1, 1, 1, 1, 1, 1, 1, 1, 1, 1, 4 ),
 ( 0.0000000000000000000, 0.1114096600426611500, 0.2145263672558016800, 0.3094172254458345000, 0.3960871907990311500, 0.4742842164262467400, 0.5443738816396975800, 0.6064195628105363300, 0.6605816023749735400, 0.7097938180647576100, 0.7564506485918284200, 0.8007673253039322400, 0.8431682879413350300, 0.8842948685500489100, 0.9238845020552848300, 0.9623587101392160300, 1.000000000000000000 ),
 .UNSPECIFIED. ) ;
#2582 = CARTESIAN_POINT ( 'NONE',  ( -1.310054875110783700, -1.724753006064752000, -3.000000000000000400 ) ) ;
#2583 = CARTESIAN_POINT ( 'NONE',  ( 7.000520569238900300, -1.990512006710736900, -3.000000000000000000 ) ) ;
#2584 = CARTESIAN_POINT ( 'NONE',  ( 7.000520569238900300, -1.990512006710736900, -2.999700000000000300 ) ) ;
#2585 = B_SPLINE_SURFACE_WITH_KNOTS ( 'NONE', 3, 1, ( 
 ( #2584, #2583 ),
 ( #11, #19 ),
 ( #26, #29 ),
 ( #37, #38 ),
 ( #44, #40 ),
 ( #60, #148 ),
 ( #2003, #2002 ),
 ( #1993, #1866 ),
 ( #1861, #1860 ),
 ( #1859, #1858 ),
 ( #2195, #2202 ),
 ( #2161, #2160 ),
 ( #2336, #2394 ),
 ( #2462, #2461 ),
 ( #2338, #2334 ),
 ( #2436, #2435 ),
 ( #2434, #2433 ),
 ( #2432, #2431 ),
 ( #2460, #2459 ),
 ( #2458, #2457 ),
 ( #2456, #2669 ),
 ( #2746, #2692 ),
 ( #2668, #2744 ),
 ( #2765, #2695 ),
 ( #2745, #2687 ),
 ( #2794, #2793 ),
 ( #2694, #2766 ) ),
 .UNSPECIFIED., .F., .F., .F.,
 ( 4, 1, 1, 1, 1, 1, 1, 1, 1, 1, 1, 1, 1, 1, 1, 1, 1, 1, 1, 1, 1, 1, 1, 1, 4 ),
 ( 2, 2 ),
 ( 0.0000000000000000000, 0.04919591886785765200, 0.09624788394233317600, 0.1413486305545654800, 0.1846561193487503700, 0.2260586823100629900, 0.2661730836384064200, 0.3052898413966903000, 0.3432450951047076300, 0.3808772760868660600, 0.4184957931350258300, 0.4563187508918001300, 0.4942367370918762700, 0.5330235289576674700, 0.5724731943339441700, 0.6130788090898914300, 0.6549344546107938000, 0.6973967795046185400, 0.7398840686663998900, 0.7821947798191175600, 0.8250615348667030800, 0.8679874655774053600, 0.9114105439600778100, 0.9553719455228146800, 1.000000000000000000 ),
 ( 0.0000000000000000000, 1.000000000000000000 ),
 .UNSPECIFIED. ) ;
#2586 = CARTESIAN_POINT ( 'NONE',  ( -1.517221915416225000, -1.812705328525640700, -3.000000000000000000 ) ) ;
#2587 = CARTESIAN_POINT ( 'NONE',  ( -7.083321864821111400, -1.377738478374438000, -2.999699999999999800 ) ) ;
#2588 = CARTESIAN_POINT ( 'NONE',  ( -7.063493767762790500, -1.394427465781187300, -2.999700000000000300 ) ) ;
#2589 = B_SPLINE_CURVE_WITH_KNOTS ( 'NONE', 3,
 ( #2575, #2574, #2573, #2572, #2571, #2570, #2569, #2568, #2567, #2543, #2542, #2541, #2540, #2539, #2538, #2537, #2536, #2535, #2534 ),
 .UNSPECIFIED., .F., .F.,
 ( 4, 1, 1, 1, 1, 1, 1, 1, 1, 1, 1, 1, 1, 1, 1, 1, 4 ),
 ( 0.0000000000000000000, 0.07471189030450156600, 0.1455392023749091900, 0.2133390572509728000, 0.2786150735384713100, 0.3420941969414983400, 0.4038900759591962900, 0.4650633525655210000, 0.5265767363834862300, 0.5873283340287680500, 0.6463804557031436200, 0.7043453083753259400, 0.7616719489990784200, 0.8194178590468649300, 0.8780393997816816600, 0.9377955090070546600, 1.000000000000000000 ),
 .UNSPECIFIED. ) ;
#2590 = CARTESIAN_POINT ( 'NONE',  ( -1.267778879510868000, -1.656508857848440200, -3.000000000000000400 ) ) ;
#2591 = FILL_AREA_STYLE ('',( #2577 ) ) ;
#2592 = CARTESIAN_POINT ( 'NONE',  ( -6.707263027093344700, -0.8644030448717945300, -2.999700000000000300 ) ) ;
#2593 = CARTESIAN_POINT ( 'NONE',  ( -6.723011717139640600, -0.7651748417910605400, -2.999700000000000700 ) ) ;
#2594 = CARTESIAN_POINT ( 'NONE',  ( -6.713216739247123100, -0.8136886249031292100, -2.999699999999999800 ) ) ;
#2595 = CARTESIAN_POINT ( 'NONE',  ( -6.709284376995832100, -0.8471849487981835100, -2.999699999999999800 ) ) ;
#2596 = CARTESIAN_POINT ( 'NONE',  ( -6.707263027093344700, -0.8644030448717945300, -2.999700000000000300 ) ) ;
#2597 = CARTESIAN_POINT ( 'NONE',  ( -7.196848776401612500, -0.6075711763822112500, -2.999700000000000300 ) ) ;
#2598 = CARTESIAN_POINT ( 'NONE',  ( -1.326951395135504100, -1.743470025403094600, -2.999999999999999600 ) ) ;
#2599 = CARTESIAN_POINT ( 'NONE',  ( -1.410656399460077400, -1.795929702289975800, -3.000000000000001300 ) ) ;
#2600 = CARTESIAN_POINT ( 'NONE',  ( -1.387501591886418200, -1.785997748770983900, -2.999999999999999100 ) ) ;
#2601 = CARTESIAN_POINT ( 'NONE',  ( -1.365869488000015300, -1.773867201087258000, -3.000000000000000900 ) ) ;
#2602 = CARTESIAN_POINT ( 'NONE',  ( -1.345496616930191400, -1.759963029584191500, -3.000000000000000400 ) ) ;
#2603 =( GEOMETRIC_REPRESENTATION_CONTEXT ( 3 ) GLOBAL_UNCERTAINTY_ASSIGNED_CONTEXT ( ( #2484 ) ) GLOBAL_UNIT_ASSIGNED_CONTEXT ( ( #2487, #2486, #2485 ) ) REPRESENTATION_CONTEXT ( 'NONE', 'WORKASPACE' ) );
#2604 = B_SPLINE_CURVE_WITH_KNOTS ( 'NONE', 3,
 ( #2596, #2595, #2594, #2593, #2556, #2555, #2554, #2553, #2552, #2551, #2550, #2549, #2623, #2622, #2621, #2620, #2619, #2618, #2617 ),
 .UNSPECIFIED., .F., .F.,
 ( 4, 1, 1, 1, 1, 1, 1, 1, 1, 1, 1, 1, 1, 1, 1, 1, 4 ),
 ( 0.0000000000000000000, 0.07067529020333018800, 0.1374926938441248800, 0.2014728253723051500, 0.2628693217722903300, 0.3225500865261558500, 0.3807372513385546300, 0.4382197368560122300, 0.4954874370602862500, 0.5534836796953474000, 0.6113462062294287000, 0.6706437388141554000, 0.7315869484227129900, 0.7941831937999382900, 0.8594451119347497100, 0.9282076353998101000, 1.000000000000000000 ),
 .UNSPECIFIED. ) ;
#2605 = CARTESIAN_POINT ( 'NONE',  ( -7.052162899969483900, -0.6356563127967622700, -2.999700000000000300 ) ) ;
#2606 = CARTESIAN_POINT ( 'NONE',  ( -7.077974747027032400, -0.6253436190454522100, -2.999700000000000700 ) ) ;
#2607 = CARTESIAN_POINT ( 'NONE',  ( -1.502784415216009900, -1.121684328008125200, -3.000000000000000000 ) ) ;
#2608 = CARTESIAN_POINT ( 'NONE',  ( -1.518147991865106000, -1.121234913361378100, -3.000000000000000400 ) ) ;
#2609 = DIRECTION ( 'NONE',  ( -0.3467321834683857500, -0.9379641746608692300, 0.0000000000000000000 ) ) ;
#2610 =( GEOMETRIC_REPRESENTATION_CONTEXT ( 3 ) GLOBAL_UNCERTAINTY_ASSIGNED_CONTEXT ( ( #2614 ) ) GLOBAL_UNIT_ASSIGNED_CONTEXT ( ( #2825, #2824, #2612 ) ) REPRESENTATION_CONTEXT ( 'NONE', 'WORKASPACE' ) );
#2611 = CARTESIAN_POINT ( 'NONE',  ( -6.035548909505203100, -0.4297644981971151000, -3.000000000000000000 ) ) ;
#2612 =( NAMED_UNIT ( * ) SI_UNIT ( $, .STERADIAN. ) SOLID_ANGLE_UNIT ( ) );
#2613 = B_SPLINE_CURVE_WITH_KNOTS ( 'NONE', 3,
 ( #2608, #2607, #2762, #2797, #2801, #2800, #2775, #2743, #2755, #2754, #2774 ),
 .UNSPECIFIED., .F., .F.,
 ( 4, 1, 1, 1, 1, 1, 1, 1, 4 ),
 ( 0.0000000000000000000, 0.1478596367312527700, 0.2835613219395476400, 0.4123693961385310700, 0.5342363558879453800, 0.6526916293119833200, 0.7686630594981231900, 0.8836524018604038400, 1.000000000000000000 ),
 .UNSPECIFIED. ) ;
#2614 = UNCERTAINTY_MEASURE_WITH_UNIT (LENGTH_MEASURE( 1.000000000000000100E-005 ), #2825, 'distance_accuracy_value', 'NONE');
#2615 = CARTESIAN_POINT ( 'NONE',  ( -1.515987146817717500, -1.990512006710736900, -3.000000000000000000 ) ) ;
#2616 = CARTESIAN_POINT ( 'NONE',  ( -1.257197855621675200, -1.629362727483249600, -2.999999999999999100 ) ) ;
#2617 = CARTESIAN_POINT ( 'NONE',  ( -7.201170466496389400, -0.4297644981971151000, -2.999700000000000300 ) ) ;
#2618 = CARTESIAN_POINT ( 'NONE',  ( -7.183561903214393100, -0.4301294675563346900, -2.999700000000000300 ) ) ;
#2619 = CARTESIAN_POINT ( 'NONE',  ( -7.149087907896453800, -0.4308440035340536100, -2.999700000000000700 ) ) ;
#2620 = CARTESIAN_POINT ( 'NONE',  ( -7.098827835833811100, -0.4361404829401234800, -2.999700000000000700 ) ) ;
#2621 = CARTESIAN_POINT ( 'NONE',  ( -7.051338963026502400, -0.4447329248079771000, -2.999699999999999800 ) ) ;
#2622 = CARTESIAN_POINT ( 'NONE',  ( -7.006544918858357300, -0.4567152278333762000, -2.999699999999999800 ) ) ;
#2623 = CARTESIAN_POINT ( 'NONE',  ( -6.964509072207446700, -0.4725079068353467700, -2.999700000000000300 ) ) ;
#2624 = CARTESIAN_POINT ( 'NONE',  ( -6.904826002854561800, -0.8841593424479163900, -2.999700000000000300 ) ) ;
#2625 = CARTESIAN_POINT ( 'NONE',  ( -6.905191684226932300, -0.8736552743412566700, -2.999699999999999800 ) ) ;
#2626 = CARTESIAN_POINT ( 'NONE',  ( -6.915993910631481600, -0.7948598587348584300, -2.999700000000001600 ) ) ;
#2627 = CARTESIAN_POINT ( 'NONE',  ( -6.924985576282704600, -0.7685234633641938600, -2.999699999999999800 ) ) ;
#2628 = CARTESIAN_POINT ( 'NONE',  ( -7.196848776401612500, -0.6075711763822112500, -2.999700000000000300 ) ) ;
#2629 = CARTESIAN_POINT ( 'NONE',  ( -6.035548909505203100, -1.990512006710736900, -3.000000000000000000 ) ) ;
#2630 = CARTESIAN_POINT ( 'NONE',  ( -6.049140832089651800, -1.990304933302367200, -3.000000000000000000 ) ) ;
#2631 = CARTESIAN_POINT ( 'NONE',  ( -6.075769750085637400, -1.989899240820207000, -3.000000000000000000 ) ) ;
#2632 = CARTESIAN_POINT ( 'NONE',  ( -6.114794702119325200, -1.985836759959264300, -3.000000000000000400 ) ) ;
#2633 = CARTESIAN_POINT ( 'NONE',  ( -6.151999624456878200, -1.978938014590318600, -2.999999999999999100 ) ) ;
#2634 = CARTESIAN_POINT ( 'NONE',  ( -6.187521599699714200, -1.969925753067866200, -3.000000000000000400 ) ) ;
#2635 = CARTESIAN_POINT ( 'NONE',  ( -6.221080504856800500, -1.957626376814162000, -2.999999999999999600 ) ) ;
#2636 = CARTESIAN_POINT ( 'NONE',  ( -6.253016843435136500, -1.943240305498516800, -3.000000000000000400 ) ) ;
#2637 = CARTESIAN_POINT ( 'NONE',  ( -6.283117236459142800, -1.925875944701537200, -3.000000000000000400 ) ) ;
#2638 = CARTESIAN_POINT ( 'NONE',  ( -6.311249939200071600, -1.905595567035819100, -3.000000000000000400 ) ) ;
#2639 = CARTESIAN_POINT ( 'NONE',  ( -6.337974578329495400, -1.883081637722681100, -3.000000000000000000 ) ) ;
#2640 = CARTESIAN_POINT ( 'NONE',  ( -6.362749383428586600, -1.857620900441126400, -3.000000000000000400 ) ) ;
#2641 = CARTESIAN_POINT ( 'NONE',  ( -6.385549320375009300, -1.829356263489069200, -2.999999999999999100 ) ) ;
#2642 = CARTESIAN_POINT ( 'NONE',  ( -6.406857774524271000, -1.798694536690519200, -3.000000000000000400 ) ) ;
#2643 = CARTESIAN_POINT ( 'NONE',  ( -6.426830807647808000, -1.765520701015490700, -3.000000000000000000 ) ) ;
#2644 = CARTESIAN_POINT ( 'NONE',  ( -6.444554563000469500, -1.729394429335913400, -3.000000000000000400 ) ) ;
#2645 = CARTESIAN_POINT ( 'NONE',  ( -6.460556566481207200, -1.690668079185960300, -2.999999999999998700 ) ) ;
#2646 = CARTESIAN_POINT ( 'NONE',  ( -6.475148217686169400, -1.649368112768684800, -3.000000000000001800 ) ) ;
#2647 = CARTESIAN_POINT ( 'NONE',  ( -6.488104442522957700, -1.605182407896498000, -2.999999999999999100 ) ) ;
#2648 = CARTESIAN_POINT ( 'NONE',  ( -6.499208840016931900, -1.557877326474284700, -3.000000000000000900 ) ) ;
#2649 = CARTESIAN_POINT ( 'NONE',  ( -1.518147991865106000, -1.121234913361378100, -3.000000000000000400 ) ) ;
#2650 = CARTESIAN_POINT ( 'NONE',  ( -1.530503581920529000, -1.121578402092972700, -3.000000000000000400 ) ) ;
#2651 = CARTESIAN_POINT ( 'NONE',  ( -1.554560607742280400, -1.122247193890724100, -3.000000000000000900 ) ) ;
#2652 = CARTESIAN_POINT ( 'NONE',  ( -1.589544297237443600, -1.126062095577319100, -2.999999999999999100 ) ) ;
#2653 = CARTESIAN_POINT ( 'NONE',  ( -1.622035640757059700, -1.133315325025730200, -3.000000000000000400 ) ) ;
#2654 = CARTESIAN_POINT ( 'NONE',  ( -1.652371784118086500, -1.142742326587002700, -2.999999999999999600 ) ) ;
#2655 = CARTESIAN_POINT ( 'NONE',  ( -1.680251269647760300, -1.155430722757412100, -3.000000000000000400 ) ) ;
#2656 = CARTESIAN_POINT ( 'NONE',  ( -1.705690514139654100, -1.171077297677050900, -3.000000000000000000 ) ) ;
#2657 = CARTESIAN_POINT ( 'NONE',  ( -1.729201890038768900, -1.188954971377958800, -3.000000000000000900 ) ) ;
#2658 = CARTESIAN_POINT ( 'NONE',  ( -1.749863059950519800, -1.210127683541722300, -2.999999999999999600 ) ) ;
#2659 = CARTESIAN_POINT ( 'NONE',  ( -1.767953152808580600, -1.233745825025095900, -2.999999999999998700 ) ) ;
#2660 = CARTESIAN_POINT ( 'NONE',  ( -1.784212945990220700, -1.258990615939621600, -3.000000000000000000 ) ) ;
#2661 = CARTESIAN_POINT ( 'NONE',  ( -1.797485791169070700, -1.286648087651062200, -3.000000000000000000 ) ) ;
#2662 = CARTESIAN_POINT ( 'NONE',  ( -1.808676528986138600, -1.316131267184314600, -2.999999999999999100 ) ) ;
#2663 = CARTESIAN_POINT ( 'NONE',  ( -1.816795326113099800, -1.347867631816264300, -3.000000000000001300 ) ) ;
#2664 = CARTESIAN_POINT ( 'NONE',  ( -1.823069966483383200, -1.381361261763566900, -2.999999999999998700 ) ) ;
#2665 = CARTESIAN_POINT ( 'NONE',  ( -1.826789114390574100, -1.416981315289114400, -3.000000000000000400 ) ) ;
#2666 = PLANE ( 'NONE',  #2689 ) ;
#2667 = CARTESIAN_POINT ( 'NONE',  ( -7.675321608323312000, -0.8551422803829875600, -2.999700000000000300 ) ) ;
#2668 = CARTESIAN_POINT ( 'NONE',  ( 7.703740904703200200, -1.348891752817891900, -2.999700000000000300 ) ) ;
#2669 = CARTESIAN_POINT ( 'NONE',  ( 7.683721162573264400, -1.451396367133235100, -2.999999999999999600 ) ) ;
#2670 = B_SPLINE_CURVE_WITH_KNOTS ( 'NONE', 3,
 ( #2713, #2712, #2711, #2710, #2709, #2708, #2707, #2728, #2727, #2726, #2725 ),
 .UNSPECIFIED., .F., .F.,
 ( 4, 1, 1, 1, 1, 1, 1, 1, 4 ),
 ( 0.0000000000000000000, 0.1379032299933923800, 0.2688733426002928900, 0.3951781273461120200, 0.5170892381308874700, 0.6367430265135479700, 0.7562218164637968300, 0.8766283594636795600, 1.000000000000000000 ),
 .UNSPECIFIED. ) ;
#2671 = FILL_AREA_STYLE ('',( #2721 ) ) ;
#2672 = FACE_BOUND ( 'NONE', #1755, .T. ) ;
#2673 = DIRECTION ( 'NONE',  ( -1.000000000000000000, 0.0000000000000000000, 0.0000000000000000000 ) ) ;
#2674 = DIRECTION ( 'NONE',  ( -0.0000000000000000000, 0.0000000000000000000, -1.000000000000000000 ) ) ;
#2675 = CARTESIAN_POINT ( 'NONE',  ( 0.0000000000000000000, -5.510728592200698600E-016, -3.000000000000000000 ) ) ;
#2676 = CARTESIAN_POINT ( 'NONE',  ( -1.518147991865106000, -1.121234913361378100, -3.000000000000000400 ) ) ;
#2677 = SURFACE_SIDE_STYLE ('',( #2747 ) ) ;
#2678 = FACE_BOUND ( 'NONE', #1642, .T. ) ;
#2679 = FACE_BOUND ( 'NONE', #583, .T. ) ;
#2680 = FACE_BOUND ( 'NONE', #576, .T. ) ;
#2681 = FACE_BOUND ( 'NONE', #721, .T. ) ;
#2682 = FACE_BOUND ( 'NONE', #912, .T. ) ;
#2683 = FACE_BOUND ( 'NONE', #674, .T. ) ;
#2684 = FACE_OUTER_BOUND ( 'NONE', #1754, .T. ) ;
#2685 = FACE_BOUND ( 'NONE', #601, .T. ) ;
#2686 = VECTOR ( 'NONE', #2718, 1000.000000000000000 ) ;
#2687 = CARTESIAN_POINT ( 'NONE',  ( 7.714106532135516200, -1.242912972427795200, -3.000000000000000000 ) ) ;
#2688 = CARTESIAN_POINT ( 'NONE',  ( -6.035548909505203100, -1.990512006710736900, -3.000000000000000000 ) ) ;
#2689 = AXIS2_PLACEMENT_3D ( 'NONE', #2675, #2674, #2673 ) ;
#2690 =( NAMED_UNIT ( * ) PLANE_ANGLE_UNIT ( ) SI_UNIT ( $, .RADIAN. ) );
#2691 =( LENGTH_UNIT ( ) NAMED_UNIT ( * ) SI_UNIT ( .MILLI., .METRE. ) );
#2692 = CARTESIAN_POINT ( 'NONE',  ( 7.695317052525756400, -1.400683834602942400, -3.000000000000000000 ) ) ;
#2693 = CARTESIAN_POINT ( 'NONE',  ( -1.037205622746390800, -1.555873460036057300, -3.000000000000000000 ) ) ;
#2694 = CARTESIAN_POINT ( 'NONE',  ( 7.714834203475553500, -1.188838494129669700, -2.999700000000000300 ) ) ;
#2695 = CARTESIAN_POINT ( 'NONE',  ( 7.710429182522747600, -1.296408720889241400, -2.999999999999999600 ) ) ;
#2696 = PRESENTATION_STYLE_ASSIGNMENT (( #2697 ) ) ;
#2697 = SURFACE_STYLE_USAGE ( .BOTH. , #2677 ) ;
#2698 = FACE_BOUND ( 'NONE', #959, .T. ) ;
#2699 = FACE_BOUND ( 'NONE', #559, .T. ) ;
#2700 = CARTESIAN_POINT ( 'NONE',  ( -5.541641470102158400, -1.210755636753179800, -3.000000000000000000 ) ) ;
#2701 = FACE_BOUND ( 'NONE', #549, .T. ) ;
#2702 = FACE_BOUND ( 'NONE', #554, .T. ) ;
#2703 = FACE_BOUND ( 'NONE', #491, .T. ) ;
#2704 = CARTESIAN_POINT ( 'NONE',  ( -7.201170466496389400, -0.4297644981971151000, -2.999700000000000300 ) ) ;
#2705 = UNCERTAINTY_MEASURE_WITH_UNIT (LENGTH_MEASURE( 1.000000000000000100E-005 ), #2691, 'distance_accuracy_value', 'NONE');
#2706 =( NAMED_UNIT ( * ) SI_UNIT ( $, .STERADIAN. ) SOLID_ANGLE_UNIT ( ) );
#2707 = CARTESIAN_POINT ( 'NONE',  ( -5.798019242108079400, -1.933270127227697100, -2.999999999999999600 ) ) ;
#2708 = CARTESIAN_POINT ( 'NONE',  ( -5.839706755912543700, -1.954531095188254200, -3.000000000000000400 ) ) ;
#2709 = CARTESIAN_POINT ( 'NONE',  ( -5.884615345197315300, -1.970426461631696900, -3.000000000000000000 ) ) ;
#2710 = CARTESIAN_POINT ( 'NONE',  ( -5.932240225139763000, -1.982278583346308800, -3.000000000000001300 ) ) ;
#2711 = CARTESIAN_POINT ( 'NONE',  ( -5.982983084328931300, -1.989012563768058000, -2.999999999999999100 ) ) ;
#2712 = CARTESIAN_POINT ( 'NONE',  ( -6.017728323051920300, -1.990003673539857000, -2.999999999999999600 ) ) ;
#2713 = CARTESIAN_POINT ( 'NONE',  ( -6.035548909505203100, -1.990512006710736900, -3.000000000000000000 ) ) ;
#2714 = FACE_BOUND ( 'NONE', #309, .T. ) ;
#2715 = FACE_BOUND ( 'NONE', #448, .T. ) ;
#2716 = FACE_BOUND ( 'NONE', #419, .T. ) ;
#2717 = FACE_BOUND ( 'NONE', #473, .T. ) ;
#2718 = DIRECTION ( 'NONE',  ( -0.0000000000000000000, -0.0000000000000000000, -1.000000000000000000 ) ) ;
#2719 = CARTESIAN_POINT ( 'NONE',  ( 2.242339774889821900, -1.442274748973357200, -2.999700000000000300 ) ) ;
#2720 = LINE ( 'NONE', #2719, #2686 ) ;
#2721 = FILL_AREA_STYLE_COLOUR ( '', #2732 ) ;
#2722 = FACE_BOUND ( 'NONE', #1607, .T. ) ;
#2723 = FACE_BOUND ( 'NONE', #631, .T. ) ;
#2724 = FACE_BOUND ( 'NONE', #607, .T. ) ;
#2725 = CARTESIAN_POINT ( 'NONE',  ( -5.691357162671206300, -1.842031082740196400, -3.000000000000000000 ) ) ;
#2726 = CARTESIAN_POINT ( 'NONE',  ( -5.701967565480606100, -1.853959143251265400, -3.000000000000000900 ) ) ;
#2727 = CARTESIAN_POINT ( 'NONE',  ( -5.722933362094952500, -1.877528586859679400, -3.000000000000000400 ) ) ;
#2728 = CARTESIAN_POINT ( 'NONE',  ( -5.759353762481793200, -1.907402008080270300, -3.000000000000000000 ) ) ;
#2729 = MECHANICAL_DESIGN_GEOMETRIC_PRESENTATION_REPRESENTATION (  '', ( #2731 ), #2764 ) ;
#2730 = PRESENTATION_LAYER_ASSIGNMENT (  '', '', ( #2731 ) ) ;
#2731 = STYLED_ITEM ( 'NONE', ( #2696 ), #206 ) ;
#2732 = COLOUR_RGB ( '',0.7529411764705882200, 0.7529411764705882200, 0.7529411764705882200 ) ;
#2733 = CARTESIAN_POINT ( 'NONE',  ( -6.508187510459597600, -1.507432135904023300, -2.999999999999999100 ) ) ;
#2734 = CARTESIAN_POINT ( 'NONE',  ( -6.516519964271941100, -1.454075901777564800, -3.000000000000000000 ) ) ;
#2735 = CARTESIAN_POINT ( 'NONE',  ( -6.522027966601293700, -1.397581927572216600, -3.000000000000000400 ) ) ;
#2736 = CARTESIAN_POINT ( 'NONE',  ( -6.526504131208972700, -1.338101025610243500, -3.000000000000000400 ) ) ;
#2737 = CARTESIAN_POINT ( 'NONE',  ( -6.528857418416232700, -1.275496942451194400, -2.999999999999999600 ) ) ;
#2738 = CARTESIAN_POINT ( 'NONE',  ( -6.529253575731249100, -1.232674374260395400, -3.000000000000000000 ) ) ;
#2739 = CARTESIAN_POINT ( 'NONE',  ( -6.529456348908247800, -1.210755636753179800, -3.000000000000000000 ) ) ;
#2740 = DIRECTION ( 'NONE',  ( 0.0000000000000000000, -1.000000000000000000, 0.0000000000000000000 ) ) ;
#2741 = VECTOR ( 'NONE', #2740, 1000.000000000000000 ) ;
#2742 = CARTESIAN_POINT ( 'NONE',  ( -3.941381366436297100, -1.338554186698717600, -3.000000000000000000 ) ) ;
#2743 = CARTESIAN_POINT ( 'NONE',  ( -1.299849017718489800, -1.203416938745887700, -2.999999999999999600 ) ) ;
#2744 = CARTESIAN_POINT ( 'NONE',  ( 7.703740904703200200, -1.348891752817891900, -3.000000000000000000 ) ) ;
#2745 = CARTESIAN_POINT ( 'NONE',  ( 7.714106532135516200, -1.242912972427795200, -2.999700000000000300 ) ) ;
#2746 = CARTESIAN_POINT ( 'NONE',  ( 7.695317052525756400, -1.400683834602942400, -2.999700000000000300 ) ) ;
#2747 = SURFACE_STYLE_FILL_AREA ( #2671 ) ;
#2748 = FACE_BOUND ( 'NONE', #218, .T. ) ;
#2749 = DIRECTION ( 'NONE',  ( 0.6105193732222974300, -0.7920013225495605700, 0.0000000000000000000 ) ) ;
#2750 = VECTOR ( 'NONE', #2749, 1000.000000000000100 ) ;
#2751 = CARTESIAN_POINT ( 'NONE',  ( 1.452087871844951700, -0.8427945943979113800, -2.999700000000000300 ) ) ;
#2752 = CARTESIAN_POINT ( 'NONE',  ( -1.499403887141191900, -1.990175617991452000, -3.000000000000000000 ) ) ;
#2753 = CARTESIAN_POINT ( 'NONE',  ( -1.515987146817717500, -1.990512006710736900, -3.000000000000000000 ) ) ;
#2754 = CARTESIAN_POINT ( 'NONE',  ( -1.261378603163238400, -1.249561089739803500, -2.999999999999999600 ) ) ;
#2755 = CARTESIAN_POINT ( 'NONE',  ( -1.275006006326018700, -1.229741642965520400, -3.000000000000000000 ) ) ;
#2756 = B_SPLINE_CURVE_WITH_KNOTS ( 'NONE', 3,
 ( #2767, #2772, #2771, #2770, #2616, #2590, #2533, #2532, #2582, #2598, #2602, #2601, #2600, #2599, #2510, #2509, #2508, #2507, #2586 ),
 .UNSPECIFIED., .F., .F.,
 ( 4, 1, 1, 1, 1, 1, 1, 1, 1, 1, 1, 1, 1, 1, 1, 1, 4 ),
 ( 0.0000000000000000000, 0.07736133711897617800, 0.1504798322806806300, 0.2199772368520743200, 0.2866809968624412000, 0.3496784941856627100, 0.4106796250174851700, 0.4694271135192911200, 0.5267557014271296900, 0.5831419808348370400, 0.6388244277786260300, 0.6952634704038119800, 0.7526958048985347100, 0.8108491833348947500, 0.8713563036360845200, 0.9344364309841277600, 1.000000000000000000 ),
 .UNSPECIFIED. ) ;
#2757 = DIRECTION ( 'NONE',  ( -0.9950371902099890400, 0.09950371902099922100, 0.0000000000000000000 ) ) ;
#2758 = VECTOR ( 'NONE', #2757, 1000.000000000000100 ) ;
#2759 = CARTESIAN_POINT ( 'NONE',  ( -1.037205622746390800, -1.555873460036057300, -3.000000000000000000 ) ) ;
#2760 = LINE ( 'NONE', #2759, #2758 ) ;
#2761 = B_SPLINE_CURVE_WITH_KNOTS ( 'NONE', 3,
 ( #2753, #2752, #2792, #2791, #2790, #2789, #2788, #2787, #2786, #2785, #2784, #2783, #2782, #2781, #2780, #2779, #2778, #2777, #2776 ),
 .UNSPECIFIED., .F., .F.,
 ( 4, 1, 1, 1, 1, 1, 1, 1, 1, 1, 1, 1, 1, 1, 1, 1, 4 ),
 ( 0.0000000000000000000, 0.06929802345975311100, 0.1355608441012822200, 0.1996709556470569700, 0.2617162384956091500, 0.3226619299471027400, 0.3829069237782246600, 0.4430320330728905200, 0.5035007873501631300, 0.5637242810171080300, 0.6239800220534740300, 0.6836293869955235600, 0.7438482724857307100, 0.8051918462295102300, 0.8676487429597674600, 0.9327780842312611800, 1.000000000000000000 ),
 .UNSPECIFIED. ) ;
#2762 = CARTESIAN_POINT ( 'NONE',  ( -1.473320552050598100, -1.122546203595999700, -3.000000000000001300 ) ) ;
#2763 = LINE ( 'NONE', #2751, #2750 ) ;
#2764 =( GEOMETRIC_REPRESENTATION_CONTEXT ( 3 ) GLOBAL_UNCERTAINTY_ASSIGNED_CONTEXT ( ( #2705 ) ) GLOBAL_UNIT_ASSIGNED_CONTEXT ( ( #2691, #2690, #2706 ) ) REPRESENTATION_CONTEXT ( 'NONE', 'WORKASPACE' ) );
#2765 = CARTESIAN_POINT ( 'NONE',  ( 7.710429182522747600, -1.296408720889241400, -2.999699999999999800 ) ) ;
#2766 = CARTESIAN_POINT ( 'NONE',  ( 7.714834203475553500, -1.188838494129669700, -3.000000000000000000 ) ) ;
#2767 = CARTESIAN_POINT ( 'NONE',  ( -1.234768598507608700, -1.536117162459935500, -3.000000000000000000 ) ) ;
#2768 = CARTESIAN_POINT ( 'NONE',  ( 3.005981673279064300, -1.249561089739803500, -2.999699999999999800 ) ) ;
#2769 =( GEOMETRIC_REPRESENTATION_CONTEXT ( 3 ) GLOBAL_UNCERTAINTY_ASSIGNED_CONTEXT ( ( #3113 ) ) GLOBAL_UNIT_ASSIGNED_CONTEXT ( ( #3116, #3115, #3114 ) ) REPRESENTATION_CONTEXT ( 'NONE', 'WORKASPACE' ) );
#2770 = CARTESIAN_POINT ( 'NONE',  ( -1.247780866623922700, -1.600244310415692300, -3.000000000000000000 ) ) ;
#2771 = CARTESIAN_POINT ( 'NONE',  ( -1.240529863510538000, -1.568901424522670700, -2.999999999999999600 ) ) ;
#2772 = CARTESIAN_POINT ( 'NONE',  ( -1.236724782130163900, -1.547248751875118600, -3.000000000000000400 ) ) ;
#2773 = CARTESIAN_POINT ( 'NONE',  ( -3.941381366436297100, -1.338554186698717600, -3.000000000000000000 ) ) ;
#2774 = CARTESIAN_POINT ( 'NONE',  ( -1.254524896083730500, -1.259528996394230400, -3.000000000000000000 ) ) ;
#2775 = CARTESIAN_POINT ( 'NONE',  ( -1.327482874759591000, -1.179819544742188900, -3.000000000000000000 ) ) ;
#2776 = CARTESIAN_POINT ( 'NONE',  ( -1.037205622746390800, -1.555873460036057300, -3.000000000000000000 ) ) ;
#2777 = CARTESIAN_POINT ( 'NONE',  ( -1.038968826131488400, -1.571868967308293700, -2.999999999999999600 ) ) ;
#2778 = CARTESIAN_POINT ( 'NONE',  ( -1.042440345527603900, -1.603362052119499100, -3.000000000000000000 ) ) ;
#2779 = CARTESIAN_POINT ( 'NONE',  ( -1.052595303348925900, -1.648922342160634700, -2.999999999999999600 ) ) ;
#2780 = CARTESIAN_POINT ( 'NONE',  ( -1.065415872688138900, -1.692311298568012700, -3.000000000000000400 ) ) ;
#2781 = CARTESIAN_POINT ( 'NONE',  ( -1.082173920755841600, -1.733103208851397600, -2.999999999999999600 ) ) ;
#2782 = CARTESIAN_POINT ( 'NONE',  ( -1.102280671255454500, -1.771576493373599600, -2.999999999999999600 ) ) ;
#2783 = CARTESIAN_POINT ( 'NONE',  ( -1.125917646541145300, -1.807694255185556600, -3.000000000000000900 ) ) ;
#2784 = CARTESIAN_POINT ( 'NONE',  ( -1.153073438261400100, -1.841240373608192400, -2.999999999999999100 ) ) ;
#2785 = CARTESIAN_POINT ( 'NONE',  ( -1.183380554567860000, -1.872236723158555500, -2.999999999999999600 ) ) ;
#2786 = CARTESIAN_POINT ( 'NONE',  ( -1.216643765743094400, -1.900026557993427500, -3.000000000000001300 ) ) ;
#2787 = CARTESIAN_POINT ( 'NONE',  ( -1.252691240132586700, -1.924052981590104400, -2.999999999999999600 ) ) ;
#2788 = CARTESIAN_POINT ( 'NONE',  ( -1.290730053434019100, -1.945056243630675500, -2.999999999999999100 ) ) ;
#2789 = CARTESIAN_POINT ( 'NONE',  ( -1.331420328263328300, -1.961589781237982300, -3.000000000000000900 ) ) ;
#2790 = CARTESIAN_POINT ( 'NONE',  ( -1.374289093161775500, -1.974674318715233100, -3.000000000000000400 ) ) ;
#2791 = CARTESIAN_POINT ( 'NONE',  ( -1.419465500214538700, -1.983796852509376800, -2.999999999999999600 ) ) ;
#2792 = CARTESIAN_POINT ( 'NONE',  ( -1.466963702450987000, -1.989517574133118800, -3.000000000000000400 ) ) ;
#2793 = CARTESIAN_POINT ( 'NONE',  ( 7.714590432547251600, -1.206953520855110500, -2.999999999999999600 ) ) ;
#2794 = CARTESIAN_POINT ( 'NONE',  ( 7.714590432547251600, -1.206953520855110500, -2.999699999999999800 ) ) ;
#2795 = CARTESIAN_POINT ( 'NONE',  ( -1.827230732848797300, -1.441442844393687100, -3.000000000000000900 ) ) ;
#2796 = CARTESIAN_POINT ( 'NONE',  ( -1.827457525791262600, -1.454005050659179500, -3.000000000000000000 ) ) ;
#2797 = CARTESIAN_POINT ( 'NONE',  ( -1.430984010602634800, -1.129796853877436100, -2.999999999999998700 ) ) ;
#2798 = CARTESIAN_POINT ( 'NONE',  ( -1.827457525791262600, -1.454005050659179500, -3.000000000000000000 ) ) ;
#2799 = B_SPLINE_CURVE_WITH_KNOTS ( 'NONE', 3,
 ( #2739, #2738, #2737, #2736, #2735, #2734, #2733, #2648, #2647, #2646, #2645, #2644, #2643, #2642, #2641, #2640, #2639, #2638, #2637, #2636, #2635, #2634, #2633, #2632, #2631, #2630, #2629 ),
 .UNSPECIFIED., .F., .F.,
 ( 4, 1, 1, 1, 1, 1, 1, 1, 1, 1, 1, 1, 1, 1, 1, 1, 1, 1, 1, 1, 1, 1, 1, 1, 4 ),
 ( 0.0000000000000000000, 0.06287394621143262100, 0.1228366299919130800, 0.1796565674430314900, 0.2339600122308624100, 0.2855950186955589800, 0.3345131060783807500, 0.3809048259061764100, 0.4248945919393349300, 0.4665290347654874600, 0.5064882940692463400, 0.5450315536447542000, 0.5818311798231342600, 0.6174482799494429600, 0.6520669127690462700, 0.6858797142465108400, 0.7191745547913921400, 0.7521816462063929400, 0.7852401639180908200, 0.8186564497770832900, 0.8525477406533108500, 0.8876263422585190000, 0.9236350780687513400, 0.9610218444769890200, 1.000000000000000000 ),
 .UNSPECIFIED. ) ;
#2800 = CARTESIAN_POINT ( 'NONE',  ( -1.358135446666398600, -1.158965414875118900, -3.000000000000000000 ) ) ;
#2801 = CARTESIAN_POINT ( 'NONE',  ( -1.392443524127680900, -1.141509355762435800, -3.000000000000000900 ) ) ;
#2802 = LINE ( 'NONE', #2742, #2741 ) ;
#2803 = CARTESIAN_POINT ( 'NONE',  ( -5.541641470102158400, -1.210755636753179800, -3.000000000000000000 ) ) ;
#2804 = CARTESIAN_POINT ( 'NONE',  ( -5.542144981232066700, -1.245442203842301200, -3.000000000000000000 ) ) ;
#2805 = CARTESIAN_POINT ( 'NONE',  ( -5.543118656865410700, -1.312518109761565200, -3.000000000000000000 ) ) ;
#2806 = CARTESIAN_POINT ( 'NONE',  ( -5.549724415821939000, -1.409524735141490600, -3.000000000000000000 ) ) ;
#2807 = CARTESIAN_POINT ( 'NONE',  ( -5.561397398419146900, -1.499425637583682100, -2.999999999999999600 ) ) ;
#2808 = CARTESIAN_POINT ( 'NONE',  ( -5.577559375495918700, -1.582181976932510700, -3.000000000000000400 ) ) ;
#2809 = CARTESIAN_POINT ( 'NONE',  ( -5.598193900804870900, -1.657956138753929200, -2.999999999999999600 ) ) ;
#2810 = CARTESIAN_POINT ( 'NONE',  ( -5.624486061109927000, -1.726145046378683400, -3.000000000000001300 ) ) ;
#2811 = CARTESIAN_POINT ( 'NONE',  ( -5.653960992117046800, -1.788086558090759000, -2.999999999999999100 ) ) ;
#2812 = CARTESIAN_POINT ( 'NONE',  ( -5.679144344982225000, -1.824413914054214400, -2.999999999999999600 ) ) ;
#2813 = CARTESIAN_POINT ( 'NONE',  ( -5.691357162671206300, -1.842031082740196400, -3.000000000000000000 ) ) ;
#2814 = B_SPLINE_CURVE_WITH_KNOTS ( 'NONE', 3,
 ( #2796, #2795, #2665, #2664, #2663, #2662, #2661, #2660, #2659, #2658, #2657, #2656, #2655, #2654, #2653, #2652, #2651, #2650, #2649 ),
 .UNSPECIFIED., .F., .F.,
 ( 4, 1, 1, 1, 1, 1, 1, 1, 1, 1, 1, 1, 1, 1, 1, 1, 4 ),
 ( 0.0000000000000000000, 0.07286593345653534500, 0.1418868719641261100, 0.2074526264147113500, 0.2704376800000974400, 0.3316408722476697500, 0.3901075774931580000, 0.4480692869488360800, 0.5055029519245374200, 0.5624881528337243300, 0.6190843288847292000, 0.6764155306922389200, 0.7354523604507925400, 0.7962407694486781700, 0.8604056780892032100, 0.9283049272851058300, 0.9999999999999998900 ),
 .UNSPECIFIED. ) ;
#2815 = B_SPLINE_CURVE_WITH_KNOTS ( 'NONE', 3,
 ( #2813, #2812, #2811, #2810, #2809, #2808, #2807, #2806, #2805, #2804, #2803 ),
 .UNSPECIFIED., .F., .F.,
 ( 4, 1, 1, 1, 1, 1, 1, 1, 4 ),
 ( 0.0000000000000000000, 0.09742066817721495300, 0.2008855880393210200, 0.3111719701726504100, 0.4297979458253729500, 0.5577399263645874700, 0.6947152693641582800, 0.8421299102060551000, 1.000000000000000000 ),
 .UNSPECIFIED. ) ;
#2816 = B_SPLINE_CURVE_WITH_KNOTS ( 'NONE', 3,
 ( #2882, #2881, #2818, #2817, #2836, #2835, #2834, #2833, #2832, #2906, #2905, #2904, #2869, #2868, #2867, #2862, #2861, #2860, #2859 ),
 .UNSPECIFIED., .F., .F.,
 ( 4, 1, 1, 1, 1, 1, 1, 1, 1, 1, 1, 1, 1, 1, 1, 1, 4 ),
 ( 0.0000000000000000000, 0.06580103760947297900, 0.1286767959489729400, 0.1886758749524337900, 0.2475984367338941700, 0.3048494201188274900, 0.3617858992828988900, 0.4195227063685894000, 0.4786818154207405600, 0.5387695030440191600, 0.5987990560131538600, 0.6601842815006787600, 0.7229515306109659500, 0.7879926891048739700, 0.8554037684344736300, 0.9261530612840037600, 1.000000000000000000 ),
 .UNSPECIFIED. ) ;
#2817 = CARTESIAN_POINT ( 'NONE',  ( 2.682006052907043500, -1.807172398628510200, -2.999699999999999800 ) ) ;
#2818 = CARTESIAN_POINT ( 'NONE',  ( 2.715422666494955900, -1.811866496571709700, -2.999700000000001100 ) ) ;
#2819 = CARTESIAN_POINT ( 'NONE',  ( 2.831990878281693800, -1.803199369200859000, -2.999700000000001600 ) ) ;
#2820 = CARTESIAN_POINT ( 'NONE',  ( 2.856703876982225100, -1.795929702289974500, -2.999699999999999400 ) ) ;
#2821 = CARTESIAN_POINT ( 'NONE',  ( 2.879858684555884500, -1.785997748770984800, -2.999700000000000700 ) ) ;
#2822 = CARTESIAN_POINT ( 'NONE',  ( 2.901490788442287400, -1.773867201087256900, -2.999699999999999800 ) ) ;
#2823 = CARTESIAN_POINT ( 'NONE',  ( 2.921863659512111200, -1.759963029584191300, -2.999700000000000300 ) ) ;
#2824 =( NAMED_UNIT ( * ) PLANE_ANGLE_UNIT ( ) SI_UNIT ( $, .RADIAN. ) );
#2825 =( LENGTH_UNIT ( ) NAMED_UNIT ( * ) SI_UNIT ( .MILLI., .METRE. ) );
#2826 = MECHANICAL_DESIGN_GEOMETRIC_PRESENTATION_REPRESENTATION (  '', ( #2828 ), #2610 ) ;
#2827 = PRESENTATION_LAYER_ASSIGNMENT (  '', '', ( #2828 ) ) ;
#2828 = STYLED_ITEM ( 'NONE', ( #2829 ), #272 ) ;
#2829 = PRESENTATION_STYLE_ASSIGNMENT (( #2830 ) ) ;
#2830 = SURFACE_STYLE_USAGE ( .BOTH. , #2831 ) ;
#2831 = SURFACE_SIDE_STYLE ('',( #2891 ) ) ;
#2832 = CARTESIAN_POINT ( 'NONE',  ( 2.543529185880689400, -1.738082606585777100, -2.999700000000000300 ) ) ;
#2833 = CARTESIAN_POINT ( 'NONE',  ( 2.567651029652009900, -1.757688760818946000, -2.999700000000000700 ) ) ;
#2834 = CARTESIAN_POINT ( 'NONE',  ( 2.592974248888550500, -1.775130425234670500, -2.999700000000000700 ) ) ;
#2835 = CARTESIAN_POINT ( 'NONE',  ( 2.620879605066758000, -1.788600786772127000, -2.999700000000000700 ) ) ;
#2836 = CARTESIAN_POINT ( 'NONE',  ( 2.650441355004835600, -1.799432374942170100, -2.999699999999999800 ) ) ;
#2837 = UNCERTAINTY_MEASURE_WITH_UNIT (LENGTH_MEASURE( 1.000000000000000100E-005 ), #2883, 'distance_accuracy_value', 'NONE');
#2838 =( NAMED_UNIT ( * ) SI_UNIT ( $, .STERADIAN. ) SOLID_ANGLE_UNIT ( ) );
#2839 =( NAMED_UNIT ( * ) PLANE_ANGLE_UNIT ( ) SI_UNIT ( $, .RADIAN. ) );
#2840 = SURFACE_STYLE_FILL_AREA ( #2843 ) ;
#2841 = B_SPLINE_CURVE_WITH_KNOTS ( 'NONE', 3,
 ( #2866, #2865, #2864, #2863, #2878, #2877, #2876, #2875, #2874, #2873, #2872, #2871, #2870, #2951, #2950, #2949, #2948, #2947, #2946 ),
 .UNSPECIFIED., .F., .F.,
 ( 4, 1, 1, 1, 1, 1, 1, 1, 1, 1, 1, 1, 1, 1, 1, 1, 4 ),
 ( 0.0000000000000000000, 0.06199741907572158000, 0.1220879540822928000, 0.1813753107870032800, 0.2395080083953654300, 0.2978356978967507400, 0.3568799706531178800, 0.4172818251154281600, 0.4796404090798155300, 0.5425000674783562200, 0.6049624196481903100, 0.6669910330782642400, 0.7302162430101637500, 0.7941728632512561300, 0.8604581431502611500, 0.9285781799847823100, 0.9999999999999998900 ),
 .UNSPECIFIED. ) ;
#2842 = SURFACE_SIDE_STYLE ('',( #2840 ) ) ;
#2843 = FILL_AREA_STYLE ('',( #2845 ) ) ;
#2844 = AXIS2_PLACEMENT_3D ( 'NONE', #2989, #2988, #2987 ) ;
#2845 = FILL_AREA_STYLE_COLOUR ( '', #2907 ) ;
#2846 = CARTESIAN_POINT ( 'NONE',  ( -2.306239049862588900, 1.456961920322515700, -2.999700000000000300 ) ) ;
#2847 = LINE ( 'NONE', #2982, #2981 ) ;
#2848 = SURFACE_STYLE_FILL_AREA ( #2849 ) ;
#2849 = FILL_AREA_STYLE ('',( #2932 ) ) ;
#2850 = FACE_OUTER_BOUND ( 'NONE', #244, .T. ) ;
#2851 = B_SPLINE_CURVE_WITH_KNOTS ( 'NONE', 3,
 ( #2846, #2942, #2941, #2940, #2939, #2938, #2937, #2936, #2935, #2934, #2933 ),
 .UNSPECIFIED., .F., .F.,
 ( 4, 1, 1, 1, 1, 1, 1, 1, 4 ),
 ( 0.0000000000000000000, 0.1531481085926319800, 0.2994334688329068900, 0.4364263514567510700, 0.5656705729563579200, 0.6865083102878722900, 0.7992685160630037500, 0.9033947408013430800, 1.000000000000000000 ),
 .UNSPECIFIED. ) ;
#2852 = COLOUR_RGB ( '',1.000000000000000000, 1.000000000000000000, 1.000000000000000000 ) ;
#2853 = CARTESIAN_POINT ( 'NONE',  ( 2.940408881306799200, -1.743470025403095000, -2.999700000000000300 ) ) ;
#2854 = CARTESIAN_POINT ( 'NONE',  ( 2.957305401331519000, -1.724753006064752500, -2.999700000000000700 ) ) ;
#2855 = CARTESIAN_POINT ( 'NONE',  ( 2.973376421608713300, -1.704416099125932700, -2.999699999999999800 ) ) ;
#2856 = CARTESIAN_POINT ( 'NONE',  ( 2.987004064980248100, -1.681395665172996400, -2.999700000000001600 ) ) ;
#2857 = CARTESIAN_POINT ( 'NONE',  ( 2.999581396931433600, -1.656508857848439700, -2.999699999999999800 ) ) ;
#2858 = CARTESIAN_POINT ( 'NONE',  ( 3.010162420820627000, -1.629362727483249800, -2.999699999999999800 ) ) ;
#2859 = CARTESIAN_POINT ( 'NONE',  ( 2.439902750651040000, -1.454005050659179500, -2.999700000000000300 ) ) ;
#2860 = CARTESIAN_POINT ( 'NONE',  ( 2.440102289781278500, -1.467186979341462000, -2.999699999999999800 ) ) ;
#2861 = CARTESIAN_POINT ( 'NONE',  ( 2.440492998005396900, -1.492997896427057200, -2.999700000000000700 ) ) ;
#2862 = CARTESIAN_POINT ( 'NONE',  ( 2.444641901902973500, -1.530655340918744000, -2.999700000000001100 ) ) ;
#2863 = CARTESIAN_POINT ( 'NONE',  ( 2.603227546070487000, -0.9512344584637016900, -3.000000000000000400 ) ) ;
#2864 = CARTESIAN_POINT ( 'NONE',  ( 2.648375581879159700, -0.9446386644603140800, -2.999999999999999600 ) ) ;
#2865 = CARTESIAN_POINT ( 'NONE',  ( 2.679014859041476600, -0.9438358910931875500, -3.000000000000000000 ) ) ;
#2866 = CARTESIAN_POINT ( 'NONE',  ( 2.694573774093235000, -0.9434282351762817200, -3.000000000000000000 ) ) ;
#2867 = CARTESIAN_POINT ( 'NONE',  ( 2.451104770888589400, -1.566354953274791400, -2.999699999999999800 ) ) ;
#2868 = CARTESIAN_POINT ( 'NONE',  ( 2.459890847424659000, -1.600119474182271100, -2.999699999999999800 ) ) ;
#2869 = CARTESIAN_POINT ( 'NONE',  ( 2.471789215500356900, -1.631769282828533500, -2.999700000000001100 ) ) ;
#2870 = CARTESIAN_POINT ( 'NONE',  ( 2.292839948226809400, -1.199006266384048200, -3.000000000000000900 ) ) ;
#2871 = CARTESIAN_POINT ( 'NONE',  ( 2.315031275791502400, -1.157363278009374600, -3.000000000000000000 ) ) ;
#2872 = CARTESIAN_POINT ( 'NONE',  ( 2.342201711258327500, -1.118891622415541200, -3.000000000000000000 ) ) ;
#2873 = CARTESIAN_POINT ( 'NONE',  ( 2.372558632695372300, -1.082821202920734700, -2.999999999999999600 ) ) ;
#2874 = CARTESIAN_POINT ( 'NONE',  ( 2.406026758857347400, -1.050328406904095900, -2.999999999999999600 ) ) ;
#2875 = CARTESIAN_POINT ( 'NONE',  ( 2.441637224304792600, -1.021709153116530100, -3.000000000000000900 ) ) ;
#2876 = CARTESIAN_POINT ( 'NONE',  ( 2.479188712831157400, -0.9975034278148862100, -3.000000000000000000 ) ) ;
#2877 = CARTESIAN_POINT ( 'NONE',  ( 2.518529616085217500, -0.9775117099787978800, -3.000000000000000000 ) ) ;
#2878 = CARTESIAN_POINT ( 'NONE',  ( 2.560058429120031200, -0.9624312560394601100, -2.999999999999999600 ) ) ;
#2879 = B_SPLINE_CURVE_WITH_KNOTS ( 'NONE', 3,
 ( #2924, #2923, #2922, #2921, #2858, #2857, #2856, #2855, #2854, #2853, #2823, #2822, #2821, #2820, #2819, #2911, #2910, #2909, #2908 ),
 .UNSPECIFIED., .F., .F.,
 ( 4, 1, 1, 1, 1, 1, 1, 1, 1, 1, 1, 1, 1, 1, 1, 1, 4 ),
 ( 0.0000000000000000000, 0.07736133711897619200, 0.1504798322806806800, 0.2199772368520745100, 0.2866809968624413600, 0.3496784941856627100, 0.4106796250174854500, 0.4694271135192910600, 0.5267557014271296900, 0.5831419808348367000, 0.6388244277786264700, 0.6952634704038123100, 0.7526958048985346000, 0.8108491833348946400, 0.8713563036360845200, 0.9344364309841276500, 1.000000000000000000 ),
 .UNSPECIFIED. ) ;
#2880 = PLANE ( 'NONE',  #2844 ) ;
#2881 = CARTESIAN_POINT ( 'NONE',  ( 2.738392401706786200, -1.812421512051861900, -2.999700000000000300 ) ) ;
#2882 = CARTESIAN_POINT ( 'NONE',  ( 2.750138361026077700, -1.812705328525640700, -2.999700000000000300 ) ) ;
#2883 =( LENGTH_UNIT ( ) NAMED_UNIT ( * ) SI_UNIT ( .MILLI., .METRE. ) );
#2884 = MECHANICAL_DESIGN_GEOMETRIC_PRESENTATION_REPRESENTATION (  '', ( #2886 ), #2990 ) ;
#2885 = PRESENTATION_LAYER_ASSIGNMENT (  '', '', ( #2886 ) ) ;
#2886 = STYLED_ITEM ( 'NONE', ( #2887 ), #239 ) ;
#2887 = PRESENTATION_STYLE_ASSIGNMENT (( #2888 ) ) ;
#2888 = SURFACE_STYLE_USAGE ( .BOTH. , #2842 ) ;
#2889 = FILL_AREA_STYLE_COLOUR ( '', #2930 ) ;
#2890 = FACE_OUTER_BOUND ( 'NONE', #348, .T. ) ;
#2891 = SURFACE_STYLE_FILL_AREA ( #2912 ) ;
#2892 = DIRECTION ( 'NONE',  ( -0.0000000000000000000, -0.0000000000000000000, -1.000000000000000000 ) ) ;
#2893 = VECTOR ( 'NONE', #2892, 1000.000000000000000 ) ;
#2894 = CARTESIAN_POINT ( 'NONE',  ( -2.192949030949515400, 1.763184532752403600, -2.999700000000000300 ) ) ;
#2895 = PLANE ( 'NONE',  #2900 ) ;
#2896 = LINE ( 'NONE', #2963, #2893 ) ;
#2897 = DIRECTION ( 'NONE',  ( -0.9379641746608692300, 0.3467321834683857500, 0.0000000000000000000 ) ) ;
#2898 = CARTESIAN_POINT ( 'NONE',  ( -2.455954742431636800, 1.051957820012019200, -2.999700000000000300 ) ) ;
#2899 = CARTESIAN_POINT ( 'NONE',  ( -2.306239049862588900, 1.456961920322515700, -2.999700000000000300 ) ) ;
#2900 = AXIS2_PLACEMENT_3D ( 'NONE', #2898, #2897, #2609 ) ;
#2901 = CARTESIAN_POINT ( 'NONE',  ( -2.192949030949515400, 1.763184532752403600, -3.000000000000000000 ) ) ;
#2902 = DIRECTION ( 'NONE',  ( -0.3690140269754866300, 0.9294238257626790100, 0.0000000000000000000 ) ) ;
#2903 = VECTOR ( 'NONE', #2902, 1000.000000000000100 ) ;
#2904 = CARTESIAN_POINT ( 'NONE',  ( 2.485922128572620500, -1.661485183587409800, -2.999700000000001600 ) ) ;
#2905 = CARTESIAN_POINT ( 'NONE',  ( 2.502709877917584300, -1.689261479372672100, -2.999699999999998900 ) ) ;
#2906 = CARTESIAN_POINT ( 'NONE',  ( 2.522160963686003000, -1.714708307891589900, -2.999700000000000700 ) ) ;
#2907 = COLOUR_RGB ( '',1.000000000000000000, 1.000000000000000000, 1.000000000000000000 ) ;
#2908 = CARTESIAN_POINT ( 'NONE',  ( 2.750138361026077700, -1.812705328525640700, -2.999700000000000300 ) ) ;
#2909 = CARTESIAN_POINT ( 'NONE',  ( 2.759713018123513400, -1.812415003742649400, -2.999700000000000300 ) ) ;
#2910 = CARTESIAN_POINT ( 'NONE',  ( 2.778499659835055500, -1.811845351208617200, -2.999700000000000300 ) ) ;
#2911 = CARTESIAN_POINT ( 'NONE',  ( 2.806034218882966300, -1.808948427730205900, -2.999699999999999800 ) ) ;
#2912 = FILL_AREA_STYLE ('',( #2889 ) ) ;
#2913 = DIRECTION ( 'NONE',  ( -0.3690140269754867400, -0.9294238257626789000, 0.0000000000000000000 ) ) ;
#2914 = VECTOR ( 'NONE', #2913, 1000.000000000000200 ) ;
#2915 = CARTESIAN_POINT ( 'NONE',  ( -2.315499814351395600, 1.940991210937499800, -2.999700000000000300 ) ) ;
#2916 = CARTESIAN_POINT ( 'NONE',  ( -2.087685007926741500, 1.478570370796399100, -2.999700000000000300 ) ) ;
#2917 = CARTESIAN_POINT ( 'NONE',  ( -2.099239504275387100, 1.501568463715180500, -2.999699999999999800 ) ) ;
#2918 = CARTESIAN_POINT ( 'NONE',  ( -2.122216870470874800, 1.547302659897138200, -2.999699999999998500 ) ) ;
#2919 = CARTESIAN_POINT ( 'NONE',  ( -2.150509967623245100, 1.618275162475302900, -2.999700000000001600 ) ) ;
#2920 = PLANE ( 'NONE',  #2959 ) ;
#2921 = CARTESIAN_POINT ( 'NONE',  ( 3.019579409818380800, -1.600244310415693100, -2.999700000000001100 ) ) ;
#2922 = CARTESIAN_POINT ( 'NONE',  ( 3.026830412931764200, -1.568901424522670200, -2.999700000000000300 ) ) ;
#2923 = CARTESIAN_POINT ( 'NONE',  ( 3.030635494312138500, -1.547248751875118100, -2.999700000000000300 ) ) ;
#2924 = CARTESIAN_POINT ( 'NONE',  ( 3.032591677934693800, -1.536117162459935500, -2.999700000000000300 ) ) ;
#2925 = CARTESIAN_POINT ( 'NONE',  ( 3.230154653695911800, -1.555873460036057300, -2.999700000000000300 ) ) ;
#2926 = FACE_BOUND ( 'NONE', #268, .T. ) ;
#2927 = DIRECTION ( 'NONE',  ( 0.3468059081590686400, -0.9379369179566201500, 0.0000000000000000000 ) ) ;
#2928 = VECTOR ( 'NONE', #2927, 1000.000000000000000 ) ;
#2929 = CARTESIAN_POINT ( 'NONE',  ( -2.087685007926741500, 1.478570370796399100, -2.999700000000000300 ) ) ;
#2930 = COLOUR_RGB ( '',1.000000000000000000, 1.000000000000000000, 1.000000000000000000 ) ;
#2931 = LINE ( 'NONE', #2929, #2928 ) ;
#2932 = FILL_AREA_STYLE_COLOUR ( '', #2852 ) ;
#2933 = CARTESIAN_POINT ( 'NONE',  ( -2.192949030949515400, 1.763184532752403600, -2.999700000000000300 ) ) ;
#2934 = CARTESIAN_POINT ( 'NONE',  ( -2.196512154235719100, 1.753292152149640700, -2.999699999999999800 ) ) ;
#2935 = CARTESIAN_POINT ( 'NONE',  ( -2.203915799033351800, 1.732737243912412700, -2.999700000000000300 ) ) ;
#2936 = CARTESIAN_POINT ( 'NONE',  ( -2.216252861608378800, 1.700923574846357600, -2.999700000000000700 ) ) ;
#2937 = CARTESIAN_POINT ( 'NONE',  ( -2.228727247685543800, 1.666346939903977200, -2.999700000000000700 ) ) ;
#2938 = CARTESIAN_POINT ( 'NONE',  ( -2.242260977944165100, 1.629247663249007400, -2.999700000000000700 ) ) ;
#2939 = CARTESIAN_POINT ( 'NONE',  ( -2.257253181858325700, 1.589876333691487200, -2.999700000000001100 ) ) ;
#2940 = CARTESIAN_POINT ( 'NONE',  ( -2.272542267434172600, 1.547661043096571400, -2.999699999999999800 ) ) ;
#2941 = CARTESIAN_POINT ( 'NONE',  ( -2.289277551206532600, 1.503207098263784800, -2.999700000000000700 ) ) ;
#2942 = CARTESIAN_POINT ( 'NONE',  ( -2.300499484737450900, 1.472610726828345000, -2.999700000000000300 ) ) ;
#2943 = FACE_OUTER_BOUND ( 'NONE', #353, .T. ) ;
#2944 = CARTESIAN_POINT ( 'NONE',  ( 2.694573774093235000, -0.9434282351762817200, -3.000000000000000000 ) ) ;
#2945 = CARTESIAN_POINT ( 'NONE',  ( -2.315499814351395600, 1.940991210937499800, -2.999700000000000300 ) ) ;
#2946 = CARTESIAN_POINT ( 'NONE',  ( 2.242339774889821900, -1.442274748973357200, -3.000000000000000000 ) ) ;
#2947 = CARTESIAN_POINT ( 'NONE',  ( 2.242800435725613300, -1.424357983852721400, -3.000000000000000000 ) ) ;
#2948 = CARTESIAN_POINT ( 'NONE',  ( 2.243700461353501700, -1.389352733732498500, -2.999999999999999600 ) ) ;
#2949 = CARTESIAN_POINT ( 'NONE',  ( 2.249413386631633000, -1.337932440230385800, -3.000000000000000400 ) ) ;
#2950 = CARTESIAN_POINT ( 'NONE',  ( 2.260098406275056400, -1.289262119691074300, -2.999999999999999600 ) ) ;
#2951 = CARTESIAN_POINT ( 'NONE',  ( 2.274175518680719800, -1.242733281997097800, -3.000000000000000400 ) ) ;
#2952 = CARTESIAN_POINT ( 'NONE',  ( -1.458570406987113300, 0.4000000000000000200, -2.999700000000000300 ) ) ;
#2953 = LINE ( 'NONE', #2952, #2903 ) ;
#2954 = CARTESIAN_POINT ( 'NONE',  ( -1.458570406987113300, 0.4000000000000000200, -2.999700000000000300 ) ) ;
#2955 = CARTESIAN_POINT ( 'NONE',  ( -2.455954742431636800, 1.051957820012019200, -3.000000000000000000 ) ) ;
#2956 = DIRECTION ( 'NONE',  ( 1.000000000000000000, 0.0000000000000000000, -0.0000000000000000000 ) ) ;
#2957 = DIRECTION ( 'NONE',  ( 0.0000000000000000000, 0.0000000000000000000, 1.000000000000000000 ) ) ;
#2958 = CARTESIAN_POINT ( 'NONE',  ( -2.696734619140621200, 0.3999999999999998600, -2.999700000000000300 ) ) ;
#2959 = AXIS2_PLACEMENT_3D ( 'NONE', #2958, #2957, #2956 ) ;
#2960 = CARTESIAN_POINT ( 'NONE',  ( -2.315499814351395600, 1.940991210937499800, -3.000000000000000000 ) ) ;
#2961 = CARTESIAN_POINT ( 'NONE',  ( -2.521397478152540100, 0.8741511418269231100, -2.999700000000000300 ) ) ;
#2962 = CARTESIAN_POINT ( 'NONE',  ( -1.689163442758409900, 0.4000000000000000200, -2.999700000000000300 ) ) ;
#2963 = CARTESIAN_POINT ( 'NONE',  ( -2.455954742431636800, 1.051957820012019200, -2.999700000000000300 ) ) ;
#2964 =( GEOMETRIC_REPRESENTATION_CONTEXT ( 3 ) GLOBAL_UNCERTAINTY_ASSIGNED_CONTEXT ( ( #2965 ) ) GLOBAL_UNIT_ASSIGNED_CONTEXT ( ( #2968, #2967, #2966 ) ) REPRESENTATION_CONTEXT ( 'NONE', 'WORKASPACE' ) );
#2965 = UNCERTAINTY_MEASURE_WITH_UNIT (LENGTH_MEASURE( 1.000000000000000100E-005 ), #2968, 'distance_accuracy_value', 'NONE');
#2966 =( NAMED_UNIT ( * ) SI_UNIT ( $, .STERADIAN. ) SOLID_ANGLE_UNIT ( ) );
#2967 =( NAMED_UNIT ( * ) PLANE_ANGLE_UNIT ( ) SI_UNIT ( $, .RADIAN. ) );
#2968 =( LENGTH_UNIT ( ) NAMED_UNIT ( * ) SI_UNIT ( .MILLI., .METRE. ) );
#2969 = MECHANICAL_DESIGN_GEOMETRIC_PRESENTATION_REPRESENTATION (  '', ( #2971 ), #2964 ) ;
#2970 = PRESENTATION_LAYER_ASSIGNMENT (  '', '', ( #2971 ) ) ;
#2971 = STYLED_ITEM ( 'NONE', ( #2972 ), #250 ) ;
#2972 = PRESENTATION_STYLE_ASSIGNMENT (( #2973 ) ) ;
#2973 = SURFACE_STYLE_USAGE ( .BOTH. , #2974 ) ;
#2974 = SURFACE_SIDE_STYLE ('',( #2848 ) ) ;
#2975 = CARTESIAN_POINT ( 'NONE',  ( -2.927327654911917600, 0.4000000000000000200, -3.000000000000000000 ) ) ;
#2976 = CARTESIAN_POINT ( 'NONE',  ( -2.175242446771582700, 1.689902731502426900, -2.999699999999999800 ) ) ;
#2977 = CARTESIAN_POINT ( 'NONE',  ( -2.187054937288409400, 1.738790793345554200, -2.999700000000000300 ) ) ;
#2978 = CARTESIAN_POINT ( 'NONE',  ( -2.192949030949515400, 1.763184532752403600, -2.999700000000000300 ) ) ;
#2979 = B_SPLINE_CURVE_WITH_KNOTS ( 'NONE', 3,
 ( #2978, #2977, #2976, #2919, #2918, #2917, #2916 ),
 .UNSPECIFIED., .F., .F.,
 ( 4, 1, 1, 1, 4 ),
 ( 0.0000000000000000000, 0.2472940500353371700, 0.4956077709090493400, 0.7463591727731958600, 1.000000000000000000 ),
 .UNSPECIFIED. ) ;
#2980 = DIRECTION ( 'NONE',  ( -1.000000000000000000, 0.0000000000000000000, 0.0000000000000000000 ) ) ;
#2981 = VECTOR ( 'NONE', #2980, 1000.000000000000000 ) ;
#2982 = CARTESIAN_POINT ( 'NONE',  ( -1.929943319467394100, 1.051957820012019200, -2.999700000000000300 ) ) ;
#2983 = LINE ( 'NONE', #2915, #2914 ) ;
#2984 = DIRECTION ( 'NONE',  ( -0.0000000000000000000, -0.0000000000000000000, -1.000000000000000000 ) ) ;
#2985 = VECTOR ( 'NONE', #2984, 1000.000000000000000 ) ;
#2986 = LINE ( 'NONE', #2945, #2985 ) ;
#2987 = DIRECTION ( 'NONE',  ( 0.3690140269754868000, 0.9294238257626789000, 0.0000000000000000000 ) ) ;
#2988 = DIRECTION ( 'NONE',  ( 0.9294238257626790100, -0.3690140269754868500, 0.0000000000000000000 ) ) ;
#2989 = CARTESIAN_POINT ( 'NONE',  ( -2.315499814351395600, 1.940991210937499800, -2.999700000000000300 ) ) ;
#2990 =( GEOMETRIC_REPRESENTATION_CONTEXT ( 3 ) GLOBAL_UNCERTAINTY_ASSIGNED_CONTEXT ( ( #2837 ) ) GLOBAL_UNIT_ASSIGNED_CONTEXT ( ( #2883, #2839, #2838 ) ) REPRESENTATION_CONTEXT ( 'NONE', 'WORKASPACE' ) );
#2991 = FILL_AREA_STYLE_COLOUR ( '', #3122 ) ;
#2992 = FILL_AREA_STYLE ('',( #2991 ) ) ;
#2993 = FACE_OUTER_BOUND ( 'NONE', #346, .T. ) ;
#2994 = CARTESIAN_POINT ( 'NONE',  ( 2.360260176047299200, -1.803444564036833500, -2.999700000000000300 ) ) ;
#2995 = CARTESIAN_POINT ( 'NONE',  ( 2.350732246431617200, -1.790658583538449200, -2.999700000000001100 ) ) ;
#2996 = CARTESIAN_POINT ( 'NONE',  ( 2.331800990334529800, -1.765253833395369100, -2.999700000000000700 ) ) ;
#2997 = CARTESIAN_POINT ( 'NONE',  ( 2.308194405358363600, -1.724041945843413300, -2.999700000000001100 ) ) ;
#2998 = CARTESIAN_POINT ( 'NONE',  ( 2.287730220588978000, -1.681484063561621900, -2.999699999999999800 ) ) ;
#2999 = CARTESIAN_POINT ( 'NONE',  ( 2.270858197513077000, -1.637136109459630600, -2.999700000000000700 ) ) ;
#3000 = CARTESIAN_POINT ( 'NONE',  ( 2.258370893819929800, -1.590854836049415900, -2.999700000000000300 ) ) ;
#3001 = CARTESIAN_POINT ( 'NONE',  ( 2.249043128640801000, -1.542903085161743300, -2.999700000000000300 ) ) ;
#3002 = CARTESIAN_POINT ( 'NONE',  ( 2.243380542331499000, -1.493138856914651100, -2.999699999999999800 ) ) ;
#3003 = CARTESIAN_POINT ( 'NONE',  ( 2.242689579134256500, -1.459370288413571500, -2.999700000000000300 ) ) ;
#3004 = CARTESIAN_POINT ( 'NONE',  ( 2.242339774889821900, -1.442274748973357200, -2.999700000000000300 ) ) ;
#3005 = VECTOR ( 'NONE', #3068, 1000.000000000000000 ) ;
#3006 = LINE ( 'NONE', #3009, #3005 ) ;
#3007 = SURFACE_STYLE_FILL_AREA ( #2992 ) ;
#3008 = LINE ( 'NONE', #3071, #3070 ) ;
#3009 = CARTESIAN_POINT ( 'NONE',  ( -2.087685007926741500, 1.478570370796399100, -3.000000000000000000 ) ) ;
#3010 = CARTESIAN_POINT ( 'NONE',  ( -2.455954742431636800, 1.051957820012019200, -2.999700000000000300 ) ) ;
#3011 = CARTESIAN_POINT ( 'NONE',  ( -2.927327654911917600, 0.4000000000000000200, -2.999700000000000300 ) ) ;
#3012 = DIRECTION ( 'NONE',  ( 1.000000000000000000, 0.0000000000000000000, 0.0000000000000000000 ) ) ;
#3013 = CARTESIAN_POINT ( 'NONE',  ( -2.927327654911917600, 0.4000000000000000200, -2.999700000000000300 ) ) ;
#3014 = LINE ( 'NONE', #3013, #3174 ) ;
#3015 = CARTESIAN_POINT ( 'NONE',  ( -2.315499814351395600, 1.940991210937499800, -2.999700000000000300 ) ) ;
#3016 = DIRECTION ( 'NONE',  ( -0.0000000000000000000, -0.0000000000000000000, -1.000000000000000000 ) ) ;
#3017 = VECTOR ( 'NONE', #3016, 1000.000000000000000 ) ;
#3018 = CARTESIAN_POINT ( 'NONE',  ( 2.767956389301110800, -1.990175617991452000, -2.999700000000000300 ) ) ;
#3019 = CARTESIAN_POINT ( 'NONE',  ( 2.751373129624584900, -1.990512006710736900, -2.999700000000000300 ) ) ;
#3020 = SURFACE_SIDE_STYLE ('',( #3167 ) ) ;
#3021 = FILL_AREA_STYLE ('',( #3030 ) ) ;
#3022 = B_SPLINE_CURVE_WITH_KNOTS ( 'NONE', 3,
 ( #3019, #3018, #3161, #3160, #3159, #3158, #3157, #3156, #3155, #3154, #3153, #3152, #3151, #3150, #3149, #3148, #3147, #3146, #3145 ),
 .UNSPECIFIED., .F., .F.,
 ( 4, 1, 1, 1, 1, 1, 1, 1, 1, 1, 1, 1, 1, 1, 1, 1, 4 ),
 ( 0.0000000000000000000, 0.06929802345975311100, 0.1355608441012825200, 0.1996709556470572500, 0.2617162384956092100, 0.3226619299471030200, 0.3829069237782249900, 0.4430320330728905700, 0.5035007873501632400, 0.5637242810171082500, 0.6239800220534740300, 0.6836293869955235600, 0.7438482724857307100, 0.8051918462295100100, 0.8676487429597674600, 0.9327780842312611800, 1.000000000000000000 ),
 .UNSPECIFIED. ) ;
#3023 = COLOUR_RGB ( '',1.000000000000000000, 1.000000000000000000, 1.000000000000000000 ) ;
#3024 = DIRECTION ( 'NONE',  ( 0.1927583521884095000, -0.9812462574000520000, 0.0000000000000000000 ) ) ;
#3025 = VECTOR ( 'NONE', #3024, 999.9999999999998900 ) ;
#3026 = CARTESIAN_POINT ( 'NONE',  ( 2.890901981255945300, -0.6470837715344549500, -2.999700000000000300 ) ) ;
#3027 = LINE ( 'NONE', #3026, #3025 ) ;
#3028 = AXIS2_PLACEMENT_3D ( 'NONE', #3138, #3137, #3136 ) ;
#3029 = PLANE ( 'NONE',  #3028 ) ;
#3030 = FILL_AREA_STYLE_COLOUR ( '', #3023 ) ;
#3031 = CARTESIAN_POINT ( 'NONE',  ( 2.749212284577197400, -1.121234913361378100, -2.999700000000000700 ) ) ;
#3032 = CARTESIAN_POINT ( 'NONE',  ( 2.736856694521773800, -1.121578402092972700, -2.999700000000000700 ) ) ;
#3033 = CARTESIAN_POINT ( 'NONE',  ( 2.712799668700022400, -1.122247193890724100, -2.999700000000001100 ) ) ;
#3034 = CARTESIAN_POINT ( 'NONE',  ( 2.677815979204857500, -1.126062095577319100, -2.999699999999999400 ) ) ;
#3035 = CARTESIAN_POINT ( 'NONE',  ( 2.645324635685244000, -1.133315325025730200, -2.999700000000000700 ) ) ;
#3036 = CARTESIAN_POINT ( 'NONE',  ( 2.614988492324214600, -1.142742326587002700, -2.999699999999999800 ) ) ;
#3037 = CARTESIAN_POINT ( 'NONE',  ( 2.587109006794543500, -1.155430722757412100, -2.999700000000000700 ) ) ;
#3038 = CARTESIAN_POINT ( 'NONE',  ( 2.561669762302648300, -1.171077297677050900, -2.999700000000000300 ) ) ;
#3039 = CARTESIAN_POINT ( 'NONE',  ( 2.538158386403535500, -1.188954971377958600, -2.999700000000001600 ) ) ;
#3040 = CARTESIAN_POINT ( 'NONE',  ( 2.517497216491781500, -1.210127683541722500, -2.999699999999999800 ) ) ;
#3041 = CARTESIAN_POINT ( 'NONE',  ( 2.499407123633721600, -1.233745825025096800, -2.999700000000000300 ) ) ;
#3042 = CARTESIAN_POINT ( 'NONE',  ( 2.483147330452081500, -1.258990615939620900, -2.999699999999999800 ) ) ;
#3043 = CARTESIAN_POINT ( 'NONE',  ( 2.469874485273233100, -1.286648087651062900, -2.999700000000001600 ) ) ;
#3044 = CARTESIAN_POINT ( 'NONE',  ( 2.458683747456162000, -1.316131267184314400, -2.999699999999998500 ) ) ;
#3045 = CARTESIAN_POINT ( 'NONE',  ( 2.450564950329203700, -1.347867631816264300, -2.999700000000000300 ) ) ;
#3046 = CARTESIAN_POINT ( 'NONE',  ( 2.444290309958918600, -1.381361261763567300, -2.999700000000000300 ) ) ;
#3047 = CARTESIAN_POINT ( 'NONE',  ( 2.440571162051727900, -1.416981315289113800, -2.999699999999999800 ) ) ;
#3048 = CARTESIAN_POINT ( 'NONE',  ( 2.440129543593506400, -1.441442844393686900, -2.999700000000000700 ) ) ;
#3049 = CARTESIAN_POINT ( 'NONE',  ( 2.439902750651040000, -1.454005050659179500, -2.999700000000000300 ) ) ;
#3050 = CARTESIAN_POINT ( 'NONE',  ( -2.306239049862588900, 1.456961920322515700, -3.000000000000000000 ) ) ;
#3051 = DIRECTION ( 'NONE',  ( 0.9950371902099890400, 0.09950371902099913700, 0.0000000000000000000 ) ) ;
#3052 = VECTOR ( 'NONE', #3051, 1000.000000000000100 ) ;
#3053 = CARTESIAN_POINT ( 'NONE',  ( 3.012835380358572100, -1.259528996394230400, -2.999700000000000300 ) ) ;
#3054 = LINE ( 'NONE', #3053, #3052 ) ;
#3055 = CARTESIAN_POINT ( 'NONE',  ( 2.749212284577197400, -1.121234913361378100, -2.999700000000000700 ) ) ;
#3056 =( GEOMETRIC_REPRESENTATION_CONTEXT ( 3 ) GLOBAL_UNCERTAINTY_ASSIGNED_CONTEXT ( ( #3266 ) ) GLOBAL_UNIT_ASSIGNED_CONTEXT ( ( #3283, #3268, #3267 ) ) REPRESENTATION_CONTEXT ( 'NONE', 'WORKASPACE' ) );
#3057 = CARTESIAN_POINT ( 'NONE',  ( 2.751373129624584900, -1.990512006710736900, -2.999700000000000300 ) ) ;
#3058 = CARTESIAN_POINT ( 'NONE',  ( 2.731268342436869600, -1.990066902443957200, -2.999700000000000300 ) ) ;
#3059 = CARTESIAN_POINT ( 'NONE',  ( 2.691877388691419300, -1.989194817531000600, -2.999700000000001600 ) ) ;
#3060 = CARTESIAN_POINT ( 'NONE',  ( 2.634499616645712600, -1.979746275491917500, -2.999699999999998900 ) ) ;
#3061 = CARTESIAN_POINT ( 'NONE',  ( 2.580124346354472300, -1.965676305692155100, -2.999700000000001100 ) ) ;
#3062 = CARTESIAN_POINT ( 'NONE',  ( 2.529408609414775600, -1.944533159611878000, -2.999699999999999400 ) ) ;
#3063 = CARTESIAN_POINT ( 'NONE',  ( 2.481729376900833300, -1.918222122796948500, -2.999700000000000700 ) ) ;
#3064 = CARTESIAN_POINT ( 'NONE',  ( 2.437406734931092200, -1.885836419598553700, -2.999699999999998900 ) ) ;
#3065 = CARTESIAN_POINT ( 'NONE',  ( 2.396176914079714200, -1.847729422363162000, -2.999700000000001100 ) ) ;
#3066 = CARTESIAN_POINT ( 'NONE',  ( 2.372365143488895700, -1.818369827230615900, -2.999700000000000700 ) ) ;
#3067 = CARTESIAN_POINT ( 'NONE',  ( 2.360260176047299200, -1.803444564036833500, -2.999700000000000300 ) ) ;
#3068 = DIRECTION ( 'NONE',  ( 0.3468059081590686400, -0.9379369179566201500, 0.0000000000000000000 ) ) ;
#3069 = B_SPLINE_CURVE_WITH_KNOTS ( 'NONE', 3,
 ( #3004, #3003, #3002, #3001, #3000, #2999, #2998, #2997, #2996, #2995, #2994 ),
 .UNSPECIFIED., .F., .F.,
 ( 4, 1, 1, 1, 1, 1, 1, 1, 4 ),
 ( 0.0000000000000000000, 0.1324616222426381900, 0.2616495010354900100, 0.3875466984163664100, 0.5107816292933472500, 0.6326753605997107500, 0.7546603541381374800, 0.8765227798028648600, 0.9999999999999998900 ),
 .UNSPECIFIED. ) ;
#3070 = VECTOR ( 'NONE', #3123, 1000.000000000000100 ) ;
#3071 = CARTESIAN_POINT ( 'NONE',  ( -2.455954742431636800, 1.051957820012019200, -3.000000000000000000 ) ) ;
#3072 = B_SPLINE_CURVE_WITH_KNOTS ( 'NONE', 3,
 ( #3067, #3066, #3065, #3064, #3063, #3062, #3061, #3060, #3059, #3058, #3057 ),
 .UNSPECIFIED., .F., .F.,
 ( 4, 1, 1, 1, 1, 1, 1, 1, 4 ),
 ( 0.0000000000000000000, 0.1278926194654210500, 0.2515785135038581300, 0.3727928197023038200, 0.4927776986078541400, 0.6135900692425718700, 0.7378086492801461100, 0.8661799015391688000, 1.000000000000000000 ),
 .UNSPECIFIED. ) ;
#3073 = DIRECTION ( 'NONE',  ( -0.9950371902099890400, 0.09950371902099913700, 0.0000000000000000000 ) ) ;
#3074 = VECTOR ( 'NONE', #3073, 1000.000000000000100 ) ;
#3075 = CARTESIAN_POINT ( 'NONE',  ( 3.230154653695911800, -1.555873460036057300, -2.999700000000000300 ) ) ;
#3076 = LINE ( 'NONE', #3075, #3074 ) ;
#3077 = DIRECTION ( 'NONE',  ( -1.000000000000000000, 0.0000000000000000000, 0.0000000000000000000 ) ) ;
#3078 = VECTOR ( 'NONE', #3077, 1000.000000000000000 ) ;
#3079 = CARTESIAN_POINT ( 'NONE',  ( -2.070398247547634800, 1.940991210937499800, -2.999700000000000300 ) ) ;
#3080 = LINE ( 'NONE', #3079, #3078 ) ;
#3081 = DIRECTION ( 'NONE',  ( -0.3690140269754867400, -0.9294238257626789000, 0.0000000000000000000 ) ) ;
#3082 = VECTOR ( 'NONE', #3081, 1000.000000000000200 ) ;
#3083 = CARTESIAN_POINT ( 'NONE',  ( -2.070398247547634800, 1.940991210937499800, -2.999700000000000300 ) ) ;
#3084 = DIRECTION ( 'NONE',  ( 0.3468370040950322100, 0.9379254195245924100, 0.0000000000000000000 ) ) ;
#3085 = VECTOR ( 'NONE', #3084, 1000.000000000000100 ) ;
#3086 = CARTESIAN_POINT ( 'NONE',  ( -2.696734619140621200, 0.4000000000000000200, -2.999700000000000300 ) ) ;
#3087 = LINE ( 'NONE', #3086, #3085 ) ;
#3088 = CARTESIAN_POINT ( 'NONE',  ( 2.242339774889821900, -1.442274748973357200, -2.999700000000000300 ) ) ;
#3089 = CARTESIAN_POINT ( 'NONE',  ( 2.242800435725613300, -1.424357983852721400, -2.999700000000000300 ) ) ;
#3090 = CARTESIAN_POINT ( 'NONE',  ( 2.243700461353501700, -1.389352733732498500, -2.999699999999999800 ) ) ;
#3091 = CARTESIAN_POINT ( 'NONE',  ( 2.249413386631633000, -1.337932440230385800, -2.999700000000000700 ) ) ;
#3092 = CARTESIAN_POINT ( 'NONE',  ( 2.260098406275056400, -1.289262119691074300, -2.999699999999999800 ) ) ;
#3093 = CARTESIAN_POINT ( 'NONE',  ( 2.274175518680719800, -1.242733281997097800, -2.999700000000000700 ) ) ;
#3094 = CARTESIAN_POINT ( 'NONE',  ( 2.292839948226809400, -1.199006266384048200, -2.999700000000001100 ) ) ;
#3095 = CARTESIAN_POINT ( 'NONE',  ( 2.315031275791502400, -1.157363278009374600, -2.999700000000000300 ) ) ;
#3096 = CARTESIAN_POINT ( 'NONE',  ( 2.342201711258327500, -1.118891622415541200, -2.999700000000000300 ) ) ;
#3097 = CARTESIAN_POINT ( 'NONE',  ( 2.372558632695372300, -1.082821202920734700, -2.999699999999999800 ) ) ;
#3098 = CARTESIAN_POINT ( 'NONE',  ( 2.406026758857347400, -1.050328406904095900, -2.999699999999999800 ) ) ;
#3099 = CARTESIAN_POINT ( 'NONE',  ( 2.441637224304792600, -1.021709153116530100, -2.999700000000001100 ) ) ;
#3100 = CARTESIAN_POINT ( 'NONE',  ( 2.479188712831157400, -0.9975034278148862100, -2.999700000000000300 ) ) ;
#3101 = CARTESIAN_POINT ( 'NONE',  ( 2.518529616085217500, -0.9775117099787978800, -2.999700000000000300 ) ) ;
#3102 = CARTESIAN_POINT ( 'NONE',  ( 2.560058429120031200, -0.9624312560394601100, -2.999699999999999800 ) ) ;
#3103 = CARTESIAN_POINT ( 'NONE',  ( 2.603227546070487000, -0.9512344584637016900, -2.999700000000000700 ) ) ;
#3104 = B_SPLINE_CURVE_WITH_KNOTS ( 'NONE', 3,
 ( #3049, #3048, #3047, #3046, #3045, #3044, #3043, #3042, #3041, #3040, #3039, #3038, #3037, #3036, #3035, #3034, #3033, #3032, #3031 ),
 .UNSPECIFIED., .F., .F.,
 ( 4, 1, 1, 1, 1, 1, 1, 1, 1, 1, 1, 1, 1, 1, 1, 1, 4 ),
 ( 0.0000000000000000000, 0.07286593345653534500, 0.1418868719641261100, 0.2074526264147114300, 0.2704376800000974400, 0.3316408722476697500, 0.3901075774931580000, 0.4480692869488363500, 0.5055029519245374200, 0.5624881528337243300, 0.6190843288847292000, 0.6764155306922389200, 0.7354523604507925400, 0.7962407694486781700, 0.8604056780892032100, 0.9283049272851058300, 0.9999999999999998900 ),
 .UNSPECIFIED. ) ;
#3105 = CARTESIAN_POINT ( 'NONE',  ( 3.032591677934693800, -1.536117162459935500, -2.999700000000000300 ) ) ;
#3106 = CARTESIAN_POINT ( 'NONE',  ( 2.648375581879159700, -0.9446386644603140800, -2.999699999999999800 ) ) ;
#3107 = CARTESIAN_POINT ( 'NONE',  ( 2.679014859041476600, -0.9438358910931875500, -2.999700000000000300 ) ) ;
#3108 = CARTESIAN_POINT ( 'NONE',  ( 2.694573774093235000, -0.9434282351762817200, -2.999700000000000300 ) ) ;
#3109 = CARTESIAN_POINT ( 'NONE',  ( -3.941381366436297100, -1.516360864883813800, -3.000000000000000000 ) ) ;
#3110 = B_SPLINE_CURVE_WITH_KNOTS ( 'NONE', 3,
 ( #3108, #3107, #3106, #3103, #3102, #3101, #3100, #3099, #3098, #3097, #3096, #3095, #3094, #3093, #3092, #3091, #3090, #3089, #3088 ),
 .UNSPECIFIED., .F., .F.,
 ( 4, 1, 1, 1, 1, 1, 1, 1, 1, 1, 1, 1, 1, 1, 1, 1, 4 ),
 ( 0.0000000000000000000, 0.06199741907572158000, 0.1220879540822928000, 0.1813753107870032800, 0.2395080083953654300, 0.2978356978967507400, 0.3568799706531178800, 0.4172818251154281600, 0.4796404090798155300, 0.5425000674783562200, 0.6049624196481903100, 0.6669910330782642400, 0.7302162430101637500, 0.7941728632512561300, 0.8604581431502611500, 0.9285781799847823100, 0.9999999999999998900 ),
 .UNSPECIFIED. ) ;
#3111 = CARTESIAN_POINT ( 'NONE',  ( 2.750138361026077700, -1.812705328525640700, -2.999700000000000300 ) ) ;
#3112 = FACE_OUTER_BOUND ( 'NONE', #257, .T. ) ;
#3113 = UNCERTAINTY_MEASURE_WITH_UNIT (LENGTH_MEASURE( 1.000000000000000100E-005 ), #3116, 'distance_accuracy_value', 'NONE');
#3114 =( NAMED_UNIT ( * ) SI_UNIT ( $, .STERADIAN. ) SOLID_ANGLE_UNIT ( ) );
#3115 =( NAMED_UNIT ( * ) PLANE_ANGLE_UNIT ( ) SI_UNIT ( $, .RADIAN. ) );
#3116 =( LENGTH_UNIT ( ) NAMED_UNIT ( * ) SI_UNIT ( .MILLI., .METRE. ) );
#3117 = MECHANICAL_DESIGN_GEOMETRIC_PRESENTATION_REPRESENTATION (  '', ( #3119 ), #2769 ) ;
#3118 = PRESENTATION_LAYER_ASSIGNMENT (  '', '', ( #3119 ) ) ;
#3119 = STYLED_ITEM ( 'NONE', ( #3120 ), #336 ) ;
#3120 = PRESENTATION_STYLE_ASSIGNMENT (( #3121 ) ) ;
#3121 = SURFACE_STYLE_USAGE ( .BOTH. , #3139 ) ;
#3122 = COLOUR_RGB ( '',0.7529411764705882200, 0.7529411764705882200, 0.7529411764705882200 ) ;
#3123 = DIRECTION ( 'NONE',  ( 0.3467321834683857500, 0.9379641746608692300, 0.0000000000000000000 ) ) ;
#3124 = CARTESIAN_POINT ( 'NONE',  ( -1.929943319467394100, 1.051957820012019200, -2.999700000000000300 ) ) ;
#3125 = CARTESIAN_POINT ( 'NONE',  ( 6.371405968299271200, -1.477465654030824000, -2.999700000000000300 ) ) ;
#3126 = CARTESIAN_POINT ( 'NONE',  ( -2.087685007926741500, 1.478570370796399100, -2.999700000000000300 ) ) ;
#3127 = DIRECTION ( 'NONE',  ( 0.3467321834683857500, 0.9379641746608692300, 0.0000000000000000000 ) ) ;
#3128 = CARTESIAN_POINT ( 'NONE',  ( -2.306239049862588900, 1.456961920322515700, -2.999700000000000300 ) ) ;
#3129 = LINE ( 'NONE', #3128, #3017 ) ;
#3130 = VECTOR ( 'NONE', #3127, 1000.000000000000100 ) ;
#3131 = LINE ( 'NONE', #3010, #3130 ) ;
#3132 = DIRECTION ( 'NONE',  ( 1.000000000000000000, 0.0000000000000000000, 0.0000000000000000000 ) ) ;
#3133 = VECTOR ( 'NONE', #3132, 1000.000000000000000 ) ;
#3134 = CARTESIAN_POINT ( 'NONE',  ( -1.689163442758409900, 0.4000000000000000200, -2.999700000000000300 ) ) ;
#3135 = LINE ( 'NONE', #3134, #3133 ) ;
#3136 = DIRECTION ( 'NONE',  ( 0.0000000000000000000, 1.000000000000000000, 1.823250172312484800E-013 ) ) ;
#3137 = DIRECTION ( 'NONE',  ( -3.698433253553943600E-015, 1.823250172312484800E-013, -1.000000000000000000 ) ) ;
#3138 = CARTESIAN_POINT ( 'NONE',  ( 3.081675514594926400, -1.873366914117365700, -2.999700000000001100 ) ) ;
#3139 = SURFACE_SIDE_STYLE ('',( #3007 ) ) ;
#3140 =( GEOMETRIC_REPRESENTATION_CONTEXT ( 3 ) GLOBAL_UNCERTAINTY_ASSIGNED_CONTEXT ( ( #3141 ) ) GLOBAL_UNIT_ASSIGNED_CONTEXT ( ( #3144, #3143, #3142 ) ) REPRESENTATION_CONTEXT ( 'NONE', 'WORKASPACE' ) );
#3141 = UNCERTAINTY_MEASURE_WITH_UNIT (LENGTH_MEASURE( 1.000000000000000100E-005 ), #3144, 'distance_accuracy_value', 'NONE');
#3142 =( NAMED_UNIT ( * ) SI_UNIT ( $, .STERADIAN. ) SOLID_ANGLE_UNIT ( ) );
#3143 =( NAMED_UNIT ( * ) PLANE_ANGLE_UNIT ( ) SI_UNIT ( $, .RADIAN. ) );
#3144 =( LENGTH_UNIT ( ) NAMED_UNIT ( * ) SI_UNIT ( .MILLI., .METRE. ) );
#3145 = CARTESIAN_POINT ( 'NONE',  ( 3.230154653695911800, -1.555873460036057300, -2.999700000000000300 ) ) ;
#3146 = CARTESIAN_POINT ( 'NONE',  ( 3.228391450310814200, -1.571868967308293700, -2.999700000000000700 ) ) ;
#3147 = CARTESIAN_POINT ( 'NONE',  ( 3.224919930914699000, -1.603362052119499100, -2.999700000000000300 ) ) ;
#3148 = CARTESIAN_POINT ( 'NONE',  ( 3.214764973093375800, -1.648922342160634500, -2.999699999999999800 ) ) ;
#3149 = CARTESIAN_POINT ( 'NONE',  ( 3.201944403754164400, -1.692311298568012700, -2.999700000000001100 ) ) ;
#3150 = CARTESIAN_POINT ( 'NONE',  ( 3.185186355686460600, -1.733103208851398500, -2.999700000000000300 ) ) ;
#3151 = CARTESIAN_POINT ( 'NONE',  ( 3.165079605186847300, -1.771576493373599100, -2.999699999999998900 ) ) ;
#3152 = CARTESIAN_POINT ( 'NONE',  ( 3.141442629901157500, -1.807694255185556600, -2.999700000000000700 ) ) ;
#3153 = CARTESIAN_POINT ( 'NONE',  ( 3.114286838180903700, -1.841240373608192800, -2.999700000000001100 ) ) ;
#3154 = CARTESIAN_POINT ( 'NONE',  ( 3.083979721874442700, -1.872236723158556400, -2.999700000000001100 ) ) ;
#3155 = CARTESIAN_POINT ( 'NONE',  ( 3.050716510699207800, -1.900026557993426100, -2.999699999999999800 ) ) ;
#3156 = CARTESIAN_POINT ( 'NONE',  ( 3.014669036309716200, -1.924052981590104800, -2.999700000000000300 ) ) ;
#3157 = CARTESIAN_POINT ( 'NONE',  ( 2.976630223008283100, -1.945056243630675800, -2.999700000000000700 ) ) ;
#3158 = CARTESIAN_POINT ( 'NONE',  ( 2.935939948178974700, -1.961589781237981900, -2.999699999999999400 ) ) ;
#3159 = CARTESIAN_POINT ( 'NONE',  ( 2.893071183280528000, -1.974674318715232700, -2.999700000000000700 ) ) ;
#3160 = CARTESIAN_POINT ( 'NONE',  ( 2.847894776227763100, -1.983796852509377200, -2.999699999999999400 ) ) ;
#3161 = CARTESIAN_POINT ( 'NONE',  ( 2.800396573991316400, -1.989517574133118400, -2.999699999999999800 ) ) ;
#3162 = MECHANICAL_DESIGN_GEOMETRIC_PRESENTATION_REPRESENTATION (  '', ( #3164 ), #3140 ) ;
#3163 = PRESENTATION_LAYER_ASSIGNMENT (  '', '', ( #3164 ) ) ;
#3164 = STYLED_ITEM ( 'NONE', ( #3165 ), #325 ) ;
#3165 = PRESENTATION_STYLE_ASSIGNMENT (( #3166 ) ) ;
#3166 = SURFACE_STYLE_USAGE ( .BOTH. , #3020 ) ;
#3167 = SURFACE_STYLE_FILL_AREA ( #3021 ) ;
#3168 = CARTESIAN_POINT ( 'NONE',  ( 3.012835380358572100, -1.259528996394230400, -2.999700000000000300 ) ) ;
#3169 = CARTESIAN_POINT ( 'NONE',  ( 2.242339774889821900, -1.442274748973357200, -3.000000000000000000 ) ) ;
#3170 = CARTESIAN_POINT ( 'NONE',  ( -2.315499814351395600, 1.940991210937499800, -3.000000000000000000 ) ) ;
#3171 = LINE ( 'NONE', #3170, #3082 ) ;
#3172 = CARTESIAN_POINT ( 'NONE',  ( -2.087685007926741500, 1.478570370796399100, -3.000000000000000000 ) ) ;
#3173 = CARTESIAN_POINT ( 'NONE',  ( 6.588725241636612200, -1.426840141492011800, -2.999700000000000300 ) ) ;
#3174 = VECTOR ( 'NONE', #3012, 1000.000000000000000 ) ;
#3175 = CARTESIAN_POINT ( 'NONE',  ( 2.360260176047299200, -1.803444564036833500, -2.999700000000000300 ) ) ;
#3176 = CARTESIAN_POINT ( 'NONE',  ( -2.087685007926741500, 1.478570370796399100, -3.000000000000000000 ) ) ;
#3177 = CARTESIAN_POINT ( 'NONE',  ( -2.099239504275387100, 1.501568463715180500, -2.999999999999999600 ) ) ;
#3178 = CARTESIAN_POINT ( 'NONE',  ( -2.122216870470874800, 1.547302659897138200, -2.999999999999998200 ) ) ;
#3179 = CARTESIAN_POINT ( 'NONE',  ( -2.150509967623245100, 1.618275162475302900, -3.000000000000001300 ) ) ;
#3180 = CARTESIAN_POINT ( 'NONE',  ( -2.175242446771582700, 1.689902731502426900, -2.999999999999999600 ) ) ;
#3181 = CARTESIAN_POINT ( 'NONE',  ( -2.187054937288409400, 1.738790793345554200, -3.000000000000000000 ) ) ;
#3182 = CARTESIAN_POINT ( 'NONE',  ( -1.864500583746490700, 0.8741511418269231100, -2.999700000000000300 ) ) ;
#3183 = PLANE ( 'NONE',  #3316 ) ;
#3184 = CARTESIAN_POINT ( 'NONE',  ( 7.495843210515670500, -1.279678518111164700, -2.999699999999999400 ) ) ;
#3185 = CARTESIAN_POINT ( 'NONE',  ( 7.496946335535860800, -1.219124415602145900, -3.000000000000000400 ) ) ;
#3186 = CARTESIAN_POINT ( 'NONE',  ( 7.496946335535860800, -1.219124415602145900, -2.999700000000000300 ) ) ;
#3187 = CARTESIAN_POINT ( 'NONE',  ( 7.497514930138215100, -1.187912417680789100, -3.000000000000000400 ) ) ;
#3188 = CARTESIAN_POINT ( 'NONE',  ( 7.497514930138215100, -1.187912417680789100, -2.999700000000000300 ) ) ;
#3189 = B_SPLINE_SURFACE_WITH_KNOTS ( 'NONE', 3, 1, ( 
 ( #3188, #3187 ),
 ( #3186, #3185 ),
 ( #3184, #3347 ),
 ( #3346, #3345 ),
 ( #3344, #3343 ),
 ( #3342, #3341 ),
 ( #3340, #3339 ),
 ( #3338, #3337 ),
 ( #3336, #3335 ),
 ( #3334, #3333 ),
 ( #3332, #3331 ),
 ( #3330, #3329 ),
 ( #3328, #3327 ),
 ( #3326, #3325 ),
 ( #3324, #3323 ),
 ( #3322, #3321 ),
 ( #3320, #3319 ),
 ( #3318, #3317 ),
 ( #3299, #3298 ),
 ( #3297, #3296 ),
 ( #3295, #3294 ),
 ( #3293, #3292 ),
 ( #3291, #3290 ) ),
 .UNSPECIFIED., .F., .F., .F.,
 ( 4, 1, 1, 1, 1, 1, 1, 1, 1, 1, 1, 1, 1, 1, 1, 1, 1, 1, 1, 1, 4 ),
 ( 2, 2 ),
 ( 0.0000000000000000000, 0.1053432609984026500, 0.2043754661654294000, 0.2980686612490646700, 0.3870699389029771400, 0.4297257277325169900, 0.4709012389537421400, 0.5111216710274203400, 0.5501787824700679100, 0.5883543698960263000, 0.6266830105708972600, 0.6644516852874767800, 0.7025148539501568900, 0.7404811716294026300, 0.7776181215946419400, 0.8147160450669580500, 0.8515265100150821700, 0.8880984508373160900, 0.9251116757437154400, 0.9621036957071501500, 0.9999999999999998900 ),
 ( 0.0000000000000000000, 1.000000000000000000 ),
 .UNSPECIFIED. ) ;
#3190 = DIRECTION ( 'NONE',  ( -0.0000000000000000000, -0.0000000000000000000, -1.000000000000000000 ) ) ;
#3191 = VECTOR ( 'NONE', #3190, 1000.000000000000000 ) ;
#3192 = LINE ( 'NONE', #3234, #3191 ) ;
#3193 = FACE_OUTER_BOUND ( 'NONE', #24, .T. ) ;
#3194 = B_SPLINE_CURVE_WITH_KNOTS ( 'NONE', 3,
 ( #3197, #3181, #3180, #3179, #3178, #3177, #3176 ),
 .UNSPECIFIED., .F., .F.,
 ( 4, 1, 1, 1, 4 ),
 ( 0.0000000000000000000, 0.2472940500353371700, 0.4956077709090493400, 0.7463591727731958600, 1.000000000000000000 ),
 .UNSPECIFIED. ) ;
#3195 = DIRECTION ( 'NONE',  ( -1.000000000000000000, 0.0000000000000000000, 0.0000000000000000000 ) ) ;
#3196 = VECTOR ( 'NONE', #3195, 1000.000000000000000 ) ;
#3197 = CARTESIAN_POINT ( 'NONE',  ( -2.192949030949515400, 1.763184532752403600, -3.000000000000000000 ) ) ;
#3198 =( GEOMETRIC_REPRESENTATION_CONTEXT ( 3 ) GLOBAL_UNCERTAINTY_ASSIGNED_CONTEXT ( ( #3199 ) ) GLOBAL_UNIT_ASSIGNED_CONTEXT ( ( #3202, #3201, #3200 ) ) REPRESENTATION_CONTEXT ( 'NONE', 'WORKASPACE' ) );
#3199 = UNCERTAINTY_MEASURE_WITH_UNIT (LENGTH_MEASURE( 1.000000000000000100E-005 ), #3202, 'distance_accuracy_value', 'NONE');
#3200 =( NAMED_UNIT ( * ) SI_UNIT ( $, .STERADIAN. ) SOLID_ANGLE_UNIT ( ) );
#3201 =( NAMED_UNIT ( * ) PLANE_ANGLE_UNIT ( ) SI_UNIT ( $, .RADIAN. ) );
#3202 =( LENGTH_UNIT ( ) NAMED_UNIT ( * ) SI_UNIT ( .MILLI., .METRE. ) );
#3203 = CARTESIAN_POINT ( 'NONE',  ( 6.588725241636612200, -1.426840141492011800, -2.999700000000000300 ) ) ;
#3204 = CARTESIAN_POINT ( 'NONE',  ( 6.592220330211084400, -1.442327461773048600, -2.999699999999999800 ) ) ;
#3205 = CARTESIAN_POINT ( 'NONE',  ( 6.599062018133055900, -1.472644121809750800, -2.999700000000000300 ) ) ;
#3206 = CARTESIAN_POINT ( 'NONE',  ( 6.612624738196784900, -1.516222376594318400, -2.999700000000000300 ) ) ;
#3207 = CARTESIAN_POINT ( 'NONE',  ( 6.628901195567107300, -1.556690811345249300, -2.999700000000000300 ) ) ;
#3208 = CARTESIAN_POINT ( 'NONE',  ( 6.646473882526470900, -1.594714560745946300, -2.999699999999999800 ) ) ;
#3209 = CARTESIAN_POINT ( 'NONE',  ( 6.667389171729435100, -1.629160304204591200, -2.999700000000001600 ) ) ;
#3210 = CARTESIAN_POINT ( 'NONE',  ( 6.689945388614883200, -1.661057063306957700, -2.999699999999999400 ) ) ;
#3211 = CARTESIAN_POINT ( 'NONE',  ( 6.715088505798025400, -1.689892941632469500, -2.999699999999999400 ) ) ;
#3212 = CARTESIAN_POINT ( 'NONE',  ( 6.742523958177854700, -1.715799397727817000, -2.999700000000000700 ) ) ;
#3213 = CARTESIAN_POINT ( 'NONE',  ( 6.771893094307198900, -1.738567716606287000, -2.999700000000001100 ) ) ;
#3214 = CARTESIAN_POINT ( 'NONE',  ( 6.802654321366094200, -1.758620735072630200, -2.999700000000000300 ) ) ;
#3215 = CARTESIAN_POINT ( 'NONE',  ( 6.835169458997854400, -1.775293956054292400, -2.999700000000000700 ) ) ;
#3216 = CARTESIAN_POINT ( 'NONE',  ( 6.869336252131170700, -1.788814520831695900, -2.999700000000000700 ) ) ;
#3217 = CARTESIAN_POINT ( 'NONE',  ( 6.904874762423642000, -1.799857279979584200, -2.999700000000000300 ) ) ;
#3218 = CARTESIAN_POINT ( 'NONE',  ( 6.942263023014078300, -1.807013492893158500, -2.999700000000001600 ) ) ;
#3219 = CARTESIAN_POINT ( 'NONE',  ( 6.981048080351422800, -1.811869670511783400, -2.999699999999999800 ) ) ;
#3220 = CARTESIAN_POINT ( 'NONE',  ( -2.300499484737450900, 1.472610726828345000, -3.000000000000000000 ) ) ;
#3221 = CARTESIAN_POINT ( 'NONE',  ( -2.306239049862588900, 1.456961920322515700, -3.000000000000000000 ) ) ;
#3222 = CARTESIAN_POINT ( 'NONE',  ( -1.929943319467394100, 1.051957820012019200, -3.000000000000000000 ) ) ;
#3223 = FACE_OUTER_BOUND ( 'NONE', #28, .T. ) ;
#3224 = B_SPLINE_CURVE_WITH_KNOTS ( 'NONE', 3,
 ( #3221, #3220, #3233, #3232, #3231, #3230, #3229, #3228, #3227, #3226, #3225 ),
 .UNSPECIFIED., .F., .F.,
 ( 4, 1, 1, 1, 1, 1, 1, 1, 4 ),
 ( 0.0000000000000000000, 0.1531481085926319800, 0.2994334688329068900, 0.4364263514567510700, 0.5656705729563579200, 0.6865083102878722900, 0.7992685160630037500, 0.9033947408013430800, 1.000000000000000000 ),
 .UNSPECIFIED. ) ;
#3225 = CARTESIAN_POINT ( 'NONE',  ( -2.192949030949515400, 1.763184532752403600, -3.000000000000000000 ) ) ;
#3226 = CARTESIAN_POINT ( 'NONE',  ( -2.196512154235719100, 1.753292152149640700, -2.999999999999999600 ) ) ;
#3227 = CARTESIAN_POINT ( 'NONE',  ( -2.203915799033351800, 1.732737243912412700, -3.000000000000000000 ) ) ;
#3228 = CARTESIAN_POINT ( 'NONE',  ( -2.216252861608378800, 1.700923574846357600, -3.000000000000000400 ) ) ;
#3229 = CARTESIAN_POINT ( 'NONE',  ( -2.228727247685543800, 1.666346939903977200, -3.000000000000000400 ) ) ;
#3230 = CARTESIAN_POINT ( 'NONE',  ( -2.242260977944165100, 1.629247663249007400, -3.000000000000000400 ) ) ;
#3231 = CARTESIAN_POINT ( 'NONE',  ( -2.257253181858325700, 1.589876333691487200, -3.000000000000000900 ) ) ;
#3232 = CARTESIAN_POINT ( 'NONE',  ( -2.272542267434172600, 1.547661043096571400, -2.999999999999999600 ) ) ;
#3233 = CARTESIAN_POINT ( 'NONE',  ( -2.289277551206532600, 1.503207098263784800, -3.000000000000000400 ) ) ;
#3234 = CARTESIAN_POINT ( 'NONE',  ( 7.497514930138214200, -1.187912417680788900, -2.999700000000000300 ) ) ;
#3235 = FILL_AREA_STYLE_COLOUR ( '', #3314 ) ;
#3236 = CARTESIAN_POINT ( 'NONE',  ( 6.640599533673680300, -1.890752473546863300, -2.999700000000000300 ) ) ;
#3237 = CARTESIAN_POINT ( 'NONE',  ( 6.598291424510432700, -1.859896888580842200, -2.999700000000001100 ) ) ;
#3238 = CARTESIAN_POINT ( 'NONE',  ( 6.558883840909087900, -1.824913126319333200, -2.999700000000000300 ) ) ;
#3239 = CARTESIAN_POINT ( 'NONE',  ( 6.522069951816166400, -1.786574669330931200, -2.999700000000000300 ) ) ;
#3240 = CARTESIAN_POINT ( 'NONE',  ( 6.489200502801741900, -1.743996686041720600, -2.999700000000000700 ) ) ;
#3241 = CARTESIAN_POINT ( 'NONE',  ( 6.458973581265339300, -1.698072077047293700, -2.999700000000000300 ) ) ;
#3242 = CARTESIAN_POINT ( 'NONE',  ( 6.432190078512143700, -1.648210622530048100, -2.999700000000000700 ) ) ;
#3243 = CARTESIAN_POINT ( 'NONE',  ( 6.408556851569754200, -1.594698994888712900, -2.999699999999999400 ) ) ;
#3244 = CARTESIAN_POINT ( 'NONE',  ( 6.387500451336649100, -1.537678153249105300, -2.999700000000000700 ) ) ;
#3245 = CARTESIAN_POINT ( 'NONE',  ( 6.376850422731606300, -1.497834385818579600, -2.999700000000000300 ) ) ;
#3246 = CARTESIAN_POINT ( 'NONE',  ( 6.371405968299271200, -1.477465654030824000, -2.999700000000000300 ) ) ;
#3247 = SURFACE_STYLE_FILL_AREA ( #3248 ) ;
#3248 = FILL_AREA_STYLE ('',( #3253 ) ) ;
#3249 = COLOUR_RGB ( '',1.000000000000000000, 1.000000000000000000, 1.000000000000000000 ) ;
#3250 = B_SPLINE_CURVE_WITH_KNOTS ( 'NONE', 3,
 ( #3246, #3245, #3244, #3243, #3242, #3241, #3240, #3239, #3238, #3237, #3236, #3367, #3366, #3365, #3364, #3363, #3362, #3361, #3360 ),
 .UNSPECIFIED., .F., .F.,
 ( 4, 1, 1, 1, 1, 1, 1, 1, 1, 1, 1, 1, 1, 1, 1, 1, 4 ),
 ( 0.0000000000000000000, 0.07157838709823662000, 0.1400162090753559500, 0.2061974399469813900, 0.2701561038056541400, 0.3320010402688307000, 0.3927550109285565800, 0.4525790344906389700, 0.5122527988479039800, 0.5715322524285599800, 0.6301517528722194700, 0.6887691695485562700, 0.7481639008503601100, 0.8087033721996509400, 0.8702562984804193000, 0.9339000275070017400, 0.9999999999999998900 ),
 .UNSPECIFIED. ) ;
#3251 = CARTESIAN_POINT ( 'NONE',  ( 7.497514930138214200, -1.187912417680788900, -2.999700000000000300 ) ) ;
#3252 = CARTESIAN_POINT ( 'NONE',  ( 7.020894251114276200, -1.812705328525640700, -2.999999999999999100 ) ) ;
#3253 = FILL_AREA_STYLE_COLOUR ( '', #3249 ) ;
#3254 = DIRECTION ( 'NONE',  ( 0.3468370040950313800, -0.9379254195245926300, 0.0000000000000000000 ) ) ;
#3255 = VECTOR ( 'NONE', #3254, 1000.000000000000100 ) ;
#3256 = CARTESIAN_POINT ( 'NONE',  ( -1.864500583746490700, 0.8741511418269231100, -2.999700000000000300 ) ) ;
#3257 = LINE ( 'NONE', #3256, #3255 ) ;
#3258 = DIRECTION ( 'NONE',  ( 1.000000000000000000, 0.0000000000000000000, 0.0000000000000000000 ) ) ;
#3259 = VECTOR ( 'NONE', #3258, 1000.000000000000000 ) ;
#3260 = CARTESIAN_POINT ( 'NONE',  ( -2.521397478152540100, 0.8741511418269231100, -2.999700000000000300 ) ) ;
#3261 = LINE ( 'NONE', #3260, #3259 ) ;
#3262 = DIRECTION ( 'NONE',  ( -0.0000000000000000000, -0.0000000000000000000, -1.000000000000000000 ) ) ;
#3263 = VECTOR ( 'NONE', #3262, 1000.000000000000000 ) ;
#3264 = CARTESIAN_POINT ( 'NONE',  ( -2.927327654911917600, 0.4000000000000000200, -2.999700000000000300 ) ) ;
#3265 = LINE ( 'NONE', #3264, #3263 ) ;
#3266 = UNCERTAINTY_MEASURE_WITH_UNIT (LENGTH_MEASURE( 1.000000000000000100E-005 ), #3283, 'distance_accuracy_value', 'NONE');
#3267 =( NAMED_UNIT ( * ) SI_UNIT ( $, .STERADIAN. ) SOLID_ANGLE_UNIT ( ) );
#3268 =( NAMED_UNIT ( * ) PLANE_ANGLE_UNIT ( ) SI_UNIT ( $, .RADIAN. ) );
#3269 = CARTESIAN_POINT ( 'NONE',  ( 7.020894251114276200, -1.812705328525640700, -2.999999999999999100 ) ) ;
#3270 = CARTESIAN_POINT ( 'NONE',  ( 7.032116384134039500, -1.812421498388597300, -3.000000000000000400 ) ) ;
#3271 = CARTESIAN_POINT ( 'NONE',  ( 7.054292866831054300, -1.811860610889586500, -3.000000000000000400 ) ) ;
#3272 = CARTESIAN_POINT ( 'NONE',  ( 7.087319373621984800, -1.808785998481331000, -2.999999999999999600 ) ) ;
#3273 = CARTESIAN_POINT ( 'NONE',  ( 7.119655691183843300, -1.803338117458537400, -3.000000000000000000 ) ) ;
#3274 = CARTESIAN_POINT ( 'NONE',  ( 7.151292598455846400, -1.794998421181056100, -2.999999999999999100 ) ) ;
#3275 = CARTESIAN_POINT ( 'NONE',  ( 7.182578543367444700, -1.785347547856701800, -3.000000000000000000 ) ) ;
#3276 = CARTESIAN_POINT ( 'NONE',  ( 7.213074187560697400, -1.772923988367109500, -2.999999999999999600 ) ) ;
#3277 = CARTESIAN_POINT ( 'NONE',  ( 7.242902568080162400, -1.758234688739550600, -3.000000000000000900 ) ) ;
#3278 = CARTESIAN_POINT ( 'NONE',  ( 7.272082465201387800, -1.741715363319579400, -2.999999999999998700 ) ) ;
#3279 = CARTESIAN_POINT ( 'NONE',  ( 7.300245652134051100, -1.723110692466716300, -3.000000000000000900 ) ) ;
#3280 = CARTESIAN_POINT ( 'NONE',  ( 7.326308092407514600, -1.701487083556563000, -3.000000000000000000 ) ) ;
#3281 = CARTESIAN_POINT ( 'NONE',  ( 7.350578601740346100, -1.677856777018271100, -3.000000000000000400 ) ) ;
#3282 = CARTESIAN_POINT ( 'NONE',  ( 7.373062601502429200, -1.651992393670062700, -2.999999999999999100 ) ) ;
#3283 =( LENGTH_UNIT ( ) NAMED_UNIT ( * ) SI_UNIT ( .MILLI., .METRE. ) );
#3284 = MECHANICAL_DESIGN_GEOMETRIC_PRESENTATION_REPRESENTATION (  '', ( #3286 ), #3056 ) ;
#3285 = PRESENTATION_LAYER_ASSIGNMENT (  '', '', ( #3286 ) ) ;
#3286 = STYLED_ITEM ( 'NONE', ( #3287 ), #371 ) ;
#3287 = PRESENTATION_STYLE_ASSIGNMENT (( #3288 ) ) ;
#3288 = SURFACE_STYLE_USAGE ( .BOTH. , #3311 ) ;
#3289 = SURFACE_STYLE_FILL_AREA ( #3312 ) ;
#3290 = CARTESIAN_POINT ( 'NONE',  ( 7.020894251114276200, -1.812705328525640700, -3.000000000000000000 ) ) ;
#3291 = CARTESIAN_POINT ( 'NONE',  ( 7.020894251114276200, -1.812705328525640700, -2.999699999999999800 ) ) ;
#3292 = CARTESIAN_POINT ( 'NONE',  ( 7.032116384134039500, -1.812421498388597300, -3.000000000000000400 ) ) ;
#3293 = CARTESIAN_POINT ( 'NONE',  ( 7.032116384134039500, -1.812421498388597300, -2.999700000000000300 ) ) ;
#3294 = CARTESIAN_POINT ( 'NONE',  ( 7.054292866831054300, -1.811860610889586500, -3.000000000000000400 ) ) ;
#3295 = CARTESIAN_POINT ( 'NONE',  ( 7.054292866831054300, -1.811860610889586500, -2.999700000000000300 ) ) ;
#3296 = CARTESIAN_POINT ( 'NONE',  ( 7.087319373621984800, -1.808785998481331000, -2.999999999999999600 ) ) ;
#3297 = CARTESIAN_POINT ( 'NONE',  ( 7.087319373621984800, -1.808785998481331000, -2.999699999999999400 ) ) ;
#3298 = CARTESIAN_POINT ( 'NONE',  ( 7.119655691183843300, -1.803338117458537400, -3.000000000000000000 ) ) ;
#3299 = CARTESIAN_POINT ( 'NONE',  ( 7.119655691183843300, -1.803338117458537400, -2.999699999999999800 ) ) ;
#3300 = CARTESIAN_POINT ( 'NONE',  ( 7.393446844057731200, -1.623756540089881500, -3.000000000000000900 ) ) ;
#3301 = CARTESIAN_POINT ( 'NONE',  ( 7.411993899845494800, -1.593231579430223200, -3.000000000000000400 ) ) ;
#3302 = CARTESIAN_POINT ( 'NONE',  ( 7.428242435988901000, -1.560244156724047300, -2.999999999999999600 ) ) ;
#3303 = CARTESIAN_POINT ( 'NONE',  ( 7.448333367760901600, -1.513140424911662700, -3.000000000000000900 ) ) ;
#3304 = CARTESIAN_POINT ( 'NONE',  ( 7.468362200654810000, -1.449281247230173700, -3.000000000000000000 ) ) ;
#3305 = CARTESIAN_POINT ( 'NONE',  ( 7.484958077940048000, -1.367431414960380800, -3.000000000000000400 ) ) ;
#3306 = CARTESIAN_POINT ( 'NONE',  ( 7.495843210515670500, -1.279678518111164700, -2.999999999999999600 ) ) ;
#3307 = CARTESIAN_POINT ( 'NONE',  ( 7.496946335535860800, -1.219124415602145900, -3.000000000000000400 ) ) ;
#3308 = CARTESIAN_POINT ( 'NONE',  ( 7.497514930138214200, -1.187912417680788900, -3.000000000000000000 ) ) ;
#3309 = B_SPLINE_CURVE_WITH_KNOTS ( 'NONE', 3,
 ( #3308, #3307, #3306, #3305, #3304, #3303, #3302, #3301, #3300, #3282, #3281, #3280, #3279, #3278, #3277, #3276, #3275, #3274, #3273, #3272, #3271, #3270, #3269 ),
 .UNSPECIFIED., .F., .F.,
 ( 4, 1, 1, 1, 1, 1, 1, 1, 1, 1, 1, 1, 1, 1, 1, 1, 1, 1, 1, 1, 4 ),
 ( 0.0000000000000000000, 0.1053432609984026500, 0.2043754661654294000, 0.2980686612490646700, 0.3870699389029771400, 0.4297257277325169900, 0.4709012389537421400, 0.5111216710274203400, 0.5501787824700679100, 0.5883543698960263000, 0.6266830105708972600, 0.6644516852874767800, 0.7025148539501568900, 0.7404811716294026300, 0.7776181215946419400, 0.8147160450669580500, 0.8515265100150821700, 0.8880984508373160900, 0.9251116757437154400, 0.9621036957071501500, 0.9999999999999998900 ),
 .UNSPECIFIED. ) ;
#3310 = CARTESIAN_POINT ( 'NONE',  ( -3.368448736728765400, -1.516360864883813800, -3.000000000000000000 ) ) ;
#3311 = SURFACE_SIDE_STYLE ('',( #3289 ) ) ;
#3312 = FILL_AREA_STYLE ('',( #3235 ) ) ;
#3313 = CARTESIAN_POINT ( 'NONE',  ( -3.368448736728765400, -1.338554186698717600, -3.000000000000000000 ) ) ;
#3314 = COLOUR_RGB ( '',0.7529411764705882200, 0.7529411764705882200, 0.7529411764705882200 ) ;
#3315 = B_SPLINE_CURVE_WITH_KNOTS ( 'NONE', 3,
 ( #3386, #3381, #3407, #3392, #3379, #3391, #3547, #3374, #3373, #2768, #3168 ),
 .UNSPECIFIED., .F., .F.,
 ( 4, 1, 1, 1, 1, 1, 1, 1, 4 ),
 ( 0.0000000000000000000, 0.1478596367312527700, 0.2835613219395476400, 0.4123693961385304100, 0.5342363558879452700, 0.6526916293119832100, 0.7686630594981230800, 0.8836524018604038400, 1.000000000000000000 ),
 .UNSPECIFIED. ) ;
#3316 = AXIS2_PLACEMENT_3D ( 'NONE', #3370, #3369, #3368 ) ;
#3317 = CARTESIAN_POINT ( 'NONE',  ( 7.151292598455846400, -1.794998421181056100, -2.999999999999999100 ) ) ;
#3318 = CARTESIAN_POINT ( 'NONE',  ( 7.151292598455846400, -1.794998421181056100, -2.999699999999998900 ) ) ;
#3319 = CARTESIAN_POINT ( 'NONE',  ( 7.182578543367444700, -1.785347547856701800, -3.000000000000000000 ) ) ;
#3320 = CARTESIAN_POINT ( 'NONE',  ( 7.182578543367444700, -1.785347547856701800, -2.999699999999999800 ) ) ;
#3321 = CARTESIAN_POINT ( 'NONE',  ( 7.213074187560697400, -1.772923988367109500, -2.999999999999999600 ) ) ;
#3322 = CARTESIAN_POINT ( 'NONE',  ( 7.213074187560697400, -1.772923988367109500, -2.999699999999999400 ) ) ;
#3323 = CARTESIAN_POINT ( 'NONE',  ( 7.242902568080162400, -1.758234688739550600, -3.000000000000000900 ) ) ;
#3324 = CARTESIAN_POINT ( 'NONE',  ( 7.242902568080162400, -1.758234688739550600, -2.999700000000000700 ) ) ;
#3325 = CARTESIAN_POINT ( 'NONE',  ( 7.272082465201387800, -1.741715363319579400, -2.999999999999998700 ) ) ;
#3326 = CARTESIAN_POINT ( 'NONE',  ( 7.272082465201387800, -1.741715363319579400, -2.999699999999998500 ) ) ;
#3327 = CARTESIAN_POINT ( 'NONE',  ( 7.300245652134051100, -1.723110692466716300, -3.000000000000000900 ) ) ;
#3328 = CARTESIAN_POINT ( 'NONE',  ( 7.300245652134051100, -1.723110692466716300, -2.999700000000000700 ) ) ;
#3329 = CARTESIAN_POINT ( 'NONE',  ( 7.326308092407514600, -1.701487083556563000, -3.000000000000000000 ) ) ;
#3330 = CARTESIAN_POINT ( 'NONE',  ( 7.326308092407514600, -1.701487083556563000, -2.999699999999999800 ) ) ;
#3331 = CARTESIAN_POINT ( 'NONE',  ( 7.350578601740346100, -1.677856777018271100, -3.000000000000000400 ) ) ;
#3332 = CARTESIAN_POINT ( 'NONE',  ( 7.350578601740346100, -1.677856777018271100, -2.999700000000000300 ) ) ;
#3333 = CARTESIAN_POINT ( 'NONE',  ( 7.373062601502429200, -1.651992393670062700, -2.999999999999999100 ) ) ;
#3334 = CARTESIAN_POINT ( 'NONE',  ( 7.373062601502429200, -1.651992393670062700, -2.999699999999998900 ) ) ;
#3335 = CARTESIAN_POINT ( 'NONE',  ( 7.393446844057731200, -1.623756540089881500, -3.000000000000000900 ) ) ;
#3336 = CARTESIAN_POINT ( 'NONE',  ( 7.393446844057731200, -1.623756540089881500, -2.999700000000000700 ) ) ;
#3337 = CARTESIAN_POINT ( 'NONE',  ( 7.411993899845494800, -1.593231579430223200, -3.000000000000000400 ) ) ;
#3338 = CARTESIAN_POINT ( 'NONE',  ( 7.411993899845494800, -1.593231579430223200, -2.999700000000000300 ) ) ;
#3339 = CARTESIAN_POINT ( 'NONE',  ( 7.428242435988901000, -1.560244156724047300, -2.999999999999999600 ) ) ;
#3340 = CARTESIAN_POINT ( 'NONE',  ( 7.428242435988901000, -1.560244156724047300, -2.999699999999999400 ) ) ;
#3341 = CARTESIAN_POINT ( 'NONE',  ( 7.448333367760901600, -1.513140424911662700, -3.000000000000000900 ) ) ;
#3342 = CARTESIAN_POINT ( 'NONE',  ( 7.448333367760901600, -1.513140424911662700, -2.999700000000000700 ) ) ;
#3343 = CARTESIAN_POINT ( 'NONE',  ( 7.468362200654810000, -1.449281247230173700, -3.000000000000000000 ) ) ;
#3344 = CARTESIAN_POINT ( 'NONE',  ( 7.468362200654810000, -1.449281247230173700, -2.999699999999999800 ) ) ;
#3345 = CARTESIAN_POINT ( 'NONE',  ( 7.484958077940048000, -1.367431414960380800, -3.000000000000000400 ) ) ;
#3346 = CARTESIAN_POINT ( 'NONE',  ( 7.484958077940048000, -1.367431414960380800, -2.999700000000000300 ) ) ;
#3347 = CARTESIAN_POINT ( 'NONE',  ( 7.495843210515670500, -1.279678518111164700, -2.999999999999999600 ) ) ;
#3348 = CARTESIAN_POINT ( 'NONE',  ( -2.455954742431636800, 1.051957820012019200, -2.999700000000000300 ) ) ;
#3349 = CARTESIAN_POINT ( 'NONE',  ( -2.696734619140621200, 0.4000000000000000200, -2.999700000000000300 ) ) ;
#3350 = CARTESIAN_POINT ( 'NONE',  ( 2.751373129624584900, -1.990512006710736900, -2.999700000000000300 ) ) ;
#3351 = CARTESIAN_POINT ( 'NONE',  ( 7.007502171963819700, -1.812424468456779600, -2.999699999999999800 ) ) ;
#3352 = CARTESIAN_POINT ( 'NONE',  ( 7.020894251114276200, -1.812705328525640700, -2.999700000000000300 ) ) ;
#3353 = MECHANICAL_DESIGN_GEOMETRIC_PRESENTATION_REPRESENTATION (  '', ( #3355 ), #3198 ) ;
#3354 = PRESENTATION_LAYER_ASSIGNMENT (  '', '', ( #3355 ) ) ;
#3355 = STYLED_ITEM ( 'NONE', ( #3356 ), #361 ) ;
#3356 = PRESENTATION_STYLE_ASSIGNMENT (( #3357 ) ) ;
#3357 = SURFACE_STYLE_USAGE ( .BOTH. , #3358 ) ;
#3358 = SURFACE_SIDE_STYLE ('',( #3247 ) ) ;
#3359 = B_SPLINE_CURVE_WITH_KNOTS ( 'NONE', 3,
 ( #3352, #3351, #3219, #3218, #3217, #3216, #3215, #3214, #3213, #3212, #3211, #3210, #3209, #3208, #3207, #3206, #3205, #3204, #3203 ),
 .UNSPECIFIED., .F., .F.,
 ( 4, 1, 1, 1, 1, 1, 1, 1, 1, 1, 1, 1, 1, 1, 1, 1, 4 ),
 ( 0.0000000000000000000, 0.06333588056568657800, 0.1251107589802127300, 0.1846884118917144800, 0.2432104439678642300, 0.3008880404131170100, 0.3583701155312996000, 0.4157614077031944200, 0.4743866229897778500, 0.5339662649724069600, 0.5940075641988071800, 0.6550724073076796800, 0.7186100426051383900, 0.7843747830517762100, 0.8529914722129193800, 0.9249004292977557300, 1.000000000000000000 ),
 .UNSPECIFIED. ) ;
#3360 = CARTESIAN_POINT ( 'NONE',  ( 7.000520569238900300, -1.990512006710736900, -2.999700000000000300 ) ) ;
#3361 = CARTESIAN_POINT ( 'NONE',  ( 6.981056470430304200, -1.990089565335426000, -2.999699999999999800 ) ) ;
#3362 = CARTESIAN_POINT ( 'NONE',  ( 6.942851549445847100, -1.989260380304923600, -2.999699999999999800 ) ) ;
#3363 = CARTESIAN_POINT ( 'NONE',  ( 6.886802548448323500, -1.982962115914535400, -2.999700000000001600 ) ) ;
#3364 = CARTESIAN_POINT ( 'NONE',  ( 6.833040196371111800, -1.972736693930296200, -2.999699999999999400 ) ) ;
#3365 = CARTESIAN_POINT ( 'NONE',  ( 6.781407725748461100, -1.958707330501968700, -2.999700000000000300 ) ) ;
#3366 = CARTESIAN_POINT ( 'NONE',  ( 6.732170993011715500, -1.940065782133898200, -2.999699999999999400 ) ) ;
#3367 = CARTESIAN_POINT ( 'NONE',  ( 6.685298077557472900, -1.917396837216925900, -2.999700000000001100 ) ) ;
#3368 = DIRECTION ( 'NONE',  ( -1.000000000000000000, 0.0000000000000000000, 0.0000000000000000000 ) ) ;
#3369 = DIRECTION ( 'NONE',  ( -0.0000000000000000000, 0.0000000000000000000, -1.000000000000000000 ) ) ;
#3370 = CARTESIAN_POINT ( 'NONE',  ( 0.0000000000000000000, -5.510728592200698600E-016, -3.000000000000000000 ) ) ;
#3371 = LINE ( 'NONE', #3222, #3196 ) ;
#3372 = CARTESIAN_POINT ( 'NONE',  ( -1.929943319467394300, 1.051957820012019200, -3.000000000000000000 ) ) ;
#3373 = CARTESIAN_POINT ( 'NONE',  ( 2.992354270116284600, -1.229741642965520800, -2.999700000000000700 ) ) ;
#3374 = CARTESIAN_POINT ( 'NONE',  ( 2.967511258723812200, -1.203416938745888200, -2.999700000000000300 ) ) ;
#3375 = CARTESIAN_POINT ( 'NONE',  ( -1.907100100395003700, -1.803444564036833500, -3.000000000000000000 ) ) ;
#3376 = DIRECTION ( 'NONE',  ( -1.000000000000000000, 0.0000000000000000000, 0.0000000000000000000 ) ) ;
#3377 = VECTOR ( 'NONE', #3376, 1000.000000000000000 ) ;
#3378 = CARTESIAN_POINT ( 'NONE',  ( 0.8989115397135435400, -1.338554186698717600, -3.000000000000000000 ) ) ;
#3379 = CARTESIAN_POINT ( 'NONE',  ( 2.874916752314622800, -1.141509355762435600, -2.999700000000000700 ) ) ;
#3380 = LINE ( 'NONE', #3378, #3377 ) ;
#3381 = CARTESIAN_POINT ( 'NONE',  ( 2.764575861226293600, -1.121684328008125200, -2.999699999999999800 ) ) ;
#3382 = DIRECTION ( 'NONE',  ( -0.1961161351381840400, 0.9805806756909201100, 0.0000000000000000000 ) ) ;
#3383 = VECTOR ( 'NONE', #3382, 1000.000000000000200 ) ;
#3384 = CARTESIAN_POINT ( 'NONE',  ( 3.210398356119790200, -1.239772698818108600, -3.000000000000000000 ) ) ;
#3385 = LINE ( 'NONE', #3384, #3383 ) ;
#3386 = CARTESIAN_POINT ( 'NONE',  ( 2.749212284577197400, -1.121234913361378100, -2.999700000000000700 ) ) ;
#3387 = DIRECTION ( 'NONE',  ( -1.000000000000000000, 0.0000000000000000000, 0.0000000000000000000 ) ) ;
#3388 = VECTOR ( 'NONE', #3387, 1000.000000000000000 ) ;
#3389 = CARTESIAN_POINT ( 'NONE',  ( 3.052347975510815800, -0.4495207957732369500, -3.000000000000000000 ) ) ;
#3390 = LINE ( 'NONE', #3389, #3388 ) ;
#3391 = CARTESIAN_POINT ( 'NONE',  ( 2.909224829775903600, -1.158965414875118900, -2.999700000000000700 ) ) ;
#3392 = CARTESIAN_POINT ( 'NONE',  ( 2.836376265839665800, -1.129796853877436300, -2.999699999999999400 ) ) ;
#3393 = CARTESIAN_POINT ( 'NONE',  ( 2.321364965194309300, -0.4495207957732369500, -3.000000000000000000 ) ) ;
#3394 = VECTOR ( 'NONE', #3563, 1000.000000000000100 ) ;
#3395 = LINE ( 'NONE', #3409, #3394 ) ;
#3396 = CARTESIAN_POINT ( 'NONE',  ( 2.694573774093235000, -0.9434282351762817200, -2.999700000000000300 ) ) ;
#3397 = CARTESIAN_POINT ( 'NONE',  ( 2.706528999171153000, -0.9436900738468792000, -2.999700000000001100 ) ) ;
#3398 = CARTESIAN_POINT ( 'NONE',  ( 2.730337473479919700, -0.9442115177528979100, -2.999700000000001100 ) ) ;
#3399 = CARTESIAN_POINT ( 'NONE',  ( 2.765842887621078500, -0.9495227018288722200, -2.999699999999998900 ) ) ;
#3400 = CARTESIAN_POINT ( 'NONE',  ( 2.800886809085083100, -0.9573811239552574300, -2.999700000000001100 ) ) ;
#3401 = CARTESIAN_POINT ( 'NONE',  ( 2.835588556535182400, -0.9686922126636966500, -2.999700000000001100 ) ) ;
#3402 = CARTESIAN_POINT ( 'NONE',  ( 2.869738723563589400, -0.9832122566313238300, -2.999700000000000300 ) ) ;
#3403 = CARTESIAN_POINT ( 'NONE',  ( 2.903608579649835400, -1.000943068547031300, -2.999700000000000700 ) ) ;
#3404 = CARTESIAN_POINT ( 'NONE',  ( 2.937000959736037100, -1.021977723973792200, -2.999699999999999800 ) ) ;
#3405 = CARTESIAN_POINT ( 'NONE',  ( 2.958408791345903400, -1.038042460874521300, -2.999700000000000300 ) ) ;
#3406 = B_SPLINE_CURVE_WITH_KNOTS ( 'NONE', 3,
 ( #3408, #3405, #3404, #3403, #3402, #3401, #3400, #3399, #3398, #3397, #3396 ),
 .UNSPECIFIED., .F., .F.,
 ( 4, 1, 1, 1, 1, 1, 1, 1, 4 ),
 ( 0.0000000000000000000, 0.1367294018595739700, 0.2685149167908302300, 0.3955294046848086800, 0.5199999535658120800, 0.6404964768412692000, 0.7612361017625322000, 0.8801067171759524600, 1.000000000000000000 ),
 .UNSPECIFIED. ) ;
#3407 = CARTESIAN_POINT ( 'NONE',  ( 2.794039724391706800, -1.122546203595999400, -2.999700000000000700 ) ) ;
#3408 = CARTESIAN_POINT ( 'NONE',  ( 2.969309787261178900, -1.046222721002040500, -2.999700000000000300 ) ) ;
#3409 = CARTESIAN_POINT ( 'NONE',  ( 3.012835380358572100, -1.259528996394230400, -3.000000000000000000 ) ) ;
#3410 = CARTESIAN_POINT ( 'NONE',  ( -4.494557698567700000, 1.538765339973645200, -3.000000000000000000 ) ) ;
#3411 = CARTESIAN_POINT ( 'NONE',  ( 2.321364965194309300, -0.6470837715344549500, -3.000000000000000000 ) ) ;
#3412 = CARTESIAN_POINT ( 'NONE',  ( -1.945995311247993300, -0.4495207957732369500, -3.000000000000000000 ) ) ;
#3413 = CARTESIAN_POINT ( 'NONE',  ( 3.230154653695911800, -1.555873460036057300, -3.000000000000000000 ) ) ;
#3414 = AXIS2_PLACEMENT_3D ( 'NONE', #3515, #3433, #3432 ) ;
#3415 = SPHERICAL_SURFACE ( 'NONE', #3414, 100.0000000000000000 ) ;
#3416 = CARTESIAN_POINT ( 'NONE',  ( 2.750138361026077700, -1.812705328525640700, -3.000000000000000000 ) ) ;
#3417 = CARTESIAN_POINT ( 'NONE',  ( 2.759713018123513400, -1.812415003742649400, -3.000000000000000000 ) ) ;
#3418 = CARTESIAN_POINT ( 'NONE',  ( 2.778499659835055500, -1.811845351208617200, -3.000000000000000000 ) ) ;
#3419 = CARTESIAN_POINT ( 'NONE',  ( 2.806034218882966300, -1.808948427730205900, -2.999999999999999600 ) ) ;
#3420 = CARTESIAN_POINT ( 'NONE',  ( 2.831990878281693800, -1.803199369200859000, -3.000000000000001300 ) ) ;
#3421 = CARTESIAN_POINT ( 'NONE',  ( 2.856703876982225100, -1.795929702289974500, -2.999999999999999100 ) ) ;
#3422 = CARTESIAN_POINT ( 'NONE',  ( 2.879858684555884500, -1.785997748770984800, -3.000000000000000400 ) ) ;
#3423 = CARTESIAN_POINT ( 'NONE',  ( 2.901490788442287400, -1.773867201087256900, -2.999999999999999600 ) ) ;
#3424 = CARTESIAN_POINT ( 'NONE',  ( 2.921863659512111200, -1.759963029584191300, -3.000000000000000000 ) ) ;
#3425 = CARTESIAN_POINT ( 'NONE',  ( 2.940408881306799200, -1.743470025403095000, -3.000000000000000000 ) ) ;
#3426 = CARTESIAN_POINT ( 'NONE',  ( 2.957305401331519000, -1.724753006064752500, -3.000000000000000400 ) ) ;
#3427 = CARTESIAN_POINT ( 'NONE',  ( 2.973376421608713300, -1.704416099125932700, -2.999999999999999600 ) ) ;
#3428 = DIRECTION ( 'NONE',  ( 0.0000000000000000000, -1.000000000000000000, 0.0000000000000000000 ) ) ;
#3429 = VECTOR ( 'NONE', #3428, 1000.000000000000000 ) ;
#3430 = LINE ( 'NONE', #3412, #3429 ) ;
#3431 = LINE ( 'NONE', #3545, #3544 ) ;
#3432 = DIRECTION ( 'NONE',  ( 0.0000000000000000000, 1.000000000000000000, 0.0000000000000000000 ) ) ;
#3433 = DIRECTION ( 'NONE',  ( 1.000000000000000000, 0.0000000000000000000, 0.0000000000000000000 ) ) ;
#3434 = B_SPLINE_CURVE_WITH_KNOTS ( 'NONE', 3,
 ( #3521, #3520, #3519, #3518, #3517, #3516, #3569, #3568, #3567, #3566, #3565 ),
 .UNSPECIFIED., .F., .F.,
 ( 4, 1, 1, 1, 1, 1, 1, 1, 4 ),
 ( 0.0000000000000000000, 0.1367294018595734400, 0.2685149167908297800, 0.3955294046848083500, 0.5199999535658118600, 0.6404964768412689800, 0.7612361017625319800, 0.8801067171759522400, 1.000000000000000000 ),
 .UNSPECIFIED. ) ;
#3435 = CARTESIAN_POINT ( 'NONE',  ( -1.376458295186357300, -0.6470837715344549500, -3.000000000000000000 ) ) ;
#3436 = CARTESIAN_POINT ( 'NONE',  ( 0.3259789100060115900, -1.516360864883813800, -3.000000000000000000 ) ) ;
#3437 = CARTESIAN_POINT ( 'NONE',  ( -1.298050489181124000, -1.046222721002040500, -3.000000000000000000 ) ) ;
#3438 = CARTESIAN_POINT ( 'NONE',  ( 2.321364965194309300, -0.4495207957732369500, -2.999700000000000300 ) ) ;
#3439 = CARTESIAN_POINT ( 'NONE',  ( -1.945995311247993300, -0.6470837715344549500, -3.000000000000000000 ) ) ;
#3440 = CARTESIAN_POINT ( 'NONE',  ( 3.230154653695911800, -1.555873460036057300, -3.000000000000000000 ) ) ;
#3441 = CARTESIAN_POINT ( 'NONE',  ( 3.228391450310814200, -1.571868967308293700, -3.000000000000000400 ) ) ;
#3442 = CARTESIAN_POINT ( 'NONE',  ( 3.224919930914699000, -1.603362052119499100, -3.000000000000000000 ) ) ;
#3443 = CARTESIAN_POINT ( 'NONE',  ( 3.214764973093375800, -1.648922342160634500, -2.999999999999999600 ) ) ;
#3444 = CARTESIAN_POINT ( 'NONE',  ( 3.201944403754164400, -1.692311298568012700, -3.000000000000000900 ) ) ;
#3445 = CARTESIAN_POINT ( 'NONE',  ( 3.185186355686460600, -1.733103208851398500, -3.000000000000000000 ) ) ;
#3446 = CARTESIAN_POINT ( 'NONE',  ( 3.165079605186847300, -1.771576493373599100, -2.999999999999998700 ) ) ;
#3447 = CARTESIAN_POINT ( 'NONE',  ( 3.141442629901157500, -1.807694255185556600, -3.000000000000000400 ) ) ;
#3448 = CARTESIAN_POINT ( 'NONE',  ( 3.114286838180903700, -1.841240373608192800, -3.000000000000000900 ) ) ;
#3449 = CARTESIAN_POINT ( 'NONE',  ( 3.083979721874442700, -1.872236723158556400, -3.000000000000000900 ) ) ;
#3450 = CARTESIAN_POINT ( 'NONE',  ( 3.050716510699207800, -1.900026557993426100, -2.999999999999999600 ) ) ;
#3451 = CARTESIAN_POINT ( 'NONE',  ( 3.014669036309716200, -1.924052981590104800, -3.000000000000000000 ) ) ;
#3452 = CARTESIAN_POINT ( 'NONE',  ( 2.976630223008283100, -1.945056243630675800, -3.000000000000000400 ) ) ;
#3453 = DIRECTION ( 'NONE',  ( -1.000000000000000000, 0.0000000000000000000, 0.0000000000000000000 ) ) ;
#3454 = VECTOR ( 'NONE', #3453, 1000.000000000000000 ) ;
#3455 = CARTESIAN_POINT ( 'NONE',  ( -1.215012300931487000, -0.4495207957732369500, -3.000000000000000000 ) ) ;
#3456 = B_SPLINE_CURVE_WITH_KNOTS ( 'NONE', 3,
 ( #3542, #3541, #3540, #3539, #3538, #3537, #3536, #3535, #3534, #3533, #3532, #3531, #3530, #3529, #3528, #3527, #3526, #3525, #3524 ),
 .UNSPECIFIED., .F., .F.,
 ( 4, 1, 1, 1, 1, 1, 1, 1, 1, 1, 1, 1, 1, 1, 1, 1, 4 ),
 ( 0.0000000000000000000, 0.06199741907572160100, 0.1220879540822928400, 0.1813753107870033400, 0.2395080083953655100, 0.2978356978967510200, 0.3568799706531179400, 0.4172818251154282200, 0.4796404090798158700, 0.5425000674783565500, 0.6049624196481904200, 0.6669910330782643500, 0.7302162430101638600, 0.7941728632512561300, 0.8604581431502611500, 0.9285781799847823100, 1.000000000000000000 ),
 .UNSPECIFIED. ) ;
#3457 = CARTESIAN_POINT ( 'NONE',  ( 2.987004064980248100, -1.681395665172996400, -3.000000000000001300 ) ) ;
#3458 = CARTESIAN_POINT ( 'NONE',  ( 2.999581396931433600, -1.656508857848439700, -2.999999999999999600 ) ) ;
#3459 = CARTESIAN_POINT ( 'NONE',  ( 3.010162420820627000, -1.629362727483249800, -2.999999999999999600 ) ) ;
#3460 = CARTESIAN_POINT ( 'NONE',  ( 3.019579409818380800, -1.600244310415693100, -3.000000000000000900 ) ) ;
#3461 = CARTESIAN_POINT ( 'NONE',  ( 2.360260176047299200, -1.803444564036833500, -3.000000000000000000 ) ) ;
#3462 = B_SPLINE_CURVE_WITH_KNOTS ( 'NONE', 3,
 ( #3509, #3508, #3507, #3506, #3505, #3504, #3503, #3502, #3501, #3500, #3499, #3498, #3497, #3496, #3495, #3494, #3493, #3492, #3491 ),
 .UNSPECIFIED., .F., .F.,
 ( 4, 1, 1, 1, 1, 1, 1, 1, 1, 1, 1, 1, 1, 1, 1, 1, 4 ),
 ( 0.0000000000000000000, 0.06580103760947297900, 0.1286767959489729400, 0.1886758749524337900, 0.2475984367338941700, 0.3048494201188274900, 0.3617858992828988900, 0.4195227063685894000, 0.4786818154207405600, 0.5387695030440191600, 0.5987990560131538600, 0.6601842815006787600, 0.7229515306109659500, 0.7879926891048739700, 0.8554037684344736300, 0.9261530612840037600, 1.000000000000000000 ),
 .UNSPECIFIED. ) ;
#3463 = CARTESIAN_POINT ( 'NONE',  ( -1.945995311247993300, -0.4495207957732369500, -3.000000000000000000 ) ) ;
#3464 = CARTESIAN_POINT ( 'NONE',  ( 3.012835380358572100, -1.259528996394230400, -3.000000000000000000 ) ) ;
#3465 = LINE ( 'NONE', #3471, #3490 ) ;
#3466 = CARTESIAN_POINT ( 'NONE',  ( 3.026830412931764200, -1.568901424522670200, -3.000000000000000000 ) ) ;
#3467 = CARTESIAN_POINT ( 'NONE',  ( 3.030635494312138500, -1.547248751875118100, -3.000000000000000000 ) ) ;
#3468 = CARTESIAN_POINT ( 'NONE',  ( 3.032591677934693800, -1.536117162459935500, -3.000000000000000000 ) ) ;
#3469 = CARTESIAN_POINT ( 'NONE',  ( 3.032591677934693800, -1.536117162459935500, -3.000000000000000000 ) ) ;
#3470 = DIRECTION ( 'NONE',  ( 0.1927583521884089800, -0.9812462574000521100, 0.0000000000000000000 ) ) ;
#3471 = CARTESIAN_POINT ( 'NONE',  ( -1.376458295186357300, -0.6470837715344549500, -3.000000000000000000 ) ) ;
#3472 = DIRECTION ( 'NONE',  ( -0.9950371902099890400, 0.09950371902099913700, 0.0000000000000000000 ) ) ;
#3473 = VECTOR ( 'NONE', #3472, 1000.000000000000100 ) ;
#3474 = CARTESIAN_POINT ( 'NONE',  ( 3.230154653695911800, -1.555873460036057300, -3.000000000000000000 ) ) ;
#3475 = CARTESIAN_POINT ( 'NONE',  ( 3.052347975510815800, -0.4495207957732369500, -3.000000000000000000 ) ) ;
#3476 = LINE ( 'NONE', #3474, #3473 ) ;
#3477 = CARTESIAN_POINT ( 'NONE',  ( -1.056961920322512700, -1.239772698818108600, -3.000000000000000000 ) ) ;
#3478 = DIRECTION ( 'NONE',  ( -0.1961161351381840400, 0.9805806756909201100, 0.0000000000000000000 ) ) ;
#3479 = VECTOR ( 'NONE', #3478, 1000.000000000000200 ) ;
#3480 = CARTESIAN_POINT ( 'NONE',  ( -1.056961920322512700, -1.239772698818108600, -3.000000000000000000 ) ) ;
#3481 = LINE ( 'NONE', #3480, #3479 ) ;
#3482 = CARTESIAN_POINT ( 'NONE',  ( 2.751373129624584900, -1.990512006710736900, -3.000000000000000400 ) ) ;
#3483 = B_SPLINE_CURVE_WITH_KNOTS ( 'NONE', 3,
 ( #3468, #3467, #3466, #3460, #3459, #3458, #3457, #3427, #3426, #3425, #3424, #3423, #3422, #3421, #3420, #3419, #3418, #3417, #3416 ),
 .UNSPECIFIED., .F., .F.,
 ( 4, 1, 1, 1, 1, 1, 1, 1, 1, 1, 1, 1, 1, 1, 1, 1, 4 ),
 ( 0.0000000000000000000, 0.07736133711897619200, 0.1504798322806806800, 0.2199772368520745100, 0.2866809968624413600, 0.3496784941856627100, 0.4106796250174854500, 0.4694271135192910600, 0.5267557014271296900, 0.5831419808348367000, 0.6388244277786264700, 0.6952634704038123100, 0.7526958048985346000, 0.8108491833348946400, 0.8713563036360845200, 0.9344364309841276500, 1.000000000000000000 ),
 .UNSPECIFIED. ) ;
#3484 = DIRECTION ( 'NONE',  ( 0.0000000000000000000, -1.000000000000000000, 0.0000000000000000000 ) ) ;
#3485 = VECTOR ( 'NONE', #3484, 1000.000000000000000 ) ;
#3486 = CARTESIAN_POINT ( 'NONE',  ( 2.321364965194309300, -0.4495207957732369500, -3.000000000000000000 ) ) ;
#3487 = LINE ( 'NONE', #3486, #3485 ) ;
#3488 = CARTESIAN_POINT ( 'NONE',  ( 2.750138361026077700, -1.812705328525640700, -3.000000000000000000 ) ) ;
#3489 = LINE ( 'NONE', #3512, #3595 ) ;
#3490 = VECTOR ( 'NONE', #3470, 1000.000000000000100 ) ;
#3491 = CARTESIAN_POINT ( 'NONE',  ( 2.439902750651040000, -1.454005050659179500, -3.000000000000000000 ) ) ;
#3492 = CARTESIAN_POINT ( 'NONE',  ( 2.440102289781278500, -1.467186979341462000, -2.999999999999999600 ) ) ;
#3493 = CARTESIAN_POINT ( 'NONE',  ( 2.440492998005396900, -1.492997896427057200, -3.000000000000000400 ) ) ;
#3494 = CARTESIAN_POINT ( 'NONE',  ( 2.444641901902973500, -1.530655340918744000, -3.000000000000000900 ) ) ;
#3495 = CARTESIAN_POINT ( 'NONE',  ( 2.451104770888589400, -1.566354953274791400, -2.999999999999999600 ) ) ;
#3496 = CARTESIAN_POINT ( 'NONE',  ( 2.459890847424659000, -1.600119474182271100, -2.999999999999999600 ) ) ;
#3497 = CARTESIAN_POINT ( 'NONE',  ( 2.471789215500356900, -1.631769282828533500, -3.000000000000000900 ) ) ;
#3498 = CARTESIAN_POINT ( 'NONE',  ( 2.485922128572620500, -1.661485183587409800, -3.000000000000001300 ) ) ;
#3499 = CARTESIAN_POINT ( 'NONE',  ( 2.502709877917584300, -1.689261479372672100, -2.999999999999998700 ) ) ;
#3500 = CARTESIAN_POINT ( 'NONE',  ( 2.522160963686003000, -1.714708307891589900, -3.000000000000000400 ) ) ;
#3501 = CARTESIAN_POINT ( 'NONE',  ( 2.543529185880689400, -1.738082606585777100, -3.000000000000000000 ) ) ;
#3502 = CARTESIAN_POINT ( 'NONE',  ( 2.567651029652009900, -1.757688760818946000, -3.000000000000000400 ) ) ;
#3503 = CARTESIAN_POINT ( 'NONE',  ( 2.592974248888550500, -1.775130425234670500, -3.000000000000000400 ) ) ;
#3504 = CARTESIAN_POINT ( 'NONE',  ( 2.620879605066758000, -1.788600786772127000, -3.000000000000000400 ) ) ;
#3505 = CARTESIAN_POINT ( 'NONE',  ( 2.650441355004835600, -1.799432374942170100, -2.999999999999999600 ) ) ;
#3506 = CARTESIAN_POINT ( 'NONE',  ( 2.682006052907043500, -1.807172398628510200, -2.999999999999999600 ) ) ;
#3507 = CARTESIAN_POINT ( 'NONE',  ( 2.715422666494955900, -1.811866496571709700, -3.000000000000000900 ) ) ;
#3508 = CARTESIAN_POINT ( 'NONE',  ( 2.738392401706786200, -1.812421512051861900, -3.000000000000000000 ) ) ;
#3509 = CARTESIAN_POINT ( 'NONE',  ( 2.750138361026077700, -1.812705328525640700, -3.000000000000000000 ) ) ;
#3510 = CARTESIAN_POINT ( 'NONE',  ( -2.025020501552480900, -1.442274748973357200, -3.000000000000000000 ) ) ;
#3511 = DIRECTION ( 'NONE',  ( 1.000000000000000000, 0.0000000000000000000, 0.0000000000000000000 ) ) ;
#3512 = CARTESIAN_POINT ( 'NONE',  ( 0.3259789100060115900, -1.516360864883813800, -3.000000000000000000 ) ) ;
#3513 = CARTESIAN_POINT ( 'NONE',  ( 0.8989115397135435400, -1.516360864883813800, -3.000000000000000000 ) ) ;
#3514 = CARTESIAN_POINT ( 'NONE',  ( -1.572786502349067700, -0.9434282351762817200, -3.000000000000000000 ) ) ;
#3515 = CARTESIAN_POINT ( 'NONE',  ( 0.0000000000000000000, -7.347638122934264500E-016, 103.0000000000000100 ) ) ;
#3516 = CARTESIAN_POINT ( 'NONE',  ( -1.431771719907121200, -0.9686922126636966500, -3.000000000000000000 ) ) ;
#3517 = CARTESIAN_POINT ( 'NONE',  ( -1.397621552878712400, -0.9832122566313236100, -3.000000000000000000 ) ) ;
#3518 = CARTESIAN_POINT ( 'NONE',  ( -1.363751696792467900, -1.000943068547031300, -3.000000000000000400 ) ) ;
#3519 = CARTESIAN_POINT ( 'NONE',  ( -1.330359316706265300, -1.021977723973791900, -2.999999999999999600 ) ) ;
#3520 = CARTESIAN_POINT ( 'NONE',  ( -1.308951485096399700, -1.038042460874521300, -3.000000000000000000 ) ) ;
#3521 = CARTESIAN_POINT ( 'NONE',  ( -1.298050489181124000, -1.046222721002040500, -3.000000000000000000 ) ) ;
#3522 = CARTESIAN_POINT ( 'NONE',  ( 0.3259789100060115900, -1.338554186698717600, -3.000000000000000000 ) ) ;
#3523 = CARTESIAN_POINT ( 'NONE',  ( 0.3259789100060115900, -1.338554186698717600, -3.000000000000000000 ) ) ;
#3524 = CARTESIAN_POINT ( 'NONE',  ( -2.025020501552480900, -1.442274748973357200, -3.000000000000000000 ) ) ;
#3525 = CARTESIAN_POINT ( 'NONE',  ( -2.024559840716690000, -1.424357983852720900, -3.000000000000000000 ) ) ;
#3526 = CARTESIAN_POINT ( 'NONE',  ( -2.023659815088800300, -1.389352733732498900, -3.000000000000000000 ) ) ;
#3527 = CARTESIAN_POINT ( 'NONE',  ( -2.017946889810669400, -1.337932440230385400, -3.000000000000000000 ) ) ;
#3528 = CARTESIAN_POINT ( 'NONE',  ( -2.007261870167245600, -1.289262119691074300, -2.999999999999998200 ) ) ;
#3529 = CARTESIAN_POINT ( 'NONE',  ( -1.993184757761583300, -1.242733281997097800, -3.000000000000000400 ) ) ;
#3530 = CARTESIAN_POINT ( 'NONE',  ( -1.974520328215494400, -1.199006266384047700, -3.000000000000000000 ) ) ;
#3531 = CARTESIAN_POINT ( 'NONE',  ( -1.952329000650799000, -1.157363278009374300, -2.999999999999998700 ) ) ;
#3532 = CARTESIAN_POINT ( 'NONE',  ( -1.925158565183976000, -1.118891622415541200, -3.000000000000000400 ) ) ;
#3533 = CARTESIAN_POINT ( 'NONE',  ( -1.894801643746929500, -1.082821202920734500, -2.999999999999999100 ) ) ;
#3534 = CARTESIAN_POINT ( 'NONE',  ( -1.861333517584955500, -1.050328406904096600, -3.000000000000001300 ) ) ;
#3535 = CARTESIAN_POINT ( 'NONE',  ( -1.825723052137510500, -1.021709153116529900, -2.999999999999999600 ) ) ;
#3536 = CARTESIAN_POINT ( 'NONE',  ( -1.788171563611145300, -0.9975034278148859900, -3.000000000000000000 ) ) ;
#3537 = CARTESIAN_POINT ( 'NONE',  ( -1.748830660357086000, -0.9775117099787981000, -3.000000000000000400 ) ) ;
#3538 = CARTESIAN_POINT ( 'NONE',  ( -1.707301847322270700, -0.9624312560394598900, -2.999999999999999100 ) ) ;
#3539 = CARTESIAN_POINT ( 'NONE',  ( -1.664132730371816300, -0.9512344584637019200, -3.000000000000001300 ) ) ;
#3540 = CARTESIAN_POINT ( 'NONE',  ( -1.618984694563142300, -0.9446386644603137500, -2.999999999999999100 ) ) ;
#3541 = CARTESIAN_POINT ( 'NONE',  ( -1.588345417400825800, -0.9438358910931873300, -2.999999999999999600 ) ) ;
#3542 = CARTESIAN_POINT ( 'NONE',  ( -1.572786502349067700, -0.9434282351762817200, -3.000000000000000000 ) ) ;
#3543 = DIRECTION ( 'NONE',  ( 1.000000000000000000, 0.0000000000000000000, 0.0000000000000000000 ) ) ;
#3544 = VECTOR ( 'NONE', #3543, 1000.000000000000000 ) ;
#3545 = CARTESIAN_POINT ( 'NONE',  ( -1.945995311247993300, -0.6470837715344549500, -3.000000000000000000 ) ) ;
#3546 = CARTESIAN_POINT ( 'NONE',  ( 3.210398356119790200, -1.239772698818108600, -3.000000000000000000 ) ) ;
#3547 = CARTESIAN_POINT ( 'NONE',  ( 2.939877401682711600, -1.179819544742188900, -2.999699999999999400 ) ) ;
#3548 = CARTESIAN_POINT ( 'NONE',  ( 3.012835380358572100, -1.259528996394230400, -2.999700000000000300 ) ) ;
#3549 = CARTESIAN_POINT ( 'NONE',  ( -1.907100100395003700, -1.803444564036833500, -3.000000000000000000 ) ) ;
#3550 = CARTESIAN_POINT ( 'NONE',  ( -1.916628030010686200, -1.790658583538449200, -3.000000000000000400 ) ) ;
#3551 = CARTESIAN_POINT ( 'NONE',  ( -1.935559286107772200, -1.765253833395368500, -2.999999999999999100 ) ) ;
#3552 = CARTESIAN_POINT ( 'NONE',  ( -1.959165871083939900, -1.724041945843413300, -3.000000000000000900 ) ) ;
#3553 = CARTESIAN_POINT ( 'NONE',  ( -1.979630055853325100, -1.681484063561622200, -3.000000000000000400 ) ) ;
#3554 = CARTESIAN_POINT ( 'NONE',  ( -1.996502078929226300, -1.637136109459631100, -3.000000000000001800 ) ) ;
#3555 = CARTESIAN_POINT ( 'NONE',  ( -2.008989382622373000, -1.590854836049415500, -2.999999999999999100 ) ) ;
#3556 = CARTESIAN_POINT ( 'NONE',  ( -2.018317147801501000, -1.542903085161742900, -2.999999999999999100 ) ) ;
#3557 = CARTESIAN_POINT ( 'NONE',  ( -2.023979734110803500, -1.493138856914651500, -3.000000000000000400 ) ) ;
#3558 = CARTESIAN_POINT ( 'NONE',  ( -2.024670697308045500, -1.459370288413572200, -3.000000000000000400 ) ) ;
#3559 = CARTESIAN_POINT ( 'NONE',  ( -2.025020501552480900, -1.442274748973357200, -3.000000000000000000 ) ) ;
#3560 = DIRECTION ( 'NONE',  ( 0.0000000000000000000, -1.000000000000000000, 0.0000000000000000000 ) ) ;
#3561 = VECTOR ( 'NONE', #3560, 1000.000000000000000 ) ;
#3562 = LINE ( 'NONE', #3523, #3561 ) ;
#3563 = DIRECTION ( 'NONE',  ( 0.9950371902099890400, 0.09950371902099913700, 0.0000000000000000000 ) ) ;
#3564 = B_SPLINE_CURVE_WITH_KNOTS ( 'NONE', 3,
 ( #3559, #3558, #3557, #3556, #3555, #3554, #3553, #3552, #3551, #3550, #3549 ),
 .UNSPECIFIED., .F., .F.,
 ( 4, 1, 1, 1, 1, 1, 1, 1, 4 ),
 ( 0.0000000000000000000, 0.1324616222426382200, 0.2616495010354900600, 0.3875466984163664600, 0.5107816292933473600, 0.6326753605997108600, 0.7546603541381375900, 0.8765227798028653000, 1.000000000000000000 ),
 .UNSPECIFIED. ) ;
#3565 = CARTESIAN_POINT ( 'NONE',  ( -1.572786502349067700, -0.9434282351762817200, -3.000000000000000000 ) ) ;
#3566 = CARTESIAN_POINT ( 'NONE',  ( -1.560831277271150100, -0.9436900738468789700, -3.000000000000000000 ) ) ;
#3567 = CARTESIAN_POINT ( 'NONE',  ( -1.537022802962384700, -0.9442115177528974700, -3.000000000000000900 ) ) ;
#3568 = CARTESIAN_POINT ( 'NONE',  ( -1.501517388821222300, -0.9495227018288722200, -2.999999999999998700 ) ) ;
#3569 = CARTESIAN_POINT ( 'NONE',  ( -1.466473467357220400, -0.9573811239552574300, -3.000000000000000900 ) ) ;
#3570 = CARTESIAN_POINT ( 'NONE',  ( 2.935939948178974700, -1.961589781237981900, -2.999999999999999100 ) ) ;
#3571 = CARTESIAN_POINT ( 'NONE',  ( 2.893071183280528000, -1.974674318715232700, -3.000000000000000400 ) ) ;
#3572 = CARTESIAN_POINT ( 'NONE',  ( 2.847894776227763100, -1.983796852509377200, -2.999999999999999100 ) ) ;
#3573 = CARTESIAN_POINT ( 'NONE',  ( 2.800396573991316400, -1.989517574133118400, -2.999999999999999600 ) ) ;
#3574 = CARTESIAN_POINT ( 'NONE',  ( 2.767956389301110800, -1.990175617991452000, -3.000000000000000000 ) ) ;
#3575 = CARTESIAN_POINT ( 'NONE',  ( 2.751373129624584900, -1.990512006710736900, -3.000000000000000400 ) ) ;
#3576 = CARTESIAN_POINT ( 'NONE',  ( 3.012835380358572100, -1.259528996394230400, -3.000000000000000000 ) ) ;
#3577 = CARTESIAN_POINT ( 'NONE',  ( 3.005981673279064300, -1.249561089739803500, -2.999999999999999600 ) ) ;
#3578 = CARTESIAN_POINT ( 'NONE',  ( 2.992354270116284600, -1.229741642965520800, -3.000000000000000400 ) ) ;
#3579 = CARTESIAN_POINT ( 'NONE',  ( 2.967511258723812200, -1.203416938745888200, -3.000000000000000000 ) ) ;
#3580 = CARTESIAN_POINT ( 'NONE',  ( 2.939877401682711600, -1.179819544742188900, -2.999999999999999100 ) ) ;
#3581 = CARTESIAN_POINT ( 'NONE',  ( 2.909224829775903600, -1.158965414875118900, -3.000000000000000400 ) ) ;
#3582 = CARTESIAN_POINT ( 'NONE',  ( 2.874916752314622800, -1.141509355762435600, -3.000000000000000400 ) ) ;
#3583 = CARTESIAN_POINT ( 'NONE',  ( 2.836376265839665800, -1.129796853877436300, -2.999999999999999100 ) ) ;
#3584 = CARTESIAN_POINT ( 'NONE',  ( 2.794039724391706800, -1.122546203595999400, -3.000000000000000400 ) ) ;
#3585 = CARTESIAN_POINT ( 'NONE',  ( 2.764575861226293600, -1.121684328008125200, -2.999999999999999600 ) ) ;
#3586 = CARTESIAN_POINT ( 'NONE',  ( 2.749212284577197400, -1.121234913361378100, -3.000000000000000400 ) ) ;
#3587 = B_SPLINE_CURVE_WITH_KNOTS ( 'NONE', 3,
 ( #3575, #3574, #3573, #3572, #3571, #3570, #3452, #3451, #3450, #3449, #3448, #3447, #3446, #3445, #3444, #3443, #3442, #3441, #3440 ),
 .UNSPECIFIED., .F., .F.,
 ( 4, 1, 1, 1, 1, 1, 1, 1, 1, 1, 1, 1, 1, 1, 1, 1, 4 ),
 ( 0.0000000000000000000, 0.06929802345975311100, 0.1355608441012825200, 0.1996709556470572500, 0.2617162384956092100, 0.3226619299471030200, 0.3829069237782249900, 0.4430320330728905700, 0.5035007873501632400, 0.5637242810171082500, 0.6239800220534740300, 0.6836293869955235600, 0.7438482724857307100, 0.8051918462295100100, 0.8676487429597674600, 0.9327780842312611800, 1.000000000000000000 ),
 .UNSPECIFIED. ) ;
#3588 = LINE ( 'NONE', #3455, #3454 ) ;
#3589 = B_SPLINE_CURVE_WITH_KNOTS ( 'NONE', 3,
 ( #3586, #3585, #3584, #3583, #3582, #3581, #3580, #3579, #3578, #3577, #3576 ),
 .UNSPECIFIED., .F., .F.,
 ( 4, 1, 1, 1, 1, 1, 1, 1, 4 ),
 ( 0.0000000000000000000, 0.1478596367312527700, 0.2835613219395476400, 0.4123693961385304100, 0.5342363558879452700, 0.6526916293119832100, 0.7686630594981230800, 0.8836524018604038400, 1.000000000000000000 ),
 .UNSPECIFIED. ) ;
#3590 = CARTESIAN_POINT ( 'NONE',  ( 2.439902750651040000, -1.454005050659179500, -3.000000000000000000 ) ) ;
#3591 = DIRECTION ( 'NONE',  ( 0.0000000000000000000, 1.000000000000000000, 0.0000000000000000000 ) ) ;
#3592 = VECTOR ( 'NONE', #3591, 1000.000000000000000 ) ;
#3593 = CARTESIAN_POINT ( 'NONE',  ( 0.8989115397135435400, -1.516360864883813800, -3.000000000000000000 ) ) ;
#3594 = LINE ( 'NONE', #3593, #3592 ) ;
#3595 = VECTOR ( 'NONE', #3511, 1000.000000000000000 ) ;
#3596 = CARTESIAN_POINT ( 'NONE',  ( 0.8989115397135435400, -1.338554186698717600, -3.000000000000000000 ) ) ;
#3597 = CARTESIAN_POINT ( 'NONE',  ( 2.691877388691419300, -1.989194817531000600, -3.000000000000001300 ) ) ;
#3598 = CARTESIAN_POINT ( 'NONE',  ( 2.634499616645712600, -1.979746275491917500, -2.999999999999998700 ) ) ;
#3599 = CARTESIAN_POINT ( 'NONE',  ( 2.580124346354472300, -1.965676305692155100, -3.000000000000000900 ) ) ;
#3600 = CARTESIAN_POINT ( 'NONE',  ( 2.529408609414775600, -1.944533159611878000, -2.999999999999999100 ) ) ;
#3601 = CARTESIAN_POINT ( 'NONE',  ( 2.481729376900833300, -1.918222122796948500, -3.000000000000000400 ) ) ;
#3602 = B_SPLINE_CURVE_WITH_KNOTS ( 'NONE', 3,
 ( #3694, #3646, #3645, #3644, #3643, #3642, #3641, #3640, #3639, #3638, #3637, #3657, #3656, #3655, #3654, #3653, #3652, #3651, #3650 ),
 .UNSPECIFIED., .F., .F.,
 ( 4, 1, 1, 1, 1, 1, 1, 1, 1, 1, 1, 1, 1, 1, 1, 1, 4 ),
 ( 0.0000000000000000000, 0.07286593345653534500, 0.1418868719641261100, 0.2074526264147114300, 0.2704376800000974400, 0.3316408722476697500, 0.3901075774931580000, 0.4480692869488363500, 0.5055029519245374200, 0.5624881528337243300, 0.6190843288847292000, 0.6764155306922389200, 0.7354523604507925400, 0.7962407694486781700, 0.8604056780892032100, 0.9283049272851058300, 0.9999999999999998900 ),
 .UNSPECIFIED. ) ;
#3603 = CARTESIAN_POINT ( 'NONE',  ( 2.437406734931092200, -1.885836419598553700, -2.999999999999998700 ) ) ;
#3604 = CARTESIAN_POINT ( 'NONE',  ( 2.396176914079714200, -1.847729422363162000, -3.000000000000000900 ) ) ;
#3605 = CARTESIAN_POINT ( 'NONE',  ( 2.372365143488895700, -1.818369827230615900, -3.000000000000000400 ) ) ;
#3606 = CARTESIAN_POINT ( 'NONE',  ( 2.360260176047299200, -1.803444564036833500, -3.000000000000000000 ) ) ;
#3607 = CARTESIAN_POINT ( 'NONE',  ( -5.709147269009396700, -0.5620202520535659800, -3.000000000000000000 ) ) ;
#3608 = CARTESIAN_POINT ( 'NONE',  ( -5.686613432152557700, -0.5903001802009396600, -2.999999999999999600 ) ) ;
#3609 = CARTESIAN_POINT ( 'NONE',  ( -5.664938438727587800, -0.6207151187953126000, -3.000000000000000400 ) ) ;
#3610 = CARTESIAN_POINT ( 'NONE',  ( -5.645430547875675700, -0.6541186355245536300, -2.999999999999999100 ) ) ;
#3611 = CARTESIAN_POINT ( 'NONE',  ( -5.627062824230096200, -0.6899911682291949300, -3.000000000000000400 ) ) ;
#3612 = CARTESIAN_POINT ( 'NONE',  ( -5.610737927241522100, -0.7287047351931332800, -3.000000000000000000 ) ) ;
#3613 = CARTESIAN_POINT ( 'NONE',  ( -5.596348823732374600, -0.7702182909233229500, -3.000000000000000900 ) ) ;
#3614 = CARTESIAN_POINT ( 'NONE',  ( -5.583252016664895100, -0.8144652383040647000, -2.999999999999999100 ) ) ;
#3615 = CARTESIAN_POINT ( 'NONE',  ( -5.572336378407052300, -0.8618260205374543800, -3.000000000000000400 ) ) ;
#3616 =( LENGTH_UNIT ( ) NAMED_UNIT ( * ) SI_UNIT ( .MILLI., .METRE. ) );
#3617 = MECHANICAL_DESIGN_GEOMETRIC_PRESENTATION_REPRESENTATION (  '', ( #3619 ), #3703 ) ;
#3618 = PRESENTATION_LAYER_ASSIGNMENT (  '', '', ( #3619 ) ) ;
#3619 = STYLED_ITEM ( 'NONE', ( #3620 ), #460 ) ;
#3620 = PRESENTATION_STYLE_ASSIGNMENT (( #3621 ) ) ;
#3621 = SURFACE_STYLE_USAGE ( .BOTH. , #3622 ) ;
#3622 = SURFACE_SIDE_STYLE ('',( #3623 ) ) ;
#3623 = SURFACE_STYLE_FILL_AREA ( #3649 ) ;
#3624 = FACE_OUTER_BOUND ( 'NONE', #236, .T. ) ;
#3625 = B_SPLINE_SURFACE_WITH_KNOTS ( 'NONE', 3, 1, ( 
 ( #3670, #3669 ),
 ( #3668, #3667 ),
 ( #3666, #3665 ),
 ( #3664, #3663 ),
 ( #3662, #3661 ),
 ( #3660, #3659 ),
 ( #3658, #3683 ),
 ( #3682, #3681 ),
 ( #3680, #3679 ),
 ( #3678, #3677 ),
 ( #3676, #3675 ),
 ( #3674, #3673 ),
 ( #3672, #3671 ),
 ( #3769, #3768 ),
 ( #3767, #3766 ),
 ( #3765, #3764 ),
 ( #3763, #3762 ),
 ( #3761, #3760 ),
 ( #3759, #3758 ) ),
 .UNSPECIFIED., .F., .F., .F.,
 ( 4, 1, 1, 1, 1, 1, 1, 1, 1, 1, 1, 1, 1, 1, 1, 1, 4 ),
 ( 2, 2 ),
 ( 0.0000000000000000000, 0.06199741907572158000, 0.1220879540822928000, 0.1813753107870032800, 0.2395080083953654300, 0.2978356978967507400, 0.3568799706531178800, 0.4172818251154281600, 0.4796404090798155300, 0.5425000674783562200, 0.6049624196481903100, 0.6669910330782642400, 0.7302162430101637500, 0.7941728632512561300, 0.8604581431502611500, 0.9285781799847823100, 0.9999999999999998900 ),
 ( 0.0000000000000000000, 1.000000000000000000 ),
 .UNSPECIFIED. ) ;
#3626 = LINE ( 'NONE', #3693, #3692 ) ;
#3627 = DIRECTION ( 'NONE',  ( -0.1961161351381840400, 0.9805806756909201100, 0.0000000000000000000 ) ) ;
#3628 = VECTOR ( 'NONE', #3627, 1000.000000000000200 ) ;
#3629 = CARTESIAN_POINT ( 'NONE',  ( 3.210398356119790200, -1.239772698818108600, -2.999700000000000300 ) ) ;
#3630 = VECTOR ( 'NONE', #3684, 1000.000000000000000 ) ;
#3631 = LINE ( 'NONE', #3629, #3628 ) ;
#3632 = DIRECTION ( 'NONE',  ( -1.000000000000000000, 0.0000000000000000000, 0.0000000000000000000 ) ) ;
#3633 = VECTOR ( 'NONE', #3632, 1000.000000000000000 ) ;
#3634 = CARTESIAN_POINT ( 'NONE',  ( 3.052347975510815800, -0.4495207957732369500, -2.999700000000000300 ) ) ;
#3635 = CARTESIAN_POINT ( 'NONE',  ( 2.439902750651040000, -1.454005050659179500, -2.999700000000000300 ) ) ;
#3636 = CARTESIAN_POINT ( 'NONE',  ( 2.694573774093235000, -0.9434282351762817200, -2.999700000000000300 ) ) ;
#3637 = CARTESIAN_POINT ( 'NONE',  ( 2.538158386403535500, -1.188954971377958600, -3.000000000000001300 ) ) ;
#3638 = CARTESIAN_POINT ( 'NONE',  ( 2.517497216491781500, -1.210127683541722500, -2.999999999999999600 ) ) ;
#3639 = CARTESIAN_POINT ( 'NONE',  ( 2.499407123633721600, -1.233745825025096800, -3.000000000000000000 ) ) ;
#3640 = CARTESIAN_POINT ( 'NONE',  ( 2.483147330452081500, -1.258990615939620900, -2.999999999999999600 ) ) ;
#3641 = CARTESIAN_POINT ( 'NONE',  ( 2.469874485273233100, -1.286648087651062900, -3.000000000000001300 ) ) ;
#3642 = CARTESIAN_POINT ( 'NONE',  ( 2.458683747456162000, -1.316131267184314400, -2.999999999999998200 ) ) ;
#3643 = CARTESIAN_POINT ( 'NONE',  ( 2.450564950329203700, -1.347867631816264300, -3.000000000000000000 ) ) ;
#3644 = CARTESIAN_POINT ( 'NONE',  ( 2.444290309958918600, -1.381361261763567300, -3.000000000000000000 ) ) ;
#3645 = CARTESIAN_POINT ( 'NONE',  ( 2.440571162051727900, -1.416981315289113800, -2.999999999999999600 ) ) ;
#3646 = CARTESIAN_POINT ( 'NONE',  ( 2.440129543593506400, -1.441442844393686900, -3.000000000000000400 ) ) ;
#3647 = CARTESIAN_POINT ( 'NONE',  ( 2.890901981255945300, -0.6470837715344549500, -2.999700000000000300 ) ) ;
#3648 = CARTESIAN_POINT ( 'NONE',  ( 3.052347975510815800, -0.4495207957732369500, -2.999700000000000300 ) ) ;
#3649 = FILL_AREA_STYLE ('',( #3696 ) ) ;
#3650 = CARTESIAN_POINT ( 'NONE',  ( 2.749212284577197400, -1.121234913361378100, -3.000000000000000400 ) ) ;
#3651 = CARTESIAN_POINT ( 'NONE',  ( 2.736856694521773800, -1.121578402092972700, -3.000000000000000400 ) ) ;
#3652 = CARTESIAN_POINT ( 'NONE',  ( 2.712799668700022400, -1.122247193890724100, -3.000000000000000900 ) ) ;
#3653 = CARTESIAN_POINT ( 'NONE',  ( 2.677815979204857500, -1.126062095577319100, -2.999999999999999100 ) ) ;
#3654 = CARTESIAN_POINT ( 'NONE',  ( 2.645324635685244000, -1.133315325025730200, -3.000000000000000400 ) ) ;
#3655 = CARTESIAN_POINT ( 'NONE',  ( 2.614988492324214600, -1.142742326587002700, -2.999999999999999600 ) ) ;
#3656 = CARTESIAN_POINT ( 'NONE',  ( 2.587109006794543500, -1.155430722757412100, -3.000000000000000400 ) ) ;
#3657 = CARTESIAN_POINT ( 'NONE',  ( 2.561669762302648300, -1.171077297677050900, -3.000000000000000000 ) ) ;
#3658 = CARTESIAN_POINT ( 'NONE',  ( 2.479188712831157400, -0.9975034278148862100, -2.999700000000000300 ) ) ;
#3659 = CARTESIAN_POINT ( 'NONE',  ( 2.518529616085217500, -0.9775117099787978800, -3.000000000000000000 ) ) ;
#3660 = CARTESIAN_POINT ( 'NONE',  ( 2.518529616085217500, -0.9775117099787978800, -2.999700000000000300 ) ) ;
#3661 = CARTESIAN_POINT ( 'NONE',  ( 2.560058429120031200, -0.9624312560394601100, -2.999999999999999600 ) ) ;
#3662 = CARTESIAN_POINT ( 'NONE',  ( 2.560058429120031200, -0.9624312560394601100, -2.999699999999999800 ) ) ;
#3663 = CARTESIAN_POINT ( 'NONE',  ( 2.603227546070487000, -0.9512344584637016900, -3.000000000000000400 ) ) ;
#3664 = CARTESIAN_POINT ( 'NONE',  ( 2.603227546070487000, -0.9512344584637016900, -2.999700000000000700 ) ) ;
#3665 = CARTESIAN_POINT ( 'NONE',  ( 2.648375581879159700, -0.9446386644603140800, -2.999999999999999600 ) ) ;
#3666 = CARTESIAN_POINT ( 'NONE',  ( 2.648375581879159700, -0.9446386644603140800, -2.999699999999999800 ) ) ;
#3667 = CARTESIAN_POINT ( 'NONE',  ( 2.679014859041476600, -0.9438358910931875500, -3.000000000000000000 ) ) ;
#3668 = CARTESIAN_POINT ( 'NONE',  ( 2.679014859041476600, -0.9438358910931875500, -2.999700000000000300 ) ) ;
#3669 = CARTESIAN_POINT ( 'NONE',  ( 2.694573774093235000, -0.9434282351762817200, -3.000000000000000000 ) ) ;
#3670 = CARTESIAN_POINT ( 'NONE',  ( 2.694573774093235000, -0.9434282351762817200, -2.999700000000000300 ) ) ;
#3671 = CARTESIAN_POINT ( 'NONE',  ( 2.292839948226809400, -1.199006266384048200, -3.000000000000000900 ) ) ;
#3672 = CARTESIAN_POINT ( 'NONE',  ( 2.292839948226809400, -1.199006266384048200, -2.999700000000001100 ) ) ;
#3673 = CARTESIAN_POINT ( 'NONE',  ( 2.315031275791502400, -1.157363278009374600, -3.000000000000000000 ) ) ;
#3674 = CARTESIAN_POINT ( 'NONE',  ( 2.315031275791502400, -1.157363278009374600, -2.999700000000000300 ) ) ;
#3675 = CARTESIAN_POINT ( 'NONE',  ( 2.342201711258327500, -1.118891622415541200, -3.000000000000000000 ) ) ;
#3676 = CARTESIAN_POINT ( 'NONE',  ( 2.342201711258327500, -1.118891622415541200, -2.999700000000000300 ) ) ;
#3677 = CARTESIAN_POINT ( 'NONE',  ( 2.372558632695372300, -1.082821202920734700, -2.999999999999999600 ) ) ;
#3678 = CARTESIAN_POINT ( 'NONE',  ( 2.372558632695372300, -1.082821202920734700, -2.999699999999999800 ) ) ;
#3679 = CARTESIAN_POINT ( 'NONE',  ( 2.406026758857347400, -1.050328406904095900, -2.999999999999999600 ) ) ;
#3680 = CARTESIAN_POINT ( 'NONE',  ( 2.406026758857347400, -1.050328406904095900, -2.999699999999999800 ) ) ;
#3681 = CARTESIAN_POINT ( 'NONE',  ( 2.441637224304792600, -1.021709153116530100, -3.000000000000000900 ) ) ;
#3682 = CARTESIAN_POINT ( 'NONE',  ( 2.441637224304792600, -1.021709153116530100, -2.999700000000001100 ) ) ;
#3683 = CARTESIAN_POINT ( 'NONE',  ( 2.479188712831157400, -0.9975034278148862100, -3.000000000000000000 ) ) ;
#3684 = DIRECTION ( 'NONE',  ( 0.0000000000000000000, 1.000000000000000000, 0.0000000000000000000 ) ) ;
#3685 = CARTESIAN_POINT ( 'NONE',  ( -3.368448736728765400, -1.516360864883813800, -3.000000000000000000 ) ) ;
#3686 = LINE ( 'NONE', #3685, #3630 ) ;
#3687 = DIRECTION ( 'NONE',  ( 1.000000000000000000, 0.0000000000000000000, 0.0000000000000000000 ) ) ;
#3688 = VECTOR ( 'NONE', #3687, 1000.000000000000000 ) ;
#3689 = CARTESIAN_POINT ( 'NONE',  ( -3.941381366436297100, -1.516360864883813800, -3.000000000000000000 ) ) ;
#3690 = LINE ( 'NONE', #3689, #3688 ) ;
#3691 = DIRECTION ( 'NONE',  ( 0.0000000000000000000, -1.000000000000000000, 0.0000000000000000000 ) ) ;
#3692 = VECTOR ( 'NONE', #3691, 1000.000000000000000 ) ;
#3693 = CARTESIAN_POINT ( 'NONE',  ( 2.321364965194309300, -0.4495207957732369500, -2.999700000000000300 ) ) ;
#3694 = CARTESIAN_POINT ( 'NONE',  ( 2.439902750651040000, -1.454005050659179500, -3.000000000000000000 ) ) ;
#3695 = LINE ( 'NONE', #3634, #3633 ) ;
#3696 = FILL_AREA_STYLE_COLOUR ( '', #3719 ) ;
#3697 = CARTESIAN_POINT ( 'NONE',  ( 3.210398356119790200, -1.239772698818108600, -2.999700000000000300 ) ) ;
#3698 = CARTESIAN_POINT ( 'NONE',  ( 2.749212284577197400, -1.121234913361378100, -3.000000000000000400 ) ) ;
#3699 = CARTESIAN_POINT ( 'NONE',  ( 2.751373129624584900, -1.990512006710736900, -3.000000000000000400 ) ) ;
#3700 = CARTESIAN_POINT ( 'NONE',  ( 2.731268342436869600, -1.990066902443957200, -3.000000000000000000 ) ) ;
#3701 = CARTESIAN_POINT ( 'NONE',  ( 2.321364965194309300, -0.6470837715344549500, -2.999700000000000300 ) ) ;
#3702 = LINE ( 'NONE', #3757, #3756 ) ;
#3703 =( GEOMETRIC_REPRESENTATION_CONTEXT ( 3 ) GLOBAL_UNCERTAINTY_ASSIGNED_CONTEXT ( ( #3704 ) ) GLOBAL_UNIT_ASSIGNED_CONTEXT ( ( #3616, #3706, #3705 ) ) REPRESENTATION_CONTEXT ( 'NONE', 'WORKASPACE' ) );
#3704 = UNCERTAINTY_MEASURE_WITH_UNIT (LENGTH_MEASURE( 1.000000000000000100E-005 ), #3616, 'distance_accuracy_value', 'NONE');
#3705 =( NAMED_UNIT ( * ) SI_UNIT ( $, .STERADIAN. ) SOLID_ANGLE_UNIT ( ) );
#3706 =( NAMED_UNIT ( * ) PLANE_ANGLE_UNIT ( ) SI_UNIT ( $, .RADIAN. ) );
#3707 = CARTESIAN_POINT ( 'NONE',  ( -6.035548909505203100, -0.4297644981971151000, -3.000000000000000000 ) ) ;
#3708 = CARTESIAN_POINT ( 'NONE',  ( -6.022059722491031900, -0.4299747292779465500, -2.999999999999999600 ) ) ;
#3709 = CARTESIAN_POINT ( 'NONE',  ( -5.995533406001048800, -0.4303881460524569500, -3.000000000000000400 ) ) ;
#3710 = CARTESIAN_POINT ( 'NONE',  ( -5.956715888875143200, -0.4344285504903751000, -2.999999999999998700 ) ) ;
#3711 = CARTESIAN_POINT ( 'NONE',  ( -5.919691827135642900, -0.4412821096811830900, -3.000000000000000400 ) ) ;
#3712 = CARTESIAN_POINT ( 'NONE',  ( -5.884420420837596300, -0.4505989207529959000, -3.000000000000000000 ) ) ;
#3713 = CARTESIAN_POINT ( 'NONE',  ( -5.850630168986374000, -0.4620276180495688200, -2.999999999999999600 ) ) ;
#3714 = CARTESIAN_POINT ( 'NONE',  ( -5.819022550716241000, -0.4772092084622730500, -3.000000000000000000 ) ) ;
#3715 = CARTESIAN_POINT ( 'NONE',  ( -5.788995159776840500, -0.4944038066623328600, -3.000000000000000400 ) ) ;
#3716 = CARTESIAN_POINT ( 'NONE',  ( -5.760663533400026500, -0.5143308075168542300, -3.000000000000000000 ) ) ;
#3717 = CARTESIAN_POINT ( 'NONE',  ( -5.734177574017158100, -0.5369124696642708600, -2.999999999999999600 ) ) ;
#3718 = CARTESIAN_POINT ( 'NONE',  ( -5.691357162671206300, -1.842031082740196400, -3.000000000000000000 ) ) ;
#3719 = COLOUR_RGB ( '',1.000000000000000000, 1.000000000000000000, 1.000000000000000000 ) ;
#3720 = B_SPLINE_CURVE_WITH_KNOTS ( 'NONE', 3,
 ( #3750, #3749, #3748, #3747, #3746, #3745, #3744, #3615, #3614, #3613, #3612, #3611, #3610, #3609, #3608, #3607, #3717, #3716, #3715, #3714, #3713, #3712, #3711, #3710, #3709, #3708, #3707 ),
 .UNSPECIFIED., .F., .F.,
 ( 4, 1, 1, 1, 1, 1, 1, 1, 1, 1, 1, 1, 1, 1, 1, 1, 1, 1, 1, 1, 1, 1, 1, 1, 4 ),
 ( 0.0000000000000000000, 0.06311445839479323800, 0.1236146457694898700, 0.1809737111859574800, 0.2352614550083219900, 0.2871007018338721000, 0.3360307363034435400, 0.3823823485850662000, 0.4263340836597072100, 0.4682106947981600200, 0.5082496012618050700, 0.5466283366065851600, 0.5836495392304460500, 0.6189943150301616700, 0.6535830186205962000, 0.6871561361903317800, 0.7204221919788075200, 0.7532302188118171800, 0.7862601560778997900, 0.8195039834988843100, 0.8535452747120190200, 0.8883082803397300800, 0.9239958607406948400, 0.9613503047546452200, 1.000000000000000000 ),
 .UNSPECIFIED. ) ;
#3721 = CARTESIAN_POINT ( 'NONE',  ( -6.529456348908247800, -1.210755636753179800, -3.000000000000000000 ) ) ;
#3722 = CARTESIAN_POINT ( 'NONE',  ( -6.529313246318251300, -1.192233381372616000, -3.000000000000000000 ) ) ;
#3723 = CARTESIAN_POINT ( 'NONE',  ( -6.529034941183423000, -1.156211400350743500, -3.000000000000000900 ) ) ;
#3724 = CARTESIAN_POINT ( 'NONE',  ( -6.527592269702805300, -1.103712198990019600, -3.000000000000000400 ) ) ;
#3725 = CARTESIAN_POINT ( 'NONE',  ( -6.524750140684230500, -1.054211409837625600, -2.999999999999999600 ) ) ;
#3726 = CARTESIAN_POINT ( 'NONE',  ( -6.521069838100443100, -1.007585314092964500, -3.000000000000000400 ) ) ;
#3727 = CARTESIAN_POINT ( 'NONE',  ( -6.516584270252988800, -0.9638048814568418400, -3.000000000000000900 ) ) ;
#3728 = CARTESIAN_POINT ( 'NONE',  ( -6.510729470512202100, -0.9229192155801661000, -2.999999999999998700 ) ) ;
#3729 = CARTESIAN_POINT ( 'NONE',  ( -6.503677198337523000, -0.8850272298948215200, -3.000000000000000400 ) ) ;
#3730 = CARTESIAN_POINT ( 'NONE',  ( -6.493022940499897400, -0.8390848374233685900, -3.000000000000000400 ) ) ;
#3731 = CARTESIAN_POINT ( 'NONE',  ( -6.478086349862141300, -0.7858636789168730300, -2.999999999999999600 ) ) ;
#3732 = CARTESIAN_POINT ( 'NONE',  ( -6.457037685231203000, -0.7264079711942230700, -3.000000000000001300 ) ) ;
#3733 = CARTESIAN_POINT ( 'NONE',  ( -6.433753016049819500, -0.6718820011497820300, -3.000000000000000000 ) ) ;
#3734 = CARTESIAN_POINT ( 'NONE',  ( -6.407542700261134700, -0.6223468712904006700, -3.000000000000000400 ) ) ;
#3735 = CARTESIAN_POINT ( 'NONE',  ( -6.377557205131887000, -0.5775802496795113800, -3.000000000000000000 ) ) ;
#3736 = CARTESIAN_POINT ( 'NONE',  ( -6.341814576010334800, -0.5388170986952654000, -2.999999999999999100 ) ) ;
#3737 = CARTESIAN_POINT ( 'NONE',  ( -6.300704888385408400, -0.5055980877088359600, -3.000000000000000900 ) ) ;
#3738 = CARTESIAN_POINT ( 'NONE',  ( -6.254671576641737100, -0.4782720097754495900, -2.999999999999997800 ) ) ;
#3739 = CARTESIAN_POINT ( 'NONE',  ( -6.204477892021683000, -0.4567586732904251300, -3.000000000000001300 ) ) ;
#3740 = CARTESIAN_POINT ( 'NONE',  ( -6.150981887787772900, -0.4408115654097898900, -3.000000000000000000 ) ) ;
#3741 = CARTESIAN_POINT ( 'NONE',  ( -6.094218319904316900, -0.4314893373407190900, -3.000000000000000000 ) ) ;
#3742 = CARTESIAN_POINT ( 'NONE',  ( -6.055339301337212100, -0.4303463217107126900, -3.000000000000000000 ) ) ;
#3743 = CARTESIAN_POINT ( 'NONE',  ( -6.035548909505203100, -0.4297644981971151000, -3.000000000000000000 ) ) ;
#3744 = CARTESIAN_POINT ( 'NONE',  ( -5.562634842508051800, -0.9122512716802487800, -3.000000000000000000 ) ) ;
#3745 = CARTESIAN_POINT ( 'NONE',  ( -5.555172158801205700, -0.9658541289070227100, -3.000000000000000400 ) ) ;
#3746 = CARTESIAN_POINT ( 'NONE',  ( -5.548870213674203600, -1.022558095412476000, -2.999999999999999100 ) ) ;
#3747 = CARTESIAN_POINT ( 'NONE',  ( -5.544648440495555200, -1.082491163192016400, -3.000000000000000000 ) ) ;
#3748 = CARTESIAN_POINT ( 'NONE',  ( -5.542230359671547600, -1.145601283176678000, -3.000000000000000900 ) ) ;
#3749 = CARTESIAN_POINT ( 'NONE',  ( -5.541840514843429800, -1.188733457851566500, -2.999999999999999600 ) ) ;
#3750 = CARTESIAN_POINT ( 'NONE',  ( -5.541641470102158400, -1.210755636753179800, -3.000000000000000000 ) ) ;
#3751 = CARTESIAN_POINT ( 'NONE',  ( -6.529456348908247800, -1.210755636753179800, -3.000000000000000000 ) ) ;
#3752 = B_SPLINE_CURVE_WITH_KNOTS ( 'NONE', 3,
 ( #3743, #3742, #3741, #3740, #3739, #3738, #3737, #3736, #3735, #3734, #3733, #3732, #3731, #3730, #3729, #3728, #3727, #3726, #3725, #3724, #3723, #3722, #3721 ),
 .UNSPECIFIED., .F., .F.,
 ( 4, 1, 1, 1, 1, 1, 1, 1, 1, 1, 1, 1, 1, 1, 1, 1, 1, 1, 1, 1, 4 ),
 ( 0.0000000000000000000, 0.05672433721815077500, 0.1114372357370106600, 0.1643678222229017200, 0.2164353724620897700, 0.2676414903219250800, 0.3173597799690278700, 0.3674730633322808000, 0.4182103970528084400, 0.4714042826470199500, 0.5279657201290493000, 0.5880611158232139600, 0.6521342629937146900, 0.6863448363353056300, 0.7232636803169653100, 0.7626102507715418800, 0.8047389366452182300, 0.8494303387909500900, 0.8967112583864923500, 0.9468896380534767000, 1.000000000000000000 ),
 .UNSPECIFIED. ) ;
#3753 = B_SPLINE_CURVE_WITH_KNOTS ( 'NONE', 3,
 ( #3606, #3605, #3604, #3603, #3601, #3600, #3599, #3598, #3597, #3700, #3699 ),
 .UNSPECIFIED., .F., .F.,
 ( 4, 1, 1, 1, 1, 1, 1, 1, 4 ),
 ( 0.0000000000000000000, 0.1278926194654210500, 0.2515785135038581300, 0.3727928197023038200, 0.4927776986078541400, 0.6135900692425718700, 0.7378086492801461100, 0.8661799015391688000, 1.000000000000000000 ),
 .UNSPECIFIED. ) ;
#3754 = CARTESIAN_POINT ( 'NONE',  ( 2.969309787261178900, -1.046222721002040500, -2.999700000000000300 ) ) ;
#3755 = DIRECTION ( 'NONE',  ( 1.000000000000000000, 0.0000000000000000000, 0.0000000000000000000 ) ) ;
#3756 = VECTOR ( 'NONE', #3755, 1000.000000000000000 ) ;
#3757 = CARTESIAN_POINT ( 'NONE',  ( 2.321364965194309300, -0.6470837715344549500, -2.999700000000000300 ) ) ;
#3758 = CARTESIAN_POINT ( 'NONE',  ( 2.242339774889821900, -1.442274748973357200, -3.000000000000000000 ) ) ;
#3759 = CARTESIAN_POINT ( 'NONE',  ( 2.242339774889821900, -1.442274748973357200, -2.999700000000000300 ) ) ;
#3760 = CARTESIAN_POINT ( 'NONE',  ( 2.242800435725613300, -1.424357983852721400, -3.000000000000000000 ) ) ;
#3761 = CARTESIAN_POINT ( 'NONE',  ( 2.242800435725613300, -1.424357983852721400, -2.999700000000000300 ) ) ;
#3762 = CARTESIAN_POINT ( 'NONE',  ( 2.243700461353501700, -1.389352733732498500, -2.999999999999999600 ) ) ;
#3763 = CARTESIAN_POINT ( 'NONE',  ( 2.243700461353501700, -1.389352733732498500, -2.999699999999999800 ) ) ;
#3764 = CARTESIAN_POINT ( 'NONE',  ( 2.249413386631633000, -1.337932440230385800, -3.000000000000000400 ) ) ;
#3765 = CARTESIAN_POINT ( 'NONE',  ( 2.249413386631633000, -1.337932440230385800, -2.999700000000000700 ) ) ;
#3766 = CARTESIAN_POINT ( 'NONE',  ( 2.260098406275056400, -1.289262119691074300, -2.999999999999999600 ) ) ;
#3767 = CARTESIAN_POINT ( 'NONE',  ( 2.260098406275056400, -1.289262119691074300, -2.999699999999999800 ) ) ;
#3768 = CARTESIAN_POINT ( 'NONE',  ( 2.274175518680719800, -1.242733281997097800, -3.000000000000000400 ) ) ;
#3769 = CARTESIAN_POINT ( 'NONE',  ( 2.274175518680719800, -1.242733281997097800, -2.999700000000000700 ) ) ;
#3770 = CARTESIAN_POINT ( 'NONE',  ( -2.716490916716746400, -1.990512006710736900, -3.000000000000000000 ) ) ;
#3771 = CARTESIAN_POINT ( 'NONE',  ( -2.730082839301196000, -1.990304933302367700, -3.000000000000000400 ) ) ;
#3772 = CARTESIAN_POINT ( 'NONE',  ( -3.156090224897710100, -1.649368112768684100, -3.000000000000000000 ) ) ;
#3773 = CARTESIAN_POINT ( 'NONE',  ( -3.169046449734503200, -1.605182407896498900, -3.000000000000000000 ) ) ;
#3774 = CARTESIAN_POINT ( 'NONE',  ( -0.3859560481625649600, -1.989899240820207000, -3.000000000000000000 ) ) ;
#3775 = CARTESIAN_POINT ( 'NONE',  ( -0.4249810001962511800, -1.985836759959263500, -2.999999999999999600 ) ) ;
#3776 = CARTESIAN_POINT ( 'NONE',  ( -0.4621859225338078000, -1.978938014590319300, -3.000000000000000400 ) ) ;
#3777 = CARTESIAN_POINT ( 'NONE',  ( -0.4977078977766403700, -1.969925753067866200, -3.000000000000000400 ) ) ;
#3778 = CARTESIAN_POINT ( 'NONE',  ( -0.5312668029337294100, -1.957626376814162400, -3.000000000000000000 ) ) ;
#3779 = CARTESIAN_POINT ( 'NONE',  ( 2.064533096704729100, 0.3802437024238781700, -3.000000000000000000 ) ) ;
#3780 = LINE ( 'NONE', #3967, #3959 ) ;
#3781 = LINE ( 'NONE', #3889, #3888 ) ;
#3782 = DIRECTION ( 'NONE',  ( 1.000000000000000000, 0.0000000000000000000, 0.0000000000000000000 ) ) ;
#3783 = VECTOR ( 'NONE', #3782, 1000.000000000000000 ) ;
#3784 = LINE ( 'NONE', #3838, #3783 ) ;
#3785 = CARTESIAN_POINT ( 'NONE',  ( -3.668806198315738100, 1.940991210937499800, -3.000000000000000000 ) ) ;
#3786 = DIRECTION ( 'NONE',  ( 0.0000000000000000000, -1.000000000000000000, 0.0000000000000000000 ) ) ;
#3787 = CARTESIAN_POINT ( 'NONE',  ( -0.5632031415120618600, -1.943240305498515900, -2.999999999999999600 ) ) ;
#3788 = CARTESIAN_POINT ( 'NONE',  ( -0.5933035345360697700, -1.925875944701537200, -2.999999999999999600 ) ) ;
#3789 = CARTESIAN_POINT ( 'NONE',  ( -0.6214362372769987000, -1.905595567035818400, -3.000000000000000400 ) ) ;
#3790 = CARTESIAN_POINT ( 'NONE',  ( -0.6481608764064225000, -1.883081637722681300, -2.999999999999999600 ) ) ;
#3791 = CARTESIAN_POINT ( 'NONE',  ( -0.6729356815055130800, -1.857620900441126800, -3.000000000000000400 ) ) ;
#3792 = CARTESIAN_POINT ( 'NONE',  ( -0.6957356184519384300, -1.829356263489068500, -2.999999999999998700 ) ) ;
#3793 = CARTESIAN_POINT ( 'NONE',  ( 3.664793200370592500, -0.8569944332807489800, -3.000000000000000000 ) ) ;
#3794 = CARTESIAN_POINT ( 'NONE',  ( 3.665007680595483700, -0.8657571455032474500, -2.999999999999999600 ) ) ;
#3795 = CARTESIAN_POINT ( 'NONE',  ( 3.665441387016738600, -0.8834764693263290600, -2.999999999999999100 ) ) ;
#3796 = CARTESIAN_POINT ( 'NONE',  ( 3.669776248790291600, -0.9101056071860365000, -3.000000000000000400 ) ) ;
#3797 = CARTESIAN_POINT ( 'NONE',  ( 3.676168290832341000, -0.9371087868672533000, -2.999999999999999600 ) ) ;
#3798 = CARTESIAN_POINT ( 'NONE',  ( 3.685545705480191000, -0.9642180711921913800, -2.999999999999999600 ) ) ;
#3799 = CARTESIAN_POINT ( 'NONE',  ( 3.697402117699853300, -0.9915124418794201100, -2.999999999999999600 ) ) ;
#3800 = CARTESIAN_POINT ( 'NONE',  ( 3.711637792357006700, -1.019108621848194400, -3.000000000000001300 ) ) ;
#3801 = CARTESIAN_POINT ( 'NONE',  ( 3.728719905281308000, -1.046919289210475700, -3.000000000000000000 ) ) ;
#3802 = CARTESIAN_POINT ( 'NONE',  ( 3.748877891505339100, -1.075430235418355400, -3.000000000000000000 ) ) ;
#3803 = CARTESIAN_POINT ( 'NONE',  ( 3.772769385085695600, -1.105623612391885000, -3.000000000000000900 ) ) ;
#3804 = CARTESIAN_POINT ( 'NONE',  ( 3.801732391856639000, -1.137882360527695800, -2.999999999999999100 ) ) ;
#3805 = CARTESIAN_POINT ( 'NONE',  ( 3.835413330276733000, -1.173374109814398200, -3.000000000000000900 ) ) ;
#3806 = CARTESIAN_POINT ( 'NONE',  ( 3.874102001536491100, -1.211988097719644000, -2.999999999999999600 ) ) ;
#3807 = CARTESIAN_POINT ( 'NONE',  ( 3.917889247313648000, -1.253636839190149100, -3.000000000000000000 ) ) ;
#3808 = CARTESIAN_POINT ( 'NONE',  ( 3.967133201336648300, -1.297916368358926300, -3.000000000000000000 ) ) ;
#3809 = CARTESIAN_POINT ( 'NONE',  ( 4.021049709506632700, -1.345602774520959300, -3.000000000000000900 ) ) ;
#3810 = CARTESIAN_POINT ( 'NONE',  ( 4.059229968111573300, -1.377738478374438000, -2.999999999999999600 ) ) ;
#3811 = B_SPLINE_CURVE_WITH_KNOTS ( 'NONE', 3,
 ( #3813, #3845, #3844, #3843, #3842, #3841, #3840 ),
 .UNSPECIFIED., .F., .F.,
 ( 4, 1, 1, 1, 4 ),
 ( 0.0000000000000000000, 0.2526433275832374300, 0.5044398525799875800, 0.7504068042814573400, 1.000000000000000000 ),
 .UNSPECIFIED. ) ;
#3812 = CARTESIAN_POINT ( 'NONE',  ( 3.467230224609374500, -0.8551422803829875600, -3.000000000000000000 ) ) ;
#3813 = CARTESIAN_POINT ( 'NONE',  ( 4.455045103415463900, -1.970755709134615100, -3.000000000000000000 ) ) ;
#3814 = CARTESIAN_POINT ( 'NONE',  ( -3.210398356119791500, -1.210755636753179800, -3.000000000000000000 ) ) ;
#3815 = CARTESIAN_POINT ( 'NONE',  ( -3.210255253529795500, -1.192233381372616000, -3.000000000000000400 ) ) ;
#3816 = CARTESIAN_POINT ( 'NONE',  ( -3.125496570212010500, -1.729394429335913400, -3.000000000000001300 ) ) ;
#3817 = CARTESIAN_POINT ( 'NONE',  ( -3.141498573692751400, -1.690668079185960700, -2.999999999999999600 ) ) ;
#3818 = B_SPLINE_CURVE_WITH_KNOTS ( 'NONE', 3,
 ( #4001, #4000, #3999, #3998, #3837, #3836, #3835, #3834, #3833, #3983, #3982, #3981, #3980, #3979, #3792, #3791, #3790, #3789, #3788, #3787, #3778, #3777, #3776, #3775, #3774, #3958, #3957 ),
 .UNSPECIFIED., .F., .F.,
 ( 4, 1, 1, 1, 1, 1, 1, 1, 1, 1, 1, 1, 1, 1, 1, 1, 1, 1, 1, 1, 1, 1, 1, 1, 4 ),
 ( 0.0000000000000000000, 0.06287394621143264900, 0.1228366299919131200, 0.1796565674430315200, 0.2339600122308624900, 0.2855950186955591400, 0.3345131060783809200, 0.3809048259061766900, 0.4248945919393349900, 0.4665290347654875700, 0.5064882940692466700, 0.5450315536447545300, 0.5818311798231347000, 0.6174482799494432900, 0.6520669127690463800, 0.6858797142465107300, 0.7191745547913924700, 0.7521816462063930500, 0.7852401639180912600, 0.8186564497770835200, 0.8525477406533114000, 0.8876263422585193300, 0.9236350780687512300, 0.9610218444769894600, 1.000000000000000000 ),
 .UNSPECIFIED. ) ;
#3819 = CARTESIAN_POINT ( 'NONE',  ( 3.467230224609374500, -0.8551422803829875600, -3.000000000000000000 ) ) ;
#3820 = CARTESIAN_POINT ( 'NONE',  ( 3.467508377611074400, -0.8402994355931432400, -3.000000000000000000 ) ) ;
#3821 = CARTESIAN_POINT ( 'NONE',  ( 3.468053735454189400, -0.8111979634868599100, -2.999999999999999600 ) ) ;
#3822 = CARTESIAN_POINT ( 'NONE',  ( 3.474653751423384400, -0.7685460881166392700, -3.000000000000000400 ) ) ;
#3823 = CARTESIAN_POINT ( 'NONE',  ( 3.484366384630977800, -0.7276577124700442900, -2.999999999999999100 ) ) ;
#3824 = CARTESIAN_POINT ( 'NONE',  ( 3.498178072227990500, -0.6884978962182599600, -3.000000000000000900 ) ) ;
#3825 = CARTESIAN_POINT ( 'NONE',  ( 3.516798808871712400, -0.6515990245664882200, -3.000000000000000000 ) ) ;
#3826 = CARTESIAN_POINT ( 'NONE',  ( 3.538668561559653400, -0.6161814483364328500, -3.000000000000000000 ) ) ;
#3827 = CARTESIAN_POINT ( 'NONE',  ( 3.564827046588931600, -0.5827279336432633600, -3.000000000000001800 ) ) ;
#3828 = CARTESIAN_POINT ( 'NONE',  ( 3.594676318044271600, -0.5513813945275285500, -3.000000000000000000 ) ) ;
#3829 = CARTESIAN_POINT ( 'NONE',  ( 3.627778687011443000, -0.5226670298141326000, -3.000000000000000900 ) ) ;
#3830 = CARTESIAN_POINT ( 'NONE',  ( 3.664224561255423800, -0.4978831370583314300, -2.999999999999999600 ) ) ;
#3831 = CARTESIAN_POINT ( 'NONE',  ( 3.703405004941061000, -0.4767322016819027800, -3.000000000000000900 ) ) ;
#3832 = CARTESIAN_POINT ( 'NONE',  ( 3.745500670952238900, -0.4594205450622259000, -3.000000000000000400 ) ) ;
#3833 = CARTESIAN_POINT ( 'NONE',  ( -0.7982907405998874700, -1.605182407896498200, -3.000000000000000400 ) ) ;
#3834 = CARTESIAN_POINT ( 'NONE',  ( -0.8093951380938579900, -1.557877326474284200, -2.999999999999998700 ) ) ;
#3835 = CARTESIAN_POINT ( 'NONE',  ( -0.8183738085365264100, -1.507432135904023300, -3.000000000000000000 ) ) ;
#3836 = CARTESIAN_POINT ( 'NONE',  ( -0.8267062623488700100, -1.454075901777565300, -3.000000000000000400 ) ) ;
#3837 = CARTESIAN_POINT ( 'NONE',  ( -0.8322142646782210200, -1.397581927572216100, -2.999999999999999600 ) ) ;
#3838 = CARTESIAN_POINT ( 'NONE',  ( -1.432331574268826500, 0.4000000000000000200, -3.000000000000000000 ) ) ;
#3839 = CARTESIAN_POINT ( 'NONE',  ( -0.4840292906149804000, 1.940991210937499800, -3.000000000000000000 ) ) ;
#3840 = CARTESIAN_POINT ( 'NONE',  ( 4.434362729390461900, -1.833696394700270000, -3.000000000000000000 ) ) ;
#3841 = CARTESIAN_POINT ( 'NONE',  ( 4.437901121815410300, -1.844746178337690200, -3.000000000000000400 ) ) ;
#3842 = CARTESIAN_POINT ( 'NONE',  ( 4.444926498715968700, -1.866685207535000900, -3.000000000000000400 ) ) ;
#3843 = CARTESIAN_POINT ( 'NONE',  ( 4.451139799395394700, -1.900897572770986900, -3.000000000000000000 ) ) ;
#3844 = CARTESIAN_POINT ( 'NONE',  ( 4.455106917160611200, -1.935569895518950200, -3.000000000000000400 ) ) ;
#3845 = CARTESIAN_POINT ( 'NONE',  ( 4.455065731043540600, -1.959013986073658000, -2.999999999999999600 ) ) ;
#3846 = CARTESIAN_POINT ( 'NONE',  ( 3.941381366436298000, -0.4297644981971151000, -3.000000000000000000 ) ) ;
#3847 = CARTESIAN_POINT ( 'NONE',  ( 4.237725830078124600, -0.8841593424479163900, -3.000000000000000000 ) ) ;
#3848 = CARTESIAN_POINT ( 'NONE',  ( 4.137115557542305300, -0.6632903753585384100, -3.000000000000000900 ) ) ;
#3849 = CARTESIAN_POINT ( 'NONE',  ( 4.114440037412872000, -0.6486372477052828600, -2.999999999999999100 ) ) ;
#3850 = CARTESIAN_POINT ( 'NONE',  ( 4.090388932963201700, -0.6356563127967622700, -3.000000000000000000 ) ) ;
#3851 = CARTESIAN_POINT ( 'NONE',  ( 4.064577085905654000, -0.6253436190454522100, -3.000000000000000400 ) ) ;
#3852 = CARTESIAN_POINT ( 'NONE',  ( 4.037109622192633500, -0.6171573460039792000, -2.999999999999999100 ) ) ;
#3853 = CARTESIAN_POINT ( 'NONE',  ( 4.008019973244327800, -0.6118030417230785300, -3.000000000000000900 ) ) ;
#3854 = CARTESIAN_POINT ( 'NONE',  ( 3.977377571451925500, -0.6082986058842621000, -2.999999999999999600 ) ) ;
#3855 = CARTESIAN_POINT ( 'NONE',  ( 3.956414496424576200, -0.6078171728057539800, -3.000000000000000400 ) ) ;
#3856 = CARTESIAN_POINT ( 'NONE',  ( -2.831923894999315700, -0.4408115654097896100, -2.999999999999999600 ) ) ;
#3857 = CARTESIAN_POINT ( 'NONE',  ( -2.775160327115860200, -0.4314893373407192600, -2.999999999999999600 ) ) ;
#3858 = CARTESIAN_POINT ( 'NONE',  ( -2.736281308548754100, -0.4303463217107127400, -3.000000000000000400 ) ) ;
#3859 = CARTESIAN_POINT ( 'NONE',  ( -2.716490916716746400, -0.4297644981971151000, -3.000000000000000000 ) ) ;
#3860 = CARTESIAN_POINT ( 'NONE',  ( 4.079058065169896000, -1.394427465781187300, -3.000000000000000000 ) ) ;
#3861 = B_SPLINE_CURVE_WITH_KNOTS ( 'NONE', 3,
 ( #3860, #3810, #3809, #3808, #3807, #3806, #3805, #3804, #3803, #3802, #3801, #3800, #3799, #3798, #3797, #3796, #3795, #3794, #3793 ),
 .UNSPECIFIED., .F., .F.,
 ( 4, 1, 1, 1, 1, 1, 1, 1, 1, 1, 1, 1, 1, 1, 1, 1, 4 ),
 ( 0.0000000000000000000, 0.1114096600426611700, 0.2145263672558017600, 0.3094172254458345500, 0.3960871907990312600, 0.4742842164262464100, 0.5443738816396976900, 0.6064195628105364400, 0.6605816023749736500, 0.7097938180647577200, 0.7564506485918287600, 0.8007673253039326900, 0.8431682879413351400, 0.8842948685500490200, 0.9238845020552848300, 0.9623587101392160300, 1.000000000000000000 ),
 .UNSPECIFIED. ) ;
#3862 = CARTESIAN_POINT ( 'NONE',  ( 1.452087871844951700, -1.595386055188300800, -3.000000000000000000 ) ) ;
#3863 = CARTESIAN_POINT ( 'NONE',  ( 3.945703056531074000, -0.6075711763822112500, -3.000000000000000000 ) ) ;
#3864 = CARTESIAN_POINT ( 'NONE',  ( 3.935506270829438600, -0.6078183971690208600, -3.000000000000000000 ) ) ;
#3865 = CARTESIAN_POINT ( 'NONE',  ( 3.915569569747840500, -0.6083017619343501500, -3.000000000000000900 ) ) ;
#3866 = CARTESIAN_POINT ( 'NONE',  ( 3.886355277153577000, -0.6117922769981791700, -2.999999999999999600 ) ) ;
#3867 = CARTESIAN_POINT ( 'NONE',  ( 3.858572597106853000, -0.6172973559354826300, -3.000000000000000900 ) ) ;
#3868 = CARTESIAN_POINT ( 'NONE',  ( 3.832225938185252400, -0.6248828000704550500, -2.999999999999999600 ) ) ;
#3869 = CARTESIAN_POINT ( 'NONE',  ( 3.807507091701691800, -0.6352127195239151100, -3.000000000000000000 ) ) ;
#3870 = CARTESIAN_POINT ( 'NONE',  ( 3.784456224495901000, -0.6480599614779046800, -2.999999999999999100 ) ) ;
#3871 = CARTESIAN_POINT ( 'NONE',  ( 3.762278101024144000, -0.6623299504488523400, -3.000000000000000400 ) ) ;
#3872 = CARTESIAN_POINT ( 'NONE',  ( 4.237725830078124600, -0.8841593424479163900, -3.000000000000000000 ) ) ;
#3873 = CARTESIAN_POINT ( 'NONE',  ( 4.237360148705753300, -0.8736552743412566700, -2.999999999999999600 ) ) ;
#3874 = CARTESIAN_POINT ( 'NONE',  ( 4.236644480752289600, -0.8530979654572460300, -3.000000000000000400 ) ) ;
#3875 = CARTESIAN_POINT ( 'NONE',  ( 4.233085565781745900, -0.8230785185556227500, -3.000000000000000000 ) ) ;
#3876 = CARTESIAN_POINT ( 'NONE',  ( 4.226557922301211100, -0.7948598587348584300, -3.000000000000001300 ) ) ;
#3877 = CARTESIAN_POINT ( 'NONE',  ( 4.217566256649981900, -0.7685234633641938600, -2.999999999999999600 ) ) ;
#3878 = CARTESIAN_POINT ( 'NONE',  ( 4.206383757333403800, -0.7438679959925323900, -3.000000000000001800 ) ) ;
#3879 = CARTESIAN_POINT ( 'NONE',  ( 4.192843019629211000, -0.7208159492283977600, -2.999999999999998200 ) ) ;
#3880 = CARTESIAN_POINT ( 'NONE',  ( 4.176316819759368700, -0.6998741856905074100, -3.000000000000000900 ) ) ;
#3881 = CARTESIAN_POINT ( 'NONE',  ( 4.157701354006547900, -0.6806385731286918000, -2.999999999999999600 ) ) ;
#3882 = DIRECTION ( 'NONE',  ( 0.0000000000000000000, -1.000000000000000000, 0.0000000000000000000 ) ) ;
#3883 = VECTOR ( 'NONE', #3882, 1000.000000000000000 ) ;
#3884 = CARTESIAN_POINT ( 'NONE',  ( -0.7013485639523200400, 1.940991210937499800, -3.000000000000000000 ) ) ;
#3885 = LINE ( 'NONE', #3884, #3883 ) ;
#3886 = CARTESIAN_POINT ( 'NONE',  ( 4.040162854316909200, 1.130983010316506400, -2.999700000000000300 ) ) ;
#3887 = DIRECTION ( 'NONE',  ( -1.000000000000000000, 0.0000000000000000000, 0.0000000000000000000 ) ) ;
#3888 = VECTOR ( 'NONE', #3887, 1000.000000000000000 ) ;
#3889 = CARTESIAN_POINT ( 'NONE',  ( -0.7013485639523200400, 0.5778066781850961200, -3.000000000000000000 ) ) ;
#3890 = CARTESIAN_POINT ( 'NONE',  ( -1.432331574268826500, 0.4000000000000000200, -3.000000000000000000 ) ) ;
#3891 = CARTESIAN_POINT ( 'NONE',  ( -3.209976948394966300, -1.156211400350742900, -2.999999999999999600 ) ) ;
#3892 = CARTESIAN_POINT ( 'NONE',  ( -3.208534276914346300, -1.103712198990019400, -3.000000000000000000 ) ) ;
#3893 = CARTESIAN_POINT ( 'NONE',  ( -3.205692147895775600, -1.054211409837625800, -3.000000000000000000 ) ) ;
#3894 = CARTESIAN_POINT ( 'NONE',  ( -3.202011845311987700, -1.007585314092964500, -3.000000000000000400 ) ) ;
#3895 = CARTESIAN_POINT ( 'NONE',  ( -3.197526277464528600, -0.9638048814568412900, -2.999999999999999600 ) ) ;
#3896 = CARTESIAN_POINT ( 'NONE',  ( -3.191671477723748900, -0.9229192155801666500, -3.000000000000000400 ) ) ;
#3897 = CARTESIAN_POINT ( 'NONE',  ( -3.184619205549066300, -0.8850272298948214100, -3.000000000000000400 ) ) ;
#3898 = CARTESIAN_POINT ( 'NONE',  ( -3.173964947711440200, -0.8390848374233684800, -2.999999999999999600 ) ) ;
#3899 = CARTESIAN_POINT ( 'NONE',  ( -3.159028357073686300, -0.7858636789168730300, -3.000000000000000900 ) ) ;
#3900 = CARTESIAN_POINT ( 'NONE',  ( -3.137979692442745000, -0.7264079711942230700, -3.000000000000000400 ) ) ;
#3901 = CARTESIAN_POINT ( 'NONE',  ( -3.114695023261361900, -0.6718820011497815800, -2.999999999999999600 ) ) ;
#3902 = CARTESIAN_POINT ( 'NONE',  ( -3.088484707472677100, -0.6223468712904010000, -3.000000000000000400 ) ) ;
#3903 = CARTESIAN_POINT ( 'NONE',  ( -3.058499212343431600, -0.5775802496795113800, -3.000000000000000400 ) ) ;
#3904 = CARTESIAN_POINT ( 'NONE',  ( -3.022756583221879500, -0.5388170986952649500, -2.999999999999999100 ) ) ;
#3905 = CARTESIAN_POINT ( 'NONE',  ( -2.981646895596950800, -0.5055980877088364100, -3.000000000000000900 ) ) ;
#3906 = CARTESIAN_POINT ( 'NONE',  ( -2.935613583853282600, -0.4782720097754495900, -3.000000000000000000 ) ) ;
#3907 = CARTESIAN_POINT ( 'NONE',  ( -2.885419899233225400, -0.4567586732904251900, -2.999999999999999600 ) ) ;
#3908 = B_SPLINE_CURVE_WITH_KNOTS ( 'NONE', 3,
 ( #3921, #3920, #3919, #3915, #3914, #3913, #3912, #3911, #3910, #3909, #3871, #3870, #3869, #3868, #3867, #3866, #3865, #3864, #3863 ),
 .UNSPECIFIED., .F., .F.,
 ( 4, 1, 1, 1, 1, 1, 1, 1, 1, 1, 1, 1, 1, 1, 1, 1, 4 ),
 ( 0.0000000000000000000, 0.06176215676807114700, 0.1211739926536292300, 0.1794214068253158200, 0.2368434346502753500, 0.2943217954133983100, 0.3531909627945253900, 0.4127207064163251900, 0.4745221507037177300, 0.5370567441421373300, 0.5995913375805566000, 0.6623669793543063300, 0.7252456446794922600, 0.7903164461250812300, 0.8577243009540926900, 0.9272319523784928700, 1.000000000000000000 ),
 .UNSPECIFIED. ) ;
#3909 = CARTESIAN_POINT ( 'NONE',  ( 3.742429374347605400, -0.6794970005735478900, -3.000000000000000400 ) ) ;
#3910 = CARTESIAN_POINT ( 'NONE',  ( 3.724256781880527400, -0.6977956452642343200, -3.000000000000000000 ) ) ;
#3911 = CARTESIAN_POINT ( 'NONE',  ( 3.708384348848158900, -0.7174750993782969000, -2.999999999999999600 ) ) ;
#3912 = CARTESIAN_POINT ( 'NONE',  ( 3.694663299855875500, -0.7380165085170366000, -3.000000000000000000 ) ) ;
#3913 = CARTESIAN_POINT ( 'NONE',  ( 3.683966639291389900, -0.7599318169713165100, -2.999999999999999100 ) ) ;
#3914 = CARTESIAN_POINT ( 'NONE',  ( 3.674980122286473100, -0.7825285290293697600, -3.000000000000001300 ) ) ;
#3915 = CARTESIAN_POINT ( 'NONE',  ( 3.669421551599952200, -0.8064758209733478000, -2.999999999999999600 ) ) ;
#3916 = CARTESIAN_POINT ( 'NONE',  ( -3.066491327586554400, -1.829356263489069400, -3.000000000000000400 ) ) ;
#3917 = CARTESIAN_POINT ( 'NONE',  ( -3.087799781735813400, -1.798694536690518900, -3.000000000000000000 ) ) ;
#3918 = CARTESIAN_POINT ( 'NONE',  ( -3.107772814859351300, -1.765520701015490700, -2.999999999999999600 ) ) ;
#3919 = CARTESIAN_POINT ( 'NONE',  ( 3.665428555563178500, -0.8313425892310012400, -3.000000000000000900 ) ) ;
#3920 = CARTESIAN_POINT ( 'NONE',  ( 3.665007706399783200, -0.8483339622989392000, -3.000000000000000400 ) ) ;
#3921 = CARTESIAN_POINT ( 'NONE',  ( 3.664793200370592500, -0.8569944332807489800, -3.000000000000000000 ) ) ;
#3922 = B_SPLINE_CURVE_WITH_KNOTS ( 'NONE', 3,
 ( #3859, #3858, #3857, #3856, #3907, #3906, #3905, #3904, #3903, #3902, #3901, #3900, #3899, #3898, #3897, #3896, #3895, #3894, #3893, #3892, #3891, #3815, #3814 ),
 .UNSPECIFIED., .F., .F.,
 ( 4, 1, 1, 1, 1, 1, 1, 1, 1, 1, 1, 1, 1, 1, 1, 1, 1, 1, 1, 1, 4 ),
 ( 0.0000000000000000000, 0.05672433721815074700, 0.1114372357370110200, 0.1643678222229016700, 0.2164353724620900800, 0.2676414903219249700, 0.3173597799690281400, 0.3674730633322807500, 0.4182103970528081600, 0.4714042826470198900, 0.5279657201290493000, 0.5880611158232139600, 0.6521342629937145800, 0.6863448363353055200, 0.7232636803169650900, 0.7626102507715416500, 0.8047389366452181200, 0.8494303387909498700, 0.8967112583864922400, 0.9468896380534767000, 1.000000000000000000 ),
 .UNSPECIFIED. ) ;
#3923 = CARTESIAN_POINT ( 'NONE',  ( -0.4840292906149804000, 1.940991210937499800, -3.000000000000000000 ) ) ;
#3924 = CARTESIAN_POINT ( 'NONE',  ( -0.7013485639523200400, 0.5778066781850961200, -3.000000000000000000 ) ) ;
#3925 = CARTESIAN_POINT ( 'NONE',  ( -3.180150847228474300, -1.557877326474284500, -2.999999999999999100 ) ) ;
#3926 = CARTESIAN_POINT ( 'NONE',  ( -3.189129517671141400, -1.507432135904022800, -2.999999999999999600 ) ) ;
#3927 = CARTESIAN_POINT ( 'NONE',  ( -3.207446138420515500, -1.338101025610244100, -3.000000000000000000 ) ) ;
#3928 = CARTESIAN_POINT ( 'NONE',  ( -3.209799425627775500, -1.275496942451193700, -2.999999999999999100 ) ) ;
#3929 = CARTESIAN_POINT ( 'NONE',  ( -3.197461971483484900, -1.454075901777565100, -2.999999999999999600 ) ) ;
#3930 = CARTESIAN_POINT ( 'NONE',  ( -3.202969973812837000, -1.397581927572216100, -3.000000000000000400 ) ) ;
#3931 = LINE ( 'NONE', #3886, #3953 ) ;
#3932 = LINE ( 'NONE', #3949, #3952 ) ;
#3933 = CARTESIAN_POINT ( 'NONE',  ( 2.063607020255848300, 1.960747508513621500, -3.000000000000000000 ) ) ;
#3934 = CARTESIAN_POINT ( 'NONE',  ( 2.089985308602428900, 1.960137539237194200, -3.000000000000000000 ) ) ;
#3935 = CARTESIAN_POINT ( 'NONE',  ( 2.141608899750485900, 1.958943799744871300, -3.000000000000000400 ) ) ;
#3936 = CARTESIAN_POINT ( 'NONE',  ( 2.217134610897694800, 1.948337809927653600, -2.999999999999999600 ) ) ;
#3937 = CARTESIAN_POINT ( 'NONE',  ( 2.289065953430578800, 1.931896891909056200, -3.000000000000000400 ) ) ;
#3938 = CARTESIAN_POINT ( 'NONE',  ( 2.357325997254361200, 1.908412918843542600, -2.999999999999999600 ) ) ;
#3939 = CARTESIAN_POINT ( 'NONE',  ( 2.421723088909059300, 1.877825710219327000, -2.999999999999999600 ) ) ;
#3940 = CARTESIAN_POINT ( 'NONE',  ( 2.482530823853828400, 1.840780405771061100, -3.000000000000000400 ) ) ;
#3941 = CARTESIAN_POINT ( 'NONE',  ( 2.539187385282200900, 1.796367871268917100, -3.000000000000000900 ) ) ;
#3942 = CARTESIAN_POINT ( 'NONE',  ( 2.592400235918372900, 1.746361823893784100, -3.000000000000000400 ) ) ;
#3943 = CARTESIAN_POINT ( 'NONE',  ( 2.640041273377236000, 1.689798586892521600, -2.999999999999999600 ) ) ;
#3944 = CARTESIAN_POINT ( 'NONE',  ( 2.682154717982839100, 1.628155242766267100, -2.999999999999999600 ) ) ;
#3945 = CARTESIAN_POINT ( 'NONE',  ( 2.717031221462821400, 1.560844986927778100, -3.000000000000000400 ) ) ;
#3946 = CARTESIAN_POINT ( 'NONE',  ( 2.745719845983532800, 1.488629723014265800, -2.999999999999999100 ) ) ;
#3947 = CARTESIAN_POINT ( 'NONE',  ( 2.768353817956350900, 1.411345930606254600, -3.000000000000000400 ) ) ;
#3948 = CARTESIAN_POINT ( 'NONE',  ( 2.784186326541883400, 1.328872505477986900, -3.000000000000000000 ) ) ;
#3949 = CARTESIAN_POINT ( 'NONE',  ( 1.056961920322520500, 1.940991210937500000, -3.000000000000000000 ) ) ;
#3950 = CARTESIAN_POINT ( 'NONE',  ( -5.610737927241522100, -0.7287047351931332800, -2.999700000000000300 ) ) ;
#3951 = CARTESIAN_POINT ( 'NONE',  ( -5.596348823732374600, -0.7702182909233229500, -2.999700000000001100 ) ) ;
#3952 = VECTOR ( 'NONE', #3963, 1000.000000000000000 ) ;
#3953 = VECTOR ( 'NONE', #3966, 1000.000000000000000 ) ;
#3954 = CARTESIAN_POINT ( 'NONE',  ( -3.018916585541037800, -1.883081637722680900, -3.000000000000000000 ) ) ;
#3955 = CARTESIAN_POINT ( 'NONE',  ( -3.043691390640128600, -1.857620900441126600, -3.000000000000000400 ) ) ;
#3956 = B_SPLINE_CURVE_WITH_KNOTS ( 'NONE', 3,
 ( #3989, #3987, #3986, #3985, #3984, #3832, #3831, #3830, #3829, #3828, #3827, #3826, #3825, #3824, #3823, #3822, #3821, #3820, #3819 ),
 .UNSPECIFIED., .F., .F.,
 ( 4, 1, 1, 1, 1, 1, 1, 1, 1, 1, 1, 1, 1, 1, 1, 1, 4 ),
 ( 0.0000000000000000000, 0.07471189030450156600, 0.1455392023749091900, 0.2133390572509728000, 0.2786150735384713100, 0.3420941969414983400, 0.4038900759591957400, 0.4650633525655204500, 0.5265767363834861200, 0.5873283340287679400, 0.6463804557031435100, 0.7043453083753259400, 0.7616719489990784200, 0.8194178590468649300, 0.8780393997816816600, 0.9377955090070546600, 1.000000000000000000 ),
 .UNSPECIFIED. ) ;
#3957 = CARTESIAN_POINT ( 'NONE',  ( -0.3457352075821307200, -1.990512006710736900, -3.000000000000000000 ) ) ;
#3958 = CARTESIAN_POINT ( 'NONE',  ( -0.3593271301665796300, -1.990304933302367200, -3.000000000000000000 ) ) ;
#3959 = VECTOR ( 'NONE', #3964, 1000.000000000000000 ) ;
#3960 = CARTESIAN_POINT ( 'NONE',  ( 2.793936949292594700, 1.241215872893991000, -3.000000000000000000 ) ) ;
#3961 = CARTESIAN_POINT ( 'NONE',  ( 2.794980517775751800, 1.181017469167590500, -3.000000000000000000 ) ) ;
#3962 = CARTESIAN_POINT ( 'NONE',  ( 2.795516107021235500, 1.150121923593374200, -3.000000000000000000 ) ) ;
#3963 = DIRECTION ( 'NONE',  ( -1.000000000000000000, 0.0000000000000000000, 0.0000000000000000000 ) ) ;
#3964 = DIRECTION ( 'NONE',  ( 0.0000000000000000000, -1.000000000000000000, 0.0000000000000000000 ) ) ;
#3965 = B_SPLINE_CURVE_WITH_KNOTS ( 'NONE', 3,
 ( #3962, #3961, #3960, #3948, #3947, #3946, #3945, #3944, #3943, #3942, #3941, #3940, #3939, #3938, #3937, #3936, #3935, #3934, #3933 ),
 .UNSPECIFIED., .F., .F.,
 ( 4, 1, 1, 1, 1, 1, 1, 1, 1, 1, 1, 1, 1, 1, 1, 1, 4 ),
 ( 0.0000000000000000000, 0.07522634669089900400, 0.1465747215268524400, 0.2145002518264755000, 0.2795299716530230100, 0.3424029515883816300, 0.4034960527288086200, 0.4637616065030394400, 0.5238643590795869500, 0.5832517242549668500, 0.6413020392831351200, 0.6988977748564887400, 0.7562952438113088600, 0.8146278048129691500, 0.8743247683399980600, 0.9357832838625449500, 1.000000000000000000 ),
 .UNSPECIFIED. ) ;
#3966 = DIRECTION ( 'NONE',  ( 0.0000000000000000000, -1.000000000000000000, 0.0000000000000000000 ) ) ;
#3967 = CARTESIAN_POINT ( 'NONE',  ( 0.8396426469851807600, 1.091470415164262900, -3.000000000000000000 ) ) ;
#3968 = CARTESIAN_POINT ( 'NONE',  ( -5.583252016664895100, -0.8144652383040647000, -2.999699999999999400 ) ) ;
#3969 = CARTESIAN_POINT ( 'NONE',  ( -2.756711757297181500, -1.989899240820207000, -3.000000000000000000 ) ) ;
#3970 = CARTESIAN_POINT ( 'NONE',  ( -2.795736709330865800, -1.985836759959263000, -2.999999999999999100 ) ) ;
#3971 = CARTESIAN_POINT ( 'NONE',  ( -2.832941631668424600, -1.978938014590319700, -3.000000000000000900 ) ) ;
#3972 = CARTESIAN_POINT ( 'NONE',  ( -2.868463606911256100, -1.969925753067865800, -3.000000000000000000 ) ) ;
#3973 = CARTESIAN_POINT ( 'NONE',  ( 3.945703056531074000, -0.6075711763822112500, -3.000000000000000000 ) ) ;
#3974 = B_SPLINE_CURVE_WITH_KNOTS ( 'NONE', 3,
 ( #3973, #3855, #3854, #3853, #3852, #3851, #3850, #3849, #3848, #3881, #3880, #3879, #3878, #3877, #3876, #3875, #3874, #3873, #3872 ),
 .UNSPECIFIED., .F., .F.,
 ( 4, 1, 1, 1, 1, 1, 1, 1, 1, 1, 1, 1, 1, 1, 1, 1, 4 ),
 ( 0.0000000000000000000, 0.07069648334337688700, 0.1383582132030691500, 0.2033698682591703300, 0.2657002133402303100, 0.3272558681973763400, 0.3865123433292939100, 0.4458582974819502200, 0.5051731438069386700, 0.5637797628070210200, 0.6223430642934402200, 0.6808235796100193800, 0.7397951568104396100, 0.8008011629883834400, 0.8642394615769082300, 0.9306310981734531300, 1.000000000000000000 ),
 .UNSPECIFIED. ) ;
#3975 = CARTESIAN_POINT ( 'NONE',  ( -2.902022512068345200, -1.957626376814162400, -3.000000000000000400 ) ) ;
#3976 = CARTESIAN_POINT ( 'NONE',  ( -2.933958850646676700, -1.943240305498515900, -2.999999999999999100 ) ) ;
#3977 = CARTESIAN_POINT ( 'NONE',  ( -2.964059243670685600, -1.925875944701536800, -3.000000000000000000 ) ) ;
#3978 = CARTESIAN_POINT ( 'NONE',  ( -2.992191946411614900, -1.905595567035819100, -3.000000000000000000 ) ) ;
#3979 = CARTESIAN_POINT ( 'NONE',  ( -0.7170440726011976200, -1.798694536690519200, -3.000000000000001300 ) ) ;
#3980 = CARTESIAN_POINT ( 'NONE',  ( -0.7370171057247363300, -1.765520701015490700, -2.999999999999999600 ) ) ;
#3981 = CARTESIAN_POINT ( 'NONE',  ( -0.7547408610773936900, -1.729394429335912500, -3.000000000000000000 ) ) ;
#3982 = CARTESIAN_POINT ( 'NONE',  ( -0.7707428645581362300, -1.690668079185960700, -2.999999999999999600 ) ) ;
#3983 = CARTESIAN_POINT ( 'NONE',  ( -0.7853345157630942100, -1.649368112768684300, -3.000000000000000000 ) ) ;
#3984 = CARTESIAN_POINT ( 'NONE',  ( 3.790543940554933500, -0.4462186230113816500, -3.000000000000000400 ) ) ;
#3985 = CARTESIAN_POINT ( 'NONE',  ( 3.838268691850355900, -0.4367460102349033400, -2.999999999999999100 ) ) ;
#3986 = CARTESIAN_POINT ( 'NONE',  ( 3.888849882472056300, -0.4306640402847016200, -3.000000000000000000 ) ) ;
#3987 = CARTESIAN_POINT ( 'NONE',  ( 3.923562038415157700, -0.4300696339807993400, -3.000000000000000400 ) ) ;
#3988 = LINE ( 'NONE', #3923, #3994 ) ;
#3989 = CARTESIAN_POINT ( 'NONE',  ( 3.941381366436298000, -0.4297644981971151000, -3.000000000000000000 ) ) ;
#3990 = VECTOR ( 'NONE', #3786, 1000.000000000000000 ) ;
#3991 = CARTESIAN_POINT ( 'NONE',  ( -1.432331574268826500, 0.5778066781850961200, -3.000000000000000000 ) ) ;
#3992 = LINE ( 'NONE', #3991, #3990 ) ;
#3993 = DIRECTION ( 'NONE',  ( -1.000000000000000000, 0.0000000000000000000, 0.0000000000000000000 ) ) ;
#3994 = VECTOR ( 'NONE', #3993, 1000.000000000000000 ) ;
#3995 = CARTESIAN_POINT ( 'NONE',  ( -3.210195582942790200, -1.232674374260394700, -2.999999999999999100 ) ) ;
#3996 = CARTESIAN_POINT ( 'NONE',  ( -3.210398356119791500, -1.210755636753179800, -3.000000000000000000 ) ) ;
#3997 = B_SPLINE_CURVE_WITH_KNOTS ( 'NONE', 3,
 ( #3996, #3995, #3928, #3927, #3930, #3929, #3926, #3925, #3773, #3772, #3817, #3816, #3918, #3917, #3916, #3955, #3954, #3978, #3977, #3976, #3975, #3972, #3971, #3970, #3969, #3771, #3770 ),
 .UNSPECIFIED., .F., .F.,
 ( 4, 1, 1, 1, 1, 1, 1, 1, 1, 1, 1, 1, 1, 1, 1, 1, 1, 1, 1, 1, 1, 1, 1, 1, 4 ),
 ( 0.0000000000000000000, 0.06287394621143263500, 0.1228366299919131000, 0.1796565674430314600, 0.2339600122308624400, 0.2855950186955590300, 0.3345131060783808100, 0.3809048259061765800, 0.4248945919393349900, 0.4665290347654875200, 0.5064882940692465600, 0.5450315536447544200, 0.5818311798231344800, 0.6174482799494429600, 0.6520669127690462700, 0.6858797142465105100, 0.7191745547913921400, 0.7521816462063928300, 0.7852401639180910400, 0.8186564497770831800, 0.8525477406533110700, 0.8876263422585188900, 0.9236350780687507800, 0.9610218444769890200, 1.000000000000000000 ),
 .UNSPECIFIED. ) ;
#3998 = CARTESIAN_POINT ( 'NONE',  ( -0.8366904292858996500, -1.338101025610244400, -3.000000000000000900 ) ) ;
#3999 = CARTESIAN_POINT ( 'NONE',  ( -0.8390437164931614500, -1.275496942451193500, -2.999999999999999100 ) ) ;
#4000 = CARTESIAN_POINT ( 'NONE',  ( -0.8394398738081755300, -1.232674374260395200, -3.000000000000000400 ) ) ;
#4001 = CARTESIAN_POINT ( 'NONE',  ( -0.8396426469851755400, -1.210755636753179800, -3.000000000000000000 ) ) ;
#4002 = CARTESIAN_POINT ( 'NONE',  ( 4.201300156422150600, -1.773192733373397000, -3.000000000000000000 ) ) ;
#4003 = CARTESIAN_POINT ( 'NONE',  ( 6.408556851569754200, -1.594698994888712900, -2.999999999999999100 ) ) ;
#4004 = CARTESIAN_POINT ( 'NONE',  ( 6.387500451336649100, -1.537678153249105300, -3.000000000000000400 ) ) ;
#4005 = CARTESIAN_POINT ( 'NONE',  ( 2.350732246431617200, -1.790658583538449200, -3.000000000000000900 ) ) ;
#4006 = CARTESIAN_POINT ( 'NONE',  ( 2.331800990334529800, -1.765253833395369100, -3.000000000000000400 ) ) ;
#4007 = CARTESIAN_POINT ( 'NONE',  ( 2.308194405358363600, -1.724041945843413300, -3.000000000000000900 ) ) ;
#4008 = CARTESIAN_POINT ( 'NONE',  ( 2.287730220588978000, -1.681484063561621900, -2.999999999999999600 ) ) ;
#4009 = CARTESIAN_POINT ( 'NONE',  ( 2.270858197513077000, -1.637136109459630600, -3.000000000000000400 ) ) ;
#4010 = CARTESIAN_POINT ( 'NONE',  ( 2.258370893819929800, -1.590854836049415900, -3.000000000000000000 ) ) ;
#4011 = CARTESIAN_POINT ( 'NONE',  ( 2.249043128640801000, -1.542903085161743300, -3.000000000000000000 ) ) ;
#4012 = CARTESIAN_POINT ( 'NONE',  ( 2.243380542331499000, -1.493138856914651100, -2.999999999999999600 ) ) ;
#4013 = CARTESIAN_POINT ( 'NONE',  ( 2.242689579134256500, -1.459370288413571500, -3.000000000000000000 ) ) ;
#4014 = CARTESIAN_POINT ( 'NONE',  ( 2.242339774889821900, -1.442274748973357200, -3.000000000000000000 ) ) ;
#4015 = CARTESIAN_POINT ( 'NONE',  ( 5.917011124048476800, -0.6668400691105765800, -3.000000000000000000 ) ) ;
#4016 = CARTESIAN_POINT ( 'NONE',  ( -5.640422957982763400, 0.8374167760213215800, -3.000000000000000000 ) ) ;
#4017 = CARTESIAN_POINT ( 'NONE',  ( 6.835169458997854400, -1.775293956054292400, -3.000000000000000400 ) ) ;
#4018 = CARTESIAN_POINT ( 'NONE',  ( 6.869336252131170700, -1.788814520831695900, -3.000000000000000400 ) ) ;
#4019 = CARTESIAN_POINT ( 'NONE',  ( 6.904874762423642000, -1.799857279979584200, -3.000000000000000000 ) ) ;
#4020 = CARTESIAN_POINT ( 'NONE',  ( 6.942263023014078300, -1.807013492893158500, -3.000000000000001300 ) ) ;
#4021 = CARTESIAN_POINT ( 'NONE',  ( 6.981048080351422800, -1.811869670511783400, -2.999999999999999600 ) ) ;
#4022 = CARTESIAN_POINT ( 'NONE',  ( 7.007502171963819700, -1.812424468456779600, -2.999999999999999600 ) ) ;
#4023 = CARTESIAN_POINT ( 'NONE',  ( 7.020894251114276200, -1.812705328525640700, -2.999999999999999100 ) ) ;
#4024 = CARTESIAN_POINT ( 'NONE',  ( 6.598291424510432700, -1.859896888580842200, -3.000000000000000900 ) ) ;
#4025 = CARTESIAN_POINT ( 'NONE',  ( 6.558883840909087900, -1.824913126319333200, -3.000000000000000000 ) ) ;
#4026 = CARTESIAN_POINT ( 'NONE',  ( 6.588725241636612200, -1.426840141492011800, -3.000000000000000000 ) ) ;
#4027 = VECTOR ( 'NONE', #4154, 1000.000000000000000 ) ;
#4028 = LINE ( 'NONE', #4002, #4027 ) ;
#4029 = B_SPLINE_CURVE_WITH_KNOTS ( 'NONE', 3,
 ( #4085, #4084, #4083, #4082, #4081, #4080, #4079, #4078, #4077, #4076, #4075, #4074, #4073, #4072, #4071, #4070, #4069, #4068, #4067 ),
 .UNSPECIFIED., .F., .F.,
 ( 4, 1, 1, 1, 1, 1, 1, 1, 1, 1, 1, 1, 1, 1, 1, 1, 4 ),
 ( 0.0000000000000000000, 0.07046422592917490900, 0.1379569656042693400, 0.2035785636142837800, 0.2676916802449437200, 0.3301858648593748400, 0.3915337640898194900, 0.4526637734870359000, 0.5131537880892133000, 0.5734535531000284300, 0.6329675593891933600, 0.6923319074206215600, 0.7514741915716303100, 0.8121874455294297900, 0.8729617178483164400, 0.9354203067594908400, 1.000000000000000000 ),
 .UNSPECIFIED. ) ;
#4030 = CARTESIAN_POINT ( 'NONE',  ( 6.134330397385816100, -1.970755709134615100, -3.000000000000000000 ) ) ;
#4031 = B_SPLINE_CURVE_WITH_KNOTS ( 'NONE', 3,
 ( #4151, #4150, #4004, #4003, #4109, #4108, #4156, #4155, #4025, #4024, #4034, #4033, #4032, #4107, #4106, #4105, #4104, #4136, #4135 ),
 .UNSPECIFIED., .F., .F.,
 ( 4, 1, 1, 1, 1, 1, 1, 1, 1, 1, 1, 1, 1, 1, 1, 1, 4 ),
 ( 0.0000000000000000000, 0.07157838709823662000, 0.1400162090753559500, 0.2061974399469813900, 0.2701561038056541400, 0.3320010402688307000, 0.3927550109285565800, 0.4525790344906389700, 0.5122527988479039800, 0.5715322524285599800, 0.6301517528722194700, 0.6887691695485562700, 0.7481639008503601100, 0.8087033721996509400, 0.8702562984804193000, 0.9339000275070017400, 0.9999999999999998900 ),
 .UNSPECIFIED. ) ;
#4032 = CARTESIAN_POINT ( 'NONE',  ( 6.732170993011715500, -1.940065782133898200, -2.999999999999999100 ) ) ;
#4033 = CARTESIAN_POINT ( 'NONE',  ( 6.685298077557472900, -1.917396837216925900, -3.000000000000000900 ) ) ;
#4034 = CARTESIAN_POINT ( 'NONE',  ( 6.640599533673680300, -1.890752473546863300, -3.000000000000000000 ) ) ;
#4035 = CARTESIAN_POINT ( 'NONE',  ( 7.680299067347271500, -0.9143807859908924500, -2.999999999999999600 ) ) ;
#4036 = CARTESIAN_POINT ( 'NONE',  ( 7.692848920435110000, -0.9655417272701516400, -3.000000000000000400 ) ) ;
#4037 = CARTESIAN_POINT ( 'NONE',  ( 7.702766616444276500, -1.018611899922894800, -3.000000000000000000 ) ) ;
#4038 = CARTESIAN_POINT ( 'NONE',  ( 4.652608079176682800, -1.970755709134615100, -3.000000000000000000 ) ) ;
#4039 = VECTOR ( 'NONE', #4205, 999.9999999999998900 ) ;
#4040 = CARTESIAN_POINT ( 'NONE',  ( 2.890901981255945300, -0.6470837715344549500, -3.000000000000000000 ) ) ;
#4041 = LINE ( 'NONE', #4040, #4039 ) ;
#4042 = CARTESIAN_POINT ( 'NONE',  ( -5.080764090709188900, 0.3802437024238782800, -3.000000000000000400 ) ) ;
#4043 = VECTOR ( 'NONE', #4165, 1000.000000000000000 ) ;
#4044 = CARTESIAN_POINT ( 'NONE',  ( 2.694573774093235000, -0.9434282351762817200, -3.000000000000000000 ) ) ;
#4045 = CARTESIAN_POINT ( 'NONE',  ( 2.706528999171153000, -0.9436900738468792000, -3.000000000000000900 ) ) ;
#4046 = CARTESIAN_POINT ( 'NONE',  ( 2.730337473479919700, -0.9442115177528979100, -3.000000000000000900 ) ) ;
#4047 = CARTESIAN_POINT ( 'NONE',  ( 2.765842887621078500, -0.9495227018288722200, -2.999999999999998700 ) ) ;
#4048 = CARTESIAN_POINT ( 'NONE',  ( 2.800886809085083100, -0.9573811239552574300, -3.000000000000000900 ) ) ;
#4049 = CARTESIAN_POINT ( 'NONE',  ( 2.835588556535182400, -0.9686922126636966500, -3.000000000000000900 ) ) ;
#4050 = CARTESIAN_POINT ( 'NONE',  ( 2.869738723563589400, -0.9832122566313238300, -3.000000000000000000 ) ) ;
#4051 = CARTESIAN_POINT ( 'NONE',  ( 2.903608579649835400, -1.000943068547031300, -3.000000000000000400 ) ) ;
#4052 = CARTESIAN_POINT ( 'NONE',  ( 2.937000959736037100, -1.021977723973792200, -2.999999999999999600 ) ) ;
#4053 = CARTESIAN_POINT ( 'NONE',  ( 2.958408791345903400, -1.038042460874521300, -3.000000000000000000 ) ) ;
#4054 = CARTESIAN_POINT ( 'NONE',  ( 2.969309787261178900, -1.046222721002040500, -3.000000000000000000 ) ) ;
#4055 = CARTESIAN_POINT ( 'NONE',  ( 5.917011124048476800, -1.970755709134615100, -3.000000000000000000 ) ) ;
#4056 = CARTESIAN_POINT ( 'NONE',  ( 6.646473882526470900, -1.594714560745946300, -2.999999999999999600 ) ) ;
#4057 = CARTESIAN_POINT ( 'NONE',  ( 6.667389171729435100, -1.629160304204591200, -3.000000000000001300 ) ) ;
#4058 = CARTESIAN_POINT ( 'NONE',  ( 6.689945388614883200, -1.661057063306957700, -2.999999999999999100 ) ) ;
#4059 = CARTESIAN_POINT ( 'NONE',  ( 6.715088505798025400, -1.689892941632469500, -2.999999999999999100 ) ) ;
#4060 = CARTESIAN_POINT ( 'NONE',  ( 6.742523958177854700, -1.715799397727817000, -3.000000000000000400 ) ) ;
#4061 = CARTESIAN_POINT ( 'NONE',  ( 6.771893094307198900, -1.738567716606287000, -3.000000000000000900 ) ) ;
#4062 = CARTESIAN_POINT ( 'NONE',  ( 6.802654321366094200, -1.758620735072630200, -3.000000000000000000 ) ) ;
#4063 = CARTESIAN_POINT ( 'NONE',  ( 7.709908281873072900, -1.073634283164039100, -2.999999999999999600 ) ) ;
#4064 = CARTESIAN_POINT ( 'NONE',  ( 7.713796727641640600, -1.130645069538144900, -3.000000000000000400 ) ) ;
#4065 = CARTESIAN_POINT ( 'NONE',  ( 7.714485559694888500, -1.169282592299231400, -3.000000000000000400 ) ) ;
#4066 = CARTESIAN_POINT ( 'NONE',  ( 7.714834203475553500, -1.188838494129669700, -3.000000000000000000 ) ) ;
#4067 = CARTESIAN_POINT ( 'NONE',  ( -4.237725830078120200, 0.8414297739664713400, -3.000000000000000000 ) ) ;
#4068 = CARTESIAN_POINT ( 'NONE',  ( -4.237467563973869000, 0.8523448205998727100, -3.000000000000000400 ) ) ;
#4069 = CARTESIAN_POINT ( 'NONE',  ( -4.236959514452791200, 0.8738164118127440500, -3.000000000000000000 ) ) ;
#4070 = CARTESIAN_POINT ( 'NONE',  ( -4.233576955706249500, 0.9054238715963804900, -3.000000000000000000 ) ) ;
#4071 = CARTESIAN_POINT ( 'NONE',  ( -4.227642376299424000, 0.9359762763921604100, -3.000000000000000900 ) ) ;
#4072 = CARTESIAN_POINT ( 'NONE',  ( -4.219378198258444200, 0.9654025094935760900, -2.999999999999999600 ) ) ;
#4073 = CARTESIAN_POINT ( 'NONE',  ( -4.208785117227748200, 0.9938157494546748800, -3.000000000000000000 ) ) ;
#4074 = CARTESIAN_POINT ( 'NONE',  ( -4.195861423612651500, 1.021040427244237900, -2.999999999999999100 ) ) ;
#4075 = CARTESIAN_POINT ( 'NONE',  ( -4.180210691688102100, 1.047005860786371500, -3.000000000000001800 ) ) ;
#4076 = CARTESIAN_POINT ( 'NONE',  ( -4.162760399713689300, 1.072024731120207400, -2.999999999999998700 ) ) ;
#4077 = CARTESIAN_POINT ( 'NONE',  ( -4.142894291343039500, 1.095550224548487400, -2.999999999999999600 ) ) ;
#4078 = CARTESIAN_POINT ( 'NONE',  ( -4.120994804941809700, 1.117430949500437500, -2.999999999999999600 ) ) ;
#4079 = CARTESIAN_POINT ( 'NONE',  ( -4.097101066089550200, 1.137653596195164800, -3.000000000000001300 ) ) ;
#4080 = CARTESIAN_POINT ( 'NONE',  ( -4.071047405924902700, 1.155905224444684800, -2.999999999999999100 ) ) ;
#4081 = CARTESIAN_POINT ( 'NONE',  ( -4.042907338180466300, 1.172214287538195800, -2.999999999999999600 ) ) ;
#4082 = CARTESIAN_POINT ( 'NONE',  ( -4.012871001734868800, 1.186731815433411400, -3.000000000000000400 ) ) ;
#4083 = CARTESIAN_POINT ( 'NONE',  ( -3.980873015775499000, 1.199481664534179700, -2.999999999999999600 ) ) ;
#4084 = CARTESIAN_POINT ( 'NONE',  ( -3.958615155803036700, 1.206449329224013700, -3.000000000000000400 ) ) ;
#4085 = CARTESIAN_POINT ( 'NONE',  ( -3.947246517279204600, 1.210008200620993600, -3.000000000000000000 ) ) ;
#4086 = CARTESIAN_POINT ( 'NONE',  ( -5.640422957982763400, 0.8374167760213215800, -3.000000000000000000 ) ) ;
#4087 = CARTESIAN_POINT ( 'NONE',  ( -5.640269443632398300, 0.8475080221538161500, -2.999999999999999600 ) ) ;
#4088 = CARTESIAN_POINT ( 'NONE',  ( -5.639966362226309600, 0.8674310395121211900, -3.000000000000001300 ) ) ;
#4089 = CARTESIAN_POINT ( 'NONE',  ( -5.636825212297397400, 0.8968566720600388300, -2.999999999999999100 ) ) ;
#4090 = CARTESIAN_POINT ( 'NONE',  ( -5.631439921725777800, 0.9253805954844848100, -2.999999999999998700 ) ) ;
#4091 = CARTESIAN_POINT ( 'NONE',  ( -5.624572695371924200, 0.9531368805172350000, -3.000000000000000400 ) ) ;
#4092 = CARTESIAN_POINT ( 'NONE',  ( -5.615025424341801000, 0.9798451701412994600, -2.999999999999999600 ) ) ;
#4093 = CARTESIAN_POINT ( 'NONE',  ( -5.604139914579295800, 1.005802538229660000, -2.999999999999999600 ) ) ;
#4094 = CARTESIAN_POINT ( 'NONE',  ( -5.590620578519437200, 1.030696092808574700, -2.999999999999999600 ) ) ;
#4095 = CARTESIAN_POINT ( 'NONE',  ( -5.575171084469235300, 1.054672228102767800, -3.000000000000000000 ) ) ;
#4096 = CARTESIAN_POINT ( 'NONE',  ( -5.557964782274616800, 1.078066041415694800, -3.000000000000000000 ) ) ;
#4097 = CARTESIAN_POINT ( 'NONE',  ( -5.537975150953733400, 1.099931849431006000, -3.000000000000000900 ) ) ;
#4098 = CARTESIAN_POINT ( 'NONE',  ( -5.516008770226752800, 1.120969485315934000, -3.000000000000000000 ) ) ;
#4099 = CARTESIAN_POINT ( 'NONE',  ( -5.491932970863074600, 1.141060714126543600, -3.000000000000000400 ) ) ;
#4100 = CARTESIAN_POINT ( 'NONE',  ( -5.465478557300821500, 1.159975334581851500, -2.999999999999999600 ) ) ;
#4101 = CARTESIAN_POINT ( 'NONE',  ( -5.436731069442982900, 1.177753133113699000, -3.000000000000000400 ) ) ;
#4102 = CARTESIAN_POINT ( 'NONE',  ( -5.405922767778980300, 1.194872748091205400, -2.999999999999999600 ) ) ;
#4103 = B_SPLINE_CURVE_WITH_KNOTS ( 'NONE', 3,
 ( #4066, #4065, #4064, #4063, #4037, #4036, #4035, #4134, #4133, #4132, #4131, #4130, #4129, #4141, #4140, #4139, #4138, #4137, #4115, #4114, #4113, #4112, #4111, #4110, #4168, #4167, #4166 ),
 .UNSPECIFIED., .F., .F.,
 ( 4, 1, 1, 1, 1, 1, 1, 1, 1, 1, 1, 1, 1, 1, 1, 1, 1, 1, 1, 1, 1, 1, 1, 1, 4 ),
 ( 0.0000000000000000000, 0.04940143261733503200, 0.09760475347711263000, 0.1442547055445423900, 0.1894721438466748800, 0.2339150059350920700, 0.2772371111508620800, 0.3198588355644323400, 0.3619566544332701300, 0.4034857542265476400, 0.4439336363338550800, 0.4836491750513747200, 0.5228932833172717000, 0.5618583840947369800, 0.6007948668981949500, 0.6401043361891357600, 0.6796434268265380000, 0.7193997691904880900, 0.7588541926680973900, 0.7983154646830736800, 0.8378024081343653500, 0.8774685864444089500, 0.9176827969423326800, 0.9583928898538521800, 1.000000000000000000 ),
 .UNSPECIFIED. ) ;
#4104 = CARTESIAN_POINT ( 'NONE',  ( 6.942851549445847100, -1.989260380304923600, -2.999999999999999600 ) ) ;
#4105 = CARTESIAN_POINT ( 'NONE',  ( 6.886802548448323500, -1.982962115914535400, -3.000000000000001300 ) ) ;
#4106 = CARTESIAN_POINT ( 'NONE',  ( 6.833040196371111800, -1.972736693930296200, -2.999999999999999100 ) ) ;
#4107 = CARTESIAN_POINT ( 'NONE',  ( 6.781407725748461100, -1.958707330501968700, -3.000000000000000000 ) ) ;
#4108 = CARTESIAN_POINT ( 'NONE',  ( 6.458973581265339300, -1.698072077047293700, -3.000000000000000000 ) ) ;
#4109 = CARTESIAN_POINT ( 'NONE',  ( 6.432190078512143700, -1.648210622530048100, -3.000000000000000400 ) ) ;
#4110 = CARTESIAN_POINT ( 'NONE',  ( 7.102245059250089200, -0.4154339343902861400, -3.000000000000000400 ) ) ;
#4111 = CARTESIAN_POINT ( 'NONE',  ( 7.149511655273130400, -0.4223489070930980800, -3.000000000000000000 ) ) ;
#4112 = CARTESIAN_POINT ( 'NONE',  ( 7.195664496194067900, -0.4326897781140819900, -3.000000000000000000 ) ) ;
#4113 = CARTESIAN_POINT ( 'NONE',  ( 7.240811423133845200, -0.4456793061934784500, -2.999999999999998700 ) ) ;
#4114 = CARTESIAN_POINT ( 'NONE',  ( 7.285049633329412800, -0.4613018631326289400, -3.000000000000000400 ) ) ;
#4115 = CARTESIAN_POINT ( 'NONE',  ( 7.328028393754809000, -0.4803622243425038600, -2.999999999999999100 ) ) ;
#4116 = DIRECTION ( 'NONE',  ( 0.0000000000000000000, 1.000000000000000000, 0.0000000000000000000 ) ) ;
#4117 = VECTOR ( 'NONE', #4116, 1000.000000000000000 ) ;
#4118 = CARTESIAN_POINT ( 'NONE',  ( 1.056961920322520500, 0.4000000000000000800, -3.000000000000000000 ) ) ;
#4119 = CARTESIAN_POINT ( 'NONE',  ( -5.686613432152557700, -0.5903001802009396600, -2.999699999999999800 ) ) ;
#4120 = CARTESIAN_POINT ( 'NONE',  ( -5.664938438727587800, -0.6207151187953126000, -2.999700000000000700 ) ) ;
#4121 = CARTESIAN_POINT ( 'NONE',  ( 5.508302717942458000, -1.970755709134615100, -3.000000000000000000 ) ) ;
#4122 = LINE ( 'NONE', #4118, #4117 ) ;
#4123 = VECTOR ( 'NONE', #4185, 1000.000000000000000 ) ;
#4124 = CARTESIAN_POINT ( 'NONE',  ( -4.767132866688254600, 1.416831940871018600, -3.000000000000000000 ) ) ;
#4125 = CARTESIAN_POINT ( 'NONE',  ( -4.758643497615464600, 1.425959084708679800, -3.000000000000000000 ) ) ;
#4126 = CARTESIAN_POINT ( 'NONE',  ( -4.741778435937132700, 1.444091155826017700, -3.000000000000000400 ) ) ;
#4127 = CARTESIAN_POINT ( 'NONE',  ( -4.724659315090750800, 1.477416355795226000, -2.999999999999998700 ) ) ;
#4128 = CARTESIAN_POINT ( 'NONE',  ( -5.645430547875675700, -0.6541186355245536300, -2.999699999999999400 ) ) ;
#4129 = CARTESIAN_POINT ( 'NONE',  ( 7.547398806777471800, -0.6509369874847112900, -3.000000000000000000 ) ) ;
#4130 = CARTESIAN_POINT ( 'NONE',  ( 7.576011952038612700, -0.6886183389700887300, -3.000000000000000000 ) ) ;
#4131 = CARTESIAN_POINT ( 'NONE',  ( 7.601887869755954000, -0.7293089687612860400, -3.000000000000000000 ) ) ;
#4132 = CARTESIAN_POINT ( 'NONE',  ( 7.625643799933585300, -0.7723407548176214300, -3.000000000000000000 ) ) ;
#4133 = CARTESIAN_POINT ( 'NONE',  ( 7.646570725253326400, -0.8177748703087003300, -2.999999999999999100 ) ) ;
#4134 = CARTESIAN_POINT ( 'NONE',  ( 7.664807680489778900, -0.8651041506945756900, -3.000000000000000000 ) ) ;
#4135 = CARTESIAN_POINT ( 'NONE',  ( 7.000520569238900300, -1.990512006710736900, -3.000000000000000000 ) ) ;
#4136 = CARTESIAN_POINT ( 'NONE',  ( 6.981056470430304200, -1.990089565335426000, -2.999999999999999600 ) ) ;
#4137 = CARTESIAN_POINT ( 'NONE',  ( 7.369918649212199700, -0.5017613202727958500, -3.000000000000000400 ) ) ;
#4138 = CARTESIAN_POINT ( 'NONE',  ( 7.410098194590391400, -0.5261492085133102600, -2.999999999999999600 ) ) ;
#4139 = CARTESIAN_POINT ( 'NONE',  ( 7.448041836443126200, -0.5533234258911511300, -2.999999999999999600 ) ) ;
#4140 = CARTESIAN_POINT ( 'NONE',  ( 7.483744036430113800, -0.5830316979254632800, -3.000000000000000900 ) ) ;
#4141 = CARTESIAN_POINT ( 'NONE',  ( 7.516896771168196900, -0.6155450017077721500, -2.999999999999999100 ) ) ;
#4142 = B_SPLINE_CURVE_WITH_KNOTS ( 'NONE', 3,
 ( #4014, #4013, #4012, #4011, #4010, #4009, #4008, #4007, #4006, #4005, #4175 ),
 .UNSPECIFIED., .F., .F.,
 ( 4, 1, 1, 1, 1, 1, 1, 1, 4 ),
 ( 0.0000000000000000000, 0.1324616222426381900, 0.2616495010354900100, 0.3875466984163664100, 0.5107816292933472500, 0.6326753605997107500, 0.7546603541381374800, 0.8765227798028648600, 0.9999999999999998900 ),
 .UNSPECIFIED. ) ;
#4143 = CARTESIAN_POINT ( 'NONE',  ( -4.652608079176674000, 0.9334200345552884400, -3.000000000000000000 ) ) ;
#4144 = CARTESIAN_POINT ( 'NONE',  ( 6.410918563451515300, -0.8579205097296296300, -3.000000000000000000 ) ) ;
#4145 = CARTESIAN_POINT ( 'NONE',  ( 6.588725241636612200, -1.426840141492011800, -3.000000000000000000 ) ) ;
#4146 = CARTESIAN_POINT ( 'NONE',  ( 6.592220330211084400, -1.442327461773048600, -2.999999999999999600 ) ) ;
#4147 = CARTESIAN_POINT ( 'NONE',  ( 6.599062018133055900, -1.472644121809750800, -3.000000000000000000 ) ) ;
#4148 = CARTESIAN_POINT ( 'NONE',  ( 6.612624738196784900, -1.516222376594318400, -3.000000000000000000 ) ) ;
#4149 = CARTESIAN_POINT ( 'NONE',  ( 6.628901195567107300, -1.556690811345249300, -3.000000000000000000 ) ) ;
#4150 = CARTESIAN_POINT ( 'NONE',  ( 6.376850422731606300, -1.497834385818579600, -3.000000000000000000 ) ) ;
#4151 = CARTESIAN_POINT ( 'NONE',  ( 6.371405968299271200, -1.477465654030824000, -3.000000000000000000 ) ) ;
#4152 = CARTESIAN_POINT ( 'NONE',  ( 4.201300156422150600, -1.773192733373397000, -3.000000000000000000 ) ) ;
#4153 = CARTESIAN_POINT ( 'NONE',  ( -4.722063812842727700, 1.205686510526216900, -3.000000000000000000 ) ) ;
#4154 = DIRECTION ( 'NONE',  ( -1.000000000000000000, 0.0000000000000000000, 0.0000000000000000000 ) ) ;
#4155 = CARTESIAN_POINT ( 'NONE',  ( 6.522069951816166400, -1.786574669330931200, -3.000000000000000000 ) ) ;
#4156 = CARTESIAN_POINT ( 'NONE',  ( 6.489200502801741900, -1.743996686041720600, -3.000000000000000400 ) ) ;
#4157 = B_SPLINE_CURVE_WITH_KNOTS ( 'NONE', 3,
 ( #4054, #4053, #4052, #4051, #4050, #4049, #4048, #4047, #4046, #4045, #4044 ),
 .UNSPECIFIED., .F., .F.,
 ( 4, 1, 1, 1, 1, 1, 1, 1, 4 ),
 ( 0.0000000000000000000, 0.1367294018595739700, 0.2685149167908302300, 0.3955294046848086800, 0.5199999535658120800, 0.6404964768412692000, 0.7612361017625322000, 0.8801067171759524600, 1.000000000000000000 ),
 .UNSPECIFIED. ) ;
#4158 = CARTESIAN_POINT ( 'NONE',  ( -5.258879461043911800, 1.034979751782539600, -3.000000000000000000 ) ) ;
#4159 = CARTESIAN_POINT ( 'NONE',  ( -5.272813701631316800, 1.028901585056209100, -2.999999999999999100 ) ) ;
#4160 = CARTESIAN_POINT ( 'NONE',  ( -5.299194300728920800, 1.017394271209434800, -3.000000000000000000 ) ) ;
#4161 = CARTESIAN_POINT ( 'NONE',  ( -5.334540471903101100, 0.9963824211542220400, -3.000000000000000000 ) ) ;
#4162 = CARTESIAN_POINT ( 'NONE',  ( -5.363265297866771400, 0.9732061299383657500, -3.000000000000000400 ) ) ;
#4163 = CARTESIAN_POINT ( 'NONE',  ( -5.386001658618810400, 0.9480530807100772100, -3.000000000000000000 ) ) ;
#4164 = CARTESIAN_POINT ( 'NONE',  ( -5.402344987354641000, 0.9205418619033493000, -2.999999999999999600 ) ) ;
#4165 = DIRECTION ( 'NONE',  ( 1.000000000000000000, 0.0000000000000000000, 0.0000000000000000000 ) ) ;
#4166 = CARTESIAN_POINT ( 'NONE',  ( 7.004842259333676300, -0.4100082006209934700, -3.000000000000000000 ) ) ;
#4167 = CARTESIAN_POINT ( 'NONE',  ( 7.021316021168218800, -0.4103168862270192300, -3.000000000000000000 ) ) ;
#4168 = CARTESIAN_POINT ( 'NONE',  ( 7.053908383225917500, -0.4109276024152608800, -2.999999999999999600 ) ) ;
#4169 = B_SPLINE_CURVE_WITH_KNOTS ( 'NONE', 3,
 ( #4173, #4172, #4171, #4170, #4164, #4163, #4162, #4161, #4160, #4159, #4158 ),
 .UNSPECIFIED., .F., .F.,
 ( 4, 1, 1, 1, 1, 1, 1, 1, 4 ),
 ( 0.0000000000000000000, 0.1177675192120367100, 0.2301764485440569400, 0.3398429589695387000, 0.4506252599208611700, 0.5669428888721617100, 0.6960213064547946500, 0.8394383602270610900, 1.000000000000000000 ),
 .UNSPECIFIED. ) ;
#4170 = CARTESIAN_POINT ( 'NONE',  ( -5.414939886260217600, 0.8915297291661846700, -3.000000000000000000 ) ) ;
#4171 = CARTESIAN_POINT ( 'NONE',  ( -5.421566543723248100, 0.8598325424755373100, -3.000000000000000400 ) ) ;
#4172 = CARTESIAN_POINT ( 'NONE',  ( -5.422583413309061100, 0.8380606287553676900, -3.000000000000000400 ) ) ;
#4173 = CARTESIAN_POINT ( 'NONE',  ( -5.423103684645424100, 0.8269212429340069300, -3.000000000000000000 ) ) ;
#4174 = LINE ( 'NONE', #4055, #4043 ) ;
#4175 = CARTESIAN_POINT ( 'NONE',  ( 2.360260176047299200, -1.803444564036833500, -3.000000000000000000 ) ) ;
#4176 = CARTESIAN_POINT ( 'NONE',  ( -5.384175228406237000, 1.204899760318184400, -2.999999999999999600 ) ) ;
#4177 = B_SPLINE_CURVE_WITH_KNOTS ( 'NONE', 3,
 ( #4179, #4176, #4102, #4101, #4100, #4099, #4098, #4097, #4096, #4095, #4094, #4093, #4092, #4091, #4090, #4089, #4088, #4087, #4086 ),
 .UNSPECIFIED., .F., .F.,
 ( 4, 1, 1, 1, 1, 1, 1, 1, 1, 1, 1, 1, 1, 1, 1, 1, 4 ),
 ( 0.0000000000000000000, 0.07493130598184445700, 0.1470775964339479400, 0.2163644561730687400, 0.2825027309006237800, 0.3466877108244156800, 0.4088355551310375900, 0.4692619872876909200, 0.5284320432534629400, 0.5870013379727406800, 0.6444163938320669500, 0.7021887902662974400, 0.7597671795443344800, 0.8184897928274487100, 0.8776328274167839400, 0.9380195662701676900, 1.000000000000000000 ),
 .UNSPECIFIED. ) ;
#4178 = CARTESIAN_POINT ( 'NONE',  ( -5.627062824230096200, -0.6899911682291949300, -2.999700000000000700 ) ) ;
#4179 = CARTESIAN_POINT ( 'NONE',  ( -5.373095556405865600, 1.210008200620993600, -3.000000000000000000 ) ) ;
#4180 = CARTESIAN_POINT ( 'NONE',  ( -4.713528597944949700, 1.513974590830617000, -3.000000000000000900 ) ) ;
#4181 = CARTESIAN_POINT ( 'NONE',  ( -4.712438576060583800, 1.539707167821674000, -3.000000000000000000 ) ) ;
#4182 = CARTESIAN_POINT ( 'NONE',  ( -4.711876971905040200, 1.552965178856482900, -3.000000000000000400 ) ) ;
#4183 = LINE ( 'NONE', #4186, #4123 ) ;
#4184 = B_SPLINE_CURVE_WITH_KNOTS ( 'NONE', 3,
 ( #4182, #4181, #4180, #4127, #4126, #4125, #4124 ),
 .UNSPECIFIED., .F., .F.,
 ( 4, 1, 1, 1, 4 ),
 ( 0.0000000000000000000, 0.2627412305282684800, 0.5099565029432350200, 0.7533267184204526200, 1.000000000000000000 ),
 .UNSPECIFIED. ) ;
#4185 = DIRECTION ( 'NONE',  ( 1.000000000000000000, 0.0000000000000000000, 0.0000000000000000000 ) ) ;
#4186 = CARTESIAN_POINT ( 'NONE',  ( 0.8396426469851807600, 0.4000000000000000800, -3.000000000000000000 ) ) ;
#4187 = DIRECTION ( 'NONE',  ( 0.3007423372023673700, -0.9537054296867861800, 0.0000000000000000000 ) ) ;
#4188 = VECTOR ( 'NONE', #4187, 1000.000000000000200 ) ;
#4189 = CARTESIAN_POINT ( 'NONE',  ( 4.869927352514022100, -0.6668400691105765800, -3.000000000000000000 ) ) ;
#4190 = LINE ( 'NONE', #4189, #4188 ) ;
#4191 = CARTESIAN_POINT ( 'NONE',  ( 6.134330397385816100, -0.4297644981971151000, -3.000000000000000000 ) ) ;
#4192 = DIRECTION ( 'NONE',  ( 0.0000000000000000000, -1.000000000000000000, 0.0000000000000000000 ) ) ;
#4193 = VECTOR ( 'NONE', #4192, 1000.000000000000000 ) ;
#4194 = CARTESIAN_POINT ( 'NONE',  ( 4.652608079176682800, -0.4297644981971151000, -3.000000000000000000 ) ) ;
#4195 = CARTESIAN_POINT ( 'NONE',  ( -5.071194634070754300, 0.5580503806089743800, -3.000000000000000000 ) ) ;
#4196 = LINE ( 'NONE', #4194, #4193 ) ;
#4197 = DIRECTION ( 'NONE',  ( -0.3055884099676581300, 0.9521637063517167700, 0.0000000000000000000 ) ) ;
#4198 = VECTOR ( 'NONE', #4197, 1000.000000000000200 ) ;
#4199 = CARTESIAN_POINT ( 'NONE',  ( 5.317839661622658200, -1.492591569362542200, -3.000000000000000000 ) ) ;
#4200 = LINE ( 'NONE', #4199, #4198 ) ;
#4201 = DIRECTION ( 'NONE',  ( 0.0000000000000000000, -1.000000000000000000, 0.0000000000000000000 ) ) ;
#4202 = VECTOR ( 'NONE', #4201, 1000.000000000000000 ) ;
#4203 = LINE ( 'NONE', #4204, #4202 ) ;
#4204 = CARTESIAN_POINT ( 'NONE',  ( 5.917011124048476800, -0.6668400691105765800, -3.000000000000000000 ) ) ;
#4205 = DIRECTION ( 'NONE',  ( 0.1927583521884095000, -0.9812462574000520000, 0.0000000000000000000 ) ) ;
#4206 = CARTESIAN_POINT ( 'NONE',  ( -1.215012300931487000, -0.4495207957732369500, -3.000000000000000000 ) ) ;
#4207 = B_SPLINE_CURVE_WITH_KNOTS ( 'NONE', 3,
 ( #4023, #4022, #4021, #4020, #4019, #4018, #4017, #4062, #4061, #4060, #4059, #4058, #4057, #4056, #4149, #4148, #4147, #4146, #4145 ),
 .UNSPECIFIED., .F., .F.,
 ( 4, 1, 1, 1, 1, 1, 1, 1, 1, 1, 1, 1, 1, 1, 1, 1, 4 ),
 ( 0.0000000000000000000, 0.06333588056568657800, 0.1251107589802127300, 0.1846884118917144800, 0.2432104439678642300, 0.3008880404131170100, 0.3583701155312996000, 0.4157614077031944200, 0.4743866229897778500, 0.5339662649724069600, 0.5940075641988071800, 0.6550724073076796800, 0.7186100426051383900, 0.7843747830517762100, 0.8529914722129193800, 0.9249004292977557300, 1.000000000000000000 ),
 .UNSPECIFIED. ) ;
#4208 = CARTESIAN_POINT ( 'NONE',  ( -5.532480155904446300, 1.737528299629186800, -3.000000000000000400 ) ) ;
#4209 = CARTESIAN_POINT ( 'NONE',  ( -5.508374628695784200, 1.771858316801033300, -3.000000000000000400 ) ) ;
#4210 = CARTESIAN_POINT ( 'NONE',  ( -5.487861719132974200, 1.795770231262150600, -3.000000000000000400 ) ) ;
#4211 = CARTESIAN_POINT ( 'NONE',  ( -5.596382636992743200, 1.571103412923097400, -3.000000000000000400 ) ) ;
#4212 = CARTESIAN_POINT ( 'NONE',  ( -5.580943668524677800, 1.633229113004136300, -2.999999999999999600 ) ) ;
#4213 = CARTESIAN_POINT ( 'NONE',  ( -5.558471024654249200, 1.692092716124194500, -3.000000000000000400 ) ) ;
#4214 = CARTESIAN_POINT ( 'NONE',  ( 3.501556058869652600, -1.036898082832761000, -3.000000000000000400 ) ) ;
#4215 = CARTESIAN_POINT ( 'NONE',  ( 3.486499824087661000, -0.9917023686833703600, -2.999999999999999100 ) ) ;
#4216 = CARTESIAN_POINT ( 'NONE',  ( 3.475142911630143300, -0.9465607933082121900, -3.000000000000000400 ) ) ;
#4217 = CARTESIAN_POINT ( 'NONE',  ( 3.468505367300407800, -0.9009239567350446600, -3.000000000000000400 ) ) ;
#4218 = CARTESIAN_POINT ( 'NONE',  ( 3.467654959733619700, -0.8703916215981054600, -3.000000000000000400 ) ) ;
#4219 = CARTESIAN_POINT ( 'NONE',  ( 3.467230224609374500, -0.8551422803829875600, -3.000000000000000000 ) ) ;
#4220 = CARTESIAN_POINT ( 'NONE',  ( 4.079058065169896000, -1.394427465781187300, -3.000000000000000000 ) ) ;
#4221 = CARTESIAN_POINT ( 'NONE',  ( 4.091964906930598100, -1.404661600865948300, -2.999999999999999600 ) ) ;
#4222 = CARTESIAN_POINT ( 'NONE',  ( -4.448320633285300500, 0.8153103457225681100, -3.000000000000000900 ) ) ;
#4223 = CARTESIAN_POINT ( 'NONE',  ( -4.457829817580465800, 0.7780642252617971900, -3.000000000000000000 ) ) ;
#4224 = CARTESIAN_POINT ( 'NONE',  ( -4.469056046516064000, 0.7416721880572000300, -2.999999999999999100 ) ) ;
#4225 = CARTESIAN_POINT ( 'NONE',  ( -4.482986014798402900, 0.7063777700740796500, -3.000000000000000400 ) ) ;
#4226 = CARTESIAN_POINT ( 'NONE',  ( -4.499519827190509200, 0.6723593485327723500, -3.000000000000000400 ) ) ;
#4227 = CARTESIAN_POINT ( 'NONE',  ( -4.517905338097714100, 0.6393701463522369900, -3.000000000000000400 ) ) ;
#4228 = CARTESIAN_POINT ( 'NONE',  ( -4.538485801535176600, 0.6079641817128255100, -3.000000000000000900 ) ) ;
#4229 = CARTESIAN_POINT ( 'NONE',  ( -4.561189693851456900, 0.5785523485285991600, -2.999999999999998200 ) ) ;
#4230 = CARTESIAN_POINT ( 'NONE',  ( -4.585498237673163200, 0.5508654585039233200, -3.000000000000001300 ) ) ;
#4231 = CARTESIAN_POINT ( 'NONE',  ( -4.612237861391784900, 0.5257131760638961100, -3.000000000000000400 ) ) ;
#4232 = CARTESIAN_POINT ( 'NONE',  ( -4.640300287178727800, 0.5020683026564064500, -2.999999999999999600 ) ) ;
#4233 = CARTESIAN_POINT ( 'NONE',  ( -4.670396557199605800, 0.4806139176012055900, -3.000000000000000400 ) ) ;
#4234 = CARTESIAN_POINT ( 'NONE',  ( -4.702590027852652500, 0.4616871438388161500, -3.000000000000000000 ) ) ;
#4235 = CARTESIAN_POINT ( 'NONE',  ( -4.736354475460403900, 0.4441419974224242700, -2.999999999999999100 ) ) ;
#4236 = CARTESIAN_POINT ( 'NONE',  ( -4.772297018921150900, 0.4290414845578952000, -3.000000000000000900 ) ) ;
#4237 = CARTESIAN_POINT ( 'NONE',  ( -4.553824464282432600, 1.747883064636482500, -2.999999999999999100 ) ) ;
#4238 = CARTESIAN_POINT ( 'NONE',  ( -4.530330007061262000, 1.705284599067264500, -3.000000000000000000 ) ) ;
#4239 = CARTESIAN_POINT ( 'NONE',  ( -4.509690122202457900, 1.651628372194223800, -3.000000000000000900 ) ) ;
#4240 = CARTESIAN_POINT ( 'NONE',  ( -4.496749910732553700, 1.595868086138224200, -2.999999999999999600 ) ) ;
#4241 = CARTESIAN_POINT ( 'NONE',  ( -4.495291126967513800, 1.557869684168046200, -2.999999999999999600 ) ) ;
#4242 = CARTESIAN_POINT ( 'NONE',  ( 0.8396426469851807600, 1.091470415164262900, -3.000000000000000000 ) ) ;
#4243 = LINE ( 'NONE', #4352, #4351 ) ;
#4244 = CARTESIAN_POINT ( 'NONE',  ( -5.600910362830520100, 1.506352664262820400, -3.000000000000000000 ) ) ;
#4245 = CARTESIAN_POINT ( 'NONE',  ( 0.8396426469851807600, 0.4000000000000000800, -3.000000000000000000 ) ) ;
#4246 = DIRECTION ( 'NONE',  ( 1.000000000000000000, 0.0000000000000000000, 0.0000000000000000000 ) ) ;
#4247 = VECTOR ( 'NONE', #4246, 1000.000000000000000 ) ;
#4248 = CARTESIAN_POINT ( 'NONE',  ( -2.521397478152540100, 0.8741511418269231100, -3.000000000000000000 ) ) ;
#4249 = CARTESIAN_POINT ( 'NONE',  ( -5.760663533400026500, -0.5143308075168542300, -2.999700000000000300 ) ) ;
#4250 = LINE ( 'NONE', #4248, #4247 ) ;
#4251 = CARTESIAN_POINT ( 'NONE',  ( 1.056961920322520500, 0.4000000000000000800, -3.000000000000000000 ) ) ;
#4252 = DIRECTION ( 'NONE',  ( -1.000000000000000000, 0.0000000000000000000, 0.0000000000000000000 ) ) ;
#4253 = VECTOR ( 'NONE', #4252, 1000.000000000000000 ) ;
#4254 = LINE ( 'NONE', #4264, #4253 ) ;
#4255 = DIRECTION ( 'NONE',  ( 1.000000000000000000, 0.0000000000000000000, 0.0000000000000000000 ) ) ;
#4256 = VECTOR ( 'NONE', #4255, 1000.000000000000000 ) ;
#4257 = CARTESIAN_POINT ( 'NONE',  ( 2.321364965194309300, -0.6470837715344549500, -3.000000000000000000 ) ) ;
#4258 = LINE ( 'NONE', #4257, #4256 ) ;
#4259 = CARTESIAN_POINT ( 'NONE',  ( -4.435288805839334700, 0.9334200345552884400, -3.000000000000000000 ) ) ;
#4260 = CARTESIAN_POINT ( 'NONE',  ( -4.435821602158146200, 0.9199262886197395700, -3.000000000000000900 ) ) ;
#4261 = CARTESIAN_POINT ( 'NONE',  ( -4.436877809088172400, 0.8931765017576396300, -3.000000000000000000 ) ) ;
#4262 = CARTESIAN_POINT ( 'NONE',  ( -4.441726233747468600, 0.8537213034004999000, -2.999999999999999100 ) ) ;
#4263 = B_SPLINE_CURVE_WITH_KNOTS ( 'NONE', 3,
 ( #4440, #4439, #4438, #4437, #4436, #4435, #4434, #4433, #4236, #4235, #4234, #4233, #4232, #4231, #4230, #4229, #4228, #4227, #4226, #4225, #4224, #4223, #4222, #4262, #4261, #4260, #4259 ),
 .UNSPECIFIED., .F., .F.,
 ( 4, 1, 1, 1, 1, 1, 1, 1, 1, 1, 1, 1, 1, 1, 1, 1, 1, 1, 1, 1, 1, 1, 1, 1, 4 ),
 ( 0.0000000000000000000, 0.05249258492129629800, 0.1028254751380324600, 0.1513973394924576800, 0.1980330772483322700, 0.2428758954632244400, 0.2859991683849088500, 0.3278486614843786300, 0.3683945968796917300, 0.4078519911389195100, 0.4468375528599373100, 0.4851660451611079000, 0.5233414044713737800, 0.5616022144094737800, 0.5999198855663564500, 0.6384964264110083400, 0.6777905770472508800, 0.7172899891758325300, 0.7566052415928193900, 0.7960678905323557200, 0.8358862309537684600, 0.8757136832726163400, 0.9162634539474128200, 0.9577596754778293600, 1.000000000000000000 ),
 .UNSPECIFIED. ) ;
#4264 = CARTESIAN_POINT ( 'NONE',  ( -2.070398247547634800, 1.940991210937499800, -3.000000000000000000 ) ) ;
#4265 = LINE ( 'NONE', #4416, #4415 ) ;
#4266 = CARTESIAN_POINT ( 'NONE',  ( -4.711876971905040200, 1.552965178856482900, -3.000000000000000400 ) ) ;
#4267 = DIRECTION ( 'NONE',  ( 1.000000000000000000, 0.0000000000000000000, 0.0000000000000000000 ) ) ;
#4268 = VECTOR ( 'NONE', #4267, 1000.000000000000000 ) ;
#4269 = CARTESIAN_POINT ( 'NONE',  ( 4.652608079176682800, -1.970755709134615100, -3.000000000000000000 ) ) ;
#4270 = LINE ( 'NONE', #4269, #4268 ) ;
#4271 = CARTESIAN_POINT ( 'NONE',  ( -5.029521193871122600, 1.960747508513621500, -3.000000000000000000 ) ) ;
#4272 = CARTESIAN_POINT ( 'NONE',  ( -5.004488153124972500, 1.960068504411140600, -2.999999999999999600 ) ) ;
#4273 = CARTESIAN_POINT ( 'NONE',  ( -4.955469506281156500, 1.958738907154357100, -3.000000000000000000 ) ) ;
#4274 = CARTESIAN_POINT ( 'NONE',  ( -4.883554956085110800, 1.949079962863463200, -3.000000000000000400 ) ) ;
#4275 = CARTESIAN_POINT ( 'NONE',  ( -5.332485507055643800, 0.6369477721742306000, -3.000000000000000000 ) ) ;
#4276 = CARTESIAN_POINT ( 'NONE',  ( -5.298998372069186200, 0.6131477508321235800, -3.000000000000000000 ) ) ;
#4277 = CARTESIAN_POINT ( 'NONE',  ( -5.260435959649952600, 0.5934705619869035100, -2.999999999999999100 ) ) ;
#4278 = CARTESIAN_POINT ( 'NONE',  ( -5.217957368393126000, 0.5772661897010784600, -3.000000000000002700 ) ) ;
#4279 = DIRECTION ( 'NONE',  ( -1.000000000000000000, 0.0000000000000000000, 0.0000000000000000000 ) ) ;
#4280 = VECTOR ( 'NONE', #4279, 1000.000000000000000 ) ;
#4281 = CARTESIAN_POINT ( 'NONE',  ( 1.392818979116586400, -0.4495207957732369500, -3.000000000000000000 ) ) ;
#4282 = LINE ( 'NONE', #4281, #4280 ) ;
#4283 = CARTESIAN_POINT ( 'NONE',  ( 4.117177291112219500, -1.424653086800888600, -2.999999999999999600 ) ) ;
#4284 = CARTESIAN_POINT ( 'NONE',  ( 4.153292770206355100, -1.454813362996227700, -3.000000000000001300 ) ) ;
#4285 = CARTESIAN_POINT ( 'NONE',  ( 4.186703569805468200, -1.484622208788450600, -2.999999999999999100 ) ) ;
#4286 = CARTESIAN_POINT ( 'NONE',  ( 4.217804218967084600, -1.513524103702901700, -3.000000000000000000 ) ) ;
#4287 = CARTESIAN_POINT ( 'NONE',  ( 4.246637154376423400, -1.541615434466277400, -3.000000000000000400 ) ) ;
#4288 = CARTESIAN_POINT ( 'NONE',  ( 4.272924876315833000, -1.569078137248557600, -3.000000000000000400 ) ) ;
#4289 = CARTESIAN_POINT ( 'NONE',  ( 4.296646332509070000, -1.595907195553204500, -3.000000000000000000 ) ) ;
#4290 = CARTESIAN_POINT ( 'NONE',  ( 4.324932282623991300, -1.630198603745097700, -2.999999999999999600 ) ) ;
#4291 = CARTESIAN_POINT ( 'NONE',  ( 4.355819422220119600, -1.673120266912676800, -3.000000000000000000 ) ) ;
#4292 = CARTESIAN_POINT ( 'NONE',  ( 4.387542764951708000, -1.725840438718630400, -2.999999999999999600 ) ) ;
#4293 = CARTESIAN_POINT ( 'NONE',  ( 4.414512976900326200, -1.778881391713276000, -3.000000000000000000 ) ) ;
#4294 = CARTESIAN_POINT ( 'NONE',  ( 4.427824957407563200, -1.815642366522891800, -3.000000000000000000 ) ) ;
#4295 = CARTESIAN_POINT ( 'NONE',  ( -5.093778375895499100, 1.086403568807058400, -3.000000000000000000 ) ) ;
#4296 = CARTESIAN_POINT ( 'NONE',  ( -5.131919012782150300, 1.075779479120658700, -3.000000000000000000 ) ) ;
#4297 = CARTESIAN_POINT ( 'NONE',  ( -5.165751228268378600, 1.066392983720164900, -3.000000000000000000 ) ) ;
#4298 = CARTESIAN_POINT ( 'NONE',  ( -5.195218695117049800, 1.057519886962769100, -3.000000000000000400 ) ) ;
#4299 = CARTESIAN_POINT ( 'NONE',  ( -5.220163661025338800, 1.048903868485043800, -2.999999999999998700 ) ) ;
#4300 = CARTESIAN_POINT ( 'NONE',  ( -5.241185408751963600, 1.042240806927646500, -3.000000000000000400 ) ) ;
#4301 = CARTESIAN_POINT ( 'NONE',  ( -5.253450474838436100, 1.037207628561107600, -3.000000000000000900 ) ) ;
#4302 = CARTESIAN_POINT ( 'NONE',  ( -5.258879461043911800, 1.034979751782539600, -3.000000000000000000 ) ) ;
#4303 = LINE ( 'NONE', #4396, #4325 ) ;
#4304 = B_SPLINE_CURVE_WITH_KNOTS ( 'NONE', 3,
 ( #4332, #4320, #4319, #4318, #4317, #4316, #4315, #4314, #4313, #4386, #4385, #4384, #4383, #4382, #4381 ),
 .UNSPECIFIED., .F., .F.,
 ( 4, 1, 1, 1, 1, 1, 1, 1, 1, 1, 1, 1, 4 ),
 ( 0.0000000000000000000, 0.09379647069693199100, 0.1801880710186106700, 0.2603631916661887600, 0.3348466760639740000, 0.4070930058327160700, 0.4814483792884678400, 0.5592709137563648400, 0.6422698113109345200, 0.7285859445716476000, 0.8159775452756132800, 0.9060351298875351000, 1.000000000000000000 ),
 .UNSPECIFIED. ) ;
#4305 = CARTESIAN_POINT ( 'NONE',  ( -5.038164574060676400, 1.782940830328525500, -3.000000000000000000 ) ) ;
#4306 = CARTESIAN_POINT ( 'NONE',  ( -5.423103684645424100, 0.8269212429340069300, -3.000000000000000000 ) ) ;
#4307 = CARTESIAN_POINT ( 'NONE',  ( -5.422617003357997200, 0.8156678668963588400, -3.000000000000000000 ) ) ;
#4308 = CARTESIAN_POINT ( 'NONE',  ( -5.421637667767930300, 0.7930230026971683000, -2.999999999999999600 ) ) ;
#4309 = CARTESIAN_POINT ( 'NONE',  ( -5.413952144093642900, 0.7593679357148310800, -3.000000000000000900 ) ) ;
#4310 = CARTESIAN_POINT ( 'NONE',  ( -5.401050032131836400, 0.7264241027895357300, -2.999999999999999100 ) ) ;
#4311 = CARTESIAN_POINT ( 'NONE',  ( -5.383462719444410500, 0.6943743572983756000, -3.000000000000000900 ) ) ;
#4312 = CARTESIAN_POINT ( 'NONE',  ( -5.361075041604886200, 0.6637876584196963400, -2.999999999999999600 ) ) ;
#4313 = CARTESIAN_POINT ( 'NONE',  ( -4.808899410474643000, 0.6310714169038154100, -3.000000000000000900 ) ) ;
#4314 = CARTESIAN_POINT ( 'NONE',  ( -4.769267010400099600, 0.6605944919513686600, -2.999999999999999100 ) ) ;
#4315 = CARTESIAN_POINT ( 'NONE',  ( -4.736632859571166400, 0.6946881865380705200, -3.000000000000000900 ) ) ;
#4316 = CARTESIAN_POINT ( 'NONE',  ( -4.709546710167957800, 0.7324867140517336000, -2.999999999999999100 ) ) ;
#4317 = CARTESIAN_POINT ( 'NONE',  ( -4.688956110439168200, 0.7755278300020198600, -3.000000000000000000 ) ) ;
#4318 = CARTESIAN_POINT ( 'NONE',  ( -4.672430383864107900, 0.8232954740024940300, -3.000000000000001300 ) ) ;
#4319 = CARTESIAN_POINT ( 'NONE',  ( -4.659590525194748700, 0.8764236070188470300, -2.999999999999999100 ) ) ;
#4320 = CARTESIAN_POINT ( 'NONE',  ( -4.654998465105845400, 0.9139077521769563000, -3.000000000000000000 ) ) ;
#4321 = DIRECTION ( 'NONE',  ( 0.9950371902099890400, 0.09950371902099933200, 0.0000000000000000000 ) ) ;
#4322 = VECTOR ( 'NONE', #4321, 1000.000000000000100 ) ;
#4323 = CARTESIAN_POINT ( 'NONE',  ( 4.237725830078124600, -0.8841593424479163900, -3.000000000000000000 ) ) ;
#4324 = LINE ( 'NONE', #4323, #4322 ) ;
#4325 = VECTOR ( 'NONE', #4398, 1000.000000000000000 ) ;
#4326 = CARTESIAN_POINT ( 'NONE',  ( -4.639998608746675600, 1.844728384418823800, -3.000000000000001300 ) ) ;
#4327 = CARTESIAN_POINT ( 'NONE',  ( -4.617037215065063400, 1.824739281519850200, -2.999999999999998700 ) ) ;
#4328 = CARTESIAN_POINT ( 'NONE',  ( -4.595731212543632300, 1.803294881056512600, -3.000000000000001300 ) ) ;
#4329 = CARTESIAN_POINT ( 'NONE',  ( -4.576736751995776200, 1.780095833663202700, -3.000000000000000400 ) ) ;
#4330 = CARTESIAN_POINT ( 'NONE',  ( -5.260108781289510200, 1.931259504555328700, -2.999999999999999600 ) ) ;
#4331 = CARTESIAN_POINT ( 'NONE',  ( -5.187799688266583300, 1.948726018673666300, -2.999999999999999100 ) ) ;
#4332 = CARTESIAN_POINT ( 'NONE',  ( -4.652608079176674000, 0.9334200345552884400, -3.000000000000000000 ) ) ;
#4333 = B_SPLINE_CURVE_WITH_KNOTS ( 'NONE', 3,
 ( #4408, #4301, #4300, #4299, #4298, #4297, #4296, #4295, #4394, #4393, #4392, #4391, #4390, #4389, #4388, #4387, #4447, #4446, #4445 ),
 .UNSPECIFIED., .F., .F.,
 ( 4, 1, 1, 1, 1, 1, 1, 1, 1, 1, 1, 1, 1, 1, 1, 1, 4 ),
 ( 0.0000000000000000000, 0.03120011115393647400, 0.07048671901620111300, 0.1172148300204127900, 0.1715755269954925800, 0.2341219784876096600, 0.3039626396728074000, 0.3821556401561970700, 0.4676462220680263100, 0.5543353814021605400, 0.6350744656665057200, 0.7100366878785247000, 0.7790924037748316900, 0.8429656453505103300, 0.9010012068505275400, 0.9532462564590260500, 1.000000000000000000 ),
 .UNSPECIFIED. ) ;
#4334 = CARTESIAN_POINT ( 'NONE',  ( 5.917011124048476800, -1.970755709134615100, -3.000000000000000000 ) ) ;
#4335 = CARTESIAN_POINT ( 'NONE',  ( -5.734177574017158100, -0.5369124696642708600, -2.999699999999999800 ) ) ;
#4336 = CARTESIAN_POINT ( 'NONE',  ( -4.711876971905040200, 1.552965178856482900, -3.000000000000000400 ) ) ;
#4337 = CARTESIAN_POINT ( 'NONE',  ( -4.712090269905702100, 1.560804122042299900, -3.000000000000000400 ) ) ;
#4338 = CARTESIAN_POINT ( 'NONE',  ( -4.712508143874978300, 1.576161463854203000, -2.999999999999999600 ) ) ;
#4339 = CARTESIAN_POINT ( 'NONE',  ( -4.716523213816735400, 1.598668997882547900, -3.000000000000000000 ) ) ;
#4340 = CARTESIAN_POINT ( 'NONE',  ( -4.722194029452357000, 1.620532181656194400, -2.999999999999999600 ) ) ;
#4341 = CARTESIAN_POINT ( 'NONE',  ( -4.730984494160060700, 1.641346603075164700, -3.000000000000000000 ) ) ;
#4342 = CARTESIAN_POINT ( 'NONE',  ( -4.741781597192587400, 1.661503505090236000, -2.999999999999999600 ) ) ;
#4343 = CARTESIAN_POINT ( 'NONE',  ( -4.755677088215517900, 1.680239515210590900, -3.000000000000000000 ) ) ;
#4344 = CARTESIAN_POINT ( 'NONE',  ( -4.771388455684111700, 1.698578756028816800, -2.999999999999999600 ) ) ;
#4345 = CARTESIAN_POINT ( 'NONE',  ( -4.789618232835810100, 1.715982407466065500, -2.999999999999999600 ) ) ;
#4346 = CARTESIAN_POINT ( 'NONE',  ( -4.810751103057012500, 1.731711752551127000, -3.000000000000000000 ) ) ;
#4347 = CARTESIAN_POINT ( 'NONE',  ( -4.834617527393620100, 1.745833100600818500, -2.999999999999999600 ) ) ;
#4348 = CARTESIAN_POINT ( 'NONE',  ( -4.861773873374493100, 1.756976303195603600, -3.000000000000000000 ) ) ;
#4349 = CARTESIAN_POINT ( 'NONE',  ( -4.891460141849187900, 1.766626014778637200, -3.000000000000000000 ) ) ;
#4350 = DIRECTION ( 'NONE',  ( 0.0000000000000000000, 1.000000000000000000, 0.0000000000000000000 ) ) ;
#4351 = VECTOR ( 'NONE', #4350, 1000.000000000000000 ) ;
#4352 = CARTESIAN_POINT ( 'NONE',  ( 4.869927352514022100, -1.970755709134615100, -3.000000000000000000 ) ) ;
#4353 = CARTESIAN_POINT ( 'NONE',  ( -5.819022550716241000, -0.4772092084622730500, -2.999700000000000300 ) ) ;
#4354 = CARTESIAN_POINT ( 'NONE',  ( -5.788995159776840500, -0.4944038066623328600, -2.999700000000000700 ) ) ;
#4355 = DIRECTION ( 'NONE',  ( 0.3468370040950322100, 0.9379254195245924100, 0.0000000000000000000 ) ) ;
#4356 = VECTOR ( 'NONE', #4355, 1000.000000000000100 ) ;
#4357 = CARTESIAN_POINT ( 'NONE',  ( -0.3457352075821307200, -1.990512006710736900, -3.000000000000000000 ) ) ;
#4358 = CARTESIAN_POINT ( 'NONE',  ( 3.894768851842635500, -1.487343802818884800, -3.000000000000000000 ) ) ;
#4359 = CARTESIAN_POINT ( 'NONE',  ( 3.879007354942686400, -1.473885913141368000, -3.000000000000000400 ) ) ;
#4360 = CARTESIAN_POINT ( 'NONE',  ( 3.848493764119105300, -1.447832008390100400, -2.999999999999999600 ) ) ;
#4361 = CARTESIAN_POINT ( 'NONE',  ( 3.804538397764359600, -1.409694222342021700, -2.999999999999999600 ) ) ;
#4362 = CARTESIAN_POINT ( 'NONE',  ( 3.764631438310878800, -1.373219952706672000, -3.000000000000000400 ) ) ;
#4363 = CARTESIAN_POINT ( 'NONE',  ( 3.727899303518848100, -1.339369063542827000, -2.999999999999999100 ) ) ;
#4364 = CARTESIAN_POINT ( 'NONE',  ( 3.695397393070475100, -1.307127870367903900, -3.000000000000000000 ) ) ;
#4365 = CARTESIAN_POINT ( 'NONE',  ( 3.665800122761335700, -1.277640680535052000, -3.000000000000000900 ) ) ;
#4366 = CARTESIAN_POINT ( 'NONE',  ( 3.640217797026723500, -1.249886284486153100, -2.999999999999999600 ) ) ;
#4367 = CARTESIAN_POINT ( 'NONE',  ( 3.611357048869587400, -1.216165232440120600, -3.000000000000000400 ) ) ;
#4368 = CARTESIAN_POINT ( 'NONE',  ( 3.580351914294120300, -1.175937418926217700, -3.000000000000000000 ) ) ;
#4369 = CARTESIAN_POINT ( 'NONE',  ( 3.548112648625935800, -1.128616764595701500, -3.000000000000000000 ) ) ;
#4370 = CARTESIAN_POINT ( 'NONE',  ( 3.522126009251304700, -1.082327315654188400, -3.000000000000000900 ) ) ;
#4371 = DIRECTION ( 'NONE',  ( 1.000000000000000000, 0.0000000000000000000, 0.0000000000000000000 ) ) ;
#4372 = VECTOR ( 'NONE', #4371, 1000.000000000000000 ) ;
#4373 = CARTESIAN_POINT ( 'NONE',  ( 1.056961920322515800, -1.595386055188300800, -3.000000000000000000 ) ) ;
#4374 = LINE ( 'NONE', #4373, #4372 ) ;
#4375 = CARTESIAN_POINT ( 'NONE',  ( -5.110275233749285400, 1.958897153017305600, -3.000000000000000900 ) ) ;
#4376 = CARTESIAN_POINT ( 'NONE',  ( -5.056921519734581600, 1.960119671892211800, -3.000000000000000400 ) ) ;
#4377 = CARTESIAN_POINT ( 'NONE',  ( -5.600910362830520100, 1.506352664262820400, -3.000000000000000000 ) ) ;
#4378 = CARTESIAN_POINT ( 'NONE',  ( -5.599385871627656100, 1.528154325902258500, -3.000000000000000400 ) ) ;
#4379 = CARTESIAN_POINT ( 'NONE',  ( -5.029521193871122600, 1.960747508513621500, -3.000000000000000000 ) ) ;
#4380 = CARTESIAN_POINT ( 'NONE',  ( -1.254524896083730500, -1.259528996394230400, -3.000000000000000000 ) ) ;
#4381 = CARTESIAN_POINT ( 'NONE',  ( -5.071194634070754300, 0.5580503806089743800, -3.000000000000000000 ) ) ;
#4382 = CARTESIAN_POINT ( 'NONE',  ( -5.051508326886826200, 0.5586469711964484600, -2.999999999999999100 ) ) ;
#4383 = CARTESIAN_POINT ( 'NONE',  ( -5.012954316562452400, 0.5598153446985996200, -2.999999999999999100 ) ) ;
#4384 = CARTESIAN_POINT ( 'NONE',  ( -4.956649592111863200, 0.5688763130454639300, -3.000000000000000000 ) ) ;
#4385 = CARTESIAN_POINT ( 'NONE',  ( -4.903458713779083500, 0.5841688809685496900, -3.000000000000000900 ) ) ;
#4386 = CARTESIAN_POINT ( 'NONE',  ( -4.853635355684603200, 0.6047978144104712000, -2.999999999999999100 ) ) ;
#4387 = CARTESIAN_POINT ( 'NONE',  ( -4.773969198490289200, 1.182329510174890100, -3.000000000000000000 ) ) ;
#4388 = CARTESIAN_POINT ( 'NONE',  ( -4.804536208825896700, 1.170596270822532800, -3.000000000000000000 ) ) ;
#4389 = CARTESIAN_POINT ( 'NONE',  ( -4.838378263808892600, 1.158583504920665200, -2.999999999999999600 ) ) ;
#4390 = CARTESIAN_POINT ( 'NONE',  ( -4.875591414955157400, 1.146620096185753100, -3.000000000000000000 ) ) ;
#4391 = CARTESIAN_POINT ( 'NONE',  ( -4.915983811539441600, 1.134195252847606500, -3.000000000000000000 ) ) ;
#4392 = CARTESIAN_POINT ( 'NONE',  ( -4.959886321819849900, 1.121955572558690500, -3.000000000000000000 ) ) ;
#4393 = CARTESIAN_POINT ( 'NONE',  ( -5.005839099156622400, 1.109727343771931300, -3.000000000000000400 ) ) ;
#4394 = CARTESIAN_POINT ( 'NONE',  ( -5.051350629973746300, 1.097701706668324100, -2.999999999999999600 ) ) ;
#4395 = CARTESIAN_POINT ( 'NONE',  ( -4.494557698567700000, 1.538765339973645200, -3.000000000000000000 ) ) ;
#4396 = CARTESIAN_POINT ( 'NONE',  ( -4.435288805839334700, 0.9334200345552884400, -3.000000000000000000 ) ) ;
#4397 = B_SPLINE_CURVE_WITH_KNOTS ( 'NONE', 3,
 ( #4413, #4376, #4375, #4331, #4330, #4432, #4431, #4430, #4407, #4406, #4405, #4210, #4209, #4208, #4213, #4212, #4211, #4378, #4377 ),
 .UNSPECIFIED., .F., .F.,
 ( 4, 1, 1, 1, 1, 1, 1, 1, 1, 1, 1, 1, 1, 1, 1, 1, 4 ),
 ( 0.0000000000000000000, 0.1004750608070145000, 0.1956443031597841500, 0.2860833790699323100, 0.3729828804699543700, 0.4150256681909614800, 0.4560516735090280900, 0.4959387495188998200, 0.5355660888033513300, 0.5740871099085037600, 0.6125192874870978300, 0.6510809601344455000, 0.6895131377130385700, 0.7662374603277351000, 0.8423504388672225000, 0.9199744947371040200, 1.000000000000000000 ),
 .UNSPECIFIED. ) ;
#4398 = DIRECTION ( 'NONE',  ( -1.000000000000000000, 0.0000000000000000000, 0.0000000000000000000 ) ) ;
#4399 = B_SPLINE_CURVE_WITH_KNOTS ( 'NONE', 3,
 ( #4395, #4241, #4240, #4239, #4238, #4237, #4329, #4328, #4327, #4326, #4404, #4403, #4402, #4401, #4400, #4274, #4273, #4272, #4271 ),
 .UNSPECIFIED., .F., .F.,
 ( 4, 1, 1, 1, 1, 1, 1, 1, 1, 1, 1, 1, 1, 1, 1, 1, 4 ),
 ( 0.0000000000000000000, 0.07499546738983181600, 0.1491654404266559700, 0.2236642943382243800, 0.3004120221906723700, 0.3395704846106344400, 0.3789205746932793300, 0.4180957375990927400, 0.4582296767501549700, 0.4984267212184584400, 0.5397075464534804000, 0.5822159516458426100, 0.6258238199943742000, 0.7154812648736977900, 0.8073840844133601800, 0.9016341255073711000, 1.000000000000000000 ),
 .UNSPECIFIED. ) ;
#4400 = CARTESIAN_POINT ( 'NONE',  ( -4.815225460760268000, 1.932677712390602500, -3.000000000000000000 ) ) ;
#4401 = CARTESIAN_POINT ( 'NONE',  ( -4.760947236593324300, 1.913854260737913900, -2.999999999999999600 ) ) ;
#4402 = CARTESIAN_POINT ( 'NONE',  ( -4.720373245114013000, 1.895004296873126700, -3.000000000000000400 ) ) ;
#4403 = CARTESIAN_POINT ( 'NONE',  ( -4.691498015731513100, 1.880194158063721600, -3.000000000000000000 ) ) ;
#4404 = CARTESIAN_POINT ( 'NONE',  ( -4.665025851767436100, 1.862963529419520800, -2.999999999999999100 ) ) ;
#4405 = CARTESIAN_POINT ( 'NONE',  ( -5.466026972182059600, 1.818505229020335800, -2.999999999999999600 ) ) ;
#4406 = CARTESIAN_POINT ( 'NONE',  ( -5.441922262230934700, 1.839287633093487500, -3.000000000000000000 ) ) ;
#4407 = CARTESIAN_POINT ( 'NONE',  ( -5.416167134452148700, 1.858611788190094800, -3.000000000000001300 ) ) ;
#4408 = CARTESIAN_POINT ( 'NONE',  ( -5.258879461043911800, 1.034979751782539600, -3.000000000000000000 ) ) ;
#4409 = CARTESIAN_POINT ( 'NONE',  ( -5.171719297499727500, 0.5665536639963449900, -2.999999999999998700 ) ) ;
#4410 = CARTESIAN_POINT ( 'NONE',  ( -5.122582285687862200, 0.5590015113083199900, -3.000000000000000000 ) ) ;
#4411 = CARTESIAN_POINT ( 'NONE',  ( -5.088615320497041200, 0.5583728189602571400, -2.999999999999999100 ) ) ;
#4412 = CARTESIAN_POINT ( 'NONE',  ( -5.071194634070754300, 0.5580503806089743800, -3.000000000000000000 ) ) ;
#4413 = CARTESIAN_POINT ( 'NONE',  ( -5.029521193871122600, 1.960747508513621500, -3.000000000000000000 ) ) ;
#4414 = B_SPLINE_CURVE_WITH_KNOTS ( 'NONE', 3,
 ( #4417, #4294, #4293, #4292, #4291, #4290, #4289, #4288, #4287, #4286, #4285, #4284, #4283, #4221, #4220 ),
 .UNSPECIFIED., .F., .F.,
 ( 4, 1, 1, 1, 1, 1, 1, 1, 1, 1, 1, 1, 4 ),
 ( 0.0000000000000000000, 0.1003881431397112600, 0.2044067930373085500, 0.3106860830942073700, 0.4221572938828002100, 0.4806854607703735500, 0.5432381544526692100, 0.6094995045645644800, 0.6795546087742246900, 0.7538412220511749900, 0.8316406764893865500, 0.9138127068095909200, 0.9999999999999998900 ),
 .UNSPECIFIED. ) ;
#4415 = VECTOR ( 'NONE', #4442, 1000.000000000000000 ) ;
#4416 = CARTESIAN_POINT ( 'NONE',  ( 4.976734836284930600, -0.4297644981971151000, -3.000000000000000000 ) ) ;
#4417 = CARTESIAN_POINT ( 'NONE',  ( 4.434362729390461900, -1.833696394700270000, -3.000000000000000000 ) ) ;
#4418 = B_SPLINE_CURVE_WITH_KNOTS ( 'NONE', 3,
 ( #4219, #4218, #4217, #4216, #4215, #4214, #4370, #4369, #4368, #4367, #4366, #4365, #4364, #4363, #4362, #4361, #4360, #4359, #4358 ),
 .UNSPECIFIED., .F., .F.,
 ( 4, 1, 1, 1, 1, 1, 1, 1, 1, 1, 1, 1, 1, 1, 1, 1, 4 ),
 ( 0.0000000000000000000, 0.05794487546232555300, 0.1160176254256825600, 0.1748257843638403600, 0.2346830900793709400, 0.2968270303289141700, 0.3640613359637880400, 0.4361924240497389000, 0.5142601195414408000, 0.5569758971654883400, 0.6048559283836541000, 0.6576752010734877600, 0.7157505846619322000, 0.7788397991664555200, 0.8475011894738629900, 0.9212282309463238900, 1.000000000000000000 ),
 .UNSPECIFIED. ) ;
#4419 = CARTESIAN_POINT ( 'NONE',  ( 1.254524896083733600, -1.595386055188300800, -3.000000000000000000 ) ) ;
#4420 = CARTESIAN_POINT ( 'NONE',  ( 4.976734836284930600, -0.4297644981971151000, -3.000000000000000000 ) ) ;
#4421 = CARTESIAN_POINT ( 'NONE',  ( -4.924116919594641900, 1.773997815261274300, -3.000000000000002200 ) ) ;
#4422 = CARTESIAN_POINT ( 'NONE',  ( -4.959637227270913100, 1.778995357987335400, -2.999999999999998200 ) ) ;
#4423 = CARTESIAN_POINT ( 'NONE',  ( -4.997960054979002600, 1.782637787669933500, -3.000000000000000000 ) ) ;
#4424 = CARTESIAN_POINT ( 'NONE',  ( -5.024469789610425800, 1.782837605517398700, -2.999999999999999600 ) ) ;
#4425 = CARTESIAN_POINT ( 'NONE',  ( -5.038164574060676400, 1.782940830328525500, -3.000000000000000000 ) ) ;
#4426 = CARTESIAN_POINT ( 'NONE',  ( -5.709147269009396700, -0.5620202520535659800, -2.999700000000000300 ) ) ;
#4427 = B_SPLINE_CURVE_WITH_KNOTS ( 'NONE', 3,
 ( #4425, #4424, #4423, #4422, #4421, #4349, #4348, #4347, #4346, #4345, #4344, #4343, #4342, #4341, #4340, #4339, #4338, #4337, #4336 ),
 .UNSPECIFIED., .F., .F.,
 ( 4, 1, 1, 1, 1, 1, 1, 1, 1, 1, 1, 1, 1, 1, 1, 1, 4 ),
 ( 0.0000000000000000000, 0.09151103632803746200, 0.1771428603141485300, 0.2571084852282354800, 0.3311983993883854700, 0.4005922945239573400, 0.4656249598049637700, 0.5269734913138592900, 0.5854431157040231900, 0.6413985080863307000, 0.6950441672657244900, 0.7467815514927483900, 0.7969589345766993100, 0.8475448623598801400, 0.8974385414187386900, 0.9476489188871285400, 1.000000000000000000 ),
 .UNSPECIFIED. ) ;
#4428 = CARTESIAN_POINT ( 'NONE',  ( -2.696734619140621200, 0.4000000000000000200, -3.000000000000000000 ) ) ;
#4429 = LINE ( 'NONE', #4428, #4356 ) ;
#4430 = CARTESIAN_POINT ( 'NONE',  ( -5.388522358563000700, 1.876468869054909600, -2.999999999999999600 ) ) ;
#4431 = CARTESIAN_POINT ( 'NONE',  ( -5.358739075822526000, 1.891913736987713700, -3.000000000000000000 ) ) ;
#4432 = CARTESIAN_POINT ( 'NONE',  ( -5.316816053000718700, 1.911707494413182900, -3.000000000000000900 ) ) ;
#4433 = CARTESIAN_POINT ( 'NONE',  ( -4.810323833172307500, 0.4162007231412732700, -3.000000000000000000 ) ) ;
#4434 = CARTESIAN_POINT ( 'NONE',  ( -4.850302051292017900, 0.4050513850605883500, -3.000000000000000900 ) ) ;
#4435 = CARTESIAN_POINT ( 'NONE',  ( -4.892326432959863200, 0.3957665120142475100, -2.999999999999999600 ) ) ;
#4436 = CARTESIAN_POINT ( 'NONE',  ( -4.936547826640268300, 0.3886893341659207200, -3.000000000000000400 ) ) ;
#4437 = CARTESIAN_POINT ( 'NONE',  ( -4.982827558407311000, 0.3839379914634848400, -3.000000000000000000 ) ) ;
#4438 = CARTESIAN_POINT ( 'NONE',  ( -5.031120211154281200, 0.3806533863622094700, -3.000000000000000400 ) ) ;
#4439 = CARTESIAN_POINT ( 'NONE',  ( -5.063986031786980900, 0.3803821626191416500, -3.000000000000000400 ) ) ;
#4440 = CARTESIAN_POINT ( 'NONE',  ( -5.080764090709188900, 0.3802437024238782800, -3.000000000000000400 ) ) ;
#4441 = CARTESIAN_POINT ( 'NONE',  ( 1.056961920322520500, 1.940991210937500000, -3.000000000000000000 ) ) ;
#4442 = DIRECTION ( 'NONE',  ( -1.000000000000000000, 0.0000000000000000000, 0.0000000000000000000 ) ) ;
#4443 = CARTESIAN_POINT ( 'NONE',  ( 4.869927352514022100, -0.6668400691105765800, -3.000000000000000000 ) ) ;
#4444 = B_SPLINE_CURVE_WITH_KNOTS ( 'NONE', 3,
 ( #4412, #4411, #4410, #4409, #4278, #4277, #4276, #4275, #4312, #4311, #4310, #4309, #4308, #4307, #4306 ),
 .UNSPECIFIED., .F., .F.,
 ( 4, 1, 1, 1, 1, 1, 1, 1, 1, 1, 1, 1, 4 ),
 ( 0.0000000000000000000, 0.1055838864195047100, 0.2058681332620123400, 0.3009467177422127100, 0.3930019285950105400, 0.4809485116065863000, 0.5628738662802270600, 0.6414613436333617100, 0.7177416181792274400, 0.7917717603087841600, 0.8627163930302562700, 0.9317768462002764500, 1.000000000000000000 ),
 .UNSPECIFIED. ) ;
#4445 = CARTESIAN_POINT ( 'NONE',  ( -4.722063812842727700, 1.205686510526216900, -3.000000000000000000 ) ) ;
#4446 = CARTESIAN_POINT ( 'NONE',  ( -4.729946953553757700, 1.201791874579013900, -2.999999999999999600 ) ) ;
#4447 = CARTESIAN_POINT ( 'NONE',  ( -4.746639123153729900, 1.193545171121102700, -2.999999999999999600 ) ) ;
#4448 = CARTESIAN_POINT ( 'NONE',  ( -5.149029307672107900, 1.773596226594049700, -2.999999999999999600 ) ) ;
#4449 = CARTESIAN_POINT ( 'NONE',  ( -5.181259974220802500, 1.765955842385766400, -3.000000000000000900 ) ) ;
#4450 = CARTESIAN_POINT ( 'NONE',  ( -5.211038610650317300, 1.756101870694514200, -2.999999999999999100 ) ) ;
#4451 = CARTESIAN_POINT ( 'NONE',  ( -5.238371112549103300, 1.744070638346387300, -3.000000000000000000 ) ) ;
#4452 = CARTESIAN_POINT ( 'NONE',  ( -5.263233400033336700, 1.729828634159696900, -3.000000000000000000 ) ) ;
#4453 = CARTESIAN_POINT ( 'NONE',  ( -5.285667441437112800, 1.713421375538742400, -2.999999999999999600 ) ) ;
#4454 = CARTESIAN_POINT ( 'NONE',  ( -5.305557963680612900, 1.694578070547914800, -3.000000000000000400 ) ) ;
#4455 = CARTESIAN_POINT ( 'NONE',  ( -5.323510231700621100, 1.674009939813925000, -3.000000000000000000 ) ) ;
#4456 = CARTESIAN_POINT ( 'NONE',  ( -5.600910362830520100, 1.506352664262820400, -3.000000000000000000 ) ) ;
#4457 = VECTOR ( 'NONE', #4475, 1000.000000000000000 ) ;
#4458 = CARTESIAN_POINT ( 'NONE',  ( -2.521397478152540100, 0.8741511418269231100, -3.000000000000000000 ) ) ;
#4459 = B_SPLINE_CURVE_WITH_KNOTS ( 'NONE', 3,
 ( #4578, #4577, #4604, #4603, #4602, #4601, #4515, #4514, #4513, #4481, #4480, #4479, #4569, #4568, #4567, #4613, #4612, #4611, #4610 ),
 .UNSPECIFIED., .F., .F.,
 ( 4, 1, 1, 1, 1, 1, 1, 1, 1, 1, 1, 1, 1, 1, 1, 1, 4 ),
 ( 0.0000000000000000000, 0.03274321823113854300, 0.07240960549385869200, 0.1196114857927605100, 0.1746729151985139700, 0.2373450901947021000, 0.3083524168429170900, 0.3876300477623604300, 0.4747836155862525400, 0.5633323159904147800, 0.6451362168299879000, 0.7202025267224662100, 0.7891341563324463200, 0.8514970735699654000, 0.9073306044315616600, 0.9569686823424199400, 1.000000000000000000 ),
 .UNSPECIFIED. ) ;
#4460 = CARTESIAN_POINT ( 'NONE',  ( -5.995533406001048800, -0.4303881460524569500, -2.999700000000000700 ) ) ;
#4461 = DIRECTION ( 'NONE',  ( -1.000000000000000000, 0.0000000000000000000, 0.0000000000000000000 ) ) ;
#4462 = VECTOR ( 'NONE', #4461, 1000.000000000000000 ) ;
#4463 = CARTESIAN_POINT ( 'NONE',  ( -5.919691827135642900, -0.4412821096811830900, -2.999700000000000700 ) ) ;
#4464 = CARTESIAN_POINT ( 'NONE',  ( -5.884420420837596300, -0.4505989207529959000, -2.999700000000000300 ) ) ;
#4465 = CARTESIAN_POINT ( 'NONE',  ( -6.022059722491031900, -0.4299747292779465500, -2.999699999999999800 ) ) ;
#4466 = DIRECTION ( 'NONE',  ( 0.0000000000000000000, 1.000000000000000000, 0.0000000000000000000 ) ) ;
#4467 = VECTOR ( 'NONE', #4466, 1000.000000000000000 ) ;
#4468 = LINE ( 'NONE', #4664, #4467 ) ;
#4469 = CARTESIAN_POINT ( 'NONE',  ( -5.850630168986374000, -0.4620276180495688200, -2.999699999999999800 ) ) ;
#4470 = CARTESIAN_POINT ( 'NONE',  ( -4.494557698567700000, 1.538765339973645200, -3.000000000000000000 ) ) ;
#4471 = CARTESIAN_POINT ( 'NONE',  ( -4.495110312336706200, 1.521512736441789700, -3.000000000000000400 ) ) ;
#4472 = CARTESIAN_POINT ( 'NONE',  ( -4.496197274618603900, 1.487577770728850900, -3.000000000000000000 ) ) ;
#4473 = VECTOR ( 'NONE', #4482, 1000.000000000000100 ) ;
#4474 = DIRECTION ( 'NONE',  ( 1.000000000000000000, 0.0000000000000000000, 0.0000000000000000000 ) ) ;
#4475 = DIRECTION ( 'NONE',  ( 1.000000000000000000, 0.0000000000000000000, 0.0000000000000000000 ) ) ;
#4476 = CARTESIAN_POINT ( 'NONE',  ( -2.696734619140621200, 0.4000000000000000200, -3.000000000000000000 ) ) ;
#4477 = LINE ( 'NONE', #4607, #4473 ) ;
#4478 = CARTESIAN_POINT ( 'NONE',  ( 1.254524896083733600, -0.4495207957732369500, -3.000000000000000000 ) ) ;
#4479 = CARTESIAN_POINT ( 'NONE',  ( -5.154705015404960700, 1.280824531743927500, -3.000000000000000900 ) ) ;
#4480 = CARTESIAN_POINT ( 'NONE',  ( -5.103774422987194200, 1.294121349621966100, -2.999999999999999600 ) ) ;
#4481 = CARTESIAN_POINT ( 'NONE',  ( -5.050182238691007800, 1.307469039449046900, -2.999999999999999600 ) ) ;
#4482 = DIRECTION ( 'NONE',  ( 0.3468370040950313800, -0.9379254195245926300, 0.0000000000000000000 ) ) ;
#4483 = CARTESIAN_POINT ( 'NONE',  ( -4.178456937349755800, 1.541543569320287500, -3.000000000000000400 ) ) ;
#4484 = CARTESIAN_POINT ( 'NONE',  ( -4.177772942956553800, 1.559305464858688800, -2.999999999999999100 ) ) ;
#4485 = CARTESIAN_POINT ( 'NONE',  ( -4.176402634253704200, 1.594889499285558700, -3.000000000000000400 ) ) ;
#4486 = CARTESIAN_POINT ( 'NONE',  ( -4.164325351738813900, 1.647440840417235400, -3.000000000000000400 ) ) ;
#4487 = CARTESIAN_POINT ( 'NONE',  ( -4.145435535697712800, 1.698906632199380000, -2.999999999999999600 ) ) ;
#4488 = CARTESIAN_POINT ( 'NONE',  ( -4.118792195850567800, 1.748166338934114400, -3.000000000000001300 ) ) ;
#4489 = CARTESIAN_POINT ( 'NONE',  ( -4.086453812855341800, 1.794281516436198500, -3.000000000000000000 ) ) ;
#4490 = CARTESIAN_POINT ( 'NONE',  ( -4.047153493873058700, 1.834502100817246000, -3.000000000000000000 ) ) ;
#4491 = CARTESIAN_POINT ( 'NONE',  ( -4.001982730672866100, 1.868001352204855500, -3.000000000000000000 ) ) ;
#4492 = CARTESIAN_POINT ( 'NONE',  ( -3.959810221959156900, 1.890451559192346500, -3.000000000000000400 ) ) ;
#4493 = CARTESIAN_POINT ( 'NONE',  ( -3.923214542243450300, 1.905037073591968200, -3.000000000000000900 ) ) ;
#4494 = CARTESIAN_POINT ( 'NONE',  ( -3.893275694002254400, 1.914611868778289800, -2.999999999999999100 ) ) ;
#4495 = CARTESIAN_POINT ( 'NONE',  ( -3.861239106393103500, 1.922912747293496800, -3.000000000000000000 ) ) ;
#4496 = CARTESIAN_POINT ( 'NONE',  ( -3.826938061723855500, 1.929764861663454800, -3.000000000000001300 ) ) ;
#4497 = CARTESIAN_POINT ( 'NONE',  ( -3.790404524667292400, 1.934487267084332100, -3.000000000000000400 ) ) ;
#4498 = CARTESIAN_POINT ( 'NONE',  ( 6.371405968299271200, -1.477465654030824000, -3.000000000000000000 ) ) ;
#4499 = CARTESIAN_POINT ( 'NONE',  ( -2.222583477313701200, -1.210755636753179800, -3.000000000000000000 ) ) ;
#4500 = CARTESIAN_POINT ( 'NONE',  ( -2.223086988443610000, -1.245442203842301000, -3.000000000000000400 ) ) ;
#4501 = CARTESIAN_POINT ( 'NONE',  ( -2.224060664076953600, -1.312518109761565000, -3.000000000000000000 ) ) ;
#4502 = CARTESIAN_POINT ( 'NONE',  ( -2.230666423033482700, -1.409524735141491000, -3.000000000000000400 ) ) ;
#4503 = CARTESIAN_POINT ( 'NONE',  ( -2.242339405630689800, -1.499425637583682300, -3.000000000000000400 ) ) ;
#4504 = CARTESIAN_POINT ( 'NONE',  ( -2.258501382707462500, -1.582181976932510500, -3.000000000000000400 ) ) ;
#4505 = CARTESIAN_POINT ( 'NONE',  ( -2.279135908016414600, -1.657956138753930100, -3.000000000000000900 ) ) ;
#4506 = CARTESIAN_POINT ( 'NONE',  ( -2.305428068321468500, -1.726145046378682700, -2.999999999999999100 ) ) ;
#4507 = CARTESIAN_POINT ( 'NONE',  ( -2.334902999328589700, -1.788086558090758800, -2.999999999999999600 ) ) ;
#4508 = CARTESIAN_POINT ( 'NONE',  ( -2.360086352193767400, -1.824413914054214600, -3.000000000000000400 ) ) ;
#4509 = CARTESIAN_POINT ( 'NONE',  ( -2.372299169882749600, -1.842031082740196400, -3.000000000000000000 ) ) ;
#4510 = CARTESIAN_POINT ( 'NONE',  ( -3.670349659063872700, 0.4000000000000000200, -3.000000000000000000 ) ) ;
#4511 = CARTESIAN_POINT ( 'NONE',  ( -4.767132866688254600, 1.416831940871018600, -3.000000000000000000 ) ) ;
#4512 = B_SPLINE_CURVE_WITH_KNOTS ( 'NONE', 3,
 ( #4528, #4527, #4526, #4525, #4524, #4523, #4522, #4455, #4454, #4453, #4452, #4451, #4450, #4449, #4448, #4575, #4574, #4573, #4572 ),
 .UNSPECIFIED., .F., .F.,
 ( 4, 1, 1, 1, 1, 1, 1, 1, 1, 1, 1, 1, 1, 1, 1, 1, 4 ),
 ( 0.0000000000000000000, 0.06715546744904554700, 0.1314033464826141500, 0.1927317719102091800, 0.2512526591565258400, 0.3077037298841913100, 0.3626989162982008400, 0.4177783327854310800, 0.4723043857981134000, 0.5278725997916969800, 0.5852299868117367700, 0.6450565760102927600, 0.7079523564294427600, 0.7744342720454289200, 0.8449404313752612000, 0.9204035944750288400, 1.000000000000000000 ),
 .UNSPECIFIED. ) ;
#4513 = CARTESIAN_POINT ( 'NONE',  ( -4.997132917430584500, 1.320763285385791800, -3.000000000000000400 ) ) ;
#4514 = CARTESIAN_POINT ( 'NONE',  ( -4.948101220633221300, 1.334558784478596400, -3.000000000000000400 ) ) ;
#4515 = CARTESIAN_POINT ( 'NONE',  ( -4.904581387776497400, 1.348448917584643000, -2.999999999999999600 ) ) ;
#4516 = CARTESIAN_POINT ( 'NONE',  ( -5.383591089493180000, 1.506352664262820400, -3.000000000000000000 ) ) ;
#4517 = LINE ( 'NONE', #4456, #4563 ) ;
#4518 = LINE ( 'NONE', #4605, #4457 ) ;
#4519 = CARTESIAN_POINT ( 'NONE',  ( -2.698670330263464000, -1.990003673539857000, -3.000000000000000000 ) ) ;
#4520 = CARTESIAN_POINT ( 'NONE',  ( -2.716490916716746400, -1.990512006710736900, -3.000000000000000000 ) ) ;
#4521 = CARTESIAN_POINT ( 'NONE',  ( 2.795516107021235500, 1.150121923593374200, -3.000000000000000000 ) ) ;
#4522 = CARTESIAN_POINT ( 'NONE',  ( -5.339062314754333000, 1.651173494471541500, -3.000000000000000400 ) ) ;
#4523 = CARTESIAN_POINT ( 'NONE',  ( -5.352403604221713400, 1.626337786812364100, -2.999999999999999100 ) ) ;
#4524 = CARTESIAN_POINT ( 'NONE',  ( -5.363409367692751700, 1.599264339710798200, -2.999999999999999600 ) ) ;
#4525 = CARTESIAN_POINT ( 'NONE',  ( -5.372805511044832700, 1.570234746812067000, -3.000000000000000000 ) ) ;
#4526 = CARTESIAN_POINT ( 'NONE',  ( -5.379508429849103400, 1.538978287509853700, -2.999999999999999600 ) ) ;
#4527 = CARTESIAN_POINT ( 'NONE',  ( -5.382210274854914500, 1.517387122701543000, -2.999999999999999600 ) ) ;
#4528 = CARTESIAN_POINT ( 'NONE',  ( -5.383591089493180000, 1.506352664262820400, -3.000000000000000000 ) ) ;
#4529 = CARTESIAN_POINT ( 'NONE',  ( -2.440295769693336100, -1.907402008080271200, -2.999999999999999600 ) ) ;
#4530 = CARTESIAN_POINT ( 'NONE',  ( -2.478961249319624000, -1.933270127227697100, -3.000000000000000000 ) ) ;
#4531 = CARTESIAN_POINT ( 'NONE',  ( -2.520648763124085300, -1.954531095188253700, -3.000000000000000900 ) ) ;
#4532 = CARTESIAN_POINT ( 'NONE',  ( -2.565557352408857700, -1.970426461631696400, -2.999999999999998700 ) ) ;
#4533 = CARTESIAN_POINT ( 'NONE',  ( -2.613182232351304100, -1.982278583346307900, -3.000000000000000400 ) ) ;
#4534 = CARTESIAN_POINT ( 'NONE',  ( -2.663925091540476400, -1.989012563768058200, -3.000000000000000400 ) ) ;
#4535 = DIRECTION ( 'NONE',  ( 0.0000000000000000000, 1.000000000000000000, 0.0000000000000000000 ) ) ;
#4536 = VECTOR ( 'NONE', #4535, 1000.000000000000000 ) ;
#4537 = CARTESIAN_POINT ( 'NONE',  ( 2.123801989433092600, -1.595386055188300800, -3.000000000000000000 ) ) ;
#4538 = CARTESIAN_POINT ( 'NONE',  ( -4.237725830078120200, 0.8414297739664713400, -3.000000000000000000 ) ) ;
#4539 = CARTESIAN_POINT ( 'NONE',  ( 3.447473927033252800, -1.773192733373397000, -3.000000000000000000 ) ) ;
#4540 = CARTESIAN_POINT ( 'NONE',  ( 3.447473927033252800, -1.970755709134615100, -3.000000000000000000 ) ) ;
#4541 = DIRECTION ( 'NONE',  ( 1.000000000000000000, 0.0000000000000000000, 0.0000000000000000000 ) ) ;
#4542 = VECTOR ( 'NONE', #4541, 1000.000000000000000 ) ;
#4543 = CARTESIAN_POINT ( 'NONE',  ( 3.447473927033252800, -1.970755709134615100, -3.000000000000000000 ) ) ;
#4544 = B_SPLINE_CURVE_WITH_KNOTS ( 'NONE', 3,
 ( #4509, #4508, #4507, #4506, #4505, #4504, #4503, #4502, #4501, #4500, #4499 ),
 .UNSPECIFIED., .F., .F.,
 ( 4, 1, 1, 1, 1, 1, 1, 1, 4 ),
 ( 0.0000000000000000000, 0.09742066817721463400, 0.2008855880393204700, 0.3111719701726501400, 0.4297979458253725600, 0.5577399263645872500, 0.6947152693641581700, 0.8421299102060549900, 1.000000000000000000 ),
 .UNSPECIFIED. ) ;
#4545 = CARTESIAN_POINT ( 'NONE',  ( -0.4840292906149804000, 0.4000000000000000200, -3.000000000000000000 ) ) ;
#4546 = LINE ( 'NONE', #4543, #4542 ) ;
#4547 = DIRECTION ( 'NONE',  ( -0.6105078603393031500, 0.7920101971969337700, 0.0000000000000000000 ) ) ;
#4548 = VECTOR ( 'NONE', #4547, 1000.000000000000100 ) ;
#4549 = CARTESIAN_POINT ( 'NONE',  ( 2.123801989433092600, -1.397823079427082900, -3.000000000000000000 ) ) ;
#4550 = LINE ( 'NONE', #4549, #4548 ) ;
#4551 = CARTESIAN_POINT ( 'NONE',  ( 1.392818979116586400, -0.4495207957732369500, -3.000000000000000000 ) ) ;
#4552 = CARTESIAN_POINT ( 'NONE',  ( -2.372299169882749600, -1.842031082740196400, -3.000000000000000000 ) ) ;
#4553 = CARTESIAN_POINT ( 'NONE',  ( -2.382909572692149000, -1.853959143251265200, -2.999999999999999600 ) ) ;
#4554 = CARTESIAN_POINT ( 'NONE',  ( -2.403875369306496300, -1.877528586859679200, -3.000000000000000900 ) ) ;
#4555 = CARTESIAN_POINT ( 'NONE',  ( 1.769260482134016800, 1.904668666690263900, -3.000000000000000400 ) ) ;
#4556 = CARTESIAN_POINT ( 'NONE',  ( 1.815233848083033500, 1.921672909406586500, -3.000000000000001300 ) ) ;
#4557 = CARTESIAN_POINT ( 'NONE',  ( 1.862408839119727100, 1.936077552383184600, -3.000000000000000000 ) ) ;
#4558 = CARTESIAN_POINT ( 'NONE',  ( 1.910813627263319200, 1.947057064921548200, -3.000000000000000000 ) ) ;
#4559 = CARTESIAN_POINT ( 'NONE',  ( 1.960579970641885800, 1.955250045357397100, -2.999999999999999100 ) ) ;
#4560 = CARTESIAN_POINT ( 'NONE',  ( 2.011658861882186700, 1.959840395871935500, -3.000000000000000400 ) ) ;
#4561 = CARTESIAN_POINT ( 'NONE',  ( 2.046208726498232300, 1.960443701550961000, -3.000000000000000400 ) ) ;
#4562 = CARTESIAN_POINT ( 'NONE',  ( 6.628237836788855500, -0.9045330243232919700, -3.000000000000000000 ) ) ;
#4563 = VECTOR ( 'NONE', #4474, 1000.000000000000000 ) ;
#4564 = VECTOR ( 'NONE', #4576, 1000.000000000000100 ) ;
#4565 = CARTESIAN_POINT ( 'NONE',  ( -1.689163442758409900, 0.4000000000000000800, -3.000000000000000000 ) ) ;
#4566 = B_SPLINE_CURVE_WITH_KNOTS ( 'NONE', 3,
 ( #4520, #4519, #4534, #4533, #4532, #4531, #4530, #4529, #4554, #4553, #4552 ),
 .UNSPECIFIED., .F., .F.,
 ( 4, 1, 1, 1, 1, 1, 1, 1, 4 ),
 ( 0.0000000000000000000, 0.1379032299933933800, 0.2688733426002927200, 0.3951781273461128000, 0.5170892381308870300, 0.6367430265135474200, 0.7562218164637971600, 0.8766283594636790100, 1.000000000000000000 ),
 .UNSPECIFIED. ) ;
#4567 = CARTESIAN_POINT ( 'NONE',  ( -5.282312099468445200, 1.243986532606621700, -2.999999999999999600 ) ) ;
#4568 = CARTESIAN_POINT ( 'NONE',  ( -5.243988944724411500, 1.255931889674093600, -3.000000000000000400 ) ) ;
#4569 = CARTESIAN_POINT ( 'NONE',  ( -5.201467920231650900, 1.268222807477237300, -2.999999999999999100 ) ) ;
#4570 = LINE ( 'NONE', #4537, #4536 ) ;
#4571 = CARTESIAN_POINT ( 'NONE',  ( 3.664793200370592500, -0.8569944332807489800, -3.000000000000000000 ) ) ;
#4572 = CARTESIAN_POINT ( 'NONE',  ( -5.038164574060676400, 1.782940830328525500, -3.000000000000000000 ) ) ;
#4573 = CARTESIAN_POINT ( 'NONE',  ( -5.051339561049126700, 1.782653955979238700, -3.000000000000000000 ) ) ;
#4574 = CARTESIAN_POINT ( 'NONE',  ( -5.077005390876387900, 1.782095103948716300, -3.000000000000000000 ) ) ;
#4575 = CARTESIAN_POINT ( 'NONE',  ( -5.114273301978324900, 1.779216639074403700, -2.999999999999999600 ) ) ;
#4576 = DIRECTION ( 'NONE',  ( -0.3690140269754866300, 0.9294238257626790100, 0.0000000000000000000 ) ) ;
#4577 = CARTESIAN_POINT ( 'NONE',  ( -4.772484474437658400, 1.412270631110015500, -3.000000000000000400 ) ) ;
#4578 = CARTESIAN_POINT ( 'NONE',  ( -4.767132866688254600, 1.416831940871018600, -3.000000000000000000 ) ) ;
#4579 = CARTESIAN_POINT ( 'NONE',  ( 1.333550086388223000, 1.168026068271734500, -3.000000000000000000 ) ) ;
#4580 = CARTESIAN_POINT ( 'NONE',  ( 1.333900522913847200, 1.186861370753144800, -3.000000000000000000 ) ) ;
#4581 = CARTESIAN_POINT ( 'NONE',  ( 1.334592601556248100, 1.224059292822874400, -3.000000000000000000 ) ) ;
#4582 = CARTESIAN_POINT ( 'NONE',  ( 1.338464847200437000, 1.279125082301419500, -2.999999999999999600 ) ) ;
#4583 = CARTESIAN_POINT ( 'NONE',  ( 1.345821948438710800, 1.332645163606571300, -2.999999999999999600 ) ) ;
#4584 = CARTESIAN_POINT ( 'NONE',  ( 1.355060930415559400, 1.384794458365973000, -2.999999999999999600 ) ) ;
#4585 = CARTESIAN_POINT ( 'NONE',  ( 1.367937076157146100, 1.435348260420970900, -3.000000000000000000 ) ) ;
#4586 = CARTESIAN_POINT ( 'NONE',  ( 1.383319212367125200, 1.484289287011859600, -2.999999999999999600 ) ) ;
#4587 = CARTESIAN_POINT ( 'NONE',  ( 1.401232876136861500, 1.531907216733477300, -3.000000000000000400 ) ) ;
#4588 = CARTESIAN_POINT ( 'NONE',  ( 1.422192052774454300, 1.577630839199441400, -2.999999999999998700 ) ) ;
#4589 = CARTESIAN_POINT ( 'NONE',  ( 1.445633657375861700, 1.621649660198545300, -3.000000000000000400 ) ) ;
#4590 = CARTESIAN_POINT ( 'NONE',  ( 1.471765650622113300, 1.663283817092849200, -2.999999999999999100 ) ) ;
#4591 = CARTESIAN_POINT ( 'NONE',  ( 1.500680754574022200, 1.702192188455012400, -3.000000000000000000 ) ) ;
#4592 = CARTESIAN_POINT ( 'NONE',  ( 1.531548076739961400, 1.739064682758732400, -3.000000000000000400 ) ) ;
#4593 = CARTESIAN_POINT ( 'NONE',  ( 1.565642824682890000, 1.772778100655730400, -2.999999999999999600 ) ) ;
#4594 = CARTESIAN_POINT ( 'NONE',  ( 1.601827304657333300, 1.804470222946742000, -3.000000000000000400 ) ) ;
#4595 = CARTESIAN_POINT ( 'NONE',  ( 1.640587572377062200, 1.833620117521562500, -3.000000000000000400 ) ) ;
#4596 = CARTESIAN_POINT ( 'NONE',  ( 1.681830784752088100, 1.860007325017759800, -3.000000000000001800 ) ) ;
#4597 = CARTESIAN_POINT ( 'NONE',  ( 1.724891186721839500, 1.883598015630133100, -2.999999999999999600 ) ) ;
#4598 = CARTESIAN_POINT ( 'NONE',  ( -5.373095556405865600, 1.210008200620993600, -3.000000000000000000 ) ) ;
#4599 = CARTESIAN_POINT ( 'NONE',  ( -2.070398247547634800, 1.940991210937499800, -3.000000000000000000 ) ) ;
#4600 = CARTESIAN_POINT ( 'NONE',  ( -1.864500583746490700, 0.8741511418269231100, -3.000000000000000000 ) ) ;
#4601 = CARTESIAN_POINT ( 'NONE',  ( -4.866407656950586100, 1.361939421846568600, -3.000000000000001300 ) ) ;
#4602 = CARTESIAN_POINT ( 'NONE',  ( -4.833641603137921000, 1.375347040308216200, -2.999999999999999100 ) ) ;
#4603 = CARTESIAN_POINT ( 'NONE',  ( -4.806339601508986100, 1.388834540060748200, -3.000000000000000900 ) ) ;
#4604 = CARTESIAN_POINT ( 'NONE',  ( -4.784319224557718200, 1.402183576196902800, -2.999999999999999600 ) ) ;
#4605 = CARTESIAN_POINT ( 'NONE',  ( -1.689163442758409900, 0.4000000000000000200, -3.000000000000000000 ) ) ;
#4606 = LINE ( 'NONE', #4608, #4564 ) ;
#4607 = CARTESIAN_POINT ( 'NONE',  ( -1.864500583746490700, 0.8741511418269231100, -3.000000000000000000 ) ) ;
#4608 = CARTESIAN_POINT ( 'NONE',  ( -1.458570406987113300, 0.4000000000000000200, -3.000000000000000000 ) ) ;
#4609 = CARTESIAN_POINT ( 'NONE',  ( -1.458570406987113300, 0.4000000000000000200, -3.000000000000000000 ) ) ;
#4610 = CARTESIAN_POINT ( 'NONE',  ( -5.373095556405865600, 1.210008200620993600, -3.000000000000000000 ) ) ;
#4611 = CARTESIAN_POINT ( 'NONE',  ( -5.364579614997249600, 1.213569034308465700, -2.999999999999999600 ) ) ;
#4612 = CARTESIAN_POINT ( 'NONE',  ( -5.346240247625041200, 1.221237409889329900, -2.999999999999999100 ) ) ;
#4613 = CARTESIAN_POINT ( 'NONE',  ( -5.316304197459143000, 1.232136465646594700, -3.000000000000000900 ) ) ;
#4614 = CARTESIAN_POINT ( 'NONE',  ( -3.091860570663056400, 1.940991210937499800, -3.000000000000000000 ) ) ;
#4615 = CARTESIAN_POINT ( 'NONE',  ( 2.795516107021235500, 1.150121923593374200, -3.000000000000000000 ) ) ;
#4616 = CARTESIAN_POINT ( 'NONE',  ( 2.795342753872391000, 1.133441040889541200, -3.000000000000000400 ) ) ;
#4617 = CARTESIAN_POINT ( 'NONE',  ( 2.794998651586527500, 1.100329846158606600, -3.000000000000000900 ) ) ;
#4618 = CARTESIAN_POINT ( 'NONE',  ( 2.790271267112747200, 1.051001159846261400, -2.999999999999999600 ) ) ;
#4619 = CARTESIAN_POINT ( 'NONE',  ( 2.783725525348147200, 1.002318965158586600, -3.000000000000000400 ) ) ;
#4620 = CARTESIAN_POINT ( 'NONE',  ( 2.773991031408119300, 0.9542107582496455200, -3.000000000000000900 ) ) ;
#4621 = CARTESIAN_POINT ( 'NONE',  ( 2.761775246613125100, 0.9067565894955146300, -2.999999999999999600 ) ) ;
#4622 = CARTESIAN_POINT ( 'NONE',  ( 2.746436467619705700, 0.8600659248541940900, -3.000000000000000900 ) ) ;
#4623 = CARTESIAN_POINT ( 'NONE',  ( 2.728982358730290600, 0.8138509825922497500, -2.999999999999999600 ) ) ;
#4624 = CARTESIAN_POINT ( 'NONE',  ( 2.708265846671746900, 0.7687928481144502600, -3.000000000000000000 ) ) ;
#4625 = CARTESIAN_POINT ( 'NONE',  ( 2.685332870443174300, 0.7248771085381884300, -3.000000000000000400 ) ) ;
#4626 = CARTESIAN_POINT ( 'NONE',  ( 2.659386545246937000, 0.6834087731373239500, -2.999999999999999600 ) ) ;
#4627 = CARTESIAN_POINT ( 'NONE',  ( 2.631194665371205500, 0.6439881051186711100, -2.999999999999999600 ) ) ;
#4628 = CARTESIAN_POINT ( 'NONE',  ( 2.599836528013066900, 0.6075091239669001600, -2.999999999999999600 ) ) ;
#4629 = CARTESIAN_POINT ( 'NONE',  ( 2.566565972383144900, 0.5726159285662779700, -3.000000000000000400 ) ) ;
#4630 = CARTESIAN_POINT ( 'NONE',  ( 2.530305469931367400, 0.5405734107871917900, -2.999999999999999600 ) ) ;
#4631 = CARTESIAN_POINT ( 'NONE',  ( 2.491636853283753600, 0.5108519460430202000, -3.000000000000000400 ) ) ;
#4632 = CARTESIAN_POINT ( 'NONE',  ( 2.450581504767590100, 0.4837254440098615600, -2.999999999999999600 ) ) ;
#4633 = CARTESIAN_POINT ( 'NONE',  ( 2.407537347645363600, 0.4593287493356717500, -3.000000000000000900 ) ) ;
#4634 = CARTESIAN_POINT ( 'NONE',  ( 2.362650886650573800, 0.4384213273961518600, -3.000000000000000000 ) ) ;
#4635 = CARTESIAN_POINT ( 'NONE',  ( 2.316479088480714900, 0.4204045302394885900, -3.000000000000000400 ) ) ;
#4636 = CARTESIAN_POINT ( 'NONE',  ( 2.268859562048381600, 0.4055191467723766000, -3.000000000000000400 ) ) ;
#4637 = CARTESIAN_POINT ( 'NONE',  ( 2.219735962555473100, 0.3941089687011660700, -2.999999999999999600 ) ) ;
#4638 = CARTESIAN_POINT ( 'NONE',  ( 2.169175415451637200, 0.3862055297790013600, -3.000000000000000400 ) ) ;
#4639 = B_SPLINE_CURVE_WITH_KNOTS ( 'NONE', 3,
 ( #4668, #4667, #4666, #4665, #4497, #4496, #4495, #4494, #4493, #4492, #4491, #4490, #4489, #4488, #4487, #4486, #4485, #4484, #4483 ),
 .UNSPECIFIED., .F., .F.,
 ( 4, 1, 1, 1, 1, 1, 1, 1, 1, 1, 1, 1, 1, 1, 1, 1, 4 ),
 ( 0.0000000000000000000, 0.05873203710086524800, 0.1146029008469817300, 0.1676568100446124400, 0.2179667070908436800, 0.2657752056293755100, 0.3111706510536964600, 0.3537918046646693600, 0.3947449080003077600, 0.4728059510824628200, 0.5491923665616073000, 0.6247801075795554900, 0.7026247640242259100, 0.7797414321940388000, 0.8540634639886256500, 0.9271552664103501800, 1.000000000000000000 ),
 .UNSPECIFIED. ) ;
#4640 = CARTESIAN_POINT ( 'NONE',  ( 4.869927352514022100, -1.970755709134615100, -3.000000000000000000 ) ) ;
#4641 = VECTOR ( 'NONE', #4651, 1000.000000000000000 ) ;
#4642 = LINE ( 'NONE', #4614, #4641 ) ;
#4643 = B_SPLINE_CURVE_WITH_KNOTS ( 'NONE', 3,
 ( #4645, #4561, #4560, #4559, #4558, #4557, #4556, #4555, #4597, #4596, #4595, #4594, #4593, #4592, #4591, #4590, #4589, #4588, #4587, #4586, #4585, #4584, #4583, #4582, #4581, #4580, #4579 ),
 .UNSPECIFIED., .F., .F.,
 ( 4, 1, 1, 1, 1, 1, 1, 1, 1, 1, 1, 1, 1, 1, 1, 1, 1, 1, 1, 1, 1, 1, 1, 1, 4 ),
 ( 0.0000000000000000000, 0.04309897056889708300, 0.08558676034507314800, 0.1269076657436392900, 0.1679674856215210300, 0.2084495586010657900, 0.2490254246415441700, 0.2892805341716790400, 0.3300098489827307800, 0.3705977240995769800, 0.4104659863326995400, 0.4500332158929483100, 0.4896882096042473000, 0.5291164230741913800, 0.5690368070925094800, 0.6097030542359445100, 0.6507589174942192100, 0.6925092624061774900, 0.7342191213706861200, 0.7767069111468619700, 0.8195518402403212400, 0.8633507288313332400, 0.9078385251300614700, 0.9533337036124180900, 1.000000000000000000 ),
 .UNSPECIFIED. ) ;
#4644 = LINE ( 'NONE', #4672, #4671 ) ;
#4645 = CARTESIAN_POINT ( 'NONE',  ( 2.063607020255848300, 1.960747508513621500, -3.000000000000000000 ) ) ;
#4646 = CARTESIAN_POINT ( 'NONE',  ( 2.117324909246479900, 0.3810247638316208200, -2.999999999999999600 ) ) ;
#4647 = CARTESIAN_POINT ( 'NONE',  ( 2.082244015202902700, 0.3805057376575360900, -3.000000000000000000 ) ) ;
#4648 = CARTESIAN_POINT ( 'NONE',  ( 2.064533096704729100, 0.3802437024238781700, -3.000000000000000000 ) ) ;
#4649 = CARTESIAN_POINT ( 'NONE',  ( 5.462924971947303200, -1.511113098340156400, -3.000000000000000000 ) ) ;
#4650 = B_SPLINE_CURVE_WITH_KNOTS ( 'NONE', 3,
 ( #4648, #4647, #4646, #4638, #4637, #4636, #4635, #4634, #4633, #4632, #4631, #4630, #4629, #4628, #4627, #4626, #4625, #4624, #4623, #4622, #4621, #4620, #4619, #4618, #4617, #4616, #4615 ),
 .UNSPECIFIED., .F., .F.,
 ( 4, 1, 1, 1, 1, 1, 1, 1, 1, 1, 1, 1, 1, 1, 1, 1, 1, 1, 1, 1, 1, 1, 1, 1, 4 ),
 ( 0.0000000000000000000, 0.04469699988991698200, 0.08853356291858732700, 0.1314091332352274900, 0.1738139421467781700, 0.2157145332694450100, 0.2572471603264208100, 0.2988479641797116600, 0.3406041827148142400, 0.3820294481091345300, 0.4229697500404857600, 0.4636322295306195600, 0.5040475437003947300, 0.5445912057564577000, 0.5849639251690937900, 0.6262652162680831800, 0.6679794005009905800, 0.7099427472053507800, 0.7513818550852257000, 0.7926185649779646800, 0.8339484357458206700, 0.8750080506311039800, 0.9164455302232759100, 0.9579066137283072100, 1.000000000000000000 ),
 .UNSPECIFIED. ) ;
#4651 = DIRECTION ( 'NONE',  ( -1.000000000000000000, 0.0000000000000000000, 0.0000000000000000000 ) ) ;
#4652 = CARTESIAN_POINT ( 'NONE',  ( -4.507828435476302100, 1.438229074372386500, -3.000000000000000400 ) ) ;
#4653 = CARTESIAN_POINT ( 'NONE',  ( -4.524810278844730900, 1.391057427752298700, -3.000000000000000000 ) ) ;
#4654 = CARTESIAN_POINT ( 'NONE',  ( -4.549979914864962000, 1.346919084380863600, -2.999999999999999600 ) ) ;
#4655 = CARTESIAN_POINT ( 'NONE',  ( -4.582097935567000800, 1.305739008659573000, -3.000000000000000000 ) ) ;
#4656 = CARTESIAN_POINT ( 'NONE',  ( -4.621799779454147700, 1.268213654536180800, -2.999999999999999600 ) ) ;
#4657 = CARTESIAN_POINT ( 'NONE',  ( -4.668917952249580100, 1.234397435350854200, -3.000000000000001300 ) ) ;
#4658 = CARTESIAN_POINT ( 'NONE',  ( -4.703926904844277800, 1.215484590683036900, -3.000000000000000000 ) ) ;
#4659 = CARTESIAN_POINT ( 'NONE',  ( -4.722063812842727700, 1.205686510526216900, -3.000000000000000000 ) ) ;
#4660 = CARTESIAN_POINT ( 'NONE',  ( -5.956715888875143200, -0.4344285504903751000, -2.999699999999998900 ) ) ;
#4661 = CARTESIAN_POINT ( 'NONE',  ( 6.134330397385816100, -0.4297644981971151000, -3.000000000000000000 ) ) ;
#4662 = LINE ( 'NONE', #4661, #4462 ) ;
#4663 = B_SPLINE_CURVE_WITH_KNOTS ( 'NONE', 3,
 ( #4659, #4658, #4657, #4656, #4655, #4654, #4653, #4652, #4472, #4471, #4470 ),
 .UNSPECIFIED., .F., .F.,
 ( 4, 1, 1, 1, 1, 1, 1, 1, 4 ),
 ( 0.0000000000000000000, 0.1448052410584835800, 0.2795118010254862800, 0.4063939211311613000, 0.5275015404829167500, 0.6453932904726502600, 0.7618854106740862200, 0.8789420729184866900, 1.000000000000000000 ),
 .UNSPECIFIED. ) ;
#4664 = CARTESIAN_POINT ( 'NONE',  ( 6.134330397385816100, -1.970755709134615100, -3.000000000000000000 ) ) ;
#4665 = CARTESIAN_POINT ( 'NONE',  ( -3.751796575447015900, 1.938150799335936100, -3.000000000000001300 ) ) ;
#4666 = CARTESIAN_POINT ( 'NONE',  ( -3.711031100109126100, 1.940829226030091000, -2.999999999999999100 ) ) ;
#4667 = CARTESIAN_POINT ( 'NONE',  ( -3.683113495667734500, 1.940936324694112700, -3.000000000000000000 ) ) ;
#4668 = CARTESIAN_POINT ( 'NONE',  ( -3.668806198315738100, 1.940991210937499800, -3.000000000000000000 ) ) ;
#4669 = CARTESIAN_POINT ( 'NONE',  ( 5.393469238281249500, -1.737384444016676400, -3.000000000000000000 ) ) ;
#4670 = DIRECTION ( 'NONE',  ( 1.000000000000000000, 0.0000000000000000000, 0.0000000000000000000 ) ) ;
#4671 = VECTOR ( 'NONE', #4670, 1000.000000000000000 ) ;
#4672 = CARTESIAN_POINT ( 'NONE',  ( -2.927327654911917600, 0.4000000000000000200, -3.000000000000000000 ) ) ;
#4673 = CARTESIAN_POINT ( 'NONE',  ( -3.210195582942790200, -1.232674374260394700, -2.999699999999999400 ) ) ;
#4674 = B_SPLINE_CURVE_WITH_KNOTS ( 'NONE', 3,
 ( #4676, #4673, #4740, #4739, #4738, #4737, #4736, #4735, #4734, #4733, #4732, #4731, #4730, #4729, #4728, #4727, #4726, #4725, #4724, #4723, #4722, #4721, #4720, #4719, #4718, #4717, #4716 ),
 .UNSPECIFIED., .F., .F.,
 ( 4, 1, 1, 1, 1, 1, 1, 1, 1, 1, 1, 1, 1, 1, 1, 1, 1, 1, 1, 1, 1, 1, 1, 1, 4 ),
 ( 0.0000000000000000000, 0.06287394621143263500, 0.1228366299919131000, 0.1796565674430314600, 0.2339600122308624400, 0.2855950186955590300, 0.3345131060783808100, 0.3809048259061765800, 0.4248945919393349900, 0.4665290347654875200, 0.5064882940692465600, 0.5450315536447544200, 0.5818311798231344800, 0.6174482799494429600, 0.6520669127690462700, 0.6858797142465105100, 0.7191745547913921400, 0.7521816462063928300, 0.7852401639180910400, 0.8186564497770831800, 0.8525477406533110700, 0.8876263422585188900, 0.9236350780687507800, 0.9610218444769890200, 1.000000000000000000 ),
 .UNSPECIFIED. ) ;
#4675 = CARTESIAN_POINT ( 'NONE',  ( -2.372299169882749600, -1.842031082740196400, -2.999700000000000300 ) ) ;
#4676 = CARTESIAN_POINT ( 'NONE',  ( -3.210398356119791500, -1.210755636753179800, -2.999700000000000300 ) ) ;
#4677 = B_SPLINE_CURVE_WITH_KNOTS ( 'NONE', 3,
 ( #4679, #4678, #4715, #4714, #4713, #4712, #4711, #4710, #4709, #4708, #4707 ),
 .UNSPECIFIED., .F., .F.,
 ( 4, 1, 1, 1, 1, 1, 1, 1, 4 ),
 ( 0.0000000000000000000, 0.1379032299933933800, 0.2688733426002927200, 0.3951781273461128000, 0.5170892381308870300, 0.6367430265135474200, 0.7562218164637971600, 0.8766283594636790100, 1.000000000000000000 ),
 .UNSPECIFIED. ) ;
#4678 = CARTESIAN_POINT ( 'NONE',  ( -2.698670330263464000, -1.990003673539857000, -2.999700000000000300 ) ) ;
#4679 = CARTESIAN_POINT ( 'NONE',  ( -2.716490916716746400, -1.990512006710736900, -2.999700000000000300 ) ) ;
#4680 = CARTESIAN_POINT ( 'NONE',  ( -2.716490916716746400, -0.4297644981971151000, -2.999700000000000300 ) ) ;
#4681 = CARTESIAN_POINT ( 'NONE',  ( -2.703001729702576600, -0.4299747292779466100, -2.999700000000000700 ) ) ;
#4682 = CARTESIAN_POINT ( 'NONE',  ( -2.676475413212590700, -0.4303881460524570100, -2.999700000000000300 ) ) ;
#4683 = CARTESIAN_POINT ( 'NONE',  ( -2.637657896086689700, -0.4344285504903752600, -2.999700000000000700 ) ) ;
#4684 = CARTESIAN_POINT ( 'NONE',  ( -2.600633834347184400, -0.4412821096811830900, -2.999699999999999800 ) ) ;
#4685 = CARTESIAN_POINT ( 'NONE',  ( -2.565362428049139600, -0.4505989207529956800, -2.999700000000000300 ) ) ;
#4686 = CARTESIAN_POINT ( 'NONE',  ( -2.531572176197917700, -0.4620276180495687100, -2.999700000000000300 ) ) ;
#4687 = CARTESIAN_POINT ( 'NONE',  ( -2.499964557927785200, -0.4772092084622733800, -2.999699999999999800 ) ) ;
#4688 = CARTESIAN_POINT ( 'NONE',  ( -2.469937166988382900, -0.4944038066623326900, -2.999700000000001100 ) ) ;
#4689 = CARTESIAN_POINT ( 'NONE',  ( -2.441605540611570200, -0.5143308075168543400, -2.999700000000000300 ) ) ;
#4690 = CARTESIAN_POINT ( 'NONE',  ( -2.415119581228703200, -0.5369124696642707500, -2.999700000000000300 ) ) ;
#4691 = CARTESIAN_POINT ( 'NONE',  ( -2.390089276220940000, -0.5620202520535662000, -2.999700000000000700 ) ) ;
#4692 = CARTESIAN_POINT ( 'NONE',  ( -2.367555439364102300, -0.5903001802009393300, -2.999699999999999400 ) ) ;
#4693 = CARTESIAN_POINT ( 'NONE',  ( -2.345880445939130700, -0.6207151187953132700, -2.999700000000000700 ) ) ;
#4694 = CARTESIAN_POINT ( 'NONE',  ( -2.326372555087219000, -0.6541186355245530700, -2.999699999999999800 ) ) ;
#4695 = CARTESIAN_POINT ( 'NONE',  ( -2.308004831441639500, -0.6899911682291953700, -2.999700000000001100 ) ) ;
#4696 = CARTESIAN_POINT ( 'NONE',  ( -2.291679934453066300, -0.7287047351931332800, -2.999700000000000700 ) ) ;
#4697 = CARTESIAN_POINT ( 'NONE',  ( -2.277290830943918800, -0.7702182909233230600, -2.999700000000000300 ) ) ;
#4698 = CARTESIAN_POINT ( 'NONE',  ( -2.264194023876440600, -0.8144652383040648100, -2.999699999999999800 ) ) ;
#4699 = CARTESIAN_POINT ( 'NONE',  ( -2.253278385618594700, -0.8618260205374548300, -2.999700000000001600 ) ) ;
#4700 = CARTESIAN_POINT ( 'NONE',  ( -2.243576849719594700, -0.9122512716802484400, -2.999700000000000300 ) ) ;
#4701 = CARTESIAN_POINT ( 'NONE',  ( 5.317839661622658200, -1.492591569362542200, -3.000000000000000000 ) ) ;
#4702 = CARTESIAN_POINT ( 'NONE',  ( -2.372299169882749600, -1.842031082740196400, -2.999700000000000300 ) ) ;
#4703 = VECTOR ( 'NONE', #4777, 1000.000000000000000 ) ;
#4704 = DIRECTION ( 'NONE',  ( -1.000000000000000000, 0.0000000000000000000, 0.0000000000000000000 ) ) ;
#4705 = CARTESIAN_POINT ( 'NONE',  ( 1.879935191227839300, -1.397823079427082900, -2.999700000000000300 ) ) ;
#4706 = CARTESIAN_POINT ( 'NONE',  ( 5.205784411308093800, 1.763184532752403600, -2.999700000000000300 ) ) ;
#4707 = CARTESIAN_POINT ( 'NONE',  ( -2.372299169882749600, -1.842031082740196400, -2.999700000000000300 ) ) ;
#4708 = CARTESIAN_POINT ( 'NONE',  ( -2.382909572692149000, -1.853959143251265200, -2.999699999999999800 ) ) ;
#4709 = CARTESIAN_POINT ( 'NONE',  ( -2.403875369306496300, -1.877528586859679200, -2.999700000000001100 ) ) ;
#4710 = CARTESIAN_POINT ( 'NONE',  ( -2.440295769693336100, -1.907402008080271200, -2.999699999999999800 ) ) ;
#4711 = CARTESIAN_POINT ( 'NONE',  ( -2.478961249319624000, -1.933270127227697100, -2.999700000000000300 ) ) ;
#4712 = CARTESIAN_POINT ( 'NONE',  ( -2.520648763124085300, -1.954531095188253700, -2.999700000000001100 ) ) ;
#4713 = CARTESIAN_POINT ( 'NONE',  ( -2.565557352408857700, -1.970426461631696400, -2.999699999999998900 ) ) ;
#4714 = CARTESIAN_POINT ( 'NONE',  ( -2.613182232351304100, -1.982278583346307900, -2.999700000000000700 ) ) ;
#4715 = CARTESIAN_POINT ( 'NONE',  ( -2.663925091540476400, -1.989012563768058200, -2.999700000000000700 ) ) ;
#4716 = CARTESIAN_POINT ( 'NONE',  ( -2.716490916716746400, -1.990512006710736900, -2.999700000000000300 ) ) ;
#4717 = CARTESIAN_POINT ( 'NONE',  ( -2.730082839301196000, -1.990304933302367700, -2.999700000000000700 ) ) ;
#4718 = CARTESIAN_POINT ( 'NONE',  ( -2.756711757297181500, -1.989899240820207000, -2.999700000000000300 ) ) ;
#4719 = CARTESIAN_POINT ( 'NONE',  ( -2.795736709330865800, -1.985836759959263000, -2.999699999999999400 ) ) ;
#4720 = CARTESIAN_POINT ( 'NONE',  ( -2.832941631668424600, -1.978938014590319700, -2.999700000000001100 ) ) ;
#4721 = CARTESIAN_POINT ( 'NONE',  ( -2.868463606911256100, -1.969925753067865800, -2.999700000000000300 ) ) ;
#4722 = CARTESIAN_POINT ( 'NONE',  ( -2.902022512068345200, -1.957626376814162400, -2.999700000000000700 ) ) ;
#4723 = CARTESIAN_POINT ( 'NONE',  ( -2.933958850646676700, -1.943240305498515900, -2.999699999999999400 ) ) ;
#4724 = CARTESIAN_POINT ( 'NONE',  ( -2.964059243670685600, -1.925875944701536800, -2.999700000000000300 ) ) ;
#4725 = CARTESIAN_POINT ( 'NONE',  ( -2.992191946411614900, -1.905595567035819100, -2.999700000000000300 ) ) ;
#4726 = CARTESIAN_POINT ( 'NONE',  ( -3.018916585541037800, -1.883081637722680900, -2.999700000000000300 ) ) ;
#4727 = CARTESIAN_POINT ( 'NONE',  ( -3.043691390640128600, -1.857620900441126600, -2.999700000000000700 ) ) ;
#4728 = CARTESIAN_POINT ( 'NONE',  ( -3.066491327586554400, -1.829356263489069400, -2.999700000000000700 ) ) ;
#4729 = CARTESIAN_POINT ( 'NONE',  ( -3.087799781735813400, -1.798694536690518900, -2.999700000000000300 ) ) ;
#4730 = CARTESIAN_POINT ( 'NONE',  ( -3.107772814859351300, -1.765520701015490700, -2.999699999999999800 ) ) ;
#4731 = CARTESIAN_POINT ( 'NONE',  ( -3.125496570212010500, -1.729394429335913400, -2.999700000000001600 ) ) ;
#4732 = CARTESIAN_POINT ( 'NONE',  ( -3.141498573692751400, -1.690668079185960700, -2.999699999999999800 ) ) ;
#4733 = CARTESIAN_POINT ( 'NONE',  ( -3.156090224897710100, -1.649368112768684100, -2.999700000000000300 ) ) ;
#4734 = CARTESIAN_POINT ( 'NONE',  ( -3.169046449734503200, -1.605182407896498900, -2.999700000000000300 ) ) ;
#4735 = CARTESIAN_POINT ( 'NONE',  ( -3.180150847228474300, -1.557877326474284500, -2.999699999999999400 ) ) ;
#4736 = CARTESIAN_POINT ( 'NONE',  ( -3.189129517671141400, -1.507432135904022800, -2.999699999999999800 ) ) ;
#4737 = CARTESIAN_POINT ( 'NONE',  ( -3.197461971483484900, -1.454075901777565100, -2.999699999999999800 ) ) ;
#4738 = CARTESIAN_POINT ( 'NONE',  ( -3.202969973812837000, -1.397581927572216100, -2.999700000000000700 ) ) ;
#4739 = CARTESIAN_POINT ( 'NONE',  ( -3.207446138420515500, -1.338101025610244100, -2.999700000000000300 ) ) ;
#4740 = CARTESIAN_POINT ( 'NONE',  ( -3.209799425627775500, -1.275496942451193700, -2.999699999999999400 ) ) ;
#4741 = CARTESIAN_POINT ( 'NONE',  ( -3.159028357073686300, -0.7858636789168730300, -2.999700000000001100 ) ) ;
#4742 = CARTESIAN_POINT ( 'NONE',  ( -3.137979692442745000, -0.7264079711942230700, -2.999700000000000700 ) ) ;
#4743 = CARTESIAN_POINT ( 'NONE',  ( -3.114695023261361900, -0.6718820011497815800, -2.999699999999999800 ) ) ;
#4744 = CARTESIAN_POINT ( 'NONE',  ( -3.088484707472677100, -0.6223468712904010000, -2.999700000000000700 ) ) ;
#4745 = CARTESIAN_POINT ( 'NONE',  ( -3.058499212343431600, -0.5775802496795113800, -2.999700000000000700 ) ) ;
#4746 = CARTESIAN_POINT ( 'NONE',  ( -3.022756583221879500, -0.5388170986952649500, -2.999699999999999400 ) ) ;
#4747 = CARTESIAN_POINT ( 'NONE',  ( -2.981646895596950800, -0.5055980877088364100, -2.999700000000001100 ) ) ;
#4748 = CARTESIAN_POINT ( 'NONE',  ( -2.935613583853282600, -0.4782720097754495900, -2.999700000000000300 ) ) ;
#4749 = CARTESIAN_POINT ( 'NONE',  ( 2.062372251657340600, 1.782940830328525500, -3.000000000000000000 ) ) ;
#4750 = B_SPLINE_CURVE_WITH_KNOTS ( 'NONE', 3,
 ( #4749, #4845, #4844, #4843, #4842, #4841, #4840, #4839, #4838, #4837, #4836, #4835, #4834, #4833, #4832, #4831, #4830, #4829, #4828 ),
 .UNSPECIFIED., .F., .F.,
 ( 4, 1, 1, 1, 1, 1, 1, 1, 1, 1, 1, 1, 1, 1, 1, 1, 4 ),
 ( 0.0000000000000000000, 0.05594313335691852200, 0.1103820356898406700, 0.1640478588828497300, 0.2167594775435857900, 0.2696011346144476200, 0.3230085051908690400, 0.3775814436721362500, 0.4334493367080538000, 0.4909218580498931300, 0.5506247708713254400, 0.6131168723098184800, 0.6798607463518506800, 0.7513577440202003900, 0.8282611012589941000, 0.9107950320656292800, 1.000000000000000000 ),
 .UNSPECIFIED. ) ;
#4751 = CARTESIAN_POINT ( 'NONE',  ( 1.550869359725562500, 1.169569529019869300, -3.000000000000000000 ) ) ;
#4752 = CARTESIAN_POINT ( 'NONE',  ( -2.885419899233225400, -0.4567586732904251900, -2.999699999999999800 ) ) ;
#4753 = CARTESIAN_POINT ( 'NONE',  ( -2.831923894999315700, -0.4408115654097896100, -2.999699999999999800 ) ) ;
#4754 = CARTESIAN_POINT ( 'NONE',  ( -2.775160327115860200, -0.4314893373407192600, -2.999699999999999800 ) ) ;
#4755 = CARTESIAN_POINT ( 'NONE',  ( -2.736281308548754100, -0.4303463217107127400, -2.999700000000000700 ) ) ;
#4756 = CARTESIAN_POINT ( 'NONE',  ( -2.716490916716746400, -0.4297644981971151000, -2.999700000000000300 ) ) ;
#4757 = B_SPLINE_CURVE_WITH_KNOTS ( 'NONE', 3,
 ( #4756, #4755, #4754, #4753, #4752, #4748, #4747, #4746, #4745, #4744, #4743, #4742, #4741, #4857, #4856, #4855, #4854, #4853, #4852, #4851, #4850, #4849, #4848 ),
 .UNSPECIFIED., .F., .F.,
 ( 4, 1, 1, 1, 1, 1, 1, 1, 1, 1, 1, 1, 1, 1, 1, 1, 1, 1, 1, 1, 4 ),
 ( 0.0000000000000000000, 0.05672433721815074700, 0.1114372357370110200, 0.1643678222229016700, 0.2164353724620900800, 0.2676414903219249700, 0.3173597799690281400, 0.3674730633322807500, 0.4182103970528081600, 0.4714042826470198900, 0.5279657201290493000, 0.5880611158232139600, 0.6521342629937145800, 0.6863448363353055200, 0.7232636803169650900, 0.7626102507715416500, 0.8047389366452181200, 0.8494303387909498700, 0.8967112583864922400, 0.9468896380534767000, 1.000000000000000000 ),
 .UNSPECIFIED. ) ;
#4758 = DIRECTION ( 'NONE',  ( -0.3035516742042333500, -0.9528149773632900200, 0.0000000000000000000 ) ) ;
#4759 = LINE ( 'NONE', #5405, #5157 ) ;
#4760 = LINE ( 'NONE', #4778, #4703 ) ;
#4761 = CARTESIAN_POINT ( 'NONE',  ( -6.035548909505203100, -0.4297644981971151000, -2.999700000000000300 ) ) ;
#4762 = CARTESIAN_POINT ( 'NONE',  ( -4.415532508263218000, -1.081722318209134200, -3.000000000000000000 ) ) ;
#4763 = PRESENTATION_STYLE_ASSIGNMENT (( #5549 ) ) ;
#4764 = CARTESIAN_POINT ( 'NONE',  ( -2.420146453074919700, -1.210138252453926100, -2.999700000000000700 ) ) ;
#4765 = CARTESIAN_POINT ( 'NONE',  ( -2.420484011086968800, -1.181117958360833800, -2.999700000000000700 ) ) ;
#4766 = CARTESIAN_POINT ( 'NONE',  ( -2.421131937288381500, -1.125414914011547900, -2.999700000000000300 ) ) ;
#4767 = CARTESIAN_POINT ( 'NONE',  ( -2.424875760640258400, -1.045365523100130400, -2.999700000000000700 ) ) ;
#4768 = CARTESIAN_POINT ( 'NONE',  ( -2.432082866730465900, -0.9724678693150081700, -2.999700000000000700 ) ) ;
#4769 = CARTESIAN_POINT ( 'NONE',  ( -2.441212010604175500, -0.9066201788101464500, -2.999699999999999400 ) ) ;
#4770 = CARTESIAN_POINT ( 'NONE',  ( -2.453831263066695600, -0.8478989212298897500, -2.999700000000001600 ) ) ;
#4771 = CARTESIAN_POINT ( 'NONE',  ( -2.469158323634986100, -0.7964048271502345300, -2.999699999999999800 ) ) ;
#4772 = CARTESIAN_POINT ( 'NONE',  ( -2.486509179960569400, -0.7513456225332022500, -2.999699999999999400 ) ) ;
#4773 = CARTESIAN_POINT ( 'NONE',  ( -2.502015666073587500, -0.7254203426354088900, -2.999699999999999800 ) ) ;
#4774 = CARTESIAN_POINT ( 'NONE',  ( -2.509358484317094200, -0.7131438915546121100, -2.999700000000000300 ) ) ;
#4775 = VECTOR ( 'NONE', #4704, 1000.000000000000000 ) ;
#4776 = LINE ( 'NONE', #4705, #4775 ) ;
#4777 = DIRECTION ( 'NONE',  ( 1.000000000000000000, 0.0000000000000000000, 0.0000000000000000000 ) ) ;
#4778 = CARTESIAN_POINT ( 'NONE',  ( 5.205784411308093800, 1.763184532752403600, -2.999700000000000300 ) ) ;
#4779 = CARTESIAN_POINT ( 'NONE',  ( -6.035548909505203100, -0.4297644981971151000, -2.999700000000000300 ) ) ;
#4780 = B_SPLINE_CURVE_WITH_KNOTS ( 'NONE', 3,
 ( #4774, #4773, #4772, #4771, #4770, #4769, #4768, #4767, #4766, #4765, #4764 ),
 .UNSPECIFIED., .F., .F.,
 ( 4, 1, 1, 1, 1, 1, 1, 1, 4 ),
 ( 0.0000000000000000000, 0.08388811327954554000, 0.1771540327539698500, 0.2825136355617227600, 0.3993998606601629200, 0.5294908061912203500, 0.6728021776758329500, 0.8295357616196700200, 1.000000000000000000 ),
 .UNSPECIFIED. ) ;
#4781 = CARTESIAN_POINT ( 'NONE',  ( -2.222583477313701200, -1.210755636753179800, -2.999700000000000300 ) ) ;
#4782 = CARTESIAN_POINT ( 'NONE',  ( -2.223086988443610000, -1.245442203842301000, -2.999700000000000700 ) ) ;
#4783 = CARTESIAN_POINT ( 'NONE',  ( -2.224060664076953600, -1.312518109761565000, -2.999700000000000300 ) ) ;
#4784 = CARTESIAN_POINT ( 'NONE',  ( -2.230666423033482700, -1.409524735141491000, -2.999700000000000700 ) ) ;
#4785 = CARTESIAN_POINT ( 'NONE',  ( -2.242339405630689800, -1.499425637583682300, -2.999700000000000700 ) ) ;
#4786 = CARTESIAN_POINT ( 'NONE',  ( -2.258501382707462500, -1.582181976932510500, -2.999700000000000700 ) ) ;
#4787 = CARTESIAN_POINT ( 'NONE',  ( -2.279135908016414600, -1.657956138753930100, -2.999700000000001100 ) ) ;
#4788 = CARTESIAN_POINT ( 'NONE',  ( -2.305428068321468500, -1.726145046378682700, -2.999699999999999400 ) ) ;
#4789 = CARTESIAN_POINT ( 'NONE',  ( -2.334902999328589700, -1.788086558090758800, -2.999699999999999800 ) ) ;
#4790 = CARTESIAN_POINT ( 'NONE',  ( -2.360086352193767400, -1.824413914054214600, -2.999700000000000700 ) ) ;
#4791 = B_SPLINE_CURVE_WITH_KNOTS ( 'NONE', 3,
 ( #4819, #4821, #4818, #4817, #4816, #4815, #4814, #4813, #4812, #4811, #4795 ),
 .UNSPECIFIED., .F., .F.,
 ( 4, 1, 1, 1, 1, 1, 1, 1, 4 ),
 ( 0.0000000000000000000, 0.08920477023324560600, 0.1898334556643487000, 0.2992325919749814800, 0.4192609378429065800, 0.5492073901909391200, 0.6890743636843494900, 0.8395791979483181500, 1.000000000000000000 ),
 .UNSPECIFIED. ) ;
#4792 = CARTESIAN_POINT ( 'NONE',  ( -5.423103684645424100, 0.8269212429340069300, -3.000000000000000000 ) ) ;
#4793 = CARTESIAN_POINT ( 'NONE',  ( -4.435288805839334700, 0.9334200345552884400, -3.000000000000000000 ) ) ;
#4794 = CARTESIAN_POINT ( 'NONE',  ( 5.281105295817057200, -1.970755709134615100, -3.000000000000000000 ) ) ;
#4795 = CARTESIAN_POINT ( 'NONE',  ( 5.317839661622658200, -1.492591569362542200, -3.000000000000000000 ) ) ;
#4796 = CARTESIAN_POINT ( 'NONE',  ( 1.558831658614798100, 1.032557166397730400, -3.000000000000000400 ) ) ;
#4797 = CARTESIAN_POINT ( 'NONE',  ( 1.570228205234036600, 0.9695168925050017300, -3.000000000000000000 ) ) ;
#4798 = CARTESIAN_POINT ( 'NONE',  ( 1.585648505204286400, 0.9104324863786605900, -2.999999999999999600 ) ) ;
#4799 = CARTESIAN_POINT ( 'NONE',  ( 1.606707077037440500, 0.8559756189581877500, -3.000000000000000000 ) ) ;
#4800 = CARTESIAN_POINT ( 'NONE',  ( 1.631098349639958000, 0.8051170347312827100, -2.999999999999999600 ) ) ;
#4801 = CARTESIAN_POINT ( 'NONE',  ( 1.661124674228296800, 0.7589770786835837700, -2.999999999999999600 ) ) ;
#4802 = CARTESIAN_POINT ( 'NONE',  ( 1.694965179742704600, 0.7168637687701137100, -3.000000000000000900 ) ) ;
#4803 = CARTESIAN_POINT ( 'NONE',  ( 1.732694329194090800, 0.6798144899911066100, -3.000000000000000400 ) ) ;
#4804 = CARTESIAN_POINT ( 'NONE',  ( 1.772565270301475800, 0.6468319716637648300, -2.999999999999999100 ) ) ;
#4805 = CARTESIAN_POINT ( 'NONE',  ( 1.815556721853134800, 0.6198407348165816400, -3.000000000000000900 ) ) ;
#4806 = CARTESIAN_POINT ( 'NONE',  ( 1.860496731335749700, 0.5967908945266690000, -3.000000000000000400 ) ) ;
#4807 = CARTESIAN_POINT ( 'NONE',  ( -2.716490916716746400, -0.4297644981971151000, -2.999700000000000300 ) ) ;
#4808 = B_SPLINE_CURVE_WITH_KNOTS ( 'NONE', 3,
 ( #4910, #4909, #4908, #4907, #4906, #4905, #4700, #4699, #4698, #4697, #4696, #4695, #4694, #4693, #4692, #4691, #4690, #4689, #4688, #4687, #4686, #4685, #4684, #4683, #4682, #4681, #4680 ),
 .UNSPECIFIED., .F., .F.,
 ( 4, 1, 1, 1, 1, 1, 1, 1, 1, 1, 1, 1, 1, 1, 1, 1, 1, 1, 1, 1, 1, 1, 1, 1, 4 ),
 ( 0.0000000000000000000, 0.06311445839479325200, 0.1236146457694898700, 0.1809737111859575100, 0.2352614550083220500, 0.2871007018338719900, 0.3360307363034435400, 0.3823823485850662000, 0.4263340836597073200, 0.4682106947981601300, 0.5082496012618051800, 0.5466283366065849400, 0.5836495392304463800, 0.6189943150301617800, 0.6535830186205963100, 0.6871561361903315600, 0.7204221919788076400, 0.7532302188118172900, 0.7862601560779002300, 0.8195039834988843100, 0.8535452747120186900, 0.8883082803397301900, 0.9239958607406949500, 0.9613503047546452200, 1.000000000000000000 ),
 .UNSPECIFIED. ) ;
#4809 = B_SPLINE_CURVE_WITH_KNOTS ( 'NONE', 3,
 ( #4702, #4790, #4789, #4788, #4787, #4786, #4785, #4784, #4783, #4782, #4781 ),
 .UNSPECIFIED., .F., .F.,
 ( 4, 1, 1, 1, 1, 1, 1, 1, 4 ),
 ( 0.0000000000000000000, 0.09742066817721463400, 0.2008855880393204700, 0.3111719701726501400, 0.4297979458253725600, 0.5577399263645872500, 0.6947152693641581700, 0.8421299102060549900, 1.000000000000000000 ),
 .UNSPECIFIED. ) ;
#4810 = CARTESIAN_POINT ( 'NONE',  ( -2.222583477313701200, -1.210755636753179800, -2.999700000000000300 ) ) ;
#4811 = CARTESIAN_POINT ( 'NONE',  ( 5.321928908503579700, -1.505667932036712100, -3.000000000000000000 ) ) ;
#4812 = CARTESIAN_POINT ( 'NONE',  ( 5.329854636789696600, -1.531012378225496500, -2.999999999999999600 ) ) ;
#4813 = CARTESIAN_POINT ( 'NONE',  ( 5.341781096147637500, -1.567620616732079200, -3.000000000000000400 ) ) ;
#4814 = CARTESIAN_POINT ( 'NONE',  ( 5.352120637286723200, -1.601998346519123700, -2.999999999999999100 ) ) ;
#4815 = CARTESIAN_POINT ( 'NONE',  ( 5.361971289140623000, -1.633802347183215500, -3.000000000000000900 ) ) ;
#4816 = CARTESIAN_POINT ( 'NONE',  ( 5.371421428493612800, -1.663006206529148400, -2.999999999999999100 ) ) ;
#4817 = CARTESIAN_POINT ( 'NONE',  ( 5.379318303947399300, -1.690068041443040000, -3.000000000000000900 ) ) ;
#4818 = CARTESIAN_POINT ( 'NONE',  ( 5.386739980778322100, -1.714522703114927500, -2.999999999999999600 ) ) ;
#4819 = CARTESIAN_POINT ( 'NONE',  ( 5.393469238281249500, -1.737384444016676400, -3.000000000000000000 ) ) ;
#4820 = CARTESIAN_POINT ( 'NONE',  ( 4.652608079176682800, -0.4297644981971151000, -3.000000000000000000 ) ) ;
#4821 = CARTESIAN_POINT ( 'NONE',  ( 5.391317985106320000, -1.730075852737785100, -3.000000000000000000 ) ) ;
#4822 = CARTESIAN_POINT ( 'NONE',  ( 1.908436317191158900, 0.5797400461700213900, -2.999999999999999100 ) ) ;
#4823 = CARTESIAN_POINT ( 'NONE',  ( 1.958508778086000900, 0.5669316713339410700, -3.000000000000001300 ) ) ;
#4824 = CARTESIAN_POINT ( 'NONE',  ( 2.011210421593254200, 0.5594082084711820000, -2.999999999999999600 ) ) ;
#4825 = CARTESIAN_POINT ( 'NONE',  ( 2.047119483073021100, 0.5585094168348675400, -3.000000000000000000 ) ) ;
#4826 = CARTESIAN_POINT ( 'NONE',  ( 2.065459173153609800, 0.5580503806089742700, -2.999999999999999100 ) ) ;
#4827 = B_SPLINE_CURVE_WITH_KNOTS ( 'NONE', 3,
 ( #4826, #4825, #4824, #4823, #4822, #4806, #4805, #4804, #4803, #4802, #4801, #4800, #4799, #4798, #4797, #4796, #4917, #4916, #4915 ),
 .UNSPECIFIED., .F., .F.,
 ( 4, 1, 1, 1, 1, 1, 1, 1, 1, 1, 1, 1, 1, 1, 1, 1, 4 ),
 ( 0.0000000000000000000, 0.06105491174328316800, 0.1195453450847437800, 0.1768063562451033000, 0.2329564830316851200, 0.2885834899465034000, 0.3446666617213001200, 0.4016615108374459500, 0.4605400973082777200, 0.5204770623221879300, 0.5812128653554001800, 0.6434307597220100300, 0.7079608695212420400, 0.7753707435336733000, 0.8464136772813295500, 0.9211518871893690200, 0.9999999999999998900 ),
 .UNSPECIFIED. ) ;
#4828 = CARTESIAN_POINT ( 'NONE',  ( 2.578196833683895800, 1.147652386396359200, -2.999999999999999100 ) ) ;
#4829 = CARTESIAN_POINT ( 'NONE',  ( 2.577742497495903300, 1.175246002614274400, -3.000000000000000400 ) ) ;
#4830 = CARTESIAN_POINT ( 'NONE',  ( 2.576867801855168500, 1.228369694839948300, -3.000000000000000400 ) ) ;
#4831 = CARTESIAN_POINT ( 'NONE',  ( 2.569663588424133200, 1.305006200398542800, -3.000000000000000000 ) ) ;
#4832 = CARTESIAN_POINT ( 'NONE',  ( 2.558253315646768800, 1.375574982119760900, -3.000000000000000400 ) ) ;
#4833 = CARTESIAN_POINT ( 'NONE',  ( 2.541743608384512000, 1.440150402125531400, -3.000000000000000000 ) ) ;
#4834 = CARTESIAN_POINT ( 'NONE',  ( 2.520090697008745600, 1.498454562061794200, -2.999999999999999100 ) ) ;
#4835 = CARTESIAN_POINT ( 'NONE',  ( 2.494158494515386500, 1.550938989112816200, -3.000000000000001300 ) ) ;
#4836 = CARTESIAN_POINT ( 'NONE',  ( 2.463390385969676600, 1.597470647444886500, -2.999999999999998700 ) ) ;
#4837 = CARTESIAN_POINT ( 'NONE',  ( 2.426995637581565600, 1.636938728665828800, -3.000000000000002200 ) ) ;
#4838 = CARTESIAN_POINT ( 'NONE',  ( 2.387954640865869400, 1.671295968169078000, -2.999999999999999100 ) ) ;
#4839 = CARTESIAN_POINT ( 'NONE',  ( 2.346744579261704500, 1.700906014673210200, -3.000000000000000900 ) ) ;
#4840 = CARTESIAN_POINT ( 'NONE',  ( 2.304015276683804000, 1.726490310250452100, -2.999999999999999600 ) ) ;
#4841 = CARTESIAN_POINT ( 'NONE',  ( 2.259387447958797000, 1.747352234944358400, -3.000000000000000400 ) ) ;
#4842 = CARTESIAN_POINT ( 'NONE',  ( 2.212629880110174700, 1.763107105563057800, -3.000000000000000000 ) ) ;
#4843 = CARTESIAN_POINT ( 'NONE',  ( 2.164142483432674300, 1.774376254449476100, -3.000000000000000900 ) ) ;
#4844 = CARTESIAN_POINT ( 'NONE',  ( 2.113850010665278700, 1.781918502347154400, -3.000000000000000400 ) ) ;
#4845 = CARTESIAN_POINT ( 'NONE',  ( 2.079686691519937500, 1.782596972384931500, -3.000000000000000400 ) ) ;
#4846 = CARTESIAN_POINT ( 'NONE',  ( 0.3259789100060115900, -1.516360864883813800, -2.999700000000000300 ) ) ;
#4847 = CARTESIAN_POINT ( 'NONE',  ( 2.065459173153609800, 0.5580503806089742700, -2.999999999999999100 ) ) ;
#4848 = CARTESIAN_POINT ( 'NONE',  ( -3.210398356119791500, -1.210755636753179800, -2.999700000000000300 ) ) ;
#4849 = CARTESIAN_POINT ( 'NONE',  ( -3.210255253529795500, -1.192233381372616000, -2.999700000000000700 ) ) ;
#4850 = CARTESIAN_POINT ( 'NONE',  ( -3.209976948394966300, -1.156211400350742900, -2.999699999999999800 ) ) ;
#4851 = CARTESIAN_POINT ( 'NONE',  ( -3.208534276914346300, -1.103712198990019400, -2.999700000000000300 ) ) ;
#4852 = CARTESIAN_POINT ( 'NONE',  ( -3.205692147895775600, -1.054211409837625800, -2.999700000000000300 ) ) ;
#4853 = CARTESIAN_POINT ( 'NONE',  ( -3.202011845311987700, -1.007585314092964500, -2.999700000000000700 ) ) ;
#4854 = CARTESIAN_POINT ( 'NONE',  ( -3.197526277464528600, -0.9638048814568412900, -2.999699999999999800 ) ) ;
#4855 = CARTESIAN_POINT ( 'NONE',  ( -3.191671477723748900, -0.9229192155801666500, -2.999700000000000700 ) ) ;
#4856 = CARTESIAN_POINT ( 'NONE',  ( -3.184619205549066300, -0.8850272298948214100, -2.999700000000000700 ) ) ;
#4857 = CARTESIAN_POINT ( 'NONE',  ( -3.173964947711440200, -0.8390848374233684800, -2.999699999999999800 ) ) ;
#4858 = VECTOR ( 'NONE', #4758, 1000.000000000000200 ) ;
#4859 = CARTESIAN_POINT ( 'NONE',  ( 5.807425410930926000, -0.4297644981971151000, -3.000000000000000000 ) ) ;
#4860 = CARTESIAN_POINT ( 'NONE',  ( -5.080764090709188900, 0.3802437024238782800, -3.000000000000000400 ) ) ;
#4861 = CARTESIAN_POINT ( 'NONE',  ( -5.107152123485062300, 0.3808862091297108300, -3.000000000000000400 ) ) ;
#4862 = CARTESIAN_POINT ( 'NONE',  ( -5.158849076387267200, 0.3821449478615022700, -3.000000000000000000 ) ) ;
#4863 = CARTESIAN_POINT ( 'NONE',  ( -5.234136442400379800, 0.3940320099579621700, -3.000000000000000900 ) ) ;
#4864 = CARTESIAN_POINT ( 'NONE',  ( -5.305574790457360000, 0.4123557482182860200, -2.999999999999999600 ) ) ;
#4865 = CARTESIAN_POINT ( 'NONE',  ( -5.361657684324284500, 0.4343592105301985500, -3.000000000000000400 ) ) ;
#4866 = CARTESIAN_POINT ( 'NONE',  ( -5.403883496730265400, 0.4553931158659022500, -2.999999999999999600 ) ) ;
#4867 = CARTESIAN_POINT ( 'NONE',  ( -5.433453914106748600, 0.4726544162582304000, -3.000000000000000000 ) ) ;
#4868 = CARTESIAN_POINT ( 'NONE',  ( -5.461272726262365900, 0.4913144551861780000, -3.000000000000000400 ) ) ;
#4869 = CARTESIAN_POINT ( 'NONE',  ( -5.487046318800077300, 0.5115674819835200900, -2.999999999999999600 ) ) ;
#4870 = CARTESIAN_POINT ( 'NONE',  ( -5.510991979092701800, 0.5334203931770514800, -3.000000000000000900 ) ) ;
#4871 = CARTESIAN_POINT ( 'NONE',  ( -5.533295622610366700, 0.5564273179571173100, -2.999999999999999100 ) ) ;
#4872 = CARTESIAN_POINT ( 'NONE',  ( -5.553408156287871700, 0.5813090196215614500, -3.000000000000000000 ) ) ;
#4873 = CARTESIAN_POINT ( 'NONE',  ( -5.577350304278541100, 0.6159268323357461900, -3.000000000000000400 ) ) ;
#4874 = CARTESIAN_POINT ( 'NONE',  ( -5.602677809809987900, 0.6612467261872975200, -3.000000000000000000 ) ) ;
#4875 = CARTESIAN_POINT ( 'NONE',  ( -5.624274531274347000, 0.7183566794581722800, -3.000000000000000900 ) ) ;
#4876 = CARTESIAN_POINT ( 'NONE',  ( -5.638022111521355100, 0.7772940192342131500, -3.000000000000000400 ) ) ;
#4877 = CARTESIAN_POINT ( 'NONE',  ( -5.639618743857682600, 0.8172773914233557600, -3.000000000000000000 ) ) ;
#4878 = CARTESIAN_POINT ( 'NONE',  ( -5.640422957982763400, 0.8374167760213215800, -3.000000000000000000 ) ) ;
#4879 = CARTESIAN_POINT ( 'NONE',  ( 5.807425410930926000, -0.4297644981971151000, -3.000000000000000000 ) ) ;
#4880 = B_SPLINE_CURVE_WITH_KNOTS ( 'NONE', 3,
 ( #4878, #4877, #4876, #4875, #4874, #4873, #4872, #4871, #4870, #4869, #4868, #4867, #4866, #4865, #4864, #4863, #4862, #4861, #4860 ),
 .UNSPECIFIED., .F., .F.,
 ( 4, 1, 1, 1, 1, 1, 1, 1, 1, 1, 1, 1, 1, 1, 1, 1, 4 ),
 ( 0.0000000000000000000, 0.07481596665055564900, 0.1485345605139198900, 0.2238723272963845700, 0.3012971209351243400, 0.3408936290197575000, 0.3803400620654399100, 0.4201265887284643100, 0.4599499070829664600, 0.5008311555562168200, 0.5419071755971081000, 0.5844387941530513300, 0.6280801713306065600, 0.7172666799070598300, 0.8078600064218670600, 0.9019246558363442900, 0.9999999999999998900 ),
 .UNSPECIFIED. ) ;
#4881 = CARTESIAN_POINT ( 'NONE',  ( 2.890901981255945300, -0.6470837715344549500, -3.000000000000000000 ) ) ;
#4882 = CARTESIAN_POINT ( 'NONE',  ( 2.969309787261178900, -1.046222721002040500, -3.000000000000000000 ) ) ;
#4883 = LINE ( 'NONE', #4859, #4858 ) ;
#4884 = DIRECTION ( 'NONE',  ( 0.2990981086500767400, 0.9542223647567409400, 0.0000000000000000000 ) ) ;
#4885 = VECTOR ( 'NONE', #4884, 1000.000000000000100 ) ;
#4886 = CARTESIAN_POINT ( 'NONE',  ( 5.508302717942458000, -1.970755709134615100, -3.000000000000000000 ) ) ;
#4887 = CARTESIAN_POINT ( 'NONE',  ( 0.3883347242306484600, 1.940991210937500000, -3.000000000000000000 ) ) ;
#4888 = LINE ( 'NONE', #4886, #4885 ) ;
#4889 = DIRECTION ( 'NONE',  ( 1.000000000000000000, 0.0000000000000000000, 0.0000000000000000000 ) ) ;
#4890 = VECTOR ( 'NONE', #4889, 1000.000000000000000 ) ;
#4891 = LINE ( 'NONE', #4902, #4890 ) ;
#4892 = CARTESIAN_POINT ( 'NONE',  ( 5.393469238281249500, -1.737384444016676400, -3.000000000000000000 ) ) ;
#4893 = CARTESIAN_POINT ( 'NONE',  ( 5.395400747876846200, -1.730689065352587300, -3.000000000000000400 ) ) ;
#4894 = CARTESIAN_POINT ( 'NONE',  ( 5.399479567566423600, -1.716550257869293300, -3.000000000000000900 ) ) ;
#4895 = CARTESIAN_POINT ( 'NONE',  ( 5.406439480003730800, -1.694303082328813700, -3.000000000000000000 ) ) ;
#4896 = CARTESIAN_POINT ( 'NONE',  ( 5.413719475393373100, -1.669537642244195400, -2.999999999999999100 ) ) ;
#4897 = CARTESIAN_POINT ( 'NONE',  ( 5.422127466397490100, -1.642529136708918500, -3.000000000000000900 ) ) ;
#4898 = CARTESIAN_POINT ( 'NONE',  ( 5.431036945994526900, -1.613055941014686100, -2.999999999999999600 ) ) ;
#4899 = CARTESIAN_POINT ( 'NONE',  ( 5.440929141341404000, -1.581264388230686700, -3.000000000000000900 ) ) ;
#4900 = CARTESIAN_POINT ( 'NONE',  ( 5.451801688684224000, -1.547053284167372100, -2.999999999999999600 ) ) ;
#4901 = CARTESIAN_POINT ( 'NONE',  ( 5.459133729970861100, -1.523362893470478400, -3.000000000000000000 ) ) ;
#4902 = CARTESIAN_POINT ( 'NONE',  ( 5.281105295817057200, -1.970755709134615100, -3.000000000000000000 ) ) ;
#4903 = CARTESIAN_POINT ( 'NONE',  ( 5.462924971947303200, -1.511113098340156400, -3.000000000000000000 ) ) ;
#4904 = B_SPLINE_CURVE_WITH_KNOTS ( 'NONE', 3,
 ( #4903, #4901, #4900, #4899, #4898, #4897, #4896, #4895, #4894, #4893, #4892 ),
 .UNSPECIFIED., .F., .F.,
 ( 4, 1, 1, 1, 1, 1, 1, 1, 4 ),
 ( 0.0000000000000000000, 0.1625255217041875500, 0.3143148980392370700, 0.4549784905465749700, 0.5845192373661989300, 0.7045671033090734600, 0.8134949897289290900, 0.9116812596826063800, 1.000000000000000000 ),
 .UNSPECIFIED. ) ;
#4905 = CARTESIAN_POINT ( 'NONE',  ( -2.236114166012749900, -0.9658541289070227100, -2.999699999999999800 ) ) ;
#4906 = CARTESIAN_POINT ( 'NONE',  ( -2.229812220885746500, -1.022558095412476000, -2.999699999999999800 ) ) ;
#4907 = CARTESIAN_POINT ( 'NONE',  ( -2.225590447707099400, -1.082491163192016700, -2.999700000000000300 ) ) ;
#4908 = CARTESIAN_POINT ( 'NONE',  ( -2.223172366883089200, -1.145601283176677800, -2.999700000000000700 ) ) ;
#4909 = CARTESIAN_POINT ( 'NONE',  ( -2.222782522054973100, -1.188733457851566700, -2.999700000000000300 ) ) ;
#4910 = CARTESIAN_POINT ( 'NONE',  ( -2.222583477313701200, -1.210755636753179800, -2.999700000000000300 ) ) ;
#4911 = CARTESIAN_POINT ( 'NONE',  ( 0.8989115397135435400, -1.516360864883813800, -2.999700000000000300 ) ) ;
#4912 = DIRECTION ( 'NONE',  ( 1.000000000000000000, 0.0000000000000000000, 0.0000000000000000000 ) ) ;
#4913 = VECTOR ( 'NONE', #4912, 1000.000000000000000 ) ;
#4914 = LINE ( 'NONE', #4846, #4913 ) ;
#4915 = CARTESIAN_POINT ( 'NONE',  ( 1.550869359725562500, 1.169569529019869300, -3.000000000000000000 ) ) ;
#4916 = CARTESIAN_POINT ( 'NONE',  ( 1.551240643569048000, 1.145886902137891000, -3.000000000000000000 ) ) ;
#4917 = CARTESIAN_POINT ( 'NONE',  ( 1.551963858344558100, 1.099756088787201100, -3.000000000000000400 ) ) ;
#4918 = CARTESIAN_POINT ( 'NONE',  ( -5.541641470102158400, -1.210755636753179800, -2.999700000000000300 ) ) ;
#4919 = CARTESIAN_POINT ( 'NONE',  ( -5.542144981232066700, -1.245442203842301200, -2.999700000000000300 ) ) ;
#4920 = CARTESIAN_POINT ( 'NONE',  ( -5.543118656865410700, -1.312518109761565200, -2.999700000000000300 ) ) ;
#4921 = CARTESIAN_POINT ( 'NONE',  ( -5.549724415821939000, -1.409524735141490600, -2.999700000000000300 ) ) ;
#4922 = CARTESIAN_POINT ( 'NONE',  ( -5.561397398419146900, -1.499425637583682100, -2.999699999999999800 ) ) ;
#4923 = CARTESIAN_POINT ( 'NONE',  ( -5.577559375495918700, -1.582181976932510700, -2.999700000000000700 ) ) ;
#4924 = CARTESIAN_POINT ( 'NONE',  ( -5.598193900804870900, -1.657956138753929200, -2.999699999999999800 ) ) ;
#4925 = CARTESIAN_POINT ( 'NONE',  ( -5.624486061109927000, -1.726145046378683400, -2.999700000000001600 ) ) ;
#4926 = CARTESIAN_POINT ( 'NONE',  ( 1.254524896083733600, -1.970755709134615100, -2.999700000000000300 ) ) ;
#4927 = LINE ( 'NONE', #4926, #5149 ) ;
#4928 = CARTESIAN_POINT ( 'NONE',  ( -4.722063812842727700, 1.205686510526216900, -2.999700000000000300 ) ) ;
#4929 = FILL_AREA_STYLE_COLOUR ( '', #4930 ) ;
#4930 = COLOUR_RGB ( '',1.000000000000000000, 1.000000000000000000, 1.000000000000000000 ) ;
#4931 = PLANE ( 'NONE',  #4957 ) ;
#4932 = STYLED_ITEM ( 'NONE', ( #4763 ), #1003 ) ;
#4933 = DIRECTION ( 'NONE',  ( -1.000000000000000000, 0.0000000000000000000, 0.0000000000000000000 ) ) ;
#4934 = VECTOR ( 'NONE', #4933, 1000.000000000000000 ) ;
#4935 = CARTESIAN_POINT ( 'NONE',  ( 5.699691850711138500, 1.940991210937499800, -2.999700000000000300 ) ) ;
#4936 = LINE ( 'NONE', #4935, #4934 ) ;
#4937 = MECHANICAL_DESIGN_GEOMETRIC_PRESENTATION_REPRESENTATION (  '', ( #4932 ), #5820 ) ;
#4938 = CARTESIAN_POINT ( 'NONE',  ( -6.941251676510536800, -1.773192733373397000, -3.000000000000000000 ) ) ;
#4939 = DIRECTION ( 'NONE',  ( -1.000000000000000000, 0.0000000000000000000, 0.0000000000000000000 ) ) ;
#4940 = VECTOR ( 'NONE', #4939, 1000.000000000000000 ) ;
#4941 = CARTESIAN_POINT ( 'NONE',  ( 3.289423546424280700, 0.4000000000000000800, -2.999700000000000300 ) ) ;
#4942 = CARTESIAN_POINT ( 'NONE',  ( 4.257482127654249400, 0.4000000000000000800, -2.999700000000000300 ) ) ;
#4943 = CARTESIAN_POINT ( 'NONE',  ( 4.257482127654249400, 1.940991210937500000, -2.999700000000000300 ) ) ;
#4944 = LINE ( 'NONE', #4943, #4940 ) ;
#4945 = CARTESIAN_POINT ( 'NONE',  ( -2.509358484317094200, -0.7131438915546121100, -2.999700000000000300 ) ) ;
#4946 = CARTESIAN_POINT ( 'NONE',  ( -2.516103090245906500, -0.7047851168457377500, -2.999699999999999400 ) ) ;
#4947 = CARTESIAN_POINT ( 'NONE',  ( -2.529292023895104900, -0.6884397104294811600, -2.999700000000000700 ) ) ;
#4948 = CARTESIAN_POINT ( 'NONE',  ( -2.551179056219063900, -0.6665754137718975500, -2.999699999999999800 ) ) ;
#4949 = CARTESIAN_POINT ( 'NONE',  ( -2.575090005949652600, -0.6486301535248908400, -2.999699999999999800 ) ) ;
#4950 = CARTESIAN_POINT ( 'NONE',  ( -2.599904976714650000, -0.6332604180008436500, -2.999699999999999800 ) ) ;
#4951 = CARTESIAN_POINT ( 'NONE',  ( -2.626608068542945600, -0.6218399192779000600, -2.999700000000001100 ) ) ;
#4952 = DIRECTION ( 'NONE',  ( 1.000000000000000000, 0.0000000000000000000, 0.0000000000000000000 ) ) ;
#4953 = VECTOR ( 'NONE', #4952, 1000.000000000000000 ) ;
#4954 = CARTESIAN_POINT ( 'NONE',  ( 3.289423546424280700, 1.130983010316506400, -2.999700000000000300 ) ) ;
#4955 = LINE ( 'NONE', #4954, #4953 ) ;
#4956 = B_SPLINE_CURVE_WITH_KNOTS ( 'NONE', 3,
 ( #4928, #5142, #5141, #5140, #5139, #5138, #5137, #5136, #5135, #5134, #5070 ),
 .UNSPECIFIED., .F., .F.,
 ( 4, 1, 1, 1, 1, 1, 1, 1, 4 ),
 ( 0.0000000000000000000, 0.1448052410584835800, 0.2795118010254862800, 0.4063939211311613000, 0.5275015404829167500, 0.6453932904726502600, 0.7618854106740862200, 0.8789420729184866900, 1.000000000000000000 ),
 .UNSPECIFIED. ) ;
#4957 = AXIS2_PLACEMENT_3D ( 'NONE', #5095, #5094, #5093 ) ;
#4958 = CARTESIAN_POINT ( 'NONE',  ( 4.988465137970753600, 0.4000000000000000200, -2.999700000000000300 ) ) ;
#4959 = CARTESIAN_POINT ( 'NONE',  ( -5.600910362830520100, 1.506352664262820400, -2.999700000000000300 ) ) ;
#4960 =( GEOMETRIC_REPRESENTATION_CONTEXT ( 3 ) GLOBAL_UNCERTAINTY_ASSIGNED_CONTEXT ( ( #4961 ) ) GLOBAL_UNIT_ASSIGNED_CONTEXT ( ( #4964, #4963, #4962 ) ) REPRESENTATION_CONTEXT ( 'NONE', 'WORKASPACE' ) );
#4961 = UNCERTAINTY_MEASURE_WITH_UNIT (LENGTH_MEASURE( 1.000000000000000100E-005 ), #4964, 'distance_accuracy_value', 'NONE');
#4962 =( NAMED_UNIT ( * ) SI_UNIT ( $, .STERADIAN. ) SOLID_ANGLE_UNIT ( ) );
#4963 =( NAMED_UNIT ( * ) PLANE_ANGLE_UNIT ( ) SI_UNIT ( $, .RADIAN. ) );
#4964 =( LENGTH_UNIT ( ) NAMED_UNIT ( * ) SI_UNIT ( .MILLI., .METRE. ) );
#4965 = CARTESIAN_POINT ( 'NONE',  ( 4.136006914074324700, -0.4567152278333762000, -2.999999999999999600 ) ) ;
#4966 = CARTESIAN_POINT ( 'NONE',  ( 4.178042760725240600, -0.4725079068353467700, -3.000000000000000000 ) ) ;
#4967 = CARTESIAN_POINT ( 'NONE',  ( 4.217416913893612400, -0.4915821510884090800, -3.000000000000000000 ) ) ;
#4968 = CARTESIAN_POINT ( 'NONE',  ( 4.253910073363839800, -0.5143862780706464100, -3.000000000000000000 ) ) ;
#4969 = CARTESIAN_POINT ( 'NONE',  ( 4.287505546000304900, -0.5404887429185026800, -3.000000000000000000 ) ) ;
#4970 = CARTESIAN_POINT ( 'NONE',  ( 4.317887754309546200, -0.5701081199644121300, -3.000000000000000000 ) ) ;
#4971 = CARTESIAN_POINT ( 'NONE',  ( 4.345389568709941300, -0.6025244580507600500, -2.999999999999999600 ) ) ;
#4972 = CARTESIAN_POINT ( 'NONE',  ( 4.368706982996966900, -0.6387595666209845400, -3.000000000000000400 ) ) ;
#4973 = CARTESIAN_POINT ( 'NONE',  ( 4.389334307028739200, -0.6776642199640273700, -3.000000000000000900 ) ) ;
#4974 = CARTESIAN_POINT ( 'NONE',  ( 4.405788853244866100, -0.7200431171718370000, -2.999999999999999600 ) ) ;
#4975 = CARTESIAN_POINT ( 'NONE',  ( 4.419540115793050300, -0.7651748417910605400, -3.000000000000000400 ) ) ;
#4976 = CARTESIAN_POINT ( 'NONE',  ( 4.429335093685561600, -0.8136886249031292100, -2.999999999999999600 ) ) ;
#4977 = CARTESIAN_POINT ( 'NONE',  ( 4.433267455936853500, -0.8471849487981835100, -2.999999999999999600 ) ) ;
#4978 = CARTESIAN_POINT ( 'NONE',  ( 4.435288805839341800, -0.8644030448717945300, -3.000000000000000000 ) ) ;
#4979 = CARTESIAN_POINT ( 'NONE',  ( 4.434362729390461900, -1.833696394700270000, -3.000000000000000000 ) ) ;
#4980 = AXIS2_PLACEMENT_3D ( 'NONE', #5030, #5029, #5028 ) ;
#4981 = DIRECTION ( 'NONE',  ( 1.000000000000000000, 0.0000000000000000000, 0.0000000000000000000 ) ) ;
#4982 = VECTOR ( 'NONE', #4981, 1000.000000000000000 ) ;
#4983 = LINE ( 'NONE', #4958, #4982 ) ;
#4984 = CARTESIAN_POINT ( 'NONE',  ( 4.988465137970753600, 1.763184532752403600, -2.999700000000000300 ) ) ;
#4985 = CARTESIAN_POINT ( 'NONE',  ( 3.289423546424280700, 1.130983010316506400, -2.999700000000000300 ) ) ;
#4986 = CARTESIAN_POINT ( 'NONE',  ( 5.699691850711138500, 1.763184532752403600, -2.999700000000000300 ) ) ;
#4987 = FILL_AREA_STYLE ('',( #5050 ) ) ;
#4988 = CARTESIAN_POINT ( 'NONE',  ( -0.001543460748133882100, -1.842031082740196400, -3.000000000000000000 ) ) ;
#4989 = CARTESIAN_POINT ( 'NONE',  ( -0.01215386355753314900, -1.853959143251265200, -3.000000000000000400 ) ) ;
#4990 = CARTESIAN_POINT ( 'NONE',  ( -0.03311966017187976300, -1.877528586859678700, -2.999999999999999100 ) ) ;
#4991 = CARTESIAN_POINT ( 'NONE',  ( -0.06954006055872089000, -1.907402008080270900, -3.000000000000000400 ) ) ;
#4992 = CARTESIAN_POINT ( 'NONE',  ( -0.1082055401850084000, -1.933270127227697500, -3.000000000000000000 ) ) ;
#4993 = CARTESIAN_POINT ( 'NONE',  ( -0.1498930539894692300, -1.954531095188253700, -3.000000000000000000 ) ) ;
#4994 = CARTESIAN_POINT ( 'NONE',  ( -0.1948016432742424600, -1.970426461631696400, -2.999999999999999600 ) ) ;
#4995 = CARTESIAN_POINT ( 'NONE',  ( -0.2424265232166880100, -1.982278583346307900, -3.000000000000000000 ) ) ;
#4996 = CARTESIAN_POINT ( 'NONE',  ( -0.2931693824058598800, -1.989012563768058200, -3.000000000000000000 ) ) ;
#4997 = CARTESIAN_POINT ( 'NONE',  ( -0.3279146211288481200, -1.990003673539857000, -3.000000000000000000 ) ) ;
#4998 = CARTESIAN_POINT ( 'NONE',  ( -0.3457352075821307200, -1.990512006710736900, -3.000000000000000000 ) ) ;
#4999 = B_SPLINE_CURVE_WITH_KNOTS ( 'NONE', 3,
 ( #4998, #4997, #4996, #4995, #4994, #4993, #4992, #4991, #4990, #4989, #4988 ),
 .UNSPECIFIED., .F., .F.,
 ( 4, 1, 1, 1, 1, 1, 1, 1, 4 ),
 ( 0.0000000000000000000, 0.1379032299933936100, 0.2688733426002937200, 0.3951781273461131800, 0.5170892381308877000, 0.6367430265135479700, 0.7562218164637974900, 0.8766283594636796700, 1.000000000000000000 ),
 .UNSPECIFIED. ) ;
#5000 = CARTESIAN_POINT ( 'NONE',  ( 3.945703056531074000, -0.6075711763822112500, -3.000000000000000000 ) ) ;
#5001 = B_SPLINE_CURVE_WITH_KNOTS ( 'NONE', 3,
 ( #4978, #4977, #4976, #4975, #4974, #4973, #4972, #4971, #4970, #4969, #4968, #4967, #4966, #4965, #5062, #5061, #5060, #5059, #5058 ),
 .UNSPECIFIED., .F., .F.,
 ( 4, 1, 1, 1, 1, 1, 1, 1, 1, 1, 1, 1, 1, 1, 1, 1, 4 ),
 ( 0.0000000000000000000, 0.07067529020333018800, 0.1374926938441248800, 0.2014728253723051500, 0.2628693217722903300, 0.3225500865261558500, 0.3807372513385546300, 0.4382197368560122300, 0.4954874370602862500, 0.5534836796953474000, 0.6113462062294287000, 0.6706437388141554000, 0.7315869484227129900, 0.7941831937999382900, 0.8594451119347497100, 0.9282076353998101000, 1.000000000000000000 ),
 .UNSPECIFIED. ) ;
#5002 = DIRECTION ( 'NONE',  ( 1.000000000000000000, 0.0000000000000000000, 0.0000000000000000000 ) ) ;
#5003 = VECTOR ( 'NONE', #5002, 1000.000000000000000 ) ;
#5004 = CARTESIAN_POINT ( 'NONE',  ( 1.254524896083733600, -1.970755709134615100, -3.000000000000000000 ) ) ;
#5005 = LINE ( 'NONE', #5004, #5003 ) ;
#5006 = CARTESIAN_POINT ( 'NONE',  ( -2.716490916716746400, -1.812705328525640700, -2.999700000000001100 ) ) ;
#5007 = CARTESIAN_POINT ( 'NONE',  ( -2.706284110132710200, -1.812324087679682000, -2.999700000000000300 ) ) ;
#5008 = CARTESIAN_POINT ( 'NONE',  ( -2.686044215813132100, -1.811568094669627300, -2.999699999999999800 ) ) ;
#5009 = CARTESIAN_POINT ( 'NONE',  ( -2.656325355481269600, -1.806306494004240400, -2.999700000000000700 ) ) ;
#5010 = CARTESIAN_POINT ( 'NONE',  ( -6.407542700261134700, -0.6223468712904006700, -2.999700000000000700 ) ) ;
#5011 = CARTESIAN_POINT ( 'NONE',  ( -6.377557205131887000, -0.5775802496795113800, -2.999700000000000300 ) ) ;
#5012 = CARTESIAN_POINT ( 'NONE',  ( -6.341814576010334800, -0.5388170986952654000, -2.999699999999999400 ) ) ;
#5013 = CARTESIAN_POINT ( 'NONE',  ( -6.300704888385408400, -0.5055980877088359600, -2.999700000000001100 ) ) ;
#5014 = CARTESIAN_POINT ( 'NONE',  ( -6.254671576641737100, -0.4782720097754495900, -2.999699999999998000 ) ) ;
#5015 = CARTESIAN_POINT ( 'NONE',  ( -6.204477892021683000, -0.4567586732904251300, -2.999700000000001600 ) ) ;
#5016 = DIRECTION ( 'NONE',  ( 1.000000000000000000, 0.0000000000000000000, 0.0000000000000000000 ) ) ;
#5017 = VECTOR ( 'NONE', #5016, 1000.000000000000000 ) ;
#5018 = CARTESIAN_POINT ( 'NONE',  ( 4.040162854316909200, 0.4000000000000000800, -2.999700000000000300 ) ) ;
#5019 = CARTESIAN_POINT ( 'NONE',  ( -6.150981887787772900, -0.4408115654097898900, -2.999700000000000300 ) ) ;
#5020 = CARTESIAN_POINT ( 'NONE',  ( -6.094218319904316900, -0.4314893373407190900, -2.999700000000000300 ) ) ;
#5021 = CARTESIAN_POINT ( 'NONE',  ( -6.055339301337212100, -0.4303463217107126900, -2.999700000000000300 ) ) ;
#5022 = CARTESIAN_POINT ( 'NONE',  ( -6.035548909505203100, -0.4297644981971151000, -2.999700000000000300 ) ) ;
#5023 = B_SPLINE_CURVE_WITH_KNOTS ( 'NONE', 3,
 ( #5022, #5021, #5020, #5019, #5015, #5014, #5013, #5012, #5011, #5010, #5133, #5132, #5131, #5130, #5129, #5128, #5127, #5126, #5125, #5124, #5123, #5122, #5121 ),
 .UNSPECIFIED., .F., .F.,
 ( 4, 1, 1, 1, 1, 1, 1, 1, 1, 1, 1, 1, 1, 1, 1, 1, 1, 1, 1, 1, 4 ),
 ( 0.0000000000000000000, 0.05672433721815077500, 0.1114372357370106600, 0.1643678222229017200, 0.2164353724620897700, 0.2676414903219250800, 0.3173597799690278700, 0.3674730633322808000, 0.4182103970528084400, 0.4714042826470199500, 0.5279657201290493000, 0.5880611158232139600, 0.6521342629937146900, 0.6863448363353056300, 0.7232636803169653100, 0.7626102507715418800, 0.8047389366452182300, 0.8494303387909500900, 0.8967112583864923500, 0.9468896380534767000, 1.000000000000000000 ),
 .UNSPECIFIED. ) ;
#5024 = CARTESIAN_POINT ( 'NONE',  ( -2.420146453074919700, -1.210138252453926100, -2.999700000000000700 ) ) ;
#5025 = CARTESIAN_POINT ( 'NONE',  ( 3.289423546424280700, 1.308789688501602400, -2.999700000000000300 ) ) ;
#5026 = CARTESIAN_POINT ( 'NONE',  ( 4.040162854316909200, 0.4000000000000000800, -2.999700000000000300 ) ) ;
#5027 = CARTESIAN_POINT ( 'NONE',  ( 4.494557698567709800, 1.940991210937499800, -2.999700000000000300 ) ) ;
#5028 = DIRECTION ( 'NONE',  ( 1.000000000000000000, 0.0000000000000000000, -0.0000000000000000000 ) ) ;
#5029 = DIRECTION ( 'NONE',  ( 0.0000000000000000000, 0.0000000000000000000, 1.000000000000000000 ) ) ;
#5030 = CARTESIAN_POINT ( 'NONE',  ( 4.257482127654249400, 0.4000000000000000800, -2.999700000000000300 ) ) ;
#5031 = LINE ( 'NONE', #5018, #5017 ) ;
#5032 =( GEOMETRIC_REPRESENTATION_CONTEXT ( 3 ) GLOBAL_UNCERTAINTY_ASSIGNED_CONTEXT ( ( #5034 ) ) GLOBAL_UNIT_ASSIGNED_CONTEXT ( ( #5037, #5036, #5035 ) ) REPRESENTATION_CONTEXT ( 'NONE', 'WORKASPACE' ) );
#5033 = FACE_OUTER_BOUND ( 'NONE', #557, .T. ) ;
#5034 = UNCERTAINTY_MEASURE_WITH_UNIT (LENGTH_MEASURE( 1.000000000000000100E-005 ), #5037, 'distance_accuracy_value', 'NONE');
#5035 =( NAMED_UNIT ( * ) SI_UNIT ( $, .STERADIAN. ) SOLID_ANGLE_UNIT ( ) );
#5036 =( NAMED_UNIT ( * ) PLANE_ANGLE_UNIT ( ) SI_UNIT ( $, .RADIAN. ) );
#5037 =( LENGTH_UNIT ( ) NAMED_UNIT ( * ) SI_UNIT ( .MILLI., .METRE. ) );
#5038 = MECHANICAL_DESIGN_GEOMETRIC_PRESENTATION_REPRESENTATION (  '', ( #5040 ), #5032 ) ;
#5039 = PRESENTATION_LAYER_ASSIGNMENT (  '', '', ( #5040 ) ) ;
#5040 = STYLED_ITEM ( 'NONE', ( #5041 ), #834 ) ;
#5041 = PRESENTATION_STYLE_ASSIGNMENT (( #5042 ) ) ;
#5042 = SURFACE_STYLE_USAGE ( .BOTH. , #5043 ) ;
#5043 = SURFACE_SIDE_STYLE ('',( #5044 ) ) ;
#5044 = SURFACE_STYLE_FILL_AREA ( #4987 ) ;
#5045 = PLANE ( 'NONE',  #4980 ) ;
#5046 = DIRECTION ( 'NONE',  ( 0.0000000000000000000, 1.000000000000000000, 0.0000000000000000000 ) ) ;
#5047 = VECTOR ( 'NONE', #5046, 1000.000000000000000 ) ;
#5048 = CARTESIAN_POINT ( 'NONE',  ( 3.289423546424280700, 0.4000000000000000800, -2.999700000000000300 ) ) ;
#5049 = LINE ( 'NONE', #5048, #5047 ) ;
#5050 = FILL_AREA_STYLE_COLOUR ( '', #5052 ) ;
#5051 = CARTESIAN_POINT ( 'NONE',  ( 4.040162854316909200, 1.130983010316506400, -2.999700000000000300 ) ) ;
#5052 = COLOUR_RGB ( '',1.000000000000000000, 1.000000000000000000, 1.000000000000000000 ) ;
#5053 = FACE_OUTER_BOUND ( 'NONE', #994, .T. ) ;
#5054 = DIRECTION ( 'NONE',  ( 0.0000000000000000000, -1.000000000000000000, 0.0000000000000000000 ) ) ;
#5055 = VECTOR ( 'NONE', #5054, 1000.000000000000000 ) ;
#5056 = LINE ( 'NONE', #4984, #5055 ) ;
#5057 = CARTESIAN_POINT ( 'NONE',  ( 3.072104273086941000, 0.4000000000000000800, -2.999700000000000300 ) ) ;
#5058 = CARTESIAN_POINT ( 'NONE',  ( 3.941381366436298000, -0.4297644981971151000, -3.000000000000000000 ) ) ;
#5059 = CARTESIAN_POINT ( 'NONE',  ( 3.958989929718294200, -0.4301294675563346900, -3.000000000000000000 ) ) ;
#5060 = CARTESIAN_POINT ( 'NONE',  ( 3.993463925036235400, -0.4308440035340536100, -3.000000000000000400 ) ) ;
#5061 = CARTESIAN_POINT ( 'NONE',  ( 4.043723997098875400, -0.4361404829401234800, -3.000000000000000400 ) ) ;
#5062 = CARTESIAN_POINT ( 'NONE',  ( 4.091212869906184900, -0.4447329248079771000, -2.999999999999999600 ) ) ;
#5063 = MECHANICAL_DESIGN_GEOMETRIC_PRESENTATION_REPRESENTATION (  '', ( #5065 ), #4960 ) ;
#5064 = PRESENTATION_LAYER_ASSIGNMENT (  '', '', ( #5065 ) ) ;
#5065 = STYLED_ITEM ( 'NONE', ( #5066 ), #811 ) ;
#5066 = PRESENTATION_STYLE_ASSIGNMENT (( #5067 ) ) ;
#5067 = SURFACE_STYLE_USAGE ( .BOTH. , #5068 ) ;
#5068 = SURFACE_SIDE_STYLE ('',( #5069 ) ) ;
#5069 = SURFACE_STYLE_FILL_AREA ( #5096 ) ;
#5070 = CARTESIAN_POINT ( 'NONE',  ( -4.494557698567700000, 1.538765339973645200, -2.999700000000000300 ) ) ;
#5071 = CARTESIAN_POINT ( 'NONE',  ( -2.627835695754376500, -1.797163590363283700, -2.999700000000000700 ) ) ;
#5072 = CARTESIAN_POINT ( 'NONE',  ( -2.600569037525847900, -1.784549247714778000, -2.999700000000000700 ) ) ;
#5073 = CARTESIAN_POINT ( 'NONE',  ( -2.574823537171009300, -1.767888606851431500, -2.999700000000000700 ) ) ;
#5074 = CARTESIAN_POINT ( 'NONE',  ( -2.550199734724989800, -1.747906933163024400, -2.999700000000000300 ) ) ;
#5075 = CARTESIAN_POINT ( 'NONE',  ( -2.526858297522906100, -1.724398448489290900, -2.999700000000000700 ) ) ;
#5076 = CARTESIAN_POINT ( 'NONE',  ( -2.504250082232604600, -1.697064029090091600, -2.999700000000000700 ) ) ;
#5077 = CARTESIAN_POINT ( 'NONE',  ( -2.483601227463503800, -1.663530866349619800, -2.999699999999999800 ) ) ;
#5078 = CARTESIAN_POINT ( 'NONE',  ( -2.466915028705873000, -1.621980199166363200, -2.999700000000000700 ) ) ;
#5079 = CARTESIAN_POINT ( 'NONE',  ( -2.452112297581396000, -1.572927016082160200, -2.999700000000000700 ) ) ;
#5080 = CARTESIAN_POINT ( 'NONE',  ( -2.440323100627168600, -1.515782567694524700, -2.999699999999999800 ) ) ;
#5081 = CARTESIAN_POINT ( 'NONE',  ( -2.431394629440121900, -1.450692475650012800, -2.999699999999999400 ) ) ;
#5082 = CARTESIAN_POINT ( 'NONE',  ( -2.424641202756897800, -1.377568692727616100, -2.999700000000000300 ) ) ;
#5083 = DIRECTION ( 'NONE',  ( 0.0000000000000000000, -1.000000000000000000, 0.0000000000000000000 ) ) ;
#5084 = VECTOR ( 'NONE', #5083, 1000.000000000000000 ) ;
#5085 = LINE ( 'NONE', #5090, #5084 ) ;
#5086 = CARTESIAN_POINT ( 'NONE',  ( 1.452087871844951700, -1.970755709134615100, -3.000000000000000000 ) ) ;
#5087 = CARTESIAN_POINT ( 'NONE',  ( -2.420718119306822100, -1.296512463582687500, -2.999700000000001100 ) ) ;
#5088 = CARTESIAN_POINT ( 'NONE',  ( -2.420342617399613000, -1.239777118371554200, -2.999700000000000300 ) ) ;
#5089 = CARTESIAN_POINT ( 'NONE',  ( -2.420146453074919700, -1.210138252453926100, -2.999700000000000700 ) ) ;
#5090 = CARTESIAN_POINT ( 'NONE',  ( 1.254524896083733600, -1.595386055188300800, -3.000000000000000000 ) ) ;
#5091 = B_SPLINE_CURVE_WITH_KNOTS ( 'NONE', 3,
 ( #5089, #5088, #5087, #5082, #5081, #5080, #5079, #5078, #5077, #5076, #5075, #5074, #5073, #5072, #5071, #5009, #5008, #5007, #5006 ),
 .UNSPECIFIED., .F., .F.,
 ( 4, 1, 1, 1, 1, 1, 1, 1, 1, 1, 1, 1, 1, 1, 1, 1, 4 ),
 ( 0.0000000000000000000, 0.1184055081537696700, 0.2266543328167021400, 0.3240923419286021500, 0.4117048030053223100, 0.4890259050064159100, 0.5569093973430762100, 0.6162333444927072800, 0.6673492812770753800, 0.7135123932013478500, 0.7576965045209784800, 0.7994925114422915000, 0.8399760647439399300, 0.8798857418167767000, 0.9191486593857421900, 0.9592273564930835500, 1.000000000000000000 ),
 .UNSPECIFIED. ) ;
#5092 = CARTESIAN_POINT ( 'NONE',  ( -0.3457352075821307200, -0.4297644981971151000, -3.000000000000000000 ) ) ;
#5093 = DIRECTION ( 'NONE',  ( 1.000000000000000000, 0.0000000000000000000, -0.0000000000000000000 ) ) ;
#5094 = DIRECTION ( 'NONE',  ( 0.0000000000000000000, 0.0000000000000000000, 1.000000000000000000 ) ) ;
#5095 = CARTESIAN_POINT ( 'NONE',  ( 1.452087871844951700, -1.970755709134615100, -2.999700000000000300 ) ) ;
#5096 = FILL_AREA_STYLE ('',( #4929 ) ) ;
#5097 = FACE_BOUND ( 'NONE', #798, .T. ) ;
#5098 = B_SPLINE_CURVE_WITH_KNOTS ( 'NONE', 3,
 ( #5102, #5101, #5100, #5099, #4951, #4950, #4949, #4948, #4947, #4946, #4945 ),
 .UNSPECIFIED., .F., .F.,
 ( 4, 1, 1, 1, 1, 1, 1, 1, 4 ),
 ( 0.0000000000000000000, 0.1276647678962243600, 0.2517385630080489800, 0.3727533493873894700, 0.4921467589723850800, 0.6140696213092448100, 0.7371973244121090600, 0.8656069906011165700, 1.000000000000000000 ),
 .UNSPECIFIED. ) ;
#5099 = CARTESIAN_POINT ( 'NONE',  ( -2.654532652990125600, -0.6134090000453038500, -2.999699999999999800 ) ) ;
#5100 = CARTESIAN_POINT ( 'NONE',  ( -2.683998655527327900, -0.6083672563292223900, -2.999700000000000700 ) ) ;
#5101 = CARTESIAN_POINT ( 'NONE',  ( -2.704123906129094900, -0.6078390479410080700, -2.999700000000000300 ) ) ;
#5102 = CARTESIAN_POINT ( 'NONE',  ( -2.714330071669357900, -0.6075711763822112500, -2.999700000000000300 ) ) ;
#5103 = CARTESIAN_POINT ( 'NONE',  ( 3.072104273086941000, 1.940991210937500000, -2.999700000000000300 ) ) ;
#5104 = PRESENTATION_LAYER_ASSIGNMENT (  '', '', ( #4932 ) ) ;
#5105 = DIRECTION ( 'NONE',  ( 0.0000000000000000000, 1.000000000000000000, 0.0000000000000000000 ) ) ;
#5106 = VECTOR ( 'NONE', #5105, 1000.000000000000000 ) ;
#5107 = CARTESIAN_POINT ( 'NONE',  ( 1.452087871844951700, -1.970755709134615100, -2.999700000000000300 ) ) ;
#5108 = LINE ( 'NONE', #5115, #5106 ) ;
#5109 = DIRECTION ( 'NONE',  ( 0.0000000000000000000, 1.000000000000000000, 0.0000000000000000000 ) ) ;
#5110 = VECTOR ( 'NONE', #5109, 1000.000000000000000 ) ;
#5111 = CARTESIAN_POINT ( 'NONE',  ( 5.699691850711138500, 1.763184532752403600, -2.999700000000000300 ) ) ;
#5112 = LINE ( 'NONE', #5111, #5110 ) ;
#5113 = DIRECTION ( 'NONE',  ( 0.0000000000000000000, -1.000000000000000000, 0.0000000000000000000 ) ) ;
#5114 = VECTOR ( 'NONE', #5113, 1000.000000000000000 ) ;
#5115 = CARTESIAN_POINT ( 'NONE',  ( 5.205784411308093800, 0.4000000000000000200, -2.999700000000000300 ) ) ;
#5116 = B_SPLINE_CURVE_WITH_KNOTS ( 'NONE', 3,
 ( #5119, #5118, #5117, #4925, #4924, #4923, #4922, #4921, #4920, #4919, #4918 ),
 .UNSPECIFIED., .F., .F.,
 ( 4, 1, 1, 1, 1, 1, 1, 1, 4 ),
 ( 0.0000000000000000000, 0.09742066817721495300, 0.2008855880393210200, 0.3111719701726504100, 0.4297979458253729500, 0.5577399263645874700, 0.6947152693641582800, 0.8421299102060551000, 1.000000000000000000 ),
 .UNSPECIFIED. ) ;
#5117 = CARTESIAN_POINT ( 'NONE',  ( -5.653960992117046800, -1.788086558090759000, -2.999699999999999400 ) ) ;
#5118 = CARTESIAN_POINT ( 'NONE',  ( -5.679144344982225000, -1.824413914054214400, -2.999699999999999800 ) ) ;
#5119 = CARTESIAN_POINT ( 'NONE',  ( -5.691357162671206300, -1.842031082740196400, -2.999700000000000300 ) ) ;
#5120 = LINE ( 'NONE', #5146, #5145 ) ;
#5121 = CARTESIAN_POINT ( 'NONE',  ( -6.529456348908247800, -1.210755636753179800, -2.999700000000000300 ) ) ;
#5122 = CARTESIAN_POINT ( 'NONE',  ( -6.529313246318251300, -1.192233381372616000, -2.999700000000000300 ) ) ;
#5123 = CARTESIAN_POINT ( 'NONE',  ( -6.529034941183423000, -1.156211400350743500, -2.999700000000001100 ) ) ;
#5124 = CARTESIAN_POINT ( 'NONE',  ( -6.527592269702805300, -1.103712198990019600, -2.999700000000000700 ) ) ;
#5125 = CARTESIAN_POINT ( 'NONE',  ( -6.524750140684230500, -1.054211409837625600, -2.999699999999999800 ) ) ;
#5126 = CARTESIAN_POINT ( 'NONE',  ( -6.521069838100443100, -1.007585314092964500, -2.999700000000000700 ) ) ;
#5127 = CARTESIAN_POINT ( 'NONE',  ( -6.516584270252988800, -0.9638048814568418400, -2.999700000000001100 ) ) ;
#5128 = CARTESIAN_POINT ( 'NONE',  ( -6.510729470512202100, -0.9229192155801661000, -2.999699999999998900 ) ) ;
#5129 = CARTESIAN_POINT ( 'NONE',  ( -6.503677198337523000, -0.8850272298948215200, -2.999700000000000700 ) ) ;
#5130 = CARTESIAN_POINT ( 'NONE',  ( -6.493022940499897400, -0.8390848374233685900, -2.999700000000000700 ) ) ;
#5131 = CARTESIAN_POINT ( 'NONE',  ( -6.478086349862141300, -0.7858636789168730300, -2.999699999999999800 ) ) ;
#5132 = CARTESIAN_POINT ( 'NONE',  ( -6.457037685231203000, -0.7264079711942230700, -2.999700000000001600 ) ) ;
#5133 = CARTESIAN_POINT ( 'NONE',  ( -6.433753016049819500, -0.6718820011497820300, -2.999700000000000300 ) ) ;
#5134 = CARTESIAN_POINT ( 'NONE',  ( -4.495110312336706200, 1.521512736441789700, -2.999700000000000700 ) ) ;
#5135 = CARTESIAN_POINT ( 'NONE',  ( -4.496197274618603900, 1.487577770728850900, -2.999700000000000300 ) ) ;
#5136 = CARTESIAN_POINT ( 'NONE',  ( -4.507828435476302100, 1.438229074372386500, -2.999700000000000700 ) ) ;
#5137 = CARTESIAN_POINT ( 'NONE',  ( -4.524810278844730900, 1.391057427752298700, -2.999700000000000300 ) ) ;
#5138 = CARTESIAN_POINT ( 'NONE',  ( -4.549979914864962000, 1.346919084380863600, -2.999699999999999800 ) ) ;
#5139 = CARTESIAN_POINT ( 'NONE',  ( -4.582097935567000800, 1.305739008659573000, -2.999700000000000300 ) ) ;
#5140 = CARTESIAN_POINT ( 'NONE',  ( -4.621799779454147700, 1.268213654536180800, -2.999699999999999800 ) ) ;
#5141 = CARTESIAN_POINT ( 'NONE',  ( -4.668917952249580100, 1.234397435350854200, -2.999700000000001600 ) ) ;
#5142 = CARTESIAN_POINT ( 'NONE',  ( -4.703926904844277800, 1.215484590683036900, -2.999700000000000300 ) ) ;
#5143 = LINE ( 'NONE', #5027, #5114 ) ;
#5144 = DIRECTION ( 'NONE',  ( 1.000000000000000000, 0.0000000000000000000, 0.0000000000000000000 ) ) ;
#5145 = VECTOR ( 'NONE', #5144, 1000.000000000000000 ) ;
#5146 = CARTESIAN_POINT ( 'NONE',  ( 4.494557698567709800, 1.763184532752403600, -2.999700000000000300 ) ) ;
#5147 = CARTESIAN_POINT ( 'NONE',  ( 4.494557698567709800, 1.940991210937499800, -2.999700000000000300 ) ) ;
#5148 = DIRECTION ( 'NONE',  ( 1.000000000000000000, 0.0000000000000000000, 0.0000000000000000000 ) ) ;
#5149 = VECTOR ( 'NONE', #5148, 1000.000000000000000 ) ;
#5150 = CARTESIAN_POINT ( 'NONE',  ( 4.988465137970753600, 1.763184532752403600, -2.999700000000000300 ) ) ;
#5151 = CARTESIAN_POINT ( 'NONE',  ( -5.739204445863376400, -1.210138252453925900, -2.999700000000000300 ) ) ;
#5152 = CARTESIAN_POINT ( 'NONE',  ( -5.572336378407052300, -0.8618260205374543800, -2.999700000000000700 ) ) ;
#5153 = CARTESIAN_POINT ( 'NONE',  ( -5.562634842508051800, -0.9122512716802487800, -2.999700000000000300 ) ) ;
#5154 = CARTESIAN_POINT ( 'NONE',  ( -5.555172158801205700, -0.9658541289070227100, -2.999700000000000700 ) ) ;
#5155 = CARTESIAN_POINT ( 'NONE',  ( -5.548870213674203600, -1.022558095412476000, -2.999699999999999400 ) ) ;
#5156 = CARTESIAN_POINT ( 'NONE',  ( -5.544648440495555200, -1.082491163192016400, -2.999700000000000300 ) ) ;
#5157 = VECTOR ( 'NONE', #5392, 1000.000000000000000 ) ;
#5158 = CARTESIAN_POINT ( 'NONE',  ( -5.691357162671206300, -1.842031082740196400, -2.999700000000000300 ) ) ;
#5159 = CARTESIAN_POINT ( 'NONE',  ( -5.284809601612575800, -0.4297644981971151000, -3.000000000000000000 ) ) ;
#5160 =( NAMED_UNIT ( * ) SI_UNIT ( $, .STERADIAN. ) SOLID_ANGLE_UNIT ( ) );
#5161 =( NAMED_UNIT ( * ) PLANE_ANGLE_UNIT ( ) SI_UNIT ( $, .RADIAN. ) );
#5162 =( LENGTH_UNIT ( ) NAMED_UNIT ( * ) SI_UNIT ( .MILLI., .METRE. ) );
#5163 = CARTESIAN_POINT ( 'NONE',  ( -6.033388064457814600, -0.6075711763822112500, -2.999700000000000300 ) ) ;
#5164 = CARTESIAN_POINT ( 'NONE',  ( -6.044217230622548300, -0.6079135432670874600, -2.999700000000000700 ) ) ;
#5165 = CARTESIAN_POINT ( 'NONE',  ( -6.065508567915287600, -0.6085866743939791800, -2.999700000000000300 ) ) ;
#5166 = CARTESIAN_POINT ( 'NONE',  ( -6.096532522144700600, -0.6142922136868458300, -2.999699999999999400 ) ) ;
#5167 = CARTESIAN_POINT ( 'NONE',  ( -6.126069629532985100, -0.6235790460020406200, -2.999700000000000700 ) ) ;
#5168 = CARTESIAN_POINT ( 'NONE',  ( -6.153829563656650200, -0.6370729266901198300, -2.999700000000001100 ) ) ;
#5169 = CARTESIAN_POINT ( 'NONE',  ( -6.180450177243795200, -0.6537988845616077300, -2.999699999999999400 ) ) ;
#5170 = CARTESIAN_POINT ( 'NONE',  ( -6.205073437851515500, -0.6746486106923856900, -2.999699999999999800 ) ) ;
#5171 = CARTESIAN_POINT ( 'NONE',  ( -6.228135595563716500, -0.6991642189561814200, -2.999700000000001100 ) ) ;
#5172 = CARTESIAN_POINT ( 'NONE',  ( -6.250213206648547600, -0.7274867422059605500, -2.999699999999999800 ) ) ;
#5173 = LINE ( 'NONE', #5232, #5231 ) ;
#5174 = CARTESIAN_POINT ( 'NONE',  ( -7.201170466496389400, -0.4297644981971151000, -3.000000000000000000 ) ) ;
#5175 = CARTESIAN_POINT ( 'NONE',  ( -7.183561903214393100, -0.4301294675563346900, -3.000000000000000000 ) ) ;
#5176 = CARTESIAN_POINT ( 'NONE',  ( -7.149087907896453800, -0.4308440035340536100, -3.000000000000000400 ) ) ;
#5177 = CARTESIAN_POINT ( 'NONE',  ( -7.098827835833811100, -0.4361404829401234800, -3.000000000000000400 ) ) ;
#5178 = CARTESIAN_POINT ( 'NONE',  ( -7.051338963026502400, -0.4447329248079771000, -2.999999999999999600 ) ) ;
#5179 = CARTESIAN_POINT ( 'NONE',  ( -7.006544918858357300, -0.4567152278333762000, -2.999999999999999600 ) ) ;
#5180 = CARTESIAN_POINT ( 'NONE',  ( -6.964509072207446700, -0.4725079068353467700, -3.000000000000000000 ) ) ;
#5181 = CARTESIAN_POINT ( 'NONE',  ( -6.925134919039074100, -0.4915821510884090800, -3.000000000000000000 ) ) ;
#5182 = CARTESIAN_POINT ( 'NONE',  ( -6.888641759568845800, -0.5143862780706464100, -3.000000000000000000 ) ) ;
#5183 = CARTESIAN_POINT ( 'NONE',  ( -6.855046286932383400, -0.5404887429185026800, -3.000000000000000000 ) ) ;
#5184 = CARTESIAN_POINT ( 'NONE',  ( -6.824664078623139400, -0.5701081199644121300, -3.000000000000000000 ) ) ;
#5185 = CARTESIAN_POINT ( 'NONE',  ( -6.797162264222746100, -0.6025244580507600500, -2.999999999999999600 ) ) ;
#5186 = CARTESIAN_POINT ( 'NONE',  ( -6.773844849935721300, -0.6387595666209845400, -3.000000000000000400 ) ) ;
#5187 =( NAMED_UNIT ( * ) PLANE_ANGLE_UNIT ( ) SI_UNIT ( $, .RADIAN. ) );
#5188 =( LENGTH_UNIT ( ) NAMED_UNIT ( * ) SI_UNIT ( .MILLI., .METRE. ) );
#5189 = MECHANICAL_DESIGN_GEOMETRIC_PRESENTATION_REPRESENTATION (  '', ( #5191 ), #5406 ) ;
#5190 = PRESENTATION_LAYER_ASSIGNMENT (  '', '', ( #5191 ) ) ;
#5191 = STYLED_ITEM ( 'NONE', ( #5192 ), #904 ) ;
#5192 = PRESENTATION_STYLE_ASSIGNMENT (( #5288 ) ) ;
#5193 = CARTESIAN_POINT ( 'NONE',  ( -2.222583477313701200, -1.210755636753179800, -3.000000000000000000 ) ) ;
#5194 = CARTESIAN_POINT ( 'NONE',  ( -6.035548909505203100, -1.990512006710736900, -2.999700000000000300 ) ) ;
#5195 = CARTESIAN_POINT ( 'NONE',  ( -6.049140832089651800, -1.990304933302367200, -2.999700000000000300 ) ) ;
#5196 = CARTESIAN_POINT ( 'NONE',  ( -6.075769750085637400, -1.989899240820207000, -2.999700000000000300 ) ) ;
#5197 = CARTESIAN_POINT ( 'NONE',  ( -6.114794702119325200, -1.985836759959264300, -2.999700000000000700 ) ) ;
#5198 = CARTESIAN_POINT ( 'NONE',  ( -6.151999624456878200, -1.978938014590318600, -2.999699999999999400 ) ) ;
#5199 = CARTESIAN_POINT ( 'NONE',  ( -6.187521599699714200, -1.969925753067866200, -2.999700000000000700 ) ) ;
#5200 = CARTESIAN_POINT ( 'NONE',  ( -6.221080504856800500, -1.957626376814162000, -2.999699999999999800 ) ) ;
#5201 = CARTESIAN_POINT ( 'NONE',  ( -6.253016843435136500, -1.943240305498516800, -2.999700000000000700 ) ) ;
#5202 = CARTESIAN_POINT ( 'NONE',  ( -6.283117236459142800, -1.925875944701537200, -2.999700000000000700 ) ) ;
#5203 = CARTESIAN_POINT ( 'NONE',  ( -6.311249939200071600, -1.905595567035819100, -2.999700000000000700 ) ) ;
#5204 = CARTESIAN_POINT ( 'NONE',  ( -6.337974578329495400, -1.883081637722681100, -2.999700000000000300 ) ) ;
#5205 = CARTESIAN_POINT ( 'NONE',  ( -6.362749383428586600, -1.857620900441126400, -2.999700000000000700 ) ) ;
#5206 = CARTESIAN_POINT ( 'NONE',  ( -6.385549320375009300, -1.829356263489069200, -2.999699999999999400 ) ) ;
#5207 = CARTESIAN_POINT ( 'NONE',  ( -6.406857774524271000, -1.798694536690519200, -2.999700000000000700 ) ) ;
#5208 = CARTESIAN_POINT ( 'NONE',  ( -6.426830807647808000, -1.765520701015490700, -2.999700000000000300 ) ) ;
#5209 = CARTESIAN_POINT ( 'NONE',  ( -6.444554563000469500, -1.729394429335913400, -2.999700000000000700 ) ) ;
#5210 = CARTESIAN_POINT ( 'NONE',  ( -6.460556566481207200, -1.690668079185960300, -2.999699999999998900 ) ) ;
#5211 = CARTESIAN_POINT ( 'NONE',  ( -6.475148217686169400, -1.649368112768684800, -2.999700000000002000 ) ) ;
#5212 = CARTESIAN_POINT ( 'NONE',  ( -6.488104442522957700, -1.605182407896498000, -2.999699999999999400 ) ) ;
#5213 = CARTESIAN_POINT ( 'NONE',  ( -6.499208840016931900, -1.557877326474284700, -2.999700000000001100 ) ) ;
#5214 = CARTESIAN_POINT ( 'NONE',  ( -6.508187510459597600, -1.507432135904023300, -2.999699999999999400 ) ) ;
#5215 = FACE_BOUND ( 'NONE', #941, .T. ) ;
#5216 = CARTESIAN_POINT ( 'NONE',  ( -5.828416477105550400, -0.7131438915546121100, -2.999700000000000300 ) ) ;
#5217 = CARTESIAN_POINT ( 'NONE',  ( -2.716490916716746400, -1.990512006710736900, -3.000000000000000000 ) ) ;
#5218 = VECTOR ( 'NONE', #5287, 1000.000000000000000 ) ;
#5219 = LINE ( 'NONE', #5222, #5218 ) ;
#5220 = SURFACE_SIDE_STYLE ('',( #5221 ) ) ;
#5221 = SURFACE_STYLE_FILL_AREA ( #5289 ) ;
#5222 = CARTESIAN_POINT ( 'NONE',  ( -6.035548909505203100, -1.990512006710736900, -2.999700000000000300 ) ) ;
#5223 = AXIS2_PLACEMENT_3D ( 'NONE', #5404, #5403, #5402 ) ;
#5224 = CARTESIAN_POINT ( 'NONE',  ( -6.753217525903949100, -0.6776642199640273700, -3.000000000000000900 ) ) ;
#5225 = CARTESIAN_POINT ( 'NONE',  ( -6.736762979687821200, -0.7200431171718370000, -2.999999999999999600 ) ) ;
#5226 = CARTESIAN_POINT ( 'NONE',  ( -6.723011717139640600, -0.7651748417910605400, -3.000000000000000400 ) ) ;
#5227 = CARTESIAN_POINT ( 'NONE',  ( -6.713216739247123100, -0.8136886249031292100, -2.999999999999999600 ) ) ;
#5228 = CARTESIAN_POINT ( 'NONE',  ( -6.709284376995832100, -0.8471849487981835100, -2.999999999999999600 ) ) ;
#5229 = CARTESIAN_POINT ( 'NONE',  ( -6.707263027093344700, -0.8644030448717945300, -3.000000000000000000 ) ) ;
#5230 = DIRECTION ( 'NONE',  ( 1.000000000000000000, 0.0000000000000000000, 0.0000000000000000000 ) ) ;
#5231 = VECTOR ( 'NONE', #5230, 1000.000000000000000 ) ;
#5232 = CARTESIAN_POINT ( 'NONE',  ( -5.284809601612575800, -0.6075711763822112500, -3.000000000000000000 ) ) ;
#5233 = CARTESIAN_POINT ( 'NONE',  ( -5.284809601612575800, -0.6075711763822112500, -3.000000000000000000 ) ) ;
#5234 = CARTESIAN_POINT ( 'NONE',  ( -6.035548909505203100, -1.812705328525640700, -2.999700000000000300 ) ) ;
#5235 = CARTESIAN_POINT ( 'NONE',  ( -6.025342102921165100, -1.812324087679682000, -2.999699999999999800 ) ) ;
#5236 = CARTESIAN_POINT ( 'NONE',  ( -6.005102208601590200, -1.811568094669628200, -2.999700000000000700 ) ) ;
#5237 = CARTESIAN_POINT ( 'NONE',  ( -5.975383348269726700, -1.806306494004239700, -2.999700000000000300 ) ) ;
#5238 = CARTESIAN_POINT ( 'NONE',  ( -5.946893688542832700, -1.797163590363283400, -2.999699999999999800 ) ) ;
#5239 = CARTESIAN_POINT ( 'NONE',  ( -5.919627030314306800, -1.784549247714778600, -2.999700000000001100 ) ) ;
#5240 = CARTESIAN_POINT ( 'NONE',  ( -5.893881529959465100, -1.767888606851431000, -2.999699999999999800 ) ) ;
#5241 = CARTESIAN_POINT ( 'NONE',  ( -5.869257727513449700, -1.747906933163025300, -2.999700000000000300 ) ) ;
#5242 = CARTESIAN_POINT ( 'NONE',  ( -5.845916290311364200, -1.724398448489290200, -2.999700000000001100 ) ) ;
#5243 = CARTESIAN_POINT ( 'NONE',  ( -5.823308075021059500, -1.697064029090091600, -2.999699999999999400 ) ) ;
#5244 = CARTESIAN_POINT ( 'NONE',  ( -5.802659220251960900, -1.663530866349619800, -2.999700000000000300 ) ) ;
#5245 = CARTESIAN_POINT ( 'NONE',  ( -5.785973021494327500, -1.621980199166362900, -2.999699999999999400 ) ) ;
#5246 = CARTESIAN_POINT ( 'NONE',  ( -5.771170290369854100, -1.572927016082160000, -2.999700000000000700 ) ) ;
#5247 = CARTESIAN_POINT ( 'NONE',  ( -5.759381093415627500, -1.515782567694525400, -2.999700000000001100 ) ) ;
#5248 = CARTESIAN_POINT ( 'NONE',  ( -5.750452622228579900, -1.450692475650013200, -2.999700000000000700 ) ) ;
#5249 = CARTESIAN_POINT ( 'NONE',  ( -5.743699195545354500, -1.377568692727616300, -2.999700000000000700 ) ) ;
#5250 = CARTESIAN_POINT ( 'NONE',  ( -5.739776112095277000, -1.296512463582686300, -2.999699999999999800 ) ) ;
#5251 = CARTESIAN_POINT ( 'NONE',  ( -5.739400610188068800, -1.239777118371554000, -2.999700000000000300 ) ) ;
#5252 = CARTESIAN_POINT ( 'NONE',  ( -5.739204445863376400, -1.210138252453925900, -2.999700000000000300 ) ) ;
#5253 = CARTESIAN_POINT ( 'NONE',  ( -6.331893373147029700, -1.210138252453925900, -2.999700000000000300 ) ) ;
#5254 = CARTESIAN_POINT ( 'NONE',  ( -6.331700096061593000, -1.239777252081673900, -2.999699999999999400 ) ) ;
#5255 = CARTESIAN_POINT ( 'NONE',  ( -6.331330791183844100, -1.296410075934487400, -2.999700000000000700 ) ) ;
#5256 = CARTESIAN_POINT ( 'NONE',  ( -6.516519964271941100, -1.454075901777564800, -2.999700000000000300 ) ) ;
#5257 = CARTESIAN_POINT ( 'NONE',  ( -6.522027966601293700, -1.397581927572216600, -2.999700000000000700 ) ) ;
#5258 = CARTESIAN_POINT ( 'NONE',  ( -6.526504131208972700, -1.338101025610243500, -2.999700000000000700 ) ) ;
#5259 = CARTESIAN_POINT ( 'NONE',  ( -6.528857418416232700, -1.275496942451194400, -2.999699999999999800 ) ) ;
#5260 = CARTESIAN_POINT ( 'NONE',  ( -6.529253575731249100, -1.232674374260395400, -2.999700000000000300 ) ) ;
#5261 = CARTESIAN_POINT ( 'NONE',  ( -6.529456348908247800, -1.210755636753179800, -2.999700000000000300 ) ) ;
#5262 = FILL_AREA_STYLE_COLOUR ( '', #5281 ) ;
#5263 = FACE_OUTER_BOUND ( 'NONE', #916, .T. ) ;
#5264 = B_SPLINE_CURVE_WITH_KNOTS ( 'NONE', 3,
 ( #5261, #5260, #5259, #5258, #5257, #5256, #5214, #5213, #5212, #5211, #5210, #5209, #5208, #5207, #5206, #5205, #5204, #5203, #5202, #5201, #5200, #5199, #5198, #5197, #5196, #5195, #5194 ),
 .UNSPECIFIED., .F., .F.,
 ( 4, 1, 1, 1, 1, 1, 1, 1, 1, 1, 1, 1, 1, 1, 1, 1, 1, 1, 1, 1, 1, 1, 1, 1, 4 ),
 ( 0.0000000000000000000, 0.06287394621143262100, 0.1228366299919130800, 0.1796565674430314900, 0.2339600122308624100, 0.2855950186955589800, 0.3345131060783807500, 0.3809048259061764100, 0.4248945919393349300, 0.4665290347654874600, 0.5064882940692463400, 0.5450315536447542000, 0.5818311798231342600, 0.6174482799494429600, 0.6520669127690462700, 0.6858797142465108400, 0.7191745547913921400, 0.7521816462063929400, 0.7852401639180908200, 0.8186564497770832900, 0.8525477406533108500, 0.8876263422585190000, 0.9236350780687513400, 0.9610218444769890200, 1.000000000000000000 ),
 .UNSPECIFIED. ) ;
#5265 = CARTESIAN_POINT ( 'NONE',  ( 2.123801989433092600, -1.595386055188300800, -3.000000000000000000 ) ) ;
#5266 = CARTESIAN_POINT ( 'NONE',  ( -6.033388064457814600, -0.6075711763822112500, -2.999700000000000300 ) ) ;
#5267 = CARTESIAN_POINT ( 'NONE',  ( -7.247782981090051800, -1.487343802818884800, -3.000000000000000000 ) ) ;
#5268 = CARTESIAN_POINT ( 'NONE',  ( -7.263544477990000000, -1.473885913141368000, -3.000000000000000000 ) ) ;
#5269 = CARTESIAN_POINT ( 'NONE',  ( -7.294058068813583000, -1.447832008390100800, -3.000000000000000900 ) ) ;
#5270 = CARTESIAN_POINT ( 'NONE',  ( -7.338013435168325500, -1.409694222342021700, -2.999999999999999600 ) ) ;
#5271 = CARTESIAN_POINT ( 'NONE',  ( -7.377920394621808600, -1.373219952706671700, -3.000000000000000400 ) ) ;
#5272 = CARTESIAN_POINT ( 'NONE',  ( -7.414652529413834800, -1.339369063542826400, -2.999999999999998700 ) ) ;
#5273 = CARTESIAN_POINT ( 'NONE',  ( -7.447154439862212700, -1.307127870367904300, -3.000000000000000000 ) ) ;
#5274 = CARTESIAN_POINT ( 'NONE',  ( -7.476751710171351200, -1.277640680535051300, -3.000000000000000000 ) ) ;
#5275 = CARTESIAN_POINT ( 'NONE',  ( -7.502334035905961200, -1.249886284486153100, -2.999999999999999600 ) ) ;
#5276 = CARTESIAN_POINT ( 'NONE',  ( -7.531194784063100800, -1.216165232440120200, -3.000000000000000000 ) ) ;
#5277 = CARTESIAN_POINT ( 'NONE',  ( -7.562199918638567600, -1.175937418926218200, -2.999999999999999600 ) ) ;
#5278 = CARTESIAN_POINT ( 'NONE',  ( -7.594439184306748900, -1.128616764595700600, -2.999999999999999100 ) ) ;
#5279 = CARTESIAN_POINT ( 'NONE',  ( -7.620425823681387100, -1.082327315654189300, -3.000000000000001300 ) ) ;
#5280 = CARTESIAN_POINT ( 'NONE',  ( -7.640995774063031700, -1.036898082832760300, -2.999999999999999100 ) ) ;
#5281 = COLOUR_RGB ( '',1.000000000000000000, 1.000000000000000000, 1.000000000000000000 ) ;
#5282 = PLANE ( 'NONE',  #5223 ) ;
#5283 = DIRECTION ( 'NONE',  ( -0.0000000000000000000, -0.0000000000000000000, -1.000000000000000000 ) ) ;
#5284 = VECTOR ( 'NONE', #5283, 1000.000000000000000 ) ;
#5285 = CARTESIAN_POINT ( 'NONE',  ( -6.529456348908247800, -1.210755636753179800, -2.999700000000000300 ) ) ;
#5286 = LINE ( 'NONE', #5285, #5284 ) ;
#5287 = DIRECTION ( 'NONE',  ( -0.0000000000000000000, -0.0000000000000000000, -1.000000000000000000 ) ) ;
#5288 = SURFACE_STYLE_USAGE ( .BOTH. , #5220 ) ;
#5289 = FILL_AREA_STYLE ('',( #5262 ) ) ;
#5290 = CARTESIAN_POINT ( 'NONE',  ( -7.656052008845025000, -0.9917023686833710300, -3.000000000000000000 ) ) ;
#5291 = CARTESIAN_POINT ( 'NONE',  ( -7.667408921302543600, -0.9465607933082118600, -2.999999999999999600 ) ) ;
#5292 = CARTESIAN_POINT ( 'NONE',  ( -7.674046465632281800, -0.9009239567350446600, -3.000000000000000400 ) ) ;
#5293 = CARTESIAN_POINT ( 'NONE',  ( -7.674896873199069900, -0.8703916215981054600, -3.000000000000000400 ) ) ;
#5294 = CARTESIAN_POINT ( 'NONE',  ( -7.675321608323312000, -0.8551422803829875600, -3.000000000000000000 ) ) ;
#5295 = CARTESIAN_POINT ( 'NONE',  ( -5.828416477105550400, -0.7131438915546121100, -2.999700000000000300 ) ) ;
#5296 = CARTESIAN_POINT ( 'NONE',  ( -5.835161083034363600, -0.7047851168457379700, -2.999700000000000300 ) ) ;
#5297 = CARTESIAN_POINT ( 'NONE',  ( -5.848350016683562000, -0.6884397104294811600, -2.999700000000000700 ) ) ;
#5298 = CARTESIAN_POINT ( 'NONE',  ( -6.327381453504615100, -1.377362012192866700, -2.999700000000000700 ) ) ;
#5299 = CARTESIAN_POINT ( 'NONE',  ( -6.320668858799272100, -1.450282982855463300, -2.999699999999999800 ) ) ;
#5300 = CARTESIAN_POINT ( 'NONE',  ( -6.311703556338870600, -1.515270162605835800, -2.999700000000001100 ) ) ;
#5301 = CARTESIAN_POINT ( 'NONE',  ( -6.299849669777616500, -1.572385496142888000, -2.999699999999999400 ) ) ;
#5302 = CARTESIAN_POINT ( 'NONE',  ( -6.285277630966455800, -1.621524585972176500, -2.999700000000000700 ) ) ;
#5303 = CARTESIAN_POINT ( 'NONE',  ( -6.268278419609039500, -1.663041405945972400, -2.999699999999999400 ) ) ;
#5304 = CARTESIAN_POINT ( 'NONE',  ( -6.247786880347288000, -1.696729603655317700, -2.999699999999999800 ) ) ;
#5305 = CARTESIAN_POINT ( 'NONE',  ( -6.225280220585824000, -1.724381735892941200, -2.999700000000000700 ) ) ;
#5306 = CARTESIAN_POINT ( 'NONE',  ( -6.201815825379304300, -1.747876262006775100, -2.999699999999999400 ) ) ;
#5307 = CARTESIAN_POINT ( 'NONE',  ( -6.177312957758724500, -1.767933410990538000, -2.999700000000001100 ) ) ;
#5308 = CARTESIAN_POINT ( 'NONE',  ( -6.151380331388510900, -1.784214305733965200, -2.999700000000000700 ) ) ;
#5309 = CARTESIAN_POINT ( 'NONE',  ( -6.124154327708518000, -1.796784094646720200, -2.999699999999999800 ) ) ;
#5310 = CARTESIAN_POINT ( 'NONE',  ( -6.095775514676919500, -1.806397668684205800, -2.999700000000000700 ) ) ;
#5311 = B_SPLINE_CURVE_WITH_KNOTS ( 'NONE', 3,
 ( #5252, #5251, #5250, #5249, #5248, #5247, #5246, #5245, #5244, #5243, #5242, #5241, #5240, #5239, #5238, #5237, #5236, #5235, #5234 ),
 .UNSPECIFIED., .F., .F.,
 ( 4, 1, 1, 1, 1, 1, 1, 1, 1, 1, 1, 1, 1, 1, 1, 1, 4 ),
 ( 0.0000000000000000000, 0.1184055081537696600, 0.2266543328167021100, 0.3240923419286020900, 0.4117048030053222500, 0.4890259050064159100, 0.5569093973430759800, 0.6162333444927069500, 0.6673492812770750500, 0.7135123932013481800, 0.7576965045209788100, 0.7994925114422913900, 0.8399760647439393800, 0.8798857418167760300, 0.9191486593857421900, 0.9592273564930829900, 1.000000000000000000 ),
 .UNSPECIFIED. ) ;
#5312 = B_SPLINE_CURVE_WITH_KNOTS ( 'NONE', 3,
 ( #5229, #5228, #5227, #5226, #5225, #5224, #5186, #5185, #5184, #5183, #5182, #5181, #5180, #5179, #5178, #5177, #5176, #5175, #5174 ),
 .UNSPECIFIED., .F., .F.,
 ( 4, 1, 1, 1, 1, 1, 1, 1, 1, 1, 1, 1, 1, 1, 1, 1, 4 ),
 ( 0.0000000000000000000, 0.07067529020333018800, 0.1374926938441248800, 0.2014728253723051500, 0.2628693217722903300, 0.3225500865261558500, 0.3807372513385546300, 0.4382197368560122300, 0.4954874370602862500, 0.5534836796953474000, 0.6113462062294287000, 0.6706437388141554000, 0.7315869484227129900, 0.7941831937999382900, 0.8594451119347497100, 0.9282076353998101000, 1.000000000000000000 ),
 .UNSPECIFIED. ) ;
#5313 = CARTESIAN_POINT ( 'NONE',  ( -6.065987986205978000, -1.811543245947538500, -2.999700000000000700 ) ) ;
#5314 = CARTESIAN_POINT ( 'NONE',  ( -6.045753160187896200, -1.812315757512777500, -2.999700000000000300 ) ) ;
#5315 = CARTESIAN_POINT ( 'NONE',  ( -6.035548909505203100, -1.812705328525640700, -2.999700000000000300 ) ) ;
#5316 = B_SPLINE_CURVE_WITH_KNOTS ( 'NONE', 3,
 ( #5315, #5314, #5313, #5310, #5309, #5308, #5307, #5306, #5305, #5304, #5303, #5302, #5301, #5300, #5299, #5298, #5255, #5254, #5253 ),
 .UNSPECIFIED., .F., .F.,
 ( 4, 1, 1, 1, 1, 1, 1, 1, 1, 1, 1, 1, 1, 1, 1, 1, 4 ),
 ( 0.0000000000000000000, 0.04078184587225983100, 0.08086958872158757400, 0.1202681657882673400, 0.1601868504553522500, 0.2004597376386388900, 0.2422651778979083300, 0.2864592615494686600, 0.3329520837492633300, 0.3844305340495302000, 0.4433891253601058300, 0.5116814722136835400, 0.5890200255490083400, 0.6762451906507722700, 0.7737051914728236800, 0.8815677677819827600, 0.9999999999999998900 ),
 .UNSPECIFIED. ) ;
#5317 = DIRECTION ( 'NONE',  ( 0.0000000000000000000, 1.000000000000000000, 0.0000000000000000000 ) ) ;
#5318 = VECTOR ( 'NONE', #5317, 1000.000000000000000 ) ;
#5319 = CARTESIAN_POINT ( 'NONE',  ( 4.257482127654249400, 0.4000000000000000800, -2.999700000000000300 ) ) ;
#5320 = LINE ( 'NONE', #5319, #5318 ) ;
#5321 = CARTESIAN_POINT ( 'NONE',  ( -5.225540708884210500, -1.081722318209134200, -3.000000000000000000 ) ) ;
#5322 = CARTESIAN_POINT ( 'NONE',  ( -5.691357162671206300, -1.842031082740196400, -2.999700000000000300 ) ) ;
#5323 = CARTESIAN_POINT ( 'NONE',  ( -5.701967565480606100, -1.853959143251265400, -2.999700000000001100 ) ) ;
#5324 = CARTESIAN_POINT ( 'NONE',  ( -5.722933362094952500, -1.877528586859679400, -2.999700000000000700 ) ) ;
#5325 = CARTESIAN_POINT ( 'NONE',  ( -5.759353762481793200, -1.907402008080270300, -2.999700000000000300 ) ) ;
#5326 = CARTESIAN_POINT ( 'NONE',  ( -5.798019242108079400, -1.933270127227697100, -2.999699999999999800 ) ) ;
#5327 = CARTESIAN_POINT ( 'NONE',  ( -5.839706755912543700, -1.954531095188254200, -2.999700000000000700 ) ) ;
#5328 = CARTESIAN_POINT ( 'NONE',  ( -5.884615345197315300, -1.970426461631696900, -2.999700000000000300 ) ) ;
#5329 = CARTESIAN_POINT ( 'NONE',  ( -5.932240225139763000, -1.982278583346308800, -2.999700000000001600 ) ) ;
#5330 = CARTESIAN_POINT ( 'NONE',  ( -5.982983084328931300, -1.989012563768058000, -2.999699999999999400 ) ) ;
#5331 = CARTESIAN_POINT ( 'NONE',  ( -6.017728323051920300, -1.990003673539857000, -2.999699999999999800 ) ) ;
#5332 = CARTESIAN_POINT ( 'NONE',  ( -6.035548909505203100, -1.990512006710736900, -2.999700000000000300 ) ) ;
#5333 = B_SPLINE_CURVE_WITH_KNOTS ( 'NONE', 3,
 ( #5332, #5331, #5330, #5329, #5328, #5327, #5326, #5325, #5324, #5323, #5322 ),
 .UNSPECIFIED., .F., .F.,
 ( 4, 1, 1, 1, 1, 1, 1, 1, 4 ),
 ( 0.0000000000000000000, 0.1379032299933923800, 0.2688733426002928900, 0.3951781273461120200, 0.5170892381308874700, 0.6367430265135479700, 0.7562218164637968300, 0.8766283594636795600, 1.000000000000000000 ),
 .UNSPECIFIED. ) ;
#5334 = CARTESIAN_POINT ( 'NONE',  ( -4.198213234925877800, -0.4297644981971151000, -3.000000000000000000 ) ) ;
#5335 = CARTESIAN_POINT ( 'NONE',  ( 5.205784411308093800, 0.4000000000000000200, -2.999700000000000300 ) ) ;
#5336 = CARTESIAN_POINT ( 'NONE',  ( 0.08890333909255263000, 1.520861195295284900, -2.999700000000000300 ) ) ;
#5337 = CARTESIAN_POINT ( 'NONE',  ( 0.08927226014312719700, 1.508991623858814400, -2.999700000000000300 ) ) ;
#5338 = CARTESIAN_POINT ( 'NONE',  ( 0.09000038578975068400, 1.485565095706345100, -2.999699999999999800 ) ) ;
#5339 = CARTESIAN_POINT ( 'NONE',  ( 0.09723454385975605100, 1.451143989827069000, -2.999700000000000700 ) ) ;
#5340 = CARTESIAN_POINT ( 'NONE',  ( 0.1082872036527945400, 1.418031971507267600, -2.999699999999999800 ) ) ;
#5341 = CARTESIAN_POINT ( 'NONE',  ( 0.1236093419796262500, 1.386507325837715600, -2.999699999999999400 ) ) ;
#5342 = CARTESIAN_POINT ( 'NONE',  ( 0.1433208226917636900, 1.357860278464240800, -2.999700000000000700 ) ) ;
#5343 = CARTESIAN_POINT ( 'NONE',  ( 0.1670154481123268000, 1.332470422004216300, -2.999699999999999800 ) ) ;
#5344 = CARTESIAN_POINT ( 'NONE',  ( 0.1955284041952327600, 1.312200764233666600, -2.999699999999999800 ) ) ;
#5345 = CARTESIAN_POINT ( 'NONE',  ( 0.2283125058214497400, 1.295568388556873400, -2.999700000000000300 ) ) ;
#5346 = CARTESIAN_POINT ( 'NONE',  ( 0.2673338656379459800, 1.283588275183168400, -2.999700000000000300 ) ) ;
#5347 = CARTESIAN_POINT ( 'NONE',  ( 0.3134384537427411000, 1.275374938564248300, -2.999699999999999800 ) ) ;
#5348 = CARTESIAN_POINT ( 'NONE',  ( 0.3675376920249449100, 1.270206205321698000, -2.999700000000000300 ) ) ;
#5349 = CARTESIAN_POINT ( 'NONE',  ( 0.4062258283981231600, 1.269600892736958200, -2.999700000000000700 ) ) ;
#5350 = CARTESIAN_POINT ( 'NONE',  ( 0.4269212429340113500, 1.269277093349358900, -2.999699999999616100 ) ) ;
#5351 = CARTESIAN_POINT ( 'NONE',  ( 3.289423546424280700, 1.940991210937500000, -2.999700000000000300 ) ) ;
#5352 = CARTESIAN_POINT ( 'NONE',  ( 4.988465137970753600, 0.4000000000000000200, -2.999700000000000300 ) ) ;
#5353 = B_SPLINE_CURVE_WITH_KNOTS ( 'NONE', 3,
 ( #5350, #5349, #5348, #5347, #5346, #5345, #5344, #5343, #5342, #5341, #5340, #5339, #5338, #5337, #5336 ),
 .UNSPECIFIED., .F., .F.,
 ( 4, 1, 1, 1, 1, 1, 1, 1, 1, 1, 1, 1, 4 ),
 ( 0.0000000000000000000, 0.1288602680417310900, 0.2408921848092289200, 0.3380442015575111400, 0.4201204852136085100, 0.4940584568685511500, 0.5660947835833206600, 0.6368049543510104800, 0.7091484493607205200, 0.7819418055941271800, 0.8542853006038365600, 0.9261704072165590800, 1.000000000000000000 ),
 .UNSPECIFIED. ) ;
#5354 = CARTESIAN_POINT ( 'NONE',  ( -5.870237049007519300, -0.6665754137718975500, -2.999699999999999800 ) ) ;
#5355 = CARTESIAN_POINT ( 'NONE',  ( -5.894147998738109400, -0.6486301535248909500, -2.999700000000000300 ) ) ;
#5356 = CARTESIAN_POINT ( 'NONE',  ( -5.918962969503107600, -0.6332604180008436500, -2.999700000000001100 ) ) ;
#5357 = CARTESIAN_POINT ( 'NONE',  ( -5.945666061331403200, -0.6218399192779002800, -2.999700000000001100 ) ) ;
#5358 = CARTESIAN_POINT ( 'NONE',  ( -5.973590645778581500, -0.6134090000453035200, -2.999699999999998900 ) ) ;
#5359 = CARTESIAN_POINT ( 'NONE',  ( -6.003056648315784100, -0.6083672563292223900, -2.999700000000000700 ) ) ;
#5360 = CARTESIAN_POINT ( 'NONE',  ( -6.023181898917550300, -0.6078390479410079600, -2.999700000000000300 ) ) ;
#5361 = CARTESIAN_POINT ( 'NONE',  ( -6.033388064457814600, -0.6075711763822112500, -2.999700000000000300 ) ) ;
#5362 = B_SPLINE_CURVE_WITH_KNOTS ( 'NONE', 3,
 ( #5294, #5293, #5292, #5291, #5290, #5280, #5279, #5278, #5277, #5276, #5275, #5274, #5273, #5272, #5271, #5270, #5269, #5268, #5267 ),
 .UNSPECIFIED., .F., .F.,
 ( 4, 1, 1, 1, 1, 1, 1, 1, 1, 1, 1, 1, 1, 1, 1, 1, 4 ),
 ( 0.0000000000000000000, 0.05794487546232555300, 0.1160176254256825600, 0.1748257843638403600, 0.2346830900793711000, 0.2968270303289138900, 0.3640613359637880400, 0.4361924240497385700, 0.5142601195414404600, 0.5569758971654886800, 0.6048559283836541000, 0.6576752010734877600, 0.7157505846619322000, 0.7788397991664555200, 0.8475011894738625500, 0.9212282309463238900, 1.000000000000000000 ),
 .UNSPECIFIED. ) ;
#5363 = CARTESIAN_POINT ( 'NONE',  ( -6.529456348908247800, -1.210755636753179800, -2.999700000000000300 ) ) ;
#5364 = CARTESIAN_POINT ( 'NONE',  ( -7.675321608323312000, -0.8551422803829875600, -3.000000000000000000 ) ) ;
#5365 = CARTESIAN_POINT ( 'NONE',  ( -7.675043455321611100, -0.8402994355931432400, -3.000000000000000000 ) ) ;
#5366 = CARTESIAN_POINT ( 'NONE',  ( -7.674498097478497100, -0.8111979634868599100, -2.999999999999999600 ) ) ;
#5367 = CARTESIAN_POINT ( 'NONE',  ( -7.667898081509305200, -0.7685460881166392700, -3.000000000000000400 ) ) ;
#5368 = CARTESIAN_POINT ( 'NONE',  ( -7.658185448301708200, -0.7276577124700442900, -2.999999999999999600 ) ) ;
#5369 = CARTESIAN_POINT ( 'NONE',  ( -7.644373760704696400, -0.6884978962182597400, -3.000000000000000000 ) ) ;
#5370 = CARTESIAN_POINT ( 'NONE',  ( -7.625753024060973200, -0.6515990245664882200, -3.000000000000000000 ) ) ;
#5371 = CARTESIAN_POINT ( 'NONE',  ( -7.603883271373032200, -0.6161814483364328500, -2.999999999999999600 ) ) ;
#5372 = CARTESIAN_POINT ( 'NONE',  ( -7.577724786343760700, -0.5827279336432633600, -3.000000000000001800 ) ) ;
#5373 = CARTESIAN_POINT ( 'NONE',  ( -7.547875514888413100, -0.5513813945275285500, -2.999999999999998700 ) ) ;
#5374 = CARTESIAN_POINT ( 'NONE',  ( -7.514773145921246600, -0.5226670298141326000, -3.000000000000001300 ) ) ;
#5375 = CARTESIAN_POINT ( 'NONE',  ( -7.478327271677261300, -0.4978831370583312000, -2.999999999999999100 ) ) ;
#5376 = CARTESIAN_POINT ( 'NONE',  ( -7.439146827991627300, -0.4767322016819027800, -3.000000000000000400 ) ) ;
#5377 = CARTESIAN_POINT ( 'NONE',  ( -7.397051161980447100, -0.4594205450622259000, -3.000000000000000000 ) ) ;
#5378 = CARTESIAN_POINT ( 'NONE',  ( -7.352007892377757000, -0.4462186230113816500, -3.000000000000000400 ) ) ;
#5379 = CARTESIAN_POINT ( 'NONE',  ( -7.304283141082329700, -0.4367460102349033400, -2.999999999999999100 ) ) ;
#5380 = B_SPLINE_CURVE_WITH_KNOTS ( 'NONE', 3,
 ( #5361, #5360, #5359, #5358, #5357, #5356, #5355, #5354, #5297, #5296, #5295 ),
 .UNSPECIFIED., .F., .F.,
 ( 4, 1, 1, 1, 1, 1, 1, 1, 4 ),
 ( 0.0000000000000000000, 0.1276647678962242200, 0.2517385630080487000, 0.3727533493873873000, 0.4921467589723844700, 0.6140696213092440300, 0.7371973244121081700, 0.8656069906011155700, 1.000000000000000000 ),
 .UNSPECIFIED. ) ;
#5381 = CARTESIAN_POINT ( 'NONE',  ( -7.253701950460631500, -0.4306640402847016200, -3.000000000000000000 ) ) ;
#5382 = CARTESIAN_POINT ( 'NONE',  ( -7.218989794517531400, -0.4300696339807993400, -3.000000000000000400 ) ) ;
#5383 = CARTESIAN_POINT ( 'NONE',  ( -7.201170466496389400, -0.4297644981971151000, -3.000000000000000000 ) ) ;
#5384 = CARTESIAN_POINT ( 'NONE',  ( -6.035548909505203100, -1.990512006710736900, -2.999700000000000300 ) ) ;
#5385 = B_SPLINE_CURVE_WITH_KNOTS ( 'NONE', 3,
 ( #5383, #5382, #5381, #5379, #5378, #5377, #5376, #5375, #5374, #5373, #5372, #5371, #5370, #5369, #5368, #5367, #5366, #5365, #5364 ),
 .UNSPECIFIED., .F., .F.,
 ( 4, 1, 1, 1, 1, 1, 1, 1, 1, 1, 1, 1, 1, 1, 1, 1, 4 ),
 ( 0.0000000000000000000, 0.07471189030450156600, 0.1455392023749091900, 0.2133390572509728000, 0.2786150735384713100, 0.3420941969414983400, 0.4038900759591962900, 0.4650633525655210000, 0.5265767363834862300, 0.5873283340287680500, 0.6463804557031436200, 0.7043453083753259400, 0.7616719489990784200, 0.8194178590468649300, 0.8780393997816816600, 0.9377955090070546600, 1.000000000000000000 ),
 .UNSPECIFIED. ) ;
#5386 = CARTESIAN_POINT ( 'NONE',  ( -6.270045769869399000, -0.7620149813816961000, -2.999700000000000700 ) ) ;
#5387 = CARTESIAN_POINT ( 'NONE',  ( -6.286725856281154100, -0.8037104929092442300, -2.999700000000000300 ) ) ;
#5388 = CARTESIAN_POINT ( 'NONE',  ( -6.300723332958803300, -0.8529921090229313200, -2.999700000000000300 ) ) ;
#5389 = CARTESIAN_POINT ( 'NONE',  ( -6.312264182902481500, -0.9097547286702660800, -2.999700000000000300 ) ) ;
#5390 = CARTESIAN_POINT ( 'NONE',  ( -6.320948044116854600, -0.9741191917532448000, -2.999700000000001100 ) ) ;
#5391 = CARTESIAN_POINT ( 'NONE',  ( -6.327296633123763700, -1.046015621823253900, -2.999699999999998500 ) ) ;
#5392 = DIRECTION ( 'NONE',  ( 0.0000000000000000000, 1.000000000000000000, 0.0000000000000000000 ) ) ;
#5393 = B_SPLINE_CURVE_WITH_KNOTS ( 'NONE', 3,
 ( #5396, #5395, #5394, #5156, #5155, #5154, #5153, #5152, #3968, #3951, #3950, #4178, #4128, #4120, #4119, #4426, #4335, #4249, #4354, #4353, #4469, #4464, #4463, #4660, #4460, #4465, #4779 ),
 .UNSPECIFIED., .F., .F.,
 ( 4, 1, 1, 1, 1, 1, 1, 1, 1, 1, 1, 1, 1, 1, 1, 1, 1, 1, 1, 1, 1, 1, 1, 1, 4 ),
 ( 0.0000000000000000000, 0.06311445839479323800, 0.1236146457694898700, 0.1809737111859574800, 0.2352614550083219900, 0.2871007018338721000, 0.3360307363034435400, 0.3823823485850662000, 0.4263340836597072100, 0.4682106947981600200, 0.5082496012618050700, 0.5466283366065851600, 0.5836495392304460500, 0.6189943150301616700, 0.6535830186205962000, 0.6871561361903317800, 0.7204221919788075200, 0.7532302188118171800, 0.7862601560778997900, 0.8195039834988843100, 0.8535452747120190200, 0.8883082803397300800, 0.9239958607406948400, 0.9613503047546452200, 1.000000000000000000 ),
 .UNSPECIFIED. ) ;
#5394 = CARTESIAN_POINT ( 'NONE',  ( -5.542230359671547600, -1.145601283176678000, -2.999700000000001100 ) ) ;
#5395 = CARTESIAN_POINT ( 'NONE',  ( -5.541840514843429800, -1.188733457851566500, -2.999699999999999800 ) ) ;
#5396 = CARTESIAN_POINT ( 'NONE',  ( -5.541641470102158400, -1.210755636753179800, -2.999700000000000300 ) ) ;
#5397 = CARTESIAN_POINT ( 'NONE',  ( -6.331347829627578200, -1.125510300722135600, -2.999700000000001600 ) ) ;
#5398 = CARTESIAN_POINT ( 'NONE',  ( -6.331706284464103400, -1.181115944491653500, -2.999700000000001100 ) ) ;
#5399 = CARTESIAN_POINT ( 'NONE',  ( -6.331893373147029700, -1.210138252453925900, -2.999700000000000300 ) ) ;
#5400 = B_SPLINE_CURVE_WITH_KNOTS ( 'NONE', 3,
 ( #5399, #5398, #5397, #5391, #5390, #5389, #5388, #5387, #5386, #5172, #5171, #5170, #5169, #5168, #5167, #5166, #5165, #5164, #5163 ),
 .UNSPECIFIED., .F., .F.,
 ( 4, 1, 1, 1, 1, 1, 1, 1, 1, 1, 1, 1, 1, 1, 1, 1, 4 ),
 ( 0.0000000000000000000, 0.1156291309254414600, 0.2215410391198767700, 0.3170478562190416900, 0.4031508756396166000, 0.4801812167162796100, 0.5476493661481896000, 0.6070358428421810400, 0.6586524080635072200, 0.7057228903536458800, 0.7498040879796469300, 0.7925868153452744200, 0.8338739610102607900, 0.8747683933034328100, 0.9152226988916379900, 0.9568807037304797300, 1.000000000000000000 ),
 .UNSPECIFIED. ) ;
#5401 = CARTESIAN_POINT ( 'NONE',  ( -5.225540708884210500, -1.259528996394230400, -3.000000000000000000 ) ) ;
#5402 = DIRECTION ( 'NONE',  ( -1.000000000000000000, 0.0000000000000000000, -3.084883830324252400E-013 ) ) ;
#5403 = DIRECTION ( 'NONE',  ( 3.084883830324252400E-013, -1.892376449118253400E-013, -1.000000000000000000 ) ) ;
#5404 = CARTESIAN_POINT ( 'NONE',  ( -5.569314161348213300, -1.538706001558173700, -2.999700000000000300 ) ) ;
#5405 = CARTESIAN_POINT ( 'NONE',  ( -4.198213234925877800, -1.970755709134615100, -3.000000000000000000 ) ) ;
#5406 =( GEOMETRIC_REPRESENTATION_CONTEXT ( 3 ) GLOBAL_UNCERTAINTY_ASSIGNED_CONTEXT ( ( #5407 ) ) GLOBAL_UNIT_ASSIGNED_CONTEXT ( ( #5188, #5187, #5408 ) ) REPRESENTATION_CONTEXT ( 'NONE', 'WORKASPACE' ) );
#5407 = UNCERTAINTY_MEASURE_WITH_UNIT (LENGTH_MEASURE( 1.000000000000000100E-005 ), #5188, 'distance_accuracy_value', 'NONE');
#5408 =( NAMED_UNIT ( * ) SI_UNIT ( $, .STERADIAN. ) SOLID_ANGLE_UNIT ( ) );
#5409 = CARTESIAN_POINT ( 'NONE',  ( -2.236114166012749900, -0.9658541289070227100, -2.999999999999999600 ) ) ;
#5410 = CARTESIAN_POINT ( 'NONE',  ( -2.229812220885746500, -1.022558095412476000, -2.999999999999999600 ) ) ;
#5411 = LINE ( 'NONE', #5608, #5607 ) ;
#5412 = DIRECTION ( 'NONE',  ( 0.0000000000000000000, 1.000000000000000000, 0.0000000000000000000 ) ) ;
#5413 = VECTOR ( 'NONE', #5412, 1000.000000000000000 ) ;
#5414 = LINE ( 'NONE', #5496, #5495 ) ;
#5415 = CARTESIAN_POINT ( 'NONE',  ( 1.056961920322515800, -1.397823079427082900, -3.000000000000000000 ) ) ;
#5416 = CARTESIAN_POINT ( 'NONE',  ( -5.739204445863376400, -1.210138252453925900, -2.999700000000000300 ) ) ;
#5417 = CARTESIAN_POINT ( 'NONE',  ( -5.739542003875425500, -1.181117958360833800, -2.999700000000000700 ) ) ;
#5418 = CARTESIAN_POINT ( 'NONE',  ( -5.740189930076836900, -1.125414914011547900, -2.999700000000000300 ) ) ;
#5419 = CARTESIAN_POINT ( 'NONE',  ( -5.743933753428716000, -1.045365523100130200, -2.999700000000000300 ) ) ;
#5420 = CARTESIAN_POINT ( 'NONE',  ( -5.751140859518922200, -0.9724678693150083900, -2.999700000000001100 ) ) ;
#5421 = CARTESIAN_POINT ( 'NONE',  ( -5.760270003392630400, -0.9066201788101463400, -2.999699999999998500 ) ) ;
#5422 = CARTESIAN_POINT ( 'NONE',  ( -5.772889255855152300, -0.8478989212298894100, -2.999700000000000700 ) ) ;
#5423 = CARTESIAN_POINT ( 'NONE',  ( -5.788216316423442400, -0.7964048271502345300, -2.999700000000000300 ) ) ;
#5424 = CARTESIAN_POINT ( 'NONE',  ( -5.805567172749027400, -0.7513456225332023600, -2.999700000000000700 ) ) ;
#5425 = CARTESIAN_POINT ( 'NONE',  ( -5.821073658862045100, -0.7254203426354091100, -2.999700000000000700 ) ) ;
#5426 = CARTESIAN_POINT ( 'NONE',  ( -5.828416477105550400, -0.7131438915546121100, -2.999700000000000300 ) ) ;
#5427 = B_SPLINE_CURVE_WITH_KNOTS ( 'NONE', 3,
 ( #5426, #5425, #5424, #5423, #5422, #5421, #5420, #5419, #5418, #5417, #5416 ),
 .UNSPECIFIED., .F., .F.,
 ( 4, 1, 1, 1, 1, 1, 1, 1, 4 ),
 ( 0.0000000000000000000, 0.08388811327954513700, 0.1771540327539694300, 0.2825136355617226000, 0.3993998606601628100, 0.5294908061912202400, 0.6728021776758328400, 0.8295357616196699100, 1.000000000000000000 ),
 .UNSPECIFIED. ) ;
#5428 = CARTESIAN_POINT ( 'NONE',  ( -2.415119581228703200, -0.5369124696642707500, -3.000000000000000000 ) ) ;
#5429 = CARTESIAN_POINT ( 'NONE',  ( -2.390089276220940000, -0.5620202520535662000, -3.000000000000000400 ) ) ;
#5430 = CARTESIAN_POINT ( 'NONE',  ( -2.367555439364102300, -0.5903001802009393300, -2.999999999999999100 ) ) ;
#5431 = CARTESIAN_POINT ( 'NONE',  ( -6.755009067980978400, -1.725840438718630400, -2.999999999999999600 ) ) ;
#5432 = CARTESIAN_POINT ( 'NONE',  ( -6.728038856032360300, -1.778881391713276000, -3.000000000000000000 ) ) ;
#5433 = CARTESIAN_POINT ( 'NONE',  ( -6.714726875525122400, -1.815642366522891800, -3.000000000000000000 ) ) ;
#5434 = CARTESIAN_POINT ( 'NONE',  ( -6.708189103542224500, -1.833696394700270000, -3.000000000000000000 ) ) ;
#5435 = CARTESIAN_POINT ( 'NONE',  ( -7.247782981090051800, -1.487343802818884800, -3.000000000000000000 ) ) ;
#5436 = CARTESIAN_POINT ( 'NONE',  ( -7.675321608323312000, -0.8551422803829875600, -3.000000000000000000 ) ) ;
#5437 = CARTESIAN_POINT ( 'NONE',  ( -7.196848776401612500, -0.6075711763822112500, -3.000000000000000000 ) ) ;
#5438 = B_SPLINE_CURVE_WITH_KNOTS ( 'NONE', 3,
 ( #5434, #5433, #5432, #5431, #5486, #5485, #5484, #5483, #5482, #5481, #5480, #5479, #5478, #5477, #5476 ),
 .UNSPECIFIED., .F., .F.,
 ( 4, 1, 1, 1, 1, 1, 1, 1, 1, 1, 1, 1, 4 ),
 ( 0.0000000000000000000, 0.1003881431397112600, 0.2044067930373085500, 0.3106860830942073700, 0.4221572938828002100, 0.4806854607703735500, 0.5432381544526692100, 0.6094995045645644800, 0.6795546087742246900, 0.7538412220511749900, 0.8316406764893865500, 0.9138127068095909200, 0.9999999999999998900 ),
 .UNSPECIFIED. ) ;
#5439 = CARTESIAN_POINT ( 'NONE',  ( -7.695077905899434100, -1.773192733373397000, -3.000000000000000000 ) ) ;
#5440 = LINE ( 'NONE', #5472, #5471 ) ;
#5441 = CARTESIAN_POINT ( 'NONE',  ( 2.123801989433092600, -1.397823079427082900, -3.000000000000000000 ) ) ;
#5442 = CARTESIAN_POINT ( 'NONE',  ( -2.531572176197917700, -0.4620276180495687100, -3.000000000000000000 ) ) ;
#5443 = CARTESIAN_POINT ( 'NONE',  ( -2.499964557927785200, -0.4772092084622733800, -2.999999999999999600 ) ) ;
#5444 = CARTESIAN_POINT ( 'NONE',  ( -2.469937166988382900, -0.4944038066623326900, -3.000000000000000900 ) ) ;
#5445 = CARTESIAN_POINT ( 'NONE',  ( -2.441605540611570200, -0.5143308075168543400, -3.000000000000000000 ) ) ;
#5446 = CARTESIAN_POINT ( 'NONE',  ( 1.452087871844951700, -1.595386055188300800, -3.000000000000000000 ) ) ;
#5447 = LINE ( 'NONE', #5446, #5529 ) ;
#5448 = CARTESIAN_POINT ( 'NONE',  ( -2.253278385618594700, -0.8618260205374548300, -3.000000000000001300 ) ) ;
#5449 = CARTESIAN_POINT ( 'NONE',  ( -2.243576849719594700, -0.9122512716802484400, -3.000000000000000000 ) ) ;
#5450 = CARTESIAN_POINT ( 'NONE',  ( -2.291679934453066300, -0.7287047351931332800, -3.000000000000000400 ) ) ;
#5451 = CARTESIAN_POINT ( 'NONE',  ( -2.277290830943918800, -0.7702182909233230600, -3.000000000000000000 ) ) ;
#5452 = CARTESIAN_POINT ( 'NONE',  ( -2.264194023876440600, -0.8144652383040648100, -2.999999999999999600 ) ) ;
#5453 = CARTESIAN_POINT ( 'NONE',  ( -2.222583477313701200, -1.210755636753179800, -3.000000000000000000 ) ) ;
#5454 = CARTESIAN_POINT ( 'NONE',  ( -4.415532508263218000, -1.081722318209134200, -3.000000000000000000 ) ) ;
#5455 = VECTOR ( 'NONE', #5475, 1000.000000000000000 ) ;
#5456 = CARTESIAN_POINT ( 'NONE',  ( -6.941251676510536800, -1.773192733373397000, -3.000000000000000000 ) ) ;
#5457 = CARTESIAN_POINT ( 'NONE',  ( -6.953760185740947000, -1.756335612155318400, -3.000000000000000000 ) ) ;
#5458 = CARTESIAN_POINT ( 'NONE',  ( -6.979810009704197100, -1.721229507009662400, -2.999999999999999600 ) ) ;
#5459 = CARTESIAN_POINT ( 'NONE',  ( -7.015163310246998100, -1.685099925359710100, -2.999999999999998700 ) ) ;
#5460 = CARTESIAN_POINT ( 'NONE',  ( -7.043075603225831000, -1.659752928859669500, -3.000000000000000400 ) ) ;
#5461 = CARTESIAN_POINT ( 'NONE',  ( -7.061404912464091400, -1.643066516873531700, -2.999999999999999600 ) ) ;
#5462 = CARTESIAN_POINT ( 'NONE',  ( -7.083780666069185500, -1.624112713169352000, -3.000000000000000000 ) ) ;
#5463 = CARTESIAN_POINT ( 'NONE',  ( -7.109389940788474900, -1.601938527506638500, -2.999999999999999600 ) ) ;
#5464 = CARTESIAN_POINT ( 'NONE',  ( -7.139134787164057800, -1.577515092409771200, -3.000000000000000400 ) ) ;
#5465 = CARTESIAN_POINT ( 'NONE',  ( -7.171931917416515900, -1.549661076769583800, -2.999999999999998700 ) ) ;
#5466 = CARTESIAN_POINT ( 'NONE',  ( -7.208548287272724200, -1.519285026025146000, -3.000000000000002200 ) ) ;
#5467 = CARTESIAN_POINT ( 'NONE',  ( -7.234285639701082200, -1.498332077533182500, -3.000000000000000900 ) ) ;
#5468 = CARTESIAN_POINT ( 'NONE',  ( -7.247782981090051800, -1.487343802818884800, -3.000000000000000000 ) ) ;
#5469 = CARTESIAN_POINT ( 'NONE',  ( -5.324322196764820000, -1.970755709134615100, -3.000000000000000000 ) ) ;
#5470 = DIRECTION ( 'NONE',  ( -1.000000000000000000, 0.0000000000000000000, 0.0000000000000000000 ) ) ;
#5471 = VECTOR ( 'NONE', #5470, 1000.000000000000000 ) ;
#5472 = CARTESIAN_POINT ( 'NONE',  ( -6.941251676510536800, -1.773192733373397000, -3.000000000000000000 ) ) ;
#5473 = LINE ( 'NONE', #5454, #5455 ) ;
#5474 = B_SPLINE_CURVE_WITH_KNOTS ( 'NONE', 3,
 ( #5468, #5467, #5466, #5465, #5464, #5463, #5462, #5461, #5460, #5459, #5458, #5457, #5456 ),
 .UNSPECIFIED., .F., .F.,
 ( 4, 1, 1, 1, 1, 1, 1, 1, 1, 1, 4 ),
 ( 0.0000000000000000000, 0.1241996726524862600, 0.2368296581100277400, 0.3394949853062826900, 0.4312535100312246400, 0.5114548721194173100, 0.5812230366234586400, 0.6404953748643703600, 0.6883082049320181600, 0.8503329734146877200, 1.000000000000000000 ),
 .UNSPECIFIED. ) ;
#5475 = DIRECTION ( 'NONE',  ( -1.000000000000000000, 0.0000000000000000000, 0.0000000000000000000 ) ) ;
#5476 = CARTESIAN_POINT ( 'NONE',  ( -7.063493767762790500, -1.394427465781187300, -3.000000000000000000 ) ) ;
#5477 = CARTESIAN_POINT ( 'NONE',  ( -7.050586926002085700, -1.404661600865948300, -2.999999999999999600 ) ) ;
#5478 = CARTESIAN_POINT ( 'NONE',  ( -7.025374541820464300, -1.424653086800888600, -2.999999999999999600 ) ) ;
#5479 = CARTESIAN_POINT ( 'NONE',  ( -6.989259062726334900, -1.454813362996227700, -3.000000000000001300 ) ) ;
#5480 = CARTESIAN_POINT ( 'NONE',  ( -6.955848263127215600, -1.484622208788450600, -2.999999999999999100 ) ) ;
#5481 = CARTESIAN_POINT ( 'NONE',  ( -6.924747613965602800, -1.513524103702901700, -3.000000000000000000 ) ) ;
#5482 = CARTESIAN_POINT ( 'NONE',  ( -6.895914678556263900, -1.541615434466277400, -3.000000000000000400 ) ) ;
#5483 = CARTESIAN_POINT ( 'NONE',  ( -6.869626956616853500, -1.569078137248557600, -3.000000000000000400 ) ) ;
#5484 = CARTESIAN_POINT ( 'NONE',  ( -6.845905500423617300, -1.595907195553204500, -3.000000000000000000 ) ) ;
#5485 = CARTESIAN_POINT ( 'NONE',  ( -6.817619550308695200, -1.630198603745097700, -2.999999999999999600 ) ) ;
#5486 = CARTESIAN_POINT ( 'NONE',  ( -6.786732410712568600, -1.673120266912676800, -3.000000000000000000 ) ) ;
#5487 = LINE ( 'NONE', #5577, #5576 ) ;
#5488 = DIRECTION ( 'NONE',  ( 0.0000000000000000000, -1.000000000000000000, 0.0000000000000000000 ) ) ;
#5489 = VECTOR ( 'NONE', #5488, 1000.000000000000000 ) ;
#5490 = CARTESIAN_POINT ( 'NONE',  ( -5.225540708884210500, -1.081722318209134200, -3.000000000000000000 ) ) ;
#5491 = LINE ( 'NONE', #5490, #5489 ) ;
#5492 = UNCERTAINTY_MEASURE_WITH_UNIT (LENGTH_MEASURE( 1.000000000000000100E-005 ), #5633, 'distance_accuracy_value', 'NONE');
#5493 = CARTESIAN_POINT ( 'NONE',  ( -4.415532508263218000, -0.6075711763822112500, -3.000000000000000000 ) ) ;
#5494 = DIRECTION ( 'NONE',  ( 0.0000000000000000000, -1.000000000000000000, 0.0000000000000000000 ) ) ;
#5495 = VECTOR ( 'NONE', #5494, 1000.000000000000000 ) ;
#5496 = CARTESIAN_POINT ( 'NONE',  ( -4.415532508263218000, -1.259528996394230400, -3.000000000000000000 ) ) ;
#5497 = CARTESIAN_POINT ( 'NONE',  ( -7.005436275390387400, -0.6632903753585384100, -3.000000000000000900 ) ) ;
#5498 = CARTESIAN_POINT ( 'NONE',  ( -7.028111795519810900, -0.6486372477052828600, -2.999999999999999100 ) ) ;
#5499 = CARTESIAN_POINT ( 'NONE',  ( -7.052162899969483900, -0.6356563127967622700, -3.000000000000000000 ) ) ;
#5500 = CARTESIAN_POINT ( 'NONE',  ( -7.077974747027032400, -0.6253436190454522100, -3.000000000000000400 ) ) ;
#5501 = CARTESIAN_POINT ( 'NONE',  ( -7.105442210740051200, -0.6171573460039792000, -2.999999999999999100 ) ) ;
#5502 = CARTESIAN_POINT ( 'NONE',  ( -7.134531859688360500, -0.6118030417230785300, -3.000000000000000900 ) ) ;
#5503 = CARTESIAN_POINT ( 'NONE',  ( -7.165174261480760100, -0.6082986058842621000, -2.999999999999999600 ) ) ;
#5504 = CARTESIAN_POINT ( 'NONE',  ( -7.186137336508111600, -0.6078171728057539800, -3.000000000000000400 ) ) ;
#5505 = CARTESIAN_POINT ( 'NONE',  ( -7.196848776401612500, -0.6075711763822112500, -3.000000000000000000 ) ) ;
#5506 = CARTESIAN_POINT ( 'NONE',  ( -7.201170466496389400, -0.4297644981971151000, -3.000000000000000000 ) ) ;
#5507 = LINE ( 'NONE', #5620, #5619 ) ;
#5508 = DIRECTION ( 'NONE',  ( 0.9950371902099890400, 0.09950371902099933200, 0.0000000000000000000 ) ) ;
#5509 = VECTOR ( 'NONE', #5508, 1000.000000000000100 ) ;
#5510 = CARTESIAN_POINT ( 'NONE',  ( -6.904826002854561800, -0.8841593424479163900, -3.000000000000000000 ) ) ;
#5511 = LINE ( 'NONE', #5510, #5509 ) ;
#5512 = CARTESIAN_POINT ( 'NONE',  ( -4.415532508263218000, -1.259528996394230400, -3.000000000000000000 ) ) ;
#5513 = CARTESIAN_POINT ( 'NONE',  ( -7.196848776401612500, -0.6075711763822112500, -3.000000000000000000 ) ) ;
#5514 = CARTESIAN_POINT ( 'NONE',  ( -7.207045562103248300, -0.6078183971690208600, -3.000000000000000000 ) ) ;
#5515 = CARTESIAN_POINT ( 'NONE',  ( -7.226982263184849500, -0.6083017619343502600, -3.000000000000001300 ) ) ;
#5516 = CARTESIAN_POINT ( 'NONE',  ( -7.256196555779109900, -0.6117922769981791700, -3.000000000000000400 ) ) ;
#5517 = CARTESIAN_POINT ( 'NONE',  ( -7.283979235825833100, -0.6172973559354824100, -2.999999999999999100 ) ) ;
#5518 = CARTESIAN_POINT ( 'NONE',  ( -7.310325894747435900, -0.6248828000704553800, -3.000000000000001300 ) ) ;
#5519 = CARTESIAN_POINT ( 'NONE',  ( -3.210398356119791500, -1.210755636753179800, -3.000000000000000000 ) ) ;
#5520 = CARTESIAN_POINT ( 'NONE',  ( -0.8396426469851755400, -1.210755636753179800, -3.000000000000000000 ) ) ;
#5521 = CARTESIAN_POINT ( 'NONE',  ( -2.372299169882749600, -1.842031082740196400, -3.000000000000000000 ) ) ;
#5522 = CARTESIAN_POINT ( 'NONE',  ( -2.703001729702576600, -0.4299747292779466100, -3.000000000000000400 ) ) ;
#5523 = CARTESIAN_POINT ( 'NONE',  ( -2.676475413212590700, -0.4303881460524570100, -3.000000000000000000 ) ) ;
#5524 = CARTESIAN_POINT ( 'NONE',  ( -2.637657896086689700, -0.4344285504903752600, -3.000000000000000400 ) ) ;
#5525 = CARTESIAN_POINT ( 'NONE',  ( -2.600633834347184400, -0.4412821096811830900, -2.999999999999999600 ) ) ;
#5526 = CARTESIAN_POINT ( 'NONE',  ( -2.565362428049139600, -0.4505989207529956800, -3.000000000000000000 ) ) ;
#5527 = LINE ( 'NONE', #5536, #5413 ) ;
#5528 = DIRECTION ( 'NONE',  ( 1.000000000000000000, 0.0000000000000000000, 0.0000000000000000000 ) ) ;
#5529 = VECTOR ( 'NONE', #5528, 1000.000000000000000 ) ;
#5530 = CARTESIAN_POINT ( 'NONE',  ( -2.225590447707099400, -1.082491163192016700, -3.000000000000000000 ) ) ;
#5531 = CARTESIAN_POINT ( 'NONE',  ( -2.223172366883089200, -1.145601283176677800, -3.000000000000000400 ) ) ;
#5532 = CARTESIAN_POINT ( 'NONE',  ( -2.345880445939130700, -0.6207151187953132700, -3.000000000000000400 ) ) ;
#5533 = CARTESIAN_POINT ( 'NONE',  ( -2.326372555087219000, -0.6541186355245530700, -2.999999999999999600 ) ) ;
#5534 = CARTESIAN_POINT ( 'NONE',  ( -2.308004831441639500, -0.6899911682291953700, -3.000000000000000900 ) ) ;
#5535 = CARTESIAN_POINT ( 'NONE',  ( -2.716490916716746400, -0.4297644981971151000, -3.000000000000000000 ) ) ;
#5536 = CARTESIAN_POINT ( 'NONE',  ( 1.452087871844951700, -1.970755709134615100, -3.000000000000000000 ) ) ;
#5537 = CARTESIAN_POINT ( 'NONE',  ( -2.716490916716746400, -0.4297644981971151000, -3.000000000000000000 ) ) ;
#5538 = CARTESIAN_POINT ( 'NONE',  ( -7.340819441076048300, -1.137882360527696000, -3.000000000000000000 ) ) ;
#5539 = CARTESIAN_POINT ( 'NONE',  ( -7.307138502655956100, -1.173374109814398200, -3.000000000000000400 ) ) ;
#5540 = CARTESIAN_POINT ( 'NONE',  ( -7.268449831396194900, -1.211988097719643600, -2.999999999999998700 ) ) ;
#5541 = CARTESIAN_POINT ( 'NONE',  ( -7.224662585619041600, -1.253636839190149600, -3.000000000000000400 ) ) ;
#5542 = CARTESIAN_POINT ( 'NONE',  ( -7.175418631596039100, -1.297916368358926100, -3.000000000000000000 ) ) ;
#5543 = CARTESIAN_POINT ( 'NONE',  ( -7.121502123426052000, -1.345602774520959100, -2.999999999999999600 ) ) ;
#5544 = CARTESIAN_POINT ( 'NONE',  ( -7.083321864821111400, -1.377738478374438000, -2.999999999999999600 ) ) ;
#5545 = CARTESIAN_POINT ( 'NONE',  ( -2.222782522054973100, -1.188733457851566700, -3.000000000000000000 ) ) ;
#5546 = CARTESIAN_POINT ( 'NONE',  ( -7.477758632562093900, -0.8569944332807489800, -3.000000000000000000 ) ) ;
#5547 = B_SPLINE_CURVE_WITH_KNOTS ( 'NONE', 3,
 ( #5505, #5504, #5503, #5502, #5501, #5500, #5499, #5498, #5497, #5631, #5630, #5629, #5628, #5627, #5626, #5625, #5624, #5623, #5622 ),
 .UNSPECIFIED., .F., .F.,
 ( 4, 1, 1, 1, 1, 1, 1, 1, 1, 1, 1, 1, 1, 1, 1, 1, 4 ),
 ( 0.0000000000000000000, 0.07069648334337688700, 0.1383582132030691500, 0.2033698682591703300, 0.2657002133402303100, 0.3272558681973763400, 0.3865123433292939100, 0.4458582974819502200, 0.5051731438069386700, 0.5637797628070210200, 0.6223430642934402200, 0.6808235796100193800, 0.7397951568104396100, 0.8008011629883834400, 0.8642394615769082300, 0.9306310981734531300, 1.000000000000000000 ),
 .UNSPECIFIED. ) ;
#5548 = CARTESIAN_POINT ( 'NONE',  ( -7.477758632562093900, -0.8569944332807489800, -3.000000000000000000 ) ) ;
#5549 = SURFACE_STYLE_USAGE ( .BOTH. , #5550 ) ;
#5550 = SURFACE_SIDE_STYLE ('',( #5553 ) ) ;
#5551 =( GEOMETRIC_REPRESENTATION_CONTEXT ( 3 ) GLOBAL_UNCERTAINTY_ASSIGNED_CONTEXT ( ( #5492 ) ) GLOBAL_UNIT_ASSIGNED_CONTEXT ( ( #5633, #5632, #5160 ) ) REPRESENTATION_CONTEXT ( 'NONE', 'WORKASPACE' ) );
#5552 = FACE_OUTER_BOUND ( 'NONE', #935, .T. ) ;
#5553 = SURFACE_STYLE_FILL_AREA ( #5554 ) ;
#5554 = FILL_AREA_STYLE ('',( #5565 ) ) ;
#5555 = DIRECTION ( 'NONE',  ( 0.0000000000000000000, -1.000000000000000000, 0.0000000000000000000 ) ) ;
#5556 = VECTOR ( 'NONE', #5555, 1000.000000000000000 ) ;
#5557 = CARTESIAN_POINT ( 'NONE',  ( -5.324322196764820000, -1.792949030949518900, -3.000000000000000000 ) ) ;
#5558 = LINE ( 'NONE', #5557, #5556 ) ;
#5559 = COLOUR_RGB ( '',1.000000000000000000, 1.000000000000000000, 1.000000000000000000 ) ;
#5560 = DIRECTION ( 'NONE',  ( 0.0000000000000000000, -1.000000000000000000, 0.0000000000000000000 ) ) ;
#5561 = VECTOR ( 'NONE', #5560, 1000.000000000000000 ) ;
#5562 = CARTESIAN_POINT ( 'NONE',  ( 3.072104273086941000, 1.940991210937500000, -2.999700000000000300 ) ) ;
#5563 = LINE ( 'NONE', #5562, #5561 ) ;
#5564 = CARTESIAN_POINT ( 'NONE',  ( -5.324322196764820000, -1.792949030949518900, -3.000000000000000000 ) ) ;
#5565 = FILL_AREA_STYLE_COLOUR ( '', #5559 ) ;
#5566 = DIRECTION ( 'NONE',  ( 0.0000000000000000000, -1.000000000000000000, 0.0000000000000000000 ) ) ;
#5567 = VECTOR ( 'NONE', #5566, 1000.000000000000000 ) ;
#5568 = CARTESIAN_POINT ( 'NONE',  ( -5.284809601612575800, -0.4297644981971151000, -3.000000000000000000 ) ) ;
#5569 = CARTESIAN_POINT ( 'NONE',  ( -4.415532508263218000, -1.792949030949518900, -3.000000000000000000 ) ) ;
#5570 = LINE ( 'NONE', #5568, #5567 ) ;
#5571 = DIRECTION ( 'NONE',  ( 1.000000000000000000, 0.0000000000000000000, 0.0000000000000000000 ) ) ;
#5572 = VECTOR ( 'NONE', #5571, 1000.000000000000000 ) ;
#5573 = CARTESIAN_POINT ( 'NONE',  ( -5.225540708884210500, -1.259528996394230400, -3.000000000000000000 ) ) ;
#5574 = LINE ( 'NONE', #5573, #5572 ) ;
#5575 = DIRECTION ( 'NONE',  ( -1.000000000000000000, 0.0000000000000000000, 0.0000000000000000000 ) ) ;
#5576 = VECTOR ( 'NONE', #5575, 1000.000000000000000 ) ;
#5577 = CARTESIAN_POINT ( 'NONE',  ( -4.415532508263218000, -1.792949030949518900, -3.000000000000000000 ) ) ;
#5578 = CARTESIAN_POINT ( 'NONE',  ( -7.477544152337201500, -0.8657571455032474500, -2.999999999999999600 ) ) ;
#5579 = CARTESIAN_POINT ( 'NONE',  ( -7.477110445915945600, -0.8834764693263292800, -2.999999999999999100 ) ) ;
#5580 = CARTESIAN_POINT ( 'NONE',  ( -7.472775584142398800, -0.9101056071860365000, -3.000000000000000900 ) ) ;
#5581 = CARTESIAN_POINT ( 'NONE',  ( -7.466383542100344600, -0.9371087868672535200, -3.000000000000000000 ) ) ;
#5582 = CARTESIAN_POINT ( 'NONE',  ( -7.457006127452497200, -0.9642180711921914900, -3.000000000000000000 ) ) ;
#5583 = CARTESIAN_POINT ( 'NONE',  ( -7.445149715232833600, -0.9915124418794203400, -3.000000000000000900 ) ) ;
#5584 = CARTESIAN_POINT ( 'NONE',  ( -7.430914040575681100, -1.019108621848194200, -3.000000000000000000 ) ) ;
#5585 = CARTESIAN_POINT ( 'NONE',  ( -7.413831927651379800, -1.046919289210476200, -3.000000000000000900 ) ) ;
#5586 = CARTESIAN_POINT ( 'NONE',  ( -7.393673941427347400, -1.075430235418354900, -2.999999999999999600 ) ) ;
#5587 = CARTESIAN_POINT ( 'NONE',  ( -7.369782447846994000, -1.105623612391885200, -3.000000000000000900 ) ) ;
#5588 = B_SPLINE_CURVE_WITH_KNOTS ( 'NONE', 3,
 ( #5589, #5544, #5543, #5542, #5541, #5540, #5539, #5538, #5587, #5586, #5585, #5584, #5583, #5582, #5581, #5580, #5579, #5578, #5548 ),
 .UNSPECIFIED., .F., .F.,
 ( 4, 1, 1, 1, 1, 1, 1, 1, 1, 1, 1, 1, 1, 1, 1, 1, 4 ),
 ( 0.0000000000000000000, 0.1114096600426611500, 0.2145263672558016800, 0.3094172254458345000, 0.3960871907990311500, 0.4742842164262467400, 0.5443738816396975800, 0.6064195628105363300, 0.6605816023749735400, 0.7097938180647576100, 0.7564506485918284200, 0.8007673253039322400, 0.8431682879413350300, 0.8842948685500489100, 0.9238845020552848300, 0.9623587101392160300, 1.000000000000000000 ),
 .UNSPECIFIED. ) ;
#5589 = CARTESIAN_POINT ( 'NONE',  ( -7.063493767762790500, -1.394427465781187300, -3.000000000000000000 ) ) ;
#5590 = CARTESIAN_POINT ( 'NONE',  ( -6.707263027093344700, -0.8644030448717945300, -3.000000000000000000 ) ) ;
#5591 = B_SPLINE_CURVE_WITH_KNOTS ( 'NONE', 3,
 ( #5546, #5603, #5602, #5601, #5600, #5599, #5598, #5597, #5596, #5595, #5594, #5593, #5592, #5518, #5517, #5516, #5515, #5514, #5513 ),
 .UNSPECIFIED., .F., .F.,
 ( 4, 1, 1, 1, 1, 1, 1, 1, 1, 1, 1, 1, 1, 1, 1, 1, 4 ),
 ( 0.0000000000000000000, 0.06176215676807109100, 0.1211739926536291700, 0.1794214068253160200, 0.2368434346502751900, 0.2943217954133981500, 0.3531909627945252200, 0.4127207064163243600, 0.4745221507037183900, 0.5370567441421372200, 0.5995913375805564900, 0.6623669793543071100, 0.7252456446794921500, 0.7903164461250811200, 0.8577243009540926900, 0.9272319523784928700, 1.000000000000000000 ),
 .UNSPECIFIED. ) ;
#5592 = CARTESIAN_POINT ( 'NONE',  ( -7.335044741230993800, -0.6352127195239151100, -3.000000000000000000 ) ) ;
#5593 = CARTESIAN_POINT ( 'NONE',  ( -7.358095608436787700, -0.6480599614779049000, -3.000000000000000400 ) ) ;
#5594 = CARTESIAN_POINT ( 'NONE',  ( -7.380273731908541600, -0.6623299504488519000, -2.999999999999999100 ) ) ;
#5595 = CARTESIAN_POINT ( 'NONE',  ( -7.400122458585082400, -0.6794970005735484500, -3.000000000000000000 ) ) ;
#5596 = CARTESIAN_POINT ( 'NONE',  ( -7.418295051052159500, -0.6977956452642337700, -2.999999999999999100 ) ) ;
#5597 = CARTESIAN_POINT ( 'NONE',  ( -7.434167484084528400, -0.7174750993782972300, -3.000000000000000900 ) ) ;
#5598 = CARTESIAN_POINT ( 'NONE',  ( -7.447888533076809200, -0.7380165085170364800, -2.999999999999999100 ) ) ;
#5599 = CARTESIAN_POINT ( 'NONE',  ( -7.458585193641300600, -0.7599318169713167300, -3.000000000000001300 ) ) ;
#5600 = CARTESIAN_POINT ( 'NONE',  ( -7.467571710646213400, -0.7825285290293697600, -2.999999999999999100 ) ) ;
#5601 = CARTESIAN_POINT ( 'NONE',  ( -7.473130281332736900, -0.8064758209733480200, -3.000000000000000400 ) ) ;
#5602 = CARTESIAN_POINT ( 'NONE',  ( -7.477123277369508400, -0.8313425892310007900, -2.999999999999998700 ) ) ;
#5603 = CARTESIAN_POINT ( 'NONE',  ( -7.477544126532904100, -0.8483339622989392000, -2.999999999999999600 ) ) ;
#5604 = B_SPLINE_CURVE_WITH_KNOTS ( 'NONE', 3,
 ( #5453, #5545, #5531, #5530, #5410, #5409, #5449, #5448, #5452, #5451, #5450, #5534, #5533, #5532, #5430, #5429, #5428, #5445, #5444, #5443, #5442, #5526, #5525, #5524, #5523, #5522, #5537 ),
 .UNSPECIFIED., .F., .F.,
 ( 4, 1, 1, 1, 1, 1, 1, 1, 1, 1, 1, 1, 1, 1, 1, 1, 1, 1, 1, 1, 1, 1, 1, 1, 4 ),
 ( 0.0000000000000000000, 0.06311445839479325200, 0.1236146457694898700, 0.1809737111859575100, 0.2352614550083220500, 0.2871007018338719900, 0.3360307363034435400, 0.3823823485850662000, 0.4263340836597073200, 0.4682106947981601300, 0.5082496012618051800, 0.5466283366065849400, 0.5836495392304463800, 0.6189943150301617800, 0.6535830186205963100, 0.6871561361903315600, 0.7204221919788076400, 0.7532302188118172900, 0.7862601560779002300, 0.8195039834988843100, 0.8535452747120186900, 0.8883082803397301900, 0.9239958607406949500, 0.9613503047546452200, 1.000000000000000000 ),
 .UNSPECIFIED. ) ;
#5605 = CARTESIAN_POINT ( 'NONE',  ( -7.695077905899434100, -1.970755709134615100, -3.000000000000000000 ) ) ;
#5606 = DIRECTION ( 'NONE',  ( 1.000000000000000000, 0.0000000000000000000, 0.0000000000000000000 ) ) ;
#5607 = VECTOR ( 'NONE', #5606, 1000.000000000000000 ) ;
#5608 = CARTESIAN_POINT ( 'NONE',  ( -7.695077905899434100, -1.970755709134615100, -3.000000000000000000 ) ) ;
#5609 = DIRECTION ( 'NONE',  ( 0.0000000000000000000, -1.000000000000000000, 0.0000000000000000000 ) ) ;
#5610 = VECTOR ( 'NONE', #5609, 1000.000000000000000 ) ;
#5611 = LINE ( 'NONE', #5612, #5610 ) ;
#5612 = CARTESIAN_POINT ( 'NONE',  ( -7.695077905899434100, -1.773192733373397000, -3.000000000000000000 ) ) ;
#5613 = CARTESIAN_POINT ( 'NONE',  ( -6.904826002854561800, -0.8841593424479163900, -3.000000000000000000 ) ) ;
#5614 = DIRECTION ( 'NONE',  ( 1.000000000000000000, 0.0000000000000000000, 0.0000000000000000000 ) ) ;
#5615 = VECTOR ( 'NONE', #5614, 1000.000000000000000 ) ;
#5616 = LINE ( 'NONE', #5621, #5615 ) ;
#5617 = CARTESIAN_POINT ( 'NONE',  ( -4.198213234925877800, -1.970755709134615100, -3.000000000000000000 ) ) ;
#5618 = DIRECTION ( 'NONE',  ( 0.0000000000000000000, -1.000000000000000000, 0.0000000000000000000 ) ) ;
#5619 = VECTOR ( 'NONE', #5618, 1000.000000000000000 ) ;
#5620 = CARTESIAN_POINT ( 'NONE',  ( -4.415532508263218000, -0.6075711763822112500, -3.000000000000000000 ) ) ;
#5621 = CARTESIAN_POINT ( 'NONE',  ( -5.324322196764820000, -1.970755709134615100, -3.000000000000000000 ) ) ;
#5622 = CARTESIAN_POINT ( 'NONE',  ( -6.904826002854561800, -0.8841593424479163900, -3.000000000000000000 ) ) ;
#5623 = CARTESIAN_POINT ( 'NONE',  ( -6.905191684226932300, -0.8736552743412566700, -2.999999999999999600 ) ) ;
#5624 = CARTESIAN_POINT ( 'NONE',  ( -6.905907352180398600, -0.8530979654572460300, -3.000000000000000400 ) ) ;
#5625 = CARTESIAN_POINT ( 'NONE',  ( -6.909466267150939700, -0.8230785185556227500, -3.000000000000000000 ) ) ;
#5626 = CARTESIAN_POINT ( 'NONE',  ( -6.915993910631481600, -0.7948598587348584300, -3.000000000000001300 ) ) ;
#5627 = CARTESIAN_POINT ( 'NONE',  ( -6.924985576282704600, -0.7685234633641938600, -2.999999999999999600 ) ) ;
#5628 = CARTESIAN_POINT ( 'NONE',  ( -6.936168075599288100, -0.7438679959925323900, -3.000000000000001800 ) ) ;
#5629 = CARTESIAN_POINT ( 'NONE',  ( -6.949708813303469200, -0.7208159492283977600, -2.999999999999998200 ) ) ;
#5630 = CARTESIAN_POINT ( 'NONE',  ( -6.966235013173321300, -0.6998741856905074100, -3.000000000000000900 ) ) ;
#5631 = CARTESIAN_POINT ( 'NONE',  ( -6.984850478926137600, -0.6806385731286918000, -2.999999999999999600 ) ) ;
#5632 =( NAMED_UNIT ( * ) PLANE_ANGLE_UNIT ( ) SI_UNIT ( $, .RADIAN. ) );
#5633 =( LENGTH_UNIT ( ) NAMED_UNIT ( * ) SI_UNIT ( .MILLI., .METRE. ) );
#5634 = MECHANICAL_DESIGN_GEOMETRIC_PRESENTATION_REPRESENTATION (  '', ( #5636 ), #5551 ) ;
#5635 = PRESENTATION_LAYER_ASSIGNMENT (  '', '', ( #5636 ) ) ;
#5636 = STYLED_ITEM ( 'NONE', ( #5656 ), #1042 ) ;
#5637 = CARTESIAN_POINT ( 'NONE',  ( -5.029521193871122600, 1.960747508513621500, -2.999700000000000300 ) ) ;
#5638 = CARTESIAN_POINT ( 'NONE',  ( -5.004488153124972500, 1.960068504411140600, -2.999699999999999800 ) ) ;
#5639 = CARTESIAN_POINT ( 'NONE',  ( -4.955469506281156500, 1.958738907154357100, -2.999700000000000300 ) ) ;
#5640 = CARTESIAN_POINT ( 'NONE',  ( -4.883554956085110800, 1.949079962863463200, -2.999700000000000700 ) ) ;
#5641 = CARTESIAN_POINT ( 'NONE',  ( -4.815225460760268000, 1.932677712390602500, -2.999700000000000300 ) ) ;
#5642 = CARTESIAN_POINT ( 'NONE',  ( -4.760947236593324300, 1.913854260737913900, -2.999699999999999800 ) ) ;
#5643 = CARTESIAN_POINT ( 'NONE',  ( -4.720373245114013000, 1.895004296873126700, -2.999700000000000700 ) ) ;
#5644 = CARTESIAN_POINT ( 'NONE',  ( -4.691498015731513100, 1.880194158063721600, -2.999700000000000300 ) ) ;
#5645 = CARTESIAN_POINT ( 'NONE',  ( -4.665025851767436100, 1.862963529419520800, -2.999699999999999400 ) ) ;
#5646 = CARTESIAN_POINT ( 'NONE',  ( -4.639998608746675600, 1.844728384418823800, -2.999700000000001600 ) ) ;
#5647 = CARTESIAN_POINT ( 'NONE',  ( -4.617037215065063400, 1.824739281519850200, -2.999699999999998900 ) ) ;
#5648 = CARTESIAN_POINT ( 'NONE',  ( -4.595731212543632300, 1.803294881056512600, -2.999700000000001600 ) ) ;
#5649 = CARTESIAN_POINT ( 'NONE',  ( -4.576736751995776200, 1.780095833663202700, -2.999700000000000700 ) ) ;
#5650 = CARTESIAN_POINT ( 'NONE',  ( -4.553824464282432600, 1.747883064636482500, -2.999699999999999400 ) ) ;
#5651 = CARTESIAN_POINT ( 'NONE',  ( -4.530330007061262000, 1.705284599067264500, -2.999700000000000300 ) ) ;
#5652 = CARTESIAN_POINT ( 'NONE',  ( -4.509690122202457900, 1.651628372194223800, -2.999700000000001100 ) ) ;
#5653 = CARTESIAN_POINT ( 'NONE',  ( -4.496749910732553700, 1.595868086138224200, -2.999699999999999800 ) ) ;
#5654 = CARTESIAN_POINT ( 'NONE',  ( -4.495291126967513800, 1.557869684168046200, -2.999699999999999800 ) ) ;
#5655 = CARTESIAN_POINT ( 'NONE',  ( -4.494557698567700000, 1.538765339973645200, -2.999700000000000300 ) ) ;
#5656 = PRESENTATION_STYLE_ASSIGNMENT (( #5657 ) ) ;
#5657 = SURFACE_STYLE_USAGE ( .BOTH. , #5658 ) ;
#5658 = SURFACE_SIDE_STYLE ('',( #5684 ) ) ;
#5659 = CARTESIAN_POINT ( 'NONE',  ( -1.037205622746390800, -1.555873460036057300, -2.999700000000000300 ) ) ;
#5660 = FACE_BOUND ( 'NONE', #849, .T. ) ;
#5661 = CARTESIAN_POINT ( 'NONE',  ( -0.005556458693279850400, 0.4000000000000000800, -2.999700000000000300 ) ) ;
#5662 = B_SPLINE_CURVE_WITH_KNOTS ( 'NONE', 3,
 ( #5655, #5654, #5653, #5652, #5651, #5650, #5649, #5648, #5647, #5646, #5645, #5644, #5643, #5642, #5641, #5640, #5639, #5638, #5637 ),
 .UNSPECIFIED., .F., .F.,
 ( 4, 1, 1, 1, 1, 1, 1, 1, 1, 1, 1, 1, 1, 1, 1, 1, 4 ),
 ( 0.0000000000000000000, 0.07499546738983181600, 0.1491654404266559700, 0.2236642943382243800, 0.3004120221906723700, 0.3395704846106344400, 0.3789205746932793300, 0.4180957375990927400, 0.4582296767501549700, 0.4984267212184584400, 0.5397075464534804000, 0.5822159516458426100, 0.6258238199943742000, 0.7154812648736977900, 0.8073840844133601800, 0.9016341255073711000, 1.000000000000000000 ),
 .UNSPECIFIED. ) ;
#5663 = CARTESIAN_POINT ( 'NONE',  ( -4.716523213816735400, 1.598668997882547900, -2.999700000000000300 ) ) ;
#5664 = CARTESIAN_POINT ( 'NONE',  ( 0.3803087283403489600, 1.763184532752403800, -2.999700000000000300 ) ) ;
#5665 = CARTESIAN_POINT ( 'NONE',  ( 0.3681563661004622100, 1.763077060480548600, -2.999700000000000700 ) ) ;
#5666 = CARTESIAN_POINT ( 'NONE',  ( 0.3445202602822643500, 1.762868029023129300, -2.999699999999999800 ) ) ;
#5667 = CARTESIAN_POINT ( 'NONE',  ( 0.3104104711050317300, 1.759252661150849900, -2.999699999999999800 ) ) ;
#5668 = CARTESIAN_POINT ( 'NONE',  ( 0.2787749660743570900, 1.754256275681734400, -2.999700000000000700 ) ) ;
#5669 = CARTESIAN_POINT ( 'NONE',  ( 0.2497584211105132500, 1.746745937929167400, -2.999699999999998900 ) ) ;
#5670 = CARTESIAN_POINT ( 'NONE',  ( 0.2231956514157082700, 1.737356105141996600, -2.999700000000000700 ) ) ;
#5671 = CARTESIAN_POINT ( 'NONE',  ( 0.1991703345678110800, 1.725525155165273900, -2.999699999999999800 ) ) ;
#5672 = CARTESIAN_POINT ( 'NONE',  ( 0.01066935694084796200, -1.824413914054214200, -2.999999999999999600 ) ) ;
#5673 = CARTESIAN_POINT ( 'NONE',  ( -0.001543460748133882100, -1.842031082740196400, -3.000000000000000000 ) ) ;
#5674 = B_SPLINE_CURVE_WITH_KNOTS ( 'NONE', 3,
 ( #5673, #5672, #5824, #5823, #5822, #5821, #5803, #5802, #5801, #5800, #5799 ),
 .UNSPECIFIED., .F., .F.,
 ( 4, 1, 1, 1, 1, 1, 1, 1, 4 ),
 ( 0.0000000000000000000, 0.09742066817721462000, 0.2008855880393206100, 0.3111719701726501900, 0.4297979458253725600, 0.5577399263645872500, 0.6947152693641581700, 0.8421299102060549900, 1.000000000000000000 ),
 .UNSPECIFIED. ) ;
#5675 = CARTESIAN_POINT ( 'NONE',  ( -6.331893373147029700, -1.210138252453925900, -2.999700000000000300 ) ) ;
#5676 = CARTESIAN_POINT ( 'NONE',  ( -6.035548909505203100, -1.812705328525640700, -2.999700000000000300 ) ) ;
#5677 = DIRECTION ( 'NONE',  ( -1.000000000000000000, 0.0000000000000000000, 0.0000000000000000000 ) ) ;
#5678 = PLANE ( 'NONE',  #5704 ) ;
#5679 = LINE ( 'NONE', #5683, #5783 ) ;
#5680 = DIRECTION ( 'NONE',  ( -1.000000000000000000, 0.0000000000000000000, 0.0000000000000000000 ) ) ;
#5681 = VECTOR ( 'NONE', #5680, 1000.000000000000000 ) ;
#5682 = LINE ( 'NONE', #5689, #5681 ) ;
#5683 = CARTESIAN_POINT ( 'NONE',  ( 4.040162854316909200, 1.940991210937500000, -2.999700000000000300 ) ) ;
#5684 = SURFACE_STYLE_FILL_AREA ( #5773 ) ;
#5685 = DIRECTION ( 'NONE',  ( -1.000000000000000000, 0.0000000000000000000, 0.0000000000000000000 ) ) ;
#5686 = VECTOR ( 'NONE', #5685, 1000.000000000000000 ) ;
#5687 = CARTESIAN_POINT ( 'NONE',  ( 4.040162854316909200, 1.308789688501602400, -2.999700000000000300 ) ) ;
#5688 = LINE ( 'NONE', #5687, #5686 ) ;
#5689 = CARTESIAN_POINT ( 'NONE',  ( 3.289423546424280700, 1.940991210937500000, -2.999700000000000300 ) ) ;
#5690 = DIRECTION ( 'NONE',  ( 1.000000000000000000, 0.0000000000000000000, -0.0000000000000000000 ) ) ;
#5691 = CARTESIAN_POINT ( 'NONE',  ( 4.257482127654249400, 1.940991210937500000, -2.999700000000000300 ) ) ;
#5692 = CARTESIAN_POINT ( 'NONE',  ( -6.508187510459597600, -1.507432135904023300, -2.999999999999999600 ) ) ;
#5693 = CARTESIAN_POINT ( 'NONE',  ( -6.508187510459597600, -1.507432135904023300, -2.999699999999999400 ) ) ;
#5694 = CARTESIAN_POINT ( 'NONE',  ( -6.516519964271941100, -1.454075901777564800, -3.000000000000000400 ) ) ;
#5695 = CARTESIAN_POINT ( 'NONE',  ( -6.516519964271941100, -1.454075901777564800, -2.999700000000000300 ) ) ;
#5696 = CARTESIAN_POINT ( 'NONE',  ( -6.522027966601293700, -1.397581927572216600, -3.000000000000000900 ) ) ;
#5697 = CARTESIAN_POINT ( 'NONE',  ( -6.522027966601293700, -1.397581927572216600, -2.999700000000000700 ) ) ;
#5698 = CARTESIAN_POINT ( 'NONE',  ( -6.526504131208972700, -1.338101025610243500, -3.000000000000000900 ) ) ;
#5699 = CARTESIAN_POINT ( 'NONE',  ( -6.526504131208972700, -1.338101025610243500, -2.999700000000000700 ) ) ;
#5700 = CARTESIAN_POINT ( 'NONE',  ( -6.528857418416232700, -1.275496942451194400, -3.000000000000000000 ) ) ;
#5701 = CARTESIAN_POINT ( 'NONE',  ( -6.528857418416232700, -1.275496942451194400, -2.999699999999999800 ) ) ;
#5702 = CARTESIAN_POINT ( 'NONE',  ( -6.529253575731249100, -1.232674374260395400, -3.000000000000000400 ) ) ;
#5703 = FILL_AREA_STYLE_COLOUR ( '', #5795 ) ;
#5704 = AXIS2_PLACEMENT_3D ( 'NONE', #5724, #5705, #5690 ) ;
#5705 = DIRECTION ( 'NONE',  ( 0.0000000000000000000, 0.0000000000000000000, 1.000000000000000000 ) ) ;
#5706 =( NAMED_UNIT ( * ) SI_UNIT ( $, .STERADIAN. ) SOLID_ANGLE_UNIT ( ) );
#5707 = CARTESIAN_POINT ( 'NONE',  ( -6.426830807647808000, -1.765520701015490700, -2.999700000000000300 ) ) ;
#5708 = CARTESIAN_POINT ( 'NONE',  ( -6.444554563000469500, -1.729394429335913400, -3.000000000000000900 ) ) ;
#5709 = CARTESIAN_POINT ( 'NONE',  ( -6.444554563000469500, -1.729394429335913400, -2.999700000000000700 ) ) ;
#5710 = CARTESIAN_POINT ( 'NONE',  ( -6.460556566481207200, -1.690668079185960300, -2.999999999999999100 ) ) ;
#5711 = CARTESIAN_POINT ( 'NONE',  ( -6.460556566481207200, -1.690668079185960300, -2.999699999999998900 ) ) ;
#5712 = CARTESIAN_POINT ( 'NONE',  ( -6.475148217686169400, -1.649368112768684800, -3.000000000000002200 ) ) ;
#5713 = CARTESIAN_POINT ( 'NONE',  ( -6.475148217686169400, -1.649368112768684800, -2.999700000000002000 ) ) ;
#5714 = CARTESIAN_POINT ( 'NONE',  ( -6.488104442522957700, -1.605182407896498000, -2.999999999999999600 ) ) ;
#5715 = CARTESIAN_POINT ( 'NONE',  ( -6.488104442522957700, -1.605182407896498000, -2.999699999999999400 ) ) ;
#5716 = CARTESIAN_POINT ( 'NONE',  ( -6.499208840016931900, -1.557877326474284700, -3.000000000000001300 ) ) ;
#5717 = CARTESIAN_POINT ( 'NONE',  ( -6.499208840016931900, -1.557877326474284700, -2.999700000000001100 ) ) ;
#5718 = UNCERTAINTY_MEASURE_WITH_UNIT (LENGTH_MEASURE( 1.000000000000000100E-005 ), #5162, 'distance_accuracy_value', 'NONE');
#5719 = CARTESIAN_POINT ( 'NONE',  ( -7.477758632562093900, -0.8569944332807489800, -3.000000000000000000 ) ) ;
#5720 = VECTOR ( 'NONE', #5677, 1000.000000000000000 ) ;
#5721 = CARTESIAN_POINT ( 'NONE',  ( -4.198213234925877800, -0.4297644981971151000, -3.000000000000000000 ) ) ;
#5722 = FACE_OUTER_BOUND ( 'NONE', #831, .T. ) ;
#5723 = CARTESIAN_POINT ( 'NONE',  ( 0.2802924718612324100, 1.111226712740384500, -2.999700000000000300 ) ) ;
#5724 = CARTESIAN_POINT ( 'NONE',  ( 5.205784411308093800, 0.4000000000000000200, -2.999700000000000300 ) ) ;
#5725 = CARTESIAN_POINT ( 'NONE',  ( 4.494557698567709800, 1.763184532752403600, -2.999700000000000300 ) ) ;
#5726 =( GEOMETRIC_REPRESENTATION_CONTEXT ( 3 ) GLOBAL_UNCERTAINTY_ASSIGNED_CONTEXT ( ( #5727 ) ) GLOBAL_UNIT_ASSIGNED_CONTEXT ( ( #5788, #5729, #5728 ) ) REPRESENTATION_CONTEXT ( 'NONE', 'WORKASPACE' ) );
#5727 = UNCERTAINTY_MEASURE_WITH_UNIT (LENGTH_MEASURE( 1.000000000000000100E-005 ), #5788, 'distance_accuracy_value', 'NONE');
#5728 =( NAMED_UNIT ( * ) SI_UNIT ( $, .STERADIAN. ) SOLID_ANGLE_UNIT ( ) );
#5729 =( NAMED_UNIT ( * ) PLANE_ANGLE_UNIT ( ) SI_UNIT ( $, .RADIAN. ) );
#5730 = CARTESIAN_POINT ( 'NONE',  ( -0.3457352075821307200, -0.4297644981971151000, -3.000000000000000000 ) ) ;
#5731 = CARTESIAN_POINT ( 'NONE',  ( -0.3322460205679608800, -0.4299747292779465000, -2.999999999999999600 ) ) ;
#5732 = CARTESIAN_POINT ( 'NONE',  ( -0.3057197040779752700, -0.4303881460524570100, -3.000000000000000000 ) ) ;
#5733 = CARTESIAN_POINT ( 'NONE',  ( -0.2669021869520736300, -0.4344285504903752600, -2.999999999999999600 ) ) ;
#5734 = CARTESIAN_POINT ( 'NONE',  ( -0.2298781252125689500, -0.4412821096811829200, -2.999999999999999600 ) ) ;
#5735 = CARTESIAN_POINT ( 'NONE',  ( -0.1946067189145239100, -0.4505989207529957400, -3.000000000000000400 ) ) ;
#5736 = CARTESIAN_POINT ( 'NONE',  ( -0.1608164670633020200, -0.4620276180495687700, -3.000000000000000000 ) ) ;
#5737 = CARTESIAN_POINT ( 'NONE',  ( -0.1292088487931695500, -0.4772092084622733300, -2.999999999999999600 ) ) ;
#5738 = CARTESIAN_POINT ( 'NONE',  ( -0.09918145785376653000, -0.4944038066623323600, -3.000000000000000400 ) ) ;
#5739 = CARTESIAN_POINT ( 'NONE',  ( -0.07084983147695479700, -0.5143308075168545600, -2.999999999999999600 ) ) ;
#5740 = CARTESIAN_POINT ( 'NONE',  ( -0.04436387209408727800, -0.5369124696642706400, -3.000000000000000000 ) ) ;
#5741 = CARTESIAN_POINT ( 'NONE',  ( -0.01933356708632411700, -0.5620202520535657600, -2.999999999999999600 ) ) ;
#5742 = CARTESIAN_POINT ( 'NONE',  ( 0.003200269770512737800, -0.5903001802009396600, -2.999999999999999600 ) ) ;
#5743 = CARTESIAN_POINT ( 'NONE',  ( 0.02487526319548535900, -0.6207151187953128300, -2.999999999999999600 ) ) ;
#5744 = CARTESIAN_POINT ( 'NONE',  ( 0.04438315404739667100, -0.6541186355245532900, -3.000000000000000400 ) ) ;
#5745 = CARTESIAN_POINT ( 'NONE',  ( 0.06275087769297700600, -0.6899911682291951500, -2.999999999999999100 ) ) ;
#5746 = CARTESIAN_POINT ( 'NONE',  ( 0.07907577468154952700, -0.7287047351931331700, -3.000000000000000000 ) ) ;
#5747 = CARTESIAN_POINT ( 'NONE',  ( 0.09346487819069730600, -0.7702182909233230600, -3.000000000000000400 ) ) ;
#5748 = CARTESIAN_POINT ( 'NONE',  ( 0.1065616852581750100, -0.8144652383040650300, -3.000000000000000400 ) ) ;
#5749 = CARTESIAN_POINT ( 'NONE',  ( 0.1174773235160216500, -0.8618260205374543800, -2.999999999999999100 ) ) ;
#5750 = CARTESIAN_POINT ( 'NONE',  ( 0.1271788594150203600, -0.9122512716802486700, -3.000000000000000900 ) ) ;
#5751 = CARTESIAN_POINT ( 'NONE',  ( 0.1346415431218659900, -0.9658541289070229400, -3.000000000000000000 ) ) ;
#5752 = CARTESIAN_POINT ( 'NONE',  ( 0.1409434882488685400, -1.022558095412476000, -3.000000000000000400 ) ) ;
#5753 = CARTESIAN_POINT ( 'NONE',  ( 0.1451652614275168700, -1.082491163192016700, -3.000000000000000000 ) ) ;
#5754 = CARTESIAN_POINT ( 'NONE',  ( 0.1475833422515265000, -1.145601283176678000, -3.000000000000000900 ) ) ;
#5755 = CARTESIAN_POINT ( 'NONE',  ( -6.529253575731249100, -1.232674374260395400, -2.999700000000000300 ) ) ;
#5756 = CARTESIAN_POINT ( 'NONE',  ( -6.529456348908247800, -1.210755636753179800, -3.000000000000000400 ) ) ;
#5757 = CARTESIAN_POINT ( 'NONE',  ( -6.529456348908247800, -1.210755636753179800, -2.999700000000000300 ) ) ;
#5758 = B_SPLINE_SURFACE_WITH_KNOTS ( 'NONE', 3, 1, ( 
 ( #5757, #5756 ),
 ( #5755, #5702 ),
 ( #5701, #5700 ),
 ( #5699, #5698 ),
 ( #5697, #5696 ),
 ( #5695, #5694 ),
 ( #5693, #5692 ),
 ( #5717, #5716 ),
 ( #5715, #5714 ),
 ( #5713, #5712 ),
 ( #5711, #5710 ),
 ( #5709, #5708 ),
 ( #5707, #5839 ),
 ( #5838, #5837 ),
 ( #5836, #5835 ),
 ( #5834, #5833 ),
 ( #5832, #5831 ),
 ( #5830, #5829 ),
 ( #5828, #5827 ),
 ( #5819, #5818 ),
 ( #5817, #5816 ),
 ( #5815, #5814 ),
 ( #5813, #5812 ),
 ( #5811, #5810 ),
 ( #5809, #5808 ),
 ( #5807, #5806 ),
 ( #5805, #5804 ) ),
 .UNSPECIFIED., .F., .F., .F.,
 ( 4, 1, 1, 1, 1, 1, 1, 1, 1, 1, 1, 1, 1, 1, 1, 1, 1, 1, 1, 1, 1, 1, 1, 1, 4 ),
 ( 2, 2 ),
 ( 0.0000000000000000000, 0.06287394621143262100, 0.1228366299919130800, 0.1796565674430314900, 0.2339600122308624100, 0.2855950186955589800, 0.3345131060783807500, 0.3809048259061764100, 0.4248945919393349300, 0.4665290347654874600, 0.5064882940692463400, 0.5450315536447542000, 0.5818311798231342600, 0.6174482799494429600, 0.6520669127690462700, 0.6858797142465108400, 0.7191745547913921400, 0.7521816462063929400, 0.7852401639180908200, 0.8186564497770832900, 0.8525477406533108500, 0.8876263422585190000, 0.9236350780687513400, 0.9610218444769890200, 1.000000000000000000 ),
 ( 0.0000000000000000000, 1.000000000000000000 ),
 .UNSPECIFIED. ) ;
#5759 = LINE ( 'NONE', #5721, #5720 ) ;
#5760 = CARTESIAN_POINT ( 'NONE',  ( -7.063493767762790500, -1.394427465781187300, -3.000000000000000000 ) ) ;
#5761 = CARTESIAN_POINT ( 'NONE',  ( 0.1776545450453338400, 1.711602856966800500, -2.999700000000000700 ) ) ;
#5762 = CARTESIAN_POINT ( 'NONE',  ( 0.1588179766163013700, 1.695466358568918900, -2.999700000000000300 ) ) ;
#5763 = CARTESIAN_POINT ( 'NONE',  ( 0.1424124129613103500, 1.677732038216454200, -2.999700000000000300 ) ) ;
#5764 = CARTESIAN_POINT ( 'NONE',  ( 0.1280899443793505100, 1.658830724048151000, -2.999700000000000700 ) ) ;
#5765 = CARTESIAN_POINT ( 'NONE',  ( 0.1160876280970359700, 1.638704839764395100, -2.999700000000000300 ) ) ;
#5766 = CARTESIAN_POINT ( 'NONE',  ( 0.1059843213150952300, 1.617465931141168800, -2.999700000000000300 ) ) ;
#5767 = CARTESIAN_POINT ( 'NONE',  ( 0.09842311440694177800, 1.594949420116399800, -2.999700000000000300 ) ) ;
#5768 = DIRECTION ( 'NONE',  ( 0.0000000000000000000, -1.000000000000000000, 0.0000000000000000000 ) ) ;
#5769 = VECTOR ( 'NONE', #5768, 1000.000000000000000 ) ;
#5770 = CARTESIAN_POINT ( 'NONE',  ( -4.711876971905040200, 1.552965178856482900, -2.999700000000000700 ) ) ;
#5771 = FILL_AREA_STYLE_COLOUR ( '', #5779 ) ;
#5772 = FACE_OUTER_BOUND ( 'NONE', #515, .T. ) ;
#5773 = FILL_AREA_STYLE ('',( #5771 ) ) ;
#5774 = CARTESIAN_POINT ( 'NONE',  ( 0.09269708566080890600, 1.571320224036063300, -2.999699999999998900 ) ) ;
#5775 = CARTESIAN_POINT ( 'NONE',  ( 0.08975195731039788100, 1.546453436313748300, -2.999700000000001100 ) ) ;
#5776 = CARTESIAN_POINT ( 'NONE',  ( 0.08919015980070631200, 1.529511003345356900, -2.999700000000000700 ) ) ;
#5777 = CARTESIAN_POINT ( 'NONE',  ( 0.08890333909255263000, 1.520861195295284900, -2.999700000000000300 ) ) ;
#5778 = CARTESIAN_POINT ( 'NONE',  ( -2.714330071669357900, -0.6075711763822112500, -2.999700000000000300 ) ) ;
#5779 = COLOUR_RGB ( '',1.000000000000000000, 1.000000000000000000, 1.000000000000000000 ) ;
#5780 = CARTESIAN_POINT ( 'NONE',  ( -4.712090269905702100, 1.560804122042299900, -2.999700000000000700 ) ) ;
#5781 = CARTESIAN_POINT ( 'NONE',  ( -4.712508143874978300, 1.576161463854203000, -2.999699999999999800 ) ) ;
#5782 = DIRECTION ( 'NONE',  ( 0.0000000000000000000, -1.000000000000000000, 0.0000000000000000000 ) ) ;
#5783 = VECTOR ( 'NONE', #5782, 1000.000000000000000 ) ;
#5784 = B_SPLINE_CURVE_WITH_KNOTS ( 'NONE', 3,
 ( #5777, #5776, #5775, #5774, #5767, #5766, #5765, #5764, #5763, #5762, #5761, #5671, #5670, #5669, #5668, #5667, #5666, #5665, #5664 ),
 .UNSPECIFIED., .F., .F.,
 ( 4, 1, 1, 1, 1, 1, 1, 1, 1, 1, 1, 1, 1, 1, 1, 1, 4 ),
 ( 0.0000000000000000000, 0.06032552933804324200, 0.1181599905079977100, 0.1741866762963802400, 0.2295388181457995200, 0.2834498146386375000, 0.3378265119505927100, 0.3926321025334839600, 0.4484655764151910800, 0.5059654091573054800, 0.5650585322290048200, 0.6266544786228437400, 0.6922320330373636900, 0.7611310781257621900, 0.8353098773394206400, 0.9153255598322017600, 1.000000000000000000 ),
 .UNSPECIFIED. ) ;
#5785 = CARTESIAN_POINT ( 'NONE',  ( 5.699691850711138500, 1.940991210937499800, -2.999700000000000300 ) ) ;
#5786 = CARTESIAN_POINT ( 'NONE',  ( 0.1479731870796425800, -1.188733457851566500, -2.999999999999999600 ) ) ;
#5787 = CARTESIAN_POINT ( 'NONE',  ( 0.1481722318209141000, -1.210755636753179800, -3.000000000000000000 ) ) ;
#5788 =( LENGTH_UNIT ( ) NAMED_UNIT ( * ) SI_UNIT ( .MILLI., .METRE. ) );
#5789 = MECHANICAL_DESIGN_GEOMETRIC_PRESENTATION_REPRESENTATION (  '', ( #5791 ), #5726 ) ;
#5790 = PRESENTATION_LAYER_ASSIGNMENT (  '', '', ( #5791 ) ) ;
#5791 = STYLED_ITEM ( 'NONE', ( #5792 ), #1021 ) ;
#5792 = PRESENTATION_STYLE_ASSIGNMENT (( #5793 ) ) ;
#5793 = SURFACE_STYLE_USAGE ( .BOTH. , #5794 ) ;
#5794 = SURFACE_SIDE_STYLE ('',( #5797 ) ) ;
#5795 = COLOUR_RGB ( '',1.000000000000000000, 1.000000000000000000, 1.000000000000000000 ) ;
#5796 = CARTESIAN_POINT ( 'NONE',  ( -5.541641470102158400, -1.210755636753179800, -2.999700000000000300 ) ) ;
#5797 = SURFACE_STYLE_FILL_AREA ( #5826 ) ;
#5798 = B_SPLINE_CURVE_WITH_KNOTS ( 'NONE', 3,
 ( #5787, #5786, #5754, #5753, #5752, #5751, #5750, #5749, #5748, #5747, #5746, #5745, #5744, #5743, #5742, #5741, #5740, #5739, #5738, #5737, #5736, #5735, #5734, #5733, #5732, #5731, #5730 ),
 .UNSPECIFIED., .F., .F.,
 ( 4, 1, 1, 1, 1, 1, 1, 1, 1, 1, 1, 1, 1, 1, 1, 1, 1, 1, 1, 1, 1, 1, 1, 1, 4 ),
 ( 0.0000000000000000000, 0.06311445839479323800, 0.1236146457694898600, 0.1809737111859574800, 0.2352614550083220200, 0.2871007018338719900, 0.3360307363034434900, 0.3823823485850662000, 0.4263340836597072600, 0.4682106947981600800, 0.5082496012618051800, 0.5466283366065848300, 0.5836495392304462700, 0.6189943150301616700, 0.6535830186205959800, 0.6871561361903314500, 0.7204221919788075200, 0.7532302188118168400, 0.7862601560778999000, 0.8195039834988839800, 0.8535452747120185800, 0.8883082803397299700, 0.9239958607406950600, 0.9613503047546451100, 1.000000000000000000 ),
 .UNSPECIFIED. ) ;
#5799 = CARTESIAN_POINT ( 'NONE',  ( 0.1481722318209141000, -1.210755636753179800, -3.000000000000000000 ) ) ;
#5800 = CARTESIAN_POINT ( 'NONE',  ( 0.1476687206910058700, -1.245442203842301000, -3.000000000000000400 ) ) ;
#5801 = CARTESIAN_POINT ( 'NONE',  ( 0.1466950450576619500, -1.312518109761565000, -3.000000000000000000 ) ) ;
#5802 = CARTESIAN_POINT ( 'NONE',  ( 0.1400892861011336900, -1.409524735141491000, -3.000000000000000400 ) ) ;
#5803 = CARTESIAN_POINT ( 'NONE',  ( 0.1284163035039256300, -1.499425637583681900, -2.999999999999999600 ) ) ;
#5804 = CARTESIAN_POINT ( 'NONE',  ( -6.035548909505203100, -1.990512006710736900, -3.000000000000000400 ) ) ;
#5805 = CARTESIAN_POINT ( 'NONE',  ( -6.035548909505203100, -1.990512006710736900, -2.999700000000000300 ) ) ;
#5806 = CARTESIAN_POINT ( 'NONE',  ( -6.049140832089651800, -1.990304933302367200, -3.000000000000000400 ) ) ;
#5807 = CARTESIAN_POINT ( 'NONE',  ( -6.049140832089651800, -1.990304933302367200, -2.999700000000000300 ) ) ;
#5808 = CARTESIAN_POINT ( 'NONE',  ( -6.075769750085637400, -1.989899240820207000, -3.000000000000000400 ) ) ;
#5809 = CARTESIAN_POINT ( 'NONE',  ( -6.075769750085637400, -1.989899240820207000, -2.999700000000000300 ) ) ;
#5810 = CARTESIAN_POINT ( 'NONE',  ( -6.114794702119325200, -1.985836759959264300, -3.000000000000000900 ) ) ;
#5811 = CARTESIAN_POINT ( 'NONE',  ( -6.114794702119325200, -1.985836759959264300, -2.999700000000000700 ) ) ;
#5812 = CARTESIAN_POINT ( 'NONE',  ( -6.151999624456878200, -1.978938014590318600, -2.999999999999999600 ) ) ;
#5813 = CARTESIAN_POINT ( 'NONE',  ( -6.151999624456878200, -1.978938014590318600, -2.999699999999999400 ) ) ;
#5814 = CARTESIAN_POINT ( 'NONE',  ( -6.187521599699714200, -1.969925753067866200, -3.000000000000000900 ) ) ;
#5815 = CARTESIAN_POINT ( 'NONE',  ( -6.187521599699714200, -1.969925753067866200, -2.999700000000000700 ) ) ;
#5816 = CARTESIAN_POINT ( 'NONE',  ( -6.221080504856800500, -1.957626376814162000, -3.000000000000000000 ) ) ;
#5817 = CARTESIAN_POINT ( 'NONE',  ( -6.221080504856800500, -1.957626376814162000, -2.999699999999999800 ) ) ;
#5818 = CARTESIAN_POINT ( 'NONE',  ( -6.253016843435136500, -1.943240305498516800, -3.000000000000000900 ) ) ;
#5819 = CARTESIAN_POINT ( 'NONE',  ( -6.253016843435136500, -1.943240305498516800, -2.999700000000000700 ) ) ;
#5820 =( GEOMETRIC_REPRESENTATION_CONTEXT ( 3 ) GLOBAL_UNCERTAINTY_ASSIGNED_CONTEXT ( ( #5718 ) ) GLOBAL_UNIT_ASSIGNED_CONTEXT ( ( #5162, #5161, #5706 ) ) REPRESENTATION_CONTEXT ( 'NONE', 'WORKASPACE' ) );
#5821 = CARTESIAN_POINT ( 'NONE',  ( 0.1122543264271540400, -1.582181976932510900, -3.000000000000000900 ) ) ;
#5822 = CARTESIAN_POINT ( 'NONE',  ( 0.09161980111820150500, -1.657956138753929200, -2.999999999999999100 ) ) ;
#5823 = CARTESIAN_POINT ( 'NONE',  ( 0.06532764081314665300, -1.726145046378682700, -3.000000000000000000 ) ) ;
#5824 = CARTESIAN_POINT ( 'NONE',  ( 0.03585270980602514600, -1.788086558090759000, -3.000000000000000000 ) ) ;
#5825 = CARTESIAN_POINT ( 'NONE',  ( 4.040162854316909200, 1.940991210937500000, -2.999700000000000300 ) ) ;
#5826 = FILL_AREA_STYLE ('',( #5703 ) ) ;
#5827 = CARTESIAN_POINT ( 'NONE',  ( -6.283117236459142800, -1.925875944701537200, -3.000000000000000900 ) ) ;
#5828 = CARTESIAN_POINT ( 'NONE',  ( -6.283117236459142800, -1.925875944701537200, -2.999700000000000700 ) ) ;
#5829 = CARTESIAN_POINT ( 'NONE',  ( -6.311249939200071600, -1.905595567035819100, -3.000000000000000900 ) ) ;
#5830 = CARTESIAN_POINT ( 'NONE',  ( -6.311249939200071600, -1.905595567035819100, -2.999700000000000700 ) ) ;
#5831 = CARTESIAN_POINT ( 'NONE',  ( -6.337974578329495400, -1.883081637722681100, -3.000000000000000400 ) ) ;
#5832 = CARTESIAN_POINT ( 'NONE',  ( -6.337974578329495400, -1.883081637722681100, -2.999700000000000300 ) ) ;
#5833 = CARTESIAN_POINT ( 'NONE',  ( -6.362749383428586600, -1.857620900441126400, -3.000000000000000900 ) ) ;
#5834 = CARTESIAN_POINT ( 'NONE',  ( -6.362749383428586600, -1.857620900441126400, -2.999700000000000700 ) ) ;
#5835 = CARTESIAN_POINT ( 'NONE',  ( -6.385549320375009300, -1.829356263489069200, -2.999999999999999600 ) ) ;
#5836 = CARTESIAN_POINT ( 'NONE',  ( -6.385549320375009300, -1.829356263489069200, -2.999699999999999400 ) ) ;
#5837 = CARTESIAN_POINT ( 'NONE',  ( -6.406857774524271000, -1.798694536690519200, -3.000000000000000900 ) ) ;
#5838 = CARTESIAN_POINT ( 'NONE',  ( -6.406857774524271000, -1.798694536690519200, -2.999700000000000700 ) ) ;
#5839 = CARTESIAN_POINT ( 'NONE',  ( -6.426830807647808000, -1.765520701015490700, -3.000000000000000400 ) ) ;
#5840 = AXIS2_PLACEMENT_3D ( 'NONE', #5979, #5973, #5895 ) ;
#5841 = FACE_BOUND ( 'NONE', #1300, .T. ) ;
#5842 = FACE_OUTER_BOUND ( 'NONE', #1162, .T. ) ;
#5843 = CARTESIAN_POINT ( 'NONE',  ( 0.4269212429340113500, 1.269277093349358900, -2.999699999999616100 ) ) ;
#5844 = CARTESIAN_POINT ( 'NONE',  ( -0.3457352075821307200, -1.990512006710736900, -2.999700000000000300 ) ) ;
#5845 = CARTESIAN_POINT ( 'NONE',  ( -0.3593271301665796300, -1.990304933302367200, -2.999700000000000300 ) ) ;
#5846 = CARTESIAN_POINT ( 'NONE',  ( -0.3859560481625649600, -1.989899240820207000, -2.999700000000000300 ) ) ;
#5847 = CARTESIAN_POINT ( 'NONE',  ( -0.4249810001962511800, -1.985836759959263500, -2.999699999999999800 ) ) ;
#5848 = CARTESIAN_POINT ( 'NONE',  ( -0.4621859225338078000, -1.978938014590319300, -2.999700000000000700 ) ) ;
#5849 = CARTESIAN_POINT ( 'NONE',  ( -0.4977078977766403700, -1.969925753067866200, -2.999700000000000700 ) ) ;
#5850 = CARTESIAN_POINT ( 'NONE',  ( -0.5312668029337294100, -1.957626376814162400, -2.999700000000000300 ) ) ;
#5851 = CARTESIAN_POINT ( 'NONE',  ( -0.5632031415120618600, -1.943240305498515900, -2.999699999999999800 ) ) ;
#5852 = CARTESIAN_POINT ( 'NONE',  ( -0.5933035345360697700, -1.925875944701537200, -2.999699999999999800 ) ) ;
#5853 = CARTESIAN_POINT ( 'NONE',  ( -0.6214362372769987000, -1.905595567035818400, -2.999700000000000700 ) ) ;
#5854 = CARTESIAN_POINT ( 'NONE',  ( -0.6481608764064225000, -1.883081637722681300, -2.999699999999999800 ) ) ;
#5855 = CARTESIAN_POINT ( 'NONE',  ( -0.6729356815055130800, -1.857620900441126800, -2.999700000000000700 ) ) ;
#5856 = CARTESIAN_POINT ( 'NONE',  ( -0.6957356184519384300, -1.829356263489068500, -2.999699999999998900 ) ) ;
#5857 = CARTESIAN_POINT ( 'NONE',  ( -0.7170440726011976200, -1.798694536690519200, -2.999700000000001600 ) ) ;
#5858 = CARTESIAN_POINT ( 'NONE',  ( -0.7370171057247363300, -1.765520701015490700, -2.999699999999999800 ) ) ;
#5859 = CARTESIAN_POINT ( 'NONE',  ( -0.7547408610773936900, -1.729394429335912500, -2.999700000000000300 ) ) ;
#5860 = CARTESIAN_POINT ( 'NONE',  ( -0.7707428645581362300, -1.690668079185960700, -2.999699999999999800 ) ) ;
#5861 = CARTESIAN_POINT ( 'NONE',  ( -0.7853345157630942100, -1.649368112768684300, -2.999700000000000300 ) ) ;
#5862 = CARTESIAN_POINT ( 'NONE',  ( -0.7982907405998874700, -1.605182407896498200, -2.999700000000000700 ) ) ;
#5863 = CARTESIAN_POINT ( 'NONE',  ( -0.8093951380938579900, -1.557877326474284200, -2.999699999999998900 ) ) ;
#5864 = CARTESIAN_POINT ( 'NONE',  ( -0.8183738085365264100, -1.507432135904023300, -2.999700000000000300 ) ) ;
#5865 = CARTESIAN_POINT ( 'NONE',  ( -0.8267062623488700100, -1.454075901777565300, -2.999700000000000700 ) ) ;
#5866 = CARTESIAN_POINT ( 'NONE',  ( -0.8322142646782210200, -1.397581927572216100, -2.999699999999999800 ) ) ;
#5867 = CARTESIAN_POINT ( 'NONE',  ( -0.8366904292858996500, -1.338101025610244400, -2.999700000000001100 ) ) ;
#5868 = CARTESIAN_POINT ( 'NONE',  ( -0.8390437164931614500, -1.275496942451193500, -2.999699999999999400 ) ) ;
#5869 = CARTESIAN_POINT ( 'NONE',  ( -0.8394398738081755300, -1.232674374260395200, -2.999700000000000700 ) ) ;
#5870 = CARTESIAN_POINT ( 'NONE',  ( -0.8396426469851755400, -1.210755636753179800, -2.999700000000000300 ) ) ;
#5871 = PRESENTATION_LAYER_ASSIGNMENT (  '', '', ( #5872 ) ) ;
#5872 = STYLED_ITEM ( 'NONE', ( #5873 ), #1059 ) ;
#5873 = PRESENTATION_STYLE_ASSIGNMENT (( #5874 ) ) ;
#5874 = SURFACE_STYLE_USAGE ( .BOTH. , #5875 ) ;
#5875 = SURFACE_SIDE_STYLE ('',( #5876 ) ) ;
#5876 = SURFACE_STYLE_FILL_AREA ( #5960 ) ;
#5877 = DIRECTION ( 'NONE',  ( 0.0000000000000000000, -1.000000000000000000, 0.0000000000000000000 ) ) ;
#5878 = VECTOR ( 'NONE', #5877, 1000.000000000000000 ) ;
#5879 =( GEOMETRIC_REPRESENTATION_CONTEXT ( 3 ) GLOBAL_UNCERTAINTY_ASSIGNED_CONTEXT ( ( #5880 ) ) GLOBAL_UNIT_ASSIGNED_CONTEXT ( ( #5883, #5882, #5881 ) ) REPRESENTATION_CONTEXT ( 'NONE', 'WORKASPACE' ) );
#5880 = UNCERTAINTY_MEASURE_WITH_UNIT (LENGTH_MEASURE( 1.000000000000000100E-005 ), #5883, 'distance_accuracy_value', 'NONE');
#5881 =( NAMED_UNIT ( * ) SI_UNIT ( $, .STERADIAN. ) SOLID_ANGLE_UNIT ( ) );
#5882 =( NAMED_UNIT ( * ) PLANE_ANGLE_UNIT ( ) SI_UNIT ( $, .RADIAN. ) );
#5883 =( LENGTH_UNIT ( ) NAMED_UNIT ( * ) SI_UNIT ( .MILLI., .METRE. ) );
#5884 = CARTESIAN_POINT ( 'NONE',  ( -5.600910362830520100, 1.506352664262820400, -2.999700000000000300 ) ) ;
#5885 = CARTESIAN_POINT ( 'NONE',  ( -5.599385871627656100, 1.528154325902258500, -2.999700000000000700 ) ) ;
#5886 = CARTESIAN_POINT ( 'NONE',  ( -5.596382636992743200, 1.571103412923097400, -2.999700000000000700 ) ) ;
#5887 = CARTESIAN_POINT ( 'NONE',  ( -5.580943668524677800, 1.633229113004136300, -2.999699999999999800 ) ) ;
#5888 = CARTESIAN_POINT ( 'NONE',  ( -5.558471024654249200, 1.692092716124194500, -2.999700000000000700 ) ) ;
#5889 = CARTESIAN_POINT ( 'NONE',  ( -5.532480155904446300, 1.737528299629186800, -2.999700000000000700 ) ) ;
#5890 = CARTESIAN_POINT ( 'NONE',  ( -5.508374628695784200, 1.771858316801033300, -2.999700000000000700 ) ) ;
#5891 = CARTESIAN_POINT ( 'NONE',  ( -5.487861719132974200, 1.795770231262150600, -2.999700000000000700 ) ) ;
#5892 = CARTESIAN_POINT ( 'NONE',  ( -5.466026972182059600, 1.818505229020335800, -2.999699999999999800 ) ) ;
#5893 = CARTESIAN_POINT ( 'NONE',  ( -2.509358484317094200, -0.7131438915546121100, -2.999700000000000300 ) ) ;
#5894 = CARTESIAN_POINT ( 'NONE',  ( 3.289423546424280700, 1.308789688501602400, -2.999700000000000300 ) ) ;
#5895 = DIRECTION ( 'NONE',  ( -1.000000000000000000, 0.0000000000000000000, 2.762804238336390900E-013 ) ) ;
#5896 = VECTOR ( 'NONE', #5976, 1000.000000000000000 ) ;
#5897 = CARTESIAN_POINT ( 'NONE',  ( 0.08890333909255263000, 1.520861195295284900, -2.999700000000000300 ) ) ;
#5898 = CARTESIAN_POINT ( 'NONE',  ( 4.040162854316909200, 1.308789688501602400, -2.999700000000000300 ) ) ;
#5899 = CARTESIAN_POINT ( 'NONE',  ( -4.712438576060583800, 1.539707167821674000, -2.999700000000000300 ) ) ;
#5900 = CARTESIAN_POINT ( 'NONE',  ( -4.711876971905040200, 1.552965178856482900, -2.999700000000000700 ) ) ;
#5901 = LINE ( 'NONE', #6004, #5993 ) ;
#5902 = CARTESIAN_POINT ( 'NONE',  ( -5.373095556405865600, 1.210008200620993600, -2.999700000000000300 ) ) ;
#5903 = CARTESIAN_POINT ( 'NONE',  ( -5.364579614997249600, 1.213569034308465700, -2.999699999999999800 ) ) ;
#5904 = CARTESIAN_POINT ( 'NONE',  ( -5.346240247625041200, 1.221237409889329900, -2.999699999999999400 ) ) ;
#5905 = CARTESIAN_POINT ( 'NONE',  ( -5.316304197459143000, 1.232136465646594700, -2.999700000000001100 ) ) ;
#5906 = CARTESIAN_POINT ( 'NONE',  ( -5.282312099468445200, 1.243986532606621700, -2.999699999999999800 ) ) ;
#5907 = CARTESIAN_POINT ( 'NONE',  ( -5.243988944724411500, 1.255931889674093600, -2.999700000000000700 ) ) ;
#5908 = CARTESIAN_POINT ( 'NONE',  ( -5.201467920231650900, 1.268222807477237300, -2.999699999999999400 ) ) ;
#5909 = CARTESIAN_POINT ( 'NONE',  ( -5.154705015404960700, 1.280824531743927500, -2.999700000000001100 ) ) ;
#5910 = CARTESIAN_POINT ( 'NONE',  ( -5.103774422987194200, 1.294121349621966100, -2.999699999999999800 ) ) ;
#5911 = CARTESIAN_POINT ( 'NONE',  ( -5.050182238691007800, 1.307469039449046900, -2.999699999999999800 ) ) ;
#5912 = CARTESIAN_POINT ( 'NONE',  ( -4.997132917430584500, 1.320763285385791800, -2.999700000000000700 ) ) ;
#5913 = CARTESIAN_POINT ( 'NONE',  ( -4.948101220633221300, 1.334558784478596400, -2.999700000000000700 ) ) ;
#5914 = CARTESIAN_POINT ( 'NONE',  ( -4.904581387776497400, 1.348448917584643000, -2.999699999999999800 ) ) ;
#5915 = CARTESIAN_POINT ( 'NONE',  ( -4.866407656950586100, 1.361939421846568600, -2.999700000000001600 ) ) ;
#5916 = CARTESIAN_POINT ( 'NONE',  ( -4.833641603137921000, 1.375347040308216200, -2.999699999999999400 ) ) ;
#5917 = CARTESIAN_POINT ( 'NONE',  ( -4.806339601508986100, 1.388834540060748200, -2.999700000000001100 ) ) ;
#5918 = CARTESIAN_POINT ( 'NONE',  ( -4.784319224557718200, 1.402183576196902800, -2.999699999999999800 ) ) ;
#5919 = CARTESIAN_POINT ( 'NONE',  ( -4.772484474437658400, 1.412270631110015500, -2.999700000000000700 ) ) ;
#5920 = CARTESIAN_POINT ( 'NONE',  ( -4.767132866688254600, 1.416831940871018600, -2.999700000000000300 ) ) ;
#5921 = B_SPLINE_CURVE_WITH_KNOTS ( 'NONE', 3,
 ( #5900, #5899, #6010, #6009, #6008, #6007, #6006 ),
 .UNSPECIFIED., .F., .F.,
 ( 4, 1, 1, 1, 4 ),
 ( 0.0000000000000000000, 0.2627412305282684800, 0.5099565029432350200, 0.7533267184204526200, 1.000000000000000000 ),
 .UNSPECIFIED. ) ;
#5922 = CARTESIAN_POINT ( 'NONE',  ( 0.6170756071041835200, 1.091470415164262900, -2.999700000000000300 ) ) ;
#5923 = CARTESIAN_POINT ( 'NONE',  ( 0.04518394491872347600, 1.875733839473967100, -2.999700000000000300 ) ) ;
#5924 = CARTESIAN_POINT ( 'NONE',  ( -1.907100100395003700, -1.803444564036833500, -2.999700000000000300 ) ) ;
#5925 = DIRECTION ( 'NONE',  ( 0.0000000000000000000, -1.000000000000000000, 0.0000000000000000000 ) ) ;
#5926 = CARTESIAN_POINT ( 'NONE',  ( -5.640422957982763400, 0.8374167760213215800, -2.999700000000000300 ) ) ;
#5927 = CARTESIAN_POINT ( 'NONE',  ( -5.640269443632398300, 0.8475080221538161500, -2.999699999999999800 ) ) ;
#5928 = CARTESIAN_POINT ( 'NONE',  ( -5.639966362226309600, 0.8674310395121211900, -2.999700000000001600 ) ) ;
#5929 = CARTESIAN_POINT ( 'NONE',  ( -5.636825212297397400, 0.8968566720600388300, -2.999699999999999400 ) ) ;
#5930 = CARTESIAN_POINT ( 'NONE',  ( -5.631439921725777800, 0.9253805954844848100, -2.999699999999998900 ) ) ;
#5931 = CARTESIAN_POINT ( 'NONE',  ( -5.624572695371924200, 0.9531368805172350000, -2.999700000000000700 ) ) ;
#5932 = CARTESIAN_POINT ( 'NONE',  ( -5.615025424341801000, 0.9798451701412994600, -2.999699999999999800 ) ) ;
#5933 = CARTESIAN_POINT ( 'NONE',  ( -5.604139914579295800, 1.005802538229660000, -2.999699999999999800 ) ) ;
#5934 = CARTESIAN_POINT ( 'NONE',  ( -5.590620578519437200, 1.030696092808574700, -2.999699999999999800 ) ) ;
#5935 = CARTESIAN_POINT ( 'NONE',  ( -5.575171084469235300, 1.054672228102767800, -2.999700000000000300 ) ) ;
#5936 = CARTESIAN_POINT ( 'NONE',  ( -5.557964782274616800, 1.078066041415694800, -2.999700000000000300 ) ) ;
#5937 = CARTESIAN_POINT ( 'NONE',  ( -5.537975150953733400, 1.099931849431006000, -2.999700000000001100 ) ) ;
#5938 = CARTESIAN_POINT ( 'NONE',  ( -5.258879461043911800, 1.034979751782539600, -2.999700000000000300 ) ) ;
#5939 = B_SPLINE_CURVE_WITH_KNOTS ( 'NONE', 3,
 ( #5938, #6059, #6058, #6057, #6056, #6055, #6054, #6053, #6052, #6051, #6050, #6049, #6048, #6047, #6046, #6045, #6044, #6043, #6042 ),
 .UNSPECIFIED., .F., .F.,
 ( 4, 1, 1, 1, 1, 1, 1, 1, 1, 1, 1, 1, 1, 1, 1, 1, 4 ),
 ( 0.0000000000000000000, 0.03120011115393647400, 0.07048671901620111300, 0.1172148300204127900, 0.1715755269954925800, 0.2341219784876096600, 0.3039626396728074000, 0.3821556401561970700, 0.4676462220680263100, 0.5543353814021605400, 0.6350744656665057200, 0.7100366878785247000, 0.7790924037748316900, 0.8429656453505103300, 0.9010012068505275400, 0.9532462564590260500, 1.000000000000000000 ),
 .UNSPECIFIED. ) ;
#5940 = CARTESIAN_POINT ( 'NONE',  ( -4.722063812842727700, 1.205686510526216900, -2.999700000000000300 ) ) ;
#5941 = DIRECTION ( 'NONE',  ( 0.0000000000000000000, 1.000000000000000000, -6.454284190726850600E-013 ) ) ;
#5942 = DIRECTION ( 'NONE',  ( 5.057198750672547000E-015, -6.454284190726850600E-013, -1.000000000000000000 ) ) ;
#5943 = CARTESIAN_POINT ( 'NONE',  ( 0.02317398591423206600, 1.860439186848490000, -2.999700000000000300 ) ) ;
#5944 = AXIS2_PLACEMENT_3D ( 'NONE', #5943, #5942, #5941 ) ;
#5945 = CARTESIAN_POINT ( 'NONE',  ( 0.8396426469851807600, 0.4000000000000000800, -2.999700000000000300 ) ) ;
#5946 = B_SPLINE_CURVE_WITH_KNOTS ( 'NONE', 3,
 ( #6026, #6025, #6024, #6017, #6016, #6015, #6014, #6013, #6012, #6011, #5892, #5891, #5890, #5889, #5888, #5887, #5886, #5885, #5884 ),
 .UNSPECIFIED., .F., .F.,
 ( 4, 1, 1, 1, 1, 1, 1, 1, 1, 1, 1, 1, 1, 1, 1, 1, 4 ),
 ( 0.0000000000000000000, 0.1004750608070145000, 0.1956443031597841500, 0.2860833790699323100, 0.3729828804699543700, 0.4150256681909614800, 0.4560516735090280900, 0.4959387495188998200, 0.5355660888033513300, 0.5740871099085037600, 0.6125192874870978300, 0.6510809601344455000, 0.6895131377130385700, 0.7662374603277351000, 0.8423504388672225000, 0.9199744947371040200, 1.000000000000000000 ),
 .UNSPECIFIED. ) ;
#5947 =( GEOMETRIC_REPRESENTATION_CONTEXT ( 3 ) GLOBAL_UNCERTAINTY_ASSIGNED_CONTEXT ( ( #5967 ) ) GLOBAL_UNIT_ASSIGNED_CONTEXT ( ( #5970, #5969, #5968 ) ) REPRESENTATION_CONTEXT ( 'NONE', 'WORKASPACE' ) );
#5948 = B_SPLINE_CURVE_WITH_KNOTS ( 'NONE', 3,
 ( #5870, #5869, #5868, #5867, #5866, #5865, #5864, #5863, #5862, #5861, #5860, #5859, #5858, #5857, #5856, #5855, #5854, #5853, #5852, #5851, #5850, #5849, #5848, #5847, #5846, #5845, #5844 ),
 .UNSPECIFIED., .F., .F.,
 ( 4, 1, 1, 1, 1, 1, 1, 1, 1, 1, 1, 1, 1, 1, 1, 1, 1, 1, 1, 1, 1, 1, 1, 1, 4 ),
 ( 0.0000000000000000000, 0.06287394621143264900, 0.1228366299919131200, 0.1796565674430315200, 0.2339600122308624900, 0.2855950186955591400, 0.3345131060783809200, 0.3809048259061766900, 0.4248945919393349900, 0.4665290347654875700, 0.5064882940692466700, 0.5450315536447545300, 0.5818311798231347000, 0.6174482799494432900, 0.6520669127690463800, 0.6858797142465107300, 0.7191745547913924700, 0.7521816462063930500, 0.7852401639180912600, 0.8186564497770835200, 0.8525477406533114000, 0.8876263422585193300, 0.9236350780687512300, 0.9610218444769894600, 1.000000000000000000 ),
 .UNSPECIFIED. ) ;
#5949 = COLOUR_RGB ( '',1.000000000000000000, 1.000000000000000000, 1.000000000000000000 ) ;
#5950 = FACE_OUTER_BOUND ( 'NONE', #1071, .T. ) ;
#5951 = CARTESIAN_POINT ( 'NONE',  ( 0.3803087283403489600, 1.763184532752403800, -2.999700000000000300 ) ) ;
#5952 = PLANE ( 'NONE',  #5944 ) ;
#5953 = CARTESIAN_POINT ( 'NONE',  ( 0.6170756071041835200, 1.091470415164262900, -2.999700000000000300 ) ) ;
#5954 = CARTESIAN_POINT ( 'NONE',  ( 0.6055465359045951700, 1.091498578529483300, -2.999700000000000700 ) ) ;
#5955 = CARTESIAN_POINT ( 'NONE',  ( 0.5842251969968453900, 1.091550662573744100, -2.999700000000000300 ) ) ;
#5956 = CARTESIAN_POINT ( 'NONE',  ( 0.5548049713379463700, 1.089763083994064000, -2.999700000000000300 ) ) ;
#5957 = CARTESIAN_POINT ( 'NONE',  ( 0.5305232984181025300, 1.088078859870898600, -2.999700000000001600 ) ) ;
#5958 = CARTESIAN_POINT ( 'NONE',  ( 0.8396426469851807600, 1.763184532752403800, -2.999700000000000300 ) ) ;
#5959 = LINE ( 'NONE', #5958, #5878 ) ;
#5960 = FILL_AREA_STYLE ('',( #5961 ) ) ;
#5961 = FILL_AREA_STYLE_COLOUR ( '', #5949 ) ;
#5962 = CARTESIAN_POINT ( 'NONE',  ( 0.5162231166725219600, 1.085500051094739700, -2.999700000000000300 ) ) ;
#5963 = CARTESIAN_POINT ( 'NONE',  ( 0.5099594311836482800, 1.084370495722844200, -2.999700000000000300 ) ) ;
#5964 = B_SPLINE_CURVE_WITH_KNOTS ( 'NONE', 3,
 ( #5963, #5962, #5957, #5956, #5955, #5954, #5953 ),
 .UNSPECIFIED., .F., .F.,
 ( 4, 1, 1, 1, 4 ),
 ( 0.0000000000000000000, 0.1774946570818490300, 0.4052256231013744400, 0.6783881083348569700, 1.000000000000000000 ),
 .UNSPECIFIED. ) ;
#5965 = CARTESIAN_POINT ( 'NONE',  ( 0.6170756071041835200, 1.091470415164262900, -2.999700000000000300 ) ) ;
#5966 = CARTESIAN_POINT ( 'NONE',  ( -5.029521193871122600, 1.960747508513621500, -2.999700000000000300 ) ) ;
#5967 = UNCERTAINTY_MEASURE_WITH_UNIT (LENGTH_MEASURE( 1.000000000000000100E-005 ), #5970, 'distance_accuracy_value', 'NONE');
#5968 =( NAMED_UNIT ( * ) SI_UNIT ( $, .STERADIAN. ) SOLID_ANGLE_UNIT ( ) );
#5969 =( NAMED_UNIT ( * ) PLANE_ANGLE_UNIT ( ) SI_UNIT ( $, .RADIAN. ) );
#5970 =( LENGTH_UNIT ( ) NAMED_UNIT ( * ) SI_UNIT ( .MILLI., .METRE. ) );
#5971 = MECHANICAL_DESIGN_GEOMETRIC_PRESENTATION_REPRESENTATION (  '', ( #5872 ), #5947 ) ;
#5972 = DIRECTION ( 'NONE',  ( 1.000000000000000000, 0.0000000000000000000, 0.0000000000000000000 ) ) ;
#5973 = DIRECTION ( 'NONE',  ( -2.762804238336390900E-013, 1.669099973289369600E-013, -1.000000000000000000 ) ) ;
#5974 = LINE ( 'NONE', #5978, #5977 ) ;
#5975 = LINE ( 'NONE', #5894, #5896 ) ;
#5976 = DIRECTION ( 'NONE',  ( 0.0000000000000000000, 1.000000000000000000, 0.0000000000000000000 ) ) ;
#5977 = VECTOR ( 'NONE', #5972, 1000.000000000000000 ) ;
#5978 = CARTESIAN_POINT ( 'NONE',  ( 3.072104273086941000, 0.4000000000000000800, -2.999700000000000300 ) ) ;
#5979 = CARTESIAN_POINT ( 'NONE',  ( -2.250256168559757100, -1.538706001558173500, -2.999700000000001100 ) ) ;
#5980 = PLANE ( 'NONE',  #5840 ) ;
#5981 = CARTESIAN_POINT ( 'NONE',  ( -4.722194029452357000, 1.620532181656194400, -2.999699999999999800 ) ) ;
#5982 = CARTESIAN_POINT ( 'NONE',  ( -4.730984494160060700, 1.641346603075164700, -2.999700000000000300 ) ) ;
#5983 = CARTESIAN_POINT ( 'NONE',  ( -4.741781597192587400, 1.661503505090236000, -2.999699999999999800 ) ) ;
#5984 = CARTESIAN_POINT ( 'NONE',  ( -4.755677088215517900, 1.680239515210590900, -2.999700000000000300 ) ) ;
#5985 = CARTESIAN_POINT ( 'NONE',  ( -4.771388455684111700, 1.698578756028816800, -2.999699999999999800 ) ) ;
#5986 = CARTESIAN_POINT ( 'NONE',  ( -4.789618232835810100, 1.715982407466065500, -2.999699999999999800 ) ) ;
#5987 = CARTESIAN_POINT ( 'NONE',  ( -4.810751103057012500, 1.731711752551127000, -2.999700000000000300 ) ) ;
#5988 = CARTESIAN_POINT ( 'NONE',  ( -4.834617527393620100, 1.745833100600818500, -2.999699999999999800 ) ) ;
#5989 = CARTESIAN_POINT ( 'NONE',  ( -4.861773873374493100, 1.756976303195603600, -2.999700000000000300 ) ) ;
#5990 = CARTESIAN_POINT ( 'NONE',  ( -4.891460141849187900, 1.766626014778637200, -2.999700000000000300 ) ) ;
#5991 = CARTESIAN_POINT ( 'NONE',  ( -4.924116919594641900, 1.773997815261274300, -2.999700000000002500 ) ) ;
#5992 = CARTESIAN_POINT ( 'NONE',  ( -4.959637227270913100, 1.778995357987335400, -2.999699999999998500 ) ) ;
#5993 = VECTOR ( 'NONE', #5925, 1000.000000000000000 ) ;
#5994 = DIRECTION ( 'NONE',  ( 1.000000000000000000, 0.0000000000000000000, 0.0000000000000000000 ) ) ;
#5995 = VECTOR ( 'NONE', #5994, 1000.000000000000000 ) ;
#5996 = LINE ( 'NONE', #5922, #5995 ) ;
#5997 = DIRECTION ( 'NONE',  ( -0.5109134516535710500, -0.8596321567504522400, 0.0000000000000000000 ) ) ;
#5998 = VECTOR ( 'NONE', #5997, 1000.000000000000000 ) ;
#5999 = CARTESIAN_POINT ( 'NONE',  ( -0.001852152897756842100, 0.8253777821858724300, -2.999700000000000300 ) ) ;
#6000 = LINE ( 'NONE', #5999, #5998 ) ;
#6001 = CARTESIAN_POINT ( 'NONE',  ( -4.997960054979002600, 1.782637787669933500, -2.999700000000000300 ) ) ;
#6002 = CARTESIAN_POINT ( 'NONE',  ( -5.024469789610425800, 1.782837605517398700, -2.999699999999999800 ) ) ;
#6003 = CARTESIAN_POINT ( 'NONE',  ( -5.038164574060676400, 1.782940830328525500, -2.999700000000000300 ) ) ;
#6004 = CARTESIAN_POINT ( 'NONE',  ( 0.8396426469851807600, 1.091470415164262900, -2.999700000000000300 ) ) ;
#6005 = B_SPLINE_CURVE_WITH_KNOTS ( 'NONE', 3,
 ( #6003, #6002, #6001, #5992, #5991, #5990, #5989, #5988, #5987, #5986, #5985, #5984, #5983, #5982, #5981, #5663, #5781, #5780, #5770 ),
 .UNSPECIFIED., .F., .F.,
 ( 4, 1, 1, 1, 1, 1, 1, 1, 1, 1, 1, 1, 1, 1, 1, 1, 4 ),
 ( 0.0000000000000000000, 0.09151103632803746200, 0.1771428603141485300, 0.2571084852282354800, 0.3311983993883854700, 0.4005922945239573400, 0.4656249598049637700, 0.5269734913138592900, 0.5854431157040231900, 0.6413985080863307000, 0.6950441672657244900, 0.7467815514927483900, 0.7969589345766993100, 0.8475448623598801400, 0.8974385414187386900, 0.9476489188871285400, 1.000000000000000000 ),
 .UNSPECIFIED. ) ;
#6006 = CARTESIAN_POINT ( 'NONE',  ( -4.767132866688254600, 1.416831940871018600, -2.999700000000000300 ) ) ;
#6007 = CARTESIAN_POINT ( 'NONE',  ( -4.758643497615464600, 1.425959084708679800, -2.999700000000000300 ) ) ;
#6008 = CARTESIAN_POINT ( 'NONE',  ( -4.741778435937132700, 1.444091155826017700, -2.999700000000000700 ) ) ;
#6009 = CARTESIAN_POINT ( 'NONE',  ( -4.724659315090750800, 1.477416355795226000, -2.999699999999998900 ) ) ;
#6010 = CARTESIAN_POINT ( 'NONE',  ( -4.713528597944949700, 1.513974590830617000, -2.999700000000001100 ) ) ;
#6011 = CARTESIAN_POINT ( 'NONE',  ( -5.441922262230934700, 1.839287633093487500, -2.999700000000000300 ) ) ;
#6012 = CARTESIAN_POINT ( 'NONE',  ( -5.416167134452148700, 1.858611788190094800, -2.999700000000001600 ) ) ;
#6013 = CARTESIAN_POINT ( 'NONE',  ( -5.388522358563000700, 1.876468869054909600, -2.999699999999999800 ) ) ;
#6014 = CARTESIAN_POINT ( 'NONE',  ( -5.358739075822526000, 1.891913736987713700, -2.999700000000000300 ) ) ;
#6015 = CARTESIAN_POINT ( 'NONE',  ( -5.316816053000718700, 1.911707494413182900, -2.999700000000001100 ) ) ;
#6016 = CARTESIAN_POINT ( 'NONE',  ( -5.260108781289510200, 1.931259504555328700, -2.999699999999999800 ) ) ;
#6017 = CARTESIAN_POINT ( 'NONE',  ( -5.187799688266583300, 1.948726018673666300, -2.999699999999999400 ) ) ;
#6018 = MECHANICAL_DESIGN_GEOMETRIC_PRESENTATION_REPRESENTATION (  '', ( #6020 ), #5879 ) ;
#6019 = PRESENTATION_LAYER_ASSIGNMENT (  '', '', ( #6020 ) ) ;
#6020 = STYLED_ITEM ( 'NONE', ( #6021 ), #1066 ) ;
#6021 = PRESENTATION_STYLE_ASSIGNMENT (( #6022 ) ) ;
#6022 = SURFACE_STYLE_USAGE ( .BOTH. , #6027 ) ;
#6023 = SURFACE_STYLE_FILL_AREA ( #6028 ) ;
#6024 = CARTESIAN_POINT ( 'NONE',  ( -5.110275233749285400, 1.958897153017305600, -2.999700000000001100 ) ) ;
#6025 = CARTESIAN_POINT ( 'NONE',  ( -5.056921519734581600, 1.960119671892211800, -2.999700000000000700 ) ) ;
#6026 = CARTESIAN_POINT ( 'NONE',  ( -5.029521193871122600, 1.960747508513621500, -2.999700000000000300 ) ) ;
#6027 = SURFACE_SIDE_STYLE ('',( #6023 ) ) ;
#6028 = FILL_AREA_STYLE ('',( #6062 ) ) ;
#6029 = PLANE ( 'NONE',  #6061 ) ;
#6030 = CARTESIAN_POINT ( 'NONE',  ( -5.258879461043911800, 1.034979751782539600, -2.999700000000000300 ) ) ;
#6031 = CARTESIAN_POINT ( 'NONE',  ( -5.272813701631316800, 1.028901585056209100, -2.999699999999999400 ) ) ;
#6032 = CARTESIAN_POINT ( 'NONE',  ( -5.299194300728920800, 1.017394271209434800, -2.999700000000000300 ) ) ;
#6033 = CARTESIAN_POINT ( 'NONE',  ( -5.334540471903101100, 0.9963824211542220400, -2.999700000000000300 ) ) ;
#6034 = CARTESIAN_POINT ( 'NONE',  ( -5.363265297866771400, 0.9732061299383657500, -2.999700000000000700 ) ) ;
#6035 = CARTESIAN_POINT ( 'NONE',  ( -5.386001658618810400, 0.9480530807100772100, -2.999700000000000300 ) ) ;
#6036 = CARTESIAN_POINT ( 'NONE',  ( -5.402344987354641000, 0.9205418619033493000, -2.999699999999999800 ) ) ;
#6037 = CARTESIAN_POINT ( 'NONE',  ( -5.414939886260217600, 0.8915297291661846700, -2.999700000000000300 ) ) ;
#6038 = CARTESIAN_POINT ( 'NONE',  ( -5.421566543723248100, 0.8598325424755373100, -2.999700000000000700 ) ) ;
#6039 = CARTESIAN_POINT ( 'NONE',  ( -5.422583413309061100, 0.8380606287553676900, -2.999700000000000700 ) ) ;
#6040 = CARTESIAN_POINT ( 'NONE',  ( -5.423103684645424100, 0.8269212429340069300, -2.999700000000000300 ) ) ;
#6041 = COLOUR_RGB ( '',1.000000000000000000, 1.000000000000000000, 1.000000000000000000 ) ;
#6042 = CARTESIAN_POINT ( 'NONE',  ( -4.722063812842727700, 1.205686510526216900, -2.999700000000000300 ) ) ;
#6043 = CARTESIAN_POINT ( 'NONE',  ( -4.729946953553757700, 1.201791874579013900, -2.999699999999999800 ) ) ;
#6044 = CARTESIAN_POINT ( 'NONE',  ( -4.746639123153729900, 1.193545171121102700, -2.999699999999999800 ) ) ;
#6045 = CARTESIAN_POINT ( 'NONE',  ( -4.773969198490289200, 1.182329510174890100, -2.999700000000000300 ) ) ;
#6046 = CARTESIAN_POINT ( 'NONE',  ( -4.804536208825896700, 1.170596270822532800, -2.999700000000000300 ) ) ;
#6047 = CARTESIAN_POINT ( 'NONE',  ( -4.838378263808892600, 1.158583504920665200, -2.999699999999999800 ) ) ;
#6048 = CARTESIAN_POINT ( 'NONE',  ( -4.875591414955157400, 1.146620096185753100, -2.999700000000000300 ) ) ;
#6049 = CARTESIAN_POINT ( 'NONE',  ( -4.915983811539441600, 1.134195252847606500, -2.999700000000000300 ) ) ;
#6050 = CARTESIAN_POINT ( 'NONE',  ( -4.959886321819849900, 1.121955572558690500, -2.999700000000000300 ) ) ;
#6051 = CARTESIAN_POINT ( 'NONE',  ( -5.005839099156622400, 1.109727343771931300, -2.999700000000000700 ) ) ;
#6052 = CARTESIAN_POINT ( 'NONE',  ( -5.051350629973746300, 1.097701706668324100, -2.999699999999999800 ) ) ;
#6053 = CARTESIAN_POINT ( 'NONE',  ( -5.093778375895499100, 1.086403568807058400, -2.999700000000000300 ) ) ;
#6054 = CARTESIAN_POINT ( 'NONE',  ( -5.131919012782150300, 1.075779479120658700, -2.999700000000000300 ) ) ;
#6055 = CARTESIAN_POINT ( 'NONE',  ( -5.165751228268378600, 1.066392983720164900, -2.999700000000000300 ) ) ;
#6056 = CARTESIAN_POINT ( 'NONE',  ( -5.195218695117049800, 1.057519886962769100, -2.999700000000000700 ) ) ;
#6057 = CARTESIAN_POINT ( 'NONE',  ( -5.220163661025338800, 1.048903868485043800, -2.999699999999998900 ) ) ;
#6058 = CARTESIAN_POINT ( 'NONE',  ( -5.241185408751963600, 1.042240806927646500, -2.999700000000000700 ) ) ;
#6059 = CARTESIAN_POINT ( 'NONE',  ( -5.253450474838436100, 1.037207628561107600, -2.999700000000001100 ) ) ;
#6060 = B_SPLINE_CURVE_WITH_KNOTS ( 'NONE', 3,
 ( #6040, #6039, #6038, #6037, #6036, #6035, #6034, #6033, #6032, #6031, #6030 ),
 .UNSPECIFIED., .F., .F.,
 ( 4, 1, 1, 1, 1, 1, 1, 1, 4 ),
 ( 0.0000000000000000000, 0.1177675192120367100, 0.2301764485440569400, 0.3398429589695387000, 0.4506252599208611700, 0.5669428888721617100, 0.6960213064547946500, 0.8394383602270610900, 1.000000000000000000 ),
 .UNSPECIFIED. ) ;
#6061 = AXIS2_PLACEMENT_3D ( 'NONE', #6083, #6082, #6081 ) ;
#6062 = FILL_AREA_STYLE_COLOUR ( '', #6041 ) ;
#6063 = CARTESIAN_POINT ( 'NONE',  ( -5.258879461043911800, 1.034979751782539600, -2.999700000000000300 ) ) ;
#6064 = CARTESIAN_POINT ( 'NONE',  ( -5.516008770226752800, 1.120969485315934000, -2.999700000000000300 ) ) ;
#6065 = CARTESIAN_POINT ( 'NONE',  ( -5.491932970863074600, 1.141060714126543600, -2.999700000000000700 ) ) ;
#6066 = CARTESIAN_POINT ( 'NONE',  ( -5.465478557300821500, 1.159975334581851500, -2.999699999999999800 ) ) ;
#6067 = CARTESIAN_POINT ( 'NONE',  ( -5.436731069442982900, 1.177753133113699000, -2.999700000000000700 ) ) ;
#6068 = CARTESIAN_POINT ( 'NONE',  ( -5.405922767778980300, 1.194872748091205400, -2.999699999999999800 ) ) ;
#6069 = B_SPLINE_CURVE_WITH_KNOTS ( 'NONE', 3,
 ( #5920, #5919, #5918, #5917, #5916, #5915, #5914, #5913, #5912, #5911, #5910, #5909, #5908, #5907, #5906, #5905, #5904, #5903, #5902 ),
 .UNSPECIFIED., .F., .F.,
 ( 4, 1, 1, 1, 1, 1, 1, 1, 1, 1, 1, 1, 1, 1, 1, 1, 4 ),
 ( 0.0000000000000000000, 0.03274321823113854300, 0.07240960549385869200, 0.1196114857927605100, 0.1746729151985139700, 0.2373450901947021000, 0.3083524168429170900, 0.3876300477623604300, 0.4747836155862525400, 0.5633323159904147800, 0.6451362168299879000, 0.7202025267224662100, 0.7891341563324463200, 0.8514970735699654000, 0.9073306044315616600, 0.9569686823424199400, 1.000000000000000000 ),
 .UNSPECIFIED. ) ;
#6070 = CARTESIAN_POINT ( 'NONE',  ( -5.383591089493180000, 1.506352664262820400, -2.999700000000000300 ) ) ;
#6071 = CARTESIAN_POINT ( 'NONE',  ( -5.384175228406237000, 1.204899760318184400, -2.999699999999999800 ) ) ;
#6072 = CARTESIAN_POINT ( 'NONE',  ( -5.373095556405865600, 1.210008200620993600, -2.999700000000000300 ) ) ;
#6073 = B_SPLINE_CURVE_WITH_KNOTS ( 'NONE', 3,
 ( #6072, #6071, #6068, #6067, #6066, #6065, #6064, #5937, #5936, #5935, #5934, #5933, #5932, #5931, #5930, #5929, #5928, #5927, #5926 ),
 .UNSPECIFIED., .F., .F.,
 ( 4, 1, 1, 1, 1, 1, 1, 1, 1, 1, 1, 1, 1, 1, 1, 1, 4 ),
 ( 0.0000000000000000000, 0.07493130598184445700, 0.1470775964339479400, 0.2163644561730687400, 0.2825027309006237800, 0.3466877108244156800, 0.4088355551310375900, 0.4692619872876909200, 0.5284320432534629400, 0.5870013379727406800, 0.6444163938320669500, 0.7021887902662974400, 0.7597671795443344800, 0.8184897928274487100, 0.8776328274167839400, 0.9380195662701676900, 1.000000000000000000 ),
 .UNSPECIFIED. ) ;
#6074 = CARTESIAN_POINT ( 'NONE',  ( -4.711876971905040200, 1.552965178856482900, -2.999700000000000700 ) ) ;
#6075 = CARTESIAN_POINT ( 'NONE',  ( 1.056961920322520500, 0.4000000000000000800, -2.999700000000000300 ) ) ;
#6076 = DIRECTION ( 'NONE',  ( 1.000000000000000000, 0.0000000000000000000, 0.0000000000000000000 ) ) ;
#6077 = VECTOR ( 'NONE', #6076, 1000.000000000000000 ) ;
#6078 = CARTESIAN_POINT ( 'NONE',  ( 0.8396426469851807600, 0.4000000000000000800, -2.999700000000000300 ) ) ;
#6079 = LINE ( 'NONE', #6078, #6077 ) ;
#6080 = CARTESIAN_POINT ( 'NONE',  ( 0.8396426469851807600, 1.269277093349358900, -2.999700000000000300 ) ) ;
#6081 = DIRECTION ( 'NONE',  ( 1.000000000000000000, 0.0000000000000000000, -0.0000000000000000000 ) ) ;
#6082 = DIRECTION ( 'NONE',  ( 0.0000000000000000000, 0.0000000000000000000, 1.000000000000000000 ) ) ;
#6083 = CARTESIAN_POINT ( 'NONE',  ( -4.198213234925877800, -1.970755709134615100, -2.999700000000000300 ) ) ;
#6084 = CARTESIAN_POINT ( 'NONE',  ( 4.652608079176682800, -0.4297644981971151000, -2.999700000000000300 ) ) ;
#6085 = FILL_AREA_STYLE_COLOUR ( '', #6259 ) ;
#6086 = CARTESIAN_POINT ( 'NONE',  ( -3.812039355742621100, 1.307246227753468000, -3.000000000000000000 ) ) ;
#6087 = CARTESIAN_POINT ( 'NONE',  ( -3.807017022251766300, 1.305729387467010200, -2.999999999999999600 ) ) ;
#6088 = CARTESIAN_POINT ( 'NONE',  ( -3.796254033038988200, 1.302478759911038100, -3.000000000000000400 ) ) ;
#6089 = CARTESIAN_POINT ( 'NONE',  ( -3.778676070876140000, 1.298974324202095500, -3.000000000000000000 ) ) ;
#6090 = CARTESIAN_POINT ( 'NONE',  ( -3.758904629364380400, 1.295864172358825300, -3.000000000000000000 ) ) ;
#6091 = CARTESIAN_POINT ( 'NONE',  ( -3.736842866896772800, 1.293553777339540000, -2.999999999999999600 ) ) ;
#6092 = CARTESIAN_POINT ( 'NONE',  ( -3.712579071969726900, 1.291194920979323900, -3.000000000000000000 ) ) ;
#6093 = CARTESIAN_POINT ( 'NONE',  ( -3.685993039782432300, 1.290255108636706200, -3.000000000000000900 ) ) ;
#6094 = CARTESIAN_POINT ( 'NONE',  ( -3.657187608660682700, 1.289153520572593000, -2.999999999999999100 ) ) ;
#6095 = CARTESIAN_POINT ( 'NONE',  ( -3.637218175808896200, 1.289074513951209000, -2.999999999999999100 ) ) ;
#6096 = CARTESIAN_POINT ( 'NONE',  ( -3.626824065966479400, 1.289033390925480700, -3.000000000000000000 ) ) ;
#6097 = CARTESIAN_POINT ( 'NONE',  ( -5.080764090709188900, 0.3802437024238782800, -2.999700000000000700 ) ) ;
#6098 =( LENGTH_UNIT ( ) NAMED_UNIT ( * ) SI_UNIT ( .MILLI., .METRE. ) );
#6099 = B_SPLINE_CURVE_WITH_KNOTS ( 'NONE', 3,
 ( #6096, #6095, #6094, #6093, #6092, #6091, #6090, #6089, #6088, #6087, #6086 ),
 .UNSPECIFIED., .F., .F.,
 ( 4, 1, 1, 1, 1, 1, 1, 1, 4 ),
 ( 0.0000000000000000000, 0.1669801744060289100, 0.3208066328848152600, 0.4631345048703144300, 0.5942480539785183200, 0.7123671525397403700, 0.8194549510427482400, 0.9157522665813515600, 0.9999999999999998900 ),
 .UNSPECIFIED. ) ;
#6100 = B_SPLINE_CURVE_WITH_KNOTS ( 'NONE', 3,
 ( #6318, #6317, #6316, #6315, #6314, #6313, #6312, #6311, #6310, #6309, #6308 ),
 .UNSPECIFIED., .F., .F.,
 ( 4, 1, 1, 1, 1, 1, 1, 1, 4 ),
 ( 0.0000000000000000000, 0.1323768784386553100, 0.2551949197670679800, 0.3737221416536687900, 0.4900113154474167200, 0.6078124214239341000, 0.7311098159015437800, 0.8599973777575845600, 1.000000000000000000 ),
 .UNSPECIFIED. ) ;
#6101 = FILL_AREA_STYLE_COLOUR ( '', #6157 ) ;
#6102 = FACE_OUTER_BOUND ( 'NONE', #792, .T. ) ;
#6103 = DIRECTION ( 'NONE',  ( 1.000000000000000000, 0.0000000000000000000, 0.0000000000000000000 ) ) ;
#6104 = VECTOR ( 'NONE', #6103, 1000.000000000000000 ) ;
#6105 = CARTESIAN_POINT ( 'NONE',  ( -3.602746078295580900, 1.763184532752403600, -3.000000000000000000 ) ) ;
#6106 = CARTESIAN_POINT ( 'NONE',  ( -3.805556820600456200, 0.5852152897761417900, -3.000000000000000000 ) ) ;
#6107 = CARTESIAN_POINT ( 'NONE',  ( -3.798054254082039000, 0.5841137701996211900, -2.999999999999999600 ) ) ;
#6108 = CARTESIAN_POINT ( 'NONE',  ( -3.780844174459039300, 0.5815870029164951200, -3.000000000000000400 ) ) ;
#6109 = CARTESIAN_POINT ( 'NONE',  ( -3.751372193171012900, 0.5792403303352877700, -3.000000000000000000 ) ) ;
#6110 = CARTESIAN_POINT ( 'NONE',  ( -3.714910920120533300, 0.5782796132015950400, -3.000000000000000400 ) ) ;
#6111 = CARTESIAN_POINT ( 'NONE',  ( -3.688254135754457200, 0.5779733644833815500, -3.000000000000000000 ) ) ;
#6112 = CARTESIAN_POINT ( 'NONE',  ( -3.673745272709768800, 0.5778066781850961200, -3.000000000000000000 ) ) ;
#6113 = CARTESIAN_POINT ( 'NONE',  ( 2.578196833683895800, 1.147652386396359200, -2.999999999999999100 ) ) ;
#6114 = LINE ( 'NONE', #6105, #6104 ) ;
#6115 = CARTESIAN_POINT ( 'NONE',  ( -3.648741208589989500, 1.111226712740384500, -3.000000000000000000 ) ) ;
#6116 = CARTESIAN_POINT ( 'NONE',  ( 4.652608079176682800, -1.970755709134615100, -2.999700000000000300 ) ) ;
#6117 = CARTESIAN_POINT ( 'NONE',  ( -3.309179844000396100, 1.289033390925480700, -3.000000000000293500 ) ) ;
#6118 = DIRECTION ( 'NONE',  ( 0.0000000000000000000, 1.000000000000000000, 0.0000000000000000000 ) ) ;
#6119 = CARTESIAN_POINT ( 'NONE',  ( 5.317839661622658200, -1.492591569362542200, -2.999700000000000300 ) ) ;
#6120 = CARTESIAN_POINT ( 'NONE',  ( 5.321928908503579700, -1.505667932036712100, -2.999700000000000300 ) ) ;
#6121 = CARTESIAN_POINT ( 'NONE',  ( 5.329854636789696600, -1.531012378225496500, -2.999699999999999800 ) ) ;
#6122 = CARTESIAN_POINT ( 'NONE',  ( 5.341781096147637500, -1.567620616732079200, -2.999700000000000700 ) ) ;
#6123 = CARTESIAN_POINT ( 'NONE',  ( 5.352120637286723200, -1.601998346519123700, -2.999699999999999400 ) ) ;
#6124 = CARTESIAN_POINT ( 'NONE',  ( 5.361971289140623000, -1.633802347183215500, -2.999700000000001100 ) ) ;
#6125 = CARTESIAN_POINT ( 'NONE',  ( 5.371421428493612800, -1.663006206529148400, -2.999699999999999400 ) ) ;
#6126 = CARTESIAN_POINT ( 'NONE',  ( 5.379318303947399300, -1.690068041443040000, -2.999700000000001100 ) ) ;
#6127 = CARTESIAN_POINT ( 'NONE',  ( 5.386739980778322100, -1.714522703114927500, -2.999699999999999800 ) ) ;
#6128 = CARTESIAN_POINT ( 'NONE',  ( 5.391317985106320000, -1.730075852737785100, -2.999700000000000300 ) ) ;
#6129 = CARTESIAN_POINT ( 'NONE',  ( 5.393469238281249500, -1.737384444016676400, -2.999700000000000300 ) ) ;
#6130 = VECTOR ( 'NONE', #6118, 1000.000000000000000 ) ;
#6131 = CARTESIAN_POINT ( 'NONE',  ( 6.134330397385816100, -1.970755709134615100, -2.999700000000000300 ) ) ;
#6132 = LINE ( 'NONE', #6131, #6130 ) ;
#6133 = CARTESIAN_POINT ( 'NONE',  ( 4.976734836284930600, -0.4297644981971151000, -2.999700000000000300 ) ) ;
#6134 = CARTESIAN_POINT ( 'NONE',  ( -3.648741208589989500, 1.111226712740384500, -3.000000000000000000 ) ) ;
#6135 = B_SPLINE_CURVE_WITH_KNOTS ( 'NONE', 3,
 ( #6129, #6128, #6127, #6126, #6125, #6124, #6123, #6122, #6121, #6120, #6119 ),
 .UNSPECIFIED., .F., .F.,
 ( 4, 1, 1, 1, 1, 1, 1, 1, 4 ),
 ( 0.0000000000000000000, 0.08920477023324560600, 0.1898334556643487000, 0.2992325919749814800, 0.4192609378429065800, 0.5492073901909391200, 0.6890743636843494900, 0.8395791979483181500, 1.000000000000000000 ),
 .UNSPECIFIED. ) ;
#6136 = CARTESIAN_POINT ( 'NONE',  ( -3.673745272709768800, 0.5778066781850961200, -3.000000000000000000 ) ) ;
#6137 = CARTESIAN_POINT ( 'NONE',  ( -3.309179844000396100, 1.763184532752403600, -3.000000000000000000 ) ) ;
#6138 = CARTESIAN_POINT ( 'NONE',  ( -3.602746078295580900, 1.763184532752403600, -3.000000000000000000 ) ) ;
#6139 = DIRECTION ( 'NONE',  ( -1.000000000000000000, 0.0000000000000000000, 0.0000000000000000000 ) ) ;
#6140 = DIRECTION ( 'NONE',  ( -0.0000000000000000000, 0.0000000000000000000, -1.000000000000000000 ) ) ;
#6141 = CARTESIAN_POINT ( 'NONE',  ( 0.0000000000000000000, -5.510728592200698600E-016, -3.000000000000000000 ) ) ;
#6142 =( GEOMETRIC_REPRESENTATION_CONTEXT ( 3 ) GLOBAL_UNCERTAINTY_ASSIGNED_CONTEXT ( ( #6217 ) ) GLOBAL_UNIT_ASSIGNED_CONTEXT ( ( #6220, #6219, #6218 ) ) REPRESENTATION_CONTEXT ( 'NONE', 'WORKASPACE' ) );
#6143 = CARTESIAN_POINT ( 'NONE',  ( -2.949220426820582800, -1.663041405945972400, -2.999699999999998500 ) ) ;
#6144 = CARTESIAN_POINT ( 'NONE',  ( -2.928728887558832600, -1.696729603655318100, -2.999700000000000700 ) ) ;
#6145 = CARTESIAN_POINT ( 'NONE',  ( -2.906222227797366400, -1.724381735892941000, -2.999700000000000300 ) ) ;
#6146 = CARTESIAN_POINT ( 'NONE',  ( -2.882757832590848500, -1.747876262006775400, -2.999700000000000300 ) ) ;
#6147 = CARTESIAN_POINT ( 'NONE',  ( -2.858254964970267300, -1.767933410990538000, -2.999700000000000700 ) ) ;
#6148 = CARTESIAN_POINT ( 'NONE',  ( -2.832322338600053300, -1.784214305733965200, -2.999700000000000300 ) ) ;
#6149 = CARTESIAN_POINT ( 'NONE',  ( -2.805096334920061700, -1.796784094646720000, -2.999699999999999800 ) ) ;
#6150 = CARTESIAN_POINT ( 'NONE',  ( -2.776717521888463200, -1.806397668684206000, -2.999700000000000300 ) ) ;
#6151 = CARTESIAN_POINT ( 'NONE',  ( -2.746929993417520900, -1.811543245947538200, -2.999700000000000700 ) ) ;
#6152 = CARTESIAN_POINT ( 'NONE',  ( -2.726695167399439500, -1.812315757512777100, -2.999700000000000300 ) ) ;
#6153 = SURFACE_STYLE_FILL_AREA ( #6160 ) ;
#6154 = AXIS2_PLACEMENT_3D ( 'NONE', #6252, #6251, #6250 ) ;
#6155 = B_SPLINE_CURVE_WITH_KNOTS ( 'NONE', 3,
 ( #6202, #6201, #6200, #6199, #6198, #6197, #6196, #6195, #6194, #6193, #6192, #6191, #6190, #6189, #6188, #6187, #6186, #6185, #6184 ),
 .UNSPECIFIED., .F., .F.,
 ( 4, 1, 1, 1, 1, 1, 1, 1, 1, 1, 1, 1, 1, 1, 1, 1, 4 ),
 ( 0.0000000000000000000, 0.07596440262219972300, 0.1481252239748711800, 0.2172006111446032900, 0.2832999093723611600, 0.3472018681362411000, 0.4092995407059242300, 0.4704256161074029100, 0.5315880640528349900, 0.5917391729173697700, 0.6502577442905729300, 0.7073030399522860500, 0.7642084640229152000, 0.8211475320101304700, 0.8791188121552543400, 0.9384228183936664800, 1.000000000000000000 ),
 .UNSPECIFIED. ) ;
#6156 = PLANE ( 'NONE',  #6154 ) ;
#6157 = COLOUR_RGB ( '',0.7529411764705882200, 0.7529411764705882200, 0.7529411764705882200 ) ;
#6158 = CARTESIAN_POINT ( 'NONE',  ( -2.716490916716746400, -1.812705328525640700, -2.999700000000001100 ) ) ;
#6159 = B_SPLINE_CURVE_WITH_KNOTS ( 'NONE', 3,
 ( #6158, #6152, #6151, #6150, #6149, #6148, #6147, #6146, #6145, #6144, #6143, #6216, #6215, #6214, #6213, #6212, #6211, #6210, #6209 ),
 .UNSPECIFIED., .F., .F.,
 ( 4, 1, 1, 1, 1, 1, 1, 1, 1, 1, 1, 1, 1, 1, 1, 1, 4 ),
 ( 0.0000000000000000000, 0.04078184587225983100, 0.08086958872158700500, 0.1202681657882673200, 0.1601868504553522500, 0.2004597376386393600, 0.2422651778979083300, 0.2864592615494686600, 0.3329520837492633300, 0.3844305340495302000, 0.4433891253601058300, 0.5116814722136835400, 0.5890200255490083400, 0.6762451906507722700, 0.7737051914728237900, 0.8815677677819827600, 0.9999999999999998900 ),
 .UNSPECIFIED. ) ;
#6160 = FILL_AREA_STYLE ('',( #6101 ) ) ;
#6161 = CARTESIAN_POINT ( 'NONE',  ( -3.602746078295580900, 1.763184532752403600, -3.000000000000000000 ) ) ;
#6162 = CARTESIAN_POINT ( 'NONE',  ( -3.615402644871544200, 1.763120895944729500, -2.999999999999999600 ) ) ;
#6163 = CARTESIAN_POINT ( 'NONE',  ( -3.639793361085708500, 1.762998260211931600, -3.000000000000000900 ) ) ;
#6164 = CARTESIAN_POINT ( 'NONE',  ( -3.675002700203626300, 1.762189724375776500, -3.000000000000000000 ) ) ;
#6165 = CARTESIAN_POINT ( 'NONE',  ( -3.707317674208932400, 1.760285386013541900, -3.000000000000000400 ) ) ;
#6166 = CARTESIAN_POINT ( 'NONE',  ( -3.736661359441201000, 1.757888284417675800, -2.999999999999999600 ) ) ;
#6167 = CARTESIAN_POINT ( 'NONE',  ( -3.763124168910858500, 1.754799602690713100, -3.000000000000000900 ) ) ;
#6168 = CARTESIAN_POINT ( 'NONE',  ( -5.238371112549103300, 1.744070638346387300, -2.999700000000000300 ) ) ;
#6169 = CARTESIAN_POINT ( 'NONE',  ( -5.263233400033336700, 1.729828634159696900, -2.999700000000000300 ) ) ;
#6170 = CARTESIAN_POINT ( 'NONE',  ( -5.285667441437112800, 1.713421375538742400, -2.999699999999999800 ) ) ;
#6171 = CARTESIAN_POINT ( 'NONE',  ( -5.305557963680612900, 1.694578070547914800, -2.999700000000000700 ) ) ;
#6172 = CARTESIAN_POINT ( 'NONE',  ( -5.323510231700621100, 1.674009939813925000, -2.999700000000000300 ) ) ;
#6173 = CARTESIAN_POINT ( 'NONE',  ( -5.339062314754333000, 1.651173494471541500, -2.999700000000000700 ) ) ;
#6174 = CARTESIAN_POINT ( 'NONE',  ( -5.352403604221713400, 1.626337786812364100, -2.999699999999999400 ) ) ;
#6175 = CARTESIAN_POINT ( 'NONE',  ( -5.363409367692751700, 1.599264339710798200, -2.999699999999999800 ) ) ;
#6176 = CARTESIAN_POINT ( 'NONE',  ( -5.372805511044832700, 1.570234746812067000, -2.999700000000000300 ) ) ;
#6177 = CARTESIAN_POINT ( 'NONE',  ( -5.379508429849103400, 1.538978287509853700, -2.999699999999999800 ) ) ;
#6178 = CARTESIAN_POINT ( 'NONE',  ( -5.382210274854914500, 1.517387122701543000, -2.999699999999999800 ) ) ;
#6179 = CARTESIAN_POINT ( 'NONE',  ( -5.383591089493180000, 1.506352664262820400, -2.999700000000000300 ) ) ;
#6180 = UNCERTAINTY_MEASURE_WITH_UNIT (LENGTH_MEASURE( 1.000000000000000100E-005 ), #6183, 'distance_accuracy_value', 'NONE');
#6181 =( NAMED_UNIT ( * ) SI_UNIT ( $, .STERADIAN. ) SOLID_ANGLE_UNIT ( ) );
#6182 =( NAMED_UNIT ( * ) PLANE_ANGLE_UNIT ( ) SI_UNIT ( $, .RADIAN. ) );
#6183 =( LENGTH_UNIT ( ) NAMED_UNIT ( * ) SI_UNIT ( .MILLI., .METRE. ) );
#6184 = CARTESIAN_POINT ( 'NONE',  ( 2.065459173153609800, 0.5580503806089742700, -2.999999999999999100 ) ) ;
#6185 = CARTESIAN_POINT ( 'NONE',  ( 2.083493185899585800, 0.5585027263418186300, -3.000000000000000000 ) ) ;
#6186 = CARTESIAN_POINT ( 'NONE',  ( 2.118895470081371800, 0.5593907190702338500, -3.000000000000000000 ) ) ;
#6187 = CARTESIAN_POINT ( 'NONE',  ( 2.170814365759568000, 0.5670478512029911700, -3.000000000000000400 ) ) ;
#6188 = CARTESIAN_POINT ( 'NONE',  ( 2.220403048596122800, 0.5792910582177497300, -3.000000000000000000 ) ) ;
#6189 = CARTESIAN_POINT ( 'NONE',  ( 2.267697953552955300, 0.5967271822765030100, -3.000000000000000900 ) ) ;
#6190 = CARTESIAN_POINT ( 'NONE',  ( 2.312557431904079600, 0.6190642575724407700, -2.999999999999999100 ) ) ;
#6191 = CARTESIAN_POINT ( 'NONE',  ( 2.355303688324237300, 0.6461161054081976400, -3.000000000000001300 ) ) ;
#6192 = CARTESIAN_POINT ( 'NONE',  ( 2.395462804525995400, 0.6784195475772962800, -2.999999999999999600 ) ) ;
#6193 = CARTESIAN_POINT ( 'NONE',  ( 2.433043808080142000, 0.7154034165362812600, -3.000000000000001300 ) ) ;
#6194 = CARTESIAN_POINT ( 'NONE',  ( 2.467211917696567900, 0.7565732227300457900, -3.000000000000000000 ) ) ;
#6195 = CARTESIAN_POINT ( 'NONE',  ( 2.497112654382492600, 0.8016504947547806700, -3.000000000000000000 ) ) ;
#6196 = CARTESIAN_POINT ( 'NONE',  ( 2.522086318791010300, 0.8505091336738963600, -3.000000000000000900 ) ) ;
#6197 = CARTESIAN_POINT ( 'NONE',  ( 2.542973780070245200, 0.9028243551391921300, -2.999999999999999100 ) ) ;
#6198 = CARTESIAN_POINT ( 'NONE',  ( 2.558512214669721900, 0.9590988575944043900, -2.999999999999999600 ) ) ;
#6199 = CARTESIAN_POINT ( 'NONE',  ( 2.569785065261527300, 1.018776094523523800, -3.000000000000000400 ) ) ;
#6200 = CARTESIAN_POINT ( 'NONE',  ( 2.577214414298973000, 1.082023594277022000, -3.000000000000000000 ) ) ;
#6201 = CARTESIAN_POINT ( 'NONE',  ( 2.577863802196301200, 1.125404805980126300, -3.000000000000000000 ) ) ;
#6202 = CARTESIAN_POINT ( 'NONE',  ( 2.578196833683895800, 1.147652386396359200, -2.999999999999999100 ) ) ;
#6203 = MECHANICAL_DESIGN_GEOMETRIC_PRESENTATION_REPRESENTATION (  '', ( #6205 ), #6256 ) ;
#6204 = PRESENTATION_LAYER_ASSIGNMENT (  '', '', ( #6205 ) ) ;
#6205 = STYLED_ITEM ( 'NONE', ( #6206 ), #1141 ) ;
#6206 = PRESENTATION_STYLE_ASSIGNMENT (( #6207 ) ) ;
#6207 = SURFACE_STYLE_USAGE ( .BOTH. , #6208 ) ;
#6208 = SURFACE_SIDE_STYLE ('',( #6153 ) ) ;
#6209 = CARTESIAN_POINT ( 'NONE',  ( -3.012835380358573500, -1.210138252453925900, -2.999700000000000300 ) ) ;
#6210 = CARTESIAN_POINT ( 'NONE',  ( -3.012642103273138100, -1.239777252081674300, -2.999700000000000700 ) ) ;
#6211 = CARTESIAN_POINT ( 'NONE',  ( -3.012272798395384300, -1.296410075934487200, -2.999700000000000300 ) ) ;
#6212 = CARTESIAN_POINT ( 'NONE',  ( -3.008323460716160200, -1.377362012192867100, -2.999700000000001600 ) ) ;
#6213 = CARTESIAN_POINT ( 'NONE',  ( -3.001610866010815400, -1.450282982855463100, -2.999699999999999800 ) ) ;
#6214 = CARTESIAN_POINT ( 'NONE',  ( -2.992645563550413000, -1.515270162605835800, -2.999700000000001100 ) ) ;
#6215 = CARTESIAN_POINT ( 'NONE',  ( -2.980791676989160700, -1.572385496142888000, -2.999699999999999400 ) ) ;
#6216 = CARTESIAN_POINT ( 'NONE',  ( -2.966219638177999500, -1.621524585972176500, -2.999700000000001100 ) ) ;
#6217 = UNCERTAINTY_MEASURE_WITH_UNIT (LENGTH_MEASURE( 1.000000000000000100E-005 ), #6220, 'distance_accuracy_value', 'NONE');
#6218 =( NAMED_UNIT ( * ) SI_UNIT ( $, .STERADIAN. ) SOLID_ANGLE_UNIT ( ) );
#6219 =( NAMED_UNIT ( * ) PLANE_ANGLE_UNIT ( ) SI_UNIT ( $, .RADIAN. ) );
#6220 =( LENGTH_UNIT ( ) NAMED_UNIT ( * ) SI_UNIT ( .MILLI., .METRE. ) );
#6221 = MECHANICAL_DESIGN_GEOMETRIC_PRESENTATION_REPRESENTATION (  '', ( #6223 ), #6142 ) ;
#6222 = PRESENTATION_LAYER_ASSIGNMENT (  '', '', ( #6223 ) ) ;
#6223 = STYLED_ITEM ( 'NONE', ( #6224 ), #1093 ) ;
#6224 = PRESENTATION_STYLE_ASSIGNMENT (( #6225 ) ) ;
#6225 = SURFACE_STYLE_USAGE ( .BOTH. , #6226 ) ;
#6226 = SURFACE_SIDE_STYLE ('',( #6260 ) ) ;
#6227 = CARTESIAN_POINT ( 'NONE',  ( -3.309179844000396100, 1.111226712740384500, -3.000000000000000000 ) ) ;
#6228 = FACE_OUTER_BOUND ( 'NONE', #1186, .T. ) ;
#6229 = CARTESIAN_POINT ( 'NONE',  ( 4.652608079176682800, -0.4297644981971151000, -2.999700000000000300 ) ) ;
#6230 = DIRECTION ( 'NONE',  ( 1.000000000000000000, 0.0000000000000000000, 0.0000000000000000000 ) ) ;
#6231 = VECTOR ( 'NONE', #6230, 1000.000000000000000 ) ;
#6232 = CARTESIAN_POINT ( 'NONE',  ( 4.652608079176682800, -1.970755709134615100, -2.999700000000000300 ) ) ;
#6233 = LINE ( 'NONE', #6232, #6231 ) ;
#6234 = AXIS2_PLACEMENT_3D ( 'NONE', #6141, #6140, #6139 ) ;
#6235 = VECTOR ( 'NONE', #6258, 1000.000000000000000 ) ;
#6236 = LINE ( 'NONE', #6084, #6235 ) ;
#6237 = FILL_AREA_STYLE ('',( #6085 ) ) ;
#6238 = CARTESIAN_POINT ( 'NONE',  ( -5.038164574060676400, 1.782940830328525500, -2.999700000000000300 ) ) ;
#6239 = CARTESIAN_POINT ( 'NONE',  ( -5.051339561049126700, 1.782653955979238700, -2.999700000000000300 ) ) ;
#6240 = CARTESIAN_POINT ( 'NONE',  ( -5.077005390876387900, 1.782095103948716300, -2.999700000000000300 ) ) ;
#6241 = CARTESIAN_POINT ( 'NONE',  ( -5.114273301978324900, 1.779216639074403700, -2.999699999999999800 ) ) ;
#6242 = CARTESIAN_POINT ( 'NONE',  ( -5.149029307672107900, 1.773596226594049700, -2.999699999999999800 ) ) ;
#6243 = CARTESIAN_POINT ( 'NONE',  ( -5.181259974220802500, 1.765955842385766400, -2.999700000000001100 ) ) ;
#6244 = CARTESIAN_POINT ( 'NONE',  ( -5.211038610650317300, 1.756101870694514200, -2.999699999999999400 ) ) ;
#6245 = DIRECTION ( 'NONE',  ( -1.000000000000000000, 0.0000000000000000000, 0.0000000000000000000 ) ) ;
#6246 = VECTOR ( 'NONE', #6245, 1000.000000000000000 ) ;
#6247 = CARTESIAN_POINT ( 'NONE',  ( 0.8396426469851807600, 1.269277093349358900, -2.999700000000000300 ) ) ;
#6248 = LINE ( 'NONE', #6247, #6246 ) ;
#6249 = CARTESIAN_POINT ( 'NONE',  ( 0.02282419826359283900, 1.860822556814222500, -2.999700000000000300 ) ) ;
#6250 = DIRECTION ( 'NONE',  ( -1.000000000000000000, 0.0000000000000000000, 0.0000000000000000000 ) ) ;
#6251 = DIRECTION ( 'NONE',  ( -0.0000000000000000000, 0.0000000000000000000, -1.000000000000000000 ) ) ;
#6252 = CARTESIAN_POINT ( 'NONE',  ( 0.0000000000000000000, -5.510728592200698600E-016, -3.000000000000000000 ) ) ;
#6253 = COLOUR_RGB ( '',0.7529411764705882200, 0.7529411764705882200, 0.7529411764705882200 ) ;
#6254 = CARTESIAN_POINT ( 'NONE',  ( -2.716490916716746400, -1.990512006710736900, -2.999700000000000300 ) ) ;
#6255 = PRESENTATION_LAYER_ASSIGNMENT (  '', '', ( #6535 ) ) ;
#6256 =( GEOMETRIC_REPRESENTATION_CONTEXT ( 3 ) GLOBAL_UNCERTAINTY_ASSIGNED_CONTEXT ( ( #6180 ) ) GLOBAL_UNIT_ASSIGNED_CONTEXT ( ( #6183, #6182, #6181 ) ) REPRESENTATION_CONTEXT ( 'NONE', 'WORKASPACE' ) );
#6257 = B_SPLINE_CURVE_WITH_KNOTS ( 'NONE', 3,
 ( #6179, #6178, #6177, #6176, #6175, #6174, #6173, #6172, #6171, #6170, #6169, #6168, #6244, #6243, #6242, #6241, #6240, #6239, #6238 ),
 .UNSPECIFIED., .F., .F.,
 ( 4, 1, 1, 1, 1, 1, 1, 1, 1, 1, 1, 1, 1, 1, 1, 1, 4 ),
 ( 0.0000000000000000000, 0.06715546744904554700, 0.1314033464826141500, 0.1927317719102091800, 0.2512526591565258400, 0.3077037298841913100, 0.3626989162982008400, 0.4177783327854310800, 0.4723043857981134000, 0.5278725997916969800, 0.5852299868117367700, 0.6450565760102927600, 0.7079523564294427600, 0.7744342720454289200, 0.8449404313752612000, 0.9204035944750288400, 1.000000000000000000 ),
 .UNSPECIFIED. ) ;
#6258 = DIRECTION ( 'NONE',  ( 0.0000000000000000000, -1.000000000000000000, 0.0000000000000000000 ) ) ;
#6259 = COLOUR_RGB ( '',0.7529411764705882200, 0.7529411764705882200, 0.7529411764705882200 ) ;
#6260 = SURFACE_STYLE_FILL_AREA ( #6237 ) ;
#6261 = CARTESIAN_POINT ( 'NONE',  ( -4.020406556740781800, 0.8445166954627404400, -3.000000000000000400 ) ) ;
#6262 = CARTESIAN_POINT ( 'NONE',  ( -3.670772686135744100, 1.111005187567492400, -3.000000000000000000 ) ) ;
#6263 = CARTESIAN_POINT ( 'NONE',  ( -3.712121037528116400, 1.110589432397555400, -3.000000000000000000 ) ) ;
#6264 = CARTESIAN_POINT ( 'NONE',  ( -3.769983409078474500, 1.105661115716084100, -2.999999999999999600 ) ) ;
#6265 = CARTESIAN_POINT ( 'NONE',  ( -3.819745745812201100, 1.098023583170642000, -3.000000000000000400 ) ) ;
#6266 = CARTESIAN_POINT ( 'NONE',  ( -3.862204011879764500, 1.086766082165699500, -3.000000000000000400 ) ) ;
#6267 = CARTESIAN_POINT ( 'NONE',  ( -3.898530395672474400, 1.070943491137085400, -3.000000000000000000 ) ) ;
#6268 = CARTESIAN_POINT ( 'NONE',  ( -3.930244144842390200, 1.050782353637603500, -2.999999999999999600 ) ) ;
#6269 = CARTESIAN_POINT ( 'NONE',  ( -3.957442728710959900, 1.025376076334091600, -3.000000000000000400 ) ) ;
#6270 = CARTESIAN_POINT ( 'NONE',  ( -3.979922773187583900, 0.9954254779691801300, -3.000000000000000400 ) ) ;
#6271 = CARTESIAN_POINT ( 'NONE',  ( -3.998250606671705800, 0.9621253496808612700, -2.999999999999999600 ) ) ;
#6272 = CARTESIAN_POINT ( 'NONE',  ( -4.011270228257115100, 0.9254511326085858000, -3.000000000000000000 ) ) ;
#6273 = CARTESIAN_POINT ( 'NONE',  ( -4.019152135926929300, 0.8859107278067770400, -3.000000000000000400 ) ) ;
#6274 = CARTESIAN_POINT ( 'NONE',  ( -4.019981344060289200, 0.8585480852921962800, -3.000000000000000000 ) ) ;
#6275 = CARTESIAN_POINT ( 'NONE',  ( -3.805556820600456200, 0.5852152897761417900, -3.000000000000000000 ) ) ;
#6276 = B_SPLINE_CURVE_WITH_KNOTS ( 'NONE', 3,
 ( #6112, #6111, #6110, #6109, #6108, #6107, #6106 ),
 .UNSPECIFIED., .F., .F.,
 ( 4, 1, 1, 1, 4 ),
 ( 0.0000000000000000000, 0.3293954641291820300, 0.6051903468527988200, 0.8278865786947321400, 1.000000000000000000 ),
 .UNSPECIFIED. ) ;
#6277 = CARTESIAN_POINT ( 'NONE',  ( -4.020406556740781800, 0.8445166954627404400, -3.000000000000000400 ) ) ;
#6278 = B_SPLINE_CURVE_WITH_KNOTS ( 'NONE', 3,
 ( #6277, #6274, #6273, #6272, #6271, #6270, #6269, #6268, #6267, #6266, #6265, #6264, #6263, #6262, #6115 ),
 .UNSPECIFIED., .F., .F.,
 ( 4, 1, 1, 1, 1, 1, 1, 1, 1, 1, 1, 1, 4 ),
 ( 0.0000000000000000000, 0.08013990246525157200, 0.1562809906190945600, 0.2294060490129021200, 0.3017986969723055500, 0.3727428627695783500, 0.4426676099026286600, 0.5133209646126980500, 0.5865476923632085800, 0.6683225082295050100, 0.7636766255259052100, 0.8740807567185483500, 1.000000000000000000 ),
 .UNSPECIFIED. ) ;
#6279 = DIRECTION ( 'NONE',  ( -1.000000000000000000, 0.0000000000000000000, 0.0000000000000000000 ) ) ;
#6280 = VECTOR ( 'NONE', #6279, 1000.000000000000000 ) ;
#6281 = CARTESIAN_POINT ( 'NONE',  ( -3.309179844000396100, 0.5778066781850961200, -3.000000000000000000 ) ) ;
#6282 = LINE ( 'NONE', #6281, #6280 ) ;
#6283 = CARTESIAN_POINT ( 'NONE',  ( -3.961137664012415200, 1.522404656043419200, -3.000000000000000000 ) ) ;
#6284 = DIRECTION ( 'NONE',  ( -1.000000000000000000, 0.0000000000000000000, 0.0000000000000000000 ) ) ;
#6285 = VECTOR ( 'NONE', #6284, 1000.000000000000000 ) ;
#6286 = LINE ( 'NONE', #6133, #6285 ) ;
#6287 = CARTESIAN_POINT ( 'NONE',  ( 5.317839661622658200, -1.492591569362542200, -2.999700000000000300 ) ) ;
#6288 = CARTESIAN_POINT ( 'NONE',  ( -3.786716112747188200, 1.751166572192901700, -2.999999999999999600 ) ) ;
#6289 = CARTESIAN_POINT ( 'NONE',  ( -3.807514825585138800, 1.747043279984869200, -2.999999999999999600 ) ) ;
#6290 = CARTESIAN_POINT ( 'NONE',  ( -3.830793538963418200, 1.740074243185358000, -3.000000000000000000 ) ) ;
#6291 = CARTESIAN_POINT ( 'NONE',  ( -3.856675434025107900, 1.728934377876921100, -2.999999999999998700 ) ) ;
#6292 = CARTESIAN_POINT ( 'NONE',  ( -3.884365476005637000, 1.711076364875257800, -3.000000000000000400 ) ) ;
#6293 = CARTESIAN_POINT ( 'NONE',  ( -3.907480395489927100, 1.687453278796692700, -2.999999999999999600 ) ) ;
#6294 = CARTESIAN_POINT ( 'NONE',  ( -3.926847168775077900, 1.659977095533485400, -3.000000000000000900 ) ) ;
#6295 = CARTESIAN_POINT ( 'NONE',  ( -3.942141568074338100, 1.629092612751512200, -2.999999999999998200 ) ) ;
#6296 = CARTESIAN_POINT ( 'NONE',  ( -3.953434999895100200, 1.595699559820914700, -3.000000000000000900 ) ) ;
#6297 = MECHANICAL_DESIGN_GEOMETRIC_PRESENTATION_REPRESENTATION (  '', ( #6535 ), #6570 ) ;
#6298 = CARTESIAN_POINT ( 'NONE',  ( -3.012835380358573500, -1.210138252453925900, -2.999700000000000300 ) ) ;
#6299 = DIRECTION ( 'NONE',  ( 1.000000000000000000, 0.0000000000000000000, 0.0000000000000000000 ) ) ;
#6300 = VECTOR ( 'NONE', #6299, 1000.000000000000000 ) ;
#6301 = CARTESIAN_POINT ( 'NONE',  ( -5.600910362830520100, 1.506352664262820400, -2.999700000000000300 ) ) ;
#6302 = LINE ( 'NONE', #6301, #6300 ) ;
#6303 = CARTESIAN_POINT ( 'NONE',  ( -3.210398356119791500, -1.210755636753179800, -2.999700000000000300 ) ) ;
#6304 = CARTESIAN_POINT ( 'NONE',  ( -3.959961248328900400, 1.559805261985950400, -2.999999999999999100 ) ) ;
#6305 = CARTESIAN_POINT ( 'NONE',  ( -3.960738728207189800, 1.535087622665441500, -3.000000000000000000 ) ) ;
#6306 = CARTESIAN_POINT ( 'NONE',  ( -3.961137664012415200, 1.522404656043419200, -3.000000000000000000 ) ) ;
#6307 = B_SPLINE_CURVE_WITH_KNOTS ( 'NONE', 3,
 ( #6306, #6305, #6304, #6296, #6295, #6294, #6293, #6292, #6291, #6290, #6289, #6288, #6167, #6166, #6165, #6164, #6163, #6162, #6161 ),
 .UNSPECIFIED., .F., .F.,
 ( 4, 1, 1, 1, 1, 1, 1, 1, 1, 1, 1, 1, 1, 1, 1, 1, 4 ),
 ( 0.0000000000000000000, 0.07601051920623344600, 0.1481357362434484700, 0.2177881778331537400, 0.2867678984972341600, 0.3540434632439189400, 0.4186108400234796500, 0.4836364388553446900, 0.5502295626461517500, 0.5869278113138161100, 0.6291578250269658200, 0.6772382242876705500, 0.7300426397437308500, 0.7888625661169239600, 0.8537504514610940700, 0.9241097665384563300, 1.000000000000000000 ),
 .UNSPECIFIED. ) ;
#6308 = CARTESIAN_POINT ( 'NONE',  ( -3.961137664012415200, 1.522404656043419200, -3.000000000000000000 ) ) ;
#6309 = CARTESIAN_POINT ( 'NONE',  ( -3.960641516980808700, 1.509207868563948300, -3.000000000000000000 ) ) ;
#6310 = CARTESIAN_POINT ( 'NONE',  ( -3.959688612924214400, 1.483862010336243400, -3.000000000000000900 ) ) ;
#6311 = CARTESIAN_POINT ( 'NONE',  ( -3.953020293290129100, 1.447312417787832500, -3.000000000000000400 ) ) ;
#6312 = CARTESIAN_POINT ( 'NONE',  ( -3.940841207626505100, 1.414473782019539200, -3.000000000000000900 ) ) ;
#6313 = CARTESIAN_POINT ( 'NONE',  ( -3.924415638109144400, 1.384887049302308900, -3.000000000000000000 ) ) ;
#6314 = CARTESIAN_POINT ( 'NONE',  ( -3.903040714670468000, 1.359165776616675100, -2.999999999999999600 ) ) ;
#6315 = CARTESIAN_POINT ( 'NONE',  ( -3.877075403134328200, 1.337447613497337900, -2.999999999999999600 ) ) ;
#6316 = CARTESIAN_POINT ( 'NONE',  ( -3.846589284841552400, 1.319349070623358800, -3.000000000000000000 ) ) ;
#6317 = CARTESIAN_POINT ( 'NONE',  ( -3.823840038314384700, 1.311380007782786200, -3.000000000000000000 ) ) ;
#6318 = CARTESIAN_POINT ( 'NONE',  ( -3.812039355742621100, 1.307246227753468000, -3.000000000000000000 ) ) ;
#6319 = CARTESIAN_POINT ( 'NONE',  ( 5.807425410930926000, -0.4297644981971151000, -2.999700000000000300 ) ) ;
#6320 = PLANE ( 'NONE',  #6234 ) ;
#6321 = CARTESIAN_POINT ( 'NONE',  ( 1.254524896083733600, -1.595386055188300800, -2.999700000000000300 ) ) ;
#6322 = LINE ( 'NONE', #6569, #6568 ) ;
#6323 = CARTESIAN_POINT ( 'NONE',  ( 2.123801989433092600, -1.595386055188300800, -2.999700000000000300 ) ) ;
#6324 = DIRECTION ( 'NONE',  ( 1.000000000000000000, 0.0000000000000000000, 0.0000000000000000000 ) ) ;
#6325 = VECTOR ( 'NONE', #6324, 1000.000000000000000 ) ;
#6326 = CARTESIAN_POINT ( 'NONE',  ( 5.281105295817057200, -1.970755709134615100, -2.999700000000000300 ) ) ;
#6327 = LINE ( 'NONE', #6326, #6325 ) ;
#6328 = CARTESIAN_POINT ( 'NONE',  ( 1.392818979116586400, -0.4495207957732369500, -2.999700000000000300 ) ) ;
#6329 = DIRECTION ( 'NONE',  ( -1.000000000000000000, 0.0000000000000000000, 0.0000000000000000000 ) ) ;
#6330 = VECTOR ( 'NONE', #6329, 1000.000000000000000 ) ;
#6331 = CARTESIAN_POINT ( 'NONE',  ( 1.254524896083733600, -1.397823079427082900, -2.999700000000000300 ) ) ;
#6332 = LINE ( 'NONE', #6331, #6330 ) ;
#6333 = CARTESIAN_POINT ( 'NONE',  ( 1.392818979116586400, -0.4495207957732369500, -2.999700000000000300 ) ) ;
#6334 = DIRECTION ( 'NONE',  ( 1.000000000000000000, 0.0000000000000000000, 0.0000000000000000000 ) ) ;
#6335 = VECTOR ( 'NONE', #6334, 1000.000000000000000 ) ;
#6336 = CARTESIAN_POINT ( 'NONE',  ( 1.056961920322515800, -1.595386055188300800, -2.999700000000000300 ) ) ;
#6337 = CARTESIAN_POINT ( 'NONE',  ( 1.452087871844951700, -1.595386055188300800, -2.999700000000000300 ) ) ;
#6338 = LINE ( 'NONE', #6337, #6335 ) ;
#6339 = DIRECTION ( 'NONE',  ( -1.000000000000000000, 0.0000000000000000000, 0.0000000000000000000 ) ) ;
#6340 = VECTOR ( 'NONE', #6339, 1000.000000000000000 ) ;
#6341 = LINE ( 'NONE', #6488, #6340 ) ;
#6342 = DIRECTION ( 'NONE',  ( -1.000000000000000000, 0.0000000000000000000, 0.0000000000000000000 ) ) ;
#6343 = DIRECTION ( 'NONE',  ( -0.0000000000000000000, 0.0000000000000000000, -1.000000000000000000 ) ) ;
#6344 = CARTESIAN_POINT ( 'NONE',  ( 0.0000000000000000000, -5.510728592200698600E-016, -3.000000000000000000 ) ) ;
#6345 = CARTESIAN_POINT ( 'NONE',  ( -3.812039355742621100, 1.307246227753468000, -3.000000000000000000 ) ) ;
#6346 =( GEOMETRIC_REPRESENTATION_CONTEXT ( 3 ) GLOBAL_UNCERTAINTY_ASSIGNED_CONTEXT ( ( #6459 ) ) GLOBAL_UNIT_ASSIGNED_CONTEXT ( ( #6462, #6461, #6460 ) ) REPRESENTATION_CONTEXT ( 'NONE', 'WORKASPACE' ) );
#6347 = B_SPLINE_CURVE_WITH_KNOTS ( 'NONE', 3,
 ( #6415, #6414, #6413, #6412, #6411, #6410, #6409, #6408, #6407, #6406, #6405, #6404, #6403, #6402, #6401, #6400, #6399, #6398, #6397 ),
 .UNSPECIFIED., .F., .F.,
 ( 4, 1, 1, 1, 1, 1, 1, 1, 1, 1, 1, 1, 1, 1, 1, 1, 4 ),
 ( 0.0000000000000000000, 0.1156291309254414300, 0.2215410391198766900, 0.3170478562190416300, 0.4031508756396164900, 0.4801812167162792800, 0.5476493661481896000, 0.6070358428421808200, 0.6586524080635066700, 0.7057228903536453300, 0.7498040879796468200, 0.7925868153452743100, 0.8338739610102602300, 0.8747683933034328100, 0.9152226988916379900, 0.9568807037304797300, 1.000000000000000000 ),
 .UNSPECIFIED. ) ;
#6348 = LINE ( 'NONE', #6350, #6417 ) ;
#6349 = PLANE ( 'NONE',  #6437 ) ;
#6350 = CARTESIAN_POINT ( 'NONE',  ( 1.254524896083733600, -0.4495207957732369500, -2.999700000000000300 ) ) ;
#6351 = DIRECTION ( 'NONE',  ( 0.0000000000000000000, -1.000000000000000000, 0.0000000000000000000 ) ) ;
#6352 = DIRECTION ( 'NONE',  ( -1.000000000000000000, 0.0000000000000000000, 0.0000000000000000000 ) ) ;
#6353 = CARTESIAN_POINT ( 'NONE',  ( -2.716490916716746400, -1.812705328525640700, -2.999700000000001100 ) ) ;
#6354 = COLOUR_RGB ( '',1.000000000000000000, 1.000000000000000000, 1.000000000000000000 ) ;
#6355 = CARTESIAN_POINT ( 'NONE',  ( -5.423103684645424100, 0.8269212429340069300, -2.999700000000000300 ) ) ;
#6356 = CARTESIAN_POINT ( 'NONE',  ( -5.422617003357997200, 0.8156678668963588400, -2.999700000000000300 ) ) ;
#6357 = CARTESIAN_POINT ( 'NONE',  ( -5.421637667767930300, 0.7930230026971683000, -2.999699999999999800 ) ) ;
#6358 = CARTESIAN_POINT ( 'NONE',  ( -5.413952144093642900, 0.7593679357148310800, -2.999700000000001100 ) ) ;
#6359 = CARTESIAN_POINT ( 'NONE',  ( -5.401050032131836400, 0.7264241027895357300, -2.999699999999999400 ) ) ;
#6360 = CARTESIAN_POINT ( 'NONE',  ( -5.383462719444410500, 0.6943743572983756000, -2.999700000000001100 ) ) ;
#6361 = CARTESIAN_POINT ( 'NONE',  ( -5.361075041604886200, 0.6637876584196963400, -2.999699999999999800 ) ) ;
#6362 = CARTESIAN_POINT ( 'NONE',  ( -5.332485507055643800, 0.6369477721742306000, -2.999700000000000300 ) ) ;
#6363 = CARTESIAN_POINT ( 'NONE',  ( -5.298998372069186200, 0.6131477508321235800, -2.999700000000000300 ) ) ;
#6364 = CARTESIAN_POINT ( 'NONE',  ( -5.260435959649952600, 0.5934705619869035100, -2.999699999999999400 ) ) ;
#6365 = CARTESIAN_POINT ( 'NONE',  ( -5.217957368393126000, 0.5772661897010784600, -2.999700000000002900 ) ) ;
#6366 = CARTESIAN_POINT ( 'NONE',  ( -5.171719297499727500, 0.5665536639963449900, -2.999699999999998900 ) ) ;
#6367 = CARTESIAN_POINT ( 'NONE',  ( -5.122582285687862200, 0.5590015113083199900, -2.999700000000000300 ) ) ;
#6368 = CARTESIAN_POINT ( 'NONE',  ( -5.088615320497041200, 0.5583728189602571400, -2.999699999999999400 ) ) ;
#6369 = DIRECTION ( 'NONE',  ( 0.0000000000000000000, -1.000000000000000000, 0.0000000000000000000 ) ) ;
#6370 = VECTOR ( 'NONE', #6369, 1000.000000000000000 ) ;
#6371 = CARTESIAN_POINT ( 'NONE',  ( 0.3259789100060115900, -1.338554186698717600, -2.999700000000000300 ) ) ;
#6372 = LINE ( 'NONE', #6371, #6370 ) ;
#6373 = FACE_OUTER_BOUND ( 'NONE', #1083, .T. ) ;
#6374 = DIRECTION ( 'NONE',  ( 0.0000000000000000000, -1.000000000000000000, 0.0000000000000000000 ) ) ;
#6375 = CARTESIAN_POINT ( 'NONE',  ( -5.071194634070754300, 0.5580503806089743800, -2.999700000000000300 ) ) ;
#6376 = CARTESIAN_POINT ( 'NONE',  ( 1.452087871844951700, -1.397823079427082900, -2.999700000000000300 ) ) ;
#6377 = B_SPLINE_CURVE_WITH_KNOTS ( 'NONE', 3,
 ( #6375, #6368, #6367, #6366, #6365, #6364, #6363, #6362, #6361, #6360, #6359, #6358, #6357, #6356, #6355 ),
 .UNSPECIFIED., .F., .F.,
 ( 4, 1, 1, 1, 1, 1, 1, 1, 1, 1, 1, 1, 4 ),
 ( 0.0000000000000000000, 0.1055838864195047100, 0.2058681332620123400, 0.3009467177422127100, 0.3930019285950105400, 0.4809485116065863000, 0.5628738662802270600, 0.6414613436333617100, 0.7177416181792274400, 0.7917717603087841600, 0.8627163930302562700, 0.9317768462002764500, 1.000000000000000000 ),
 .UNSPECIFIED. ) ;
#6378 = VECTOR ( 'NONE', #6352, 1000.000000000000000 ) ;
#6379 = CARTESIAN_POINT ( 'NONE',  ( 0.8989115397135435400, -1.338554186698717600, -2.999700000000000300 ) ) ;
#6380 = LINE ( 'NONE', #6379, #6378 ) ;
#6381 = CARTESIAN_POINT ( 'NONE',  ( 0.1605199178059940100, 1.035288443932166600, -2.999700000000000300 ) ) ;
#6382 = CARTESIAN_POINT ( 'NONE',  ( 0.1680370532090675100, 1.041688283934628000, -2.999699999999999800 ) ) ;
#6383 = CARTESIAN_POINT ( 'NONE',  ( 0.1840562697568044500, 1.055326514107838500, -2.999700000000001100 ) ) ;
#6384 = CARTESIAN_POINT ( 'NONE',  ( 0.2117065639502245800, 1.074394844197194900, -2.999699999999999400 ) ) ;
#6385 =( NAMED_UNIT ( * ) SI_UNIT ( $, .STERADIAN. ) SOLID_ANGLE_UNIT ( ) );
#6386 =( NAMED_UNIT ( * ) PLANE_ANGLE_UNIT ( ) SI_UNIT ( $, .RADIAN. ) );
#6387 =( LENGTH_UNIT ( ) NAMED_UNIT ( * ) SI_UNIT ( .MILLI., .METRE. ) );
#6388 = MECHANICAL_DESIGN_GEOMETRIC_PRESENTATION_REPRESENTATION (  '', ( #6390 ), #6438 ) ;
#6389 = PRESENTATION_LAYER_ASSIGNMENT (  '', '', ( #6390 ) ) ;
#6390 = STYLED_ITEM ( 'NONE', ( #6391 ), #1174 ) ;
#6391 = PRESENTATION_STYLE_ASSIGNMENT (( #6392 ) ) ;
#6392 = SURFACE_STYLE_USAGE ( .BOTH. , #6393 ) ;
#6393 = SURFACE_SIDE_STYLE ('',( #6394 ) ) ;
#6394 = SURFACE_STYLE_FILL_AREA ( #6395 ) ;
#6395 = FILL_AREA_STYLE ('',( #6455 ) ) ;
#6396 = LINE ( 'NONE', #6429, #6428 ) ;
#6397 = CARTESIAN_POINT ( 'NONE',  ( -2.714330071669357900, -0.6075711763822112500, -2.999700000000000300 ) ) ;
#6398 = CARTESIAN_POINT ( 'NONE',  ( -2.725159237834090800, -0.6079135432670874600, -2.999699999999999800 ) ) ;
#6399 = CARTESIAN_POINT ( 'NONE',  ( -2.746450575126831800, -0.6085866743939791800, -2.999699999999999800 ) ) ;
#6400 = CARTESIAN_POINT ( 'NONE',  ( -2.777474529356243500, -0.6142922136868457200, -2.999700000000000700 ) ) ;
#6401 = CARTESIAN_POINT ( 'NONE',  ( -2.807011636744528400, -0.6235790460020407300, -2.999699999999999800 ) ) ;
#6402 = CARTESIAN_POINT ( 'NONE',  ( -2.834771570868192600, -0.6370729266901197200, -2.999700000000000700 ) ) ;
#6403 = CARTESIAN_POINT ( 'NONE',  ( -2.861392184455339400, -0.6537988845616080600, -2.999699999999999800 ) ) ;
#6404 = CARTESIAN_POINT ( 'NONE',  ( -2.886015445063059700, -0.6746486106923860200, -2.999700000000000300 ) ) ;
#6405 = CARTESIAN_POINT ( 'NONE',  ( -2.909077602775259000, -0.6991642189561811900, -2.999700000000000700 ) ) ;
#6406 = CARTESIAN_POINT ( 'NONE',  ( -2.931155213860092700, -0.7274867422059605500, -2.999700000000000700 ) ) ;
#6407 = CARTESIAN_POINT ( 'NONE',  ( -2.950987777080941000, -0.7620149813816959900, -2.999699999999999800 ) ) ;
#6408 = CARTESIAN_POINT ( 'NONE',  ( -2.967667863492699200, -0.8037104929092446800, -2.999700000000000300 ) ) ;
#6409 = CARTESIAN_POINT ( 'NONE',  ( -2.981665340170346600, -0.8529921090229308800, -2.999700000000000700 ) ) ;
#6410 = CARTESIAN_POINT ( 'NONE',  ( -2.993206190114026100, -0.9097547286702663000, -2.999699999999999400 ) ) ;
#6411 = CARTESIAN_POINT ( 'NONE',  ( -3.001890051328395300, -0.9741191917532442400, -2.999699999999999400 ) ) ;
#6412 = CARTESIAN_POINT ( 'NONE',  ( -3.008238640335312700, -1.046015621823255000, -2.999700000000002000 ) ) ;
#6413 = CARTESIAN_POINT ( 'NONE',  ( -3.012289836839117600, -1.125510300722135200, -2.999699999999998900 ) ) ;
#6414 = CARTESIAN_POINT ( 'NONE',  ( -3.012648291675644500, -1.181115944491653200, -2.999699999999999800 ) ) ;
#6415 = CARTESIAN_POINT ( 'NONE',  ( -3.012835380358573500, -1.210138252453925900, -2.999700000000000300 ) ) ;
#6416 = CARTESIAN_POINT ( 'NONE',  ( 0.8989115397135435400, -1.338554186698717600, -2.999700000000000300 ) ) ;
#6417 = VECTOR ( 'NONE', #6374, 1000.000000000000000 ) ;
#6418 = CARTESIAN_POINT ( 'NONE',  ( 1.254524896083733600, -1.397823079427082900, -2.999700000000000300 ) ) ;
#6419 = CARTESIAN_POINT ( 'NONE',  ( 1.254524896083733600, -0.4495207957732369500, -2.999700000000000300 ) ) ;
#6420 = CARTESIAN_POINT ( 'NONE',  ( -3.805556820600456200, 0.5852152897761417900, -3.000000000000000000 ) ) ;
#6421 = CARTESIAN_POINT ( 'NONE',  ( 0.4269212429340113500, 1.269277093349358900, -3.000000000000000000 ) ) ;
#6422 = CARTESIAN_POINT ( 'NONE',  ( -3.626824065966479400, 1.289033390925480700, -3.000000000000000000 ) ) ;
#6423 = CARTESIAN_POINT ( 'NONE',  ( -0.3457352075821307200, -1.990512006710736900, -2.999700000000000300 ) ) ;
#6424 = B_SPLINE_CURVE_WITH_KNOTS ( 'NONE', 3,
 ( #6420, #6531, #6530, #6529, #6528, #6527, #6526, #6525, #6524, #6523, #6522, #6521, #6520, #6519, #6518 ),
 .UNSPECIFIED., .F., .F.,
 ( 4, 1, 1, 1, 1, 1, 1, 1, 1, 1, 1, 1, 4 ),
 ( 0.0000000000000000000, 0.08897095769895380100, 0.1722707767733138700, 0.2503120304637094200, 0.3246551996215495900, 0.3978444501802931900, 0.4733008807185317100, 0.5518258887444471600, 0.6347494834982531100, 0.7217660118923857600, 0.8103926655611190000, 0.9031752367994195800, 1.000000000000000000 ),
 .UNSPECIFIED. ) ;
#6425 = VECTOR ( 'NONE', #6351, 1000.000000000000000 ) ;
#6426 = CARTESIAN_POINT ( 'NONE',  ( 0.08890333909255263000, 1.520861195295284900, -3.000000000000000000 ) ) ;
#6427 = DIRECTION ( 'NONE',  ( 0.0000000000000000000, -1.000000000000000000, 0.0000000000000000000 ) ) ;
#6428 = VECTOR ( 'NONE', #6427, 1000.000000000000000 ) ;
#6429 = CARTESIAN_POINT ( 'NONE',  ( -3.309179844000396100, 1.111226712740384500, -3.000000000000000000 ) ) ;
#6430 = CARTESIAN_POINT ( 'NONE',  ( -3.309179844000396100, 1.763184532752403600, -3.000000000000000000 ) ) ;
#6431 = LINE ( 'NONE', #6430, #6425 ) ;
#6432 = CARTESIAN_POINT ( 'NONE',  ( 4.869927352514022100, -1.970755709134615100, -2.999700000000000300 ) ) ;
#6433 = CARTESIAN_POINT ( 'NONE',  ( 1.452087871844951700, -0.8427945943979113800, -2.999700000000000300 ) ) ;
#6434 = DIRECTION ( 'NONE',  ( 1.000000000000000000, 0.0000000000000000000, -0.0000000000000000000 ) ) ;
#6435 = DIRECTION ( 'NONE',  ( 0.0000000000000000000, 0.0000000000000000000, 1.000000000000000000 ) ) ;
#6436 = CARTESIAN_POINT ( 'NONE',  ( 0.8989115397135435400, -1.516360864883813800, -2.999700000000000300 ) ) ;
#6437 = AXIS2_PLACEMENT_3D ( 'NONE', #6436, #6435, #6434 ) ;
#6438 =( GEOMETRIC_REPRESENTATION_CONTEXT ( 3 ) GLOBAL_UNCERTAINTY_ASSIGNED_CONTEXT ( ( #6439 ) ) GLOBAL_UNIT_ASSIGNED_CONTEXT ( ( #6387, #6386, #6385 ) ) REPRESENTATION_CONTEXT ( 'NONE', 'WORKASPACE' ) );
#6439 = UNCERTAINTY_MEASURE_WITH_UNIT (LENGTH_MEASURE( 1.000000000000000100E-005 ), #6387, 'distance_accuracy_value', 'NONE');
#6440 = CARTESIAN_POINT ( 'NONE',  ( 0.2443259143634828600, 1.093057201226996300, -2.999699999999999800 ) ) ;
#6441 = CARTESIAN_POINT ( 'NONE',  ( 0.2678860866060588400, 1.104959280564049100, -2.999700000000000300 ) ) ;
#6442 = CARTESIAN_POINT ( 'NONE',  ( 0.2802924718612324100, 1.111226712740384500, -2.999700000000000300 ) ) ;
#6443 = CARTESIAN_POINT ( 'NONE',  ( -4.652608079176674000, 0.9334200345552884400, -2.999700000000000300 ) ) ;
#6444 = CARTESIAN_POINT ( 'NONE',  ( -0.001852152897756842100, 0.8253777821858724300, -2.999700000000000300 ) ) ;
#6445 = CARTESIAN_POINT ( 'NONE',  ( 0.01063095058671760300, 0.8460342623290528800, -2.999699999999999800 ) ) ;
#6446 = CARTESIAN_POINT ( 'NONE',  ( 0.03490399721535482300, 0.8862002119522802700, -2.999699999999998900 ) ) ;
#6447 = CARTESIAN_POINT ( 'NONE',  ( 0.07485467109190176200, 0.9417775763808413600, -2.999700000000000700 ) ) ;
#6448 = CARTESIAN_POINT ( 'NONE',  ( 0.1160607141079322300, 0.9917054318221575300, -2.999699999999999400 ) ) ;
#6449 = CARTESIAN_POINT ( 'NONE',  ( 0.1459625604020201000, 1.021017979523134000, -2.999700000000000700 ) ) ;
#6450 = CARTESIAN_POINT ( 'NONE',  ( 0.1605199178059940100, 1.035288443932166600, -2.999700000000000300 ) ) ;
#6451 = CARTESIAN_POINT ( 'NONE',  ( -5.423103684645424100, 0.8269212429340069300, -2.999700000000000300 ) ) ;
#6452 = CARTESIAN_POINT ( 'NONE',  ( 1.879935191227839300, -1.397823079427082900, -2.999700000000000300 ) ) ;
#6453 = B_SPLINE_CURVE_WITH_KNOTS ( 'NONE', 3,
 ( #6442, #6441, #6440, #6384, #6383, #6382, #6381 ),
 .UNSPECIFIED., .F., .F.,
 ( 4, 1, 1, 1, 4 ),
 ( 0.0000000000000000000, 0.2930762433192216600, 0.5565623371181890300, 0.7919136092098115800, 1.000000000000000000 ),
 .UNSPECIFIED. ) ;
#6454 = B_SPLINE_CURVE_WITH_KNOTS ( 'NONE', 3,
 ( #6450, #6449, #6448, #6447, #6446, #6445, #6444 ),
 .UNSPECIFIED., .F., .F.,
 ( 4, 1, 1, 1, 4 ),
 ( 0.0000000000000000000, 0.2295275697008576600, 0.4714659343032291900, 0.7281863484998698500, 1.000000000000000000 ),
 .UNSPECIFIED. ) ;
#6455 = FILL_AREA_STYLE_COLOUR ( '', #6354 ) ;
#6456 = CARTESIAN_POINT ( 'NONE',  ( 0.5099594311836482800, 1.084370495722844200, -2.999700000000000300 ) ) ;
#6457 = CARTESIAN_POINT ( 'NONE',  ( 0.1864500583746539800, 0.7253615257067558300, -2.999700000000000300 ) ) ;
#6458 = CARTESIAN_POINT ( 'NONE',  ( 0.8396426469851807600, 1.091470415164262900, -2.999700000000000300 ) ) ;
#6459 = UNCERTAINTY_MEASURE_WITH_UNIT (LENGTH_MEASURE( 1.000000000000000100E-005 ), #6462, 'distance_accuracy_value', 'NONE');
#6460 =( NAMED_UNIT ( * ) SI_UNIT ( $, .STERADIAN. ) SOLID_ANGLE_UNIT ( ) );
#6461 =( NAMED_UNIT ( * ) PLANE_ANGLE_UNIT ( ) SI_UNIT ( $, .RADIAN. ) );
#6462 =( LENGTH_UNIT ( ) NAMED_UNIT ( * ) SI_UNIT ( .MILLI., .METRE. ) );
#6463 = MECHANICAL_DESIGN_GEOMETRIC_PRESENTATION_REPRESENTATION (  '', ( #6482 ), #6346 ) ;
#6464 = CARTESIAN_POINT ( 'NONE',  ( 0.3803087283403489600, 1.763184532752403800, -3.000000000000000000 ) ) ;
#6465 = CARTESIAN_POINT ( 'NONE',  ( 0.3681563661004622100, 1.763077060480548600, -3.000000000000000400 ) ) ;
#6466 = CARTESIAN_POINT ( 'NONE',  ( 0.3445202602822643500, 1.762868029023129300, -2.999999999999999600 ) ) ;
#6467 = CARTESIAN_POINT ( 'NONE',  ( 0.3104104711050317300, 1.759252661150849900, -2.999999999999999600 ) ) ;
#6468 = CARTESIAN_POINT ( 'NONE',  ( 0.2787749660743570900, 1.754256275681734400, -3.000000000000000400 ) ) ;
#6469 = CARTESIAN_POINT ( 'NONE',  ( 0.2497584211105132500, 1.746745937929167400, -2.999999999999998700 ) ) ;
#6470 = CARTESIAN_POINT ( 'NONE',  ( 0.2231956514157082700, 1.737356105141996600, -3.000000000000000400 ) ) ;
#6471 = CARTESIAN_POINT ( 'NONE',  ( 0.1991703345678110800, 1.725525155165273900, -2.999999999999999600 ) ) ;
#6472 = CARTESIAN_POINT ( 'NONE',  ( 0.1776545450453338400, 1.711602856966800500, -3.000000000000000400 ) ) ;
#6473 = CARTESIAN_POINT ( 'NONE',  ( 0.1588179766163013700, 1.695466358568918900, -3.000000000000000000 ) ) ;
#6474 = CARTESIAN_POINT ( 'NONE',  ( 0.1424124129613103500, 1.677732038216454200, -3.000000000000000000 ) ) ;
#6475 = CARTESIAN_POINT ( 'NONE',  ( 0.1280899443793505100, 1.658830724048151000, -3.000000000000000400 ) ) ;
#6476 = CARTESIAN_POINT ( 'NONE',  ( 0.1160876280970359700, 1.638704839764395100, -3.000000000000000000 ) ) ;
#6477 = CARTESIAN_POINT ( 'NONE',  ( 0.1059843213150952300, 1.617465931141168800, -3.000000000000000000 ) ) ;
#6478 = CARTESIAN_POINT ( 'NONE',  ( 0.09842311440694177800, 1.594949420116399800, -3.000000000000000000 ) ) ;
#6479 = CARTESIAN_POINT ( 'NONE',  ( 0.09269708566080890600, 1.571320224036063300, -2.999999999999998700 ) ) ;
#6480 = CARTESIAN_POINT ( 'NONE',  ( 0.08975195731039788100, 1.546453436313748300, -3.000000000000000900 ) ) ;
#6481 = PRESENTATION_LAYER_ASSIGNMENT (  '', '', ( #6482 ) ) ;
#6482 = STYLED_ITEM ( 'NONE', ( #6483 ), #1200 ) ;
#6483 = PRESENTATION_STYLE_ASSIGNMENT (( #6484 ) ) ;
#6484 = SURFACE_STYLE_USAGE ( .BOTH. , #6485 ) ;
#6485 = SURFACE_SIDE_STYLE ('',( #6516 ) ) ;
#6486 = CARTESIAN_POINT ( 'NONE',  ( 2.123801989433092600, -1.397823079427082900, -2.999700000000000300 ) ) ;
#6487 = FACE_OUTER_BOUND ( 'NONE', #1182, .T. ) ;
#6488 = CARTESIAN_POINT ( 'NONE',  ( -3.309179844000396100, 1.289033390925480700, -3.000000000000000000 ) ) ;
#6489 = CARTESIAN_POINT ( 'NONE',  ( 0.08919015980070631200, 1.529511003345356900, -3.000000000000000400 ) ) ;
#6490 = CARTESIAN_POINT ( 'NONE',  ( 0.08890333909255263000, 1.520861195295284900, -3.000000000000000000 ) ) ;
#6491 = PLANE ( 'NONE',  #6510 ) ;
#6492 = B_SPLINE_CURVE_WITH_KNOTS ( 'NONE', 3,
 ( #6490, #6489, #6480, #6479, #6478, #6477, #6476, #6475, #6474, #6473, #6472, #6471, #6470, #6469, #6468, #6467, #6466, #6465, #6464 ),
 .UNSPECIFIED., .F., .F.,
 ( 4, 1, 1, 1, 1, 1, 1, 1, 1, 1, 1, 1, 1, 1, 1, 1, 4 ),
 ( 0.0000000000000000000, 0.06032552933804324200, 0.1181599905079977100, 0.1741866762963802400, 0.2295388181457995200, 0.2834498146386375000, 0.3378265119505927100, 0.3926321025334839600, 0.4484655764151910800, 0.5059654091573054800, 0.5650585322290048200, 0.6266544786228437400, 0.6922320330373636900, 0.7611310781257621900, 0.8353098773394206400, 0.9153255598322017600, 1.000000000000000000 ),
 .UNSPECIFIED. ) ;
#6493 = FILL_AREA_STYLE ('',( #6509 ) ) ;
#6494 = CARTESIAN_POINT ( 'NONE',  ( 0.08890333909255263000, 1.520861195295284900, -3.000000000000000000 ) ) ;
#6495 = CARTESIAN_POINT ( 'NONE',  ( 0.08927226014312719700, 1.508991623858814400, -3.000000000000000000 ) ) ;
#6496 = CARTESIAN_POINT ( 'NONE',  ( 0.09000038578975068400, 1.485565095706345100, -2.999999999999999600 ) ) ;
#6497 = CARTESIAN_POINT ( 'NONE',  ( 0.09723454385975605100, 1.451143989827069000, -3.000000000000000400 ) ) ;
#6498 = CARTESIAN_POINT ( 'NONE',  ( 0.1082872036527945400, 1.418031971507267600, -2.999999999999999600 ) ) ;
#6499 = CARTESIAN_POINT ( 'NONE',  ( 0.1236093419796262500, 1.386507325837715600, -2.999999999999999100 ) ) ;
#6500 = CARTESIAN_POINT ( 'NONE',  ( 0.1433208226917636900, 1.357860278464240800, -3.000000000000000400 ) ) ;
#6501 = CARTESIAN_POINT ( 'NONE',  ( 0.1670154481123268000, 1.332470422004216300, -2.999999999999999600 ) ) ;
#6502 = CARTESIAN_POINT ( 'NONE',  ( 0.1955284041952327600, 1.312200764233666600, -2.999999999999999600 ) ) ;
#6503 = CARTESIAN_POINT ( 'NONE',  ( 0.2283125058214497400, 1.295568388556873400, -3.000000000000000000 ) ) ;
#6504 = CARTESIAN_POINT ( 'NONE',  ( 0.2673338656379459800, 1.283588275183168400, -3.000000000000000000 ) ) ;
#6505 = CARTESIAN_POINT ( 'NONE',  ( 0.3134384537427411000, 1.275374938564248300, -2.999999999999999600 ) ) ;
#6506 = CARTESIAN_POINT ( 'NONE',  ( 0.3675376920249449100, 1.270206205321698000, -3.000000000000000000 ) ) ;
#6507 = CARTESIAN_POINT ( 'NONE',  ( 0.4062258283981231600, 1.269600892736958200, -3.000000000000000400 ) ) ;
#6508 = CARTESIAN_POINT ( 'NONE',  ( 0.4269212429340113500, 1.269277093349358900, -3.000000000000000000 ) ) ;
#6509 = FILL_AREA_STYLE_COLOUR ( '', #6511 ) ;
#6510 = AXIS2_PLACEMENT_3D ( 'NONE', #6344, #6343, #6342 ) ;
#6511 = COLOUR_RGB ( '',0.7529411764705882200, 0.7529411764705882200, 0.7529411764705882200 ) ;
#6512 = DIRECTION ( 'NONE',  ( 1.000000000000000000, 0.0000000000000000000, 0.0000000000000000000 ) ) ;
#6513 = VECTOR ( 'NONE', #6512, 1000.000000000000000 ) ;
#6514 = CARTESIAN_POINT ( 'NONE',  ( 5.917011124048476800, -1.970755709134615100, -2.999700000000000300 ) ) ;
#6515 = B_SPLINE_CURVE_WITH_KNOTS ( 'NONE', 3,
 ( #6508, #6507, #6506, #6505, #6504, #6503, #6502, #6501, #6500, #6499, #6498, #6497, #6496, #6495, #6494 ),
 .UNSPECIFIED., .F., .F.,
 ( 4, 1, 1, 1, 1, 1, 1, 1, 1, 1, 1, 1, 4 ),
 ( 0.0000000000000000000, 0.1288602680417310900, 0.2408921848092289200, 0.3380442015575111400, 0.4201204852136085100, 0.4940584568685511500, 0.5660947835833206600, 0.6368049543510104800, 0.7091484493607205200, 0.7819418055941271800, 0.8542853006038365600, 0.9261704072165590800, 1.000000000000000000 ),
 .UNSPECIFIED. ) ;
#6516 = SURFACE_STYLE_FILL_AREA ( #6493 ) ;
#6517 = LINE ( 'NONE', #6514, #6513 ) ;
#6518 = CARTESIAN_POINT ( 'NONE',  ( -4.020406556740781800, 0.8445166954627404400, -3.000000000000000400 ) ) ;
#6519 = CARTESIAN_POINT ( 'NONE',  ( -4.020024894999896700, 0.8325655254016338700, -3.000000000000000400 ) ) ;
#6520 = CARTESIAN_POINT ( 'NONE',  ( -4.019277504942287700, 0.8091621167713655100, -3.000000000000000400 ) ) ;
#6521 = CARTESIAN_POINT ( 'NONE',  ( -4.014201393639101700, 0.7750739050004924500, -3.000000000000000000 ) ) ;
#6522 = CARTESIAN_POINT ( 'NONE',  ( -4.004671883323556600, 0.7432481470299579000, -3.000000000000000400 ) ) ;
#6523 = CARTESIAN_POINT ( 'NONE',  ( -3.992203319092601200, 0.7137964306872096600, -3.000000000000000000 ) ) ;
#6524 = CARTESIAN_POINT ( 'NONE',  ( -3.976784240157327700, 0.6871738057403463700, -2.999999999999999600 ) ) ;
#6525 = CARTESIAN_POINT ( 'NONE',  ( -3.958987764971472400, 0.6639101349364734400, -3.000000000000000000 ) ) ;
#6526 = CARTESIAN_POINT ( 'NONE',  ( -3.939665769302495200, 0.6434346033320458300, -3.000000000000000000 ) ) ;
#6527 = CARTESIAN_POINT ( 'NONE',  ( -3.917432925836065800, 0.6270416913140211000, -2.999999999999999100 ) ) ;
#6528 = CARTESIAN_POINT ( 'NONE',  ( -3.893422753560072300, 0.6128170609995310400, -3.000000000000000900 ) ) ;
#6529 = CARTESIAN_POINT ( 'NONE',  ( -3.866502007255638900, 0.6016243987167199100, -2.999999999999999100 ) ) ;
#6530 = CARTESIAN_POINT ( 'NONE',  ( -3.837140547873293200, 0.5918538692156204400, -3.000000000000000400 ) ) ;
#6531 = CARTESIAN_POINT ( 'NONE',  ( -3.816313273694919200, 0.5874761872230378500, -3.000000000000000900 ) ) ;
#6532 = CARTESIAN_POINT ( 'NONE',  ( -1.572786502349067700, -0.9434282351762817200, -2.999700000000000300 ) ) ;
#6533 = CARTESIAN_POINT ( 'NONE',  ( -0.01735410320585768400, 1.824122854145105100, -2.999700000000000700 ) ) ;
#6534 = CARTESIAN_POINT ( 'NONE',  ( -1.945995311247993300, -0.4495207957732369500, -2.999700000000000300 ) ) ;
#6535 = STYLED_ITEM ( 'NONE', ( #6536 ), #1241 ) ;
#6536 = PRESENTATION_STYLE_ASSIGNMENT (( #6544 ) ) ;
#6537 = CARTESIAN_POINT ( 'NONE',  ( 0.002159856897098679600, 1.843304024989804500, -2.999699999999999800 ) ) ;
#6538 = CARTESIAN_POINT ( 'NONE',  ( 5.281105295817057200, -1.970755709134615100, -2.999700000000000300 ) ) ;
#6539 = DIRECTION ( 'NONE',  ( 0.0000000000000000000, -1.000000000000000000, 0.0000000000000000000 ) ) ;
#6540 = VECTOR ( 'NONE', #6539, 1000.000000000000000 ) ;
#6541 = CARTESIAN_POINT ( 'NONE',  ( 1.056961920322515800, -1.397823079427082900, -2.999700000000000300 ) ) ;
#6542 = LINE ( 'NONE', #6541, #6540 ) ;
#6543 = FILL_AREA_STYLE ('',( #6549 ) ) ;
#6544 = SURFACE_STYLE_USAGE ( .BOTH. , #6545 ) ;
#6545 = SURFACE_SIDE_STYLE ('',( #6558 ) ) ;
#6546 = CARTESIAN_POINT ( 'NONE',  ( 4.869927352514022100, -0.6668400691105765800, -2.999700000000000300 ) ) ;
#6547 = CARTESIAN_POINT ( 'NONE',  ( 0.8396426469851807600, 1.269277093349358900, -2.999999999999614100 ) ) ;
#6548 = CARTESIAN_POINT ( 'NONE',  ( 0.3803087283403489600, 1.763184532752403800, -3.000000000000000000 ) ) ;
#6549 = FILL_AREA_STYLE_COLOUR ( '', #6253 ) ;
#6550 = DIRECTION ( 'NONE',  ( 0.2990981086500767400, 0.9542223647567409400, 0.0000000000000000000 ) ) ;
#6551 = VECTOR ( 'NONE', #6550, 1000.000000000000100 ) ;
#6552 = FACE_OUTER_BOUND ( 'NONE', #1172, .T. ) ;
#6553 = CARTESIAN_POINT ( 'NONE',  ( 5.917011124048476800, -0.6668400691105765800, -2.999700000000000300 ) ) ;
#6554 = CARTESIAN_POINT ( 'NONE',  ( 5.508302717942458000, -1.970755709134615100, -2.999700000000000300 ) ) ;
#6555 = DIRECTION ( 'NONE',  ( -0.6105078603393031500, 0.7920101971969337700, 0.0000000000000000000 ) ) ;
#6556 = VECTOR ( 'NONE', #6555, 1000.000000000000100 ) ;
#6557 = CARTESIAN_POINT ( 'NONE',  ( 2.123801989433092600, -1.397823079427082900, -2.999700000000000300 ) ) ;
#6558 = SURFACE_STYLE_FILL_AREA ( #6543 ) ;
#6559 = CARTESIAN_POINT ( 'NONE',  ( 1.056961920322515800, -1.397823079427082900, -2.999700000000000300 ) ) ;
#6560 = CARTESIAN_POINT ( 'NONE',  ( 5.508302717942458000, -1.970755709134615100, -2.999700000000000300 ) ) ;
#6561 = LINE ( 'NONE', #6560, #6551 ) ;
#6562 = LINE ( 'NONE', #6557, #6556 ) ;
#6563 = DIRECTION ( 'NONE',  ( -1.000000000000000000, 0.0000000000000000000, 0.0000000000000000000 ) ) ;
#6564 = VECTOR ( 'NONE', #6563, 1000.000000000000000 ) ;
#6565 = CARTESIAN_POINT ( 'NONE',  ( 1.452087871844951700, -1.595386055188300800, -2.999700000000000300 ) ) ;
#6566 = LINE ( 'NONE', #6333, #6564 ) ;
#6567 = DIRECTION ( 'NONE',  ( 0.3007423372023673700, -0.9537054296867861800, 0.0000000000000000000 ) ) ;
#6568 = VECTOR ( 'NONE', #6567, 1000.000000000000200 ) ;
#6569 = CARTESIAN_POINT ( 'NONE',  ( 4.869927352514022100, -0.6668400691105765800, -2.999700000000000300 ) ) ;
#6570 =( GEOMETRIC_REPRESENTATION_CONTEXT ( 3 ) GLOBAL_UNCERTAINTY_ASSIGNED_CONTEXT ( ( #6618 ) ) GLOBAL_UNIT_ASSIGNED_CONTEXT ( ( #6098, #6758, #6700 ) ) REPRESENTATION_CONTEXT ( 'NONE', 'WORKASPACE' ) );
#6571 = CARTESIAN_POINT ( 'NONE',  ( -5.624274531274347000, 0.7183566794581722800, -2.999700000000001100 ) ) ;
#6572 = CARTESIAN_POINT ( 'NONE',  ( -5.638022111521355100, 0.7772940192342131500, -2.999700000000000700 ) ) ;
#6573 = CARTESIAN_POINT ( 'NONE',  ( -5.639618743857682600, 0.8172773914233557600, -2.999700000000000300 ) ) ;
#6574 = CARTESIAN_POINT ( 'NONE',  ( -5.640422957982763400, 0.8374167760213215800, -2.999700000000000300 ) ) ;
#6575 = VECTOR ( 'NONE', #6674, 1000.000000000000200 ) ;
#6576 = CARTESIAN_POINT ( 'NONE',  ( 5.807425410930926000, -0.4297644981971151000, -2.999700000000000300 ) ) ;
#6577 = CARTESIAN_POINT ( 'NONE',  ( -3.648741208589989500, 1.111226712740384500, -3.000000000000000000 ) ) ;
#6578 = CARTESIAN_POINT ( 'NONE',  ( -0.03569959589379181900, 1.803018412862557700, -2.999699999999999800 ) ) ;
#6579 = CARTESIAN_POINT ( 'NONE',  ( -3.309179844000396100, 0.5778066781850961200, -3.000000000000660400 ) ) ;
#6580 = CARTESIAN_POINT ( 'NONE',  ( -4.850302051292017900, 0.4050513850605883500, -2.999700000000001100 ) ) ;
#6581 = CARTESIAN_POINT ( 'NONE',  ( -4.892326432959863200, 0.3957665120142475100, -2.999699999999999800 ) ) ;
#6582 = CARTESIAN_POINT ( 'NONE',  ( -4.936547826640268300, 0.3886893341659207200, -2.999700000000000700 ) ) ;
#6583 = CARTESIAN_POINT ( 'NONE',  ( -4.982827558407311000, 0.3839379914634848400, -2.999700000000000300 ) ) ;
#6584 = CARTESIAN_POINT ( 'NONE',  ( -5.031120211154281200, 0.3806533863622094700, -2.999700000000000700 ) ) ;
#6585 = CARTESIAN_POINT ( 'NONE',  ( -5.063986031786980900, 0.3803821626191416500, -2.999700000000000700 ) ) ;
#6586 = CARTESIAN_POINT ( 'NONE',  ( -5.080764090709188900, 0.3802437024238782800, -2.999700000000000700 ) ) ;
#6587 = AXIS2_PLACEMENT_3D ( 'NONE', #6752, #6751, #6750 ) ;
#6588 = B_SPLINE_CURVE_WITH_KNOTS ( 'NONE', 3,
 ( #6586, #6585, #6584, #6583, #6582, #6581, #6580, #6652, #6651, #6650, #6649, #6648, #6647, #6646, #6645, #6644, #6643, #6642, #6641, #6640, #6639, #6638, #6637, #6636, #6635, #6634, #6633 ),
 .UNSPECIFIED., .F., .F.,
 ( 4, 1, 1, 1, 1, 1, 1, 1, 1, 1, 1, 1, 1, 1, 1, 1, 1, 1, 1, 1, 1, 1, 1, 1, 4 ),
 ( 0.0000000000000000000, 0.05249258492129629800, 0.1028254751380324600, 0.1513973394924576800, 0.1980330772483322700, 0.2428758954632244400, 0.2859991683849088500, 0.3278486614843786300, 0.3683945968796917300, 0.4078519911389195100, 0.4468375528599373100, 0.4851660451611079000, 0.5233414044713737800, 0.5616022144094737800, 0.5999198855663564500, 0.6384964264110083400, 0.6777905770472508800, 0.7172899891758325300, 0.7566052415928193900, 0.7960678905323557200, 0.8358862309537684600, 0.8757136832726163400, 0.9162634539474128200, 0.9577596754778293600, 1.000000000000000000 ),
 .UNSPECIFIED. ) ;
#6589 = CARTESIAN_POINT ( 'NONE',  ( -4.435288805839334700, 0.9334200345552884400, -2.999700000000000300 ) ) ;
#6590 = COLOUR_RGB ( '',1.000000000000000000, 1.000000000000000000, 1.000000000000000000 ) ;
#6591 = DIRECTION ( 'NONE',  ( -0.3055884099676581300, 0.9521637063517167700, 0.0000000000000000000 ) ) ;
#6592 = CARTESIAN_POINT ( 'NONE',  ( 5.393469238281249500, -1.737384444016676400, -2.999700000000000300 ) ) ;
#6593 = CARTESIAN_POINT ( 'NONE',  ( 5.395400747876846200, -1.730689065352587300, -2.999700000000000700 ) ) ;
#6594 = CARTESIAN_POINT ( 'NONE',  ( 5.399479567566423600, -1.716550257869293300, -2.999700000000001100 ) ) ;
#6595 = CARTESIAN_POINT ( 'NONE',  ( 5.406439480003730800, -1.694303082328813700, -2.999700000000000300 ) ) ;
#6596 = CARTESIAN_POINT ( 'NONE',  ( 5.413719475393373100, -1.669537642244195400, -2.999699999999999400 ) ) ;
#6597 = CARTESIAN_POINT ( 'NONE',  ( 5.422127466397490100, -1.642529136708918500, -2.999700000000001100 ) ) ;
#6598 = CARTESIAN_POINT ( 'NONE',  ( 5.431036945994526900, -1.613055941014686100, -2.999699999999999800 ) ) ;
#6599 = CARTESIAN_POINT ( 'NONE',  ( 5.440929141341404000, -1.581264388230686700, -2.999700000000001100 ) ) ;
#6600 = CARTESIAN_POINT ( 'NONE',  ( 2.062372251657340600, 1.782940830328525500, -3.000000000000000000 ) ) ;
#6601 = DIRECTION ( 'NONE',  ( 0.0000000000000000000, 1.000000000000000000, 0.0000000000000000000 ) ) ;
#6602 = VECTOR ( 'NONE', #6601, 1000.000000000000000 ) ;
#6603 = CARTESIAN_POINT ( 'NONE',  ( 1.452087871844951700, -1.970755709134615100, -2.999700000000000300 ) ) ;
#6604 = LINE ( 'NONE', #6603, #6602 ) ;
#6605 = VECTOR ( 'NONE', #6612, 1000.000000000000000 ) ;
#6606 = VECTOR ( 'NONE', #6749, 1000.000000000000000 ) ;
#6607 = CARTESIAN_POINT ( 'NONE',  ( 1.056961920322515800, -1.595386055188300800, -2.999700000000000300 ) ) ;
#6608 = LINE ( 'NONE', #6607, #6606 ) ;
#6609 = DIRECTION ( 'NONE',  ( 1.000000000000000000, 0.0000000000000000000, 1.025739433215323400E-011 ) ) ;
#6610 = DIRECTION ( 'NONE',  ( -1.025739433215323400E-011, 3.210008364355973400E-012, 1.000000000000000000 ) ) ;
#6611 = CARTESIAN_POINT ( 'NONE',  ( 5.427708272304395900, -1.624099206244915100, -2.999700000000000300 ) ) ;
#6612 = DIRECTION ( 'NONE',  ( 0.0000000000000000000, -1.000000000000000000, 0.0000000000000000000 ) ) ;
#6613 = CARTESIAN_POINT ( 'NONE',  ( 5.917011124048476800, -0.6668400691105765800, -2.999700000000000300 ) ) ;
#6614 = CARTESIAN_POINT ( 'NONE',  ( 5.917011124048476800, -1.970755709134615100, -2.999700000000000300 ) ) ;
#6615 =( GEOMETRIC_REPRESENTATION_CONTEXT ( 3 ) GLOBAL_UNCERTAINTY_ASSIGNED_CONTEXT ( ( #6616 ) ) GLOBAL_UNIT_ASSIGNED_CONTEXT ( ( #6657, #6656, #6617 ) ) REPRESENTATION_CONTEXT ( 'NONE', 'WORKASPACE' ) );
#6616 = UNCERTAINTY_MEASURE_WITH_UNIT (LENGTH_MEASURE( 1.000000000000000100E-005 ), #6657, 'distance_accuracy_value', 'NONE');
#6617 =( NAMED_UNIT ( * ) SI_UNIT ( $, .STERADIAN. ) SOLID_ANGLE_UNIT ( ) );
#6618 = UNCERTAINTY_MEASURE_WITH_UNIT (LENGTH_MEASURE( 1.000000000000000100E-005 ), #6098, 'distance_accuracy_value', 'NONE');
#6619 = CARTESIAN_POINT ( 'NONE',  ( 6.134330397385816100, -1.970755709134615100, -2.999700000000000300 ) ) ;
#6620 = COLOUR_RGB ( '',1.000000000000000000, 1.000000000000000000, 1.000000000000000000 ) ;
#6621 = MECHANICAL_DESIGN_GEOMETRIC_PRESENTATION_REPRESENTATION (  '', ( #6623 ), #6756 ) ;
#6622 = PRESENTATION_LAYER_ASSIGNMENT (  '', '', ( #6623 ) ) ;
#6623 = STYLED_ITEM ( 'NONE', ( #6624 ), #1287 ) ;
#6624 = PRESENTATION_STYLE_ASSIGNMENT (( #6625 ) ) ;
#6625 = SURFACE_STYLE_USAGE ( .BOTH. , #6626 ) ;
#6626 = SURFACE_SIDE_STYLE ('',( #6627 ) ) ;
#6627 = SURFACE_STYLE_FILL_AREA ( #6628 ) ;
#6628 = FILL_AREA_STYLE ('',( #6724 ) ) ;
#6629 = PLANE ( 'NONE',  #6587 ) ;
#6630 = CARTESIAN_POINT ( 'NONE',  ( -5.373095556405865600, 1.210008200620993600, -2.999700000000000300 ) ) ;
#6631 = CARTESIAN_POINT ( 'NONE',  ( -5.640422957982763400, 0.8374167760213215800, -2.999700000000000300 ) ) ;
#6632 = FACE_OUTER_BOUND ( 'NONE', #1129, .T. ) ;
#6633 = CARTESIAN_POINT ( 'NONE',  ( -4.435288805839334700, 0.9334200345552884400, -2.999700000000000300 ) ) ;
#6634 = CARTESIAN_POINT ( 'NONE',  ( -4.435821602158146200, 0.9199262886197395700, -2.999700000000001100 ) ) ;
#6635 = CARTESIAN_POINT ( 'NONE',  ( -4.436877809088172400, 0.8931765017576396300, -2.999700000000000300 ) ) ;
#6636 = CARTESIAN_POINT ( 'NONE',  ( -4.441726233747468600, 0.8537213034004999000, -2.999699999999999400 ) ) ;
#6637 = CARTESIAN_POINT ( 'NONE',  ( -4.448320633285300500, 0.8153103457225681100, -2.999700000000001100 ) ) ;
#6638 = CARTESIAN_POINT ( 'NONE',  ( -4.457829817580465800, 0.7780642252617971900, -2.999700000000000300 ) ) ;
#6639 = CARTESIAN_POINT ( 'NONE',  ( -4.469056046516064000, 0.7416721880572000300, -2.999699999999999400 ) ) ;
#6640 = CARTESIAN_POINT ( 'NONE',  ( -4.482986014798402900, 0.7063777700740796500, -2.999700000000000700 ) ) ;
#6641 = CARTESIAN_POINT ( 'NONE',  ( -4.499519827190509200, 0.6723593485327723500, -2.999700000000000700 ) ) ;
#6642 = CARTESIAN_POINT ( 'NONE',  ( -4.517905338097714100, 0.6393701463522369900, -2.999700000000000700 ) ) ;
#6643 = CARTESIAN_POINT ( 'NONE',  ( -4.538485801535176600, 0.6079641817128255100, -2.999700000000001100 ) ) ;
#6644 = CARTESIAN_POINT ( 'NONE',  ( -4.561189693851456900, 0.5785523485285991600, -2.999699999999998500 ) ) ;
#6645 = CARTESIAN_POINT ( 'NONE',  ( -4.585498237673163200, 0.5508654585039233200, -2.999700000000001600 ) ) ;
#6646 = CARTESIAN_POINT ( 'NONE',  ( -4.612237861391784900, 0.5257131760638961100, -2.999700000000000700 ) ) ;
#6647 = CARTESIAN_POINT ( 'NONE',  ( -4.640300287178727800, 0.5020683026564064500, -2.999699999999999800 ) ) ;
#6648 = CARTESIAN_POINT ( 'NONE',  ( -4.670396557199605800, 0.4806139176012055900, -2.999700000000000700 ) ) ;
#6649 = CARTESIAN_POINT ( 'NONE',  ( -4.702590027852652500, 0.4616871438388161500, -2.999700000000000300 ) ) ;
#6650 = CARTESIAN_POINT ( 'NONE',  ( -4.736354475460403900, 0.4441419974224242700, -2.999699999999999400 ) ) ;
#6651 = CARTESIAN_POINT ( 'NONE',  ( -4.772297018921150900, 0.4290414845578952000, -2.999700000000001100 ) ) ;
#6652 = CARTESIAN_POINT ( 'NONE',  ( -4.810323833172307500, 0.4162007231412732700, -2.999700000000000300 ) ) ;
#6653 =( NAMED_UNIT ( * ) SI_UNIT ( $, .STERADIAN. ) SOLID_ANGLE_UNIT ( ) );
#6654 =( NAMED_UNIT ( * ) PLANE_ANGLE_UNIT ( ) SI_UNIT ( $, .RADIAN. ) );
#6655 =( LENGTH_UNIT ( ) NAMED_UNIT ( * ) SI_UNIT ( .MILLI., .METRE. ) );
#6656 =( NAMED_UNIT ( * ) PLANE_ANGLE_UNIT ( ) SI_UNIT ( $, .RADIAN. ) );
#6657 =( LENGTH_UNIT ( ) NAMED_UNIT ( * ) SI_UNIT ( .MILLI., .METRE. ) );
#6658 = MECHANICAL_DESIGN_GEOMETRIC_PRESENTATION_REPRESENTATION (  '', ( #6759 ), #6615 ) ;
#6659 = PRESENTATION_LAYER_ASSIGNMENT (  '', '', ( #6759 ) ) ;
#6660 = LINE ( 'NONE', #6800, #6799 ) ;
#6661 = DIRECTION ( 'NONE',  ( 0.0000000000000000000, 1.000000000000000000, 0.0000000000000000000 ) ) ;
#6662 = VECTOR ( 'NONE', #6661, 1000.000000000000000 ) ;
#6663 = CARTESIAN_POINT ( 'NONE',  ( 4.869927352514022100, -1.970755709134615100, -2.999700000000000300 ) ) ;
#6664 = LINE ( 'NONE', #6663, #6662 ) ;
#6665 = DIRECTION ( 'NONE',  ( -1.000000000000000000, 0.0000000000000000000, 0.0000000000000000000 ) ) ;
#6666 = VECTOR ( 'NONE', #6665, 1000.000000000000000 ) ;
#6667 = CARTESIAN_POINT ( 'NONE',  ( 6.134330397385816100, -0.4297644981971151000, -2.999700000000000300 ) ) ;
#6668 = LINE ( 'NONE', #6667, #6666 ) ;
#6669 = CARTESIAN_POINT ( 'NONE',  ( -0.001852152897756842100, 0.8253777821858724300, -2.999700000000000300 ) ) ;
#6670 = DIRECTION ( 'NONE',  ( 1.000000000000000000, 0.0000000000000000000, 0.0000000000000000000 ) ) ;
#6671 = VECTOR ( 'NONE', #6670, 1000.000000000000000 ) ;
#6672 = CARTESIAN_POINT ( 'NONE',  ( -0.2546710234421906100, 0.4000000000000000800, -2.999700000000000300 ) ) ;
#6673 = LINE ( 'NONE', #6577, #6671 ) ;
#6674 = DIRECTION ( 'NONE',  ( -0.3035516742042333500, -0.9528149773632900200, 0.0000000000000000000 ) ) ;
#6675 = CARTESIAN_POINT ( 'NONE',  ( -5.080764090709188900, 0.3802437024238782800, -2.999700000000000700 ) ) ;
#6676 = CARTESIAN_POINT ( 'NONE',  ( -5.107152123485062300, 0.3808862091297108300, -2.999700000000000700 ) ) ;
#6677 = CARTESIAN_POINT ( 'NONE',  ( -5.158849076387267200, 0.3821449478615022700, -2.999700000000000300 ) ) ;
#6678 = CARTESIAN_POINT ( 'NONE',  ( -5.234136442400379800, 0.3940320099579621700, -2.999700000000001100 ) ) ;
#6679 = CARTESIAN_POINT ( 'NONE',  ( -5.305574790457360000, 0.4123557482182860200, -2.999699999999999800 ) ) ;
#6680 = CARTESIAN_POINT ( 'NONE',  ( -5.361657684324284500, 0.4343592105301985500, -2.999700000000000700 ) ) ;
#6681 = CARTESIAN_POINT ( 'NONE',  ( -5.403883496730265400, 0.4553931158659022500, -2.999699999999999800 ) ) ;
#6682 = CARTESIAN_POINT ( 'NONE',  ( -5.433453914106748600, 0.4726544162582304000, -2.999700000000000300 ) ) ;
#6683 = CARTESIAN_POINT ( 'NONE',  ( -5.461272726262365900, 0.4913144551861780000, -2.999700000000000700 ) ) ;
#6684 = CARTESIAN_POINT ( 'NONE',  ( -5.487046318800077300, 0.5115674819835200900, -2.999699999999999800 ) ) ;
#6685 = CARTESIAN_POINT ( 'NONE',  ( -5.510991979092701800, 0.5334203931770514800, -2.999700000000001100 ) ) ;
#6686 = CARTESIAN_POINT ( 'NONE',  ( -5.533295622610366700, 0.5564273179571173100, -2.999699999999999400 ) ) ;
#6687 = CARTESIAN_POINT ( 'NONE',  ( -5.553408156287871700, 0.5813090196215614500, -2.999700000000000300 ) ) ;
#6688 = CARTESIAN_POINT ( 'NONE',  ( -5.577350304278541100, 0.6159268323357461900, -2.999700000000000700 ) ) ;
#6689 = CARTESIAN_POINT ( 'NONE',  ( -5.602677809809987900, 0.6612467261872975200, -2.999700000000000300 ) ) ;
#6690 = DIRECTION ( 'NONE',  ( 0.0000000000000000000, -1.000000000000000000, 0.0000000000000000000 ) ) ;
#6691 = VECTOR ( 'NONE', #6690, 1000.000000000000000 ) ;
#6692 = CARTESIAN_POINT ( 'NONE',  ( 0.8396426469851807600, 1.763184532752403800, -3.000000000000000000 ) ) ;
#6693 = LINE ( 'NONE', #6692, #6691 ) ;
#6694 = SURFACE_STYLE_USAGE ( .BOTH. , #6695 ) ;
#6695 = SURFACE_SIDE_STYLE ('',( #6765 ) ) ;
#6696 = AXIS2_PLACEMENT_3D ( 'NONE', #6611, #6610, #6609 ) ;
#6697 = DIRECTION ( 'NONE',  ( -1.000000000000000000, 0.0000000000000000000, 0.0000000000000000000 ) ) ;
#6698 = DIRECTION ( 'NONE',  ( -0.0000000000000000000, 0.0000000000000000000, -1.000000000000000000 ) ) ;
#6699 = CARTESIAN_POINT ( 'NONE',  ( 0.0000000000000000000, -5.510728592200698600E-016, -3.000000000000000000 ) ) ;
#6700 =( NAMED_UNIT ( * ) SI_UNIT ( $, .STERADIAN. ) SOLID_ANGLE_UNIT ( ) );
#6701 = CARTESIAN_POINT ( 'NONE',  ( 0.2794868772526711300, 0.8747915278279365700, -2.999699999999999400 ) ) ;
#6702 = CARTESIAN_POINT ( 'NONE',  ( 0.2625750360699407000, 0.8489823983333488800, -2.999700000000000700 ) ) ;
#6703 = CARTESIAN_POINT ( 'NONE',  ( 0.2450023690520488600, 0.8209511690670867600, -2.999700000000000700 ) ) ;
#6704 = CARTESIAN_POINT ( 'NONE',  ( 0.2260557479257427300, 0.7912067331721494000, -2.999699999999999800 ) ) ;
#6705 = CARTESIAN_POINT ( 'NONE',  ( 0.2067316719798083000, 0.7588989784836219800, -2.999700000000001100 ) ) ;
#6706 = CARTESIAN_POINT ( 'NONE',  ( 0.1933536482877261700, 0.7367772259172000700, -2.999700000000000700 ) ) ;
#6707 = CARTESIAN_POINT ( 'NONE',  ( 0.1864500583746539800, 0.7253615257067558300, -2.999700000000000300 ) ) ;
#6708 = CARTESIAN_POINT ( 'NONE',  ( -0.07345586008397325700, 1.746588010064130400, -2.999700000000001100 ) ) ;
#6709 = CARTESIAN_POINT ( 'NONE',  ( -0.05260503074577790200, 1.779807557543235100, -2.999700000000000300 ) ) ;
#6710 = CARTESIAN_POINT ( 'NONE',  ( 0.3803087283403489600, 1.763184532752403800, -3.000000000000000000 ) ) ;
#6711 = LINE ( 'NONE', #6710, #6763 ) ;
#6712 = DIRECTION ( 'NONE',  ( 0.0000000000000000000, 1.000000000000000000, 0.0000000000000000000 ) ) ;
#6713 = VECTOR ( 'NONE', #6712, 1000.000000000000000 ) ;
#6714 = CARTESIAN_POINT ( 'NONE',  ( 2.123801989433092600, -1.595386055188300800, -2.999700000000000300 ) ) ;
#6715 = LINE ( 'NONE', #6714, #6713 ) ;
#6716 = FACE_OUTER_BOUND ( 'NONE', #1240, .T. ) ;
#6717 = PLANE ( 'NONE',  #6696 ) ;
#6718 = AXIS2_PLACEMENT_3D ( 'NONE', #6699, #6698, #6697 ) ;
#6719 = CARTESIAN_POINT ( 'NONE',  ( -0.8396426469851755400, -1.210755636753179800, -2.999700000000000300 ) ) ;
#6720 = CARTESIAN_POINT ( 'NONE',  ( 0.8396426469851807600, 1.763184532752403800, -3.000000000000000000 ) ) ;
#6721 = CARTESIAN_POINT ( 'NONE',  ( 5.451801688684224000, -1.547053284167372100, -2.999699999999999800 ) ) ;
#6722 = CARTESIAN_POINT ( 'NONE',  ( 5.459133729970861100, -1.523362893470478400, -2.999700000000000300 ) ) ;
#6723 = CARTESIAN_POINT ( 'NONE',  ( 5.462924971947303200, -1.511113098340156400, -2.999700000000000300 ) ) ;
#6724 = FILL_AREA_STYLE_COLOUR ( '', #6590 ) ;
#6725 = VECTOR ( 'NONE', #6591, 1000.000000000000200 ) ;
#6726 = CARTESIAN_POINT ( 'NONE',  ( 5.317839661622658200, -1.492591569362542200, -2.999700000000000300 ) ) ;
#6727 = CARTESIAN_POINT ( 'NONE',  ( 5.393469238281249500, -1.737384444016676400, -2.999700000000000300 ) ) ;
#6728 = B_SPLINE_CURVE_WITH_KNOTS ( 'NONE', 3,
 ( #6723, #6722, #6721, #6599, #6598, #6597, #6596, #6595, #6594, #6593, #6592 ),
 .UNSPECIFIED., .F., .F.,
 ( 4, 1, 1, 1, 1, 1, 1, 1, 4 ),
 ( 0.0000000000000000000, 0.1625255217041875500, 0.3143148980392370700, 0.4549784905465749700, 0.5845192373661989300, 0.7045671033090734600, 0.8134949897289290900, 0.9116812596826063800, 1.000000000000000000 ),
 .UNSPECIFIED. ) ;
#6729 = LINE ( 'NONE', #6726, #6725 ) ;
#6730 = CARTESIAN_POINT ( 'NONE',  ( -5.038164574060676400, 1.782940830328525500, -2.999700000000000300 ) ) ;
#6731 = CARTESIAN_POINT ( 'NONE',  ( 0.3259789100060115900, -1.338554186698717600, -2.999700000000000300 ) ) ;
#6732 = CARTESIAN_POINT ( 'NONE',  ( 6.134330397385816100, -0.4297644981971151000, -2.999700000000000300 ) ) ;
#6733 = DIRECTION ( 'NONE',  ( 0.0000000000000000000, 1.000000000000000000, 0.0000000000000000000 ) ) ;
#6734 = VECTOR ( 'NONE', #6733, 1000.000000000000000 ) ;
#6735 = CARTESIAN_POINT ( 'NONE',  ( 5.462924971947303200, -1.511113098340156400, -2.999700000000000300 ) ) ;
#6736 = CARTESIAN_POINT ( 'NONE',  ( 0.8989115397135435400, -1.516360864883813800, -2.999700000000000300 ) ) ;
#6737 = LINE ( 'NONE', #6736, #6734 ) ;
#6738 = CARTESIAN_POINT ( 'NONE',  ( 0.3259789100060115900, -1.516360864883813800, -2.999700000000000300 ) ) ;
#6739 = DIRECTION ( 'NONE',  ( -1.000000000000000000, 0.0000000000000000000, 0.0000000000000000000 ) ) ;
#6740 = VECTOR ( 'NONE', #6739, 1000.000000000000000 ) ;
#6741 = LINE ( 'NONE', #6748, #6740 ) ;
#6742 = CARTESIAN_POINT ( 'NONE',  ( -4.767132866688254600, 1.416831940871018600, -2.999700000000000300 ) ) ;
#6743 = CARTESIAN_POINT ( 'NONE',  ( 1.254524896083733600, -1.970755709134615100, -2.999700000000000300 ) ) ;
#6744 = DIRECTION ( 'NONE',  ( 0.0000000000000000000, -1.000000000000000000, 0.0000000000000000000 ) ) ;
#6745 = VECTOR ( 'NONE', #6744, 1000.000000000000000 ) ;
#6746 = CARTESIAN_POINT ( 'NONE',  ( 1.254524896083733600, -1.595386055188300800, -2.999700000000000300 ) ) ;
#6747 = LINE ( 'NONE', #6746, #6745 ) ;
#6748 = CARTESIAN_POINT ( 'NONE',  ( 0.8396426469851807600, 1.269277093349358900, -3.000000000000000000 ) ) ;
#6749 = DIRECTION ( 'NONE',  ( 1.000000000000000000, 0.0000000000000000000, 0.0000000000000000000 ) ) ;
#6750 = DIRECTION ( 'NONE',  ( 0.0000000000000000000, 1.000000000000000000, 1.502668171588419400E-013 ) ) ;
#6751 = DIRECTION ( 'NONE',  ( -1.240070316946871800E-015, 1.502668171588419400E-013, -1.000000000000000000 ) ) ;
#6752 = CARTESIAN_POINT ( 'NONE',  ( -4.629464049639859800, 0.5113714700806606400, -2.999700000000000300 ) ) ;
#6753 = LINE ( 'NONE', #6576, #6575 ) ;
#6754 = B_SPLINE_CURVE_WITH_KNOTS ( 'NONE', 3,
 ( #6574, #6573, #6572, #6571, #6689, #6688, #6687, #6686, #6685, #6684, #6683, #6682, #6681, #6680, #6679, #6678, #6677, #6676, #6675 ),
 .UNSPECIFIED., .F., .F.,
 ( 4, 1, 1, 1, 1, 1, 1, 1, 1, 1, 1, 1, 1, 1, 1, 1, 4 ),
 ( 0.0000000000000000000, 0.07481596665055564900, 0.1485345605139198900, 0.2238723272963845700, 0.3012971209351243400, 0.3408936290197575000, 0.3803400620654399100, 0.4201265887284643100, 0.4599499070829664600, 0.5008311555562168200, 0.5419071755971081000, 0.5844387941530513300, 0.6280801713306065600, 0.7172666799070598300, 0.8078600064218670600, 0.9019246558363442900, 0.9999999999999998900 ),
 .UNSPECIFIED. ) ;
#6755 = CARTESIAN_POINT ( 'NONE',  ( 4.976734836284930600, -0.4297644981971151000, -2.999700000000000300 ) ) ;
#6756 =( GEOMETRIC_REPRESENTATION_CONTEXT ( 3 ) GLOBAL_UNCERTAINTY_ASSIGNED_CONTEXT ( ( #6757 ) ) GLOBAL_UNIT_ASSIGNED_CONTEXT ( ( #6655, #6654, #6653 ) ) REPRESENTATION_CONTEXT ( 'NONE', 'WORKASPACE' ) );
#6757 = UNCERTAINTY_MEASURE_WITH_UNIT (LENGTH_MEASURE( 1.000000000000000100E-005 ), #6655, 'distance_accuracy_value', 'NONE');
#6758 =( NAMED_UNIT ( * ) PLANE_ANGLE_UNIT ( ) SI_UNIT ( $, .RADIAN. ) );
#6759 = STYLED_ITEM ( 'NONE', ( #6760 ), #1252 ) ;
#6760 = PRESENTATION_STYLE_ASSIGNMENT (( #6694 ) ) ;
#6761 = LINE ( 'NONE', #6613, #6605 ) ;
#6762 = DIRECTION ( 'NONE',  ( 1.000000000000000000, 0.0000000000000000000, 0.0000000000000000000 ) ) ;
#6763 = VECTOR ( 'NONE', #6762, 1000.000000000000000 ) ;
#6764 = FILL_AREA_STYLE_COLOUR ( '', #6620 ) ;
#6765 = SURFACE_STYLE_FILL_AREA ( #6802 ) ;
#6766 = CARTESIAN_POINT ( 'NONE',  ( -4.415532508263218000, -1.259528996394230400, -2.999700000000000300 ) ) ;
#6767 = LINE ( 'NONE', #6766, #5769 ) ;
#6768 = CARTESIAN_POINT ( 'NONE',  ( -0.1277635534369366800, 1.546026963634964400, -2.999700000000000300 ) ) ;
#6769 = CARTESIAN_POINT ( 'NONE',  ( -0.1264777464962690300, 1.586501088031106100, -2.999699999999999800 ) ) ;
#6770 = CARTESIAN_POINT ( 'NONE',  ( -0.1144611800670357500, 1.645727109070948700, -2.999700000000000700 ) ) ;
#6771 = DIRECTION ( 'NONE',  ( 1.000000000000000000, 0.0000000000000000000, 0.0000000000000000000 ) ) ;
#6772 = VECTOR ( 'NONE', #6771, 1000.000000000000000 ) ;
#6773 = CARTESIAN_POINT ( 'NONE',  ( -5.324322196764820000, -1.970755709134615100, -2.999700000000000300 ) ) ;
#6774 = LINE ( 'NONE', #6773, #6772 ) ;
#6775 = FACE_OUTER_BOUND ( 'NONE', #1371, .T. ) ;
#6776 = DIRECTION ( 'NONE',  ( 1.000000000000000000, 0.0000000000000000000, 0.0000000000000000000 ) ) ;
#6777 = VECTOR ( 'NONE', #6776, 1000.000000000000000 ) ;
#6778 = CARTESIAN_POINT ( 'NONE',  ( -5.225540708884210500, -1.259528996394230400, -2.999700000000000300 ) ) ;
#6779 = LINE ( 'NONE', #6778, #6777 ) ;
#6780 = CARTESIAN_POINT ( 'NONE',  ( -4.198213234925877800, -1.970755709134615100, -2.999700000000000300 ) ) ;
#6781 = CARTESIAN_POINT ( 'NONE',  ( -0.09582454883223282000, 1.702346568346970300, -2.999700000000000300 ) ) ;
#6782 = DIRECTION ( 'NONE',  ( 0.5082337148199541600, 0.8612191887785067800, 0.0000000000000000000 ) ) ;
#6783 = VECTOR ( 'NONE', #6782, 1000.000000000000200 ) ;
#6784 = CARTESIAN_POINT ( 'NONE',  ( -0.005556458693279850400, 0.4000000000000000800, -2.999700000000000300 ) ) ;
#6785 = LINE ( 'NONE', #6784, #6783 ) ;
#6786 = CARTESIAN_POINT ( 'NONE',  ( 0.5099594311836482800, 1.084370495722844200, -2.999700000000000300 ) ) ;
#6787 = CARTESIAN_POINT ( 'NONE',  ( 0.4950303587299440000, 1.079646139421703400, -2.999700000000000300 ) ) ;
#6788 = CARTESIAN_POINT ( 'NONE',  ( 0.4642456368488365700, 1.069904208350708400, -2.999700000000000700 ) ) ;
#6789 = CARTESIAN_POINT ( 'NONE',  ( 0.4280291212771139000, 1.048701784969255300, -2.999700000000000700 ) ) ;
#6790 = CARTESIAN_POINT ( 'NONE',  ( 0.3987904518292646500, 1.026033443221932900, -2.999699999999999800 ) ) ;
#6791 = CARTESIAN_POINT ( 'NONE',  ( 0.3750484856993906400, 1.002916785668015500, -2.999700000000000700 ) ) ;
#6792 = CARTESIAN_POINT ( 'NONE',  ( 0.3501172101951122200, 0.9739226256573078100, -2.999700000000000300 ) ) ;
#6793 = CARTESIAN_POINT ( 'NONE',  ( 0.3287523932302829400, 0.9457677939860981200, -2.999700000000001100 ) ) ;
#6794 = CARTESIAN_POINT ( 'NONE',  ( 0.3103951201131665600, 0.9203230623493532400, -2.999699999999999800 ) ) ;
#6795 = CARTESIAN_POINT ( 'NONE',  ( 0.2955744846334105700, 0.8984682134384307500, -2.999700000000000300 ) ) ;
#6796 = B_SPLINE_CURVE_WITH_KNOTS ( 'NONE', 3,
 ( #6707, #6706, #6705, #6704, #6703, #6702, #6701, #6795, #6794, #6793, #6792, #6791, #6790, #6789, #6788, #6787, #6786 ),
 .UNSPECIFIED., .F., .F.,
 ( 4, 1, 1, 1, 1, 1, 1, 1, 1, 1, 1, 1, 1, 1, 4 ),
 ( 0.0000000000000000000, 0.08078147058612263100, 0.1565412257955896000, 0.2279349868434858700, 0.2943103173046012800, 0.3568678635548110900, 0.4147585592592751800, 0.4676413968340160100, 0.5167484215300128800, 0.6047297418940531500, 0.6815706529393893400, 0.7481095416219826200, 0.8049410995352803700, 0.9054060495000021400, 1.000000000000000000 ),
 .UNSPECIFIED. ) ;
#6797 = COLOUR_RGB ( '',1.000000000000000000, 1.000000000000000000, 1.000000000000000000 ) ;
#6798 = DIRECTION ( 'NONE',  ( 0.0000000000000000000, 1.000000000000000000, 0.0000000000000000000 ) ) ;
#6799 = VECTOR ( 'NONE', #6798, 1000.000000000000000 ) ;
#6800 = CARTESIAN_POINT ( 'NONE',  ( 1.452087871844951700, -1.397823079427082900, -3.000000000000000000 ) ) ;
#6801 = PLANE ( 'NONE',  #6718 ) ;
#6802 = FILL_AREA_STYLE ('',( #6764 ) ) ;
#6803 = CARTESIAN_POINT ( 'NONE',  ( -1.038968826131488400, -1.571868967308293700, -2.999699999999999800 ) ) ;
#6804 = CARTESIAN_POINT ( 'NONE',  ( -1.042440345527603900, -1.603362052119499100, -2.999700000000000300 ) ) ;
#6805 = CARTESIAN_POINT ( 'NONE',  ( -1.052595303348925900, -1.648922342160634700, -2.999699999999999800 ) ) ;
#6806 = CARTESIAN_POINT ( 'NONE',  ( -1.065415872688138900, -1.692311298568012700, -2.999700000000000700 ) ) ;
#6807 = CARTESIAN_POINT ( 'NONE',  ( -1.082173920755841600, -1.733103208851397600, -2.999699999999999800 ) ) ;
#6808 = CARTESIAN_POINT ( 'NONE',  ( -1.102280671255454500, -1.771576493373599600, -2.999699999999999800 ) ) ;
#6809 = CARTESIAN_POINT ( 'NONE',  ( -1.125917646541145300, -1.807694255185556600, -2.999700000000001100 ) ) ;
#6810 = CARTESIAN_POINT ( 'NONE',  ( -1.153073438261400100, -1.841240373608192400, -2.999699999999999400 ) ) ;
#6811 = CARTESIAN_POINT ( 'NONE',  ( -1.183380554567860000, -1.872236723158555500, -2.999699999999999800 ) ) ;
#6812 = CARTESIAN_POINT ( 'NONE',  ( -1.216643765743094400, -1.900026557993427500, -2.999700000000001600 ) ) ;
#6813 = CARTESIAN_POINT ( 'NONE',  ( -1.252691240132586700, -1.924052981590104400, -2.999699999999999800 ) ) ;
#6814 = CARTESIAN_POINT ( 'NONE',  ( -1.290730053434019100, -1.945056243630675500, -2.999699999999999400 ) ) ;
#6815 = CARTESIAN_POINT ( 'NONE',  ( -1.331420328263328300, -1.961589781237982300, -2.999700000000001100 ) ) ;
#6816 = CARTESIAN_POINT ( 'NONE',  ( -1.374289093161775500, -1.974674318715233100, -2.999700000000000700 ) ) ;
#6817 = CARTESIAN_POINT ( 'NONE',  ( -1.419465500214538700, -1.983796852509376800, -2.999699999999999800 ) ) ;
#6818 =( NAMED_UNIT ( * ) SI_UNIT ( $, .STERADIAN. ) SOLID_ANGLE_UNIT ( ) );
#6819 =( NAMED_UNIT ( * ) PLANE_ANGLE_UNIT ( ) SI_UNIT ( $, .RADIAN. ) );
#6820 = CARTESIAN_POINT ( 'NONE',  ( -1.466963702450987000, -1.989517574133118800, -2.999700000000000700 ) ) ;
#6821 = CARTESIAN_POINT ( 'NONE',  ( -1.499403887141191900, -1.990175617991452000, -2.999700000000000300 ) ) ;
#6822 = CARTESIAN_POINT ( 'NONE',  ( -1.515987146817717500, -1.990512006710736900, -2.999700000000000300 ) ) ;
#6823 = PRESENTATION_STYLE_ASSIGNMENT (( #6876 ) ) ;
#6824 = B_SPLINE_CURVE_WITH_KNOTS ( 'NONE', 3,
 ( #6822, #6821, #6820, #6817, #6816, #6815, #6814, #6813, #6812, #6811, #6810, #6809, #6808, #6807, #6806, #6805, #6804, #6803, #5659 ),
 .UNSPECIFIED., .F., .F.,
 ( 4, 1, 1, 1, 1, 1, 1, 1, 1, 1, 1, 1, 1, 1, 1, 1, 4 ),
 ( 0.0000000000000000000, 0.06929802345975311100, 0.1355608441012822200, 0.1996709556470569700, 0.2617162384956091500, 0.3226619299471027400, 0.3829069237782246600, 0.4430320330728905200, 0.5035007873501631300, 0.5637242810171080300, 0.6239800220534740300, 0.6836293869955235600, 0.7438482724857307100, 0.8051918462295102300, 0.8676487429597674600, 0.9327780842312611800, 1.000000000000000000 ),
 .UNSPECIFIED. ) ;
#6825 = MECHANICAL_DESIGN_GEOMETRIC_PRESENTATION_REPRESENTATION (  '', ( #6833 ), #7257 ) ;
#6826 = PRESENTATION_LAYER_ASSIGNMENT (  '', '', ( #6833 ) ) ;
#6827 = CARTESIAN_POINT ( 'NONE',  ( -0.1284159342447872300, 1.525491577539688400, -2.999700000000000700 ) ) ;
#6828 = DIRECTION ( 'NONE',  ( 0.0000000000000000000, 1.000000000000000000, 0.0000000000000000000 ) ) ;
#6829 = VECTOR ( 'NONE', #6828, 1000.000000000000000 ) ;
#6830 = CARTESIAN_POINT ( 'NONE',  ( -3.368448736728765400, -1.516360864883813800, -2.999700000000000300 ) ) ;
#6831 = LINE ( 'NONE', #6830, #6829 ) ;
#6832 =( LENGTH_UNIT ( ) NAMED_UNIT ( * ) SI_UNIT ( .MILLI., .METRE. ) );
#6833 = STYLED_ITEM ( 'NONE', ( #6823 ), #1381 ) ;
#6834 = DIRECTION ( 'NONE',  ( -1.000000000000000000, 0.0000000000000000000, 0.0000000000000000000 ) ) ;
#6835 = VECTOR ( 'NONE', #6834, 1000.000000000000000 ) ;
#6836 = CARTESIAN_POINT ( 'NONE',  ( -3.368448736728765400, -1.338554186698717600, -2.999700000000000300 ) ) ;
#6837 = SURFACE_STYLE_FILL_AREA ( #6882 ) ;
#6838 = FILL_AREA_STYLE_COLOUR ( '', #6941 ) ;
#6839 = CARTESIAN_POINT ( 'NONE',  ( -2.716490916716746400, -1.812705328525640700, -3.000000000000000000 ) ) ;
#6840 = CARTESIAN_POINT ( 'NONE',  ( -2.706284110132710200, -1.812324087679682000, -3.000000000000000000 ) ) ;
#6841 = CARTESIAN_POINT ( 'NONE',  ( -2.686044215813132100, -1.811568094669627300, -2.999999999999999600 ) ) ;
#6842 = CARTESIAN_POINT ( 'NONE',  ( -2.656325355481269600, -1.806306494004240400, -3.000000000000000400 ) ) ;
#6843 = CARTESIAN_POINT ( 'NONE',  ( -2.627835695754376500, -1.797163590363283700, -3.000000000000000400 ) ) ;
#6844 = CARTESIAN_POINT ( 'NONE',  ( -2.600569037525847900, -1.784549247714778000, -3.000000000000000400 ) ) ;
#6845 = CARTESIAN_POINT ( 'NONE',  ( -2.574823537171009300, -1.767888606851431500, -3.000000000000000400 ) ) ;
#6846 = CARTESIAN_POINT ( 'NONE',  ( -2.550199734724989800, -1.747906933163024400, -3.000000000000000000 ) ) ;
#6847 = CARTESIAN_POINT ( 'NONE',  ( -2.526858297522906100, -1.724398448489290900, -3.000000000000000400 ) ) ;
#6848 = CARTESIAN_POINT ( 'NONE',  ( -2.504250082232604600, -1.697064029090091600, -3.000000000000000400 ) ) ;
#6849 = CARTESIAN_POINT ( 'NONE',  ( -2.483601227463503800, -1.663530866349619800, -2.999999999999999600 ) ) ;
#6850 = CARTESIAN_POINT ( 'NONE',  ( -2.466915028705873000, -1.621980199166363200, -3.000000000000000400 ) ) ;
#6851 = CARTESIAN_POINT ( 'NONE',  ( -2.452112297581396000, -1.572927016082160200, -3.000000000000000400 ) ) ;
#6852 = CARTESIAN_POINT ( 'NONE',  ( -2.440323100627168600, -1.515782567694524700, -2.999999999999999600 ) ) ;
#6853 = CARTESIAN_POINT ( 'NONE',  ( -2.431394629440121900, -1.450692475650012800, -2.999999999999999100 ) ) ;
#6854 = CARTESIAN_POINT ( 'NONE',  ( -2.424641202756897800, -1.377568692727616100, -3.000000000000000000 ) ) ;
#6855 = CARTESIAN_POINT ( 'NONE',  ( -2.776717521888463200, -1.806397668684206000, -3.000000000000000000 ) ) ;
#6856 = CARTESIAN_POINT ( 'NONE',  ( -2.746929993417520900, -1.811543245947538200, -3.000000000000000400 ) ) ;
#6857 = CARTESIAN_POINT ( 'NONE',  ( -2.726695167399439500, -1.812315757512777100, -3.000000000000000000 ) ) ;
#6858 = CARTESIAN_POINT ( 'NONE',  ( -2.716490916716746400, -1.812705328525640700, -3.000000000000000000 ) ) ;
#6859 = B_SPLINE_CURVE_WITH_KNOTS ( 'NONE', 3,
 ( #6858, #6857, #6856, #6855, #6935, #6934, #6933, #6932, #6931, #6930, #6929, #6928, #6927, #6926, #6925, #6924, #6923, #6922, #6921 ),
 .UNSPECIFIED., .F., .F.,
 ( 4, 1, 1, 1, 1, 1, 1, 1, 1, 1, 1, 1, 1, 1, 1, 1, 4 ),
 ( 0.0000000000000000000, 0.04078184587225983100, 0.08086958872158700500, 0.1202681657882673200, 0.1601868504553522500, 0.2004597376386393600, 0.2422651778979083300, 0.2864592615494686600, 0.3329520837492633300, 0.3844305340495302000, 0.4433891253601058300, 0.5116814722136835400, 0.5890200255490083400, 0.6762451906507722700, 0.7737051914728237900, 0.8815677677819827600, 0.9999999999999998900 ),
 .UNSPECIFIED. ) ;
#6860 = CARTESIAN_POINT ( 'NONE',  ( -2.420718119306822100, -1.296512463582687500, -3.000000000000000900 ) ) ;
#6861 = CARTESIAN_POINT ( 'NONE',  ( -2.420342617399613000, -1.239777118371554200, -3.000000000000000000 ) ) ;
#6862 = CARTESIAN_POINT ( 'NONE',  ( -2.420146453074919700, -1.210138252453926100, -3.000000000000001300 ) ) ;
#6863 = PLANE ( 'NONE',  #6937 ) ;
#6864 = B_SPLINE_CURVE_WITH_KNOTS ( 'NONE', 3,
 ( #6862, #6861, #6860, #6854, #6853, #6852, #6851, #6850, #6849, #6848, #6847, #6846, #6845, #6844, #6843, #6842, #6841, #6840, #6839 ),
 .UNSPECIFIED., .F., .F.,
 ( 4, 1, 1, 1, 1, 1, 1, 1, 1, 1, 1, 1, 1, 1, 1, 1, 4 ),
 ( 0.0000000000000000000, 0.1184055081537696700, 0.2266543328167021400, 0.3240923419286021500, 0.4117048030053223100, 0.4890259050064159100, 0.5569093973430762100, 0.6162333444927072800, 0.6673492812770753800, 0.7135123932013478500, 0.7576965045209784800, 0.7994925114422915000, 0.8399760647439399300, 0.8798857418167767000, 0.9191486593857421900, 0.9592273564930835500, 1.000000000000000000 ),
 .UNSPECIFIED. ) ;
#6865 = CARTESIAN_POINT ( 'NONE',  ( -0.04939074394030385000, -1.210138252453925900, -2.999999999999999100 ) ) ;
#6866 = CARTESIAN_POINT ( 'NONE',  ( -0.04972830195235283800, -1.181117958360833800, -3.000000000000000400 ) ) ;
#6867 = CARTESIAN_POINT ( 'NONE',  ( -0.05037622815376568300, -1.125414914011547900, -3.000000000000000000 ) ) ;
#6868 = CARTESIAN_POINT ( 'NONE',  ( -0.05412005150564319600, -1.045365523100130600, -3.000000000000000400 ) ) ;
#6869 = CARTESIAN_POINT ( 'NONE',  ( -0.06132715759585008500, -0.9724678693150080600, -3.000000000000000000 ) ) ;
#6870 = CARTESIAN_POINT ( 'NONE',  ( -0.07045630146956009800, -0.9066201788101464500, -2.999999999999999100 ) ) ;
#6871 = CARTESIAN_POINT ( 'NONE',  ( -0.08307555393207913300, -0.8478989212298898600, -3.000000000000001300 ) ) ;
#6872 = CARTESIAN_POINT ( 'NONE',  ( -0.09840261450037063300, -0.7964048271502343100, -3.000000000000000000 ) ) ;
#6873 = CARTESIAN_POINT ( 'NONE',  ( -0.1157534708259542700, -0.7513456225332026900, -3.000000000000000400 ) ) ;
#6874 = CARTESIAN_POINT ( 'NONE',  ( -0.1312599569389724400, -0.7254203426354091100, -3.000000000000000000 ) ) ;
#6875 = CARTESIAN_POINT ( 'NONE',  ( -0.1386027751824787900, -0.7131438915546121100, -3.000000000000000000 ) ) ;
#6876 = SURFACE_STYLE_USAGE ( .BOTH. , #6877 ) ;
#6877 = SURFACE_SIDE_STYLE ('',( #6837 ) ) ;
#6878 = CARTESIAN_POINT ( 'NONE',  ( -3.941381366436297100, -1.338554186698717600, -2.999700000000000300 ) ) ;
#6879 = DIRECTION ( 'NONE',  ( 1.000000000000000000, 0.0000000000000000000, -0.0000000000000000000 ) ) ;
#6880 = DIRECTION ( 'NONE',  ( 0.0000000000000000000, 0.0000000000000000000, 1.000000000000000000 ) ) ;
#6881 = CARTESIAN_POINT ( 'NONE',  ( -3.368448736728765400, -1.516360864883813800, -2.999700000000000300 ) ) ;
#6882 = FILL_AREA_STYLE ('',( #7006 ) ) ;
#6883 = LINE ( 'NONE', #6836, #6835 ) ;
#6884 = CARTESIAN_POINT ( 'NONE',  ( -1.515987146817717500, -1.990512006710736900, -2.999700000000000300 ) ) ;
#6885 =( GEOMETRIC_REPRESENTATION_CONTEXT ( 3 ) GLOBAL_UNCERTAINTY_ASSIGNED_CONTEXT ( ( #6886 ) ) GLOBAL_UNIT_ASSIGNED_CONTEXT ( ( #6889, #6888, #6887 ) ) REPRESENTATION_CONTEXT ( 'NONE', 'WORKASPACE' ) );
#6886 = UNCERTAINTY_MEASURE_WITH_UNIT (LENGTH_MEASURE( 1.000000000000000100E-005 ), #6889, 'distance_accuracy_value', 'NONE');
#6887 =( NAMED_UNIT ( * ) SI_UNIT ( $, .STERADIAN. ) SOLID_ANGLE_UNIT ( ) );
#6888 =( NAMED_UNIT ( * ) PLANE_ANGLE_UNIT ( ) SI_UNIT ( $, .RADIAN. ) );
#6889 =( LENGTH_UNIT ( ) NAMED_UNIT ( * ) SI_UNIT ( .MILLI., .METRE. ) );
#6890 = MECHANICAL_DESIGN_GEOMETRIC_PRESENTATION_REPRESENTATION (  '', ( #6892 ), #6885 ) ;
#6891 = PRESENTATION_LAYER_ASSIGNMENT (  '', '', ( #6892 ) ) ;
#6892 = STYLED_ITEM ( 'NONE', ( #6893 ), #1368 ) ;
#6893 = PRESENTATION_STYLE_ASSIGNMENT (( #6894 ) ) ;
#6894 = SURFACE_STYLE_USAGE ( .BOTH. , #6895 ) ;
#6895 = SURFACE_SIDE_STYLE ('',( #6896 ) ) ;
#6896 = SURFACE_STYLE_FILL_AREA ( #6997 ) ;
#6897 = CARTESIAN_POINT ( 'NONE',  ( -3.368448736728765400, -1.516360864883813800, -2.999700000000000300 ) ) ;
#6898 = PLANE ( 'NONE',  #6981 ) ;
#6899 = CARTESIAN_POINT ( 'NONE',  ( -2.746450575126831800, -0.6085866743939791800, -2.999999999999999600 ) ) ;
#6900 = CARTESIAN_POINT ( 'NONE',  ( -2.777474529356243500, -0.6142922136868457200, -3.000000000000000400 ) ) ;
#6901 = CARTESIAN_POINT ( 'NONE',  ( -2.807011636744528400, -0.6235790460020407300, -2.999999999999999600 ) ) ;
#6902 = CARTESIAN_POINT ( 'NONE',  ( -2.834771570868192600, -0.6370729266901197200, -3.000000000000000400 ) ) ;
#6903 = CARTESIAN_POINT ( 'NONE',  ( -2.861392184455339400, -0.6537988845616080600, -2.999999999999999600 ) ) ;
#6904 = CARTESIAN_POINT ( 'NONE',  ( -2.886015445063059700, -0.6746486106923860200, -3.000000000000000000 ) ) ;
#6905 = CARTESIAN_POINT ( 'NONE',  ( -2.909077602775259000, -0.6991642189561811900, -3.000000000000000400 ) ) ;
#6906 = CARTESIAN_POINT ( 'NONE',  ( -2.931155213860092700, -0.7274867422059605500, -3.000000000000000400 ) ) ;
#6907 = CARTESIAN_POINT ( 'NONE',  ( -2.950987777080941000, -0.7620149813816959900, -2.999999999999999600 ) ) ;
#6908 = CARTESIAN_POINT ( 'NONE',  ( -2.967667863492699200, -0.8037104929092446800, -3.000000000000000000 ) ) ;
#6909 = CARTESIAN_POINT ( 'NONE',  ( -2.981665340170346600, -0.8529921090229308800, -3.000000000000000400 ) ) ;
#6910 = CARTESIAN_POINT ( 'NONE',  ( -2.993206190114026100, -0.9097547286702663000, -2.999999999999999100 ) ) ;
#6911 = CARTESIAN_POINT ( 'NONE',  ( -3.001890051328395300, -0.9741191917532442400, -2.999999999999999100 ) ) ;
#6912 = CARTESIAN_POINT ( 'NONE',  ( -3.008238640335312700, -1.046015621823255000, -3.000000000000001800 ) ) ;
#6913 = CARTESIAN_POINT ( 'NONE',  ( -3.012289836839117600, -1.125510300722135200, -2.999999999999998700 ) ) ;
#6914 = CARTESIAN_POINT ( 'NONE',  ( -3.012648291675644500, -1.181115944491653200, -2.999999999999999600 ) ) ;
#6915 = CARTESIAN_POINT ( 'NONE',  ( -3.012835380358573500, -1.210138252453925900, -3.000000000000000000 ) ) ;
#6916 = MECHANICAL_DESIGN_GEOMETRIC_PRESENTATION_REPRESENTATION (  '', ( #6918 ), #7039 ) ;
#6917 = PRESENTATION_LAYER_ASSIGNMENT (  '', '', ( #6918 ) ) ;
#6918 = STYLED_ITEM ( 'NONE', ( #6919 ), #1347 ) ;
#6919 = PRESENTATION_STYLE_ASSIGNMENT (( #6936 ) ) ;
#6920 = CARTESIAN_POINT ( 'NONE',  ( 1.452087871844951700, -0.8427945943979113800, -3.000000000000000000 ) ) ;
#6921 = CARTESIAN_POINT ( 'NONE',  ( -3.012835380358573500, -1.210138252453925900, -3.000000000000000000 ) ) ;
#6922 = CARTESIAN_POINT ( 'NONE',  ( -3.012642103273138100, -1.239777252081674300, -3.000000000000000400 ) ) ;
#6923 = CARTESIAN_POINT ( 'NONE',  ( -3.012272798395384300, -1.296410075934487200, -3.000000000000000000 ) ) ;
#6924 = CARTESIAN_POINT ( 'NONE',  ( -3.008323460716160200, -1.377362012192867100, -3.000000000000001300 ) ) ;
#6925 = CARTESIAN_POINT ( 'NONE',  ( -3.001610866010815400, -1.450282982855463100, -2.999999999999999600 ) ) ;
#6926 = CARTESIAN_POINT ( 'NONE',  ( -2.992645563550413000, -1.515270162605835800, -3.000000000000000900 ) ) ;
#6927 = CARTESIAN_POINT ( 'NONE',  ( -2.980791676989160700, -1.572385496142888000, -2.999999999999999100 ) ) ;
#6928 = CARTESIAN_POINT ( 'NONE',  ( -2.966219638177999500, -1.621524585972176500, -3.000000000000000900 ) ) ;
#6929 = CARTESIAN_POINT ( 'NONE',  ( -2.949220426820582800, -1.663041405945972400, -2.999999999999998200 ) ) ;
#6930 = CARTESIAN_POINT ( 'NONE',  ( -2.928728887558832600, -1.696729603655318100, -3.000000000000000400 ) ) ;
#6931 = CARTESIAN_POINT ( 'NONE',  ( -2.906222227797366400, -1.724381735892941000, -3.000000000000000000 ) ) ;
#6932 = CARTESIAN_POINT ( 'NONE',  ( -2.882757832590848500, -1.747876262006775400, -3.000000000000000000 ) ) ;
#6933 = CARTESIAN_POINT ( 'NONE',  ( -2.858254964970267300, -1.767933410990538000, -3.000000000000000400 ) ) ;
#6934 = CARTESIAN_POINT ( 'NONE',  ( -2.832322338600053300, -1.784214305733965200, -3.000000000000000000 ) ) ;
#6935 = CARTESIAN_POINT ( 'NONE',  ( -2.805096334920061700, -1.796784094646720000, -2.999999999999999600 ) ) ;
#6936 = SURFACE_STYLE_USAGE ( .BOTH. , #6942 ) ;
#6937 = AXIS2_PLACEMENT_3D ( 'NONE', #7037, #7036, #7035 ) ;
#6938 = B_SPLINE_CURVE_WITH_KNOTS ( 'NONE', 3,
 ( #6915, #6914, #6913, #6912, #6911, #6910, #6909, #6908, #6907, #6906, #6905, #6904, #6903, #6902, #6901, #6900, #6899, #7045, #7044 ),
 .UNSPECIFIED., .F., .F.,
 ( 4, 1, 1, 1, 1, 1, 1, 1, 1, 1, 1, 1, 1, 1, 1, 1, 4 ),
 ( 0.0000000000000000000, 0.1156291309254414300, 0.2215410391198766900, 0.3170478562190416300, 0.4031508756396164900, 0.4801812167162792800, 0.5476493661481896000, 0.6070358428421808200, 0.6586524080635066700, 0.7057228903536453300, 0.7498040879796468200, 0.7925868153452743100, 0.8338739610102602300, 0.8747683933034328100, 0.9152226988916379900, 0.9568807037304797300, 1.000000000000000000 ),
 .UNSPECIFIED. ) ;
#6939 = FILL_AREA_STYLE ('',( #6838 ) ) ;
#6940 = CARTESIAN_POINT ( 'NONE',  ( -4.494557698567700000, 1.538765339973645200, -2.999700000000000300 ) ) ;
#6941 = COLOUR_RGB ( '',0.7529411764705882200, 0.7529411764705882200, 0.7529411764705882200 ) ;
#6942 = SURFACE_SIDE_STYLE ('',( #6966 ) ) ;
#6943 = CARTESIAN_POINT ( 'NONE',  ( -0.1386027751824787900, -0.7131438915546121100, -3.000000000000000000 ) ) ;
#6944 = CARTESIAN_POINT ( 'NONE',  ( -5.071194634070754300, 0.5580503806089743800, -2.999700000000000300 ) ) ;
#6945 = DIRECTION ( 'NONE',  ( 0.0000000000000000000, -1.000000000000000000, 0.0000000000000000000 ) ) ;
#6946 = VECTOR ( 'NONE', #6945, 1000.000000000000000 ) ;
#6947 = CARTESIAN_POINT ( 'NONE',  ( -5.324322196764820000, -1.792949030949518900, -2.999700000000000300 ) ) ;
#6948 = B_SPLINE_CURVE_WITH_KNOTS ( 'NONE', 3,
 ( #6875, #6874, #6873, #6872, #6871, #6870, #6869, #6868, #6867, #6866, #6865 ),
 .UNSPECIFIED., .F., .F.,
 ( 4, 1, 1, 1, 1, 1, 1, 1, 4 ),
 ( 0.0000000000000000000, 0.08388811327954562300, 0.1771540327539697900, 0.2825136355617227100, 0.3993998606601628600, 0.5294908061912203500, 0.6728021776758329500, 0.8295357616196700200, 1.000000000000000000 ),
 .UNSPECIFIED. ) ;
#6949 = CARTESIAN_POINT ( 'NONE',  ( -2.716490916716746400, -1.812705328525640700, -3.000000000000000000 ) ) ;
#6950 = DIRECTION ( 'NONE',  ( -1.000000000000000000, 0.0000000000000000000, 0.0000000000000000000 ) ) ;
#6951 = VECTOR ( 'NONE', #6950, 1000.000000000000000 ) ;
#6952 = DIRECTION ( 'NONE',  ( -1.000000000000000000, 0.0000000000000000000, 0.0000000000000000000 ) ) ;
#6953 = CARTESIAN_POINT ( 'NONE',  ( -4.415532508263218000, -1.792949030949518900, -2.999700000000000300 ) ) ;
#6954 = CARTESIAN_POINT ( 'NONE',  ( -1.215012300931487000, -0.4495207957732369500, -2.999700000000000300 ) ) ;
#6955 = LINE ( 'NONE', #6954, #6951 ) ;
#6956 = LINE ( 'NONE', #6947, #6946 ) ;
#6957 = FACE_OUTER_BOUND ( 'NONE', #1419, .T. ) ;
#6958 = DIRECTION ( 'NONE',  ( -1.000000000000000000, 0.0000000000000000000, 0.0000000000000000000 ) ) ;
#6959 = VECTOR ( 'NONE', #6958, 1000.000000000000000 ) ;
#6960 = CARTESIAN_POINT ( 'NONE',  ( -4.415532508263218000, -1.792949030949518900, -2.999700000000000300 ) ) ;
#6961 = LINE ( 'NONE', #6960, #6959 ) ;
#6962 = DIRECTION ( 'NONE',  ( -1.000000000000000000, 0.0000000000000000000, 0.0000000000000000000 ) ) ;
#6963 = VECTOR ( 'NONE', #6962, 1000.000000000000000 ) ;
#6964 = CARTESIAN_POINT ( 'NONE',  ( -4.415532508263218000, -1.081722318209134200, -2.999700000000000300 ) ) ;
#6965 = LINE ( 'NONE', #6964, #6963 ) ;
#6966 = SURFACE_STYLE_FILL_AREA ( #6939 ) ;
#6967 = CARTESIAN_POINT ( 'NONE',  ( -1.254524896083730500, -1.259528996394230400, -2.999700000000000300 ) ) ;
#6968 = CARTESIAN_POINT ( 'NONE',  ( -5.225540708884210500, -1.259528996394230400, -2.999700000000000300 ) ) ;
#6969 = CARTESIAN_POINT ( 'NONE',  ( -4.688956110439168200, 0.7755278300020198600, -2.999700000000000300 ) ) ;
#6970 = CARTESIAN_POINT ( 'NONE',  ( -4.672430383864107900, 0.8232954740024940300, -2.999700000000001600 ) ) ;
#6971 = CARTESIAN_POINT ( 'NONE',  ( -4.659590525194748700, 0.8764236070188470300, -2.999699999999999400 ) ) ;
#6972 = CARTESIAN_POINT ( 'NONE',  ( -4.654998465105845400, 0.9139077521769563000, -2.999700000000000300 ) ) ;
#6973 = CARTESIAN_POINT ( 'NONE',  ( -4.652608079176674000, 0.9334200345552884400, -2.999700000000000300 ) ) ;
#6974 = VECTOR ( 'NONE', #7016, 1000.000000000000000 ) ;
#6975 = LINE ( 'NONE', #6980, #6974 ) ;
#6976 = COLOUR_RGB ( '',1.000000000000000000, 1.000000000000000000, 1.000000000000000000 ) ;
#6977 = CARTESIAN_POINT ( 'NONE',  ( -3.368448736728765400, -1.338554186698717600, -2.999700000000000300 ) ) ;
#6978 = B_SPLINE_CURVE_WITH_KNOTS ( 'NONE', 3,
 ( #6973, #6972, #6971, #6970, #6969, #7026, #7025, #7024, #7023, #7022, #7021, #7020, #7019, #7018, #7017 ),
 .UNSPECIFIED., .F., .F.,
 ( 4, 1, 1, 1, 1, 1, 1, 1, 1, 1, 1, 1, 4 ),
 ( 0.0000000000000000000, 0.09379647069693199100, 0.1801880710186106700, 0.2603631916661887600, 0.3348466760639740000, 0.4070930058327160700, 0.4814483792884678400, 0.5592709137563648400, 0.6422698113109345200, 0.7285859445716476000, 0.8159775452756132800, 0.9060351298875351000, 1.000000000000000000 ),
 .UNSPECIFIED. ) ;
#6979 = FILL_AREA_STYLE_COLOUR ( '', #6976 ) ;
#6980 = CARTESIAN_POINT ( 'NONE',  ( -4.435288805839334700, 0.9334200345552884400, -2.999700000000000300 ) ) ;
#6981 = AXIS2_PLACEMENT_3D ( 'NONE', #6881, #6880, #6879 ) ;
#6982 = CARTESIAN_POINT ( 'NONE',  ( 1.452087871844951700, -0.8427945943979113800, -3.000000000000000000 ) ) ;
#6983 = CARTESIAN_POINT ( 'NONE',  ( -6.035548909505203100, -1.812705328525640700, -3.000000000000000000 ) ) ;
#6984 = CARTESIAN_POINT ( 'NONE',  ( -6.025342102921165100, -1.812324087679682000, -2.999999999999999600 ) ) ;
#6985 = CARTESIAN_POINT ( 'NONE',  ( -6.005102208601590200, -1.811568094669628200, -3.000000000000000400 ) ) ;
#6986 = CARTESIAN_POINT ( 'NONE',  ( -5.975383348269726700, -1.806306494004239700, -3.000000000000000000 ) ) ;
#6987 = CARTESIAN_POINT ( 'NONE',  ( -5.946893688542832700, -1.797163590363283400, -2.999999999999999600 ) ) ;
#6988 = CARTESIAN_POINT ( 'NONE',  ( -5.919627030314306800, -1.784549247714778600, -3.000000000000000900 ) ) ;
#6989 = CARTESIAN_POINT ( 'NONE',  ( -5.893881529959465100, -1.767888606851431000, -2.999999999999999600 ) ) ;
#6990 = CARTESIAN_POINT ( 'NONE',  ( -5.869257727513449700, -1.747906933163025300, -3.000000000000000000 ) ) ;
#6991 = CARTESIAN_POINT ( 'NONE',  ( -5.845916290311364200, -1.724398448489290200, -3.000000000000000900 ) ) ;
#6992 = CARTESIAN_POINT ( 'NONE',  ( -5.823308075021059500, -1.697064029090091600, -2.999999999999999100 ) ) ;
#6993 = CARTESIAN_POINT ( 'NONE',  ( -5.802659220251960900, -1.663530866349619800, -3.000000000000000000 ) ) ;
#6994 = CARTESIAN_POINT ( 'NONE',  ( -5.785973021494327500, -1.621980199166362900, -2.999999999999999100 ) ) ;
#6995 = CARTESIAN_POINT ( 'NONE',  ( -5.771170290369854100, -1.572927016082160000, -3.000000000000000400 ) ) ;
#6996 = CARTESIAN_POINT ( 'NONE',  ( -5.759381093415627500, -1.515782567694525400, -3.000000000000000900 ) ) ;
#6997 = FILL_AREA_STYLE ('',( #6979 ) ) ;
#6998 = VECTOR ( 'NONE', #6952, 1000.000000000000000 ) ;
#6999 = LINE ( 'NONE', #7028, #6998 ) ;
#7000 = CARTESIAN_POINT ( 'NONE',  ( -4.415532508263218000, -1.259528996394230400, -2.999700000000000300 ) ) ;
#7001 = DIRECTION ( 'NONE',  ( 0.0000000000000000000, -1.000000000000000000, 0.0000000000000000000 ) ) ;
#7002 = VECTOR ( 'NONE', #7001, 1000.000000000000000 ) ;
#7003 = CARTESIAN_POINT ( 'NONE',  ( -5.284809601612575800, -0.4297644981971151000, -2.999700000000000300 ) ) ;
#7004 = LINE ( 'NONE', #7003, #7002 ) ;
#7005 = CARTESIAN_POINT ( 'NONE',  ( -5.324322196764820000, -1.970755709134615100, -2.999700000000000300 ) ) ;
#7006 = FILL_AREA_STYLE_COLOUR ( '', #6797 ) ;
#7007 = DIRECTION ( 'NONE',  ( 1.000000000000000000, 0.0000000000000000000, 0.0000000000000000000 ) ) ;
#7008 = VECTOR ( 'NONE', #7007, 1000.000000000000000 ) ;
#7009 = CARTESIAN_POINT ( 'NONE',  ( 0.3803087283403489600, 1.763184532752403800, -2.999700000000000300 ) ) ;
#7010 = FACE_OUTER_BOUND ( 'NONE', #1391, .T. ) ;
#7011 = CARTESIAN_POINT ( 'NONE',  ( 1.879935191227839300, -1.397823079427082900, -3.000000000000000000 ) ) ;
#7012 = LINE ( 'NONE', #7009, #7008 ) ;
#7013 = DIRECTION ( 'NONE',  ( 0.6105193732222974300, -0.7920013225495605700, 0.0000000000000000000 ) ) ;
#7014 = VECTOR ( 'NONE', #7013, 1000.000000000000100 ) ;
#7015 = LINE ( 'NONE', #6920, #7014 ) ;
#7016 = DIRECTION ( 'NONE',  ( -1.000000000000000000, 0.0000000000000000000, 0.0000000000000000000 ) ) ;
#7017 = CARTESIAN_POINT ( 'NONE',  ( -5.071194634070754300, 0.5580503806089743800, -2.999700000000000300 ) ) ;
#7018 = CARTESIAN_POINT ( 'NONE',  ( -5.051508326886826200, 0.5586469711964484600, -2.999699999999999400 ) ) ;
#7019 = CARTESIAN_POINT ( 'NONE',  ( -5.012954316562452400, 0.5598153446985996200, -2.999699999999999400 ) ) ;
#7020 = CARTESIAN_POINT ( 'NONE',  ( -4.956649592111863200, 0.5688763130454639300, -2.999700000000000300 ) ) ;
#7021 = CARTESIAN_POINT ( 'NONE',  ( -4.903458713779083500, 0.5841688809685496900, -2.999700000000001100 ) ) ;
#7022 = CARTESIAN_POINT ( 'NONE',  ( -4.853635355684603200, 0.6047978144104712000, -2.999699999999999400 ) ) ;
#7023 = CARTESIAN_POINT ( 'NONE',  ( -4.808899410474643000, 0.6310714169038154100, -2.999700000000001100 ) ) ;
#7024 = CARTESIAN_POINT ( 'NONE',  ( -4.769267010400099600, 0.6605944919513686600, -2.999699999999999400 ) ) ;
#7025 = CARTESIAN_POINT ( 'NONE',  ( -4.736632859571166400, 0.6946881865380705200, -2.999700000000001100 ) ) ;
#7026 = CARTESIAN_POINT ( 'NONE',  ( -4.709546710167957800, 0.7324867140517336000, -2.999699999999999400 ) ) ;
#7027 = B_SPLINE_CURVE_WITH_KNOTS ( 'NONE', 3,
 ( #7033, #7032, #7031, #7030, #7029, #6996, #6995, #6994, #6993, #6992, #6991, #6990, #6989, #6988, #6987, #6986, #6985, #6984, #6983 ),
 .UNSPECIFIED., .F., .F.,
 ( 4, 1, 1, 1, 1, 1, 1, 1, 1, 1, 1, 1, 1, 1, 1, 1, 4 ),
 ( 0.0000000000000000000, 0.1184055081537696600, 0.2266543328167021100, 0.3240923419286020900, 0.4117048030053222500, 0.4890259050064159100, 0.5569093973430759800, 0.6162333444927069500, 0.6673492812770750500, 0.7135123932013481800, 0.7576965045209788100, 0.7994925114422913900, 0.8399760647439393800, 0.8798857418167760300, 0.9191486593857421900, 0.9592273564930829900, 1.000000000000000000 ),
 .UNSPECIFIED. ) ;
#7028 = CARTESIAN_POINT ( 'NONE',  ( 1.056961920322520500, 1.940991210937500000, -2.999700000000000300 ) ) ;
#7029 = CARTESIAN_POINT ( 'NONE',  ( -5.750452622228579900, -1.450692475650013200, -3.000000000000000400 ) ) ;
#7030 = CARTESIAN_POINT ( 'NONE',  ( -5.743699195545354500, -1.377568692727616300, -3.000000000000000400 ) ) ;
#7031 = CARTESIAN_POINT ( 'NONE',  ( -5.739776112095277000, -1.296512463582686300, -2.999999999999999600 ) ) ;
#7032 = CARTESIAN_POINT ( 'NONE',  ( -5.739400610188068800, -1.239777118371554000, -3.000000000000000000 ) ) ;
#7033 = CARTESIAN_POINT ( 'NONE',  ( -5.739204445863376400, -1.210138252453925900, -3.000000000000000000 ) ) ;
#7034 = CARTESIAN_POINT ( 'NONE',  ( 1.452087871844951700, -1.397823079427082700, -3.000000000000000000 ) ) ;
#7035 = DIRECTION ( 'NONE',  ( -1.000000000000000000, 0.0000000000000000000, 0.0000000000000000000 ) ) ;
#7036 = DIRECTION ( 'NONE',  ( -0.0000000000000000000, 0.0000000000000000000, -1.000000000000000000 ) ) ;
#7037 = CARTESIAN_POINT ( 'NONE',  ( 0.0000000000000000000, -5.510728592200698600E-016, -3.000000000000000000 ) ) ;
#7038 = CARTESIAN_POINT ( 'NONE',  ( -0.3457352075821307200, -1.812705328525640700, -2.999999999999999100 ) ) ;
#7039 =( GEOMETRIC_REPRESENTATION_CONTEXT ( 3 ) GLOBAL_UNCERTAINTY_ASSIGNED_CONTEXT ( ( #7040 ) ) GLOBAL_UNIT_ASSIGNED_CONTEXT ( ( #7043, #7042, #7041 ) ) REPRESENTATION_CONTEXT ( 'NONE', 'WORKASPACE' ) );
#7040 = UNCERTAINTY_MEASURE_WITH_UNIT (LENGTH_MEASURE( 1.000000000000000100E-005 ), #7043, 'distance_accuracy_value', 'NONE');
#7041 =( NAMED_UNIT ( * ) SI_UNIT ( $, .STERADIAN. ) SOLID_ANGLE_UNIT ( ) );
#7042 =( NAMED_UNIT ( * ) PLANE_ANGLE_UNIT ( ) SI_UNIT ( $, .RADIAN. ) );
#7043 =( LENGTH_UNIT ( ) NAMED_UNIT ( * ) SI_UNIT ( .MILLI., .METRE. ) );
#7044 = CARTESIAN_POINT ( 'NONE',  ( -2.714330071669357900, -0.6075711763822112500, -3.000000000000000000 ) ) ;
#7045 = CARTESIAN_POINT ( 'NONE',  ( -2.725159237834090800, -0.6079135432670874600, -2.999999999999999600 ) ) ;
#7046 = DIRECTION ( 'NONE',  ( -1.849216626776809700E-015, 9.116250861561628700E-014, -1.000000000000000000 ) ) ;
#7047 = CARTESIAN_POINT ( 'NONE',  ( -1.185684761847375800, -1.873366914117365200, -2.999699999999999800 ) ) ;
#7048 = AXIS2_PLACEMENT_3D ( 'NONE', #7047, #7046, #7201 ) ;
#7049 = PLANE ( 'NONE',  #7048 ) ;
#7050 = AXIS2_PLACEMENT_3D ( 'NONE', #7194, #7193, #7192 ) ;
#7051 = CARTESIAN_POINT ( 'NONE',  ( -5.284809601612575800, -0.6075711763822112500, -2.999700000000000300 ) ) ;
#7052 = LINE ( 'NONE', #7051, #7125 ) ;
#7053 = FILL_AREA_STYLE_COLOUR ( '', #7197 ) ;
#7054 = PLANE ( 'NONE',  #7050 ) ;
#7055 = DIRECTION ( 'NONE',  ( 0.0000000000000000000, -1.000000000000000000, 0.0000000000000000000 ) ) ;
#7056 = VECTOR ( 'NONE', #7055, 1000.000000000000000 ) ;
#7057 = LINE ( 'NONE', #7083, #7056 ) ;
#7058 = CARTESIAN_POINT ( 'NONE',  ( -0.3132429463927113900, -0.6083672563292221700, -2.999999999999999600 ) ) ;
#7059 = CARTESIAN_POINT ( 'NONE',  ( -0.3333681969944794500, -0.6078390479410079600, -3.000000000000000000 ) ) ;
#7060 = CARTESIAN_POINT ( 'NONE',  ( -0.3435743625347423800, -0.6075711763822112500, -3.000000000000000000 ) ) ;
#7061 = COLOUR_RGB ( '',0.7529411764705882200, 0.7529411764705882200, 0.7529411764705882200 ) ;
#7062 = AXIS2_PLACEMENT_3D ( 'NONE', #7155, #7154, #7153 ) ;
#7063 = B_SPLINE_CURVE_WITH_KNOTS ( 'NONE', 3,
 ( #7126, #7236, #7235, #7234, #7233, #7232, #7114, #7113, #7112, #7111, #7110, #7109, #7108, #7107, #7106, #7105, #7104, #7103, #7102 ),
 .UNSPECIFIED., .F., .F.,
 ( 4, 1, 1, 1, 1, 1, 1, 1, 1, 1, 1, 1, 1, 1, 1, 1, 4 ),
 ( 0.0000000000000000000, 0.06141306929465905500, 0.1212950233845470100, 0.1792240423087197700, 0.2359380947348317900, 0.2922168332673610900, 0.3481966394342068700, 0.4044447389633586400, 0.4620255339229973300, 0.5203342118681485400, 0.5803829016508379500, 0.6418259048139874900, 0.7063632097966273700, 0.7738513938275591900, 0.8452662573568822100, 0.9201546757684058200, 1.000000000000000000 ),
 .UNSPECIFIED. ) ;
#7064 = FILL_AREA_STYLE ('',( #7244 ) ) ;
#7065 = CARTESIAN_POINT ( 'NONE',  ( -0.3435743625347423800, -0.6075711763822112500, -3.000000000000000000 ) ) ;
#7066 = CARTESIAN_POINT ( 'NONE',  ( -0.3544035286994747200, -0.6079135432670874600, -3.000000000000000400 ) ) ;
#7067 = CARTESIAN_POINT ( 'NONE',  ( -0.3756948659922160800, -0.6085866743939791800, -3.000000000000000400 ) ) ;
#7068 = CARTESIAN_POINT ( 'NONE',  ( -0.4067188202216281400, -0.6142922136868458300, -3.000000000000000000 ) ) ;
#7069 = CARTESIAN_POINT ( 'NONE',  ( -0.4362559276099138300, -0.6235790460020408400, -3.000000000000000900 ) ) ;
#7070 = CARTESIAN_POINT ( 'NONE',  ( -0.4640158617335769500, -0.6370729266901195000, -2.999999999999999100 ) ) ;
#7071 = CARTESIAN_POINT ( 'NONE',  ( -0.4906364753207232400, -0.6537988845616080600, -3.000000000000000400 ) ) ;
#7072 = CARTESIAN_POINT ( 'NONE',  ( -0.5152597359284448700, -0.6746486106923861300, -3.000000000000000400 ) ) ;
#7073 = CARTESIAN_POINT ( 'NONE',  ( -0.5383218936406423100, -0.6991642189561808600, -2.999999999999999600 ) ) ;
#7074 = CARTESIAN_POINT ( 'NONE',  ( -0.5603995047254771700, -0.7274867422059606600, -3.000000000000000400 ) ) ;
#7075 = CARTESIAN_POINT ( 'NONE',  ( -0.5802320679463257600, -0.7620149813816957700, -2.999999999999999100 ) ) ;
#7076 = CARTESIAN_POINT ( 'NONE',  ( -0.5969121543580832000, -0.8037104929092447900, -3.000000000000000900 ) ) ;
#7077 = CARTESIAN_POINT ( 'NONE',  ( -0.6109096310357302600, -0.8529921090229306600, -2.999999999999999600 ) ) ;
#7078 = CARTESIAN_POINT ( 'NONE',  ( -0.6224504809794098000, -0.9097547286702666300, -3.000000000000000000 ) ) ;
#7079 = CARTESIAN_POINT ( 'NONE',  ( -0.6311343421937810600, -0.9741191917532443500, -3.000000000000000000 ) ) ;
#7080 = CARTESIAN_POINT ( 'NONE',  ( -0.6374829312006949900, -1.046015621823254800, -3.000000000000000400 ) ) ;
#7081 = CARTESIAN_POINT ( 'NONE',  ( -0.6415341277045036900, -1.125510300722135200, -2.999999999999999600 ) ) ;
#7082 = CARTESIAN_POINT ( 'NONE',  ( -0.6418925825410294300, -1.181115944491653000, -2.999999999999999600 ) ) ;
#7083 = CARTESIAN_POINT ( 'NONE',  ( -5.225540708884210500, -1.081722318209134200, -2.999700000000000300 ) ) ;
#7084 = CARTESIAN_POINT ( 'NONE',  ( 0.06840924865864443600, 1.889341671744116500, -2.999699999999999800 ) ) ;
#7085 = CARTESIAN_POINT ( 'NONE',  ( 0.09346555542569509600, 1.900370531459944600, -2.999700000000001100 ) ) ;
#7086 = CARTESIAN_POINT ( 'NONE',  ( 0.1204722317197328800, 1.910118936340596200, -2.999700000000001100 ) ) ;
#7087 = CARTESIAN_POINT ( 'NONE',  ( 0.1502062709943850800, 1.918372762413990600, -2.999699999999999400 ) ) ;
#7088 = CARTESIAN_POINT ( 'NONE',  ( 0.1828006023902968600, 1.925308662591414000, -2.999700000000001100 ) ) ;
#7089 = CARTESIAN_POINT ( 'NONE',  ( 0.2183055499069695700, 1.931355773999479800, -2.999699999999999800 ) ) ;
#7090 = CARTESIAN_POINT ( 'NONE',  ( 0.2566844840569195700, 1.935295603065233500, -2.999700000000000300 ) ) ;
#7091 = CARTESIAN_POINT ( 'NONE',  ( 0.2979305860038656300, 1.938939002832397600, -2.999699999999999800 ) ) ;
#7092 = CARTESIAN_POINT ( 'NONE',  ( 0.3421196935290322100, 1.940629097047532200, -2.999700000000000700 ) ) ;
#7093 = CARTESIAN_POINT ( 'NONE',  ( 0.3725906010907284500, 1.940867849217562400, -2.999700000000000700 ) ) ;
#7094 = CARTESIAN_POINT ( 'NONE',  ( 0.3883347242306484600, 1.940991210937500000, -2.999700000000000300 ) ) ;
#7095 = CARTESIAN_POINT ( 'NONE',  ( 0.1476687206910058700, -1.245442203842301000, -2.999700000000000700 ) ) ;
#7096 = CARTESIAN_POINT ( 'NONE',  ( 0.1466950450576619500, -1.312518109761565000, -2.999700000000000300 ) ) ;
#7097 = CARTESIAN_POINT ( 'NONE',  ( -0.04939074394030385000, -1.210138252453925900, -2.999700000000000300 ) ) ;
#7098 = CARTESIAN_POINT ( 'NONE',  ( -0.04972830195235283800, -1.181117958360833800, -2.999700000000000700 ) ) ;
#7099 = CARTESIAN_POINT ( 'NONE',  ( -0.05037622815376568300, -1.125414914011547900, -2.999700000000000300 ) ) ;
#7100 = CARTESIAN_POINT ( 'NONE',  ( -0.05412005150564319600, -1.045365523100130600, -2.999700000000000700 ) ) ;
#7101 = CARTESIAN_POINT ( 'NONE',  ( -3.751372193171012900, 0.5792403303352877700, -2.999700000000000300 ) ) ;
#7102 = CARTESIAN_POINT ( 'NONE',  ( 0.2802924718612324100, 1.111226712740384500, -2.999700000000000300 ) ) ;
#7103 = CARTESIAN_POINT ( 'NONE',  ( 0.2633793914184573400, 1.114012831668581600, -2.999699999999999800 ) ) ;
#7104 = CARTESIAN_POINT ( 'NONE',  ( 0.2306032174631240900, 1.119412103490163600, -2.999700000000000300 ) ) ;
#7105 = CARTESIAN_POINT ( 'NONE',  ( 0.1833239672613043700, 1.130562127305279700, -2.999700000000000300 ) ) ;
#7106 = CARTESIAN_POINT ( 'NONE',  ( 0.1394534259361280300, 1.144216722246518900, -2.999700000000001600 ) ) ;
#7107 = CARTESIAN_POINT ( 'NONE',  ( 0.09916865133417635000, 1.161173724119093800, -2.999699999999999800 ) ) ;
#7108 = CARTESIAN_POINT ( 'NONE',  ( 0.06196418019493375700, 1.179725278961883100, -2.999700000000002000 ) ) ;
#7109 = CARTESIAN_POINT ( 'NONE',  ( 0.02826827338510904200, 1.201279727413878700, -2.999699999999999400 ) ) ;
#7110 = CARTESIAN_POINT ( 'NONE',  ( -0.002077763289699529800, 1.225242373867475800, -2.999700000000001600 ) ) ;
#7111 = CARTESIAN_POINT ( 'NONE',  ( -0.02877311653140688900, 1.252073953888353600, -2.999699999999998900 ) ) ;
#7112 = CARTESIAN_POINT ( 'NONE',  ( -0.05205262479248160000, 1.280806450037908600, -2.999700000000000300 ) ) ;
#7113 = CARTESIAN_POINT ( 'NONE',  ( -0.07284512946752198800, 1.310824488958964200, -2.999700000000001600 ) ) ;
#7114 = CARTESIAN_POINT ( 'NONE',  ( -0.08962873792436576400, 1.342927402898852700, -2.999699999999998900 ) ) ;
#7115 = DIRECTION ( 'NONE',  ( 0.0000000000000000000, -1.000000000000000000, 0.0000000000000000000 ) ) ;
#7116 = VECTOR ( 'NONE', #7115, 1000.000000000000000 ) ;
#7117 = CARTESIAN_POINT ( 'NONE',  ( -4.415532508263218000, -0.6075711763822112500, -2.999700000000000300 ) ) ;
#7118 = LINE ( 'NONE', #7117, #7116 ) ;
#7119 = PRESENTATION_LAYER_ASSIGNMENT (  '', '', ( #7120 ) ) ;
#7120 = STYLED_ITEM ( 'NONE', ( #7121 ), #1394 ) ;
#7121 = PRESENTATION_STYLE_ASSIGNMENT (( #7122 ) ) ;
#7122 = SURFACE_STYLE_USAGE ( .BOTH. , #7123 ) ;
#7123 = SURFACE_SIDE_STYLE ('',( #7124 ) ) ;
#7124 = SURFACE_STYLE_FILL_AREA ( #7131 ) ;
#7125 = VECTOR ( 'NONE', #7132, 1000.000000000000000 ) ;
#7126 = CARTESIAN_POINT ( 'NONE',  ( -0.1284159342447872300, 1.525491577539688400, -2.999700000000000700 ) ) ;
#7127 = CARTESIAN_POINT ( 'NONE',  ( -0.3457352075821307200, -0.4297644981971151000, -2.999700000000000300 ) ) ;
#7128 = B_SPLINE_CURVE_WITH_KNOTS ( 'NONE', 3,
 ( #7094, #7093, #7092, #7091, #7090, #7089, #7088, #7087, #7086, #7085, #7084, #5923, #6249, #6537, #6533, #6578, #6709, #6708, #6781, #6770, #6769, #6768, #6827 ),
 .UNSPECIFIED., .F., .F.,
 ( 4, 1, 1, 1, 1, 1, 1, 1, 1, 1, 1, 1, 1, 1, 1, 1, 1, 1, 1, 1, 4 ),
 ( 0.0000000000000000000, 0.06211275065052929100, 0.1202119588785537200, 0.1743851213884737800, 0.2254437557784867200, 0.2723582126361767700, 0.3163881629634406300, 0.3568694790582281900, 0.3939783235063669700, 0.4295893718770921700, 0.4646830409549871400, 0.5000363461428400900, 0.5354827477530638100, 0.5713634671484433300, 0.6079085322052597600, 0.6456622985331157400, 0.6845173397035775300, 0.7625786223763457700, 0.8404972886541806100, 0.9190729926935230500, 0.9999999999999998900 ),
 .UNSPECIFIED. ) ;
#7129 = CARTESIAN_POINT ( 'NONE',  ( -0.001543460748133882100, -1.842031082740196400, -2.999700000000000300 ) ) ;
#7130 =( GEOMETRIC_REPRESENTATION_CONTEXT ( 3 ) GLOBAL_UNCERTAINTY_ASSIGNED_CONTEXT ( ( #7855 ) ) GLOBAL_UNIT_ASSIGNED_CONTEXT ( ( #7780, #7857, #7856 ) ) REPRESENTATION_CONTEXT ( 'NONE', 'WORKASPACE' ) );
#7131 = FILL_AREA_STYLE ('',( #7053 ) ) ;
#7132 = DIRECTION ( 'NONE',  ( 1.000000000000000000, 0.0000000000000000000, 0.0000000000000000000 ) ) ;
#7133 = CARTESIAN_POINT ( 'NONE',  ( -4.415532508263218000, -0.6075711763822112500, -2.999700000000000300 ) ) ;
#7134 = B_SPLINE_CURVE_WITH_KNOTS ( 'NONE', 3,
 ( #7273, #7272, #7271, #7270, #7269, #7268, #7231, #7230, #7229, #7228, #7227, #7226, #7225, #7224, #7223, #7222, #7221, #7220, #7219 ),
 .UNSPECIFIED., .F., .F.,
 ( 4, 1, 1, 1, 1, 1, 1, 1, 1, 1, 1, 1, 1, 1, 1, 1, 4 ),
 ( 0.0000000000000000000, 0.07522634669089900400, 0.1465747215268524400, 0.2145002518264755000, 0.2795299716530230100, 0.3424029515883816300, 0.4034960527288086200, 0.4637616065030394400, 0.5238643590795869500, 0.5832517242549668500, 0.6413020392831351200, 0.6988977748564887400, 0.7562952438113088600, 0.8146278048129691500, 0.8743247683399980600, 0.9357832838625449500, 1.000000000000000000 ),
 .UNSPECIFIED. ) ;
#7135 = CARTESIAN_POINT ( 'NONE',  ( 1.333550086388223000, 1.168026068271734500, -2.999700000000000300 ) ) ;
#7136 = CARTESIAN_POINT ( 'NONE',  ( 1.333900522913847200, 1.186861370753144800, -2.999700000000000300 ) ) ;
#7137 = CARTESIAN_POINT ( 'NONE',  ( 1.334592601556248100, 1.224059292822874400, -2.999700000000000300 ) ) ;
#7138 = CARTESIAN_POINT ( 'NONE',  ( 1.338464847200437000, 1.279125082301419500, -2.999699999999999800 ) ) ;
#7139 = CARTESIAN_POINT ( 'NONE',  ( 1.345821948438710800, 1.332645163606571300, -2.999699999999999800 ) ) ;
#7140 = CARTESIAN_POINT ( 'NONE',  ( 1.355060930415559400, 1.384794458365973000, -2.999699999999999800 ) ) ;
#7141 = CARTESIAN_POINT ( 'NONE',  ( 1.367937076157146100, 1.435348260420970900, -2.999700000000000300 ) ) ;
#7142 = CARTESIAN_POINT ( 'NONE',  ( 1.383319212367125200, 1.484289287011859600, -2.999699999999999800 ) ) ;
#7143 = CARTESIAN_POINT ( 'NONE',  ( 1.401232876136861500, 1.531907216733477300, -2.999700000000000700 ) ) ;
#7144 = CARTESIAN_POINT ( 'NONE',  ( 1.422192052774454300, 1.577630839199441400, -2.999699999999998900 ) ) ;
#7145 = CARTESIAN_POINT ( 'NONE',  ( 1.445633657375861700, 1.621649660198545300, -2.999700000000000700 ) ) ;
#7146 = CARTESIAN_POINT ( 'NONE',  ( 1.471765650622113300, 1.663283817092849200, -2.999699999999999400 ) ) ;
#7147 = CARTESIAN_POINT ( 'NONE',  ( 1.500680754574022200, 1.702192188455012400, -2.999700000000000300 ) ) ;
#7148 = CARTESIAN_POINT ( 'NONE',  ( 1.531548076739961400, 1.739064682758732400, -2.999700000000000700 ) ) ;
#7149 = CARTESIAN_POINT ( 'NONE',  ( 1.565642824682890000, 1.772778100655730400, -2.999699999999999800 ) ) ;
#7150 = CARTESIAN_POINT ( 'NONE',  ( 1.601827304657333300, 1.804470222946742000, -2.999700000000000700 ) ) ;
#7151 = CARTESIAN_POINT ( 'NONE',  ( 1.640587572377062200, 1.833620117521562500, -2.999700000000000700 ) ) ;
#7152 = CARTESIAN_POINT ( 'NONE',  ( 2.063607020255848300, 1.960747508513621500, -2.999700000000000300 ) ) ;
#7153 = DIRECTION ( 'NONE',  ( -1.000000000000000000, 0.0000000000000000000, 0.0000000000000000000 ) ) ;
#7154 = DIRECTION ( 'NONE',  ( -0.0000000000000000000, 0.0000000000000000000, -1.000000000000000000 ) ) ;
#7155 = CARTESIAN_POINT ( 'NONE',  ( 0.0000000000000000000, -5.510728592200698600E-016, -3.000000000000000000 ) ) ;
#7156 = CARTESIAN_POINT ( 'NONE',  ( 1.333550086388223000, 1.168026068271734500, -2.999700000000000300 ) ) ;
#7157 =( GEOMETRIC_REPRESENTATION_CONTEXT ( 3 ) GLOBAL_UNCERTAINTY_ASSIGNED_CONTEXT ( ( #7158 ) ) GLOBAL_UNIT_ASSIGNED_CONTEXT ( ( #7161, #7160, #7159 ) ) REPRESENTATION_CONTEXT ( 'NONE', 'WORKASPACE' ) );
#7158 = UNCERTAINTY_MEASURE_WITH_UNIT (LENGTH_MEASURE( 1.000000000000000100E-005 ), #7161, 'distance_accuracy_value', 'NONE');
#7159 =( NAMED_UNIT ( * ) SI_UNIT ( $, .STERADIAN. ) SOLID_ANGLE_UNIT ( ) );
#7160 =( NAMED_UNIT ( * ) PLANE_ANGLE_UNIT ( ) SI_UNIT ( $, .RADIAN. ) );
#7161 =( LENGTH_UNIT ( ) NAMED_UNIT ( * ) SI_UNIT ( .MILLI., .METRE. ) );
#7162 = MECHANICAL_DESIGN_GEOMETRIC_PRESENTATION_REPRESENTATION (  '', ( #7164 ), #7157 ) ;
#7163 = PRESENTATION_LAYER_ASSIGNMENT (  '', '', ( #7164 ) ) ;
#7164 = STYLED_ITEM ( 'NONE', ( #7165 ), #1406 ) ;
#7165 = PRESENTATION_STYLE_ASSIGNMENT (( #7239 ) ) ;
#7166 = CARTESIAN_POINT ( 'NONE',  ( -0.1386027751824787900, -0.7131438915546121100, -3.000000000000000000 ) ) ;
#7167 = CARTESIAN_POINT ( 'NONE',  ( -0.1453473811112914500, -0.7047851168457378600, -3.000000000000000400 ) ) ;
#7168 = CARTESIAN_POINT ( 'NONE',  ( -0.1585363147604893200, -0.6884397104294809300, -2.999999999999999600 ) ) ;
#7169 = CARTESIAN_POINT ( 'NONE',  ( -0.1804233470844484000, -0.6665754137718975500, -3.000000000000000000 ) ) ;
#7170 = CARTESIAN_POINT ( 'NONE',  ( -0.2043342968150372600, -0.6486301535248912800, -3.000000000000001300 ) ) ;
#7171 = CARTESIAN_POINT ( 'NONE',  ( -0.2291492675800345100, -0.6332604180008436500, -2.999999999999999100 ) ) ;
#7172 = CARTESIAN_POINT ( 'NONE',  ( -0.2558523594083297900, -0.6218399192778998300, -3.000000000000000400 ) ) ;
#7173 = CARTESIAN_POINT ( 'NONE',  ( -0.2837769438555103900, -0.6134090000453039600, -3.000000000000000000 ) ) ;
#7174 = CARTESIAN_POINT ( 'NONE',  ( 1.815556721853134800, 0.6198407348165816400, -2.999700000000001100 ) ) ;
#7175 = CARTESIAN_POINT ( 'NONE',  ( 1.860496731335749700, 0.5967908945266690000, -2.999700000000000700 ) ) ;
#7176 = CARTESIAN_POINT ( 'NONE',  ( 1.908436317191158900, 0.5797400461700213900, -2.999699999999999400 ) ) ;
#7177 = CARTESIAN_POINT ( 'NONE',  ( 1.958508778086000900, 0.5669316713339410700, -2.999700000000001600 ) ) ;
#7178 = CARTESIAN_POINT ( 'NONE',  ( 2.011210421593254200, 0.5594082084711820000, -2.999699999999999800 ) ) ;
#7179 = B_SPLINE_CURVE_WITH_KNOTS ( 'NONE', 3,
 ( #7237, #7082, #7081, #7080, #7079, #7078, #7077, #7076, #7075, #7074, #7073, #7072, #7071, #7070, #7069, #7068, #7067, #7066, #7065 ),
 .UNSPECIFIED., .F., .F.,
 ( 4, 1, 1, 1, 1, 1, 1, 1, 1, 1, 1, 1, 1, 1, 1, 1, 4 ),
 ( 0.0000000000000000000, 0.1156291309254414100, 0.2215410391198766600, 0.3170478562190416300, 0.4031508756396164900, 0.4801812167162792800, 0.5476493661481894900, 0.6070358428421806000, 0.6586524080635066700, 0.7057228903536453300, 0.7498040879796469300, 0.7925868153452742000, 0.8338739610102602300, 0.8747683933034325900, 0.9152226988916378800, 0.9568807037304796200, 1.000000000000000000 ),
 .UNSPECIFIED. ) ;
#7180 = FACE_OUTER_BOUND ( 'NONE', #1411, .T. ) ;
#7181 = CARTESIAN_POINT ( 'NONE',  ( -0.6420796712239575900, -1.210138252453925900, -3.000000000000000000 ) ) ;
#7182 = CARTESIAN_POINT ( 'NONE',  ( 2.795516107021235500, 1.150121923593374200, -2.999700000000000300 ) ) ;
#7183 = CARTESIAN_POINT ( 'NONE',  ( 2.047119483073021100, 0.5585094168348675400, -2.999700000000000300 ) ) ;
#7184 = CARTESIAN_POINT ( 'NONE',  ( 2.065459173153609800, 0.5580503806089742700, -2.999699999999999400 ) ) ;
#7185 = B_SPLINE_CURVE_WITH_KNOTS ( 'NONE', 3,
 ( #7184, #7183, #7178, #7177, #7176, #7175, #7174, #7256, #7255, #7254, #7253, #7252, #7251, #7250, #7249, #7248, #7247, #7246, #7245 ),
 .UNSPECIFIED., .F., .F.,
 ( 4, 1, 1, 1, 1, 1, 1, 1, 1, 1, 1, 1, 1, 1, 1, 1, 4 ),
 ( 0.0000000000000000000, 0.06105491174328316800, 0.1195453450847437800, 0.1768063562451033000, 0.2329564830316851200, 0.2885834899465034000, 0.3446666617213001200, 0.4016615108374459500, 0.4605400973082777200, 0.5204770623221879300, 0.5812128653554001800, 0.6434307597220100300, 0.7079608695212420400, 0.7753707435336733000, 0.8464136772813295500, 0.9211518871893690200, 0.9999999999999998900 ),
 .UNSPECIFIED. ) ;
#7186 = SURFACE_STYLE_FILL_AREA ( #7064 ) ;
#7187 = B_SPLINE_CURVE_WITH_KNOTS ( 'NONE', 3,
 ( #7060, #7059, #7058, #7173, #7172, #7171, #7170, #7169, #7168, #7167, #7166 ),
 .UNSPECIFIED., .F., .F.,
 ( 4, 1, 1, 1, 1, 1, 1, 1, 4 ),
 ( 0.0000000000000000000, 0.1276647678962239100, 0.2517385630080494200, 0.3727533493873894700, 0.4921467589723853000, 0.6140696213092444700, 0.7371973244121087200, 0.8656069906011165700, 1.000000000000000000 ),
 .UNSPECIFIED. ) ;
#7188 = DIRECTION ( 'NONE',  ( -1.000000000000000000, 0.0000000000000000000, 0.0000000000000000000 ) ) ;
#7189 = VECTOR ( 'NONE', #7188, 1000.000000000000000 ) ;
#7190 = CARTESIAN_POINT ( 'NONE',  ( 1.879935191227839300, -1.397823079427082900, -3.000000000000000000 ) ) ;
#7191 = LINE ( 'NONE', #7190, #7189 ) ;
#7192 = DIRECTION ( 'NONE',  ( -1.000000000000000000, 0.0000000000000000000, 0.0000000000000000000 ) ) ;
#7193 = DIRECTION ( 'NONE',  ( -0.0000000000000000000, 0.0000000000000000000, -1.000000000000000000 ) ) ;
#7194 = CARTESIAN_POINT ( 'NONE',  ( 0.0000000000000000000, -5.510728592200698600E-016, -3.000000000000000000 ) ) ;
#7195 = CARTESIAN_POINT ( 'NONE',  ( 0.8396426469851807600, 1.763184532752403800, -2.999700000000000300 ) ) ;
#7196 =( GEOMETRIC_REPRESENTATION_CONTEXT ( 3 ) GLOBAL_UNCERTAINTY_ASSIGNED_CONTEXT ( ( #7274 ) ) GLOBAL_UNIT_ASSIGNED_CONTEXT ( ( #7277, #7276, #7275 ) ) REPRESENTATION_CONTEXT ( 'NONE', 'WORKASPACE' ) );
#7197 = COLOUR_RGB ( '',0.7529411764705882200, 0.7529411764705882200, 0.7529411764705882200 ) ;
#7198 = FACE_OUTER_BOUND ( 'NONE', #1361, .T. ) ;
#7199 = CARTESIAN_POINT ( 'NONE',  ( -5.324322196764820000, -1.792949030949518900, -2.999700000000000300 ) ) ;
#7200 = CARTESIAN_POINT ( 'NONE',  ( -4.198213234925877800, -0.4297644981971151000, -2.999700000000000300 ) ) ;
#7201 = DIRECTION ( 'NONE',  ( 0.0000000000000000000, 1.000000000000000000, 9.116250861561628700E-014 ) ) ;
#7202 = UNCERTAINTY_MEASURE_WITH_UNIT (LENGTH_MEASURE( 1.000000000000000100E-005 ), #6832, 'distance_accuracy_value', 'NONE');
#7203 = CARTESIAN_POINT ( 'NONE',  ( -1.037205622746390800, -1.555873460036057300, -2.999700000000000300 ) ) ;
#7204 = B_SPLINE_CURVE_WITH_KNOTS ( 'NONE', 3,
 ( #7267, #7266, #7265, #7264, #7263, #7262, #7261, #7260, #7259, #7258, #7151, #7150, #7149, #7148, #7147, #7146, #7145, #7144, #7143, #7142, #7141, #7140, #7139, #7138, #7137, #7136, #7135 ),
 .UNSPECIFIED., .F., .F.,
 ( 4, 1, 1, 1, 1, 1, 1, 1, 1, 1, 1, 1, 1, 1, 1, 1, 1, 1, 1, 1, 1, 1, 1, 1, 4 ),
 ( 0.0000000000000000000, 0.04309897056889708300, 0.08558676034507314800, 0.1269076657436392900, 0.1679674856215210300, 0.2084495586010657900, 0.2490254246415441700, 0.2892805341716790400, 0.3300098489827307800, 0.3705977240995769800, 0.4104659863326995400, 0.4500332158929483100, 0.4896882096042473000, 0.5291164230741913800, 0.5690368070925094800, 0.6097030542359445100, 0.6507589174942192100, 0.6925092624061774900, 0.7342191213706861200, 0.7767069111468619700, 0.8195518402403212400, 0.8633507288313332400, 0.9078385251300614700, 0.9533337036124180900, 1.000000000000000000 ),
 .UNSPECIFIED. ) ;
#7205 = CARTESIAN_POINT ( 'NONE',  ( -2.509358484317094200, -0.7131438915546121100, -3.000000000000000000 ) ) ;
#7206 = CARTESIAN_POINT ( 'NONE',  ( -2.516103090245906500, -0.7047851168457377500, -2.999999999999999100 ) ) ;
#7207 = CARTESIAN_POINT ( 'NONE',  ( -2.529292023895104900, -0.6884397104294811600, -3.000000000000000400 ) ) ;
#7208 = CARTESIAN_POINT ( 'NONE',  ( -2.551179056219063900, -0.6665754137718975500, -2.999999999999999600 ) ) ;
#7209 = CARTESIAN_POINT ( 'NONE',  ( -2.575090005949652600, -0.6486301535248908400, -2.999999999999999600 ) ) ;
#7210 = CARTESIAN_POINT ( 'NONE',  ( -2.599904976714650000, -0.6332604180008436500, -2.999999999999999600 ) ) ;
#7211 = CARTESIAN_POINT ( 'NONE',  ( -2.626608068542945600, -0.6218399192779000600, -3.000000000000000900 ) ) ;
#7212 = CARTESIAN_POINT ( 'NONE',  ( -2.654532652990125600, -0.6134090000453038500, -2.999999999999999600 ) ) ;
#7213 = CARTESIAN_POINT ( 'NONE',  ( -2.683998655527327900, -0.6083672563292223900, -3.000000000000000400 ) ) ;
#7214 = CARTESIAN_POINT ( 'NONE',  ( -2.704123906129094900, -0.6078390479410080700, -3.000000000000000000 ) ) ;
#7215 = CARTESIAN_POINT ( 'NONE',  ( -2.714330071669357900, -0.6075711763822112500, -3.000000000000000000 ) ) ;
#7216 = B_SPLINE_CURVE_WITH_KNOTS ( 'NONE', 3,
 ( #7215, #7214, #7213, #7212, #7211, #7210, #7209, #7208, #7207, #7206, #7205 ),
 .UNSPECIFIED., .F., .F.,
 ( 4, 1, 1, 1, 1, 1, 1, 1, 4 ),
 ( 0.0000000000000000000, 0.1276647678962243600, 0.2517385630080489800, 0.3727533493873894700, 0.4921467589723850800, 0.6140696213092448100, 0.7371973244121090600, 0.8656069906011165700, 1.000000000000000000 ),
 .UNSPECIFIED. ) ;
#7217 = CARTESIAN_POINT ( 'NONE',  ( -0.3457352075821307200, -1.812705328525640700, -2.999699999999999400 ) ) ;
#7218 = CARTESIAN_POINT ( 'NONE',  ( 0.1400892861011336900, -1.409524735141491000, -2.999700000000000700 ) ) ;
#7219 = CARTESIAN_POINT ( 'NONE',  ( 2.063607020255848300, 1.960747508513621500, -2.999700000000000300 ) ) ;
#7220 = CARTESIAN_POINT ( 'NONE',  ( 2.089985308602428900, 1.960137539237194200, -2.999700000000000300 ) ) ;
#7221 = CARTESIAN_POINT ( 'NONE',  ( 2.141608899750485900, 1.958943799744871300, -2.999700000000000700 ) ) ;
#7222 = CARTESIAN_POINT ( 'NONE',  ( 2.217134610897694800, 1.948337809927653600, -2.999699999999999800 ) ) ;
#7223 = CARTESIAN_POINT ( 'NONE',  ( 2.289065953430578800, 1.931896891909056200, -2.999700000000000700 ) ) ;
#7224 = CARTESIAN_POINT ( 'NONE',  ( 2.357325997254361200, 1.908412918843542600, -2.999699999999999800 ) ) ;
#7225 = CARTESIAN_POINT ( 'NONE',  ( 2.421723088909059300, 1.877825710219327000, -2.999699999999999800 ) ) ;
#7226 = CARTESIAN_POINT ( 'NONE',  ( 2.482530823853828400, 1.840780405771061100, -2.999700000000000700 ) ) ;
#7227 = CARTESIAN_POINT ( 'NONE',  ( 2.539187385282200900, 1.796367871268917100, -2.999700000000001100 ) ) ;
#7228 = CARTESIAN_POINT ( 'NONE',  ( 2.592400235918372900, 1.746361823893784100, -2.999700000000000700 ) ) ;
#7229 = CARTESIAN_POINT ( 'NONE',  ( 2.640041273377236000, 1.689798586892521600, -2.999699999999999800 ) ) ;
#7230 = CARTESIAN_POINT ( 'NONE',  ( 2.682154717982839100, 1.628155242766267100, -2.999699999999999800 ) ) ;
#7231 = CARTESIAN_POINT ( 'NONE',  ( 2.717031221462821400, 1.560844986927778100, -2.999700000000000700 ) ) ;
#7232 = CARTESIAN_POINT ( 'NONE',  ( -0.1041166423704892500, 1.376233239162306000, -2.999700000000001100 ) ) ;
#7233 = CARTESIAN_POINT ( 'NONE',  ( -0.1147018386183781500, 1.411422279604643200, -2.999699999999999400 ) ) ;
#7234 = CARTESIAN_POINT ( 'NONE',  ( -0.1229566716025455400, 1.447995951769050600, -2.999700000000001100 ) ) ;
#7235 = CARTESIAN_POINT ( 'NONE',  ( -0.1275188165753612900, 1.486274561319531000, -2.999700000000000700 ) ) ;
#7236 = CARTESIAN_POINT ( 'NONE',  ( -0.1281143890379492200, 1.512309691070723700, -2.999699999999999800 ) ) ;
#7237 = CARTESIAN_POINT ( 'NONE',  ( -0.6420796712239575900, -1.210138252453925900, -3.000000000000000000 ) ) ;
#7238 = CARTESIAN_POINT ( 'NONE',  ( -0.1284159342447872300, 1.525491577539688400, -2.999700000000000700 ) ) ;
#7239 = SURFACE_STYLE_USAGE ( .BOTH. , #7240 ) ;
#7240 = SURFACE_SIDE_STYLE ('',( #7186 ) ) ;
#7241 = CARTESIAN_POINT ( 'NONE',  ( 0.1284163035039256300, -1.499425637583681900, -2.999699999999999800 ) ) ;
#7242 = CARTESIAN_POINT ( 'NONE',  ( 0.1122543264271540400, -1.582181976932510900, -2.999700000000001100 ) ) ;
#7243 = PLANE ( 'NONE',  #7062 ) ;
#7244 = FILL_AREA_STYLE_COLOUR ( '', #7061 ) ;
#7245 = CARTESIAN_POINT ( 'NONE',  ( 1.550869359725562500, 1.169569529019869300, -2.999700000000000300 ) ) ;
#7246 = CARTESIAN_POINT ( 'NONE',  ( 1.551240643569048000, 1.145886902137891000, -2.999700000000000300 ) ) ;
#7247 = CARTESIAN_POINT ( 'NONE',  ( 1.551963858344558100, 1.099756088787201100, -2.999700000000000700 ) ) ;
#7248 = CARTESIAN_POINT ( 'NONE',  ( 1.558831658614798100, 1.032557166397730400, -2.999700000000000700 ) ) ;
#7249 = CARTESIAN_POINT ( 'NONE',  ( 1.570228205234036600, 0.9695168925050017300, -2.999700000000000300 ) ) ;
#7250 = CARTESIAN_POINT ( 'NONE',  ( 1.585648505204286400, 0.9104324863786605900, -2.999699999999999800 ) ) ;
#7251 = CARTESIAN_POINT ( 'NONE',  ( 1.606707077037440500, 0.8559756189581877500, -2.999700000000000300 ) ) ;
#7252 = CARTESIAN_POINT ( 'NONE',  ( 1.631098349639958000, 0.8051170347312827100, -2.999699999999999800 ) ) ;
#7253 = CARTESIAN_POINT ( 'NONE',  ( 1.661124674228296800, 0.7589770786835837700, -2.999699999999999800 ) ) ;
#7254 = CARTESIAN_POINT ( 'NONE',  ( 1.694965179742704600, 0.7168637687701137100, -2.999700000000001100 ) ) ;
#7255 = CARTESIAN_POINT ( 'NONE',  ( 1.732694329194090800, 0.6798144899911066100, -2.999700000000000700 ) ) ;
#7256 = CARTESIAN_POINT ( 'NONE',  ( 1.772565270301475800, 0.6468319716637648300, -2.999699999999999400 ) ) ;
#7257 =( GEOMETRIC_REPRESENTATION_CONTEXT ( 3 ) GLOBAL_UNCERTAINTY_ASSIGNED_CONTEXT ( ( #7202 ) ) GLOBAL_UNIT_ASSIGNED_CONTEXT ( ( #6832, #6819, #6818 ) ) REPRESENTATION_CONTEXT ( 'NONE', 'WORKASPACE' ) );
#7258 = CARTESIAN_POINT ( 'NONE',  ( 1.681830784752088100, 1.860007325017759800, -2.999700000000002000 ) ) ;
#7259 = CARTESIAN_POINT ( 'NONE',  ( 1.724891186721839500, 1.883598015630133100, -2.999699999999999800 ) ) ;
#7260 = CARTESIAN_POINT ( 'NONE',  ( 1.769260482134016800, 1.904668666690263900, -2.999700000000000700 ) ) ;
#7261 = CARTESIAN_POINT ( 'NONE',  ( 1.815233848083033500, 1.921672909406586500, -2.999700000000001600 ) ) ;
#7262 = CARTESIAN_POINT ( 'NONE',  ( 1.862408839119727100, 1.936077552383184600, -2.999700000000000300 ) ) ;
#7263 = CARTESIAN_POINT ( 'NONE',  ( 1.910813627263319200, 1.947057064921548200, -2.999700000000000300 ) ) ;
#7264 = CARTESIAN_POINT ( 'NONE',  ( 1.960579970641885800, 1.955250045357397100, -2.999699999999999400 ) ) ;
#7265 = CARTESIAN_POINT ( 'NONE',  ( 2.011658861882186700, 1.959840395871935500, -2.999700000000000700 ) ) ;
#7266 = CARTESIAN_POINT ( 'NONE',  ( 2.046208726498232300, 1.960443701550961000, -2.999700000000000700 ) ) ;
#7267 = CARTESIAN_POINT ( 'NONE',  ( 2.063607020255848300, 1.960747508513621500, -2.999700000000000300 ) ) ;
#7268 = CARTESIAN_POINT ( 'NONE',  ( 2.745719845983532800, 1.488629723014265800, -2.999699999999999400 ) ) ;
#7269 = CARTESIAN_POINT ( 'NONE',  ( 2.768353817956350900, 1.411345930606254600, -2.999700000000000700 ) ) ;
#7270 = CARTESIAN_POINT ( 'NONE',  ( 2.784186326541883400, 1.328872505477986900, -2.999700000000000300 ) ) ;
#7271 = CARTESIAN_POINT ( 'NONE',  ( 2.793936949292594700, 1.241215872893991000, -2.999700000000000300 ) ) ;
#7272 = CARTESIAN_POINT ( 'NONE',  ( 2.794980517775751800, 1.181017469167590500, -2.999700000000000300 ) ) ;
#7273 = CARTESIAN_POINT ( 'NONE',  ( 2.795516107021235500, 1.150121923593374200, -2.999700000000000300 ) ) ;
#7274 = UNCERTAINTY_MEASURE_WITH_UNIT (LENGTH_MEASURE( 1.000000000000000100E-005 ), #7277, 'distance_accuracy_value', 'NONE');
#7275 =( NAMED_UNIT ( * ) SI_UNIT ( $, .STERADIAN. ) SOLID_ANGLE_UNIT ( ) );
#7276 =( NAMED_UNIT ( * ) PLANE_ANGLE_UNIT ( ) SI_UNIT ( $, .RADIAN. ) );
#7277 =( LENGTH_UNIT ( ) NAMED_UNIT ( * ) SI_UNIT ( .MILLI., .METRE. ) );
#7278 = MECHANICAL_DESIGN_GEOMETRIC_PRESENTATION_REPRESENTATION (  '', ( #7120 ), #7196 ) ;
#7279 = B_SPLINE_CURVE_WITH_KNOTS ( 'NONE', 3,
 ( #7348, #7347, #7346, #7345, #7344, #7343, #7342, #7341, #7340, #7339, #7338, #7337, #7408, #7407, #7406, #7405, #7404, #7403, #7402 ),
 .UNSPECIFIED., .F., .F.,
 ( 4, 1, 1, 1, 1, 1, 1, 1, 1, 1, 1, 1, 1, 1, 1, 1, 4 ),
 ( 0.0000000000000000000, 0.05594313335691852200, 0.1103820356898406700, 0.1640478588828497300, 0.2167594775435857900, 0.2696011346144476200, 0.3230085051908690400, 0.3775814436721362500, 0.4334493367080538000, 0.4909218580498931300, 0.5506247708713254400, 0.6131168723098184800, 0.6798607463518506800, 0.7513577440202003900, 0.8282611012589941000, 0.9107950320656292800, 1.000000000000000000 ),
 .UNSPECIFIED. ) ;
#7280 = CARTESIAN_POINT ( 'NONE',  ( -3.798054254082039000, 0.5841137701996211900, -2.999699999999999800 ) ) ;
#7281 = CARTESIAN_POINT ( 'NONE',  ( -5.739204445863376400, -1.210138252453925900, -3.000000000000000000 ) ) ;
#7282 = CARTESIAN_POINT ( 'NONE',  ( -5.739542003875425500, -1.181117958360833800, -3.000000000000000400 ) ) ;
#7283 = CARTESIAN_POINT ( 'NONE',  ( -5.740189930076836900, -1.125414914011547900, -3.000000000000000000 ) ) ;
#7284 = CARTESIAN_POINT ( 'NONE',  ( -5.743933753428716000, -1.045365523100130200, -3.000000000000000000 ) ) ;
#7285 = CARTESIAN_POINT ( 'NONE',  ( -5.751140859518922200, -0.9724678693150083900, -3.000000000000000900 ) ) ;
#7286 = CARTESIAN_POINT ( 'NONE',  ( -5.760270003392630400, -0.9066201788101463400, -2.999999999999998200 ) ) ;
#7287 = CARTESIAN_POINT ( 'NONE',  ( -5.772889255855152300, -0.8478989212298894100, -3.000000000000000400 ) ) ;
#7288 = CARTESIAN_POINT ( 'NONE',  ( -5.788216316423442400, -0.7964048271502345300, -3.000000000000000000 ) ) ;
#7289 = CARTESIAN_POINT ( 'NONE',  ( -5.805567172749027400, -0.7513456225332023600, -3.000000000000000400 ) ) ;
#7290 = PRESENTATION_STYLE_ASSIGNMENT (( #8388 ) ) ;
#7291 = CARTESIAN_POINT ( 'NONE',  ( -3.805556820600456200, 0.5852152897761417900, -2.999700000000000300 ) ) ;
#7292 = CARTESIAN_POINT ( 'NONE',  ( -5.821073658862045100, -0.7254203426354091100, -3.000000000000000400 ) ) ;
#7293 = CARTESIAN_POINT ( 'NONE',  ( -5.828416477105550400, -0.7131438915546121100, -3.000000000000000000 ) ) ;
#7294 = CARTESIAN_POINT ( 'NONE',  ( -5.828416477105550400, -0.7131438915546121100, -3.000000000000000000 ) ) ;
#7295 = CARTESIAN_POINT ( 'NONE',  ( -6.331893373147029700, -1.210138252453925900, -3.000000000000000000 ) ) ;
#7296 = CARTESIAN_POINT ( 'NONE',  ( -6.033388064457814600, -0.6075711763822112500, -3.000000000000000000 ) ) ;
#7297 = DIRECTION ( 'NONE',  ( -1.000000000000000000, 0.0000000000000000000, 0.0000000000000000000 ) ) ;
#7298 = DIRECTION ( 'NONE',  ( -0.0000000000000000000, 0.0000000000000000000, -1.000000000000000000 ) ) ;
#7299 = CARTESIAN_POINT ( 'NONE',  ( 0.0000000000000000000, -5.510728592200698600E-016, -3.000000000000000000 ) ) ;
#7300 = B_SPLINE_CURVE_WITH_KNOTS ( 'NONE', 3,
 ( #7351, #7350, #7349, #7401, #7400, #7399, #7398, #7100, #7099, #7098, #7097 ),
 .UNSPECIFIED., .F., .F.,
 ( 4, 1, 1, 1, 1, 1, 1, 1, 4 ),
 ( 0.0000000000000000000, 0.08388811327954562300, 0.1771540327539697900, 0.2825136355617227100, 0.3993998606601628600, 0.5294908061912203500, 0.6728021776758329500, 0.8295357616196700200, 1.000000000000000000 ),
 .UNSPECIFIED. ) ;
#7301 = B_SPLINE_CURVE_WITH_KNOTS ( 'NONE', 3,
 ( #7293, #7292, #7289, #7288, #7287, #7286, #7285, #7284, #7283, #7282, #7281 ),
 .UNSPECIFIED., .F., .F.,
 ( 4, 1, 1, 1, 1, 1, 1, 1, 4 ),
 ( 0.0000000000000000000, 0.08388811327954513700, 0.1771540327539694300, 0.2825136355617226000, 0.3993998606601628100, 0.5294908061912202400, 0.6728021776758328400, 0.8295357616196699100, 1.000000000000000000 ),
 .UNSPECIFIED. ) ;
#7302 = CARTESIAN_POINT ( 'NONE',  ( -3.780844174459039300, 0.5815870029164951200, -2.999700000000000700 ) ) ;
#7303 =( GEOMETRIC_REPRESENTATION_CONTEXT ( 3 ) GLOBAL_UNCERTAINTY_ASSIGNED_CONTEXT ( ( #7304 ) ) GLOBAL_UNIT_ASSIGNED_CONTEXT ( ( #7307, #7306, #7305 ) ) REPRESENTATION_CONTEXT ( 'NONE', 'WORKASPACE' ) );
#7304 = UNCERTAINTY_MEASURE_WITH_UNIT (LENGTH_MEASURE( 1.000000000000000100E-005 ), #7307, 'distance_accuracy_value', 'NONE');
#7305 =( NAMED_UNIT ( * ) SI_UNIT ( $, .STERADIAN. ) SOLID_ANGLE_UNIT ( ) );
#7306 =( NAMED_UNIT ( * ) PLANE_ANGLE_UNIT ( ) SI_UNIT ( $, .RADIAN. ) );
#7307 =( LENGTH_UNIT ( ) NAMED_UNIT ( * ) SI_UNIT ( .MILLI., .METRE. ) );
#7308 = MECHANICAL_DESIGN_GEOMETRIC_PRESENTATION_REPRESENTATION (  '', ( #7310 ), #7303 ) ;
#7309 = PRESENTATION_LAYER_ASSIGNMENT (  '', '', ( #7310 ) ) ;
#7310 = STYLED_ITEM ( 'NONE', ( #7311 ), #1441 ) ;
#7311 = PRESENTATION_STYLE_ASSIGNMENT (( #7313 ) ) ;
#7312 = CARTESIAN_POINT ( 'NONE',  ( 0.1481722318209141000, -1.210755636753179800, -2.999700000000000300 ) ) ;
#7313 = SURFACE_STYLE_USAGE ( .BOTH. , #7314 ) ;
#7314 = SURFACE_SIDE_STYLE ('',( #7412 ) ) ;
#7315 = VECTOR ( 'NONE', #7325, 1000.000000000000000 ) ;
#7316 = PLANE ( 'NONE',  #7413 ) ;
#7317 = CARTESIAN_POINT ( 'NONE',  ( 2.062372251657340600, 1.782940830328525500, -2.999700000000000300 ) ) ;
#7318 = CARTESIAN_POINT ( 'NONE',  ( 2.050121730967160000, 1.782671886443826000, -2.999700000000000300 ) ) ;
#7319 = CARTESIAN_POINT ( 'NONE',  ( 2.025882725739855900, 1.782139751329576700, -2.999700000000000300 ) ) ;
#7320 = CARTESIAN_POINT ( 'NONE',  ( 1.989936856316489900, 1.778857016009678800, -2.999699999999999400 ) ) ;
#7321 = CARTESIAN_POINT ( 'NONE',  ( 1.955019082566062900, 1.772517811096678200, -2.999700000000000700 ) ) ;
#7322 = CARTESIAN_POINT ( 'NONE',  ( 1.920999798986903000, 1.764172284247526300, -2.999699999999998900 ) ) ;
#7323 = CARTESIAN_POINT ( 'NONE',  ( 1.887741481512385000, 1.753824640132635200, -2.999700000000001600 ) ) ;
#7324 = COLOUR_RGB ( '',0.7529411764705882200, 0.7529411764705882200, 0.7529411764705882200 ) ;
#7325 = DIRECTION ( 'NONE',  ( 0.0000000000000000000, 1.000000000000000000, 0.0000000000000000000 ) ) ;
#7326 = CARTESIAN_POINT ( 'NONE',  ( 1.056961920322520500, 0.4000000000000000800, -2.999700000000000300 ) ) ;
#7327 = VECTOR ( 'NONE', #7425, 1000.000000000000000 ) ;
#7328 = FILL_AREA_STYLE_COLOUR ( '', #7324 ) ;
#7329 = FACE_OUTER_BOUND ( 'NONE', #1407, .T. ) ;
#7330 = CARTESIAN_POINT ( 'NONE',  ( -4.415532508263218000, -1.081722318209134200, -2.999700000000000300 ) ) ;
#7331 = LINE ( 'NONE', #7326, #7315 ) ;
#7332 = CARTESIAN_POINT ( 'NONE',  ( -6.033388064457814600, -0.6075711763822112500, -3.000000000000000000 ) ) ;
#7333 = CARTESIAN_POINT ( 'NONE',  ( -6.044217230622548300, -0.6079135432670874600, -3.000000000000000400 ) ) ;
#7334 = CARTESIAN_POINT ( 'NONE',  ( -6.065508567915287600, -0.6085866743939791800, -3.000000000000000000 ) ) ;
#7335 = CARTESIAN_POINT ( 'NONE',  ( -6.096532522144700600, -0.6142922136868458300, -2.999999999999999100 ) ) ;
#7336 = CARTESIAN_POINT ( 'NONE',  ( -6.126069629532985100, -0.6235790460020406200, -3.000000000000000400 ) ) ;
#7337 = CARTESIAN_POINT ( 'NONE',  ( 2.494158494515386500, 1.550938989112816200, -2.999700000000001600 ) ) ;
#7338 = CARTESIAN_POINT ( 'NONE',  ( 2.463390385969676600, 1.597470647444886500, -2.999699999999998900 ) ) ;
#7339 = CARTESIAN_POINT ( 'NONE',  ( 2.426995637581565600, 1.636938728665828800, -2.999700000000002500 ) ) ;
#7340 = CARTESIAN_POINT ( 'NONE',  ( 2.387954640865869400, 1.671295968169078000, -2.999699999999999400 ) ) ;
#7341 = CARTESIAN_POINT ( 'NONE',  ( 2.346744579261704500, 1.700906014673210200, -2.999700000000001100 ) ) ;
#7342 = CARTESIAN_POINT ( 'NONE',  ( 2.304015276683804000, 1.726490310250452100, -2.999699999999999800 ) ) ;
#7343 = CARTESIAN_POINT ( 'NONE',  ( 2.259387447958797000, 1.747352234944358400, -2.999700000000000700 ) ) ;
#7344 = CARTESIAN_POINT ( 'NONE',  ( 2.212629880110174700, 1.763107105563057800, -2.999700000000000300 ) ) ;
#7345 = CARTESIAN_POINT ( 'NONE',  ( 2.164142483432674300, 1.774376254449476100, -2.999700000000001100 ) ) ;
#7346 = CARTESIAN_POINT ( 'NONE',  ( 2.113850010665278700, 1.781918502347154400, -2.999700000000000700 ) ) ;
#7347 = CARTESIAN_POINT ( 'NONE',  ( 2.079686691519937500, 1.782596972384931500, -2.999700000000000700 ) ) ;
#7348 = CARTESIAN_POINT ( 'NONE',  ( 2.062372251657340600, 1.782940830328525500, -2.999700000000000300 ) ) ;
#7349 = CARTESIAN_POINT ( 'NONE',  ( -0.1157534708259542700, -0.7513456225332026900, -2.999700000000000700 ) ) ;
#7350 = CARTESIAN_POINT ( 'NONE',  ( -0.1312599569389724400, -0.7254203426354091100, -2.999700000000000300 ) ) ;
#7351 = CARTESIAN_POINT ( 'NONE',  ( -0.1386027751824787900, -0.7131438915546121100, -2.999700000000000300 ) ) ;
#7352 = PRESENTATION_LAYER_ASSIGNMENT (  '', '', ( #7353 ) ) ;
#7353 = STYLED_ITEM ( 'NONE', ( #7290 ), #1821 ) ;
#7354 = CARTESIAN_POINT ( 'NONE',  ( 2.558512214669721900, 0.9590988575944043900, -2.999699999999999800 ) ) ;
#7355 = CARTESIAN_POINT ( 'NONE',  ( 2.497112654382492600, 0.8016504947547806700, -2.999700000000000300 ) ) ;
#7356 = CARTESIAN_POINT ( 'NONE',  ( 2.355303688324237300, 0.6461161054081976400, -2.999700000000001600 ) ) ;
#7357 = FILL_AREA_STYLE ('',( #7328 ) ) ;
#7358 = CARTESIAN_POINT ( 'NONE',  ( -6.153829563656650200, -0.6370729266901198300, -3.000000000000000900 ) ) ;
#7359 = CARTESIAN_POINT ( 'NONE',  ( -6.180450177243795200, -0.6537988845616077300, -2.999999999999999100 ) ) ;
#7360 = CARTESIAN_POINT ( 'NONE',  ( -6.205073437851515500, -0.6746486106923856900, -2.999999999999999600 ) ) ;
#7361 = CARTESIAN_POINT ( 'NONE',  ( -6.228135595563716500, -0.6991642189561814200, -3.000000000000000900 ) ) ;
#7362 = CARTESIAN_POINT ( 'NONE',  ( -6.250213206648547600, -0.7274867422059605500, -2.999999999999999600 ) ) ;
#7363 = CARTESIAN_POINT ( 'NONE',  ( -6.270045769869399000, -0.7620149813816961000, -3.000000000000000400 ) ) ;
#7364 = CARTESIAN_POINT ( 'NONE',  ( -6.331347829627578200, -1.125510300722135600, -3.000000000000001300 ) ) ;
#7365 = CARTESIAN_POINT ( 'NONE',  ( -6.331706284464103400, -1.181115944491653500, -3.000000000000000900 ) ) ;
#7366 = CARTESIAN_POINT ( 'NONE',  ( -6.331893373147029700, -1.210138252453925900, -3.000000000000000000 ) ) ;
#7367 = CARTESIAN_POINT ( 'NONE',  ( 2.578196833683895800, 1.147652386396359200, -2.999700000000000300 ) ) ;
#7368 = LINE ( 'NONE', #7426, #7327 ) ;
#7369 = CARTESIAN_POINT ( 'NONE',  ( 2.577863802196301200, 1.125404805980126300, -2.999700000000000300 ) ) ;
#7370 = CARTESIAN_POINT ( 'NONE',  ( 2.569785065261527300, 1.018776094523523800, -2.999700000000000700 ) ) ;
#7371 = CARTESIAN_POINT ( 'NONE',  ( 2.220403048596122800, 0.5792910582177497300, -2.999700000000000300 ) ) ;
#7372 = CARTESIAN_POINT ( 'NONE',  ( 2.170814365759568000, 0.5670478512029911700, -2.999700000000000700 ) ) ;
#7373 = CARTESIAN_POINT ( 'NONE',  ( 2.577214414298973000, 1.082023594277022000, -2.999700000000000300 ) ) ;
#7374 = CARTESIAN_POINT ( 'NONE',  ( 2.267697953552955300, 0.5967271822765030100, -2.999700000000001100 ) ) ;
#7375 = CARTESIAN_POINT ( 'NONE',  ( 2.312557431904079600, 0.6190642575724407700, -2.999699999999999400 ) ) ;
#7376 = CARTESIAN_POINT ( 'NONE',  ( 2.542973780070245200, 0.9028243551391921300, -2.999699999999999400 ) ) ;
#7377 = CARTESIAN_POINT ( 'NONE',  ( -5.284809601612575800, -0.6075711763822112500, -2.999700000000000300 ) ) ;
#7378 = CARTESIAN_POINT ( 'NONE',  ( 2.433043808080142000, 0.7154034165362812600, -2.999700000000001600 ) ) ;
#7379 = CARTESIAN_POINT ( 'NONE',  ( 2.395462804525995400, 0.6784195475772962800, -2.999699999999999800 ) ) ;
#7380 = CARTESIAN_POINT ( 'NONE',  ( 2.522086318791010300, 0.8505091336738963600, -2.999700000000001100 ) ) ;
#7381 = CARTESIAN_POINT ( 'NONE',  ( 0.3883347242306484600, 1.940991210937500000, -2.999700000000000300 ) ) ;
#7382 = CARTESIAN_POINT ( 'NONE',  ( -0.04939074394030385000, -1.210138252453925900, -2.999999999999999100 ) ) ;
#7383 = CARTESIAN_POINT ( 'NONE',  ( 1.647010811556203400, 1.557978676318792800, -2.999699999999998900 ) ) ;
#7384 = CARTESIAN_POINT ( 'NONE',  ( 1.628709999285157300, 1.526323759465407300, -2.999700000000001100 ) ) ;
#7385 = CARTESIAN_POINT ( 'NONE',  ( 1.612483961789883400, 1.492723685897966900, -2.999700000000000300 ) ) ;
#7386 = CARTESIAN_POINT ( 'NONE',  ( 1.597983262030142200, 1.457461717613730800, -2.999699999999999400 ) ) ;
#7387 = CARTESIAN_POINT ( 'NONE',  ( 1.585203254376238900, 1.420718882868640300, -2.999700000000000300 ) ) ;
#7388 = CARTESIAN_POINT ( 'NONE',  ( 1.574983050411950200, 1.382351090303116400, -2.999700000000000700 ) ) ;
#7389 = CARTESIAN_POINT ( 'NONE',  ( 1.565757625680818300, 1.342688972456565200, -2.999700000000001100 ) ) ;
#7390 = CARTESIAN_POINT ( 'NONE',  ( 1.855703363409852100, 1.740325517423361200, -2.999699999999999800 ) ) ;
#7391 = CARTESIAN_POINT ( 'NONE',  ( 1.824349171906751300, 1.724957215146440300, -2.999700000000000300 ) ) ;
#7392 = CARTESIAN_POINT ( 'NONE',  ( 1.794178423895377100, 1.707000869239815500, -2.999700000000000300 ) ) ;
#7393 = CARTESIAN_POINT ( 'NONE',  ( 1.765253316165549500, 1.687052866904880500, -2.999700000000000700 ) ) ;
#7394 = CARTESIAN_POINT ( 'NONE',  ( 1.737984188876541900, 1.665097854181650800, -2.999700000000000300 ) ) ;
#7395 = CARTESIAN_POINT ( 'NONE',  ( 1.712643177915836200, 1.641130096061095900, -2.999700000000000700 ) ) ;
#7396 = CARTESIAN_POINT ( 'NONE',  ( 1.688654663089305600, 1.615644771695323300, -2.999700000000000300 ) ) ;
#7397 = CARTESIAN_POINT ( 'NONE',  ( 1.667173705621545000, 1.587565369156421500, -2.999700000000000700 ) ) ;
#7398 = CARTESIAN_POINT ( 'NONE',  ( -0.06132715759585008500, -0.9724678693150080600, -2.999700000000000300 ) ) ;
#7399 = CARTESIAN_POINT ( 'NONE',  ( -0.07045630146956009800, -0.9066201788101464500, -2.999699999999999400 ) ) ;
#7400 = CARTESIAN_POINT ( 'NONE',  ( -0.08307555393207913300, -0.8478989212298898600, -2.999700000000001600 ) ) ;
#7401 = CARTESIAN_POINT ( 'NONE',  ( -0.09840261450037063300, -0.7964048271502343100, -2.999700000000000300 ) ) ;
#7402 = CARTESIAN_POINT ( 'NONE',  ( 2.578196833683895800, 1.147652386396359200, -2.999700000000000300 ) ) ;
#7403 = CARTESIAN_POINT ( 'NONE',  ( 2.577742497495903300, 1.175246002614274400, -2.999700000000000700 ) ) ;
#7404 = CARTESIAN_POINT ( 'NONE',  ( 2.576867801855168500, 1.228369694839948300, -2.999700000000000700 ) ) ;
#7405 = CARTESIAN_POINT ( 'NONE',  ( 2.569663588424133200, 1.305006200398542800, -2.999700000000000300 ) ) ;
#7406 = CARTESIAN_POINT ( 'NONE',  ( 2.558253315646768800, 1.375574982119760900, -2.999700000000000700 ) ) ;
#7407 = CARTESIAN_POINT ( 'NONE',  ( 2.541743608384512000, 1.440150402125531400, -2.999700000000000300 ) ) ;
#7408 = CARTESIAN_POINT ( 'NONE',  ( 2.520090697008745600, 1.498454562061794200, -2.999699999999999400 ) ) ;
#7409 = B_SPLINE_CURVE_WITH_KNOTS ( 'NONE', 3,
 ( #7367, #7369, #7373, #7370, #7354, #7376, #7380, #7355, #7411, #7378, #7379, #7356, #7375, #7374, #7371, #7372, #7429, #7428, #7433 ),
 .UNSPECIFIED., .F., .F.,
 ( 4, 1, 1, 1, 1, 1, 1, 1, 1, 1, 1, 1, 1, 1, 1, 1, 4 ),
 ( 0.0000000000000000000, 0.07596440262219972300, 0.1481252239748711800, 0.2172006111446032900, 0.2832999093723611600, 0.3472018681362411000, 0.4092995407059242300, 0.4704256161074029100, 0.5315880640528349900, 0.5917391729173697700, 0.6502577442905729300, 0.7073030399522860500, 0.7642084640229152000, 0.8211475320101304700, 0.8791188121552543400, 0.9384228183936664800, 1.000000000000000000 ),
 .UNSPECIFIED. ) ;
#7410 = CARTESIAN_POINT ( 'NONE',  ( -5.284809601612575800, -0.4297644981971151000, -2.999700000000000300 ) ) ;
#7411 = CARTESIAN_POINT ( 'NONE',  ( 2.467211917696567900, 0.7565732227300457900, -2.999700000000000300 ) ) ;
#7412 = SURFACE_STYLE_FILL_AREA ( #7357 ) ;
#7413 = AXIS2_PLACEMENT_3D ( 'NONE', #7299, #7298, #7297 ) ;
#7414 = CARTESIAN_POINT ( 'NONE',  ( -5.225540708884210500, -1.081722318209134200, -2.999700000000000300 ) ) ;
#7415 = CARTESIAN_POINT ( 'NONE',  ( -6.286725856281154100, -0.8037104929092442300, -3.000000000000000000 ) ) ;
#7416 = CARTESIAN_POINT ( 'NONE',  ( -6.300723332958803300, -0.8529921090229313200, -3.000000000000000000 ) ) ;
#7417 = CARTESIAN_POINT ( 'NONE',  ( -6.312264182902481500, -0.9097547286702660800, -3.000000000000000000 ) ) ;
#7418 = CARTESIAN_POINT ( 'NONE',  ( -6.320948044116854600, -0.9741191917532448000, -3.000000000000000900 ) ) ;
#7419 = CARTESIAN_POINT ( 'NONE',  ( -6.327296633123763700, -1.046015621823253900, -2.999999999999998200 ) ) ;
#7420 = CARTESIAN_POINT ( 'NONE',  ( 1.559063449057690900, 1.301430580813052000, -2.999700000000000300 ) ) ;
#7421 = CARTESIAN_POINT ( 'NONE',  ( 1.554666662017506500, 1.258746775753977400, -2.999700000000000300 ) ) ;
#7422 = CARTESIAN_POINT ( 'NONE',  ( 1.551257960904492500, 1.214692634665132300, -2.999699999999999800 ) ) ;
#7423 = CARTESIAN_POINT ( 'NONE',  ( 1.551000571292837600, 1.184805389673528700, -2.999700000000000300 ) ) ;
#7424 = CARTESIAN_POINT ( 'NONE',  ( 1.550869359725562500, 1.169569529019869300, -2.999700000000000300 ) ) ;
#7425 = DIRECTION ( 'NONE',  ( 0.0000000000000000000, -1.000000000000000000, 0.0000000000000000000 ) ) ;
#7426 = CARTESIAN_POINT ( 'NONE',  ( -1.945995311247993300, -0.4495207957732369500, -2.999700000000000300 ) ) ;
#7427 = B_SPLINE_CURVE_WITH_KNOTS ( 'NONE', 3,
 ( #7424, #7423, #7422, #7421, #7420, #7389, #7388, #7387, #7386, #7385, #7384, #7383, #7397, #7396, #7395, #7394, #7393, #7392, #7391, #7390, #7323, #7322, #7321, #7320, #7319, #7318, #7317 ),
 .UNSPECIFIED., .F., .F.,
 ( 4, 1, 1, 1, 1, 1, 1, 1, 1, 1, 1, 1, 1, 1, 1, 1, 1, 1, 1, 1, 1, 1, 1, 1, 4 ),
 ( 0.0000000000000000000, 0.05085161579228444200, 0.09975246780941636500, 0.1474376477769316600, 0.1940857839327039800, 0.2391709270841439700, 0.2833398222454338600, 0.3265771497238439400, 0.3689362814999019900, 0.4105718726814496200, 0.4510505934949120000, 0.4908768629924159000, 0.5300443324843857600, 0.5689366633103305500, 0.6075778621311337400, 0.6464200964505127900, 0.6856793513063944600, 0.7247985849801968900, 0.7635130084045112000, 0.8021725263787552500, 0.8407403615726128900, 0.8796493769005864200, 0.9190706128663399500, 0.9590978622172245900, 0.9999999999999998900 ),
 .UNSPECIFIED. ) ;
#7428 = CARTESIAN_POINT ( 'NONE',  ( 2.083493185899585800, 0.5585027263418186300, -2.999700000000000300 ) ) ;
#7429 = CARTESIAN_POINT ( 'NONE',  ( 2.118895470081371800, 0.5593907190702338500, -2.999700000000000300 ) ) ;
#7430 = B_SPLINE_CURVE_WITH_KNOTS ( 'NONE', 3,
 ( #7366, #7365, #7364, #7419, #7418, #7417, #7416, #7415, #7363, #7362, #7361, #7360, #7359, #7358, #7336, #7335, #7334, #7333, #7332 ),
 .UNSPECIFIED., .F., .F.,
 ( 4, 1, 1, 1, 1, 1, 1, 1, 1, 1, 1, 1, 1, 1, 1, 1, 4 ),
 ( 0.0000000000000000000, 0.1156291309254414600, 0.2215410391198767700, 0.3170478562190416900, 0.4031508756396166000, 0.4801812167162796100, 0.5476493661481896000, 0.6070358428421810400, 0.6586524080635072200, 0.7057228903536458800, 0.7498040879796469300, 0.7925868153452744200, 0.8338739610102607900, 0.8747683933034328100, 0.9152226988916379900, 0.9568807037304797300, 1.000000000000000000 ),
 .UNSPECIFIED. ) ;
#7431 = CARTESIAN_POINT ( 'NONE',  ( 1.056961920322520500, 1.940991210937500000, -2.999700000000000300 ) ) ;
#7432 = CARTESIAN_POINT ( 'NONE',  ( -0.3435743625347423800, -0.6075711763822112500, -3.000000000000000000 ) ) ;
#7433 = CARTESIAN_POINT ( 'NONE',  ( 2.065459173153609800, 0.5580503806089742700, -2.999699999999999400 ) ) ;
#7434 = CARTESIAN_POINT ( 'NONE',  ( -0.3457352075821307200, -0.4297644981971151000, -2.999700000000000300 ) ) ;
#7435 = B_SPLINE_CURVE_WITH_KNOTS ( 'NONE', 3,
 ( #7434, #7630, #7629, #7628, #7627, #7626, #7625, #7624, #7623, #7616, #7615, #7614, #7613, #7612, #7611, #7610, #7609, #7608, #7607, #7606, #7605, #7604, #7603 ),
 .UNSPECIFIED., .F., .F.,
 ( 4, 1, 1, 1, 1, 1, 1, 1, 1, 1, 1, 1, 1, 1, 1, 1, 1, 1, 1, 1, 4 ),
 ( 0.0000000000000000000, 0.05672433721815067100, 0.1114372357370107700, 0.1643678222229013300, 0.2164353724620899400, 0.2676414903219248000, 0.3173597799690279800, 0.3674730633322806900, 0.4182103970528081600, 0.4714042826470198300, 0.5279657201290491900, 0.5880611158232137400, 0.6521342629937144600, 0.6863448363353055200, 0.7232636803169652000, 0.7626102507715416500, 0.8047389366452181200, 0.8494303387909498700, 0.8967112583864922400, 0.9468896380534767000, 1.000000000000000000 ),
 .UNSPECIFIED. ) ;
#7436 = CARTESIAN_POINT ( 'NONE',  ( 3.941381366436298000, -0.4297644981971151000, -2.999700000000000300 ) ) ;
#7437 = DIRECTION ( 'NONE',  ( 1.000000000000000000, 0.0000000000000000000, 0.0000000000000000000 ) ) ;
#7438 = VECTOR ( 'NONE', #7437, 1000.000000000000000 ) ;
#7439 = CARTESIAN_POINT ( 'NONE',  ( -0.2546710234421906100, 0.4000000000000000800, -2.999700000000000300 ) ) ;
#7440 = B_SPLINE_CURVE_WITH_KNOTS ( 'NONE', 3,
 ( #7528, #7527, #7526, #7523, #7522, #7521, #7520, #7519, #7518, #7517, #7516 ),
 .UNSPECIFIED., .F., .F.,
 ( 4, 1, 1, 1, 1, 1, 1, 1, 4 ),
 ( 0.0000000000000000000, 0.1478596367312527700, 0.2835613219395476400, 0.4123693961385310700, 0.5342363558879453800, 0.6526916293119833200, 0.7686630594981231900, 0.8836524018604038400, 1.000000000000000000 ),
 .UNSPECIFIED. ) ;
#7441 = CARTESIAN_POINT ( 'NONE',  ( -3.941381366436297100, -1.338554186698717600, -2.999700000000000300 ) ) ;
#7442 = LINE ( 'NONE', #7530, #7529 ) ;
#7443 = CARTESIAN_POINT ( 'NONE',  ( 2.064533096704729100, 0.3802437024238781700, -2.999700000000000300 ) ) ;
#7444 = CARTESIAN_POINT ( 'NONE',  ( 2.795516107021235500, 1.150121923593374200, -2.999700000000000300 ) ) ;
#7445 = CARTESIAN_POINT ( 'NONE',  ( 2.795342753872391000, 1.133441040889541200, -2.999700000000000700 ) ) ;
#7446 = CARTESIAN_POINT ( 'NONE',  ( 2.794998651586527500, 1.100329846158606600, -2.999700000000001100 ) ) ;
#7447 = CARTESIAN_POINT ( 'NONE',  ( 2.790271267112747200, 1.051001159846261400, -2.999699999999999800 ) ) ;
#7448 = DIRECTION ( 'NONE',  ( 1.000000000000000000, 0.0000000000000000000, 0.0000000000000000000 ) ) ;
#7449 = VECTOR ( 'NONE', #7448, 1000.000000000000000 ) ;
#7450 = CARTESIAN_POINT ( 'NONE',  ( -3.941381366436297100, -1.516360864883813800, -2.999700000000000300 ) ) ;
#7451 = CARTESIAN_POINT ( 'NONE',  ( 0.1605199178059940100, 1.035288443932166600, -2.999700000000000300 ) ) ;
#7452 = LINE ( 'NONE', #7450, #7449 ) ;
#7453 = CARTESIAN_POINT ( 'NONE',  ( -3.941381366436297100, -1.516360864883813800, -2.999700000000000300 ) ) ;
#7454 = DIRECTION ( 'NONE',  ( 0.0000000000000000000, -1.000000000000000000, 0.0000000000000000000 ) ) ;
#7455 = VECTOR ( 'NONE', #7454, 1000.000000000000000 ) ;
#7456 = LINE ( 'NONE', #7441, #7455 ) ;
#7457 = VECTOR ( 'NONE', #7467, 1000.000000000000000 ) ;
#7458 = CARTESIAN_POINT ( 'NONE',  ( -1.515987146817717500, -1.990512006710736900, -2.999700000000000300 ) ) ;
#7459 = CARTESIAN_POINT ( 'NONE',  ( -1.536091934005432900, -1.990066902443956800, -2.999699999999999800 ) ) ;
#7460 = CARTESIAN_POINT ( 'NONE',  ( -1.575482887750883500, -1.989194817530999200, -2.999699999999998900 ) ) ;
#7461 = CARTESIAN_POINT ( 'NONE',  ( -1.632860659796590000, -1.979746275491919300, -2.999700000000002000 ) ) ;
#7462 = CARTESIAN_POINT ( 'NONE',  ( -1.687235930087830600, -1.965676305692154700, -2.999699999999999800 ) ) ;
#7463 = CARTESIAN_POINT ( 'NONE',  ( -1.737951667027525900, -1.944533159611877600, -2.999699999999999800 ) ) ;
#7464 = CARTESIAN_POINT ( 'NONE',  ( -1.785630899541470000, -1.918222122796948900, -2.999700000000001600 ) ) ;
#7465 = CARTESIAN_POINT ( 'NONE',  ( -1.829953541511209600, -1.885836419598553700, -2.999699999999998900 ) ) ;
#7466 = CARTESIAN_POINT ( 'NONE',  ( -1.871183362362588400, -1.847729422363161700, -2.999700000000000700 ) ) ;
#7467 = DIRECTION ( 'NONE',  ( 0.0000000000000000000, 1.000000000000000000, 0.0000000000000000000 ) ) ;
#7468 = CARTESIAN_POINT ( 'NONE',  ( -4.198213234925877800, -1.970755709134615100, -2.999700000000000300 ) ) ;
#7469 = LINE ( 'NONE', #7468, #7457 ) ;
#7470 = CARTESIAN_POINT ( 'NONE',  ( -0.3457352075821307200, -1.812705328525640700, -2.999699999999999400 ) ) ;
#7471 = LINE ( 'NONE', #7439, #7438 ) ;
#7472 = CARTESIAN_POINT ( 'NONE',  ( -0.4874992558356516800, -1.767933410990538000, -2.999700000000000700 ) ) ;
#7473 = CARTESIAN_POINT ( 'NONE',  ( -0.4615666294654375300, -1.784214305733965000, -2.999700000000000300 ) ) ;
#7474 = CARTESIAN_POINT ( 'NONE',  ( -0.4343406257854465800, -1.796784094646720600, -2.999700000000000300 ) ) ;
#7475 = CARTESIAN_POINT ( 'NONE',  ( -0.4059618127538475200, -1.806397668684205600, -2.999700000000000300 ) ) ;
#7476 = CARTESIAN_POINT ( 'NONE',  ( -0.3761742842829046700, -1.811543245947537800, -2.999699999999999400 ) ) ;
#7477 = CARTESIAN_POINT ( 'NONE',  ( -0.3559394582648238200, -1.812315757512777300, -2.999700000000000300 ) ) ;
#7478 = CARTESIAN_POINT ( 'NONE',  ( -0.3457352075821307200, -1.812705328525640700, -2.999699999999999400 ) ) ;
#7479 = B_SPLINE_CURVE_WITH_KNOTS ( 'NONE', 3,
 ( #7553, #7552, #7551, #7550, #7549, #7548, #7547, #7546, #7545, #7544, #7543, #7542, #7541, #7540, #7539, #7538, #7537, #7536, #7217 ),
 .UNSPECIFIED., .F., .F.,
 ( 4, 1, 1, 1, 1, 1, 1, 1, 1, 1, 1, 1, 1, 1, 1, 1, 4 ),
 ( 0.0000000000000000000, 0.1184055081537696100, 0.2266543328167020500, 0.3240923419286019800, 0.4117048030053220800, 0.4890259050064156300, 0.5569093973430758700, 0.6162333444927070600, 0.6673492812770750500, 0.7135123932013476300, 0.7576965045209782500, 0.7994925114422912800, 0.8399760647439393800, 0.8798857418167762600, 0.9191486593857417500, 0.9592273564930831100, 1.000000000000000000 ),
 .UNSPECIFIED. ) ;
#7480 = CARTESIAN_POINT ( 'NONE',  ( -0.001543460748133882100, -1.842031082740196400, -2.999700000000000300 ) ) ;
#7481 = CARTESIAN_POINT ( 'NONE',  ( -0.3457352075821307200, -0.4297644981971151000, -2.999700000000000300 ) ) ;
#7482 = CARTESIAN_POINT ( 'NONE',  ( -0.3322460205679608800, -0.4299747292779465000, -2.999699999999999800 ) ) ;
#7483 = CARTESIAN_POINT ( 'NONE',  ( -0.3057197040779752700, -0.4303881460524570100, -2.999700000000000300 ) ) ;
#7484 = CARTESIAN_POINT ( 'NONE',  ( -0.2669021869520736300, -0.4344285504903752600, -2.999699999999999800 ) ) ;
#7485 = CARTESIAN_POINT ( 'NONE',  ( -0.2298781252125689500, -0.4412821096811829200, -2.999699999999999800 ) ) ;
#7486 = CARTESIAN_POINT ( 'NONE',  ( -0.1946067189145239100, -0.4505989207529957400, -2.999700000000000700 ) ) ;
#7487 = CARTESIAN_POINT ( 'NONE',  ( -0.1608164670633020200, -0.4620276180495687700, -2.999700000000000300 ) ) ;
#7488 = CARTESIAN_POINT ( 'NONE',  ( -0.1292088487931695500, -0.4772092084622733300, -2.999699999999999800 ) ) ;
#7489 = CARTESIAN_POINT ( 'NONE',  ( -0.09918145785376653000, -0.4944038066623323600, -2.999700000000000700 ) ) ;
#7490 = CARTESIAN_POINT ( 'NONE',  ( -0.07084983147695479700, -0.5143308075168545600, -2.999699999999999800 ) ) ;
#7491 = CARTESIAN_POINT ( 'NONE',  ( -0.04436387209408727800, -0.5369124696642706400, -2.999700000000000300 ) ) ;
#7492 = CARTESIAN_POINT ( 'NONE',  ( -0.01933356708632411700, -0.5620202520535657600, -2.999699999999999800 ) ) ;
#7493 = CARTESIAN_POINT ( 'NONE',  ( 0.003200269770512737800, -0.5903001802009396600, -2.999699999999999800 ) ) ;
#7494 = CARTESIAN_POINT ( 'NONE',  ( 0.02487526319548535900, -0.6207151187953128300, -2.999699999999999800 ) ) ;
#7495 = CARTESIAN_POINT ( 'NONE',  ( 0.04438315404739667100, -0.6541186355245532900, -2.999700000000000700 ) ) ;
#7496 = CARTESIAN_POINT ( 'NONE',  ( 0.06275087769297700600, -0.6899911682291951500, -2.999699999999999400 ) ) ;
#7497 = CARTESIAN_POINT ( 'NONE',  ( 0.07907577468154952700, -0.7287047351931331700, -2.999700000000000300 ) ) ;
#7498 = CARTESIAN_POINT ( 'NONE',  ( 0.09346487819069730600, -0.7702182909233230600, -2.999700000000000700 ) ) ;
#7499 = CARTESIAN_POINT ( 'NONE',  ( 0.1065616852581750100, -0.8144652383040650300, -2.999700000000000700 ) ) ;
#7500 = CARTESIAN_POINT ( 'NONE',  ( 0.1174773235160216500, -0.8618260205374543800, -2.999699999999999400 ) ) ;
#7501 = CARTESIAN_POINT ( 'NONE',  ( 0.1271788594150203600, -0.9122512716802486700, -2.999700000000001100 ) ) ;
#7502 = B_SPLINE_CURVE_WITH_KNOTS ( 'NONE', 3,
 ( #7478, #7477, #7476, #7475, #7474, #7473, #7472, #7570, #7569, #7568, #7567, #7566, #7565, #7564, #7563, #7562, #7561, #7560, #7559 ),
 .UNSPECIFIED., .F., .F.,
 ( 4, 1, 1, 1, 1, 1, 1, 1, 1, 1, 1, 1, 1, 1, 1, 1, 4 ),
 ( 0.0000000000000000000, 0.04078184587225970600, 0.08086958872158689400, 0.1202681657882672400, 0.1601868504553521400, 0.2004597376386390300, 0.2422651778979080000, 0.2864592615494683800, 0.3329520837492631600, 0.3844305340495301500, 0.4433891253601055500, 0.5116814722136833200, 0.5890200255490082300, 0.6762451906507722700, 0.7737051914728237900, 0.8815677677819827600, 1.000000000000000000 ),
 .UNSPECIFIED. ) ;
#7503 = CARTESIAN_POINT ( 'NONE',  ( 1.736643832823826300, 0.4521780252666364200, -2.999700000000002000 ) ) ;
#7504 = CARTESIAN_POINT ( 'NONE',  ( 1.693171190165537100, 0.4739016637439922300, -2.999699999999999800 ) ) ;
#7505 = CARTESIAN_POINT ( 'NONE',  ( 1.651361185210593800, 0.4986851813963798000, -2.999700000000000300 ) ) ;
#7506 = CARTESIAN_POINT ( 'NONE',  ( 1.611964155524934000, 0.5267313982276044000, -2.999699999999999800 ) ) ;
#7507 = CARTESIAN_POINT ( 'NONE',  ( 1.574847747121894700, 0.5572807349791073500, -2.999700000000001100 ) ) ;
#7508 = CARTESIAN_POINT ( 'NONE',  ( 1.540154672384411300, 0.5906213066123376900, -2.999699999999999400 ) ) ;
#7509 = B_SPLINE_CURVE_WITH_KNOTS ( 'NONE', 3,
 ( #7575, #7591, #7574, #7581, #7582, #7580, #7585, #7589, #7592, #7588, #7572, #7584, #7576, #7590, #7573, #7571, #7583, #7524, #7579, #7578, #7577, #7587, #7586, #7447, #7446, #7445, #7444 ),
 .UNSPECIFIED., .F., .F.,
 ( 4, 1, 1, 1, 1, 1, 1, 1, 1, 1, 1, 1, 1, 1, 1, 1, 1, 1, 1, 1, 1, 1, 1, 1, 4 ),
 ( 0.0000000000000000000, 0.04469699988991698200, 0.08853356291858732700, 0.1314091332352274900, 0.1738139421467781700, 0.2157145332694450100, 0.2572471603264208100, 0.2988479641797116600, 0.3406041827148142400, 0.3820294481091345300, 0.4229697500404857600, 0.4636322295306195600, 0.5040475437003947300, 0.5445912057564577000, 0.5849639251690937900, 0.6262652162680831800, 0.6679794005009905800, 0.7099427472053507800, 0.7513818550852257000, 0.7926185649779646800, 0.8339484357458206700, 0.8750080506311039800, 0.9164455302232759100, 0.9579066137283072100, 1.000000000000000000 ),
 .UNSPECIFIED. ) ;
#7510 = CARTESIAN_POINT ( 'NONE',  ( 1.333871162551924200, 1.148880171231674700, -2.999700000000000300 ) ) ;
#7511 = CARTESIAN_POINT ( 'NONE',  ( 1.333550086388223000, 1.168026068271734500, -2.999700000000000300 ) ) ;
#7512 = CARTESIAN_POINT ( 'NONE',  ( -1.894995132953406900, -1.818369827230616100, -2.999700000000000300 ) ) ;
#7513 = CARTESIAN_POINT ( 'NONE',  ( -1.907100100395003700, -1.803444564036833500, -2.999700000000000300 ) ) ;
#7514 = B_SPLINE_CURVE_WITH_KNOTS ( 'NONE', 3,
 ( #7513, #7512, #7466, #7465, #7464, #7463, #7462, #7461, #7460, #7459, #7458 ),
 .UNSPECIFIED., .F., .F.,
 ( 4, 1, 1, 1, 1, 1, 1, 1, 4 ),
 ( 0.0000000000000000000, 0.1278926194654213800, 0.2515785135038577900, 0.3727928197023041600, 0.4927776986078541400, 0.6135900692425723100, 0.7378086492801461100, 0.8661799015391683500, 1.000000000000000000 ),
 .UNSPECIFIED. ) ;
#7515 = DIRECTION ( 'NONE',  ( -1.000000000000000000, 0.0000000000000000000, 0.0000000000000000000 ) ) ;
#7516 = CARTESIAN_POINT ( 'NONE',  ( -1.254524896083730500, -1.259528996394230400, -2.999700000000000300 ) ) ;
#7517 = CARTESIAN_POINT ( 'NONE',  ( -1.261378603163238400, -1.249561089739803500, -2.999699999999999800 ) ) ;
#7518 = CARTESIAN_POINT ( 'NONE',  ( -1.275006006326018700, -1.229741642965520400, -2.999700000000000300 ) ) ;
#7519 = CARTESIAN_POINT ( 'NONE',  ( -1.299849017718489800, -1.203416938745887700, -2.999699999999999800 ) ) ;
#7520 = CARTESIAN_POINT ( 'NONE',  ( -1.327482874759591000, -1.179819544742188900, -2.999700000000000300 ) ) ;
#7521 = CARTESIAN_POINT ( 'NONE',  ( -1.358135446666398600, -1.158965414875118900, -2.999700000000000300 ) ) ;
#7522 = CARTESIAN_POINT ( 'NONE',  ( -1.392443524127680900, -1.141509355762435800, -2.999700000000001100 ) ) ;
#7523 = CARTESIAN_POINT ( 'NONE',  ( -1.430984010602634800, -1.129796853877436100, -2.999699999999998900 ) ) ;
#7524 = CARTESIAN_POINT ( 'NONE',  ( 2.708265846671746900, 0.7687928481144502600, -2.999700000000000300 ) ) ;
#7525 = B_SPLINE_CURVE_WITH_KNOTS ( 'NONE', 3,
 ( #7511, #7510, #7535, #7534, #7533, #7532, #7531, #7622, #7621, #7620, #7619, #7618, #7617, #7508, #7507, #7506, #7505, #7504, #7503, #7599, #7598, #7597, #7596, #7595, #7594, #7593, #7443 ),
 .UNSPECIFIED., .F., .F.,
 ( 4, 1, 1, 1, 1, 1, 1, 1, 1, 1, 1, 1, 1, 1, 1, 1, 1, 1, 1, 1, 1, 1, 1, 1, 4 ),
 ( 0.0000000000000000000, 0.04755955690542635500, 0.09396210524321060900, 0.1391115332408220100, 0.1836263101269045000, 0.2274570284004933900, 0.2707025105518544600, 0.3136105321155536800, 0.3562604510849768400, 0.3983661529550376300, 0.4395565149792803900, 0.4800453830214203000, 0.5198884957050125000, 0.5596577503171972200, 0.5994212546627412100, 0.6392077550883982200, 0.6796683749857804800, 0.7200198525128481700, 0.7598588655624577400, 0.7995598848323806100, 0.8391991446364381900, 0.8789560762302789400, 0.9187942693024657700, 0.9590833628432748900, 1.000000000000000000 ),
 .UNSPECIFIED. ) ;
#7526 = CARTESIAN_POINT ( 'NONE',  ( -1.473320552050598100, -1.122546203595999700, -2.999700000000001600 ) ) ;
#7527 = CARTESIAN_POINT ( 'NONE',  ( -1.502784415216009900, -1.121684328008125200, -2.999700000000000300 ) ) ;
#7528 = CARTESIAN_POINT ( 'NONE',  ( -1.518147991865106000, -1.121234913361378100, -2.999700000000000700 ) ) ;
#7529 = VECTOR ( 'NONE', #7515, 1000.000000000000000 ) ;
#7530 = CARTESIAN_POINT ( 'NONE',  ( -4.198213234925877800, -0.4297644981971151000, -2.999700000000000300 ) ) ;
#7531 = CARTESIAN_POINT ( 'NONE',  ( 1.369768198051817000, 0.8967814861613746500, -2.999700000000000700 ) ) ;
#7532 = CARTESIAN_POINT ( 'NONE',  ( 1.356354997984310600, 0.9480631386483107100, -2.999699999999999800 ) ) ;
#7533 = CARTESIAN_POINT ( 'NONE',  ( 1.346344919125669300, 1.000897154494407900, -2.999699999999999800 ) ) ;
#7534 = CARTESIAN_POINT ( 'NONE',  ( 1.338797716837358600, 1.055173544268913400, -2.999700000000000700 ) ) ;
#7535 = CARTESIAN_POINT ( 'NONE',  ( 1.334505503875682600, 1.111054150349454900, -2.999699999999999800 ) ) ;
#7536 = CARTESIAN_POINT ( 'NONE',  ( -0.3355284009980940000, -1.812324087679682000, -2.999699999999999800 ) ) ;
#7537 = CARTESIAN_POINT ( 'NONE',  ( -0.3152885066785166600, -1.811568094669627800, -2.999700000000000300 ) ) ;
#7538 = CARTESIAN_POINT ( 'NONE',  ( -0.2855696463466536100, -1.806306494004239700, -2.999699999999999800 ) ) ;
#7539 = CARTESIAN_POINT ( 'NONE',  ( -0.2570799866197605000, -1.797163590363283200, -2.999700000000000300 ) ) ;
#7540 = CARTESIAN_POINT ( 'NONE',  ( -0.2298133283912319200, -1.784549247714778000, -2.999699999999999800 ) ) ;
#7541 = CARTESIAN_POINT ( 'NONE',  ( -0.2040678280363936400, -1.767888606851431200, -2.999700000000000300 ) ) ;
#7542 = CARTESIAN_POINT ( 'NONE',  ( -0.1794440255903752600, -1.747906933163024600, -2.999700000000001100 ) ) ;
#7543 = CARTESIAN_POINT ( 'NONE',  ( -0.1561025883882899700, -1.724398448489290900, -2.999699999999999800 ) ) ;
#7544 = CARTESIAN_POINT ( 'NONE',  ( -0.1334943730979887600, -1.697064029090091100, -2.999700000000000700 ) ) ;
#7545 = CARTESIAN_POINT ( 'NONE',  ( -0.1128455183288883400, -1.663530866349620200, -2.999700000000000700 ) ) ;
#7546 = CARTESIAN_POINT ( 'NONE',  ( -0.09615931957125654900, -1.621980199166363200, -2.999699999999999800 ) ) ;
#7547 = CARTESIAN_POINT ( 'NONE',  ( -0.08135658844678080000, -1.572927016082160500, -2.999700000000001600 ) ) ;
#7548 = CARTESIAN_POINT ( 'NONE',  ( -0.06956739149255294900, -1.515782567694525100, -2.999700000000000700 ) ) ;
#7549 = CARTESIAN_POINT ( 'NONE',  ( -0.06063892030550718100, -1.450692475650013000, -2.999699999999999800 ) ) ;
#7550 = CARTESIAN_POINT ( 'NONE',  ( -0.05388549362228189200, -1.377568692727616300, -2.999700000000000300 ) ) ;
#7551 = CARTESIAN_POINT ( 'NONE',  ( -0.04996241017220555400, -1.296512463582686800, -2.999700000000000300 ) ) ;
#7552 = CARTESIAN_POINT ( 'NONE',  ( -0.04958690826499691900, -1.239777118371554200, -2.999700000000000300 ) ) ;
#7553 = CARTESIAN_POINT ( 'NONE',  ( -0.04939074394030385000, -1.210138252453925900, -2.999700000000000300 ) ) ;
#7554 = CARTESIAN_POINT ( 'NONE',  ( 0.09161980111820150500, -1.657956138753929200, -2.999699999999999400 ) ) ;
#7555 = CARTESIAN_POINT ( 'NONE',  ( 0.06532764081314665300, -1.726145046378682700, -2.999700000000000300 ) ) ;
#7556 = CARTESIAN_POINT ( 'NONE',  ( 0.03585270980602514600, -1.788086558090759000, -2.999700000000000300 ) ) ;
#7557 = CARTESIAN_POINT ( 'NONE',  ( 0.01066935694084796200, -1.824413914054214200, -2.999699999999999800 ) ) ;
#7558 =( LENGTH_UNIT ( ) NAMED_UNIT ( * ) SI_UNIT ( .MILLI., .METRE. ) );
#7559 = CARTESIAN_POINT ( 'NONE',  ( -0.6420796712239575900, -1.210138252453925900, -2.999700000000000300 ) ) ;
#7560 = CARTESIAN_POINT ( 'NONE',  ( -0.6418863941385223300, -1.239777252081674600, -2.999700000000000300 ) ) ;
#7561 = CARTESIAN_POINT ( 'NONE',  ( -0.6415170892607691100, -1.296410075934487000, -2.999699999999999800 ) ) ;
#7562 = CARTESIAN_POINT ( 'NONE',  ( -0.6375677515815437700, -1.377362012192867400, -2.999700000000001100 ) ) ;
#7563 = CARTESIAN_POINT ( 'NONE',  ( -0.6308551568761994200, -1.450282982855463300, -2.999699999999999800 ) ) ;
#7564 = CARTESIAN_POINT ( 'NONE',  ( -0.6218898544157972500, -1.515270162605836200, -2.999700000000001600 ) ) ;
#7565 = CARTESIAN_POINT ( 'NONE',  ( -0.6100359678545459500, -1.572385496142888000, -2.999699999999999800 ) ) ;
#7566 = CARTESIAN_POINT ( 'NONE',  ( -0.5954639290433824100, -1.621524585972176100, -2.999699999999999800 ) ) ;
#7567 = CARTESIAN_POINT ( 'NONE',  ( -0.5784647176859690800, -1.663041405945973300, -2.999700000000001600 ) ) ;
#7568 = CARTESIAN_POINT ( 'NONE',  ( -0.5579731784242169000, -1.696729603655318300, -2.999699999999999800 ) ) ;
#7569 = CARTESIAN_POINT ( 'NONE',  ( -0.5354665186627503000, -1.724381735892940500, -2.999700000000000300 ) ) ;
#7570 = CARTESIAN_POINT ( 'NONE',  ( -0.5120021234562325300, -1.747876262006775600, -2.999700000000000700 ) ) ;
#7571 = CARTESIAN_POINT ( 'NONE',  ( 2.659386545246937000, 0.6834087731373239500, -2.999699999999999800 ) ) ;
#7572 = CARTESIAN_POINT ( 'NONE',  ( 2.491636853283753600, 0.5108519460430202000, -2.999700000000000700 ) ) ;
#7573 = CARTESIAN_POINT ( 'NONE',  ( 2.631194665371205500, 0.6439881051186711100, -2.999699999999999800 ) ) ;
#7574 = CARTESIAN_POINT ( 'NONE',  ( 2.117324909246479900, 0.3810247638316208200, -2.999699999999999800 ) ) ;
#7575 = CARTESIAN_POINT ( 'NONE',  ( 2.064533096704729100, 0.3802437024238781700, -2.999700000000000300 ) ) ;
#7576 = CARTESIAN_POINT ( 'NONE',  ( 2.566565972383144900, 0.5726159285662779700, -2.999700000000000700 ) ) ;
#7577 = CARTESIAN_POINT ( 'NONE',  ( 2.761775246613125100, 0.9067565894955146300, -2.999699999999999800 ) ) ;
#7578 = CARTESIAN_POINT ( 'NONE',  ( 2.746436467619705700, 0.8600659248541940900, -2.999700000000001100 ) ) ;
#7579 = CARTESIAN_POINT ( 'NONE',  ( 2.728982358730290600, 0.8138509825922497500, -2.999699999999999800 ) ) ;
#7580 = CARTESIAN_POINT ( 'NONE',  ( 2.268859562048381600, 0.4055191467723766000, -2.999700000000000700 ) ) ;
#7581 = CARTESIAN_POINT ( 'NONE',  ( 2.169175415451637200, 0.3862055297790013600, -2.999700000000000700 ) ) ;
#7582 = CARTESIAN_POINT ( 'NONE',  ( 2.219735962555473100, 0.3941089687011660700, -2.999699999999999800 ) ) ;
#7583 = CARTESIAN_POINT ( 'NONE',  ( 2.685332870443174300, 0.7248771085381884300, -2.999700000000000700 ) ) ;
#7584 = CARTESIAN_POINT ( 'NONE',  ( 2.530305469931367400, 0.5405734107871917900, -2.999699999999999800 ) ) ;
#7585 = CARTESIAN_POINT ( 'NONE',  ( 2.316479088480714900, 0.4204045302394885900, -2.999700000000000700 ) ) ;
#7586 = CARTESIAN_POINT ( 'NONE',  ( 2.783725525348147200, 1.002318965158586600, -2.999700000000000700 ) ) ;
#7587 = CARTESIAN_POINT ( 'NONE',  ( 2.773991031408119300, 0.9542107582496455200, -2.999700000000001100 ) ) ;
#7588 = CARTESIAN_POINT ( 'NONE',  ( 2.450581504767590100, 0.4837254440098615600, -2.999699999999999800 ) ) ;
#7589 = CARTESIAN_POINT ( 'NONE',  ( 2.362650886650573800, 0.4384213273961518600, -2.999700000000000300 ) ) ;
#7590 = CARTESIAN_POINT ( 'NONE',  ( 2.599836528013066900, 0.6075091239669001600, -2.999699999999999800 ) ) ;
#7591 = CARTESIAN_POINT ( 'NONE',  ( 2.082244015202902700, 0.3805057376575360900, -2.999700000000000300 ) ) ;
#7592 = CARTESIAN_POINT ( 'NONE',  ( 2.407537347645363600, 0.4593287493356717500, -2.999700000000001100 ) ) ;
#7593 = CARTESIAN_POINT ( 'NONE',  ( 2.048061226893785200, 0.3805659051442273900, -2.999700000000000300 ) ) ;
#7594 = CARTESIAN_POINT ( 'NONE',  ( 2.015370118413174300, 0.3812053689212350200, -2.999699999999999400 ) ) ;
#7595 = CARTESIAN_POINT ( 'NONE',  ( 1.966787282181989800, 0.3855453828583178500, -2.999700000000001100 ) ) ;
#7596 = CARTESIAN_POINT ( 'NONE',  ( 1.919092324685844900, 0.3930827014659886700, -2.999700000000000300 ) ) ;
#7597 = CARTESIAN_POINT ( 'NONE',  ( 1.872128895245803500, 0.4031484232057256400, -2.999700000000001100 ) ) ;
#7598 = CARTESIAN_POINT ( 'NONE',  ( 1.826029154535343300, 0.4164686494929615800, -2.999700000000000700 ) ) ;
#7599 = CARTESIAN_POINT ( 'NONE',  ( 1.780918858121253600, 0.4329052441666073600, -2.999699999999998900 ) ) ;
#7600 = B_SPLINE_CURVE_WITH_KNOTS ( 'NONE', 3,
 ( #7636, #7635, #7634, #7633, #7632, #7631, #7501, #7500, #7499, #7498, #7497, #7496, #7495, #7494, #7493, #7492, #7491, #7490, #7489, #7488, #7487, #7486, #7485, #7484, #7483, #7482, #7481 ),
 .UNSPECIFIED., .F., .F.,
 ( 4, 1, 1, 1, 1, 1, 1, 1, 1, 1, 1, 1, 1, 1, 1, 1, 1, 1, 1, 1, 1, 1, 1, 1, 4 ),
 ( 0.0000000000000000000, 0.06311445839479323800, 0.1236146457694898600, 0.1809737111859574800, 0.2352614550083220200, 0.2871007018338719900, 0.3360307363034434900, 0.3823823485850662000, 0.4263340836597072600, 0.4682106947981600800, 0.5082496012618051800, 0.5466283366065848300, 0.5836495392304462700, 0.6189943150301616700, 0.6535830186205959800, 0.6871561361903314500, 0.7204221919788075200, 0.7532302188118168400, 0.7862601560778999000, 0.8195039834988839800, 0.8535452747120185800, 0.8883082803397299700, 0.9239958607406950600, 0.9613503047546451100, 1.000000000000000000 ),
 .UNSPECIFIED. ) ;
#7601 = CARTESIAN_POINT ( 'NONE',  ( 3.447473927033252800, -1.773192733373397000, -2.999700000000000300 ) ) ;
#7602 = B_SPLINE_CURVE_WITH_KNOTS ( 'NONE', 3,
 ( #7480, #7557, #7556, #7555, #7554, #7242, #7241, #7218, #7096, #7095, #7312 ),
 .UNSPECIFIED., .F., .F.,
 ( 4, 1, 1, 1, 1, 1, 1, 1, 4 ),
 ( 0.0000000000000000000, 0.09742066817721462000, 0.2008855880393206100, 0.3111719701726501900, 0.4297979458253725600, 0.5577399263645872500, 0.6947152693641581700, 0.8421299102060549900, 1.000000000000000000 ),
 .UNSPECIFIED. ) ;
#7603 = CARTESIAN_POINT ( 'NONE',  ( -0.8396426469851755400, -1.210755636753179800, -2.999700000000000300 ) ) ;
#7604 = CARTESIAN_POINT ( 'NONE',  ( -0.8394995443951794900, -1.192233381372616000, -2.999700000000000700 ) ) ;
#7605 = CARTESIAN_POINT ( 'NONE',  ( -0.8392212392603505300, -1.156211400350742900, -2.999699999999999800 ) ) ;
#7606 = CARTESIAN_POINT ( 'NONE',  ( -0.8377785677797308100, -1.103712198990019400, -2.999700000000000300 ) ) ;
#7607 = CARTESIAN_POINT ( 'NONE',  ( -0.8349364387611588600, -1.054211409837625800, -2.999700000000000300 ) ) ;
#7608 = CARTESIAN_POINT ( 'NONE',  ( -0.8312561361773718200, -1.007585314092964300, -2.999700000000000700 ) ) ;
#7609 = CARTESIAN_POINT ( 'NONE',  ( -0.8267705683299131400, -0.9638048814568417300, -2.999700000000000300 ) ) ;
#7610 = CARTESIAN_POINT ( 'NONE',  ( -0.8209157685891336200, -0.9229192155801663200, -2.999700000000000700 ) ) ;
#7611 = CARTESIAN_POINT ( 'NONE',  ( -0.8138634964144499900, -0.8850272298948213000, -2.999699999999999800 ) ) ;
#7612 = CARTESIAN_POINT ( 'NONE',  ( -0.8032092385768249100, -0.8390848374233688100, -2.999700000000001100 ) ) ;
#7613 = CARTESIAN_POINT ( 'NONE',  ( -0.7882726479390697000, -0.7858636789168730300, -2.999700000000000300 ) ) ;
#7614 = CARTESIAN_POINT ( 'NONE',  ( -0.7672239833081295800, -0.7264079711942229600, -2.999700000000000700 ) ) ;
#7615 = CARTESIAN_POINT ( 'NONE',  ( -0.7439393141267457400, -0.6718820011497815800, -2.999699999999999800 ) ) ;
#7616 = CARTESIAN_POINT ( 'NONE',  ( -0.7177289983380622500, -0.6223468712904008900, -2.999700000000000700 ) ) ;
#7617 = CARTESIAN_POINT ( 'NONE',  ( 1.508312129101940800, 0.6270648719373969100, -2.999699999999999800 ) ) ;
#7618 = CARTESIAN_POINT ( 'NONE',  ( 1.478576509547501600, 0.6659597518423348000, -2.999700000000001100 ) ) ;
#7619 = CARTESIAN_POINT ( 'NONE',  ( 1.451399494332244800, 0.7077830872243502400, -2.999699999999999800 ) ) ;
#7620 = CARTESIAN_POINT ( 'NONE',  ( 1.426761830287268700, 0.7521436538295721600, -2.999700000000000300 ) ) ;
#7621 = CARTESIAN_POINT ( 'NONE',  ( 1.404987483598805000, 0.7987312616466926100, -2.999700000000000300 ) ) ;
#7622 = CARTESIAN_POINT ( 'NONE',  ( 1.385707725102956400, 0.8469051693936846500, -2.999699999999999800 ) ) ;
#7623 = CARTESIAN_POINT ( 'NONE',  ( -0.6877435032088156100, -0.5775802496795113800, -2.999699999999999800 ) ) ;
#7624 = CARTESIAN_POINT ( 'NONE',  ( -0.6520008740872639300, -0.5388170986952651700, -2.999700000000000300 ) ) ;
#7625 = CARTESIAN_POINT ( 'NONE',  ( -0.6108911864623348700, -0.5055980877088360700, -2.999699999999999400 ) ) ;
#7626 = CARTESIAN_POINT ( 'NONE',  ( -0.5648578747186668900, -0.4782720097754495400, -2.999700000000000300 ) ) ;
#7627 = CARTESIAN_POINT ( 'NONE',  ( -0.5146641900986094200, -0.4567586732904252400, -2.999700000000000700 ) ) ;
#7628 = CARTESIAN_POINT ( 'NONE',  ( -0.4611681858647006000, -0.4408115654097896600, -2.999699999999998500 ) ) ;
#7629 = CARTESIAN_POINT ( 'NONE',  ( -0.4044046179812447200, -0.4314893373407192600, -2.999700000000001100 ) ) ;
#7630 = CARTESIAN_POINT ( 'NONE',  ( -0.3655255994141385900, -0.4303463217107126900, -2.999700000000000700 ) ) ;
#7631 = CARTESIAN_POINT ( 'NONE',  ( 0.1346415431218659900, -0.9658541289070229400, -2.999700000000000300 ) ) ;
#7632 = CARTESIAN_POINT ( 'NONE',  ( 0.1409434882488685400, -1.022558095412476000, -2.999700000000000700 ) ) ;
#7633 = CARTESIAN_POINT ( 'NONE',  ( 0.1451652614275168700, -1.082491163192016700, -2.999700000000000300 ) ) ;
#7634 = CARTESIAN_POINT ( 'NONE',  ( 0.1475833422515265000, -1.145601283176678000, -2.999700000000001100 ) ) ;
#7635 = CARTESIAN_POINT ( 'NONE',  ( 0.1479731870796425800, -1.188733457851566500, -2.999699999999999800 ) ) ;
#7636 = CARTESIAN_POINT ( 'NONE',  ( 0.1481722318209141000, -1.210755636753179800, -2.999700000000000300 ) ) ;
#7637 = MECHANICAL_DESIGN_GEOMETRIC_PRESENTATION_REPRESENTATION (  '', ( #7353 ), #8081 ) ;
#7638 =( NAMED_UNIT ( * ) PLANE_ANGLE_UNIT ( ) SI_UNIT ( $, .RADIAN. ) );
#7639 =( LENGTH_UNIT ( ) NAMED_UNIT ( * ) SI_UNIT ( .MILLI., .METRE. ) );
#7640 = MECHANICAL_DESIGN_GEOMETRIC_PRESENTATION_REPRESENTATION (  '', ( #7642 ), #7691 ) ;
#7641 = PRESENTATION_LAYER_ASSIGNMENT (  '', '', ( #7642 ) ) ;
#7642 = STYLED_ITEM ( 'NONE', ( #7643 ), #1508 ) ;
#7643 = PRESENTATION_STYLE_ASSIGNMENT (( #7723 ) ) ;
#7644 = CARTESIAN_POINT ( 'NONE',  ( 4.237725830078124600, -0.8841593424479163900, -2.999700000000000300 ) ) ;
#7645 = CARTESIAN_POINT ( 'NONE',  ( 4.237360148705753300, -0.8736552743412566700, -2.999699999999999800 ) ) ;
#7646 = CARTESIAN_POINT ( 'NONE',  ( 4.236644480752289600, -0.8530979654572460300, -2.999700000000000700 ) ) ;
#7647 = CARTESIAN_POINT ( 'NONE',  ( 4.233085565781745900, -0.8230785185556227500, -2.999700000000000300 ) ) ;
#7648 = CARTESIAN_POINT ( 'NONE',  ( 4.226557922301211100, -0.7948598587348584300, -2.999700000000001600 ) ) ;
#7649 = CARTESIAN_POINT ( 'NONE',  ( 4.217566256649981900, -0.7685234633641938600, -2.999699999999999800 ) ) ;
#7650 = CARTESIAN_POINT ( 'NONE',  ( 4.206383757333403800, -0.7438679959925323900, -2.999700000000002000 ) ) ;
#7651 = CARTESIAN_POINT ( 'NONE',  ( 4.192843019629211000, -0.7208159492283977600, -2.999699999999998500 ) ) ;
#7652 = CARTESIAN_POINT ( 'NONE',  ( 4.176316819759368700, -0.6998741856905074100, -2.999700000000001100 ) ) ;
#7653 = CARTESIAN_POINT ( 'NONE',  ( 4.157701354006547900, -0.6806385731286918000, -2.999699999999999800 ) ) ;
#7654 = CARTESIAN_POINT ( 'NONE',  ( 4.137115557542305300, -0.6632903753585384100, -2.999700000000001100 ) ) ;
#7655 = CARTESIAN_POINT ( 'NONE',  ( 4.114440037412872000, -0.6486372477052828600, -2.999699999999999400 ) ) ;
#7656 = CARTESIAN_POINT ( 'NONE',  ( 4.090388932963201700, -0.6356563127967622700, -2.999700000000000300 ) ) ;
#7657 = CARTESIAN_POINT ( 'NONE',  ( 4.064577085905654000, -0.6253436190454522100, -2.999700000000000700 ) ) ;
#7658 = CARTESIAN_POINT ( 'NONE',  ( 4.037109622192633500, -0.6171573460039792000, -2.999699999999999400 ) ) ;
#7659 = CARTESIAN_POINT ( 'NONE',  ( 4.008019973244327800, -0.6118030417230785300, -2.999700000000001100 ) ) ;
#7660 = CARTESIAN_POINT ( 'NONE',  ( 3.977377571451925500, -0.6082986058842621000, -2.999699999999999800 ) ) ;
#7661 = CARTESIAN_POINT ( 'NONE',  ( 3.956414496424576200, -0.6078171728057539800, -2.999700000000000700 ) ) ;
#7662 = CARTESIAN_POINT ( 'NONE',  ( 3.945703056531074000, -0.6075711763822112500, -2.999700000000000300 ) ) ;
#7663 = AXIS2_PLACEMENT_3D ( 'NONE', #7736, #7854, #7878 ) ;
#7664 = FACE_BOUND ( 'NONE', #1350, .T. ) ;
#7665 = CARTESIAN_POINT ( 'NONE',  ( 2.064533096704729100, 0.3802437024238781700, -2.999700000000000300 ) ) ;
#7666 = CARTESIAN_POINT ( 'NONE',  ( 3.664793200370592500, -0.8569944332807489800, -2.999700000000000300 ) ) ;
#7667 = CARTESIAN_POINT ( 'NONE',  ( 3.665007680595483700, -0.8657571455032474500, -2.999699999999999800 ) ) ;
#7668 = CARTESIAN_POINT ( 'NONE',  ( 3.665441387016738600, -0.8834764693263290600, -2.999699999999999400 ) ) ;
#7669 = CARTESIAN_POINT ( 'NONE',  ( 3.669776248790291600, -0.9101056071860365000, -2.999700000000000700 ) ) ;
#7670 = CARTESIAN_POINT ( 'NONE',  ( 3.676168290832341000, -0.9371087868672533000, -2.999699999999999800 ) ) ;
#7671 = CARTESIAN_POINT ( 'NONE',  ( 3.685545705480191000, -0.9642180711921913800, -2.999699999999999800 ) ) ;
#7672 = CARTESIAN_POINT ( 'NONE',  ( 3.697402117699853300, -0.9915124418794201100, -2.999699999999999800 ) ) ;
#7673 = CARTESIAN_POINT ( 'NONE',  ( 4.435288805839341800, -0.8644030448717945300, -2.999700000000000300 ) ) ;
#7674 = CARTESIAN_POINT ( 'NONE',  ( -0.05388549362228189200, -1.377568692727616300, -3.000000000000000000 ) ) ;
#7675 = CARTESIAN_POINT ( 'NONE',  ( -0.04996241017220555400, -1.296512463582686800, -3.000000000000000000 ) ) ;
#7676 = CARTESIAN_POINT ( 'NONE',  ( -0.04958690826499691900, -1.239777118371554200, -3.000000000000000000 ) ) ;
#7677 = CARTESIAN_POINT ( 'NONE',  ( -0.04939074394030385000, -1.210138252453925900, -2.999999999999999100 ) ) ;
#7678 = B_SPLINE_CURVE_WITH_KNOTS ( 'NONE', 3,
 ( #7677, #7676, #7675, #7674, #7810, #7809, #7808, #7807, #7806, #7805, #7804, #7803, #7802, #7801, #7763, #7762, #7761, #7760, #7759 ),
 .UNSPECIFIED., .F., .F.,
 ( 4, 1, 1, 1, 1, 1, 1, 1, 1, 1, 1, 1, 1, 1, 1, 1, 4 ),
 ( 0.0000000000000000000, 0.1184055081537696100, 0.2266543328167020500, 0.3240923419286019800, 0.4117048030053220800, 0.4890259050064156300, 0.5569093973430758700, 0.6162333444927070600, 0.6673492812770750500, 0.7135123932013476300, 0.7576965045209782500, 0.7994925114422912800, 0.8399760647439393800, 0.8798857418167762600, 0.9191486593857417500, 0.9592273564930831100, 1.000000000000000000 ),
 .UNSPECIFIED. ) ;
#7679 = CARTESIAN_POINT ( 'NONE',  ( -2.420146453074919700, -1.210138252453926100, -3.000000000000001300 ) ) ;
#7680 = CARTESIAN_POINT ( 'NONE',  ( -2.420484011086968800, -1.181117958360833800, -3.000000000000000400 ) ) ;
#7681 = CARTESIAN_POINT ( 'NONE',  ( -2.421131937288381500, -1.125414914011547900, -3.000000000000000000 ) ) ;
#7682 = CARTESIAN_POINT ( 'NONE',  ( -2.424875760640258400, -1.045365523100130400, -3.000000000000000400 ) ) ;
#7683 = CARTESIAN_POINT ( 'NONE',  ( 4.079058065169896000, -1.394427465781187300, -2.999700000000000300 ) ) ;
#7684 = DIRECTION ( 'NONE',  ( 0.0000000000000000000, 1.000000000000000000, -5.805511441216335500E-013 ) ) ;
#7685 = DIRECTION ( 'NONE',  ( 3.307596518807709000E-014, -5.805511441216335500E-013, -1.000000000000000000 ) ) ;
#7686 = CARTESIAN_POINT ( 'NONE',  ( 2.596257114768590700, 0.6041912804346271100, -2.999700000000000300 ) ) ;
#7687 = CARTESIAN_POINT ( 'NONE',  ( 2.578196833683895800, 1.147652386396359200, -2.999700000000000300 ) ) ;
#7688 = CARTESIAN_POINT ( 'NONE',  ( -2.509358484317094200, -0.7131438915546121100, -3.000000000000000000 ) ) ;
#7689 = SURFACE_STYLE_USAGE ( .BOTH. , #7690 ) ;
#7690 = SURFACE_SIDE_STYLE ('',( #7737 ) ) ;
#7691 =( GEOMETRIC_REPRESENTATION_CONTEXT ( 3 ) GLOBAL_UNCERTAINTY_ASSIGNED_CONTEXT ( ( #7692 ) ) GLOBAL_UNIT_ASSIGNED_CONTEXT ( ( #7639, #7638, #7693 ) ) REPRESENTATION_CONTEXT ( 'NONE', 'WORKASPACE' ) );
#7692 = UNCERTAINTY_MEASURE_WITH_UNIT (LENGTH_MEASURE( 1.000000000000000100E-005 ), #7639, 'distance_accuracy_value', 'NONE');
#7693 =( NAMED_UNIT ( * ) SI_UNIT ( $, .STERADIAN. ) SOLID_ANGLE_UNIT ( ) );
#7694 = CARTESIAN_POINT ( 'NONE',  ( 3.923562038415157700, -0.4300696339807993400, -2.999700000000000700 ) ) ;
#7695 = CARTESIAN_POINT ( 'NONE',  ( 3.941381366436298000, -0.4297644981971151000, -2.999700000000000300 ) ) ;
#7696 = B_SPLINE_CURVE_WITH_KNOTS ( 'NONE', 3,
 ( #7833, #7832, #7831, #7830, #7829, #7828, #7827, #7826, #7825, #7824, #7823, #7822, #7821, #7820, #7819, #7818, #7817, #7816, #7815 ),
 .UNSPECIFIED., .F., .F.,
 ( 4, 1, 1, 1, 1, 1, 1, 1, 1, 1, 1, 1, 1, 1, 1, 1, 4 ),
 ( 0.0000000000000000000, 0.07067529020333018800, 0.1374926938441248800, 0.2014728253723051500, 0.2628693217722903300, 0.3225500865261558500, 0.3807372513385546300, 0.4382197368560122300, 0.4954874370602862500, 0.5534836796953474000, 0.6113462062294287000, 0.6706437388141554000, 0.7315869484227129900, 0.7941831937999382900, 0.8594451119347497100, 0.9282076353998101000, 1.000000000000000000 ),
 .UNSPECIFIED. ) ;
#7697 = B_SPLINE_CURVE_WITH_KNOTS ( 'NONE', 3,
 ( #7695, #7694, #7796, #7795, #7794, #7793, #7792, #7791, #7790, #7846, #7845, #7844, #7843, #7842, #7841, #7840, #7839, #7838, #7837 ),
 .UNSPECIFIED., .F., .F.,
 ( 4, 1, 1, 1, 1, 1, 1, 1, 1, 1, 1, 1, 1, 1, 1, 1, 4 ),
 ( 0.0000000000000000000, 0.07471189030450156600, 0.1455392023749091900, 0.2133390572509728000, 0.2786150735384713100, 0.3420941969414983400, 0.4038900759591957400, 0.4650633525655204500, 0.5265767363834861200, 0.5873283340287679400, 0.6463804557031435100, 0.7043453083753259400, 0.7616719489990784200, 0.8194178590468649300, 0.8780393997816816600, 0.9377955090070546600, 1.000000000000000000 ),
 .UNSPECIFIED. ) ;
#7698 = CARTESIAN_POINT ( 'NONE',  ( 3.467230224609374500, -0.8551422803829875600, -2.999700000000000300 ) ) ;
#7699 = CARTESIAN_POINT ( 'NONE',  ( 4.434362729390461900, -1.833696394700270000, -2.999700000000000300 ) ) ;
#7700 = CARTESIAN_POINT ( 'NONE',  ( -0.001543460748133882100, -1.842031082740196400, -2.999700000000000300 ) ) ;
#7701 = CARTESIAN_POINT ( 'NONE',  ( 3.711637792357006700, -1.019108621848194400, -2.999700000000001600 ) ) ;
#7702 = CARTESIAN_POINT ( 'NONE',  ( 3.728719905281308000, -1.046919289210475700, -2.999700000000000300 ) ) ;
#7703 = CARTESIAN_POINT ( 'NONE',  ( 3.748877891505339100, -1.075430235418355400, -2.999700000000000300 ) ) ;
#7704 = CARTESIAN_POINT ( 'NONE',  ( 3.772769385085695600, -1.105623612391885000, -2.999700000000001100 ) ) ;
#7705 = CARTESIAN_POINT ( 'NONE',  ( 3.801732391856639000, -1.137882360527695800, -2.999699999999999400 ) ) ;
#7706 = CARTESIAN_POINT ( 'NONE',  ( 3.835413330276733000, -1.173374109814398200, -2.999700000000001100 ) ) ;
#7707 = CARTESIAN_POINT ( 'NONE',  ( 3.874102001536491100, -1.211988097719644000, -2.999699999999999800 ) ) ;
#7708 = CARTESIAN_POINT ( 'NONE',  ( 3.917889247313648000, -1.253636839190149100, -2.999700000000000300 ) ) ;
#7709 = CARTESIAN_POINT ( 'NONE',  ( 3.967133201336648300, -1.297916368358926300, -2.999700000000000300 ) ) ;
#7710 = CARTESIAN_POINT ( 'NONE',  ( 4.021049709506632700, -1.345602774520959300, -2.999700000000001100 ) ) ;
#7711 = CARTESIAN_POINT ( 'NONE',  ( 4.059229968111573300, -1.377738478374438000, -2.999699999999999800 ) ) ;
#7712 = CARTESIAN_POINT ( 'NONE',  ( 4.079058065169896000, -1.394427465781187300, -2.999700000000000300 ) ) ;
#7713 = B_SPLINE_CURVE_WITH_KNOTS ( 'NONE', 3,
 ( #7662, #7661, #7660, #7659, #7658, #7657, #7656, #7655, #7654, #7653, #7652, #7651, #7650, #7649, #7648, #7647, #7646, #7645, #7644 ),
 .UNSPECIFIED., .F., .F.,
 ( 4, 1, 1, 1, 1, 1, 1, 1, 1, 1, 1, 1, 1, 1, 1, 1, 4 ),
 ( 0.0000000000000000000, 0.07069648334337688700, 0.1383582132030691500, 0.2033698682591703300, 0.2657002133402303100, 0.3272558681973763400, 0.3865123433292939100, 0.4458582974819502200, 0.5051731438069386700, 0.5637797628070210200, 0.6223430642934402200, 0.6808235796100193800, 0.7397951568104396100, 0.8008011629883834400, 0.8642394615769082300, 0.9306310981734531300, 1.000000000000000000 ),
 .UNSPECIFIED. ) ;
#7714 = CARTESIAN_POINT ( 'NONE',  ( -2.420146453074919700, -1.210138252453926100, -3.000000000000001300 ) ) ;
#7715 = FILL_AREA_STYLE_COLOUR ( '', #7717 ) ;
#7716 = FACE_OUTER_BOUND ( 'NONE', #1450, .T. ) ;
#7717 = COLOUR_RGB ( '',1.000000000000000000, 1.000000000000000000, 1.000000000000000000 ) ;
#7718 = B_SPLINE_CURVE_WITH_KNOTS ( 'NONE', 3,
 ( #7712, #7711, #7710, #7709, #7708, #7707, #7706, #7705, #7704, #7703, #7702, #7701, #7672, #7671, #7670, #7669, #7668, #7667, #7666 ),
 .UNSPECIFIED., .F., .F.,
 ( 4, 1, 1, 1, 1, 1, 1, 1, 1, 1, 1, 1, 1, 1, 1, 1, 4 ),
 ( 0.0000000000000000000, 0.1114096600426611700, 0.2145263672558017600, 0.3094172254458345500, 0.3960871907990312600, 0.4742842164262464100, 0.5443738816396976900, 0.6064195628105364400, 0.6605816023749736500, 0.7097938180647577200, 0.7564506485918287600, 0.8007673253039326900, 0.8431682879413351400, 0.8842948685500490200, 0.9238845020552848300, 0.9623587101392160300, 1.000000000000000000 ),
 .UNSPECIFIED. ) ;
#7719 = CARTESIAN_POINT ( 'NONE',  ( 2.062372251657340600, 1.782940830328525500, -2.999700000000000300 ) ) ;
#7720 = CARTESIAN_POINT ( 'NONE',  ( 1.550869359725562500, 1.169569529019869300, -2.999700000000000300 ) ) ;
#7721 = CARTESIAN_POINT ( 'NONE',  ( 4.237725830078124600, -0.8841593424479163900, -2.999700000000000300 ) ) ;
#7722 = PLANE ( 'NONE',  #7836 ) ;
#7723 = SURFACE_STYLE_USAGE ( .BOTH. , #7799 ) ;
#7724 = FILL_AREA_STYLE ('',( #7715 ) ) ;
#7725 = CARTESIAN_POINT ( 'NONE',  ( -5.828416477105550400, -0.7131438915546121100, -3.000000000000000000 ) ) ;
#7726 = CARTESIAN_POINT ( 'NONE',  ( -5.835161083034363600, -0.7047851168457379700, -3.000000000000000000 ) ) ;
#7727 = CARTESIAN_POINT ( 'NONE',  ( -5.848350016683562000, -0.6884397104294811600, -3.000000000000000400 ) ) ;
#7728 = CARTESIAN_POINT ( 'NONE',  ( -5.870237049007519300, -0.6665754137718975500, -2.999999999999999600 ) ) ;
#7729 = CARTESIAN_POINT ( 'NONE',  ( -5.894147998738109400, -0.6486301535248909500, -3.000000000000000000 ) ) ;
#7730 = CARTESIAN_POINT ( 'NONE',  ( -5.918962969503107600, -0.6332604180008436500, -3.000000000000000900 ) ) ;
#7731 = CARTESIAN_POINT ( 'NONE',  ( -5.945666061331403200, -0.6218399192779002800, -3.000000000000000900 ) ) ;
#7732 = CARTESIAN_POINT ( 'NONE',  ( -5.973590645778581500, -0.6134090000453035200, -2.999999999999998700 ) ) ;
#7733 = CARTESIAN_POINT ( 'NONE',  ( -6.003056648315784100, -0.6083672563292223900, -3.000000000000000400 ) ) ;
#7734 = CARTESIAN_POINT ( 'NONE',  ( -6.023181898917550300, -0.6078390479410079600, -3.000000000000000000 ) ) ;
#7735 = CARTESIAN_POINT ( 'NONE',  ( -6.033388064457814600, -0.6075711763822112500, -3.000000000000000000 ) ) ;
#7736 = CARTESIAN_POINT ( 'NONE',  ( 4.450813863359842400, -1.901295191787871800, -2.999700000000000700 ) ) ;
#7737 = SURFACE_STYLE_FILL_AREA ( #7875 ) ;
#7738 = CARTESIAN_POINT ( 'NONE',  ( -6.331893373147029700, -1.210138252453925900, -3.000000000000000000 ) ) ;
#7739 = CARTESIAN_POINT ( 'NONE',  ( -6.331700096061593000, -1.239777252081673900, -2.999999999999999100 ) ) ;
#7740 = CARTESIAN_POINT ( 'NONE',  ( -6.331330791183844100, -1.296410075934487400, -3.000000000000000400 ) ) ;
#7741 = CARTESIAN_POINT ( 'NONE',  ( -6.327381453504615100, -1.377362012192866700, -3.000000000000000400 ) ) ;
#7742 = CARTESIAN_POINT ( 'NONE',  ( -6.320668858799272100, -1.450282982855463300, -2.999999999999999600 ) ) ;
#7743 = CARTESIAN_POINT ( 'NONE',  ( -6.311703556338870600, -1.515270162605835800, -3.000000000000000900 ) ) ;
#7744 = CARTESIAN_POINT ( 'NONE',  ( -6.299849669777616500, -1.572385496142888000, -2.999999999999999100 ) ) ;
#7745 = CARTESIAN_POINT ( 'NONE',  ( -6.285277630966455800, -1.621524585972176500, -3.000000000000000400 ) ) ;
#7746 = CARTESIAN_POINT ( 'NONE',  ( -6.268278419609039500, -1.663041405945972400, -2.999999999999999100 ) ) ;
#7747 = CARTESIAN_POINT ( 'NONE',  ( -6.247786880347288000, -1.696729603655317700, -2.999999999999999600 ) ) ;
#7748 = CARTESIAN_POINT ( 'NONE',  ( -6.225280220585824000, -1.724381735892941200, -3.000000000000000400 ) ) ;
#7749 = CARTESIAN_POINT ( 'NONE',  ( -6.201815825379304300, -1.747876262006775100, -2.999999999999999100 ) ) ;
#7750 = CARTESIAN_POINT ( 'NONE',  ( -6.177312957758724500, -1.767933410990538000, -3.000000000000000900 ) ) ;
#7751 = CARTESIAN_POINT ( 'NONE',  ( -6.151380331388510900, -1.784214305733965200, -3.000000000000000400 ) ) ;
#7752 = CARTESIAN_POINT ( 'NONE',  ( -6.124154327708518000, -1.796784094646720200, -2.999999999999999600 ) ) ;
#7753 = CARTESIAN_POINT ( 'NONE',  ( -6.095775514676919500, -1.806397668684205800, -3.000000000000000400 ) ) ;
#7754 = CARTESIAN_POINT ( 'NONE',  ( -6.065987986205978000, -1.811543245947538500, -3.000000000000000400 ) ) ;
#7755 = CARTESIAN_POINT ( 'NONE',  ( -6.045753160187896200, -1.812315757512777500, -3.000000000000000000 ) ) ;
#7756 = CARTESIAN_POINT ( 'NONE',  ( -6.035548909505203100, -1.812705328525640700, -3.000000000000000000 ) ) ;
#7757 = B_SPLINE_CURVE_WITH_KNOTS ( 'NONE', 3,
 ( #7735, #7734, #7733, #7732, #7731, #7730, #7729, #7728, #7727, #7726, #7725 ),
 .UNSPECIFIED., .F., .F.,
 ( 4, 1, 1, 1, 1, 1, 1, 1, 4 ),
 ( 0.0000000000000000000, 0.1276647678962242200, 0.2517385630080487000, 0.3727533493873873000, 0.4921467589723844700, 0.6140696213092440300, 0.7371973244121081700, 0.8656069906011155700, 1.000000000000000000 ),
 .UNSPECIFIED. ) ;
#7758 = B_SPLINE_CURVE_WITH_KNOTS ( 'NONE', 3,
 ( #7756, #7755, #7754, #7753, #7752, #7751, #7750, #7749, #7748, #7747, #7746, #7745, #7744, #7743, #7742, #7741, #7740, #7739, #7738 ),
 .UNSPECIFIED., .F., .F.,
 ( 4, 1, 1, 1, 1, 1, 1, 1, 1, 1, 1, 1, 1, 1, 1, 1, 4 ),
 ( 0.0000000000000000000, 0.04078184587225983100, 0.08086958872158757400, 0.1202681657882673400, 0.1601868504553522500, 0.2004597376386388900, 0.2422651778979083300, 0.2864592615494686600, 0.3329520837492633300, 0.3844305340495302000, 0.4433891253601058300, 0.5116814722136835400, 0.5890200255490083400, 0.6762451906507722700, 0.7737051914728236800, 0.8815677677819827600, 0.9999999999999998900 ),
 .UNSPECIFIED. ) ;
#7759 = CARTESIAN_POINT ( 'NONE',  ( -0.3457352075821307200, -1.812705328525640700, -2.999999999999999100 ) ) ;
#7760 = CARTESIAN_POINT ( 'NONE',  ( -0.3355284009980940000, -1.812324087679682000, -2.999999999999999600 ) ) ;
#7761 = CARTESIAN_POINT ( 'NONE',  ( -0.3152885066785166600, -1.811568094669627800, -3.000000000000000000 ) ) ;
#7762 = CARTESIAN_POINT ( 'NONE',  ( -0.2855696463466536100, -1.806306494004239700, -2.999999999999999600 ) ) ;
#7763 = CARTESIAN_POINT ( 'NONE',  ( -0.2570799866197605000, -1.797163590363283200, -3.000000000000000000 ) ) ;
#7764 = B_SPLINE_CURVE_WITH_KNOTS ( 'NONE', 3,
 ( #7788, #7787, #7786, #7853, #7852, #7851, #7850, #7849, #7848, #7847, #7700 ),
 .UNSPECIFIED., .F., .F.,
 ( 4, 1, 1, 1, 1, 1, 1, 1, 4 ),
 ( 0.0000000000000000000, 0.1379032299933936100, 0.2688733426002937200, 0.3951781273461131800, 0.5170892381308877000, 0.6367430265135479700, 0.7562218164637974900, 0.8766283594636796700, 1.000000000000000000 ),
 .UNSPECIFIED. ) ;
#7765 = CARTESIAN_POINT ( 'NONE',  ( -0.6308551568761994200, -1.450282982855463300, -2.999999999999999600 ) ) ;
#7766 = CARTESIAN_POINT ( 'NONE',  ( -0.6218898544157972500, -1.515270162605836200, -3.000000000000001300 ) ) ;
#7767 = CARTESIAN_POINT ( 'NONE',  ( -0.6100359678545459500, -1.572385496142888000, -2.999999999999999600 ) ) ;
#7768 = CARTESIAN_POINT ( 'NONE',  ( -0.5954639290433824100, -1.621524585972176100, -2.999999999999999600 ) ) ;
#7769 = CARTESIAN_POINT ( 'NONE',  ( -0.5784647176859690800, -1.663041405945973300, -3.000000000000001300 ) ) ;
#7770 = CARTESIAN_POINT ( 'NONE',  ( -0.5579731784242169000, -1.696729603655318300, -2.999999999999999600 ) ) ;
#7771 = CARTESIAN_POINT ( 'NONE',  ( -0.5354665186627503000, -1.724381735892940500, -3.000000000000000000 ) ) ;
#7772 = CARTESIAN_POINT ( 'NONE',  ( -0.5120021234562325300, -1.747876262006775600, -3.000000000000000400 ) ) ;
#7773 = CARTESIAN_POINT ( 'NONE',  ( -0.4874992558356516800, -1.767933410990538000, -3.000000000000000400 ) ) ;
#7774 = CARTESIAN_POINT ( 'NONE',  ( -0.4615666294654375300, -1.784214305733965000, -3.000000000000000000 ) ) ;
#7775 = CARTESIAN_POINT ( 'NONE',  ( -0.4343406257854465800, -1.796784094646720600, -3.000000000000000000 ) ) ;
#7776 = CARTESIAN_POINT ( 'NONE',  ( -0.4059618127538475200, -1.806397668684205600, -3.000000000000000000 ) ) ;
#7777 = CARTESIAN_POINT ( 'NONE',  ( -0.3761742842829046700, -1.811543245947537800, -2.999999999999999100 ) ) ;
#7778 = CARTESIAN_POINT ( 'NONE',  ( -0.3559394582648238200, -1.812315757512777300, -3.000000000000000000 ) ) ;
#7779 = CARTESIAN_POINT ( 'NONE',  ( -0.3457352075821307200, -1.812705328525640700, -2.999999999999999100 ) ) ;
#7780 =( LENGTH_UNIT ( ) NAMED_UNIT ( * ) SI_UNIT ( .MILLI., .METRE. ) );
#7781 = STYLED_ITEM ( 'NONE', ( #7782 ), #1538 ) ;
#7782 = PRESENTATION_STYLE_ASSIGNMENT (( #7689 ) ) ;
#7783 = PLANE ( 'NONE',  #7663 ) ;
#7784 = COLOUR_RGB ( '',1.000000000000000000, 1.000000000000000000, 1.000000000000000000 ) ;
#7785 = B_SPLINE_CURVE_WITH_KNOTS ( 'NONE', 3,
 ( #7779, #7778, #7777, #7776, #7775, #7774, #7773, #7772, #7771, #7770, #7769, #7768, #7767, #7766, #7765, #7863, #7862, #7861, #7860 ),
 .UNSPECIFIED., .F., .F.,
 ( 4, 1, 1, 1, 1, 1, 1, 1, 1, 1, 1, 1, 1, 1, 1, 1, 4 ),
 ( 0.0000000000000000000, 0.04078184587225970600, 0.08086958872158689400, 0.1202681657882672400, 0.1601868504553521400, 0.2004597376386390300, 0.2422651778979080000, 0.2864592615494683800, 0.3329520837492631600, 0.3844305340495301500, 0.4433891253601055500, 0.5116814722136833200, 0.5890200255490082300, 0.6762451906507722700, 0.7737051914728237900, 0.8815677677819827600, 1.000000000000000000 ),
 .UNSPECIFIED. ) ;
#7786 = CARTESIAN_POINT ( 'NONE',  ( -0.2931693824058598800, -1.989012563768058200, -2.999700000000000300 ) ) ;
#7787 = CARTESIAN_POINT ( 'NONE',  ( -0.3279146211288481200, -1.990003673539857000, -2.999700000000000300 ) ) ;
#7788 = CARTESIAN_POINT ( 'NONE',  ( -0.3457352075821307200, -1.990512006710736900, -2.999700000000000300 ) ) ;
#7789 = CARTESIAN_POINT ( 'NONE',  ( 3.664793200370592500, -0.8569944332807489800, -2.999700000000000300 ) ) ;
#7790 = CARTESIAN_POINT ( 'NONE',  ( 3.627778687011443000, -0.5226670298141326000, -2.999700000000001100 ) ) ;
#7791 = CARTESIAN_POINT ( 'NONE',  ( 3.664224561255423800, -0.4978831370583314300, -2.999699999999999800 ) ) ;
#7792 = CARTESIAN_POINT ( 'NONE',  ( 3.703405004941061000, -0.4767322016819027800, -2.999700000000001100 ) ) ;
#7793 = CARTESIAN_POINT ( 'NONE',  ( 3.745500670952238900, -0.4594205450622259000, -2.999700000000000700 ) ) ;
#7794 = CARTESIAN_POINT ( 'NONE',  ( 3.790543940554933500, -0.4462186230113816500, -2.999700000000000700 ) ) ;
#7795 = CARTESIAN_POINT ( 'NONE',  ( 3.838268691850355900, -0.4367460102349033400, -2.999699999999999400 ) ) ;
#7796 = CARTESIAN_POINT ( 'NONE',  ( 3.888849882472056300, -0.4306640402847016200, -2.999700000000000300 ) ) ;
#7797 = CARTESIAN_POINT ( 'NONE',  ( 4.237725830078124600, -0.8841593424479163900, -2.999700000000000300 ) ) ;
#7798 = LINE ( 'NONE', #7797, #7835 ) ;
#7799 = SURFACE_SIDE_STYLE ('',( #7800 ) ) ;
#7800 = SURFACE_STYLE_FILL_AREA ( #7724 ) ;
#7801 = CARTESIAN_POINT ( 'NONE',  ( -0.2298133283912319200, -1.784549247714778000, -2.999999999999999600 ) ) ;
#7802 = CARTESIAN_POINT ( 'NONE',  ( -0.2040678280363936400, -1.767888606851431200, -3.000000000000000000 ) ) ;
#7803 = CARTESIAN_POINT ( 'NONE',  ( -0.1794440255903752600, -1.747906933163024600, -3.000000000000000900 ) ) ;
#7804 = CARTESIAN_POINT ( 'NONE',  ( -0.1561025883882899700, -1.724398448489290900, -2.999999999999999600 ) ) ;
#7805 = CARTESIAN_POINT ( 'NONE',  ( -0.1334943730979887600, -1.697064029090091100, -3.000000000000000400 ) ) ;
#7806 = CARTESIAN_POINT ( 'NONE',  ( -0.1128455183288883400, -1.663530866349620200, -3.000000000000000400 ) ) ;
#7807 = CARTESIAN_POINT ( 'NONE',  ( -0.09615931957125654900, -1.621980199166363200, -2.999999999999999600 ) ) ;
#7808 = CARTESIAN_POINT ( 'NONE',  ( -0.08135658844678080000, -1.572927016082160500, -3.000000000000001300 ) ) ;
#7809 = CARTESIAN_POINT ( 'NONE',  ( -0.06956739149255294900, -1.515782567694525100, -3.000000000000000400 ) ) ;
#7810 = CARTESIAN_POINT ( 'NONE',  ( -0.06063892030550718100, -1.450692475650013000, -2.999999999999999600 ) ) ;
#7811 = CARTESIAN_POINT ( 'NONE',  ( 4.201300156422150600, -1.773192733373397000, -2.999700000000000300 ) ) ;
#7812 = CARTESIAN_POINT ( 'NONE',  ( 3.945703056531074000, -0.6075711763822112500, -2.999700000000000300 ) ) ;
#7813 = FILL_AREA_STYLE_COLOUR ( '', #7784 ) ;
#7814 = CARTESIAN_POINT ( 'NONE',  ( 2.065459173153609800, 0.5580503806089742700, -2.999699999999999400 ) ) ;
#7815 = CARTESIAN_POINT ( 'NONE',  ( 3.941381366436298000, -0.4297644981971151000, -2.999700000000000300 ) ) ;
#7816 = CARTESIAN_POINT ( 'NONE',  ( 3.958989929718294200, -0.4301294675563346900, -2.999700000000000300 ) ) ;
#7817 = CARTESIAN_POINT ( 'NONE',  ( 3.993463925036235400, -0.4308440035340536100, -2.999700000000000700 ) ) ;
#7818 = CARTESIAN_POINT ( 'NONE',  ( 4.043723997098875400, -0.4361404829401234800, -2.999700000000000700 ) ) ;
#7819 = CARTESIAN_POINT ( 'NONE',  ( 4.091212869906184900, -0.4447329248079771000, -2.999699999999999800 ) ) ;
#7820 = CARTESIAN_POINT ( 'NONE',  ( 4.136006914074324700, -0.4567152278333762000, -2.999699999999999800 ) ) ;
#7821 = CARTESIAN_POINT ( 'NONE',  ( 4.178042760725240600, -0.4725079068353467700, -2.999700000000000300 ) ) ;
#7822 = CARTESIAN_POINT ( 'NONE',  ( 4.217416913893612400, -0.4915821510884090800, -2.999700000000000300 ) ) ;
#7823 = CARTESIAN_POINT ( 'NONE',  ( 4.253910073363839800, -0.5143862780706464100, -2.999700000000000300 ) ) ;
#7824 = CARTESIAN_POINT ( 'NONE',  ( 4.287505546000304900, -0.5404887429185026800, -2.999700000000000300 ) ) ;
#7825 = CARTESIAN_POINT ( 'NONE',  ( 4.317887754309546200, -0.5701081199644121300, -2.999700000000000300 ) ) ;
#7826 = CARTESIAN_POINT ( 'NONE',  ( 4.345389568709941300, -0.6025244580507600500, -2.999699999999999800 ) ) ;
#7827 = CARTESIAN_POINT ( 'NONE',  ( 4.368706982996966900, -0.6387595666209845400, -2.999700000000000700 ) ) ;
#7828 = CARTESIAN_POINT ( 'NONE',  ( 4.389334307028739200, -0.6776642199640273700, -2.999700000000001100 ) ) ;
#7829 = CARTESIAN_POINT ( 'NONE',  ( 4.405788853244866100, -0.7200431171718370000, -2.999699999999999800 ) ) ;
#7830 = CARTESIAN_POINT ( 'NONE',  ( 4.419540115793050300, -0.7651748417910605400, -2.999700000000000700 ) ) ;
#7831 = CARTESIAN_POINT ( 'NONE',  ( 4.429335093685561600, -0.8136886249031292100, -2.999699999999999800 ) ) ;
#7832 = CARTESIAN_POINT ( 'NONE',  ( 4.433267455936853500, -0.8471849487981835100, -2.999699999999999800 ) ) ;
#7833 = CARTESIAN_POINT ( 'NONE',  ( 4.435288805839341800, -0.8644030448717945300, -2.999700000000000300 ) ) ;
#7834 = DIRECTION ( 'NONE',  ( 0.9950371902099890400, 0.09950371902099933200, 0.0000000000000000000 ) ) ;
#7835 = VECTOR ( 'NONE', #7834, 1000.000000000000100 ) ;
#7836 = AXIS2_PLACEMENT_3D ( 'NONE', #7686, #7685, #7684 ) ;
#7837 = CARTESIAN_POINT ( 'NONE',  ( 3.467230224609374500, -0.8551422803829875600, -2.999700000000000300 ) ) ;
#7838 = CARTESIAN_POINT ( 'NONE',  ( 3.467508377611074400, -0.8402994355931432400, -2.999700000000000300 ) ) ;
#7839 = CARTESIAN_POINT ( 'NONE',  ( 3.468053735454189400, -0.8111979634868599100, -2.999699999999999800 ) ) ;
#7840 = CARTESIAN_POINT ( 'NONE',  ( 3.474653751423384400, -0.7685460881166392700, -2.999700000000000700 ) ) ;
#7841 = CARTESIAN_POINT ( 'NONE',  ( 3.484366384630977800, -0.7276577124700442900, -2.999699999999999400 ) ) ;
#7842 = CARTESIAN_POINT ( 'NONE',  ( 3.498178072227990500, -0.6884978962182599600, -2.999700000000001100 ) ) ;
#7843 = CARTESIAN_POINT ( 'NONE',  ( 3.516798808871712400, -0.6515990245664882200, -2.999700000000000300 ) ) ;
#7844 = CARTESIAN_POINT ( 'NONE',  ( 3.538668561559653400, -0.6161814483364328500, -2.999700000000000300 ) ) ;
#7845 = CARTESIAN_POINT ( 'NONE',  ( 3.564827046588931600, -0.5827279336432633600, -2.999700000000002000 ) ) ;
#7846 = CARTESIAN_POINT ( 'NONE',  ( 3.594676318044271600, -0.5513813945275285500, -2.999700000000000300 ) ) ;
#7847 = CARTESIAN_POINT ( 'NONE',  ( -0.01215386355753314900, -1.853959143251265200, -2.999700000000000700 ) ) ;
#7848 = CARTESIAN_POINT ( 'NONE',  ( -0.03311966017187976300, -1.877528586859678700, -2.999699999999999400 ) ) ;
#7849 = CARTESIAN_POINT ( 'NONE',  ( -0.06954006055872089000, -1.907402008080270900, -2.999700000000000700 ) ) ;
#7850 = CARTESIAN_POINT ( 'NONE',  ( -0.1082055401850084000, -1.933270127227697500, -2.999700000000000300 ) ) ;
#7851 = CARTESIAN_POINT ( 'NONE',  ( -0.1498930539894692300, -1.954531095188253700, -2.999700000000000300 ) ) ;
#7852 = CARTESIAN_POINT ( 'NONE',  ( -0.1948016432742424600, -1.970426461631696400, -2.999699999999999800 ) ) ;
#7853 = CARTESIAN_POINT ( 'NONE',  ( -0.2424265232166880100, -1.982278583346307900, -2.999700000000000300 ) ) ;
#7854 = DIRECTION ( 'NONE',  ( 6.405643920736383800E-013, 3.580969699015102600E-014, -1.000000000000000000 ) ) ;
#7855 = UNCERTAINTY_MEASURE_WITH_UNIT (LENGTH_MEASURE( 1.000000000000000100E-005 ), #7780, 'distance_accuracy_value', 'NONE');
#7856 =( NAMED_UNIT ( * ) SI_UNIT ( $, .STERADIAN. ) SOLID_ANGLE_UNIT ( ) );
#7857 =( NAMED_UNIT ( * ) PLANE_ANGLE_UNIT ( ) SI_UNIT ( $, .RADIAN. ) );
#7858 = MECHANICAL_DESIGN_GEOMETRIC_PRESENTATION_REPRESENTATION (  '', ( #7781 ), #7130 ) ;
#7859 = PRESENTATION_LAYER_ASSIGNMENT (  '', '', ( #7781 ) ) ;
#7860 = CARTESIAN_POINT ( 'NONE',  ( -0.6420796712239575900, -1.210138252453925900, -3.000000000000000000 ) ) ;
#7861 = CARTESIAN_POINT ( 'NONE',  ( -0.6418863941385223300, -1.239777252081674600, -3.000000000000000000 ) ) ;
#7862 = CARTESIAN_POINT ( 'NONE',  ( -0.6415170892607691100, -1.296410075934487000, -2.999999999999999600 ) ) ;
#7863 = CARTESIAN_POINT ( 'NONE',  ( -0.6375677515815437700, -1.377362012192867400, -3.000000000000000900 ) ) ;
#7864 = CARTESIAN_POINT ( 'NONE',  ( -2.432082866730465900, -0.9724678693150081700, -3.000000000000000400 ) ) ;
#7865 = CARTESIAN_POINT ( 'NONE',  ( -2.441212010604175500, -0.9066201788101464500, -2.999999999999999100 ) ) ;
#7866 = CARTESIAN_POINT ( 'NONE',  ( -2.453831263066695600, -0.8478989212298897500, -3.000000000000001300 ) ) ;
#7867 = CARTESIAN_POINT ( 'NONE',  ( -2.469158323634986100, -0.7964048271502345300, -2.999999999999999600 ) ) ;
#7868 = CARTESIAN_POINT ( 'NONE',  ( -2.486509179960569400, -0.7513456225332022500, -2.999999999999999100 ) ) ;
#7869 = CARTESIAN_POINT ( 'NONE',  ( -2.502015666073587500, -0.7254203426354088900, -2.999999999999999600 ) ) ;
#7870 = CARTESIAN_POINT ( 'NONE',  ( -2.509358484317094200, -0.7131438915546121100, -3.000000000000000000 ) ) ;
#7871 = CARTESIAN_POINT ( 'NONE',  ( -3.012835380358573500, -1.210138252453925900, -3.000000000000000000 ) ) ;
#7872 = CARTESIAN_POINT ( 'NONE',  ( -2.714330071669357900, -0.6075711763822112500, -3.000000000000000000 ) ) ;
#7873 = B_SPLINE_CURVE_WITH_KNOTS ( 'NONE', 3,
 ( #7870, #7869, #7868, #7867, #7866, #7865, #7864, #7682, #7681, #7680, #7679 ),
 .UNSPECIFIED., .F., .F.,
 ( 4, 1, 1, 1, 1, 1, 1, 1, 4 ),
 ( 0.0000000000000000000, 0.08388811327954554000, 0.1771540327539698500, 0.2825136355617227600, 0.3993998606601629200, 0.5294908061912203500, 0.6728021776758329500, 0.8295357616196700200, 1.000000000000000000 ),
 .UNSPECIFIED. ) ;
#7874 = CARTESIAN_POINT ( 'NONE',  ( -6.035548909505203100, -1.812705328525640700, -3.000000000000000000 ) ) ;
#7875 = FILL_AREA_STYLE ('',( #7813 ) ) ;
#7876 = FACE_OUTER_BOUND ( 'NONE', #514, .T. ) ;
#7877 = CARTESIAN_POINT ( 'NONE',  ( -5.739204445863376400, -1.210138252453925900, -3.000000000000000000 ) ) ;
#7878 = DIRECTION ( 'NONE',  ( -1.000000000000000000, 0.0000000000000000000, -6.405643920736383800E-013 ) ) ;
#7879 = CARTESIAN_POINT ( 'NONE',  ( 4.040162854316909200, 0.4000000000000000800, -3.000000000000000000 ) ) ;
#7880 = CARTESIAN_POINT ( 'NONE',  ( 4.257482127654249400, 0.4000000000000000800, -3.000000000000000000 ) ) ;
#7881 = LINE ( 'NONE', #8044, #8043 ) ;
#7882 = DIRECTION ( 'NONE',  ( 0.1927583521884089800, -0.9812462574000521100, 0.0000000000000000000 ) ) ;
#7883 = VECTOR ( 'NONE', #7882, 1000.000000000000100 ) ;
#7884 = CARTESIAN_POINT ( 'NONE',  ( -1.572786502349067700, -0.9434282351762817200, -2.999700000000000300 ) ) ;
#7885 = CARTESIAN_POINT ( 'NONE',  ( -1.560831277271150100, -0.9436900738468789700, -2.999700000000000300 ) ) ;
#7886 = CARTESIAN_POINT ( 'NONE',  ( -1.537022802962384700, -0.9442115177528974700, -2.999700000000001100 ) ) ;
#7887 = CARTESIAN_POINT ( 'NONE',  ( -1.501517388821222300, -0.9495227018288722200, -2.999699999999998900 ) ) ;
#7888 = CARTESIAN_POINT ( 'NONE',  ( -1.466473467357220400, -0.9573811239552574300, -2.999700000000001100 ) ) ;
#7889 = CARTESIAN_POINT ( 'NONE',  ( -1.431771719907121200, -0.9686922126636966500, -2.999700000000000300 ) ) ;
#7890 = CARTESIAN_POINT ( 'NONE',  ( -1.397621552878712400, -0.9832122566313236100, -2.999700000000000300 ) ) ;
#7891 = CARTESIAN_POINT ( 'NONE',  ( -1.363751696792467900, -1.000943068547031300, -2.999700000000000700 ) ) ;
#7892 = CARTESIAN_POINT ( 'NONE',  ( -1.330359316706265300, -1.021977723973791900, -2.999699999999999800 ) ) ;
#7893 = CARTESIAN_POINT ( 'NONE',  ( -1.308951485096399700, -1.038042460874521300, -2.999700000000000300 ) ) ;
#7894 = CARTESIAN_POINT ( 'NONE',  ( -1.298050489181124000, -1.046222721002040500, -2.999700000000000300 ) ) ;
#7895 = CARTESIAN_POINT ( 'NONE',  ( 4.040162854316909200, 1.130983010316506400, -3.000000000000000000 ) ) ;
#7896 = CARTESIAN_POINT ( 'NONE',  ( -1.215012300931487000, -0.4495207957732369500, -2.999700000000000300 ) ) ;
#7897 = CARTESIAN_POINT ( 'NONE',  ( -1.056961920322512700, -1.239772698818108600, -2.999700000000000300 ) ) ;
#7898 = CARTESIAN_POINT ( 'NONE',  ( -1.376458295186357300, -0.6470837715344549500, -2.999700000000000300 ) ) ;
#7899 = CARTESIAN_POINT ( 'NONE',  ( -2.025020501552480900, -1.442274748973357200, -2.999700000000000300 ) ) ;
#7900 = CARTESIAN_POINT ( 'NONE',  ( -2.024559840716690000, -1.424357983852720900, -2.999700000000000300 ) ) ;
#7901 = CARTESIAN_POINT ( 'NONE',  ( -2.023659815088800300, -1.389352733732498900, -2.999700000000000300 ) ) ;
#7902 = CARTESIAN_POINT ( 'NONE',  ( -2.017946889810669400, -1.337932440230385400, -2.999700000000000300 ) ) ;
#7903 = CARTESIAN_POINT ( 'NONE',  ( -2.007261870167245600, -1.289262119691074300, -2.999699999999998500 ) ) ;
#7904 = CARTESIAN_POINT ( 'NONE',  ( -1.993184757761583300, -1.242733281997097800, -2.999700000000000700 ) ) ;
#7905 = CARTESIAN_POINT ( 'NONE',  ( -1.974520328215494400, -1.199006266384047700, -2.999700000000000300 ) ) ;
#7906 = CARTESIAN_POINT ( 'NONE',  ( -1.952329000650799000, -1.157363278009374300, -2.999699999999998900 ) ) ;
#7907 = CARTESIAN_POINT ( 'NONE',  ( -1.925158565183976000, -1.118891622415541200, -2.999700000000000700 ) ) ;
#7908 = CARTESIAN_POINT ( 'NONE',  ( -1.894801643746929500, -1.082821202920734500, -2.999699999999999400 ) ) ;
#7909 = CARTESIAN_POINT ( 'NONE',  ( -1.861333517584955500, -1.050328406904096600, -2.999700000000001600 ) ) ;
#7910 = CARTESIAN_POINT ( 'NONE',  ( -1.825723052137510500, -1.021709153116529900, -2.999699999999999800 ) ) ;
#7911 = CARTESIAN_POINT ( 'NONE',  ( -1.788171563611145300, -0.9975034278148859900, -2.999700000000000300 ) ) ;
#7912 = CARTESIAN_POINT ( 'NONE',  ( -1.748830660357086000, -0.9775117099787981000, -2.999700000000000700 ) ) ;
#7913 = CARTESIAN_POINT ( 'NONE',  ( -1.707301847322270700, -0.9624312560394598900, -2.999699999999999400 ) ) ;
#7914 = CARTESIAN_POINT ( 'NONE',  ( -1.664132730371816300, -0.9512344584637019200, -2.999700000000001600 ) ) ;
#7915 = CARTESIAN_POINT ( 'NONE',  ( -1.618984694563142300, -0.9446386644603137500, -2.999699999999999400 ) ) ;
#7916 = CARTESIAN_POINT ( 'NONE',  ( -1.588345417400825800, -0.9438358910931873300, -2.999699999999999800 ) ) ;
#7917 = B_SPLINE_CURVE_WITH_KNOTS ( 'NONE', 3,
 ( #7942, #8094, #8093, #8092, #8091, #7931, #7930, #7929, #7928, #7927, #7926, #7925, #7924, #7923, #7922, #7921, #7920, #7919, #7918 ),
 .UNSPECIFIED., .F., .F.,
 ( 4, 1, 1, 1, 1, 1, 1, 1, 1, 1, 1, 1, 1, 1, 1, 1, 4 ),
 ( 0.0000000000000000000, 0.05794487546232555300, 0.1160176254256825600, 0.1748257843638403600, 0.2346830900793709400, 0.2968270303289141700, 0.3640613359637880400, 0.4361924240497389000, 0.5142601195414408000, 0.5569758971654883400, 0.6048559283836541000, 0.6576752010734877600, 0.7157505846619322000, 0.7788397991664555200, 0.8475011894738629900, 0.9212282309463238900, 1.000000000000000000 ),
 .UNSPECIFIED. ) ;
#7918 = CARTESIAN_POINT ( 'NONE',  ( 3.894768851842635500, -1.487343802818884800, -2.999700000000000300 ) ) ;
#7919 = CARTESIAN_POINT ( 'NONE',  ( 3.879007354942686400, -1.473885913141368000, -2.999700000000000700 ) ) ;
#7920 = CARTESIAN_POINT ( 'NONE',  ( 3.848493764119105300, -1.447832008390100400, -2.999699999999999800 ) ) ;
#7921 = CARTESIAN_POINT ( 'NONE',  ( 3.804538397764359600, -1.409694222342021700, -2.999699999999999800 ) ) ;
#7922 = CARTESIAN_POINT ( 'NONE',  ( 3.764631438310878800, -1.373219952706672000, -2.999700000000000700 ) ) ;
#7923 = CARTESIAN_POINT ( 'NONE',  ( 3.727899303518848100, -1.339369063542827000, -2.999699999999999400 ) ) ;
#7924 = CARTESIAN_POINT ( 'NONE',  ( 3.695397393070475100, -1.307127870367903900, -2.999700000000000300 ) ) ;
#7925 = CARTESIAN_POINT ( 'NONE',  ( 3.665800122761335700, -1.277640680535052000, -2.999700000000001100 ) ) ;
#7926 = CARTESIAN_POINT ( 'NONE',  ( 3.640217797026723500, -1.249886284486153100, -2.999699999999999800 ) ) ;
#7927 = CARTESIAN_POINT ( 'NONE',  ( 3.611357048869587400, -1.216165232440120600, -2.999700000000000700 ) ) ;
#7928 = CARTESIAN_POINT ( 'NONE',  ( 3.580351914294120300, -1.175937418926217700, -2.999700000000000300 ) ) ;
#7929 = CARTESIAN_POINT ( 'NONE',  ( 3.548112648625935800, -1.128616764595701500, -2.999700000000000300 ) ) ;
#7930 = CARTESIAN_POINT ( 'NONE',  ( 3.522126009251304700, -1.082327315654188400, -2.999700000000001100 ) ) ;
#7931 = CARTESIAN_POINT ( 'NONE',  ( 3.501556058869652600, -1.036898082832761000, -2.999700000000000700 ) ) ;
#7932 = CARTESIAN_POINT ( 'NONE',  ( -1.996502078929226300, -1.637136109459631100, -2.999700000000002000 ) ) ;
#7933 = CARTESIAN_POINT ( 'NONE',  ( -2.008989382622373000, -1.590854836049415500, -2.999699999999999400 ) ) ;
#7934 = CARTESIAN_POINT ( 'NONE',  ( -2.018317147801501000, -1.542903085161742900, -2.999699999999999400 ) ) ;
#7935 = CARTESIAN_POINT ( 'NONE',  ( -2.023979734110803500, -1.493138856914651500, -2.999700000000000700 ) ) ;
#7936 = CARTESIAN_POINT ( 'NONE',  ( -2.024670697308045500, -1.459370288413572200, -2.999700000000000700 ) ) ;
#7937 = CARTESIAN_POINT ( 'NONE',  ( -2.025020501552480900, -1.442274748973357200, -2.999700000000000300 ) ) ;
#7938 = CARTESIAN_POINT ( 'NONE',  ( -1.945995311247993300, -0.6470837715344549500, -2.999700000000000300 ) ) ;
#7939 = CARTESIAN_POINT ( 'NONE',  ( -1.376458295186357300, -0.6470837715344549500, -2.999700000000000300 ) ) ;
#7940 = CARTESIAN_POINT ( 'NONE',  ( -1.518147991865106000, -1.121234913361378100, -2.999700000000000700 ) ) ;
#7941 = CARTESIAN_POINT ( 'NONE',  ( -1.530503581920529000, -1.121578402092972700, -2.999700000000000700 ) ) ;
#7942 = CARTESIAN_POINT ( 'NONE',  ( 3.467230224609374500, -0.8551422803829875600, -2.999700000000000300 ) ) ;
#7943 = CARTESIAN_POINT ( 'NONE',  ( -1.236724782130163900, -1.547248751875118600, -2.999700000000000700 ) ) ;
#7944 = CARTESIAN_POINT ( 'NONE',  ( -1.234768598507608700, -1.536117162459935500, -2.999700000000000300 ) ) ;
#7945 = CARTESIAN_POINT ( 'NONE',  ( 3.894768851842635500, -1.487343802818884800, -2.999700000000000300 ) ) ;
#7946 = CARTESIAN_POINT ( 'NONE',  ( 0.2183055499069695700, 1.931355773999479800, -2.999999999999999600 ) ) ;
#7947 = CARTESIAN_POINT ( 'NONE',  ( 0.2566844840569195700, 1.935295603065233500, -3.000000000000000000 ) ) ;
#7948 = CARTESIAN_POINT ( 'NONE',  ( 0.2979305860038656300, 1.938939002832397600, -2.999999999999999600 ) ) ;
#7949 = CARTESIAN_POINT ( 'NONE',  ( 0.3421196935290322100, 1.940629097047532200, -3.000000000000000400 ) ) ;
#7950 = CARTESIAN_POINT ( 'NONE',  ( 0.3725906010907284500, 1.940867849217562400, -3.000000000000000400 ) ) ;
#7951 = CARTESIAN_POINT ( 'NONE',  ( 0.3883347242306484600, 1.940991210937500000, -3.000000000000000000 ) ) ;
#7952 = CARTESIAN_POINT ( 'NONE',  ( 3.289423546424280700, 1.130983010316506400, -3.000000000000000000 ) ) ;
#7953 = CARTESIAN_POINT ( 'NONE',  ( 5.699691850711138500, 1.763184532752403600, -3.000000000000000000 ) ) ;
#7954 = DIRECTION ( 'NONE',  ( -1.000000000000000000, 0.0000000000000000000, 0.0000000000000000000 ) ) ;
#7955 = CARTESIAN_POINT ( 'NONE',  ( -1.554560607742280400, -1.122247193890724100, -2.999700000000001100 ) ) ;
#7956 = CARTESIAN_POINT ( 'NONE',  ( -1.589544297237443600, -1.126062095577319100, -2.999699999999999400 ) ) ;
#7957 = CARTESIAN_POINT ( 'NONE',  ( -1.622035640757059700, -1.133315325025730200, -2.999700000000000700 ) ) ;
#7958 = CARTESIAN_POINT ( 'NONE',  ( -1.652371784118086500, -1.142742326587002700, -2.999699999999999800 ) ) ;
#7959 = CARTESIAN_POINT ( 'NONE',  ( -1.680251269647760300, -1.155430722757412100, -2.999700000000000700 ) ) ;
#7960 = CARTESIAN_POINT ( 'NONE',  ( -1.705690514139654100, -1.171077297677050900, -2.999700000000000300 ) ) ;
#7961 = CARTESIAN_POINT ( 'NONE',  ( -1.729201890038768900, -1.188954971377958800, -2.999700000000001100 ) ) ;
#7962 = CARTESIAN_POINT ( 'NONE',  ( -1.749863059950519800, -1.210127683541722300, -2.999699999999999800 ) ) ;
#7963 = CARTESIAN_POINT ( 'NONE',  ( -1.767953152808580600, -1.233745825025095900, -2.999699999999998900 ) ) ;
#7964 = CARTESIAN_POINT ( 'NONE',  ( -1.784212945990220700, -1.258990615939621600, -2.999700000000000300 ) ) ;
#7965 = CARTESIAN_POINT ( 'NONE',  ( -1.797485791169070700, -1.286648087651062200, -2.999700000000000300 ) ) ;
#7966 = CARTESIAN_POINT ( 'NONE',  ( -1.808676528986138600, -1.316131267184314600, -2.999699999999999400 ) ) ;
#7967 = CARTESIAN_POINT ( 'NONE',  ( -1.816795326113099800, -1.347867631816264300, -2.999700000000001600 ) ) ;
#7968 = CARTESIAN_POINT ( 'NONE',  ( -1.823069966483383200, -1.381361261763566900, -2.999699999999998900 ) ) ;
#7969 = CARTESIAN_POINT ( 'NONE',  ( -1.826789114390574100, -1.416981315289114400, -2.999700000000000700 ) ) ;
#7970 = CARTESIAN_POINT ( 'NONE',  ( 4.058771166863502700, -1.624112713169352000, -2.999700000000000300 ) ) ;
#7971 = CARTESIAN_POINT ( 'NONE',  ( 4.033161892144210700, -1.601938527506638500, -2.999699999999999800 ) ) ;
#7972 = CARTESIAN_POINT ( 'NONE',  ( 4.003417045768629600, -1.577515092409771200, -2.999700000000000700 ) ) ;
#7973 = CARTESIAN_POINT ( 'NONE',  ( 3.970619915516164300, -1.549661076769583800, -2.999699999999998900 ) ) ;
#7974 = CARTESIAN_POINT ( 'NONE',  ( 3.934003545659971600, -1.519285026025146000, -2.999700000000002500 ) ) ;
#7975 = CARTESIAN_POINT ( 'NONE',  ( -1.827230732848797300, -1.441442844393687100, -2.999700000000001100 ) ) ;
#7976 = B_SPLINE_CURVE_WITH_KNOTS ( 'NONE', 3,
 ( #7977, #7975, #7969, #7968, #7967, #7966, #7965, #7964, #7963, #7962, #7961, #7960, #7959, #7958, #7957, #7956, #7955, #7941, #7940 ),
 .UNSPECIFIED., .F., .F.,
 ( 4, 1, 1, 1, 1, 1, 1, 1, 1, 1, 1, 1, 1, 1, 1, 1, 4 ),
 ( 0.0000000000000000000, 0.07286593345653534500, 0.1418868719641261100, 0.2074526264147113500, 0.2704376800000974400, 0.3316408722476697500, 0.3901075774931580000, 0.4480692869488360800, 0.5055029519245374200, 0.5624881528337243300, 0.6190843288847292000, 0.6764155306922389200, 0.7354523604507925400, 0.7962407694486781700, 0.8604056780892032100, 0.9283049272851058300, 0.9999999999999998900 ),
 .UNSPECIFIED. ) ;
#7977 = CARTESIAN_POINT ( 'NONE',  ( -1.827457525791262600, -1.454005050659179500, -2.999700000000000300 ) ) ;
#7978 = B_SPLINE_CURVE_WITH_KNOTS ( 'NONE', 3,
 ( #7937, #7936, #7935, #7934, #7933, #7932, #8049, #8048, #8047, #8046, #8045 ),
 .UNSPECIFIED., .F., .F.,
 ( 4, 1, 1, 1, 1, 1, 1, 1, 4 ),
 ( 0.0000000000000000000, 0.1324616222426382200, 0.2616495010354900600, 0.3875466984163664600, 0.5107816292933473600, 0.6326753605997108600, 0.7546603541381375900, 0.8765227798028653000, 1.000000000000000000 ),
 .UNSPECIFIED. ) ;
#7979 = CARTESIAN_POINT ( 'NONE',  ( -1.298050489181124000, -1.046222721002040500, -2.999700000000000300 ) ) ;
#7980 = LINE ( 'NONE', #8089, #8088 ) ;
#7981 = CARTESIAN_POINT ( 'NONE',  ( -0.1284159342447872300, 1.525491577539688400, -3.000000000000000400 ) ) ;
#7982 = CARTESIAN_POINT ( 'NONE',  ( -0.1277635534369366800, 1.546026963634964400, -3.000000000000000000 ) ) ;
#7983 = CARTESIAN_POINT ( 'NONE',  ( -0.1264777464962690300, 1.586501088031106100, -2.999999999999999600 ) ) ;
#7984 = CARTESIAN_POINT ( 'NONE',  ( -0.1144611800670357500, 1.645727109070948700, -3.000000000000000400 ) ) ;
#7985 = CARTESIAN_POINT ( 'NONE',  ( -0.09582454883223282000, 1.702346568346970300, -3.000000000000000000 ) ) ;
#7986 = CARTESIAN_POINT ( 'NONE',  ( -0.07345586008397325700, 1.746588010064130400, -3.000000000000000900 ) ) ;
#7987 = CARTESIAN_POINT ( 'NONE',  ( -0.05260503074577790200, 1.779807557543235100, -3.000000000000000000 ) ) ;
#7988 = CARTESIAN_POINT ( 'NONE',  ( -0.03569959589379181900, 1.803018412862557700, -2.999999999999999600 ) ) ;
#7989 = CARTESIAN_POINT ( 'NONE',  ( -0.01735410320585768400, 1.824122854145105100, -3.000000000000000400 ) ) ;
#7990 = CARTESIAN_POINT ( 'NONE',  ( 0.002159856897098679600, 1.843304024989804500, -2.999999999999999600 ) ) ;
#7991 = CARTESIAN_POINT ( 'NONE',  ( 0.02282419826359283900, 1.860822556814222500, -3.000000000000000000 ) ) ;
#7992 = CARTESIAN_POINT ( 'NONE',  ( 0.04518394491872347600, 1.875733839473967100, -3.000000000000000000 ) ) ;
#7993 = CARTESIAN_POINT ( 'NONE',  ( 0.06840924865864443600, 1.889341671744116500, -2.999999999999999600 ) ) ;
#7994 = CARTESIAN_POINT ( 'NONE',  ( 0.09346555542569509600, 1.900370531459944600, -3.000000000000000900 ) ) ;
#7995 = CARTESIAN_POINT ( 'NONE',  ( 0.1204722317197328800, 1.910118936340596200, -3.000000000000000900 ) ) ;
#7996 = CARTESIAN_POINT ( 'NONE',  ( 0.1502062709943850800, 1.918372762413990600, -2.999999999999999100 ) ) ;
#7997 = CARTESIAN_POINT ( 'NONE',  ( 0.1828006023902968600, 1.925308662591414000, -3.000000000000000900 ) ) ;
#7998 = CARTESIAN_POINT ( 'NONE',  ( 0.2678860866060588400, 1.104959280564049100, -3.000000000000000000 ) ) ;
#7999 = CARTESIAN_POINT ( 'NONE',  ( 0.2802924718612324100, 1.111226712740384500, -3.000000000000000000 ) ) ;
#8000 = CARTESIAN_POINT ( 'NONE',  ( 3.289423546424280700, 1.940991210937500000, -3.000000000000000000 ) ) ;
#8001 = B_SPLINE_CURVE_WITH_KNOTS ( 'NONE', 3,
 ( #7999, #7998, #8034, #8033, #8032, #8031, #8030 ),
 .UNSPECIFIED., .F., .F.,
 ( 4, 1, 1, 1, 4 ),
 ( 0.0000000000000000000, 0.2930762433192216600, 0.5565623371181890300, 0.7919136092098115800, 1.000000000000000000 ),
 .UNSPECIFIED. ) ;
#8002 = VECTOR ( 'NONE', #7954, 1000.000000000000000 ) ;
#8003 = CARTESIAN_POINT ( 'NONE',  ( 4.257482127654249400, 1.940991210937500000, -3.000000000000000000 ) ) ;
#8004 = B_SPLINE_CURVE_WITH_KNOTS ( 'NONE', 3,
 ( #7951, #7950, #7949, #7948, #7947, #7946, #7997, #7996, #7995, #7994, #7993, #7992, #7991, #7990, #7989, #7988, #7987, #7986, #7985, #7984, #7983, #7982, #7981 ),
 .UNSPECIFIED., .F., .F.,
 ( 4, 1, 1, 1, 1, 1, 1, 1, 1, 1, 1, 1, 1, 1, 1, 1, 1, 1, 1, 1, 4 ),
 ( 0.0000000000000000000, 0.06211275065052929100, 0.1202119588785537200, 0.1743851213884737800, 0.2254437557784867200, 0.2723582126361767700, 0.3163881629634406300, 0.3568694790582281900, 0.3939783235063669700, 0.4295893718770921700, 0.4646830409549871400, 0.5000363461428400900, 0.5354827477530638100, 0.5713634671484433300, 0.6079085322052597600, 0.6456622985331157400, 0.6845173397035775300, 0.7625786223763457700, 0.8404972886541806100, 0.9190729926935230500, 0.9999999999999998900 ),
 .UNSPECIFIED. ) ;
#8005 = DIRECTION ( 'NONE',  ( 0.0000000000000000000, 1.000000000000000000, 0.0000000000000000000 ) ) ;
#8006 = VECTOR ( 'NONE', #8005, 1000.000000000000000 ) ;
#8007 = CARTESIAN_POINT ( 'NONE',  ( 4.257482127654249400, 0.4000000000000000800, -3.000000000000000000 ) ) ;
#8008 = CARTESIAN_POINT ( 'NONE',  ( 0.1605199178059940100, 1.035288443932166600, -3.000000000000000000 ) ) ;
#8009 = LINE ( 'NONE', #8003, #8002 ) ;
#8010 = LINE ( 'NONE', #8007, #8006 ) ;
#8011 = CARTESIAN_POINT ( 'NONE',  ( 3.289423546424280700, 0.4000000000000000800, -3.000000000000000000 ) ) ;
#8012 = DIRECTION ( 'NONE',  ( -1.000000000000000000, 0.0000000000000000000, 0.0000000000000000000 ) ) ;
#8013 = VECTOR ( 'NONE', #8012, 1000.000000000000000 ) ;
#8014 = CARTESIAN_POINT ( 'NONE',  ( 4.040162854316909200, 1.308789688501602400, -3.000000000000000000 ) ) ;
#8015 = CARTESIAN_POINT ( 'NONE',  ( 4.040162854316909200, 1.308789688501602400, -3.000000000000000000 ) ) ;
#8016 = DIRECTION ( 'NONE',  ( 1.000000000000000000, 0.0000000000000000000, 0.0000000000000000000 ) ) ;
#8017 = VECTOR ( 'NONE', #8016, 1000.000000000000000 ) ;
#8018 = LINE ( 'NONE', #7879, #8017 ) ;
#8019 = CARTESIAN_POINT ( 'NONE',  ( 4.257482127654249400, 1.940991210937500000, -3.000000000000000000 ) ) ;
#8020 = CARTESIAN_POINT ( 'NONE',  ( 4.455045103415463900, -1.970755709134615100, -2.999700000000000300 ) ) ;
#8021 = CARTESIAN_POINT ( 'NONE',  ( 3.894768851842635500, -1.487343802818884800, -2.999700000000000300 ) ) ;
#8022 =( NAMED_UNIT ( * ) PLANE_ANGLE_UNIT ( ) SI_UNIT ( $, .RADIAN. ) );
#8023 = DIRECTION ( 'NONE',  ( 0.0000000000000000000, -1.000000000000000000, 0.0000000000000000000 ) ) ;
#8024 = VECTOR ( 'NONE', #8023, 1000.000000000000000 ) ;
#8025 = CARTESIAN_POINT ( 'NONE',  ( 3.072104273086941000, 1.940991210937500000, -3.000000000000000000 ) ) ;
#8026 = LINE ( 'NONE', #8025, #8024 ) ;
#8027 = DIRECTION ( 'NONE',  ( -1.000000000000000000, 0.0000000000000000000, 0.0000000000000000000 ) ) ;
#8028 = VECTOR ( 'NONE', #8027, 1000.000000000000000 ) ;
#8029 = LINE ( 'NONE', #8000, #8028 ) ;
#8030 = CARTESIAN_POINT ( 'NONE',  ( 0.1605199178059940100, 1.035288443932166600, -3.000000000000000000 ) ) ;
#8031 = CARTESIAN_POINT ( 'NONE',  ( 0.1680370532090675100, 1.041688283934628000, -2.999999999999999600 ) ) ;
#8032 = CARTESIAN_POINT ( 'NONE',  ( 0.1840562697568044500, 1.055326514107838500, -3.000000000000000900 ) ) ;
#8033 = CARTESIAN_POINT ( 'NONE',  ( 0.2117065639502245800, 1.074394844197194900, -2.999999999999999100 ) ) ;
#8034 = CARTESIAN_POINT ( 'NONE',  ( 0.2443259143634828600, 1.093057201226996300, -2.999999999999999600 ) ) ;
#8035 = B_SPLINE_CURVE_WITH_KNOTS ( 'NONE', 3,
 ( #7944, #7943, #8066, #8065, #8064, #8063, #8062, #8061, #8060, #8059, #8058, #8057, #8056, #8055, #8054, #8053, #8052, #8051, #8050 ),
 .UNSPECIFIED., .F., .F.,
 ( 4, 1, 1, 1, 1, 1, 1, 1, 1, 1, 1, 1, 1, 1, 1, 1, 4 ),
 ( 0.0000000000000000000, 0.07736133711897617800, 0.1504798322806806300, 0.2199772368520743200, 0.2866809968624412000, 0.3496784941856627100, 0.4106796250174851700, 0.4694271135192911200, 0.5267557014271296900, 0.5831419808348370400, 0.6388244277786260300, 0.6952634704038119800, 0.7526958048985347100, 0.8108491833348947500, 0.8713563036360845200, 0.9344364309841277600, 1.000000000000000000 ),
 .UNSPECIFIED. ) ;
#8036 = CARTESIAN_POINT ( 'NONE',  ( -2.025020501552480900, -1.442274748973357200, -2.999700000000000300 ) ) ;
#8037 = CARTESIAN_POINT ( 'NONE',  ( -1.572786502349067700, -0.9434282351762817200, -2.999700000000000300 ) ) ;
#8038 = B_SPLINE_CURVE_WITH_KNOTS ( 'NONE', 3,
 ( #7894, #7893, #7892, #7891, #7890, #7889, #7888, #7887, #7886, #7885, #7884 ),
 .UNSPECIFIED., .F., .F.,
 ( 4, 1, 1, 1, 1, 1, 1, 1, 4 ),
 ( 0.0000000000000000000, 0.1367294018595734400, 0.2685149167908297800, 0.3955294046848083500, 0.5199999535658118600, 0.6404964768412689800, 0.7612361017625319800, 0.8801067171759522400, 1.000000000000000000 ),
 .UNSPECIFIED. ) ;
#8039 = CARTESIAN_POINT ( 'NONE',  ( -1.518147991865106000, -1.121234913361378100, -2.999700000000000700 ) ) ;
#8040 = CARTESIAN_POINT ( 'NONE',  ( 1.333550086388223000, 1.168026068271734500, -3.000000000000000000 ) ) ;
#8041 = B_SPLINE_CURVE_WITH_KNOTS ( 'NONE', 3,
 ( #8037, #7916, #7915, #7914, #7913, #7912, #7911, #7910, #7909, #7908, #7907, #7906, #7905, #7904, #7903, #7902, #7901, #7900, #7899 ),
 .UNSPECIFIED., .F., .F.,
 ( 4, 1, 1, 1, 1, 1, 1, 1, 1, 1, 1, 1, 1, 1, 1, 1, 4 ),
 ( 0.0000000000000000000, 0.06199741907572160100, 0.1220879540822928400, 0.1813753107870033400, 0.2395080083953655100, 0.2978356978967510200, 0.3568799706531179400, 0.4172818251154282200, 0.4796404090798158700, 0.5425000674783565500, 0.6049624196481904200, 0.6669910330782643500, 0.7302162430101638600, 0.7941728632512561300, 0.8604581431502611500, 0.9285781799847823100, 1.000000000000000000 ),
 .UNSPECIFIED. ) ;
#8042 = LINE ( 'NONE', #7898, #7883 ) ;
#8043 = VECTOR ( 'NONE', #8079, 1000.000000000000000 ) ;
#8044 = CARTESIAN_POINT ( 'NONE',  ( -1.945995311247993300, -0.6470837715344549500, -2.999700000000000300 ) ) ;
#8045 = CARTESIAN_POINT ( 'NONE',  ( -1.907100100395003700, -1.803444564036833500, -2.999700000000000300 ) ) ;
#8046 = CARTESIAN_POINT ( 'NONE',  ( -1.916628030010686200, -1.790658583538449200, -2.999700000000000700 ) ) ;
#8047 = CARTESIAN_POINT ( 'NONE',  ( -1.935559286107772200, -1.765253833395368500, -2.999699999999999400 ) ) ;
#8048 = CARTESIAN_POINT ( 'NONE',  ( -1.959165871083939900, -1.724041945843413300, -2.999700000000001100 ) ) ;
#8049 = CARTESIAN_POINT ( 'NONE',  ( -1.979630055853325100, -1.681484063561622200, -2.999700000000000700 ) ) ;
#8050 = CARTESIAN_POINT ( 'NONE',  ( -1.517221915416225000, -1.812705328525640700, -2.999700000000000300 ) ) ;
#8051 = CARTESIAN_POINT ( 'NONE',  ( -1.507647258318789200, -1.812415003742649000, -2.999700000000000300 ) ) ;
#8052 = CARTESIAN_POINT ( 'NONE',  ( -1.488860616607247600, -1.811845351208617200, -2.999699999999999800 ) ) ;
#8053 = CARTESIAN_POINT ( 'NONE',  ( -1.461326057559335900, -1.808948427730206400, -2.999700000000000300 ) ) ;
#8054 = CARTESIAN_POINT ( 'NONE',  ( -1.435369398160609500, -1.803199369200857700, -2.999699999999999400 ) ) ;
#8055 = CARTESIAN_POINT ( 'NONE',  ( -1.410656399460077400, -1.795929702289975800, -2.999700000000001600 ) ) ;
#8056 = CARTESIAN_POINT ( 'NONE',  ( -1.387501591886418200, -1.785997748770983900, -2.999699999999999400 ) ) ;
#8057 = CARTESIAN_POINT ( 'NONE',  ( -1.365869488000015300, -1.773867201087258000, -2.999700000000001100 ) ) ;
#8058 = CARTESIAN_POINT ( 'NONE',  ( -1.345496616930191400, -1.759963029584191500, -2.999700000000000700 ) ) ;
#8059 = CARTESIAN_POINT ( 'NONE',  ( -1.326951395135504100, -1.743470025403094600, -2.999699999999999800 ) ) ;
#8060 = CARTESIAN_POINT ( 'NONE',  ( -1.310054875110783700, -1.724753006064752000, -2.999700000000000700 ) ) ;
#8061 = CARTESIAN_POINT ( 'NONE',  ( -1.293983854833588200, -1.704416099125933200, -2.999699999999999800 ) ) ;
#8062 = CARTESIAN_POINT ( 'NONE',  ( -1.280356211462056800, -1.681395665172995800, -2.999700000000000700 ) ) ;
#8063 = CARTESIAN_POINT ( 'NONE',  ( -1.267778879510868000, -1.656508857848440200, -2.999700000000000700 ) ) ;
#8064 = CARTESIAN_POINT ( 'NONE',  ( -1.257197855621675200, -1.629362727483249600, -2.999699999999999400 ) ) ;
#8065 = CARTESIAN_POINT ( 'NONE',  ( -1.247780866623922700, -1.600244310415692300, -2.999700000000000300 ) ) ;
#8066 = CARTESIAN_POINT ( 'NONE',  ( -1.240529863510538000, -1.568901424522670700, -2.999699999999999800 ) ) ;
#8067 = CARTESIAN_POINT ( 'NONE',  ( 3.908266193231606500, -1.498332077533182500, -2.999700000000001100 ) ) ;
#8068 = B_SPLINE_CURVE_WITH_KNOTS ( 'NONE', 3,
 ( #7945, #8067, #7974, #7973, #7972, #7971, #7970, #8100, #8099, #8098, #8097, #8096, #8095 ),
 .UNSPECIFIED., .F., .F.,
 ( 4, 1, 1, 1, 1, 1, 1, 1, 1, 1, 4 ),
 ( 0.0000000000000000000, 0.1241996726524862600, 0.2368296581100277400, 0.3394949853062826900, 0.4312535100312246400, 0.5114548721194173100, 0.5812230366234586400, 0.6404953748643703600, 0.6883082049320181600, 0.8503329734146877200, 1.000000000000000000 ),
 .UNSPECIFIED. ) ;
#8069 = LINE ( 'NONE', #8014, #8013 ) ;
#8070 = CARTESIAN_POINT ( 'NONE',  ( -0.001852152897756842100, 0.8253777821858724300, -3.000000000000000000 ) ) ;
#8071 = DIRECTION ( 'NONE',  ( 0.9950371902099890400, 0.09950371902099922100, 0.0000000000000000000 ) ) ;
#8072 = VECTOR ( 'NONE', #8071, 1000.000000000000100 ) ;
#8073 = CARTESIAN_POINT ( 'NONE',  ( -1.254524896083730500, -1.259528996394230400, -2.999700000000000300 ) ) ;
#8074 = LINE ( 'NONE', #8073, #8072 ) ;
#8075 = DIRECTION ( 'NONE',  ( -0.1961161351381840400, 0.9805806756909201100, 0.0000000000000000000 ) ) ;
#8076 = VECTOR ( 'NONE', #8075, 1000.000000000000200 ) ;
#8077 = CARTESIAN_POINT ( 'NONE',  ( -1.056961920322512700, -1.239772698818108600, -2.999700000000000300 ) ) ;
#8078 = LINE ( 'NONE', #8077, #8076 ) ;
#8079 = DIRECTION ( 'NONE',  ( 1.000000000000000000, 0.0000000000000000000, 0.0000000000000000000 ) ) ;
#8080 =( NAMED_UNIT ( * ) SI_UNIT ( $, .STERADIAN. ) SOLID_ANGLE_UNIT ( ) );
#8081 =( GEOMETRIC_REPRESENTATION_CONTEXT ( 3 ) GLOBAL_UNCERTAINTY_ASSIGNED_CONTEXT ( ( #8086 ) ) GLOBAL_UNIT_ASSIGNED_CONTEXT ( ( #7558, #8022, #8080 ) ) REPRESENTATION_CONTEXT ( 'NONE', 'WORKASPACE' ) );
#8082 = DIRECTION ( 'NONE',  ( 0.0000000000000000000, 1.000000000000000000, 0.0000000000000000000 ) ) ;
#8083 = VECTOR ( 'NONE', #8082, 1000.000000000000000 ) ;
#8084 = CARTESIAN_POINT ( 'NONE',  ( 5.205784411308093800, 0.4000000000000000200, -3.000000000000000000 ) ) ;
#8085 = LINE ( 'NONE', #8084, #8083 ) ;
#8086 = UNCERTAINTY_MEASURE_WITH_UNIT (LENGTH_MEASURE( 1.000000000000000100E-005 ), #7558, 'distance_accuracy_value', 'NONE');
#8087 = DIRECTION ( 'NONE',  ( 0.0000000000000000000, 1.000000000000000000, 0.0000000000000000000 ) ) ;
#8088 = VECTOR ( 'NONE', #8087, 1000.000000000000000 ) ;
#8089 = CARTESIAN_POINT ( 'NONE',  ( 3.289423546424280700, 0.4000000000000000800, -3.000000000000000000 ) ) ;
#8090 = CARTESIAN_POINT ( 'NONE',  ( -1.517221915416225000, -1.812705328525640700, -2.999700000000000300 ) ) ;
#8091 = CARTESIAN_POINT ( 'NONE',  ( 3.486499824087661000, -0.9917023686833703600, -2.999699999999999400 ) ) ;
#8092 = CARTESIAN_POINT ( 'NONE',  ( 3.475142911630143300, -0.9465607933082121900, -2.999700000000000700 ) ) ;
#8093 = CARTESIAN_POINT ( 'NONE',  ( 3.468505367300407800, -0.9009239567350446600, -2.999700000000000700 ) ) ;
#8094 = CARTESIAN_POINT ( 'NONE',  ( 3.467654959733619700, -0.8703916215981054600, -2.999700000000000700 ) ) ;
#8095 = CARTESIAN_POINT ( 'NONE',  ( 4.201300156422150600, -1.773192733373397000, -2.999700000000000300 ) ) ;
#8096 = CARTESIAN_POINT ( 'NONE',  ( 4.188791647191742100, -1.756335612155318400, -2.999700000000000300 ) ) ;
#8097 = CARTESIAN_POINT ( 'NONE',  ( 4.162741823228491200, -1.721229507009662400, -2.999699999999999800 ) ) ;
#8098 = CARTESIAN_POINT ( 'NONE',  ( 4.127388522685682100, -1.685099925359710100, -2.999699999999998900 ) ) ;
#8099 = CARTESIAN_POINT ( 'NONE',  ( 4.099476229706858100, -1.659752928859669500, -2.999700000000000700 ) ) ;
#8100 = CARTESIAN_POINT ( 'NONE',  ( 4.081146920468592400, -1.643066516873531700, -2.999699999999999800 ) ) ;
#8101 = CARTESIAN_POINT ( 'NONE',  ( -4.164325351738813900, 1.647440840417235400, -2.999700000000000700 ) ) ;
#8102 = CARTESIAN_POINT ( 'NONE',  ( -4.145435535697712800, 1.698906632199380000, -2.999699999999999800 ) ) ;
#8103 = CARTESIAN_POINT ( 'NONE',  ( -4.118792195850567800, 1.748166338934114400, -2.999700000000001600 ) ) ;
#8104 = CARTESIAN_POINT ( 'NONE',  ( -4.086453812855341800, 1.794281516436198500, -2.999700000000000300 ) ) ;
#8105 = CARTESIAN_POINT ( 'NONE',  ( -4.047153493873058700, 1.834502100817246000, -2.999700000000000300 ) ) ;
#8106 = CARTESIAN_POINT ( 'NONE',  ( -4.001982730672866100, 1.868001352204855500, -2.999700000000000300 ) ) ;
#8107 = CARTESIAN_POINT ( 'NONE',  ( -3.959810221959156900, 1.890451559192346500, -2.999700000000000700 ) ) ;
#8108 = CARTESIAN_POINT ( 'NONE',  ( -3.923214542243450300, 1.905037073591968200, -2.999700000000001100 ) ) ;
#8109 = CARTESIAN_POINT ( 'NONE',  ( -3.893275694002254400, 1.914611868778289800, -2.999699999999999400 ) ) ;
#8110 = CARTESIAN_POINT ( 'NONE',  ( -3.861239106393103500, 1.922912747293496800, -2.999700000000000300 ) ) ;
#8111 = CARTESIAN_POINT ( 'NONE',  ( -3.826938061723855500, 1.929764861663454800, -2.999700000000001600 ) ) ;
#8112 = CARTESIAN_POINT ( 'NONE',  ( -3.790404524667292400, 1.934487267084332100, -2.999700000000000700 ) ) ;
#8113 = CARTESIAN_POINT ( 'NONE',  ( -3.751796575447015900, 1.938150799335936100, -2.999700000000001600 ) ) ;
#8114 = CARTESIAN_POINT ( 'NONE',  ( -3.711031100109126100, 1.940829226030091000, -2.999699999999999400 ) ) ;
#8115 = CARTESIAN_POINT ( 'NONE',  ( -3.683113495667734500, 1.940936324694112700, -2.999700000000000300 ) ) ;
#8116 = CARTESIAN_POINT ( 'NONE',  ( -3.668806198315738100, 1.940991210937499800, -2.999700000000000300 ) ) ;
#8117 = CARTESIAN_POINT ( 'NONE',  ( -3.626824065966479400, 1.289033390925480700, -2.999700000000293400 ) ) ;
#8118 = DIRECTION ( 'NONE',  ( -1.000000000000000000, 0.0000000000000000000, 0.0000000000000000000 ) ) ;
#8119 = VECTOR ( 'NONE', #8118, 1000.000000000000000 ) ;
#8120 = CARTESIAN_POINT ( 'NONE',  ( -3.091860570663056400, 1.940991210937499800, -2.999700000000000300 ) ) ;
#8121 = LINE ( 'NONE', #8120, #8119 ) ;
#8122 = PRODUCT_DEFINITION ( 'UNKNOWN', '', #8283, #8634 ) ;
#8123 = B_SPLINE_CURVE_WITH_KNOTS ( 'NONE', 3,
 ( #8116, #8115, #8114, #8113, #8112, #8111, #8110, #8109, #8108, #8107, #8106, #8105, #8104, #8103, #8102, #8101, #8307, #8306, #8305 ),
 .UNSPECIFIED., .F., .F.,
 ( 4, 1, 1, 1, 1, 1, 1, 1, 1, 1, 1, 1, 1, 1, 1, 1, 4 ),
 ( 0.0000000000000000000, 0.05873203710086524800, 0.1146029008469817300, 0.1676568100446124400, 0.2179667070908436800, 0.2657752056293755100, 0.3111706510536964600, 0.3537918046646693600, 0.3947449080003077600, 0.4728059510824628200, 0.5491923665616073000, 0.6247801075795554900, 0.7026247640242259100, 0.7797414321940388000, 0.8540634639886256500, 0.9271552664103501800, 1.000000000000000000 ),
 .UNSPECIFIED. ) ;
#8124 = CARTESIAN_POINT ( 'NONE',  ( 0.6170756071041835200, 1.091470415164262900, -3.000000000000000000 ) ) ;
#8125 = CARTESIAN_POINT ( 'NONE',  ( 0.1864500583746539800, 0.7253615257067558300, -3.000000000000000000 ) ) ;
#8126 = CARTESIAN_POINT ( 'NONE',  ( 4.040162854316909200, 0.4000000000000000800, -3.000000000000000000 ) ) ;
#8127 = DIRECTION ( 'NONE',  ( 0.5082337148199541600, 0.8612191887785067800, 0.0000000000000000000 ) ) ;
#8128 = VECTOR ( 'NONE', #8127, 1000.000000000000200 ) ;
#8129 = CARTESIAN_POINT ( 'NONE',  ( -0.005556458693279850400, 0.4000000000000000800, -3.000000000000000000 ) ) ;
#8130 = LINE ( 'NONE', #8129, #8128 ) ;
#8131 = CARTESIAN_POINT ( 'NONE',  ( 3.289423546424280700, 1.308789688501602400, -3.000000000000000000 ) ) ;
#8132 = LINE ( 'NONE', #8276, #8263 ) ;
#8133 = DIRECTION ( 'NONE',  ( 0.0000000000000000000, -1.000000000000000000, 0.0000000000000000000 ) ) ;
#8134 = VECTOR ( 'NONE', #8133, 1000.000000000000000 ) ;
#8135 = CARTESIAN_POINT ( 'NONE',  ( 4.988465137970753600, 1.763184532752403600, -3.000000000000000000 ) ) ;
#8136 = CARTESIAN_POINT ( 'NONE',  ( 5.699691850711138500, 1.940991210937499800, -3.000000000000000000 ) ) ;
#8137 = LINE ( 'NONE', #8135, #8134 ) ;
#8138 = DIRECTION ( 'NONE',  ( -1.000000000000000000, 0.0000000000000000000, 0.0000000000000000000 ) ) ;
#8139 = VECTOR ( 'NONE', #8138, 1000.000000000000000 ) ;
#8140 = CARTESIAN_POINT ( 'NONE',  ( 5.699691850711138500, 1.940991210937499800, -3.000000000000000000 ) ) ;
#8141 = LINE ( 'NONE', #8140, #8139 ) ;
#8142 = DIRECTION ( 'NONE',  ( 1.000000000000000000, 0.0000000000000000000, 0.0000000000000000000 ) ) ;
#8143 = VECTOR ( 'NONE', #8142, 1000.000000000000000 ) ;
#8144 = CARTESIAN_POINT ( 'NONE',  ( 4.494557698567709800, 1.763184532752403600, -3.000000000000000000 ) ) ;
#8145 = CARTESIAN_POINT ( 'NONE',  ( -0.2546710234421906100, 0.4000000000000000800, -3.000000000000000000 ) ) ;
#8146 = DIRECTION ( 'NONE',  ( 0.0000000000000000000, 1.000000000000000000, 0.0000000000000000000 ) ) ;
#8147 = VECTOR ( 'NONE', #8146, 1000.000000000000000 ) ;
#8148 = CARTESIAN_POINT ( 'NONE',  ( 5.699691850711138500, 1.763184532752403600, -3.000000000000000000 ) ) ;
#8149 = CARTESIAN_POINT ( 'NONE',  ( 4.988465137970753600, 0.4000000000000000200, -3.000000000000000000 ) ) ;
#8150 = LINE ( 'NONE', #8148, #8147 ) ;
#8151 = CARTESIAN_POINT ( 'NONE',  ( -0.001852152897756842100, 0.8253777821858724300, -3.000000000000000000 ) ) ;
#8152 = CARTESIAN_POINT ( 'NONE',  ( 0.01063095058671760300, 0.8460342623290528800, -2.999999999999999600 ) ) ;
#8153 = CARTESIAN_POINT ( 'NONE',  ( 0.03490399721535482300, 0.8862002119522802700, -2.999999999999998700 ) ) ;
#8154 = CARTESIAN_POINT ( 'NONE',  ( 0.07485467109190176200, 0.9417775763808413600, -3.000000000000000400 ) ) ;
#8155 = CARTESIAN_POINT ( 'NONE',  ( 0.1160607141079322300, 0.9917054318221575300, -2.999999999999999100 ) ) ;
#8156 = B_SPLINE_CURVE_WITH_KNOTS ( 'NONE', 3,
 ( #8198, #8213, #8212, #8211, #8210, #8197, #8196, #8195, #8194, #8193, #8192, #8191, #8190, #8189, #8188, #8225, #8224, #8223, #8222 ),
 .UNSPECIFIED., .F., .F.,
 ( 4, 1, 1, 1, 1, 1, 1, 1, 1, 1, 1, 1, 1, 1, 1, 1, 4 ),
 ( 0.0000000000000000000, 0.06141306929465905500, 0.1212950233845470100, 0.1792240423087197700, 0.2359380947348317900, 0.2922168332673610900, 0.3481966394342068700, 0.4044447389633586400, 0.4620255339229973300, 0.5203342118681485400, 0.5803829016508379500, 0.6418259048139874900, 0.7063632097966273700, 0.7738513938275591900, 0.8452662573568822100, 0.9201546757684058200, 1.000000000000000000 ),
 .UNSPECIFIED. ) ;
#8157 = B_SPLINE_CURVE_WITH_KNOTS ( 'NONE', 3,
 ( #8158, #8160, #8159, #8216, #8215, #8205, #8204, #8203, #8209, #8208, #8207, #8206, #8183, #8182, #8181, #8180, #8179 ),
 .UNSPECIFIED., .F., .F.,
 ( 4, 1, 1, 1, 1, 1, 1, 1, 1, 1, 1, 1, 1, 1, 4 ),
 ( 0.0000000000000000000, 0.08078147058612263100, 0.1565412257955896000, 0.2279349868434858700, 0.2943103173046012800, 0.3568678635548110900, 0.4147585592592751800, 0.4676413968340160100, 0.5167484215300128800, 0.6047297418940531500, 0.6815706529393893400, 0.7481095416219826200, 0.8049410995352803700, 0.9054060495000021400, 1.000000000000000000 ),
 .UNSPECIFIED. ) ;
#8158 = CARTESIAN_POINT ( 'NONE',  ( 0.1864500583746539800, 0.7253615257067558300, -3.000000000000000000 ) ) ;
#8159 = CARTESIAN_POINT ( 'NONE',  ( 0.2067316719798083000, 0.7588989784836219800, -3.000000000000000900 ) ) ;
#8160 = CARTESIAN_POINT ( 'NONE',  ( 0.1933536482877261700, 0.7367772259172000700, -3.000000000000000400 ) ) ;
#8161 = CARTESIAN_POINT ( 'NONE',  ( -3.668806198315738100, 1.940991210937499800, -2.999700000000000300 ) ) ;
#8162 = DIRECTION ( 'NONE',  ( 1.000000000000000000, 0.0000000000000000000, 0.0000000000000000000 ) ) ;
#8163 = VECTOR ( 'NONE', #8162, 1000.000000000000000 ) ;
#8164 = CARTESIAN_POINT ( 'NONE',  ( 3.072104273086941000, 0.4000000000000000800, -3.000000000000000000 ) ) ;
#8165 = LINE ( 'NONE', #8164, #8163 ) ;
#8166 = VECTOR ( 'NONE', #8257, 1000.000000000000000 ) ;
#8167 = CARTESIAN_POINT ( 'NONE',  ( -4.237725830078120200, 0.8414297739664713400, -2.999700000000000300 ) ) ;
#8168 = CARTESIAN_POINT ( 'NONE',  ( 3.289423546424280700, 1.940991210937500000, -3.000000000000000000 ) ) ;
#8169 = DIRECTION ( 'NONE',  ( 0.0000000000000000000, -1.000000000000000000, 0.0000000000000000000 ) ) ;
#8170 = VECTOR ( 'NONE', #8169, 1000.000000000000000 ) ;
#8171 = CARTESIAN_POINT ( 'NONE',  ( 4.040162854316909200, 1.940991210937500000, -3.000000000000000000 ) ) ;
#8172 = LINE ( 'NONE', #8171, #8170 ) ;
#8173 = CARTESIAN_POINT ( 'NONE',  ( 5.205784411308093800, 1.763184532752403600, -3.000000000000000000 ) ) ;
#8174 = LINE ( 'NONE', #8258, #8166 ) ;
#8175 = DIRECTION ( 'NONE',  ( -0.5109134516535710500, -0.8596321567504522400, 0.0000000000000000000 ) ) ;
#8176 = VECTOR ( 'NONE', #8175, 1000.000000000000000 ) ;
#8177 = CARTESIAN_POINT ( 'NONE',  ( -0.001852152897756842100, 0.8253777821858724300, -3.000000000000000000 ) ) ;
#8178 = LINE ( 'NONE', #8177, #8176 ) ;
#8179 = CARTESIAN_POINT ( 'NONE',  ( 0.5099594311836482800, 1.084370495722844200, -3.000000000000000000 ) ) ;
#8180 = CARTESIAN_POINT ( 'NONE',  ( 0.4950303587299440000, 1.079646139421703400, -3.000000000000000000 ) ) ;
#8181 = CARTESIAN_POINT ( 'NONE',  ( 0.4642456368488365700, 1.069904208350708400, -3.000000000000000400 ) ) ;
#8182 = CARTESIAN_POINT ( 'NONE',  ( 0.4280291212771139000, 1.048701784969255300, -3.000000000000000400 ) ) ;
#8183 = CARTESIAN_POINT ( 'NONE',  ( 0.3987904518292646500, 1.026033443221932900, -2.999999999999999600 ) ) ;
#8184 = CARTESIAN_POINT ( 'NONE',  ( -3.958615155803036700, 1.206449329224013700, -2.999700000000000700 ) ) ;
#8185 = CARTESIAN_POINT ( 'NONE',  ( -3.947246517279204600, 1.210008200620993600, -2.999700000000000300 ) ) ;
#8186 = B_SPLINE_CURVE_WITH_KNOTS ( 'NONE', 3,
 ( #8236, #8235, #8234, #8233, #8232, #8231, #8230, #8229, #8228, #8227, #8226 ),
 .UNSPECIFIED., .F., .F.,
 ( 4, 1, 1, 1, 1, 1, 1, 1, 4 ),
 ( 0.0000000000000000000, 0.1158426906010184800, 0.2305685484828847400, 0.3473546045205447300, 0.4682527467344625400, 0.5923025714800843600, 0.7199701656206960500, 0.8556003811349106600, 1.000000000000000000 ),
 .UNSPECIFIED. ) ;
#8187 = B_SPLINE_CURVE_WITH_KNOTS ( 'NONE', 3,
 ( #8185, #8184, #8255, #8254, #8253, #8252, #8251, #8250, #8249, #8248, #8247, #8246, #8245, #8244, #8243, #8242, #8241, #8240, #8239 ),
 .UNSPECIFIED., .F., .F.,
 ( 4, 1, 1, 1, 1, 1, 1, 1, 1, 1, 1, 1, 1, 1, 1, 1, 4 ),
 ( 0.0000000000000000000, 0.07046422592917490900, 0.1379569656042693400, 0.2035785636142837800, 0.2676916802449437200, 0.3301858648593748400, 0.3915337640898194900, 0.4526637734870359000, 0.5131537880892133000, 0.5734535531000284300, 0.6329675593891933600, 0.6923319074206215600, 0.7514741915716303100, 0.8121874455294297900, 0.8729617178483164400, 0.9354203067594908400, 1.000000000000000000 ),
 .UNSPECIFIED. ) ;
#8188 = CARTESIAN_POINT ( 'NONE',  ( 0.1394534259361280300, 1.144216722246518900, -3.000000000000001300 ) ) ;
#8189 = CARTESIAN_POINT ( 'NONE',  ( 0.09916865133417635000, 1.161173724119093800, -2.999999999999999600 ) ) ;
#8190 = CARTESIAN_POINT ( 'NONE',  ( 0.06196418019493375700, 1.179725278961883100, -3.000000000000001800 ) ) ;
#8191 = CARTESIAN_POINT ( 'NONE',  ( 0.02826827338510904200, 1.201279727413878700, -2.999999999999999100 ) ) ;
#8192 = CARTESIAN_POINT ( 'NONE',  ( -0.002077763289699529800, 1.225242373867475800, -3.000000000000001300 ) ) ;
#8193 = CARTESIAN_POINT ( 'NONE',  ( -0.02877311653140688900, 1.252073953888353600, -2.999999999999998700 ) ) ;
#8194 = CARTESIAN_POINT ( 'NONE',  ( -0.05205262479248160000, 1.280806450037908600, -3.000000000000000000 ) ) ;
#8195 = CARTESIAN_POINT ( 'NONE',  ( -0.07284512946752198800, 1.310824488958964200, -3.000000000000001300 ) ) ;
#8196 = CARTESIAN_POINT ( 'NONE',  ( -0.08962873792436576400, 1.342927402898852700, -2.999999999999998700 ) ) ;
#8197 = CARTESIAN_POINT ( 'NONE',  ( -0.1041166423704892500, 1.376233239162306000, -3.000000000000000900 ) ) ;
#8198 = CARTESIAN_POINT ( 'NONE',  ( -0.1284159342447872300, 1.525491577539688400, -3.000000000000000400 ) ) ;
#8199 = B_SPLINE_CURVE_WITH_KNOTS ( 'NONE', 3,
 ( #8218, #8217, #8155, #8154, #8153, #8152, #8151 ),
 .UNSPECIFIED., .F., .F.,
 ( 4, 1, 1, 1, 4 ),
 ( 0.0000000000000000000, 0.2295275697008576600, 0.4714659343032291900, 0.7281863484998698500, 1.000000000000000000 ),
 .UNSPECIFIED. ) ;
#8200 = CARTESIAN_POINT ( 'NONE',  ( -0.1284159342447872300, 1.525491577539688400, -3.000000000000000400 ) ) ;
#8201 = LINE ( 'NONE', #8144, #8143 ) ;
#8202 = VECTOR ( 'NONE', #8220, 1000.000000000000000 ) ;
#8203 = CARTESIAN_POINT ( 'NONE',  ( 0.2955744846334105700, 0.8984682134384307500, -3.000000000000000000 ) ) ;
#8204 = CARTESIAN_POINT ( 'NONE',  ( 0.2794868772526711300, 0.8747915278279365700, -2.999999999999999100 ) ) ;
#8205 = CARTESIAN_POINT ( 'NONE',  ( 0.2625750360699407000, 0.8489823983333488800, -3.000000000000000400 ) ) ;
#8206 = CARTESIAN_POINT ( 'NONE',  ( 0.3750484856993906400, 1.002916785668015500, -3.000000000000000400 ) ) ;
#8207 = CARTESIAN_POINT ( 'NONE',  ( 0.3501172101951122200, 0.9739226256573078100, -3.000000000000000000 ) ) ;
#8208 = CARTESIAN_POINT ( 'NONE',  ( 0.3287523932302829400, 0.9457677939860981200, -3.000000000000000900 ) ) ;
#8209 = CARTESIAN_POINT ( 'NONE',  ( 0.3103951201131665600, 0.9203230623493532400, -2.999999999999999600 ) ) ;
#8210 = CARTESIAN_POINT ( 'NONE',  ( -0.1147018386183781500, 1.411422279604643200, -2.999999999999999100 ) ) ;
#8211 = CARTESIAN_POINT ( 'NONE',  ( -0.1229566716025455400, 1.447995951769050600, -3.000000000000000900 ) ) ;
#8212 = CARTESIAN_POINT ( 'NONE',  ( -0.1275188165753612900, 1.486274561319531000, -3.000000000000000400 ) ) ;
#8213 = CARTESIAN_POINT ( 'NONE',  ( -0.1281143890379492200, 1.512309691070723700, -2.999999999999999600 ) ) ;
#8214 = LINE ( 'NONE', #8221, #8202 ) ;
#8215 = CARTESIAN_POINT ( 'NONE',  ( 0.2450023690520488600, 0.8209511690670867600, -3.000000000000000400 ) ) ;
#8216 = CARTESIAN_POINT ( 'NONE',  ( 0.2260557479257427300, 0.7912067331721494000, -2.999999999999999600 ) ) ;
#8217 = CARTESIAN_POINT ( 'NONE',  ( 0.1459625604020201000, 1.021017979523134000, -3.000000000000000400 ) ) ;
#8218 = CARTESIAN_POINT ( 'NONE',  ( 0.1605199178059940100, 1.035288443932166600, -3.000000000000000000 ) ) ;
#8219 = CARTESIAN_POINT ( 'NONE',  ( 4.494557698567709800, 1.763184532752403600, -3.000000000000000000 ) ) ;
#8220 = DIRECTION ( 'NONE',  ( 1.000000000000000000, 0.0000000000000000000, 0.0000000000000000000 ) ) ;
#8221 = CARTESIAN_POINT ( 'NONE',  ( 5.205784411308093800, 1.763184532752403600, -3.000000000000000000 ) ) ;
#8222 = CARTESIAN_POINT ( 'NONE',  ( 0.2802924718612324100, 1.111226712740384500, -3.000000000000000000 ) ) ;
#8223 = CARTESIAN_POINT ( 'NONE',  ( 0.2633793914184573400, 1.114012831668581600, -2.999999999999999600 ) ) ;
#8224 = CARTESIAN_POINT ( 'NONE',  ( 0.2306032174631240900, 1.119412103490163600, -3.000000000000000000 ) ) ;
#8225 = CARTESIAN_POINT ( 'NONE',  ( 0.1833239672613043700, 1.130562127305279700, -3.000000000000000000 ) ) ;
#8226 = CARTESIAN_POINT ( 'NONE',  ( -3.947246517279204600, 1.210008200620993600, -2.999700000000000300 ) ) ;
#8227 = CARTESIAN_POINT ( 'NONE',  ( -3.965624332898940900, 1.219321469294881300, -2.999699999999999800 ) ) ;
#8228 = CARTESIAN_POINT ( 'NONE',  ( -4.001263877550764300, 1.237382410901074500, -2.999699999999999800 ) ) ;
#8229 = CARTESIAN_POINT ( 'NONE',  ( -4.048751614033822200, 1.271265985970379400, -2.999700000000000700 ) ) ;
#8230 = CARTESIAN_POINT ( 'NONE',  ( -4.089029841261788300, 1.309299855038750000, -2.999699999999999800 ) ) ;
#8231 = CARTESIAN_POINT ( 'NONE',  ( -4.121519764773363900, 1.351565529033205800, -2.999700000000002000 ) ) ;
#8232 = CARTESIAN_POINT ( 'NONE',  ( -4.146939746939370500, 1.396632977924521900, -2.999699999999998500 ) ) ;
#8233 = CARTESIAN_POINT ( 'NONE',  ( -4.164916743564054600, 1.443677702985334900, -2.999700000000001600 ) ) ;
#8234 = CARTESIAN_POINT ( 'NONE',  ( -4.176306801833071300, 1.492127782011939900, -2.999699999999999400 ) ) ;
#8235 = CARTESIAN_POINT ( 'NONE',  ( -4.177737914825924800, 1.525018534580926400, -2.999700000000000300 ) ) ;
#8236 = CARTESIAN_POINT ( 'NONE',  ( -4.178456937349755800, 1.541543569320287500, -2.999700000000000700 ) ) ;
#8237 = CARTESIAN_POINT ( 'NONE',  ( -3.309179844000396100, 0.5778066781850961200, -2.999700000000000300 ) ) ;
#8238 = SHAPE_DEFINITION_REPRESENTATION ( #8301, #8628 ) ;
#8239 = CARTESIAN_POINT ( 'NONE',  ( -4.237725830078120200, 0.8414297739664713400, -2.999700000000000300 ) ) ;
#8240 = CARTESIAN_POINT ( 'NONE',  ( -4.237467563973869000, 0.8523448205998727100, -2.999700000000000700 ) ) ;
#8241 = CARTESIAN_POINT ( 'NONE',  ( -4.236959514452791200, 0.8738164118127440500, -2.999700000000000300 ) ) ;
#8242 = CARTESIAN_POINT ( 'NONE',  ( -4.233576955706249500, 0.9054238715963804900, -2.999700000000000300 ) ) ;
#8243 = CARTESIAN_POINT ( 'NONE',  ( -4.227642376299424000, 0.9359762763921604100, -2.999700000000001100 ) ) ;
#8244 = CARTESIAN_POINT ( 'NONE',  ( -4.219378198258444200, 0.9654025094935760900, -2.999699999999999800 ) ) ;
#8245 = CARTESIAN_POINT ( 'NONE',  ( -4.208785117227748200, 0.9938157494546748800, -2.999700000000000300 ) ) ;
#8246 = CARTESIAN_POINT ( 'NONE',  ( -4.195861423612651500, 1.021040427244237900, -2.999699999999999400 ) ) ;
#8247 = CARTESIAN_POINT ( 'NONE',  ( -4.180210691688102100, 1.047005860786371500, -2.999700000000002000 ) ) ;
#8248 = CARTESIAN_POINT ( 'NONE',  ( -4.162760399713689300, 1.072024731120207400, -2.999699999999998900 ) ) ;
#8249 = CARTESIAN_POINT ( 'NONE',  ( -4.142894291343039500, 1.095550224548487400, -2.999699999999999800 ) ) ;
#8250 = CARTESIAN_POINT ( 'NONE',  ( -4.120994804941809700, 1.117430949500437500, -2.999699999999999800 ) ) ;
#8251 = CARTESIAN_POINT ( 'NONE',  ( -4.097101066089550200, 1.137653596195164800, -2.999700000000001600 ) ) ;
#8252 = CARTESIAN_POINT ( 'NONE',  ( -4.071047405924902700, 1.155905224444684800, -2.999699999999999400 ) ) ;
#8253 = CARTESIAN_POINT ( 'NONE',  ( -4.042907338180466300, 1.172214287538195800, -2.999699999999999800 ) ) ;
#8254 = CARTESIAN_POINT ( 'NONE',  ( -4.012871001734868800, 1.186731815433411400, -2.999700000000000700 ) ) ;
#8255 = CARTESIAN_POINT ( 'NONE',  ( -3.980873015775499000, 1.199481664534179700, -2.999699999999999800 ) ) ;
#8256 = CARTESIAN_POINT ( 'NONE',  ( 3.072104273086941000, 1.940991210937500000, -3.000000000000000000 ) ) ;
#8257 = DIRECTION ( 'NONE',  ( 0.0000000000000000000, 1.000000000000000000, 0.0000000000000000000 ) ) ;
#8258 = CARTESIAN_POINT ( 'NONE',  ( 3.289423546424280700, 1.308789688501602400, -3.000000000000000000 ) ) ;
#8259 = DIRECTION ( 'NONE',  ( 0.0000000000000000000, -1.000000000000000000, 0.0000000000000000000 ) ) ;
#8260 = VECTOR ( 'NONE', #8259, 1000.000000000000000 ) ;
#8261 = LINE ( 'NONE', #8264, #8260 ) ;
#8262 = CARTESIAN_POINT ( 'NONE',  ( 3.072104273086941000, 0.4000000000000000800, -3.000000000000000000 ) ) ;
#8263 = VECTOR ( 'NONE', #8275, 1000.000000000000000 ) ;
#8264 = CARTESIAN_POINT ( 'NONE',  ( 4.040162854316909200, 1.130983010316506400, -3.000000000000000000 ) ) ;
#8265 = CARTESIAN_POINT ( 'NONE',  ( 0.6170756071041835200, 1.091470415164262900, -3.000000000000000000 ) ) ;
#8266 = CARTESIAN_POINT ( 'NONE',  ( 0.6055465359045951700, 1.091498578529483300, -3.000000000000000400 ) ) ;
#8267 = CARTESIAN_POINT ( 'NONE',  ( 0.5842251969968453900, 1.091550662573744100, -3.000000000000000000 ) ) ;
#8268 = CARTESIAN_POINT ( 'NONE',  ( 0.5548049713379463700, 1.089763083994064000, -3.000000000000000000 ) ) ;
#8269 = CARTESIAN_POINT ( 'NONE',  ( 0.5305232984181025300, 1.088078859870898600, -3.000000000000001300 ) ) ;
#8270 = CARTESIAN_POINT ( 'NONE',  ( 0.5162231166725219600, 1.085500051094739700, -3.000000000000000000 ) ) ;
#8271 = CARTESIAN_POINT ( 'NONE',  ( 0.5099594311836482800, 1.084370495722844200, -3.000000000000000000 ) ) ;
#8272 = CARTESIAN_POINT ( 'NONE',  ( -0.005556458693279850400, 0.4000000000000000800, -3.000000000000000000 ) ) ;
#8273 = CARTESIAN_POINT ( 'NONE',  ( 4.040162854316909200, 1.940991210937500000, -3.000000000000000000 ) ) ;
#8274 = B_SPLINE_CURVE_WITH_KNOTS ( 'NONE', 3,
 ( #8271, #8270, #8269, #8268, #8267, #8266, #8265 ),
 .UNSPECIFIED., .F., .F.,
 ( 4, 1, 1, 1, 4 ),
 ( 0.0000000000000000000, 0.1774946570818490300, 0.4052256231013744400, 0.6783881083348569700, 1.000000000000000000 ),
 .UNSPECIFIED. ) ;
#8275 = DIRECTION ( 'NONE',  ( 1.000000000000000000, 0.0000000000000000000, 0.0000000000000000000 ) ) ;
#8276 = CARTESIAN_POINT ( 'NONE',  ( 0.6170756071041835200, 1.091470415164262900, -3.000000000000000000 ) ) ;
#8277 = DIRECTION ( 'NONE',  ( 1.000000000000000000, 0.0000000000000000000, 0.0000000000000000000 ) ) ;
#8278 = VECTOR ( 'NONE', #8277, 1000.000000000000000 ) ;
#8279 = LINE ( 'NONE', #8145, #8278 ) ;
#8280 = CARTESIAN_POINT ( 'NONE',  ( -3.714910920120533300, 0.5782796132015950400, -2.999700000000000700 ) ) ;
#8281 = CARTESIAN_POINT ( 'NONE',  ( -3.688254135754457200, 0.5779733644833815500, -2.999700000000000300 ) ) ;
#8282 = CARTESIAN_POINT ( 'NONE',  ( -3.673745272709768800, 0.5778066781850961200, -2.999700000000660200 ) ) ;
#8283 = PRODUCT_DEFINITION_FORMATION_WITH_SPECIFIED_SOURCE ( 'ANY', '', #8637, .NOT_KNOWN. ) ;
#8284 = PRODUCT_RELATED_PRODUCT_CATEGORY ( 'part', '', ( #8637 ) ) ;
#8285 = B_SPLINE_CURVE_WITH_KNOTS ( 'NONE', 3,
 ( #8282, #8281, #8280, #7101, #7302, #7280, #7291 ),
 .UNSPECIFIED., .F., .F.,
 ( 4, 1, 1, 1, 4 ),
 ( 0.0000000000000000000, 0.3293954641291820300, 0.6051903468527988200, 0.8278865786947321400, 1.000000000000000000 ),
 .UNSPECIFIED. ) ;
#8286 = CARTESIAN_POINT ( 'NONE',  ( -3.648741208589989500, 1.111226712740384500, -2.999700000000000300 ) ) ;
#8287 = CARTESIAN_POINT ( 'NONE',  ( -3.670772686135744100, 1.111005187567492400, -2.999700000000000300 ) ) ;
#8288 = CARTESIAN_POINT ( 'NONE',  ( -3.712121037528116400, 1.110589432397555400, -2.999700000000000300 ) ) ;
#8289 = CARTESIAN_POINT ( 'NONE',  ( -3.769983409078474500, 1.105661115716084100, -2.999699999999999800 ) ) ;
#8290 = CARTESIAN_POINT ( 'NONE',  ( -3.819745745812201100, 1.098023583170642000, -2.999700000000000700 ) ) ;
#8291 = CARTESIAN_POINT ( 'NONE',  ( -3.862204011879764500, 1.086766082165699500, -2.999700000000000700 ) ) ;
#8292 = CARTESIAN_POINT ( 'NONE',  ( -3.898530395672474400, 1.070943491137085400, -2.999700000000000300 ) ) ;
#8293 = CARTESIAN_POINT ( 'NONE',  ( -3.930244144842390200, 1.050782353637603500, -2.999699999999999800 ) ) ;
#8294 = CARTESIAN_POINT ( 'NONE',  ( -3.957442728710959900, 1.025376076334091600, -2.999700000000000700 ) ) ;
#8295 = CARTESIAN_POINT ( 'NONE',  ( -3.979922773187583900, 0.9954254779691801300, -2.999700000000000700 ) ) ;
#8296 = CARTESIAN_POINT ( 'NONE',  ( -3.998250606671705800, 0.9621253496808612700, -2.999699999999999800 ) ) ;
#8297 = CARTESIAN_POINT ( 'NONE',  ( -4.011270228257115100, 0.9254511326085858000, -2.999700000000000300 ) ) ;
#8298 = CARTESIAN_POINT ( 'NONE',  ( -4.019152135926929300, 0.8859107278067770400, -2.999700000000000700 ) ) ;
#8299 = CARTESIAN_POINT ( 'NONE',  ( -4.019981344060289200, 0.8585480852921962800, -2.999700000000000300 ) ) ;
#8300 = CARTESIAN_POINT ( 'NONE',  ( -4.020406556740781800, 0.8445166954627404400, -2.999700000000000700 ) ) ;
#8301 = PRODUCT_DEFINITION_SHAPE ( 'NONE', 'NONE',  #8122 ) ;
#8302 = CARTESIAN_POINT ( 'NONE',  ( -4.020406556740781800, 0.8445166954627404400, -2.999700000000000700 ) ) ;
#8303 = CARTESIAN_POINT ( 'NONE',  ( -3.673745272709768800, 0.5778066781850961200, -2.999700000000660200 ) ) ;
#8304 = B_SPLINE_CURVE_WITH_KNOTS ( 'NONE', 3,
 ( #8300, #8299, #8298, #8297, #8296, #8295, #8294, #8293, #8292, #8291, #8290, #8289, #8288, #8287, #8286 ),
 .UNSPECIFIED., .F., .F.,
 ( 4, 1, 1, 1, 1, 1, 1, 1, 1, 1, 1, 1, 4 ),
 ( 0.0000000000000000000, 0.08013990246525157200, 0.1562809906190945600, 0.2294060490129021200, 0.3017986969723055500, 0.3727428627695783500, 0.4426676099026286600, 0.5133209646126980500, 0.5865476923632085800, 0.6683225082295050100, 0.7636766255259052100, 0.8740807567185483500, 1.000000000000000000 ),
 .UNSPECIFIED. ) ;
#8305 = CARTESIAN_POINT ( 'NONE',  ( -4.178456937349755800, 1.541543569320287500, -2.999700000000000700 ) ) ;
#8306 = CARTESIAN_POINT ( 'NONE',  ( -4.177772942956553800, 1.559305464858688800, -2.999699999999999400 ) ) ;
#8307 = CARTESIAN_POINT ( 'NONE',  ( -4.176402634253704200, 1.594889499285558700, -2.999700000000000700 ) ) ;
#8308 = CARTESIAN_POINT ( 'NONE',  ( -1.517221915416225000, -1.812705328525640700, -2.999700000000000300 ) ) ;
#8309 = FACE_BOUND ( 'NONE', #1710, .T. ) ;
#8310 = B_SPLINE_CURVE_WITH_KNOTS ( 'NONE', 3,
 ( #8308, #8533, #8532, #8531, #8530, #8529, #8528, #8527, #8526, #8525, #8524, #8523, #8522, #8521, #8520, #8519, #8518, #8517, #8516 ),
 .UNSPECIFIED., .F., .F.,
 ( 4, 1, 1, 1, 1, 1, 1, 1, 1, 1, 1, 1, 1, 1, 1, 1, 4 ),
 ( 0.0000000000000000000, 0.06580103760947297900, 0.1286767959489729400, 0.1886758749524333800, 0.2475984367338941200, 0.3048494201188274300, 0.3617858992828987800, 0.4195227063685892900, 0.4786818154207404500, 0.5387695030440190500, 0.5987990560131537500, 0.6601842815006786500, 0.7229515306109658400, 0.7879926891048739700, 0.8554037684344736300, 0.9261530612840037600, 1.000000000000000000 ),
 .UNSPECIFIED. ) ;
#8311 = PLANE ( 'NONE',  #8321 ) ;
#8312 = SURFACE_STYLE_FILL_AREA ( #8513 ) ;
#8313 = CARTESIAN_POINT ( 'NONE',  ( -0.1386027751824787900, -0.7131438915546121100, -2.999700000000000300 ) ) ;
#8314 = CARTESIAN_POINT ( 'NONE',  ( -0.1453473811112914500, -0.7047851168457378600, -2.999700000000000700 ) ) ;
#8315 = CARTESIAN_POINT ( 'NONE',  ( -0.1585363147604893200, -0.6884397104294809300, -2.999699999999999800 ) ) ;
#8316 = CARTESIAN_POINT ( 'NONE',  ( -0.1804233470844484000, -0.6665754137718975500, -2.999700000000000300 ) ) ;
#8317 = CARTESIAN_POINT ( 'NONE',  ( -0.2043342968150372600, -0.6486301535248912800, -2.999700000000001600 ) ) ;
#8318 = CARTESIAN_POINT ( 'NONE',  ( -0.2291492675800345100, -0.6332604180008436500, -2.999699999999999400 ) ) ;
#8319 = CARTESIAN_POINT ( 'NONE',  ( -0.2558523594083297900, -0.6218399192778998300, -2.999700000000000700 ) ) ;
#8320 = CARTESIAN_POINT ( 'NONE',  ( -0.2837769438555103900, -0.6134090000453039600, -2.999700000000000300 ) ) ;
#8321 = AXIS2_PLACEMENT_3D ( 'NONE', #8514, #8405, #8535 ) ;
#8322 = CARTESIAN_POINT ( 'NONE',  ( -3.091860570663056400, 1.940991210937499800, -2.999700000000000300 ) ) ;
#8323 = VECTOR ( 'NONE', #8429, 1000.000000000000000 ) ;
#8324 = CARTESIAN_POINT ( 'NONE',  ( -3.947246517279204600, 1.210008200620993600, -2.999700000000000300 ) ) ;
#8325 = CARTESIAN_POINT ( 'NONE',  ( -4.178456937349755800, 1.541543569320287500, -2.999700000000000700 ) ) ;
#8326 = CARTESIAN_POINT ( 'NONE',  ( -3.961137664012415200, 1.522404656043419200, -2.999700000000000300 ) ) ;
#8327 = CARTESIAN_POINT ( 'NONE',  ( -3.960641516980808700, 1.509207868563948300, -2.999700000000000300 ) ) ;
#8328 = CARTESIAN_POINT ( 'NONE',  ( -3.959688612924214400, 1.483862010336243400, -2.999700000000001100 ) ) ;
#8329 = CARTESIAN_POINT ( 'NONE',  ( -3.953020293290129100, 1.447312417787832500, -2.999700000000000700 ) ) ;
#8330 = CARTESIAN_POINT ( 'NONE',  ( -3.940841207626505100, 1.414473782019539200, -2.999700000000001100 ) ) ;
#8331 = CARTESIAN_POINT ( 'NONE',  ( -3.924415638109144400, 1.384887049302308900, -2.999700000000000300 ) ) ;
#8332 = CARTESIAN_POINT ( 'NONE',  ( -3.903040714670468000, 1.359165776616675100, -2.999699999999999800 ) ) ;
#8333 = CARTESIAN_POINT ( 'NONE',  ( -3.877075403134328200, 1.337447613497337900, -2.999699999999999800 ) ) ;
#8334 = CARTESIAN_POINT ( 'NONE',  ( -3.846589284841552400, 1.319349070623358800, -2.999700000000000300 ) ) ;
#8335 = CARTESIAN_POINT ( 'NONE',  ( -3.823840038314384700, 1.311380007782786200, -2.999700000000000300 ) ) ;
#8336 = CARTESIAN_POINT ( 'NONE',  ( -3.812039355742621100, 1.307246227753468000, -2.999700000000000300 ) ) ;
#8337 = DIRECTION ( 'NONE',  ( 0.0000000000000000000, -1.000000000000000000, 0.0000000000000000000 ) ) ;
#8338 = VECTOR ( 'NONE', #8337, 1000.000000000000000 ) ;
#8339 = CARTESIAN_POINT ( 'NONE',  ( -3.309179844000396100, 1.763184532752403600, -2.999700000000000300 ) ) ;
#8340 = LINE ( 'NONE', #8339, #8338 ) ;
#8341 = CARTESIAN_POINT ( 'NONE',  ( -3.893422753560072300, 0.6128170609995310400, -2.999700000000001100 ) ) ;
#8342 = CARTESIAN_POINT ( 'NONE',  ( -3.866502007255638900, 0.6016243987167199100, -2.999699999999999400 ) ) ;
#8343 = CARTESIAN_POINT ( 'NONE',  ( -3.837140547873293200, 0.5918538692156204400, -2.999700000000000700 ) ) ;
#8344 = CARTESIAN_POINT ( 'NONE',  ( -3.816313273694919200, 0.5874761872230378500, -2.999700000000001100 ) ) ;
#8345 = DIRECTION ( 'NONE',  ( 1.000000000000000000, 0.0000000000000000000, 0.0000000000000000000 ) ) ;
#8346 = VECTOR ( 'NONE', #8345, 1000.000000000000000 ) ;
#8347 = CARTESIAN_POINT ( 'NONE',  ( 0.2802924718612324100, 1.111226712740384500, -3.000000000000000000 ) ) ;
#8348 = CARTESIAN_POINT ( 'NONE',  ( -0.2546710234421906100, 0.4000000000000000800, -3.000000000000000000 ) ) ;
#8349 = CARTESIAN_POINT ( 'NONE',  ( -0.6420796712239575900, -1.210138252453925900, -2.999700000000000300 ) ) ;
#8350 = CARTESIAN_POINT ( 'NONE',  ( 0.5099594311836482800, 1.084370495722844200, -3.000000000000000000 ) ) ;
#8351 = CARTESIAN_POINT ( 'NONE',  ( 4.988465137970753600, 1.763184532752403600, -3.000000000000000000 ) ) ;
#8352 = CARTESIAN_POINT ( 'NONE',  ( 5.205784411308093800, 0.4000000000000000200, -3.000000000000000000 ) ) ;
#8353 = CARTESIAN_POINT ( 'NONE',  ( -3.805556820600456200, 0.5852152897761417900, -2.999700000000000300 ) ) ;
#8354 = CARTESIAN_POINT ( 'NONE',  ( -3.805556820600456200, 0.5852152897761417900, -2.999700000000000300 ) ) ;
#8355 = CARTESIAN_POINT ( 'NONE',  ( -3.670349659063872700, 0.4000000000000000200, -2.999700000000000300 ) ) ;
#8356 = CARTESIAN_POINT ( 'NONE',  ( -3.693616530794202800, 0.4002259785349869800, -2.999700000000000300 ) ) ;
#8357 = CARTESIAN_POINT ( 'NONE',  ( -3.738252546287262700, 0.4006595040001068000, -2.999700000000000300 ) ) ;
#8358 = CARTESIAN_POINT ( 'NONE',  ( -3.802319195033310600, 0.4058694517646446700, -2.999700000000000700 ) ) ;
#8359 = CARTESIAN_POINT ( 'NONE',  ( -3.860869911739601300, 0.4131472777515867200, -2.999700000000000300 ) ) ;
#8360 = CARTESIAN_POINT ( 'NONE',  ( -3.913994650764798200, 0.4243490751148297800, -2.999700000000000300 ) ) ;
#8361 = CARTESIAN_POINT ( 'NONE',  ( -3.962414363511389300, 0.4384500516296612700, -2.999700000000000300 ) ) ;
#8362 = CARTESIAN_POINT ( 'NONE',  ( -4.006107009438063700, 0.4561019355816293100, -2.999700000000000300 ) ) ;
#8363 = CARTESIAN_POINT ( 'NONE',  ( -4.045960617204237100, 0.4761175842292307300, -2.999700000000000700 ) ) ;
#8364 = CARTESIAN_POINT ( 'NONE',  ( -4.081667045922466200, 0.4998872922623617300, -2.999699999999998900 ) ) ;
#8365 = CARTESIAN_POINT ( 'NONE',  ( -4.114234796220553200, 0.5278942462765091600, -2.999700000000001100 ) ) ;
#8366 = CARTESIAN_POINT ( 'NONE',  ( -4.143453792136676300, 0.5611891366807854100, -2.999699999999999400 ) ) ;
#8367 = CARTESIAN_POINT ( 'NONE',  ( -4.170146810561913500, 0.5995014060062079400, -2.999700000000002500 ) ) ;
#8368 = CARTESIAN_POINT ( 'NONE',  ( -4.193633124293084400, 0.6424368236427220300, -2.999699999999998900 ) ) ;
#8369 = CARTESIAN_POINT ( 'NONE',  ( -4.213344009986855100, 0.6888712003766246400, -2.999700000000000700 ) ) ;
#8370 = CARTESIAN_POINT ( 'NONE',  ( -4.227664463011303800, 0.7380477036760372300, -2.999699999999998900 ) ) ;
#8371 = CARTESIAN_POINT ( 'NONE',  ( -4.236138369710435100, 0.7891712089117846100, -2.999700000000000700 ) ) ;
#8372 = CARTESIAN_POINT ( 'NONE',  ( -4.237193504258008200, 0.8239058193110256900, -2.999700000000001100 ) ) ;
#8373 = CARTESIAN_POINT ( 'NONE',  ( -4.237725830078120200, 0.8414297739664713400, -2.999700000000000300 ) ) ;
#8374 = LINE ( 'NONE', #8430, #8323 ) ;
#8375 = CARTESIAN_POINT ( 'NONE',  ( 4.988465137970753600, 0.4000000000000000200, -3.000000000000000000 ) ) ;
#8376 = LINE ( 'NONE', #8375, #8346 ) ;
#8377 = DIRECTION ( 'NONE',  ( 1.000000000000000000, 0.0000000000000000000, 0.0000000000000000000 ) ) ;
#8378 = VECTOR ( 'NONE', #8377, 1000.000000000000000 ) ;
#8379 = CARTESIAN_POINT ( 'NONE',  ( -3.648741208589989500, 1.111226712740384500, -2.999700000000000300 ) ) ;
#8380 = CARTESIAN_POINT ( 'NONE',  ( 4.494557698567709800, 1.940991210937499800, -3.000000000000000000 ) ) ;
#8381 = B_SPLINE_CURVE_WITH_KNOTS ( 'NONE', 3,
 ( #8373, #8372, #8371, #8370, #8369, #8368, #8367, #8366, #8365, #8364, #8363, #8362, #8361, #8360, #8359, #8358, #8357, #8356, #8355 ),
 .UNSPECIFIED., .F., .F.,
 ( 4, 1, 1, 1, 1, 1, 1, 1, 1, 1, 1, 1, 1, 1, 1, 1, 4 ),
 ( 0.0000000000000000000, 0.06425457542470290600, 0.1273603868320973000, 0.1894718420926419500, 0.2517207629332008900, 0.3120272840890017100, 0.3686746571150511500, 0.4226814918055485900, 0.4740604252251502400, 0.5257737722739170800, 0.5796221048577142600, 0.6373752855308657500, 0.6984003818208006600, 0.7643573310122580000, 0.8363147679791492800, 0.9146777942540469400, 1.000000000000000000 ),
 .UNSPECIFIED. ) ;
#8382 = CARTESIAN_POINT ( 'NONE',  ( 1.356354997984310600, 0.9480631386483107100, -2.999999999999999600 ) ) ;
#8383 = CARTESIAN_POINT ( 'NONE',  ( 1.346344919125669300, 1.000897154494407900, -2.999999999999999600 ) ) ;
#8384 = CARTESIAN_POINT ( 'NONE',  ( 1.338797716837358600, 1.055173544268913400, -3.000000000000000400 ) ) ;
#8385 = CARTESIAN_POINT ( 'NONE',  ( 1.334505503875682600, 1.111054150349454900, -2.999999999999999600 ) ) ;
#8386 = CARTESIAN_POINT ( 'NONE',  ( 1.333871162551924200, 1.148880171231674700, -3.000000000000000000 ) ) ;
#8387 = CARTESIAN_POINT ( 'NONE',  ( 1.333550086388223000, 1.168026068271734500, -3.000000000000000000 ) ) ;
#8388 = SURFACE_STYLE_USAGE ( .BOTH. , #8389 ) ;
#8389 = SURFACE_SIDE_STYLE ('',( #8312 ) ) ;
#8390 = B_SPLINE_CURVE_WITH_KNOTS ( 'NONE', 3,
 ( #8424, #8423, #8422, #8421, #8420, #8419, #8418, #8417, #8416, #8415, #8414, #8413, #8412, #8411, #8410, #8409, #8408, #8407, #8406 ),
 .UNSPECIFIED., .F., .F.,
 ( 4, 1, 1, 1, 1, 1, 1, 1, 1, 1, 1, 1, 1, 1, 1, 1, 4 ),
 ( 0.0000000000000000000, 0.1156291309254414100, 0.2215410391198766600, 0.3170478562190416300, 0.4031508756396164900, 0.4801812167162792800, 0.5476493661481894900, 0.6070358428421806000, 0.6586524080635066700, 0.7057228903536453300, 0.7498040879796469300, 0.7925868153452742000, 0.8338739610102602300, 0.8747683933034325900, 0.9152226988916378800, 0.9568807037304796200, 1.000000000000000000 ),
 .UNSPECIFIED. ) ;
#8391 = CARTESIAN_POINT ( 'NONE',  ( -3.648741208589989500, 1.111226712740384500, -2.999700000000000300 ) ) ;
#8392 = CARTESIAN_POINT ( 'NONE',  ( -3.992203319092601200, 0.7137964306872096600, -2.999700000000000300 ) ) ;
#8393 = CARTESIAN_POINT ( 'NONE',  ( -3.976784240157327700, 0.6871738057403463700, -2.999699999999999800 ) ) ;
#8394 = CARTESIAN_POINT ( 'NONE',  ( -3.958987764971472400, 0.6639101349364734400, -2.999700000000000300 ) ) ;
#8395 = CARTESIAN_POINT ( 'NONE',  ( -3.939665769302495200, 0.6434346033320458300, -2.999700000000000300 ) ) ;
#8396 = CARTESIAN_POINT ( 'NONE',  ( -3.917432925836065800, 0.6270416913140211000, -2.999699999999999400 ) ) ;
#8397 = CARTESIAN_POINT ( 'NONE',  ( -3.309179844000396100, 0.5778066781850961200, -2.999700000000000300 ) ) ;
#8398 = LINE ( 'NONE', #8484, #8483 ) ;
#8399 = CARTESIAN_POINT ( 'NONE',  ( -3.961137664012415200, 1.522404656043419200, -2.999700000000000300 ) ) ;
#8400 = CARTESIAN_POINT ( 'NONE',  ( -4.020406556740781800, 0.8445166954627404400, -2.999700000000000700 ) ) ;
#8401 = CARTESIAN_POINT ( 'NONE',  ( -4.020024894999896700, 0.8325655254016338700, -2.999700000000000700 ) ) ;
#8402 = CARTESIAN_POINT ( 'NONE',  ( -4.019277504942287700, 0.8091621167713655100, -2.999700000000000700 ) ) ;
#8403 = CARTESIAN_POINT ( 'NONE',  ( -4.014201393639101700, 0.7750739050004924500, -2.999700000000000300 ) ) ;
#8404 = CARTESIAN_POINT ( 'NONE',  ( -4.004671883323556600, 0.7432481470299579000, -2.999700000000000700 ) ) ;
#8405 = DIRECTION ( 'NONE',  ( -1.978998052829940600E-015, 5.158690384599158900E-013, -1.000000000000000000 ) ) ;
#8406 = CARTESIAN_POINT ( 'NONE',  ( -0.3435743625347423800, -0.6075711763822112500, -2.999700000000000300 ) ) ;
#8407 = CARTESIAN_POINT ( 'NONE',  ( -0.3544035286994747200, -0.6079135432670874600, -2.999700000000000700 ) ) ;
#8408 = CARTESIAN_POINT ( 'NONE',  ( -0.3756948659922160800, -0.6085866743939791800, -2.999700000000000700 ) ) ;
#8409 = CARTESIAN_POINT ( 'NONE',  ( -0.4067188202216281400, -0.6142922136868458300, -2.999700000000000300 ) ) ;
#8410 = CARTESIAN_POINT ( 'NONE',  ( -0.4362559276099138300, -0.6235790460020408400, -2.999700000000001100 ) ) ;
#8411 = CARTESIAN_POINT ( 'NONE',  ( -0.4640158617335769500, -0.6370729266901195000, -2.999699999999999400 ) ) ;
#8412 = CARTESIAN_POINT ( 'NONE',  ( -0.4906364753207232400, -0.6537988845616080600, -2.999700000000000700 ) ) ;
#8413 = CARTESIAN_POINT ( 'NONE',  ( -0.5152597359284448700, -0.6746486106923861300, -2.999700000000000700 ) ) ;
#8414 = CARTESIAN_POINT ( 'NONE',  ( -0.5383218936406423100, -0.6991642189561808600, -2.999699999999999800 ) ) ;
#8415 = CARTESIAN_POINT ( 'NONE',  ( -0.5603995047254771700, -0.7274867422059606600, -2.999700000000000700 ) ) ;
#8416 = CARTESIAN_POINT ( 'NONE',  ( -0.5802320679463257600, -0.7620149813816957700, -2.999699999999999400 ) ) ;
#8417 = CARTESIAN_POINT ( 'NONE',  ( -0.5969121543580832000, -0.8037104929092447900, -2.999700000000001100 ) ) ;
#8418 = CARTESIAN_POINT ( 'NONE',  ( -0.6109096310357302600, -0.8529921090229306600, -2.999699999999999800 ) ) ;
#8419 = CARTESIAN_POINT ( 'NONE',  ( -0.6224504809794098000, -0.9097547286702666300, -2.999700000000000300 ) ) ;
#8420 = CARTESIAN_POINT ( 'NONE',  ( -0.6311343421937810600, -0.9741191917532443500, -2.999700000000000300 ) ) ;
#8421 = CARTESIAN_POINT ( 'NONE',  ( -0.6374829312006949900, -1.046015621823254800, -2.999700000000000700 ) ) ;
#8422 = CARTESIAN_POINT ( 'NONE',  ( -0.6415341277045036900, -1.125510300722135200, -2.999699999999999800 ) ) ;
#8423 = CARTESIAN_POINT ( 'NONE',  ( -0.6418925825410294300, -1.181115944491653000, -2.999699999999999800 ) ) ;
#8424 = CARTESIAN_POINT ( 'NONE',  ( -0.6420796712239575900, -1.210138252453925900, -2.999700000000000300 ) ) ;
#8425 = CARTESIAN_POINT ( 'NONE',  ( -0.3132429463927113900, -0.6083672563292221700, -2.999699999999999800 ) ) ;
#8426 = CARTESIAN_POINT ( 'NONE',  ( -0.3333681969944794500, -0.6078390479410079600, -2.999700000000000300 ) ) ;
#8427 = CARTESIAN_POINT ( 'NONE',  ( -0.3435743625347423800, -0.6075711763822112500, -2.999700000000000300 ) ) ;
#8428 = B_SPLINE_CURVE_WITH_KNOTS ( 'NONE', 3,
 ( #8427, #8426, #8425, #8320, #8319, #8318, #8317, #8316, #8315, #8314, #8313 ),
 .UNSPECIFIED., .F., .F.,
 ( 4, 1, 1, 1, 1, 1, 1, 1, 4 ),
 ( 0.0000000000000000000, 0.1276647678962239100, 0.2517385630080494200, 0.3727533493873894700, 0.4921467589723853000, 0.6140696213092444700, 0.7371973244121087200, 0.8656069906011165700, 1.000000000000000000 ),
 .UNSPECIFIED. ) ;
#8429 = DIRECTION ( 'NONE',  ( 1.000000000000000000, 0.0000000000000000000, 0.0000000000000000000 ) ) ;
#8430 = CARTESIAN_POINT ( 'NONE',  ( 3.289423546424280700, 1.130983010316506400, -3.000000000000000000 ) ) ;
#8431 = DIRECTION ( 'NONE',  ( 1.000000000000000000, 0.0000000000000000000, 0.0000000000000000000 ) ) ;
#8432 = VECTOR ( 'NONE', #8431, 1000.000000000000000 ) ;
#8433 = CARTESIAN_POINT ( 'NONE',  ( -3.670349659063872700, 0.4000000000000000200, -2.999700000000000300 ) ) ;
#8434 = LINE ( 'NONE', #8433, #8432 ) ;
#8435 = LINE ( 'NONE', #8379, #8378 ) ;
#8436 = VECTOR ( 'NONE', #8471, 1000.000000000000000 ) ;
#8437 = B_SPLINE_CURVE_WITH_KNOTS ( 'NONE', 3,
 ( #8353, #8344, #8343, #8342, #8341, #8396, #8395, #8394, #8393, #8392, #8404, #8403, #8402, #8401, #8400 ),
 .UNSPECIFIED., .F., .F.,
 ( 4, 1, 1, 1, 1, 1, 1, 1, 1, 1, 1, 1, 4 ),
 ( 0.0000000000000000000, 0.08897095769895380100, 0.1722707767733138700, 0.2503120304637094200, 0.3246551996215495900, 0.3978444501802931900, 0.4733008807185317100, 0.5518258887444471600, 0.6347494834982531100, 0.7217660118923857600, 0.8103926655611190000, 0.9031752367994195800, 1.000000000000000000 ),
 .UNSPECIFIED. ) ;
#8438 = CARTESIAN_POINT ( 'NONE',  ( -3.812039355742621100, 1.307246227753468000, -2.999700000000000300 ) ) ;
#8439 = CARTESIAN_POINT ( 'NONE',  ( -3.812039355742621100, 1.307246227753468000, -2.999700000000000300 ) ) ;
#8440 = CARTESIAN_POINT ( 'NONE',  ( -3.807017022251766300, 1.305729387467010200, -2.999699999999999800 ) ) ;
#8441 = CARTESIAN_POINT ( 'NONE',  ( -3.796254033038988200, 1.302478759911038100, -2.999700000000000700 ) ) ;
#8442 = CARTESIAN_POINT ( 'NONE',  ( -3.778676070876140000, 1.298974324202095500, -2.999700000000000300 ) ) ;
#8443 = CARTESIAN_POINT ( 'NONE',  ( -3.758904629364380400, 1.295864172358825300, -2.999700000000000300 ) ) ;
#8444 = CARTESIAN_POINT ( 'NONE',  ( -3.736842866896772800, 1.293553777339540000, -2.999699999999999800 ) ) ;
#8445 = CARTESIAN_POINT ( 'NONE',  ( -3.712579071969726900, 1.291194920979323900, -2.999700000000000300 ) ) ;
#8446 = CARTESIAN_POINT ( 'NONE',  ( -3.685993039782432300, 1.290255108636706200, -2.999700000000001100 ) ) ;
#8447 = CARTESIAN_POINT ( 'NONE',  ( -3.657187608660682700, 1.289153520572593000, -2.999699999999999400 ) ) ;
#8448 = CARTESIAN_POINT ( 'NONE',  ( -3.637218175808896200, 1.289074513951209000, -2.999699999999999400 ) ) ;
#8449 = CARTESIAN_POINT ( 'NONE',  ( -3.626824065966479400, 1.289033390925480700, -2.999700000000293400 ) ) ;
#8450 = CARTESIAN_POINT ( 'NONE',  ( -3.670349659063872700, 0.4000000000000000200, -2.999700000000000300 ) ) ;
#8451 = CARTESIAN_POINT ( 'NONE',  ( -3.602746078295580900, 1.763184532752403600, -2.999700000000000300 ) ) ;
#8452 = CARTESIAN_POINT ( 'NONE',  ( -3.615402644871544200, 1.763120895944729500, -2.999699999999999800 ) ) ;
#8453 = CARTESIAN_POINT ( 'NONE',  ( -3.639793361085708500, 1.762998260211931600, -2.999700000000001100 ) ) ;
#8454 = CARTESIAN_POINT ( 'NONE',  ( -3.675002700203626300, 1.762189724375776500, -2.999700000000000300 ) ) ;
#8455 = CARTESIAN_POINT ( 'NONE',  ( -3.707317674208932400, 1.760285386013541900, -2.999700000000000700 ) ) ;
#8456 = CARTESIAN_POINT ( 'NONE',  ( -3.736661359441201000, 1.757888284417675800, -2.999699999999999800 ) ) ;
#8457 = CARTESIAN_POINT ( 'NONE',  ( -3.763124168910858500, 1.754799602690713100, -2.999700000000001100 ) ) ;
#8458 = CARTESIAN_POINT ( 'NONE',  ( -3.786716112747188200, 1.751166572192901700, -2.999699999999999800 ) ) ;
#8459 = CARTESIAN_POINT ( 'NONE',  ( -3.807514825585138800, 1.747043279984869200, -2.999699999999999800 ) ) ;
#8460 = CARTESIAN_POINT ( 'NONE',  ( -3.830793538963418200, 1.740074243185358000, -2.999700000000000300 ) ) ;
#8461 = CARTESIAN_POINT ( 'NONE',  ( -3.856675434025107900, 1.728934377876921100, -2.999699999999998900 ) ) ;
#8462 = CARTESIAN_POINT ( 'NONE',  ( -3.884365476005637000, 1.711076364875257800, -2.999700000000000700 ) ) ;
#8463 = CARTESIAN_POINT ( 'NONE',  ( -3.907480395489927100, 1.687453278796692700, -2.999699999999999800 ) ) ;
#8464 = CARTESIAN_POINT ( 'NONE',  ( -3.926847168775077900, 1.659977095533485400, -2.999700000000001100 ) ) ;
#8465 = CARTESIAN_POINT ( 'NONE',  ( -3.942141568074338100, 1.629092612751512200, -2.999699999999998500 ) ) ;
#8466 = CARTESIAN_POINT ( 'NONE',  ( -3.953434999895100200, 1.595699559820914700, -2.999700000000001100 ) ) ;
#8467 = CARTESIAN_POINT ( 'NONE',  ( -3.959961248328900400, 1.559805261985950400, -2.999699999999999400 ) ) ;
#8468 = CARTESIAN_POINT ( 'NONE',  ( -3.960738728207189800, 1.535087622665441500, -2.999700000000000300 ) ) ;
#8469 = CARTESIAN_POINT ( 'NONE',  ( -3.961137664012415200, 1.522404656043419200, -2.999700000000000300 ) ) ;
#8470 = B_SPLINE_CURVE_WITH_KNOTS ( 'NONE', 3,
 ( #8336, #8335, #8334, #8333, #8332, #8331, #8330, #8329, #8328, #8327, #8326 ),
 .UNSPECIFIED., .F., .F.,
 ( 4, 1, 1, 1, 1, 1, 1, 1, 4 ),
 ( 0.0000000000000000000, 0.1323768784386553100, 0.2551949197670679800, 0.3737221416536687900, 0.4900113154474167200, 0.6078124214239341000, 0.7311098159015437800, 0.8599973777575845600, 1.000000000000000000 ),
 .UNSPECIFIED. ) ;
#8471 = DIRECTION ( 'NONE',  ( -1.000000000000000000, 0.0000000000000000000, 0.0000000000000000000 ) ) ;
#8472 = CARTESIAN_POINT ( 'NONE',  ( -3.309179844000396100, 1.289033390925480700, -2.999700000000000300 ) ) ;
#8473 = LINE ( 'NONE', #8472, #8436 ) ;
#8474 = B_SPLINE_CURVE_WITH_KNOTS ( 'NONE', 3,
 ( #8449, #8448, #8447, #8446, #8445, #8444, #8443, #8442, #8441, #8440, #8439 ),
 .UNSPECIFIED., .F., .F.,
 ( 4, 1, 1, 1, 1, 1, 1, 1, 4 ),
 ( 0.0000000000000000000, 0.1669801744060289100, 0.3208066328848152600, 0.4631345048703144300, 0.5942480539785183200, 0.7123671525397403700, 0.8194549510427482400, 0.9157522665813515600, 0.9999999999999998900 ),
 .UNSPECIFIED. ) ;
#8475 = B_SPLINE_CURVE_WITH_KNOTS ( 'NONE', 3,
 ( #8469, #8468, #8467, #8466, #8465, #8464, #8463, #8462, #8461, #8460, #8459, #8458, #8457, #8456, #8455, #8454, #8453, #8452, #8451 ),
 .UNSPECIFIED., .F., .F.,
 ( 4, 1, 1, 1, 1, 1, 1, 1, 1, 1, 1, 1, 1, 1, 1, 1, 4 ),
 ( 0.0000000000000000000, 0.07601051920623344600, 0.1481357362434484700, 0.2177881778331537400, 0.2867678984972341600, 0.3540434632439189400, 0.4186108400234796500, 0.4836364388553446900, 0.5502295626461517500, 0.5869278113138161100, 0.6291578250269658200, 0.6772382242876705500, 0.7300426397437308500, 0.7888625661169239600, 0.8537504514610940700, 0.9241097665384563300, 1.000000000000000000 ),
 .UNSPECIFIED. ) ;
#8476 = CARTESIAN_POINT ( 'NONE',  ( -3.309179844000396100, 1.289033390925480700, -2.999700000000000300 ) ) ;
#8477 = CARTESIAN_POINT ( 'NONE',  ( -3.602746078295580900, 1.763184532752403600, -2.999700000000000300 ) ) ;
#8478 = DIRECTION ( 'NONE',  ( 1.000000000000000000, 0.0000000000000000000, 0.0000000000000000000 ) ) ;
#8479 = VECTOR ( 'NONE', #8478, 1000.000000000000000 ) ;
#8480 = CARTESIAN_POINT ( 'NONE',  ( -3.602746078295580900, 1.763184532752403600, -2.999700000000000300 ) ) ;
#8481 = LINE ( 'NONE', #8480, #8479 ) ;
#8482 = DIRECTION ( 'NONE',  ( 0.0000000000000000000, -1.000000000000000000, 0.0000000000000000000 ) ) ;
#8483 = VECTOR ( 'NONE', #8482, 1000.000000000000000 ) ;
#8484 = CARTESIAN_POINT ( 'NONE',  ( -3.309179844000396100, 1.111226712740384500, -2.999700000000000300 ) ) ;
#8485 = DIRECTION ( 'NONE',  ( 0.0000000000000000000, 1.000000000000000000, 0.0000000000000000000 ) ) ;
#8486 = VECTOR ( 'NONE', #8485, 1000.000000000000000 ) ;
#8487 = CARTESIAN_POINT ( 'NONE',  ( -3.091860570663056400, 0.4000000000000000200, -2.999700000000000300 ) ) ;
#8488 = LINE ( 'NONE', #8487, #8486 ) ;
#8489 = CARTESIAN_POINT ( 'NONE',  ( -3.309179844000396100, 1.763184532752403600, -2.999700000000000300 ) ) ;
#8490 = DIRECTION ( 'NONE',  ( -1.000000000000000000, 0.0000000000000000000, 0.0000000000000000000 ) ) ;
#8491 = VECTOR ( 'NONE', #8490, 1000.000000000000000 ) ;
#8492 = LINE ( 'NONE', #8397, #8491 ) ;
#8493 = CARTESIAN_POINT ( 'NONE',  ( -3.091860570663056400, 0.4000000000000000200, -2.999700000000000300 ) ) ;
#8494 = CARTESIAN_POINT ( 'NONE',  ( 1.478576509547501600, 0.6659597518423348000, -3.000000000000000900 ) ) ;
#8495 = CARTESIAN_POINT ( 'NONE',  ( 1.451399494332244800, 0.7077830872243502400, -2.999999999999999600 ) ) ;
#8496 = CARTESIAN_POINT ( 'NONE',  ( 1.426761830287268700, 0.7521436538295721600, -3.000000000000000000 ) ) ;
#8497 = CARTESIAN_POINT ( 'NONE',  ( 1.404987483598805000, 0.7987312616466926100, -3.000000000000000000 ) ) ;
#8498 = CARTESIAN_POINT ( 'NONE',  ( 1.385707725102956400, 0.8469051693936846500, -2.999999999999999600 ) ) ;
#8499 = CARTESIAN_POINT ( 'NONE',  ( 1.369768198051817000, 0.8967814861613746500, -3.000000000000000400 ) ) ;
#8500 = CARTESIAN_POINT ( 'NONE',  ( -1.234768598507608700, -1.536117162459935500, -2.999700000000000300 ) ) ;
#8501 = B_SPLINE_CURVE_WITH_KNOTS ( 'NONE', 3,
 ( #8387, #8386, #8385, #8384, #8383, #8382, #8499, #8498, #8497, #8496, #8495, #8494, #8552, #8551, #8550, #8549, #8548, #8547, #8546, #8545, #8544, #8543, #8542, #8541, #8540, #8539, #8538 ),
 .UNSPECIFIED., .F., .F.,
 ( 4, 1, 1, 1, 1, 1, 1, 1, 1, 1, 1, 1, 1, 1, 1, 1, 1, 1, 1, 1, 1, 1, 1, 1, 4 ),
 ( 0.0000000000000000000, 0.04755955690542635500, 0.09396210524321060900, 0.1391115332408220100, 0.1836263101269045000, 0.2274570284004933900, 0.2707025105518544600, 0.3136105321155536800, 0.3562604510849768400, 0.3983661529550376300, 0.4395565149792803900, 0.4800453830214203000, 0.5198884957050125000, 0.5596577503171972200, 0.5994212546627412100, 0.6392077550883982200, 0.6796683749857804800, 0.7200198525128481700, 0.7598588655624577400, 0.7995598848323806100, 0.8391991446364381900, 0.8789560762302789400, 0.9187942693024657700, 0.9590833628432748900, 1.000000000000000000 ),
 .UNSPECIFIED. ) ;
#8502 = LINE ( 'NONE', #8512, #8511 ) ;
#8503 = CARTESIAN_POINT ( 'NONE',  ( 0.1481722318209141000, -1.210755636753179800, -2.999700000000000300 ) ) ;
#8504 = DIRECTION ( 'NONE',  ( 0.0000000000000000000, -1.000000000000000000, 0.0000000000000000000 ) ) ;
#8505 = VECTOR ( 'NONE', #8504, 1000.000000000000000 ) ;
#8506 = CARTESIAN_POINT ( 'NONE',  ( 4.494557698567709800, 1.940991210937499800, -3.000000000000000000 ) ) ;
#8507 = LINE ( 'NONE', #8506, #8505 ) ;
#8508 = CARTESIAN_POINT ( 'NONE',  ( -0.3435743625347423800, -0.6075711763822112500, -2.999700000000000300 ) ) ;
#8509 = FACE_OUTER_BOUND ( 'NONE', #1742, .T. ) ;
#8510 = DIRECTION ( 'NONE',  ( -0.9950371902099890400, 0.09950371902099922100, 0.0000000000000000000 ) ) ;
#8511 = VECTOR ( 'NONE', #8510, 1000.000000000000100 ) ;
#8512 = CARTESIAN_POINT ( 'NONE',  ( -1.037205622746390800, -1.555873460036057300, -2.999700000000000300 ) ) ;
#8513 = FILL_AREA_STYLE ('',( #8534 ) ) ;
#8514 = CARTESIAN_POINT ( 'NONE',  ( -4.018091113459678200, 1.855515942922708600, -2.999700000000000300 ) ) ;
#8515 = CARTESIAN_POINT ( 'NONE',  ( -3.309179844000396100, 1.111226712740384500, -2.999700000000000300 ) ) ;
#8516 = CARTESIAN_POINT ( 'NONE',  ( -1.827457525791262600, -1.454005050659179500, -2.999700000000000300 ) ) ;
#8517 = CARTESIAN_POINT ( 'NONE',  ( -1.827257986661024800, -1.467186979341462200, -2.999699999999999800 ) ) ;
#8518 = CARTESIAN_POINT ( 'NONE',  ( -1.826867278436906400, -1.492997896427057400, -2.999700000000000700 ) ) ;
#8519 = CARTESIAN_POINT ( 'NONE',  ( -1.822718374539330300, -1.530655340918743600, -2.999700000000000700 ) ) ;
#8520 = CARTESIAN_POINT ( 'NONE',  ( -1.816255505553713100, -1.566354953274791800, -2.999700000000000700 ) ) ;
#8521 = CARTESIAN_POINT ( 'NONE',  ( -1.807469429017643800, -1.600119474182270900, -2.999700000000000300 ) ) ;
#8522 = CARTESIAN_POINT ( 'NONE',  ( -1.795571060941946200, -1.631769282828533300, -2.999699999999999800 ) ) ;
#8523 = CARTESIAN_POINT ( 'NONE',  ( -1.781438147869683000, -1.661485183587409800, -2.999700000000002000 ) ) ;
#8524 = CARTESIAN_POINT ( 'NONE',  ( -1.764650398524717500, -1.689261479372672100, -2.999699999999998900 ) ) ;
#8525 = CARTESIAN_POINT ( 'NONE',  ( -1.745199312756300400, -1.714708307891589900, -2.999700000000000700 ) ) ;
#8526 = CARTESIAN_POINT ( 'NONE',  ( -1.723831090561613200, -1.738082606585777100, -2.999700000000000300 ) ) ;
#8527 = CARTESIAN_POINT ( 'NONE',  ( -1.699709246790293700, -1.757688760818946000, -2.999700000000001100 ) ) ;
#8528 = CARTESIAN_POINT ( 'NONE',  ( -1.674386027553751700, -1.775130425234670500, -2.999699999999999800 ) ) ;
#8529 = CARTESIAN_POINT ( 'NONE',  ( -1.646480671375545100, -1.788600786772126300, -2.999699999999999800 ) ) ;
#8530 = CARTESIAN_POINT ( 'NONE',  ( -1.616918921437466400, -1.799432374942171000, -2.999700000000000300 ) ) ;
#8531 = CARTESIAN_POINT ( 'NONE',  ( -1.585354223535259100, -1.807172398628510000, -2.999700000000000700 ) ) ;
#8532 = CARTESIAN_POINT ( 'NONE',  ( -1.551937609947347400, -1.811866496571709500, -2.999700000000000700 ) ) ;
#8533 = CARTESIAN_POINT ( 'NONE',  ( -1.528967874735516000, -1.812421512051861900, -2.999699999999999800 ) ) ;
#8534 = FILL_AREA_STYLE_COLOUR ( '', #8536 ) ;
#8535 = DIRECTION ( 'NONE',  ( 0.0000000000000000000, 1.000000000000000000, 5.158690384599158900E-013 ) ) ;
#8536 = COLOUR_RGB ( '',1.000000000000000000, 1.000000000000000000, 1.000000000000000000 ) ;
#8537 = FACE_BOUND ( 'NONE', #1827, .T. ) ;
#8538 = CARTESIAN_POINT ( 'NONE',  ( 2.064533096704729100, 0.3802437024238781700, -3.000000000000000000 ) ) ;
#8539 = CARTESIAN_POINT ( 'NONE',  ( 2.048061226893785200, 0.3805659051442273900, -3.000000000000000000 ) ) ;
#8540 = CARTESIAN_POINT ( 'NONE',  ( 2.015370118413174300, 0.3812053689212350200, -2.999999999999999100 ) ) ;
#8541 = CARTESIAN_POINT ( 'NONE',  ( 1.966787282181989800, 0.3855453828583178500, -3.000000000000000900 ) ) ;
#8542 = CARTESIAN_POINT ( 'NONE',  ( 1.919092324685844900, 0.3930827014659886700, -3.000000000000000000 ) ) ;
#8543 = CARTESIAN_POINT ( 'NONE',  ( 1.872128895245803500, 0.4031484232057256400, -3.000000000000000900 ) ) ;
#8544 = CARTESIAN_POINT ( 'NONE',  ( 1.826029154535343300, 0.4164686494929615800, -3.000000000000000400 ) ) ;
#8545 = CARTESIAN_POINT ( 'NONE',  ( 1.780918858121253600, 0.4329052441666073600, -2.999999999999998700 ) ) ;
#8546 = CARTESIAN_POINT ( 'NONE',  ( 1.736643832823826300, 0.4521780252666364200, -3.000000000000001800 ) ) ;
#8547 = CARTESIAN_POINT ( 'NONE',  ( 1.693171190165537100, 0.4739016637439922300, -2.999999999999999600 ) ) ;
#8548 = CARTESIAN_POINT ( 'NONE',  ( 1.651361185210593800, 0.4986851813963798000, -3.000000000000000000 ) ) ;
#8549 = CARTESIAN_POINT ( 'NONE',  ( 1.611964155524934000, 0.5267313982276044000, -2.999999999999999600 ) ) ;
#8550 = CARTESIAN_POINT ( 'NONE',  ( 1.574847747121894700, 0.5572807349791073500, -3.000000000000000900 ) ) ;
#8551 = CARTESIAN_POINT ( 'NONE',  ( 1.540154672384411300, 0.5906213066123376900, -2.999999999999999100 ) ) ;
#8552 = CARTESIAN_POINT ( 'NONE',  ( 1.508312129101940800, 0.6270648719373969100, -2.999999999999999600 ) ) ;
#8553 = CARTESIAN_POINT ( 'NONE',  ( 4.434362729390461900, -1.833696394700270000, -2.999700000000000300 ) ) ;
#8554 = FACE_OUTER_BOUND ( 'NONE', #1485, .T. ) ;
#8555 = FILL_AREA_STYLE ('',( #8619 ) ) ;
#8556 = DIRECTION ( 'NONE',  ( 1.000000000000000000, 0.0000000000000000000, 0.0000000000000000000 ) ) ;
#8557 =( GEOMETRIC_REPRESENTATION_CONTEXT ( 3 ) GLOBAL_UNCERTAINTY_ASSIGNED_CONTEXT ( ( #8558 ) ) GLOBAL_UNIT_ASSIGNED_CONTEXT ( ( #8620, #8560, #8559 ) ) REPRESENTATION_CONTEXT ( 'NONE', 'WORKASPACE' ) );
#8558 = UNCERTAINTY_MEASURE_WITH_UNIT (LENGTH_MEASURE( 1.000000000000000100E-005 ), #8620, 'distance_accuracy_value', 'NONE');
#8559 =( NAMED_UNIT ( * ) SI_UNIT ( $, .STERADIAN. ) SOLID_ANGLE_UNIT ( ) );
#8560 =( NAMED_UNIT ( * ) PLANE_ANGLE_UNIT ( ) SI_UNIT ( $, .RADIAN. ) );
#8561 =( NAMED_UNIT ( * ) PLANE_ANGLE_UNIT ( ) SI_UNIT ( $, .RADIAN. ) );
#8562 = MECHANICAL_DESIGN_GEOMETRIC_PRESENTATION_REPRESENTATION (  '', ( #8564 ), #8588 ) ;
#8563 = PRESENTATION_LAYER_ASSIGNMENT (  '', '', ( #8564 ) ) ;
#8564 = STYLED_ITEM ( 'NONE', ( #8613 ), #1836 ) ;
#8565 = B_SPLINE_CURVE_WITH_KNOTS ( 'NONE', 3,
 ( #8595, #8594, #8643, #8642, #8641, #8633, #8632, #8631, #8657, #8656, #8655, #8572, #8571, #8570, #8569, #8611, #8610, #8609, #8608 ),
 .UNSPECIFIED., .F., .F.,
 ( 4, 1, 1, 1, 1, 1, 1, 1, 1, 1, 1, 1, 1, 1, 1, 1, 4 ),
 ( 0.0000000000000000000, 0.06176215676807114700, 0.1211739926536292300, 0.1794214068253158200, 0.2368434346502753500, 0.2943217954133983100, 0.3531909627945253900, 0.4127207064163251900, 0.4745221507037177300, 0.5370567441421373300, 0.5995913375805566000, 0.6623669793543063300, 0.7252456446794922600, 0.7903164461250812300, 0.8577243009540926900, 0.9272319523784928700, 1.000000000000000000 ),
 .UNSPECIFIED. ) ;
#8566 = B_SPLINE_CURVE_WITH_KNOTS ( 'NONE', 3,
 ( #8659, #8658, #8654, #8653, #8652, #8651, #8650 ),
 .UNSPECIFIED., .F., .F.,
 ( 4, 1, 1, 1, 4 ),
 ( 0.0000000000000000000, 0.2526433275832374300, 0.5044398525799875800, 0.7504068042814573400, 1.000000000000000000 ),
 .UNSPECIFIED. ) ;
#8567 = CARTESIAN_POINT ( 'NONE',  ( 3.447473927033252800, -1.970755709134615100, -2.999700000000000300 ) ) ;
#8568 = CARTESIAN_POINT ( 'NONE',  ( 3.447473927033252800, -1.970755709134615100, -2.999700000000000300 ) ) ;
#8569 = CARTESIAN_POINT ( 'NONE',  ( 3.858572597106853000, -0.6172973559354826300, -2.999700000000001100 ) ) ;
#8570 = CARTESIAN_POINT ( 'NONE',  ( 3.832225938185252400, -0.6248828000704550500, -2.999699999999999800 ) ) ;
#8571 = CARTESIAN_POINT ( 'NONE',  ( 3.807507091701691800, -0.6352127195239151100, -2.999700000000000300 ) ) ;
#8572 = CARTESIAN_POINT ( 'NONE',  ( 3.784456224495901000, -0.6480599614779046800, -2.999699999999999400 ) ) ;
#8573 =( GEOMETRIC_REPRESENTATION_CONTEXT ( 3 ) GLOBAL_UNCERTAINTY_ASSIGNED_CONTEXT ( ( #8574 ) ) GLOBAL_UNIT_ASSIGNED_CONTEXT ( ( #8585, #8576, #8575 ) ) REPRESENTATION_CONTEXT ( 'NONE', 'WORKASPACE' ) );
#8574 = UNCERTAINTY_MEASURE_WITH_UNIT (LENGTH_MEASURE( 1.000000000000000100E-005 ), #8585, 'distance_accuracy_value', 'NONE');
#8575 =( NAMED_UNIT ( * ) SI_UNIT ( $, .STERADIAN. ) SOLID_ANGLE_UNIT ( ) );
#8576 =( NAMED_UNIT ( * ) PLANE_ANGLE_UNIT ( ) SI_UNIT ( $, .RADIAN. ) );
#8577 = DIRECTION ( 'NONE',  ( 0.0000000000000000000, 0.0000000000000000000, 1.000000000000000000 ) ) ;
#8578 = AXIS2_PLACEMENT_3D ( 'NONE', #8579, #8577, #8556 ) ;
#8579 = CARTESIAN_POINT ( 'NONE',  ( 0.0000000000000000000, 0.0000000000000000000, 0.0000000000000000000 ) ) ;
#8580 = DIRECTION ( 'NONE',  ( -1.000000000000000000, 0.0000000000000000000, -2.118645054361031200E-013 ) ) ;
#8581 = DIRECTION ( 'NONE',  ( 2.118645054361031200E-013, -1.222547021631783000E-013, -1.000000000000000000 ) ) ;
#8582 = CARTESIAN_POINT ( 'NONE',  ( 0.1204995405748588200, -1.538706001558173300, -2.999700000000000300 ) ) ;
#8583 = AXIS2_PLACEMENT_3D ( 'NONE', #8582, #8581, #8580 ) ;
#8584 = COLOUR_RGB ( '',0.7921568627450980000, 0.8196078431372548800, 0.9333333333333333500 ) ;
#8585 =( LENGTH_UNIT ( ) NAMED_UNIT ( * ) SI_UNIT ( .MILLI., .METRE. ) );
#8586 = FILL_AREA_STYLE ('',( #8587 ) ) ;
#8587 = FILL_AREA_STYLE_COLOUR ( '', #8584 ) ;
#8588 =( GEOMETRIC_REPRESENTATION_CONTEXT ( 3 ) GLOBAL_UNCERTAINTY_ASSIGNED_CONTEXT ( ( #8589 ) ) GLOBAL_UNIT_ASSIGNED_CONTEXT ( ( #8612, #8561, #8590 ) ) REPRESENTATION_CONTEXT ( 'NONE', 'WORKASPACE' ) );
#8589 = UNCERTAINTY_MEASURE_WITH_UNIT (LENGTH_MEASURE( 1.000000000000000100E-005 ), #8612, 'distance_accuracy_value', 'NONE');
#8590 =( NAMED_UNIT ( * ) SI_UNIT ( $, .STERADIAN. ) SOLID_ANGLE_UNIT ( ) );
#8591 = CARTESIAN_POINT ( 'NONE',  ( 4.387542764951708000, -1.725840438718630400, -2.999699999999999800 ) ) ;
#8592 = CARTESIAN_POINT ( 'NONE',  ( 4.414512976900326200, -1.778881391713276000, -2.999700000000000300 ) ) ;
#8593 = CARTESIAN_POINT ( 'NONE',  ( 4.427824957407563200, -1.815642366522891800, -2.999700000000000300 ) ) ;
#8594 = CARTESIAN_POINT ( 'NONE',  ( 3.665007706399783200, -0.8483339622989392000, -2.999700000000000700 ) ) ;
#8595 = CARTESIAN_POINT ( 'NONE',  ( 3.664793200370592500, -0.8569944332807489800, -2.999700000000000300 ) ) ;
#8596 = CARTESIAN_POINT ( 'NONE',  ( -1.827457525791262600, -1.454005050659179500, -2.999700000000000300 ) ) ;
#8597 = CARTESIAN_POINT ( 'NONE',  ( 4.079058065169896000, -1.394427465781187300, -2.999700000000000300 ) ) ;
#8598 = CARTESIAN_POINT ( 'NONE',  ( 4.091964906930598100, -1.404661600865948300, -2.999699999999999800 ) ) ;
#8599 = CARTESIAN_POINT ( 'NONE',  ( 4.117177291112219500, -1.424653086800888600, -2.999699999999999800 ) ) ;
#8600 = CARTESIAN_POINT ( 'NONE',  ( 4.153292770206355100, -1.454813362996227700, -2.999700000000001600 ) ) ;
#8601 = CARTESIAN_POINT ( 'NONE',  ( 4.186703569805468200, -1.484622208788450600, -2.999699999999999400 ) ) ;
#8602 = CARTESIAN_POINT ( 'NONE',  ( 4.217804218967084600, -1.513524103702901700, -2.999700000000000300 ) ) ;
#8603 = CARTESIAN_POINT ( 'NONE',  ( 4.246637154376423400, -1.541615434466277400, -2.999700000000000700 ) ) ;
#8604 = CARTESIAN_POINT ( 'NONE',  ( 4.272924876315833000, -1.569078137248557600, -2.999700000000000700 ) ) ;
#8605 = CARTESIAN_POINT ( 'NONE',  ( 4.296646332509070000, -1.595907195553204500, -2.999700000000000300 ) ) ;
#8606 = CARTESIAN_POINT ( 'NONE',  ( 4.324932282623991300, -1.630198603745097700, -2.999699999999999800 ) ) ;
#8607 = CARTESIAN_POINT ( 'NONE',  ( 4.355819422220119600, -1.673120266912676800, -2.999700000000000300 ) ) ;
#8608 = CARTESIAN_POINT ( 'NONE',  ( 3.945703056531074000, -0.6075711763822112500, -2.999700000000000300 ) ) ;
#8609 = CARTESIAN_POINT ( 'NONE',  ( 3.935506270829438600, -0.6078183971690208600, -2.999700000000000300 ) ) ;
#8610 = CARTESIAN_POINT ( 'NONE',  ( 3.915569569747840500, -0.6083017619343501500, -2.999700000000001100 ) ) ;
#8611 = CARTESIAN_POINT ( 'NONE',  ( 3.886355277153577000, -0.6117922769981791700, -2.999699999999999800 ) ) ;
#8612 =( LENGTH_UNIT ( ) NAMED_UNIT ( * ) SI_UNIT ( .MILLI., .METRE. ) );
#8613 = PRESENTATION_STYLE_ASSIGNMENT (( #8614 ) ) ;
#8614 = SURFACE_STYLE_USAGE ( .BOTH. , #8615 ) ;
#8615 = SURFACE_SIDE_STYLE ('',( #8660 ) ) ;
#8616 = CARTESIAN_POINT ( 'NONE',  ( -0.1386027751824787900, -0.7131438915546121100, -2.999700000000000300 ) ) ;
#8617 = DIRECTION ( 'NONE',  ( -1.000000000000000000, 0.0000000000000000000, 0.0000000000000000000 ) ) ;
#8618 = VECTOR ( 'NONE', #8617, 1000.000000000000000 ) ;
#8619 = FILL_AREA_STYLE_COLOUR ( '', #8661 ) ;
#8620 =( LENGTH_UNIT ( ) NAMED_UNIT ( * ) SI_UNIT ( .MILLI., .METRE. ) );
#8621 = MECHANICAL_DESIGN_GEOMETRIC_PRESENTATION_REPRESENTATION (  '', ( #8623 ), #8557 ) ;
#8622 = PRESENTATION_LAYER_ASSIGNMENT (  '', '', ( #8623 ) ) ;
#8623 = STYLED_ITEM ( 'NONE', ( #8624 ), #8628 ) ;
#8624 = PRESENTATION_STYLE_ASSIGNMENT (( #8625 ) ) ;
#8625 = SURFACE_STYLE_USAGE ( .BOTH. , #8629 ) ;
#8626 = APPLICATION_CONTEXT ( 'automotive_design' ) ;
#8627 = SHELL_BASED_SURFACE_MODEL ( 'NONE', ( #159, #1037, #1031, #1039, #784, #1271, #1020, #1189, #1199, #1207, #1112, #1248, #1275, #1363, #1523, #1533, #1364, #1532, #513, #1505, #1429, #1462, #1190, #1367, #1693 ) );
#8628 = MANIFOLD_SURFACE_SHAPE_REPRESENTATION ( '22627-E0W', ( #8627, #8578 ), #8573 ) ;
#8629 = SURFACE_SIDE_STYLE ('',( #8630 ) ) ;
#8630 = SURFACE_STYLE_FILL_AREA ( #8586 ) ;
#8631 = CARTESIAN_POINT ( 'NONE',  ( 3.708384348848158900, -0.7174750993782969000, -2.999699999999999800 ) ) ;
#8632 = CARTESIAN_POINT ( 'NONE',  ( 3.694663299855875500, -0.7380165085170366000, -2.999700000000000300 ) ) ;
#8633 = CARTESIAN_POINT ( 'NONE',  ( 3.683966639291389900, -0.7599318169713165100, -2.999699999999999400 ) ) ;
#8634 = PRODUCT_DEFINITION_CONTEXT ( 'detailed design', #8636, 'design' ) ;
#8635 = APPLICATION_PROTOCOL_DEFINITION ( 'draft international standard', 'automotive_design', 1998, #8636 ) ;
#8636 = APPLICATION_CONTEXT ( 'automotive_design' ) ;
#8637 = PRODUCT ( '22627-E0W', '22627-E0W', '', ( #8638 ) ) ;
#8638 = PRODUCT_CONTEXT ( 'NONE', #8626, 'mechanical' ) ;
#8639 = APPLICATION_PROTOCOL_DEFINITION ( 'draft international standard', 'automotive_design', 1998, #8626 ) ;
#8640 = CARTESIAN_POINT ( 'NONE',  ( 3.447473927033252800, -1.773192733373397000, -2.999700000000000300 ) ) ;
#8641 = CARTESIAN_POINT ( 'NONE',  ( 3.674980122286473100, -0.7825285290293697600, -2.999700000000001600 ) ) ;
#8642 = CARTESIAN_POINT ( 'NONE',  ( 3.669421551599952200, -0.8064758209733478000, -2.999699999999999800 ) ) ;
#8643 = CARTESIAN_POINT ( 'NONE',  ( 3.665428555563178500, -0.8313425892310012400, -2.999700000000001100 ) ) ;
#8644 = FACE_BOUND ( 'NONE', #1815, .T. ) ;
#8645 = CARTESIAN_POINT ( 'NONE',  ( 4.201300156422150600, -1.773192733373397000, -2.999700000000000300 ) ) ;
#8646 = LINE ( 'NONE', #8645, #8618 ) ;
#8647 = CARTESIAN_POINT ( 'NONE',  ( -0.04939074394030385000, -1.210138252453925900, -2.999700000000000300 ) ) ;
#8648 = DIRECTION ( 'NONE',  ( 1.000000000000000000, 0.0000000000000000000, 0.0000000000000000000 ) ) ;
#8649 = VECTOR ( 'NONE', #8648, 1000.000000000000000 ) ;
#8650 = CARTESIAN_POINT ( 'NONE',  ( 4.434362729390461900, -1.833696394700270000, -2.999700000000000300 ) ) ;
#8651 = CARTESIAN_POINT ( 'NONE',  ( 4.437901121815410300, -1.844746178337690200, -2.999700000000000700 ) ) ;
#8652 = CARTESIAN_POINT ( 'NONE',  ( 4.444926498715968700, -1.866685207535000900, -2.999700000000000700 ) ) ;
#8653 = CARTESIAN_POINT ( 'NONE',  ( 4.451139799395394700, -1.900897572770986900, -2.999700000000000300 ) ) ;
#8654 = CARTESIAN_POINT ( 'NONE',  ( 4.455106917160611200, -1.935569895518950200, -2.999700000000000700 ) ) ;
#8655 = CARTESIAN_POINT ( 'NONE',  ( 3.762278101024144000, -0.6623299504488523400, -2.999700000000000700 ) ) ;
#8656 = CARTESIAN_POINT ( 'NONE',  ( 3.742429374347605400, -0.6794970005735478900, -2.999700000000000700 ) ) ;
#8657 = CARTESIAN_POINT ( 'NONE',  ( 3.724256781880527400, -0.6977956452642343200, -2.999700000000000300 ) ) ;
#8658 = CARTESIAN_POINT ( 'NONE',  ( 4.455065731043540600, -1.959013986073658000, -2.999699999999999800 ) ) ;
#8659 = CARTESIAN_POINT ( 'NONE',  ( 4.455045103415463900, -1.970755709134615100, -2.999700000000000300 ) ) ;
#8660 = SURFACE_STYLE_FILL_AREA ( #8555 ) ;
#8661 = COLOUR_RGB ( '',1.000000000000000000, 1.000000000000000000, 1.000000000000000000 ) ;
#8662 = LINE ( 'NONE', #8567, #8649 ) ;
#8663 = PLANE ( 'NONE',  #8583 ) ;
#8664 = B_SPLINE_CURVE_WITH_KNOTS ( 'NONE', 3,
 ( #8553, #8593, #8592, #8591, #8607, #8606, #8605, #8604, #8603, #8602, #8601, #8600, #8599, #8598, #8597 ),
 .UNSPECIFIED., .F., .F.,
 ( 4, 1, 1, 1, 1, 1, 1, 1, 1, 1, 1, 1, 4 ),
 ( 0.0000000000000000000, 0.1003881431397112600, 0.2044067930373085500, 0.3106860830942073700, 0.4221572938828002100, 0.4806854607703735500, 0.5432381544526692100, 0.6094995045645644800, 0.6795546087742246900, 0.7538412220511749900, 0.8316406764893865500, 0.9138127068095909200, 0.9999999999999998900 ),
 .UNSPECIFIED. ) ;
#8665 = DIRECTION ( 'NONE',  ( 0.0000000000000000000, -1.000000000000000000, 0.0000000000000000000 ) ) ;
#8666 = VECTOR ( 'NONE', #8665, 1000.000000000000000 ) ;
#8667 = LINE ( 'NONE', #8640, #8666 ) ;
#8668 = CARTESIAN_POINT ( 'NONE',  ( -0.7177289983380622500, -0.6223468712904008900, -3.000000000000000400 ) ) ;
#8669 = CARTESIAN_POINT ( 'NONE',  ( -0.6877435032088156100, -0.5775802496795113800, -2.999999999999999600 ) ) ;
#8670 = CARTESIAN_POINT ( 'NONE',  ( -0.6520008740872639300, -0.5388170986952651700, -3.000000000000000000 ) ) ;
#8671 = CARTESIAN_POINT ( 'NONE',  ( -0.6108911864623348700, -0.5055980877088360700, -2.999999999999999100 ) ) ;
#8672 = CARTESIAN_POINT ( 'NONE',  ( -0.5648578747186668900, -0.4782720097754495400, -3.000000000000000000 ) ) ;
#8673 = CARTESIAN_POINT ( 'NONE',  ( -0.5146641900986094200, -0.4567586732904252400, -3.000000000000000400 ) ) ;
#8674 = CARTESIAN_POINT ( 'NONE',  ( -3.091860570663056400, 1.940991210937499800, -3.000000000000000000 ) ) ;
#8675 = CARTESIAN_POINT ( 'NONE',  ( -3.091860570663056400, 0.4000000000000000200, -3.000000000000000000 ) ) ;
#8676 = LINE ( 'NONE', #8675, #8793 ) ;
#8677 = CARTESIAN_POINT ( 'NONE',  ( -3.670349659063872700, 0.4000000000000000200, -3.000000000000000000 ) ) ;
#8678 = CARTESIAN_POINT ( 'NONE',  ( -3.693616530794202800, 0.4002259785349869800, -3.000000000000000000 ) ) ;
#8679 = CARTESIAN_POINT ( 'NONE',  ( -3.738252546287262700, 0.4006595040001068000, -3.000000000000000000 ) ) ;
#8680 = CARTESIAN_POINT ( 'NONE',  ( -3.802319195033310600, 0.4058694517646446700, -3.000000000000000400 ) ) ;
#8681 = CARTESIAN_POINT ( 'NONE',  ( -3.860869911739601300, 0.4131472777515867200, -3.000000000000000000 ) ) ;
#8682 = CARTESIAN_POINT ( 'NONE',  ( -3.913994650764798200, 0.4243490751148297800, -3.000000000000000000 ) ) ;
#8683 = CARTESIAN_POINT ( 'NONE',  ( -3.962414363511389300, 0.4384500516296612700, -3.000000000000000000 ) ) ;
#8684 = CARTESIAN_POINT ( 'NONE',  ( -4.006107009438063700, 0.4561019355816293100, -3.000000000000000000 ) ) ;
#8685 = CARTESIAN_POINT ( 'NONE',  ( -4.045960617204237100, 0.4761175842292307300, -3.000000000000000400 ) ) ;
#8686 = CARTESIAN_POINT ( 'NONE',  ( -4.081667045922466200, 0.4998872922623617300, -2.999999999999998700 ) ) ;
#8687 = CARTESIAN_POINT ( 'NONE',  ( -4.114234796220553200, 0.5278942462765091600, -3.000000000000000900 ) ) ;
#8688 = CARTESIAN_POINT ( 'NONE',  ( -4.143453792136676300, 0.5611891366807854100, -2.999999999999999100 ) ) ;
#8689 = CARTESIAN_POINT ( 'NONE',  ( -4.170146810561913500, 0.5995014060062079400, -3.000000000000002200 ) ) ;
#8690 = CARTESIAN_POINT ( 'NONE',  ( -4.193633124293084400, 0.6424368236427220300, -2.999999999999998700 ) ) ;
#8691 = CARTESIAN_POINT ( 'NONE',  ( -4.213344009986855100, 0.6888712003766246400, -3.000000000000000400 ) ) ;
#8692 = CARTESIAN_POINT ( 'NONE',  ( -4.227664463011303800, 0.7380477036760372300, -2.999999999999998700 ) ) ;
#8693 = CARTESIAN_POINT ( 'NONE',  ( -4.236138369710435100, 0.7891712089117846100, -3.000000000000000400 ) ) ;
#8694 = CARTESIAN_POINT ( 'NONE',  ( -4.237193504258008200, 0.8239058193110256900, -3.000000000000000900 ) ) ;
#8695 = CARTESIAN_POINT ( 'NONE',  ( -4.237725830078120200, 0.8414297739664713400, -3.000000000000000000 ) ) ;
#8696 = CARTESIAN_POINT ( 'NONE',  ( -3.091860570663056400, 0.4000000000000000200, -3.000000000000000000 ) ) ;
#8697 = CARTESIAN_POINT ( 'NONE',  ( -3.947246517279204600, 1.210008200620993600, -3.000000000000000000 ) ) ;
#8698 = DIRECTION ( 'NONE',  ( 1.000000000000000000, 0.0000000000000000000, 0.0000000000000000000 ) ) ;
#8699 = VECTOR ( 'NONE', #8698, 1000.000000000000000 ) ;
#8700 = CARTESIAN_POINT ( 'NONE',  ( -3.670349659063872700, 0.4000000000000000200, -3.000000000000000000 ) ) ;
#8701 = CARTESIAN_POINT ( 'NONE',  ( 7.015337792420991600, -0.5878148788060894000, -3.000000000000000000 ) ) ;
#8702 = CARTESIAN_POINT ( 'NONE',  ( 7.497514930138214200, -1.187912417680788900, -3.000000000000000000 ) ) ;
#8703 = CARTESIAN_POINT ( 'NONE',  ( 7.497010793477771900, -1.163088439777173500, -2.999999999999999600 ) ) ;
#8704 = CARTESIAN_POINT ( 'NONE',  ( 7.496005711340060900, -1.113597619657158000, -2.999999999999999600 ) ) ;
#8705 = CARTESIAN_POINT ( 'NONE',  ( 7.486975354088771800, -1.040018257305952900, -3.000000000000000000 ) ) ;
#8706 = CARTESIAN_POINT ( 'NONE',  ( 7.472798444367039200, -0.9675801523480980200, -3.000000000000000400 ) ) ;
#8707 = CARTESIAN_POINT ( 'NONE',  ( 7.456456208553084300, -0.9083830185080331600, -3.000000000000000400 ) ) ;
#8708 = CARTESIAN_POINT ( 'NONE',  ( 7.440428658150177700, -0.8624216855943690500, -3.000000000000000000 ) ) ;
#8709 = CARTESIAN_POINT ( 'NONE',  ( 7.425725399445696000, -0.8297653400348444800, -2.999999999999999100 ) ) ;
#8710 = CARTESIAN_POINT ( 'NONE',  ( 7.409068662323989000, -0.7989505768826106200, -3.000000000000000400 ) ) ;
#8711 = CARTESIAN_POINT ( 'NONE',  ( 7.390564620783836200, -0.7697248449685929500, -3.000000000000000000 ) ) ;
#8712 = CARTESIAN_POINT ( 'NONE',  ( 7.369670240031042300, -0.7424862341415793300, -3.000000000000000000 ) ) ;
#8713 = CARTESIAN_POINT ( 'NONE',  ( 7.346993963711709000, -0.7167534184226441700, -2.999999999999999600 ) ) ;
#8714 = CARTESIAN_POINT ( 'NONE',  ( 7.321671077502145400, -0.6933749106677282700, -3.000000000000000400 ) ) ;
#8715 = CARTESIAN_POINT ( 'NONE',  ( 6.632505648095786900, -0.8912042841442438000, -3.000000000000000000 ) ) ;
#8716 = CARTESIAN_POINT ( 'NONE',  ( 6.628237836788855500, -0.9045330243232919700, -3.000000000000000000 ) ) ;
#8717 = VECTOR ( 'NONE', #8862, 1000.000000000000000 ) ;
#8718 = B_SPLINE_CURVE_WITH_KNOTS ( 'NONE', 3,
 ( #8716, #8715, #8900, #8899, #8898, #8897, #8876, #8875, #8874, #8873, #8872, #8871, #8870, #8869, #8868, #8867, #8866, #8865, #8864 ),
 .UNSPECIFIED., .F., .F.,
 ( 4, 1, 1, 1, 1, 1, 1, 1, 1, 1, 1, 1, 1, 1, 1, 1, 4 ),
 ( 0.0000000000000000000, 0.07723111032862946300, 0.1511651795217242000, 0.2207847057253993800, 0.2871495176777689200, 0.3506324812950830100, 0.4113067715078921300, 0.4699644151376490800, 0.5267072266832773000, 0.5824983333641264900, 0.6385087274080255600, 0.6949179812139084600, 0.7524203526591521900, 0.8112509754155079500, 0.8718561089908070100, 0.9346441878526853300, 1.000000000000000000 ),
 .UNSPECIFIED. ) ;
#8719 = CARTESIAN_POINT ( 'NONE',  ( 3.894768851842635500, -1.487343802818884800, -3.000000000000000000 ) ) ;
#8720 = LINE ( 'NONE', #8771, #8717 ) ;
#8721 = DIRECTION ( 'NONE',  ( 0.0000000000000000000, -1.000000000000000000, 0.0000000000000000000 ) ) ;
#8722 = VECTOR ( 'NONE', #8721, 1000.000000000000000 ) ;
#8723 = CARTESIAN_POINT ( 'NONE',  ( 6.410918563451515300, -0.8579205097296296300, -3.000000000000000000 ) ) ;
#8724 = CARTESIAN_POINT ( 'NONE',  ( 6.416234909612374100, -0.8405529111602524400, -2.999999999999999600 ) ) ;
#8725 = CARTESIAN_POINT ( 'NONE',  ( 6.426675746134707300, -0.8064444742824239400, -3.000000000000000000 ) ) ;
#8726 = CARTESIAN_POINT ( 'NONE',  ( 6.446189511904652400, -0.7574752246174620800, -2.999999999999999600 ) ) ;
#8727 = CARTESIAN_POINT ( 'NONE',  ( 6.468880705148533700, -0.7116587359145536400, -3.000000000000000000 ) ) ;
#8728 = CARTESIAN_POINT ( 'NONE',  ( 6.494006444450634200, -0.6686544149647082300, -3.000000000000000400 ) ) ;
#8729 = CARTESIAN_POINT ( 'NONE',  ( 6.522491080345933900, -0.6288372132705695200, -2.999999999999999600 ) ) ;
#8730 = CARTESIAN_POINT ( 'NONE',  ( 6.553438391202409900, -0.5916550021242231700, -2.999999999999999600 ) ) ;
#8731 = CARTESIAN_POINT ( 'NONE',  ( 6.588074078664165600, -0.5580076572896103300, -2.999999999999999600 ) ) ;
#8732 = CARTESIAN_POINT ( 'NONE',  ( 6.624985881345749800, -0.5270542405958623700, -2.999999999999999600 ) ) ;
#8733 = CARTESIAN_POINT ( 'NONE',  ( 6.664690340702756900, -0.4995342206994332600, -3.000000000000000400 ) ) ;
#8734 = CARTESIAN_POINT ( 'NONE',  ( 6.706541129098733100, -0.4753968442505058200, -3.000000000000000000 ) ) ;
#8735 = CARTESIAN_POINT ( 'NONE',  ( 6.750863881375579500, -0.4553054500067708600, -2.999999999999999600 ) ) ;
#8736 = CARTESIAN_POINT ( 'NONE',  ( 6.797217673919454300, -0.4384060921267845500, -3.000000000000000400 ) ) ;
#8737 = CARTESIAN_POINT ( 'NONE',  ( 6.846105757169632400, -0.4260636606919082100, -2.999999999999999600 ) ) ;
#8738 = B_SPLINE_CURVE_WITH_KNOTS ( 'NONE', 3,
 ( #8695, #8694, #8693, #8692, #8691, #8690, #8689, #8688, #8687, #8686, #8685, #8684, #8683, #8682, #8681, #8680, #8679, #8678, #8677 ),
 .UNSPECIFIED., .F., .F.,
 ( 4, 1, 1, 1, 1, 1, 1, 1, 1, 1, 1, 1, 1, 1, 1, 1, 4 ),
 ( 0.0000000000000000000, 0.06425457542470290600, 0.1273603868320973000, 0.1894718420926419500, 0.2517207629332008900, 0.3120272840890017100, 0.3686746571150511500, 0.4226814918055485900, 0.4740604252251502400, 0.5257737722739170800, 0.5796221048577142600, 0.6373752855308657500, 0.6984003818208006600, 0.7643573310122580000, 0.8363147679791492800, 0.9146777942540469400, 1.000000000000000000 ),
 .UNSPECIFIED. ) ;
#8739 = CARTESIAN_POINT ( 'NONE',  ( -4.178456937349755800, 1.541543569320287500, -3.000000000000000400 ) ) ;
#8740 = DIRECTION ( 'NONE',  ( -0.9739227813853714700, -0.2268797388454551200, 0.0000000000000000000 ) ) ;
#8741 = VECTOR ( 'NONE', #8740, 1000.000000000000000 ) ;
#8742 = CARTESIAN_POINT ( 'NONE',  ( 6.588725241636612200, -1.426840141492011800, -3.000000000000000000 ) ) ;
#8743 = LINE ( 'NONE', #8742, #8741 ) ;
#8744 = CARTESIAN_POINT ( 'NONE',  ( -1.827457525791262600, -1.454005050659179500, -3.000000000000000000 ) ) ;
#8745 = CARTESIAN_POINT ( 'NONE',  ( -1.827257986661024800, -1.467186979341462200, -2.999999999999999600 ) ) ;
#8746 = CARTESIAN_POINT ( 'NONE',  ( -1.826867278436906400, -1.492997896427057400, -3.000000000000000400 ) ) ;
#8747 = CARTESIAN_POINT ( 'NONE',  ( -1.822718374539330300, -1.530655340918743600, -3.000000000000000400 ) ) ;
#8748 = CARTESIAN_POINT ( 'NONE',  ( -1.816255505553713100, -1.566354953274791800, -3.000000000000000400 ) ) ;
#8749 = CARTESIAN_POINT ( 'NONE',  ( -1.807469429017643800, -1.600119474182270900, -3.000000000000000000 ) ) ;
#8750 = CARTESIAN_POINT ( 'NONE',  ( -1.795571060941946200, -1.631769282828533300, -2.999999999999999600 ) ) ;
#8751 = CARTESIAN_POINT ( 'NONE',  ( -1.781438147869683000, -1.661485183587409800, -3.000000000000001800 ) ) ;
#8752 = CARTESIAN_POINT ( 'NONE',  ( -1.764650398524717500, -1.689261479372672100, -2.999999999999998700 ) ) ;
#8753 = CARTESIAN_POINT ( 'NONE',  ( -1.745199312756300400, -1.714708307891589900, -3.000000000000000400 ) ) ;
#8754 = CARTESIAN_POINT ( 'NONE',  ( -1.723831090561613200, -1.738082606585777100, -3.000000000000000000 ) ) ;
#8755 = CARTESIAN_POINT ( 'NONE',  ( -1.699709246790293700, -1.757688760818946000, -3.000000000000000900 ) ) ;
#8756 = CARTESIAN_POINT ( 'NONE',  ( -1.674386027553751700, -1.775130425234670500, -2.999999999999999600 ) ) ;
#8757 = CARTESIAN_POINT ( 'NONE',  ( -1.646480671375545100, -1.788600786772126300, -2.999999999999999600 ) ) ;
#8758 = CARTESIAN_POINT ( 'NONE',  ( -1.616918921437466400, -1.799432374942171000, -3.000000000000000000 ) ) ;
#8759 = CARTESIAN_POINT ( 'NONE',  ( -1.585354223535259100, -1.807172398628510000, -3.000000000000000400 ) ) ;
#8760 = CARTESIAN_POINT ( 'NONE',  ( -1.551937609947347400, -1.811866496571709500, -3.000000000000000400 ) ) ;
#8761 = CARTESIAN_POINT ( 'NONE',  ( -1.528967874735516000, -1.812421512051861900, -2.999999999999999600 ) ) ;
#8762 = CARTESIAN_POINT ( 'NONE',  ( -1.517221915416225000, -1.812705328525640700, -3.000000000000000000 ) ) ;
#8763 = DIRECTION ( 'NONE',  ( -0.0000000000000000000, -0.0000000000000000000, -1.000000000000000000 ) ) ;
#8764 = VECTOR ( 'NONE', #8763, 1000.000000000000000 ) ;
#8765 = CARTESIAN_POINT ( 'NONE',  ( 2.694573774093235000, -0.9434282351762817200, -2.999700000000000300 ) ) ;
#8766 = LINE ( 'NONE', #8700, #8699 ) ;
#8767 = CARTESIAN_POINT ( 'NONE',  ( 6.897019850862954500, -0.4166556415326193600, -3.000000000000000900 ) ) ;
#8768 = CARTESIAN_POINT ( 'NONE',  ( 6.950180574929226500, -0.4110385463275078000, -2.999999999999999600 ) ) ;
#8769 = CARTESIAN_POINT ( 'NONE',  ( 6.986410339126603500, -0.4103556331974880800, -3.000000000000000000 ) ) ;
#8770 = CARTESIAN_POINT ( 'NONE',  ( 7.004842259333676300, -0.4100082006209934700, -3.000000000000000000 ) ) ;
#8771 = CARTESIAN_POINT ( 'NONE',  ( -0.4840292906149804000, 0.4000000000000000200, -3.000000000000000000 ) ) ;
#8772 = LINE ( 'NONE', #8791, #8722 ) ;
#8773 = DIRECTION ( 'NONE',  ( 0.9777617459361388500, -0.2097187835743699000, 0.0000000000000000000 ) ) ;
#8774 = VECTOR ( 'NONE', #8773, 1000.000000000000100 ) ;
#8775 = CARTESIAN_POINT ( 'NONE',  ( 6.410918563451515300, -0.8579205097296296300, -3.000000000000000000 ) ) ;
#8776 = LINE ( 'NONE', #8775, #8774 ) ;
#8777 = B_SPLINE_CURVE_WITH_KNOTS ( 'NONE', 3,
 ( #8770, #8769, #8768, #8767, #8737, #8736, #8735, #8734, #8733, #8732, #8731, #8730, #8729, #8728, #8727, #8726, #8725, #8724, #8723 ),
 .UNSPECIFIED., .F., .F.,
 ( 4, 1, 1, 1, 1, 1, 1, 1, 1, 1, 1, 1, 1, 1, 1, 1, 4 ),
 ( 0.0000000000000000000, 0.06864949197599468100, 0.1349373737851550800, 0.1988418982006104300, 0.2614093284183087200, 0.3225167637069036900, 0.3823768656987773800, 0.4424709047536865000, 0.5022278334792903400, 0.5621014330908554700, 0.6217316080948800400, 0.6818513124344148800, 0.7420491672939582000, 0.8039081304743809200, 0.8671621602461704300, 0.9323605979385296600, 1.000000000000000000 ),
 .UNSPECIFIED. ) ;
#8778 = CARTESIAN_POINT ( 'NONE',  ( -3.947246517279204600, 1.210008200620993600, -3.000000000000000000 ) ) ;
#8779 = CARTESIAN_POINT ( 'NONE',  ( -3.965624332898940900, 1.219321469294881300, -2.999999999999999600 ) ) ;
#8780 = CARTESIAN_POINT ( 'NONE',  ( -4.001263877550764300, 1.237382410901074500, -2.999999999999999600 ) ) ;
#8781 = CARTESIAN_POINT ( 'NONE',  ( -4.048751614033822200, 1.271265985970379400, -3.000000000000000400 ) ) ;
#8782 = CARTESIAN_POINT ( 'NONE',  ( -4.089029841261788300, 1.309299855038750000, -2.999999999999999600 ) ) ;
#8783 = CARTESIAN_POINT ( 'NONE',  ( -4.121519764773363900, 1.351565529033205800, -3.000000000000001800 ) ) ;
#8784 = CARTESIAN_POINT ( 'NONE',  ( -4.146939746939370500, 1.396632977924521900, -2.999999999999998200 ) ) ;
#8785 = CARTESIAN_POINT ( 'NONE',  ( -4.164916743564054600, 1.443677702985334900, -3.000000000000001300 ) ) ;
#8786 = CARTESIAN_POINT ( 'NONE',  ( -4.176306801833071300, 1.492127782011939900, -2.999999999999999100 ) ) ;
#8787 = CARTESIAN_POINT ( 'NONE',  ( -4.177737914825924800, 1.525018534580926400, -3.000000000000000000 ) ) ;
#8788 = CARTESIAN_POINT ( 'NONE',  ( -0.001543460748133882100, -1.842031082740196400, -3.000000000000000000 ) ) ;
#8789 = CARTESIAN_POINT ( 'NONE',  ( -4.178456937349755800, 1.541543569320287500, -3.000000000000000400 ) ) ;
#8790 = B_SPLINE_CURVE_WITH_KNOTS ( 'NONE', 3,
 ( #8789, #8787, #8786, #8785, #8784, #8783, #8782, #8781, #8780, #8779, #8778 ),
 .UNSPECIFIED., .F., .F.,
 ( 4, 1, 1, 1, 1, 1, 1, 1, 4 ),
 ( 0.0000000000000000000, 0.1158426906010184800, 0.2305685484828847400, 0.3473546045205447300, 0.4682527467344625400, 0.5923025714800843600, 0.7199701656206960500, 0.8556003811349106600, 1.000000000000000000 ),
 .UNSPECIFIED. ) ;
#8791 = CARTESIAN_POINT ( 'NONE',  ( 3.447473927033252800, -1.773192733373397000, -3.000000000000000000 ) ) ;
#8792 = DIRECTION ( 'NONE',  ( 0.0000000000000000000, 1.000000000000000000, 0.0000000000000000000 ) ) ;
#8793 = VECTOR ( 'NONE', #8792, 1000.000000000000000 ) ;
#8794 = CARTESIAN_POINT ( 'NONE',  ( 2.063607020255848300, 1.960747508513621500, -3.000000000000000000 ) ) ;
#8795 = CARTESIAN_POINT ( 'NONE',  ( 4.127388522685682100, -1.685099925359710100, -2.999999999999998700 ) ) ;
#8796 = CARTESIAN_POINT ( 'NONE',  ( 4.099476229706858100, -1.659752928859669500, -3.000000000000000400 ) ) ;
#8797 = CARTESIAN_POINT ( 'NONE',  ( 4.081146920468592400, -1.643066516873531700, -2.999999999999999600 ) ) ;
#8798 = CARTESIAN_POINT ( 'NONE',  ( 4.058771166863502700, -1.624112713169352000, -3.000000000000000000 ) ) ;
#8799 = CARTESIAN_POINT ( 'NONE',  ( 4.033161892144210700, -1.601938527506638500, -2.999999999999999600 ) ) ;
#8800 = CARTESIAN_POINT ( 'NONE',  ( 4.003417045768629600, -1.577515092409771200, -3.000000000000000400 ) ) ;
#8801 = CARTESIAN_POINT ( 'NONE',  ( 3.970619915516164300, -1.549661076769583800, -2.999999999999998700 ) ) ;
#8802 = CARTESIAN_POINT ( 'NONE',  ( 3.934003545659971600, -1.519285026025146000, -3.000000000000002200 ) ) ;
#8803 = CARTESIAN_POINT ( 'NONE',  ( 3.908266193231606500, -1.498332077533182500, -3.000000000000000900 ) ) ;
#8804 = DIRECTION ( 'NONE',  ( 0.9950371902099890400, 0.09950371902099922100, 0.0000000000000000000 ) ) ;
#8805 = VECTOR ( 'NONE', #8804, 1000.000000000000100 ) ;
#8806 = CARTESIAN_POINT ( 'NONE',  ( -1.254524896083730500, -1.259528996394230400, -3.000000000000000000 ) ) ;
#8807 = LINE ( 'NONE', #8806, #8805 ) ;
#8808 = CARTESIAN_POINT ( 'NONE',  ( 4.435288805839341800, -0.8644030448717945300, -3.000000000000000000 ) ) ;
#8809 = CARTESIAN_POINT ( 'NONE',  ( 3.894768851842635500, -1.487343802818884800, -3.000000000000000000 ) ) ;
#8810 = B_SPLINE_CURVE_WITH_KNOTS ( 'NONE', 3,
 ( #8809, #8803, #8802, #8801, #8800, #8799, #8798, #8797, #8796, #8795, #8847, #8846, #8845 ),
 .UNSPECIFIED., .F., .F.,
 ( 4, 1, 1, 1, 1, 1, 1, 1, 1, 1, 4 ),
 ( 0.0000000000000000000, 0.1241996726524862600, 0.2368296581100277400, 0.3394949853062826900, 0.4312535100312246400, 0.5114548721194173100, 0.5812230366234586400, 0.6404953748643703600, 0.6883082049320181600, 0.8503329734146877200, 1.000000000000000000 ),
 .UNSPECIFIED. ) ;
#8811 = CARTESIAN_POINT ( 'NONE',  ( 4.455045103415463900, -1.970755709134615100, -3.000000000000000000 ) ) ;
#8812 = CARTESIAN_POINT ( 'NONE',  ( -0.8396426469851755400, -1.210755636753179800, -3.000000000000000000 ) ) ;
#8813 = CARTESIAN_POINT ( 'NONE',  ( -0.8394995443951794900, -1.192233381372616000, -3.000000000000000400 ) ) ;
#8814 = CARTESIAN_POINT ( 'NONE',  ( -0.8392212392603505300, -1.156211400350742900, -2.999999999999999600 ) ) ;
#8815 = CARTESIAN_POINT ( 'NONE',  ( -0.8377785677797308100, -1.103712198990019400, -3.000000000000000000 ) ) ;
#8816 = CARTESIAN_POINT ( 'NONE',  ( -0.8349364387611588600, -1.054211409837625800, -3.000000000000000000 ) ) ;
#8817 = CARTESIAN_POINT ( 'NONE',  ( -0.8312561361773718200, -1.007585314092964300, -3.000000000000000400 ) ) ;
#8818 = CARTESIAN_POINT ( 'NONE',  ( -0.8267705683299131400, -0.9638048814568417300, -3.000000000000000000 ) ) ;
#8819 = CARTESIAN_POINT ( 'NONE',  ( -0.8209157685891336200, -0.9229192155801663200, -3.000000000000000400 ) ) ;
#8820 = CARTESIAN_POINT ( 'NONE',  ( -0.8138634964144499900, -0.8850272298948213000, -2.999999999999999600 ) ) ;
#8821 = CARTESIAN_POINT ( 'NONE',  ( -0.8032092385768249100, -0.8390848374233688100, -3.000000000000000900 ) ) ;
#8822 = CARTESIAN_POINT ( 'NONE',  ( -0.7882726479390697000, -0.7858636789168730300, -3.000000000000000000 ) ) ;
#8823 = CARTESIAN_POINT ( 'NONE',  ( -0.7672239833081295800, -0.7264079711942229600, -3.000000000000000400 ) ) ;
#8824 = CARTESIAN_POINT ( 'NONE',  ( -0.7439393141267457400, -0.6718820011497815800, -2.999999999999999600 ) ) ;
#8825 = CARTESIAN_POINT ( 'NONE',  ( -0.4611681858647006000, -0.4408115654097896600, -2.999999999999998200 ) ) ;
#8826 = CARTESIAN_POINT ( 'NONE',  ( -0.4044046179812447200, -0.4314893373407192600, -3.000000000000000900 ) ) ;
#8827 = CARTESIAN_POINT ( 'NONE',  ( -0.3655255994141385900, -0.4303463217107126900, -3.000000000000000400 ) ) ;
#8828 = CARTESIAN_POINT ( 'NONE',  ( -0.3457352075821307200, -0.4297644981971151000, -3.000000000000000000 ) ) ;
#8829 = B_SPLINE_CURVE_WITH_KNOTS ( 'NONE', 3,
 ( #8828, #8827, #8826, #8825, #8673, #8672, #8671, #8670, #8669, #8668, #8824, #8823, #8822, #8821, #8820, #8819, #8818, #8817, #8816, #8815, #8814, #8813, #8812 ),
 .UNSPECIFIED., .F., .F.,
 ( 4, 1, 1, 1, 1, 1, 1, 1, 1, 1, 1, 1, 1, 1, 1, 1, 1, 1, 1, 1, 4 ),
 ( 0.0000000000000000000, 0.05672433721815067100, 0.1114372357370107700, 0.1643678222229013300, 0.2164353724620899400, 0.2676414903219248000, 0.3173597799690279800, 0.3674730633322806900, 0.4182103970528081600, 0.4714042826470198300, 0.5279657201290491900, 0.5880611158232137400, 0.6521342629937144600, 0.6863448363353055200, 0.7232636803169652000, 0.7626102507715416500, 0.8047389366452181200, 0.8494303387909498700, 0.8967112583864922400, 0.9468896380534767000, 1.000000000000000000 ),
 .UNSPECIFIED. ) ;
#8830 = DIRECTION ( 'NONE',  ( -1.000000000000000000, 0.0000000000000000000, 0.0000000000000000000 ) ) ;
#8831 = VECTOR ( 'NONE', #8830, 1000.000000000000000 ) ;
#8832 = CARTESIAN_POINT ( 'NONE',  ( 1.254524896083733600, -1.397823079427082900, -3.000000000000000000 ) ) ;
#8833 = CARTESIAN_POINT ( 'NONE',  ( 1.056961920322515800, -1.595386055188300800, -3.000000000000000000 ) ) ;
#8834 = LINE ( 'NONE', #8832, #8831 ) ;
#8835 = DIRECTION ( 'NONE',  ( 0.0000000000000000000, -1.000000000000000000, 0.0000000000000000000 ) ) ;
#8836 = VECTOR ( 'NONE', #8835, 1000.000000000000000 ) ;
#8837 = LINE ( 'NONE', #8840, #8836 ) ;
#8838 = DIRECTION ( 'NONE',  ( 0.0000000000000000000, -1.000000000000000000, 0.0000000000000000000 ) ) ;
#8839 = VECTOR ( 'NONE', #8838, 1000.000000000000000 ) ;
#8840 = CARTESIAN_POINT ( 'NONE',  ( 1.056961920322515800, -1.397823079427082900, -3.000000000000000000 ) ) ;
#8841 = CARTESIAN_POINT ( 'NONE',  ( 1.254524896083733600, -0.4495207957732369500, -3.000000000000000000 ) ) ;
#8842 = LINE ( 'NONE', #8841, #8839 ) ;
#8843 = CARTESIAN_POINT ( 'NONE',  ( 4.079058065169896000, -1.394427465781187300, -3.000000000000000000 ) ) ;
#8844 = CARTESIAN_POINT ( 'NONE',  ( 1.254524896083733600, -1.970755709134615100, -3.000000000000000000 ) ) ;
#8845 = CARTESIAN_POINT ( 'NONE',  ( 4.201300156422150600, -1.773192733373397000, -3.000000000000000000 ) ) ;
#8846 = CARTESIAN_POINT ( 'NONE',  ( 4.188791647191742100, -1.756335612155318400, -3.000000000000000000 ) ) ;
#8847 = CARTESIAN_POINT ( 'NONE',  ( 4.162741823228491200, -1.721229507009662400, -2.999999999999999600 ) ) ;
#8848 = CARTESIAN_POINT ( 'NONE',  ( -1.517221915416225000, -1.812705328525640700, -3.000000000000000000 ) ) ;
#8849 = CARTESIAN_POINT ( 'NONE',  ( -0.7013485639523200400, 1.940991210937499800, -3.000000000000000000 ) ) ;
#8850 = DIRECTION ( 'NONE',  ( -1.000000000000000000, 0.0000000000000000000, 0.0000000000000000000 ) ) ;
#8851 = CARTESIAN_POINT ( 'NONE',  ( 7.294917360887200000, -0.6712603906656146000, -2.999999999999999600 ) ) ;
#8852 = CARTESIAN_POINT ( 'NONE',  ( 7.266006795433535000, -0.6515889189650615500, -2.999999999999999600 ) ) ;
#8853 = CARTESIAN_POINT ( 'NONE',  ( 7.235182348302506800, -0.6345255520055214100, -3.000000000000001800 ) ) ;
#8854 = CARTESIAN_POINT ( 'NONE',  ( 7.202788036027994800, -0.6199678221924969100, -2.999999999999999600 ) ) ;
#8855 = CARTESIAN_POINT ( 'NONE',  ( 7.168548298148969000, -0.6082765280671872400, -3.000000000000000900 ) ) ;
#8856 = CARTESIAN_POINT ( 'NONE',  ( 7.132666319281852000, -0.5988990359349992700, -2.999999999999999100 ) ) ;
#8857 = CARTESIAN_POINT ( 'NONE',  ( 7.094945750675873500, -0.5926456484323455700, -3.000000000000000000 ) ) ;
#8858 = CARTESIAN_POINT ( 'NONE',  ( 7.055667722438723600, -0.5884000260335136000, -3.000000000000000000 ) ) ;
#8859 = CARTESIAN_POINT ( 'NONE',  ( 7.028931975692682200, -0.5880121169031312700, -3.000000000000000400 ) ) ;
#8860 = CARTESIAN_POINT ( 'NONE',  ( 7.015337792420991600, -0.5878148788060894000, -3.000000000000000000 ) ) ;
#8861 = CARTESIAN_POINT ( 'NONE',  ( 1.254524896083733600, -1.397823079427082900, -3.000000000000000000 ) ) ;
#8862 = DIRECTION ( 'NONE',  ( 0.0000000000000000000, 1.000000000000000000, 0.0000000000000000000 ) ) ;
#8863 = CARTESIAN_POINT ( 'NONE',  ( 0.1481722318209141000, -1.210755636753179800, -3.000000000000000000 ) ) ;
#8864 = CARTESIAN_POINT ( 'NONE',  ( 7.015337792420991600, -0.5878148788060894000, -3.000000000000000000 ) ) ;
#8865 = CARTESIAN_POINT ( 'NONE',  ( 7.003497112938165800, -0.5880709760677888000, -3.000000000000000000 ) ) ;
#8866 = CARTESIAN_POINT ( 'NONE',  ( 6.980280956772868500, -0.5885731089082006900, -3.000000000000000400 ) ) ;
#8867 = CARTESIAN_POINT ( 'NONE',  ( 6.946211888978473900, -0.5919541847435823000, -3.000000000000000400 ) ) ;
#8868 = CARTESIAN_POINT ( 'NONE',  ( 6.913686720859389300, -0.5977962062558026500, -3.000000000000000000 ) ) ;
#8869 = CARTESIAN_POINT ( 'NONE',  ( 6.882676875034735400, -0.6060999645327895800, -3.000000000000000400 ) ) ;
#8870 = CARTESIAN_POINT ( 'NONE',  ( 6.853308627729884300, -0.6170100600466121900, -2.999999999999999100 ) ) ;
#8871 = CARTESIAN_POINT ( 'NONE',  ( 6.825307477054535000, -0.6299093038492866700, -3.000000000000000400 ) ) ;
#8872 = CARTESIAN_POINT ( 'NONE',  ( 6.799076240185834200, -0.6455003870063221700, -3.000000000000000400 ) ) ;
#8873 = CARTESIAN_POINT ( 'NONE',  ( 6.774061831808156200, -0.6630942784012966400, -3.000000000000000400 ) ) ;
#8874 = CARTESIAN_POINT ( 'NONE',  ( 6.750850698282214100, -0.6837467053452579400, -2.999999999999999100 ) ) ;
#8875 = CARTESIAN_POINT ( 'NONE',  ( 6.728843459995481200, -0.7068968421873612600, -3.000000000000000900 ) ) ;
#8876 = CARTESIAN_POINT ( 'NONE',  ( 6.708487762565531500, -0.7330784735176075800, -3.000000000000000400 ) ) ;
#8877 = VECTOR ( 'NONE', #8850, 1000.000000000000000 ) ;
#8878 = LINE ( 'NONE', #8884, #8877 ) ;
#8879 = CARTESIAN_POINT ( 'NONE',  ( -1.432331574268826500, 0.5778066781850961200, -3.000000000000000000 ) ) ;
#8880 = B_SPLINE_CURVE_WITH_KNOTS ( 'NONE', 3,
 ( #8882, #8881, #8893, #8892, #8891, #8890, #8889, #8888, #8887, #8886, #8885 ),
 .UNSPECIFIED., .F., .F.,
 ( 4, 1, 1, 1, 1, 1, 1, 1, 4 ),
 ( 0.0000000000000000000, 0.1278926194654213800, 0.2515785135038577900, 0.3727928197023041600, 0.4927776986078541400, 0.6135900692425723100, 0.7378086492801461100, 0.8661799015391683500, 1.000000000000000000 ),
 .UNSPECIFIED. ) ;
#8881 = CARTESIAN_POINT ( 'NONE',  ( -1.894995132953406900, -1.818369827230616100, -3.000000000000000000 ) ) ;
#8882 = CARTESIAN_POINT ( 'NONE',  ( -1.907100100395003700, -1.803444564036833500, -3.000000000000000000 ) ) ;
#8883 = CARTESIAN_POINT ( 'NONE',  ( -1.234768598507608700, -1.536117162459935500, -3.000000000000000000 ) ) ;
#8884 = CARTESIAN_POINT ( 'NONE',  ( -3.368448736728765400, -1.338554186698717600, -3.000000000000000000 ) ) ;
#8885 = CARTESIAN_POINT ( 'NONE',  ( -1.515987146817717500, -1.990512006710736900, -3.000000000000000000 ) ) ;
#8886 = CARTESIAN_POINT ( 'NONE',  ( -1.536091934005432900, -1.990066902443956800, -2.999999999999999600 ) ) ;
#8887 = CARTESIAN_POINT ( 'NONE',  ( -1.575482887750883500, -1.989194817530999200, -2.999999999999998700 ) ) ;
#8888 = CARTESIAN_POINT ( 'NONE',  ( -1.632860659796590000, -1.979746275491919300, -3.000000000000001800 ) ) ;
#8889 = CARTESIAN_POINT ( 'NONE',  ( -1.687235930087830600, -1.965676305692154700, -2.999999999999999600 ) ) ;
#8890 = CARTESIAN_POINT ( 'NONE',  ( -1.737951667027525900, -1.944533159611877600, -2.999999999999999600 ) ) ;
#8891 = CARTESIAN_POINT ( 'NONE',  ( -1.785630899541470000, -1.918222122796948900, -3.000000000000001300 ) ) ;
#8892 = CARTESIAN_POINT ( 'NONE',  ( -1.829953541511209600, -1.885836419598553700, -2.999999999999998700 ) ) ;
#8893 = CARTESIAN_POINT ( 'NONE',  ( -1.871183362362588400, -1.847729422363161700, -3.000000000000000400 ) ) ;
#8894 = B_SPLINE_CURVE_WITH_KNOTS ( 'NONE', 3,
 ( #8762, #8761, #8760, #8759, #8758, #8757, #8756, #8755, #8754, #8753, #8752, #8751, #8750, #8749, #8748, #8747, #8746, #8745, #8744 ),
 .UNSPECIFIED., .F., .F.,
 ( 4, 1, 1, 1, 1, 1, 1, 1, 1, 1, 1, 1, 1, 1, 1, 1, 4 ),
 ( 0.0000000000000000000, 0.06580103760947297900, 0.1286767959489729400, 0.1886758749524333800, 0.2475984367338941200, 0.3048494201188274300, 0.3617858992828987800, 0.4195227063685892900, 0.4786818154207404500, 0.5387695030440190500, 0.5987990560131537500, 0.6601842815006786500, 0.7229515306109658400, 0.7879926891048739700, 0.8554037684344736300, 0.9261530612840037600, 1.000000000000000000 ),
 .UNSPECIFIED. ) ;
#8895 = LINE ( 'NONE', #8765, #8764 ) ;
#8896 = CARTESIAN_POINT ( 'NONE',  ( 7.004842259333676300, -0.4100082006209934700, -3.000000000000000000 ) ) ;
#8897 = CARTESIAN_POINT ( 'NONE',  ( 6.689295903880182700, -0.7618029151793271900, -3.000000000000000400 ) ) ;
#8898 = CARTESIAN_POINT ( 'NONE',  ( 6.671709821460799700, -0.7934192700613813500, -2.999999999999999600 ) ) ;
#8899 = CARTESIAN_POINT ( 'NONE',  ( 6.655691402586915800, -0.8279351112167643300, -3.000000000000001300 ) ) ;
#8900 = CARTESIAN_POINT ( 'NONE',  ( 6.640859075356274800, -0.8651158154767490900, -2.999999999999999600 ) ) ;
#8901 = B_SPLINE_CURVE_WITH_KNOTS ( 'NONE', 3,
 ( #8860, #8859, #8858, #8857, #8856, #8855, #8854, #8853, #8852, #8851, #8714, #8713, #8712, #8711, #8710, #8709, #8708, #8707, #8706, #8705, #8704, #8703, #8702 ),
 .UNSPECIFIED., .F., .F.,
 ( 4, 1, 1, 1, 1, 1, 1, 1, 1, 1, 1, 1, 1, 1, 1, 1, 1, 1, 1, 1, 4 ),
 ( 0.0000000000000000000, 0.04676283512156145100, 0.09196869660721207500, 0.1358043853805046300, 0.1782315801839234600, 0.2194414332265379500, 0.2601769432685921400, 0.3002796061140315400, 0.3405476414666165900, 0.3803111902076689600, 0.4196419535698116500, 0.4590173240985171400, 0.4981819588897610200, 0.5376702145628710100, 0.5779133315743609800, 0.6186488416164149800, 0.6607616027603172600, 0.7452991770631799400, 0.8297447416906310600, 0.9146020866092535700, 1.000000000000000000 ),
 .UNSPECIFIED. ) ;
ENDSEC;
END-ISO-10303-21;
