ISO-10303-21;
HEADER;
FILE_DESCRIPTION (( 'STEP AP203' ),
    '1' );
FILE_NAME ('5129-E0W.STEP',
    '2023-03-06T17:02:08',
    ( '' ),
    ( '' ),
    'SwSTEP 2.0',
    'SolidWorks 2022',
    '' );
FILE_SCHEMA (( 'CONFIG_CONTROL_DESIGN' ));
ENDSEC;

DATA;
#1 = ORIENTED_EDGE ( 'NONE', *, *, #5652, .T. ) ;
#2 = DIRECTION ( 'NONE',  ( -0.000000000000000000, -0.000000000000000000, 1.000000000000000000 ) ) ;
#3 = FACE_OUTER_BOUND ( 'NONE', #3955, .T. ) ;
#4 = CIRCLE ( 'NONE', #7458, 0.5174999999999998490 ) ;
#5 = CARTESIAN_POINT ( 'NONE',  ( -1.388717760470542961, 1.034288970496871851, 0.1282096252312109608 ) ) ;
#6 = ORIENTED_EDGE ( 'NONE', *, *, #6884, .T. ) ;
#7 = CARTESIAN_POINT ( 'NONE',  ( -0.4746030434663451869, 0.8288637110625680648, 0.1056688007086727110 ) ) ;
#8 = FACE_BOUND ( 'NONE', #647, .T. ) ;
#9 = CARTESIAN_POINT ( 'NONE',  ( -1.358869230666996053, 1.056685859521389936, 0.1147558951009893108 ) ) ;
#10 = CARTESIAN_POINT ( 'NONE',  ( -1.293164576899472396, 1.096827205596293320, 0.1488673090167542956 ) ) ;
#11 = ORIENTED_EDGE ( 'NONE', *, *, #2686, .F. ) ;
#12 = CARTESIAN_POINT ( 'NONE',  ( -1.307120286159899614, 0.04235186568655702893, 0.1147062231654738113 ) ) ;
#13 = CARTESIAN_POINT ( 'NONE',  ( -1.288963974137652846, 0.03258554315195715673, 0.04736806574781014106 ) ) ;
#14 = CARTESIAN_POINT ( 'NONE',  ( -1.013859724571285925, 0.5658004866359794827, 0.3756034584419081224 ) ) ;
#15 = ORIENTED_EDGE ( 'NONE', *, *, #7428, .F. ) ;
#16 = ORIENTED_EDGE ( 'NONE', *, *, #6969, .T. ) ;
#17 = CARTESIAN_POINT ( 'NONE',  ( -1.355045609014487784, 1.059351111846283500, 0.1554828247839165345 ) ) ;
#18 = CARTESIAN_POINT ( 'NONE',  ( -0.8354346405443459078, -0.007060386463836973263, 0.1070751403784303557 ) ) ;
#19 = CARTESIAN_POINT ( 'NONE',  ( -0.7022684135047196907, 1.078548850995879604, 0.09608155303519298751 ) ) ;
#20 = CARTESIAN_POINT ( 'NONE',  ( -1.301911389795932017, 1.092133538990268216, 0.1560182250698330109 ) ) ;
#21 = VERTEX_POINT ( 'NONE', #182 ) ;
#22 = VERTEX_POINT ( 'NONE', #3578 ) ;
#23 = CARTESIAN_POINT ( 'NONE',  ( -0.9992744582147513599, -0.03402243449675451670, 0.1074319203184533195 ) ) ;
#24 = CARTESIAN_POINT ( 'NONE',  ( -1.010135059720538075, -0.03418826575268682499, 0.03700618574590337773 ) ) ;
#25 = ORIENTED_EDGE ( 'NONE', *, *, #6017, .F. ) ;
#26 = CARTESIAN_POINT ( 'NONE',  ( -1.179277672688696876, 1.142548088622425295, 0.1234474941894923156 ) ) ;
#27 = CARTESIAN_POINT ( 'NONE',  ( -1.013859724571285925, 0.5658004866359794827, 0.1511940096230103281 ) ) ;
#28 = ORIENTED_EDGE ( 'NONE', *, *, #6805, .T. ) ;
#29 = CARTESIAN_POINT ( 'NONE',  ( -1.336183611836942342, 0.05972702713221909182, 0.08160005242860884911 ) ) ;
#30 = CARTESIAN_POINT ( 'NONE',  ( -1.309310982057120265, 0.04358544046243326836, 0.1024110581193577729 ) ) ;
#31 = CARTESIAN_POINT ( 'NONE',  ( -0.5273015102499202245, 0.5658004866359795937, 0.2256034584419079059 ) ) ;
#32 = CARTESIAN_POINT ( 'NONE',  ( -0.9381305024145820681, 1.161002204469135934, 0.1556034584419080935 ) ) ;
#33 = DIRECTION ( 'NONE',  ( -0.000000000000000000, -0.000000000000000000, -1.000000000000000000 ) ) ;
#34 = EDGE_LOOP ( 'NONE', ( #6656, #6185, #5751, #3326 ) ) ;
#35 = CARTESIAN_POINT ( 'NONE',  ( -1.343629288313057835, 1.067051475773419078, 0.09555305825894903904 ) ) ;
#36 = DIRECTION ( 'NONE',  ( 0.4999999999999972244, 6.123233995736731523E-17, -0.8660254037844402619 ) ) ;
#37 = EDGE_CURVE ( 'NONE', #8122, #2178, #3781, .T. ) ;
#38 = DIRECTION ( 'NONE',  ( 0.6943948111598178263, 0.7195942233191711113, 0.000000000000000000 ) ) ;
#39 = CARTESIAN_POINT ( 'NONE',  ( -0.4898930380888666392, 0.8581342859720245686, 0.1425962958251941193 ) ) ;
#40 = VERTEX_POINT ( 'NONE', #1410 ) ;
#41 = ORIENTED_EDGE ( 'NONE', *, *, #4132, .T. ) ;
#42 = CARTESIAN_POINT ( 'NONE',  ( -1.013859724571286147, 0.5658004866359794827, 0.2256034584419079059 ) ) ;
#43 = DIRECTION ( 'NONE',  ( -0.000000000000000000, -0.000000000000000000, 1.000000000000000000 ) ) ;
#44 = CARTESIAN_POINT ( 'NONE',  ( -1.281890089411119371, 0.02899537463473541091, 0.05207170814448505713 ) ) ;
#45 = ORIENTED_EDGE ( 'NONE', *, *, #5629, .F. ) ;
#46 = CARTESIAN_POINT ( 'NONE',  ( -0.9578499609335707765, 1.163180526554950633, 0.04049434240510015048 ) ) ;
#47 = CARTESIAN_POINT ( 'NONE',  ( -1.176116962854207859, 1.143444527455567128, 0.1041883273835206014 ) ) ;
#48 = ORIENTED_EDGE ( 'NONE', *, *, #8233, .F. ) ;
#49 = DIRECTION ( 'NONE',  ( 0.6190861795381927823, 0.7853230560124950799, 0.000000000000000000 ) ) ;
#50 = DIRECTION ( 'NONE',  ( 0.000000000000000000, 0.000000000000000000, 1.000000000000000000 ) ) ;
#51 = EDGE_CURVE ( 'NONE', #1132, #2197, #8535, .T. ) ;
#52 = CARTESIAN_POINT ( 'NONE',  ( -0.4857089175193174402, 0.8505051789958036901, 0.1074850145936489809 ) ) ;
#53 = ORIENTED_EDGE ( 'NONE', *, *, #8330, .T. ) ;
#54 = CARTESIAN_POINT ( 'NONE',  ( -1.356555068196506841, 0.07329676193418799279, 0.05707337733799372481 ) ) ;
#55 = CARTESIAN_POINT ( 'NONE',  ( -1.013859724571285925, 0.5658004866359794827, 0.3756034584419081224 ) ) ;
#56 = LINE ( 'NONE', #6284, #6530 ) ;
#57 = ORIENTED_EDGE ( 'NONE', *, *, #2124, .F. ) ;
#58 = ORIENTED_EDGE ( 'NONE', *, *, #5386, .T. ) ;
#59 = CARTESIAN_POINT ( 'NONE',  ( -0.4782866554274495807, 0.8362858306234247641, 0.1060055403757811793 ) ) ;
#60 = CARTESIAN_POINT ( 'NONE',  ( -0.4907985563689503672, 0.8597511872374152819, 0.1212459547200570448 ) ) ;
#61 = CARTESIAN_POINT ( 'NONE',  ( -1.346527178923229151, 1.065135313211375889, 0.1563311951970826341 ) ) ;
#62 = CARTESIAN_POINT ( 'NONE',  ( -1.321300419038940133, 1.081048639759711216, 0.1358729937894106732 ) ) ;
#63 = ORIENTED_EDGE ( 'NONE', *, *, #4095, .F. ) ;
#64 = ORIENTED_EDGE ( 'NONE', *, *, #4697, .T. ) ;
#65 = CARTESIAN_POINT ( 'NONE',  ( -1.013859724571285925, 0.5658004866359794827, 0.08119400962301026592 ) ) ;
#66 = LINE ( 'NONE', #4937, #961 ) ;
#67 = ORIENTED_EDGE ( 'NONE', *, *, #5164, .T. ) ;
#68 = CARTESIAN_POINT ( 'NONE',  ( -1.256273485698719883, 0.01693631695750210178, 0.04126091975542572204 ) ) ;
#69 = VERTEX_POINT ( 'NONE', #5780 ) ;
#70 = CARTESIAN_POINT ( 'NONE',  ( -1.013859724571285925, 0.5658004866359794827, 0.1348342276726773314 ) ) ;
#71 = ORIENTED_EDGE ( 'NONE', *, *, #7647, .T. ) ;
#72 = EDGE_LOOP ( 'NONE', ( #3002, #5445, #801, #956, #2647, #6047, #9031, #7774 ) ) ;
#73 = CARTESIAN_POINT ( 'NONE',  ( -0.4871057357969842405, 0.8530812526583034794, 0.1295443560349309742 ) ) ;
#74 = CARTESIAN_POINT ( 'NONE',  ( -0.5635944265229161365, 0.5400679901886433765, 0.1061940096230103991 ) ) ;
#75 = DIRECTION ( 'NONE',  ( 0.000000000000000000, 0.000000000000000000, 1.000000000000000000 ) ) ;
#76 = CARTESIAN_POINT ( 'NONE',  ( -1.382107088712752452, 1.039502937629153800, 0.1429936699569988312 ) ) ;
#77 = B_SPLINE_CURVE_WITH_KNOTS ( 'NONE', 3,
 ( #1586, #8474, #2203, #7779, #1499, #3613, #6402, #4348, #3670, #129, #2937, #5728, #7132, #5212, #5893, #298, #3109, #8695, #2421, #4475, #2415, #3055, #5973, #7253, #3832, #3104, #6617 ),
 .UNSPECIFIED., .F., .F.,
 ( 4, 1, 1, 2, 2, 2, 2, 2, 2, 2, 2, 1, 2, 2, 4 ),
 ( 0.000000000000000000, 0.06250000000000438538, 0.09375000000000732747, 0.1093750000000091038, 0.1250000000000108802, 0.1875000000000137113, 0.2500000000000165423, 0.3750000000000153211, 0.5000000000000140998, 0.7500000000000116573, 0.8750000000000034417, 0.9062500000000063283, 0.9218750000000105471, 0.9375000000000146549, 1.000000000000000000 ),
 .UNSPECIFIED. ) ;
#78 = CARTESIAN_POINT ( 'NONE',  ( -1.235039185249396043, 1.123545835588837249, 0.1364948993948543465 ) ) ;
#79 = VERTEX_POINT ( 'NONE', #8575 ) ;
#80 = CARTESIAN_POINT ( 'NONE',  ( -1.349598184033759418, 1.063072732832934353, 0.09483422767267732367 ) ) ;
#81 = PRODUCT_RELATED_PRODUCT_CATEGORY ( 'detail', '', ( #8947 ) ) ;
#82 = CARTESIAN_POINT ( 'NONE',  ( -1.295335016482300983, 0.03592073226012045678, 0.09028018091870988748 ) ) ;
#83 = CARTESIAN_POINT ( 'NONE',  ( -0.4907190019672844072, 0.8596095827687778579, 0.1329792649841150809 ) ) ;
#84 = VERTEX_POINT ( 'NONE', #7651 ) ;
#85 = EDGE_CURVE ( 'NONE', #3217, #3060, #669, .T. ) ;
#86 = FACE_BOUND ( 'NONE', #8902, .T. ) ;
#87 = CARTESIAN_POINT ( 'NONE',  ( -1.359776397149345506, 1.056047012001048779, 0.1107116315188311634 ) ) ;
#88 = ORIENTED_EDGE ( 'NONE', *, *, #834, .T. ) ;
#89 = CARTESIAN_POINT ( 'NONE',  ( -0.4827224896689639166, 0.8448941571929782235, 0.1027288034524892063 ) ) ;
#90 = DIRECTION ( 'NONE',  ( 0.7044735481658577214, 0.7097302444834989732, 0.000000000000000000 ) ) ;
#91 = AXIS2_PLACEMENT_3D ( 'NONE', #7783, #5628, #8568 ) ;
#92 = CIRCLE ( 'NONE', #4486, 0.5999999999999998668 ) ;
#93 = ORIENTED_EDGE ( 'NONE', *, *, #6017, .T. ) ;
#94 = CARTESIAN_POINT ( 'NONE',  ( -1.341162888637990935, 1.068665401339734755, 0.1475089157655925520 ) ) ;
#95 = VECTOR ( 'NONE', #6395, 39.37007874015748143 ) ;
#96 = CARTESIAN_POINT ( 'NONE',  ( -1.359272269826581558, 1.056402344683586403, 0.1138358189167339024 ) ) ;
#97 = DIRECTION ( 'NONE',  ( -0.000000000000000000, -0.000000000000000000, 1.000000000000000000 ) ) ;
#98 = ORIENTED_EDGE ( 'NONE', *, *, #2349, .T. ) ;
#99 = CIRCLE ( 'NONE', #3458, 0.5999999999999999778 ) ;
#100 = CARTESIAN_POINT ( 'NONE',  ( -1.352429437030698622, 0.07044890029092820694, 0.04791947257361192647 ) ) ;
#101 = CARTESIAN_POINT ( 'NONE',  ( -0.5250458937852300334, 0.9137387553450437849, 0.1106034584419080952 ) ) ;
#102 = EDGE_CURVE ( 'NONE', #1114, #7583, #8886, .T. ) ;
#103 = CARTESIAN_POINT ( 'NONE',  ( -1.318937965215262853, 0.04915044348725821494, 0.05891999450843996011 ) ) ;
#104 = ORIENTED_EDGE ( 'NONE', *, *, #8080, .T. ) ;
#105 = VERTEX_POINT ( 'NONE', #4412 ) ;
#106 = CARTESIAN_POINT ( 'NONE',  ( -1.248545043215812944, 0.01360233269781521703, 0.1183753219856936989 ) ) ;
#107 = LINE ( 'NONE', #2917, #4797 ) ;
#108 = CARTESIAN_POINT ( 'NONE',  ( -1.336383603069474013, 1.071744540479072638, 0.1527607415136139901 ) ) ;
#109 = CIRCLE ( 'NONE', #2748, 0.5999999999999998668 ) ;
#110 = CARTESIAN_POINT ( 'NONE',  ( -0.5566048889399929367, 0.5847815465925144673, 0.09955855284873937894 ) ) ;
#111 = VERTEX_POINT ( 'NONE', #8006 ) ;
#112 = ORIENTED_EDGE ( 'NONE', *, *, #2240, .T. ) ;
#113 = VECTOR ( 'NONE', #5977, 39.37007874015748143 ) ;
#114 = CARTESIAN_POINT ( 'NONE',  ( -0.8995964734906812810, -0.02322145034676564163, 0.06121147179579904812 ) ) ;
#115 = CIRCLE ( 'NONE', #5242, 0.4510000000000001230 ) ;
#116 = EDGE_CURVE ( 'NONE', #5958, #7004, #1108, .T. ) ;
#117 = CARTESIAN_POINT ( 'NONE',  ( -1.361975548076598708, 1.054487898032667736, 0.1223622644219028721 ) ) ;
#118 = CARTESIAN_POINT ( 'NONE',  ( -0.5661159300782085957, 0.9652073437570717340, 0.1067412846988435166 ) ) ;
#119 = ORIENTED_EDGE ( 'NONE', *, *, #3508, .F. ) ;
#120 = CARTESIAN_POINT ( 'NONE',  ( -1.013859724571285925, 0.5658004866359794827, 0.3756034584419081224 ) ) ;
#121 = VERTEX_POINT ( 'NONE', #3717 ) ;
#122 = EDGE_CURVE ( 'NONE', #5373, #5230, #5735, .T. ) ;
#123 = AXIS2_PLACEMENT_3D ( 'NONE', #6904, #4762, #6123 ) ;
#124 = VECTOR ( 'NONE', #2991, 39.37007874015748143 ) ;
#125 = VERTEX_POINT ( 'NONE', #5903 ) ;
#126 = CARTESIAN_POINT ( 'NONE',  ( -1.013859724571285925, 0.04830048663597942549, 0.1511940096230103281 ) ) ;
#127 = CARTESIAN_POINT ( 'NONE',  ( -1.383555313440682388, 1.038373443127307283, 0.1086865269849353333 ) ) ;
#128 = CARTESIAN_POINT ( 'NONE',  ( -1.231562091728524821, 1.124912011483828911, 0.1272491032577899028 ) ) ;
#129 = CARTESIAN_POINT ( 'NONE',  ( -1.314470504060565315, 1.085062634846330809, 0.1336275296277111557 ) ) ;
#130 = CIRCLE ( 'NONE', #6421, 0.5999999999999999778 ) ;
#131 = EDGE_LOOP ( 'NONE', ( #3665, #1198, #8644, #6578 ) ) ;
#132 = ORIENTED_EDGE ( 'NONE', *, *, #4331, .T. ) ;
#133 = FACE_OUTER_BOUND ( 'NONE', #915, .T. ) ;
#134 = CARTESIAN_POINT ( 'NONE',  ( -0.4740345314017898048, 0.8276953047011226250, 0.1432574980463160452 ) ) ;
#135 = CIRCLE ( 'NONE', #5259, 0.5999999999999998668 ) ;
#136 = CARTESIAN_POINT ( 'NONE',  ( -0.9115079214756900416, 1.157006126327517315, 0.1217573045957542482 ) ) ;
#137 = ORIENTED_EDGE ( 'NONE', *, *, #6076, .F. ) ;
#138 = CARTESIAN_POINT ( 'NONE',  ( -1.385336612635930331, 1.036974503688499638, 0.1548241152638454299 ) ) ;
#139 = CYLINDRICAL_SURFACE ( 'NONE', #5365, 0.5999999999999998668 ) ;
#140 = ORIENTED_EDGE ( 'NONE', *, *, #7343, .T. ) ;
#141 = CARTESIAN_POINT ( 'NONE',  ( -0.4769560352117719337, 0.8336343402166995764, 0.09867245269753198433 ) ) ;
#142 = CARTESIAN_POINT ( 'NONE',  ( -0.9169458635406357860, 1.157921845610029532, 0.05181001830352643250 ) ) ;
#143 = AXIS2_PLACEMENT_3D ( 'NONE', #774, #5697, #6371 ) ;
#144 = CARTESIAN_POINT ( 'NONE',  ( -1.474590936239582817, 0.5814254866359794827, 0.09619792500804122404 ) ) ;
#145 = CARTESIAN_POINT ( 'NONE',  ( -1.311981850047253984, 0.04510553758828839827, 0.06054463470649824874 ) ) ;
#146 = CARTESIAN_POINT ( 'NONE',  ( -1.247911033454055962, 0.01332846154477046290, 0.07891956343186164180 ) ) ;
#147 = VERTEX_POINT ( 'NONE', #6501 ) ;
#148 = CIRCLE ( 'NONE', #1605, 0.5999999999999998668 ) ;
#149 = CARTESIAN_POINT ( 'NONE',  ( -1.356771509918080376, 0.07344743763778308066, 0.05780978676684528361 ) ) ;
#150 = DIRECTION ( 'NONE',  ( -0.000000000000000000, -0.000000000000000000, 1.000000000000000000 ) ) ;
#151 = DIRECTION ( 'NONE',  ( -0.7349483592643630825, 0.6781230782200389218, 0.000000000000000000 ) ) ;
#152 = DIRECTION ( 'NONE',  ( -9.085968936799098859E-16, -1.000000000000000000, 0.000000000000000000 ) ) ;
#153 = ORIENTED_EDGE ( 'NONE', *, *, #6920, .T. ) ;
#154 = ORIENTED_EDGE ( 'NONE', *, *, #6983, .T. ) ;
#155 = CARTESIAN_POINT ( 'NONE',  ( -0.4771797578071749757, 0.8340813959496417018, 0.1107588899369831847 ) ) ;
#156 = DIRECTION ( 'NONE',  ( -0.000000000000000000, -0.000000000000000000, 1.000000000000000000 ) ) ;
#157 = EDGE_CURVE ( 'NONE', #2229, #8040, #6485, .T. ) ;
#158 = CARTESIAN_POINT ( 'NONE',  ( -0.6980332495655896530, 1.075952513686558198, 0.09743682978356432711 ) ) ;
#159 = EDGE_CURVE ( 'NONE', #2327, #4343, #6987, .T. ) ;
#160 = DIRECTION ( 'NONE',  ( 0.000000000000000000, 0.000000000000000000, -1.000000000000000000 ) ) ;
#161 = VERTEX_POINT ( 'NONE', #270 ) ;
#162 = ORIENTED_EDGE ( 'NONE', *, *, #85, .T. ) ;
#163 = CARTESIAN_POINT ( 'NONE',  ( -0.6987049690483273512, 1.076366332954312943, 0.1094711125011766928 ) ) ;
#164 = DIRECTION ( 'NONE',  ( 0.5308521591274121265, 0.8474644447702597283, 0.000000000000000000 ) ) ;
#165 = CARTESIAN_POINT ( 'NONE',  ( -1.257861401009579216, 0.01765526692198591402, 0.1095132000064416578 ) ) ;
#166 = ORIENTED_EDGE ( 'NONE', *, *, #777, .F. ) ;
#167 = CARTESIAN_POINT ( 'NONE',  ( -1.142268433580669651, -0.02030186953104059361, 0.1347780994103479346 ) ) ;
#168 = VERTEX_POINT ( 'NONE', #7323 ) ;
#169 = CARTESIAN_POINT ( 'NONE',  ( -0.4864998671543175890, 0.8519675387869356520, 0.1402710911461113874 ) ) ;
#170 = CARTESIAN_POINT ( 'NONE',  ( -0.8343957714040296514, -0.006731337382197357527, 0.09190214353719480811 ) ) ;
#171 = CARTESIAN_POINT ( 'NONE',  ( -1.321188358789120443, 1.081115083086527484, 0.1150531391409377741 ) ) ;
#172 = CARTESIAN_POINT ( 'NONE',  ( -0.7237023272452162148, 1.090975395382542734, 0.1556034584419080935 ) ) ;
#173 = VERTEX_POINT ( 'NONE', #348 ) ;
#174 = VERTEX_POINT ( 'NONE', #3078 ) ;
#175 = CARTESIAN_POINT ( 'NONE',  ( -1.282730994479129860, 0.02941574619531215837, 0.1295822640339120702 ) ) ;
#176 = CARTESIAN_POINT ( 'NONE',  ( -0.5531265540850116569, 0.5501754866359794827, 0.09619596731552908231 ) ) ;
#177 = CARTESIAN_POINT ( 'NONE',  ( -1.291866847779570060, 0.03409155156185769003, 0.08726899143221224231 ) ) ;
#178 = CARTESIAN_POINT ( 'NONE',  ( -0.6994134503229633149, 1.076802989675743616, 0.1325732111976767602 ) ) ;
#179 = CARTESIAN_POINT ( 'NONE',  ( -1.178832630783326563, 1.142674946083693355, 0.1029454193289786879 ) ) ;
#180 = DIRECTION ( 'NONE',  ( -0.1446810648616038697, 0.9894783420926969164, 0.000000000000000000 ) ) ;
#181 = CARTESIAN_POINT ( 'NONE',  ( -0.6984712699585228224, 1.076222001363731584, 0.1119616315188311922 ) ) ;
#182 = CARTESIAN_POINT ( 'NONE',  ( -0.7718107985655887626, 0.01679017942901233143, 0.03554692555714249885 ) ) ;
#183 = CARTESIAN_POINT ( 'NONE',  ( -0.4735653823762827619, 0.8267259007853869912, 0.1128983499235290816 ) ) ;
#184 = CARTESIAN_POINT ( 'NONE',  ( -1.013859724571285925, 0.5658004866359794827, 0.3756034584419081224 ) ) ;
#185 = LINE ( 'NONE', #948, #1294 ) ;
#186 = CARTESIAN_POINT ( 'NONE',  ( -0.4858911806116587018, 0.8508430333382199784, 0.1082184321540879957 ) ) ;
#187 = EDGE_LOOP ( 'NONE', ( #827, #1822 ) ) ;
#188 = FACE_OUTER_BOUND ( 'NONE', #552, .T. ) ;
#189 = CARTESIAN_POINT ( 'NONE',  ( -1.013859724571285925, 0.5658004866359794827, 0.1411940096230107078 ) ) ;
#190 = CARTESIAN_POINT ( 'NONE',  ( -1.382532014350705829, 1.039172330159899849, 0.1233205008694558402 ) ) ;
#191 = ORIENTED_EDGE ( 'NONE', *, *, #8911, .T. ) ;
#192 = ORIENTED_EDGE ( 'NONE', *, *, #870, .T. ) ;
#193 = CARTESIAN_POINT ( 'NONE',  ( -1.254151811667038263, 0.01601868720157502424, 0.1168310006000528589 ) ) ;
#194 = DIRECTION ( 'NONE',  ( 1.000000000000000000, 0.000000000000000000, 0.000000000000000000 ) ) ;
#195 = EDGE_CURVE ( 'NONE', #4271, #5157, #2002, .T. ) ;
#196 = CARTESIAN_POINT ( 'NONE',  ( -0.9304755350636025879, 1.159978967744068612, 0.007603785384455183025 ) ) ;
#197 = CARTESIAN_POINT ( 'NONE',  ( -1.013859724571285925, 0.5658004866359794827, 0.1286803815188311828 ) ) ;
#198 = ORIENTED_EDGE ( 'NONE', *, *, #8878, .F. ) ;
#199 = B_SPLINE_CURVE_WITH_KNOTS ( 'NONE', 3,
 ( #1154, #6053, #8857, #6504, #5867, #7189, #5056, #7922 ),
 .UNSPECIFIED., .F., .F.,
 ( 4, 2, 2, 4 ),
 ( 0.000000000000000000, 0.2500000000000000000, 0.5000000000000000000, 1.000000000000000000 ),
 .UNSPECIFIED. ) ;
#200 = CARTESIAN_POINT ( 'NONE',  ( -0.9120532373217450361, -0.02549930128566770676, 0.08637683937967033376 ) ) ;
#201 = EDGE_CURVE ( 'NONE', #2882, #8284, #982, .T. ) ;
#202 = CARTESIAN_POINT ( 'NONE',  ( -1.366593227804137722, 1.051165380117163206, 0.1128828262820423950 ) ) ;
#203 = CARTESIAN_POINT ( 'NONE',  ( -1.295718231741886717, 1.095475694742468420, 0.09490379929503148237 ) ) ;
#204 = CARTESIAN_POINT ( 'NONE',  ( -0.5332046775557837126, 0.9249254311588088751, 0.1209880738265234762 ) ) ;
#205 = ORIENTED_EDGE ( 'NONE', *, *, #4134, .T. ) ;
#206 = VERTEX_POINT ( 'NONE', #2478 ) ;
#207 = CARTESIAN_POINT ( 'NONE',  ( -1.089365547000972212, 1.161030585655859815, 0.07626977454767733255 ) ) ;
#208 = CARTESIAN_POINT ( 'NONE',  ( -1.366621734816492406, 1.051144658075809257, 0.1103106687457062196 ) ) ;
#209 = EDGE_CURVE ( 'NONE', #3257, #8103, #8114, .T. ) ;
#210 = CARTESIAN_POINT ( 'NONE',  ( -1.322381333452203656, 1.080401708282692219, 0.1251506631916698975 ) ) ;
#211 = DIRECTION ( 'NONE',  ( 0.2470452772626900440, 0.9690039375473149530, 0.000000000000000000 ) ) ;
#212 = ORIENTED_EDGE ( 'NONE', *, *, #1030, .T. ) ;
#213 = CARTESIAN_POINT ( 'NONE',  ( -1.359776397149345506, 1.056047012001048779, 0.1107116315188311634 ) ) ;
#214 =( NAMED_UNIT ( * ) SI_UNIT ( $, .STERADIAN. ) SOLID_ANGLE_UNIT ( ) );
#215 = CARTESIAN_POINT ( 'NONE',  ( -0.5635346063115186377, 0.9622942485996066608, 0.1321894231904678085 ) ) ;
#216 = LINE ( 'NONE', #3712, #971 ) ;
#217 = CARTESIAN_POINT ( 'NONE',  ( -1.013859724571285925, 0.5658004866359794827, 0.3756034584419081224 ) ) ;
#218 = CARTESIAN_POINT ( 'NONE',  ( -1.063615969098856917, 1.163733857615148359, 0.1556034584419080935 ) ) ;
#219 = DIRECTION ( 'NONE',  ( 1.000000000000000000, 0.000000000000000000, 0.000000000000000000 ) ) ;
#220 = CARTESIAN_POINT ( 'NONE',  ( -1.313650311947981653, 0.04604722140570597505, 0.1491176782531317968 ) ) ;
#221 = CARTESIAN_POINT ( 'NONE',  ( -1.325096085073784291, 0.05283661470544739891, 0.06625308514313332786 ) ) ;
#222 = CARTESIAN_POINT ( 'NONE',  ( -0.9169738614948258482, 1.157926427267745861, 0.05235953541535602607 ) ) ;
#223 = LINE ( 'NONE', #7880, #858 ) ;
#224 = CARTESIAN_POINT ( 'NONE',  ( -0.5632380970634587314, 0.9619572091867861774, 0.1252789392111388622 ) ) ;
#225 = ORIENTED_EDGE ( 'NONE', *, *, #6414, .T. ) ;
#226 = B_SPLINE_CURVE_WITH_KNOTS ( 'NONE', 3,
 ( #3737, #2888, #8380, #78, #3423, #2840, #8475, #7680, #9021, #5581, #6308, #2005, #2098, #5679, #7780, #7210, #8425, #4211, #2743, #2205, #5003, #927, #4809 ),
 .UNSPECIFIED., .F., .F.,
 ( 4, 1, 1, 1, 1, 2, 2, 1, 1, 2, 2, 1, 2, 2, 4 ),
 ( 0.000000000000000000, 0.2499999999999796829, 0.3749999999999685252, 0.4374999999999616418, 0.4687499999999612532, 0.4843749999999610867, 0.4999999999999609201, 0.6250000000000118794, 0.6875000000000385247, 0.7187500000000549560, 0.7500000000000713873, 0.8125000000000710543, 0.8437500000000741629, 0.8750000000000772715, 1.000000000000000000 ),
 .UNSPECIFIED. ) ;
#227 = CARTESIAN_POINT ( 'NONE',  ( -1.023193032021621152, 1.165727890054124360, 0.03449505739606809063 ) ) ;
#228 = CARTESIAN_POINT ( 'NONE',  ( -0.9272870678806280909, 1.159521949899343207, 0.03745189645634057485 ) ) ;
#229 = CARTESIAN_POINT ( 'NONE',  ( -0.6914167429810559318, 1.071795075958779098, 0.1140365748779007399 ) ) ;
#230 = VECTOR ( 'NONE', #8133, 39.37007874015748143 ) ;
#231 = VECTOR ( 'NONE', #1929, 39.37007874015748143 ) ;
#232 = ORIENTED_EDGE ( 'NONE', *, *, #7247, .F. ) ;
#233 = VERTEX_POINT ( 'NONE', #5314 ) ;
#234 = CARTESIAN_POINT ( 'NONE',  ( -1.366645674970989432, 1.051127291101819905, 0.1446246991793590786 ) ) ;
#235 = DIRECTION ( 'NONE',  ( -0.000000000000000000, -0.000000000000000000, 1.000000000000000000 ) ) ;
#236 = CARTESIAN_POINT ( 'NONE',  ( -0.9334885391613012562, 1.160394106233030742, 0.006221435578451716200 ) ) ;
#237 = CIRCLE ( 'NONE', #5090, 0.5999999999999999778 ) ;
#238 = CARTESIAN_POINT ( 'NONE',  ( -0.8342782696155084388, -0.006694492412715646185, 0.1456034584419080014 ) ) ;
#239 = ORIENTED_EDGE ( 'NONE', *, *, #2204, .T. ) ;
#240 = DIRECTION ( 'NONE',  ( -1.000000000000000000, 0.000000000000000000, 0.000000000000000000 ) ) ;
#241 = DIRECTION ( 'NONE',  ( -0.000000000000000000, -0.000000000000000000, 1.000000000000000000 ) ) ;
#242 = FACE_BOUND ( 'NONE', #566, .T. ) ;
#243 = AXIS2_PLACEMENT_3D ( 'NONE', #5326, #5918, #4597 ) ;
#244 = CARTESIAN_POINT ( 'NONE',  ( -1.034785573083928600, -0.03383449332524721825, 0.1253939937750437883 ) ) ;
#245 = CARTESIAN_POINT ( 'NONE',  ( -0.6139178121965603863, 1.013066030497841608, 0.1556034584419080935 ) ) ;
#246 = B_SPLINE_CURVE_WITH_KNOTS ( 'NONE', 3,
 ( #3545, #423, #4235, #2718, #6187, #8997, #3236, #3494, #2767 ),
 .UNSPECIFIED., .F., .F.,
 ( 4, 1, 2, 2, 4 ),
 ( 0.000000000000000000, 0.2500000000000558997, 0.3750000000000537348, 0.5000000000000516254, 1.000000000000000000 ),
 .UNSPECIFIED. ) ;
#247 = ORIENTED_EDGE ( 'NONE', *, *, #4021, .F. ) ;
#248 = EDGE_CURVE ( 'NONE', #6348, #3287, #3051, .T. ) ;
#249 = ORIENTED_EDGE ( 'NONE', *, *, #1869, .T. ) ;
#250 = CONICAL_SURFACE ( 'NONE', #8629, 0.5999999999999998668, 0.7853981633974482790 ) ;
#251 = AXIS2_PLACEMENT_3D ( 'NONE', #2445, #3864, #8205 ) ;
#252 = CARTESIAN_POINT ( 'NONE',  ( -1.347623123355919716, 0.06719957111888470724, 0.08785856236783266826 ) ) ;
#253 = PLANE ( 'NONE',  #1298 ) ;
#254 = CARTESIAN_POINT ( 'NONE',  ( -1.314139056938010919, 0.04634580058279681725, 0.07004820635448834321 ) ) ;
#255 = CARTESIAN_POINT ( 'NONE',  ( -1.013859724571285925, 0.5658004866359794827, 0.1486803815188311728 ) ) ;
#256 = EDGE_LOOP ( 'NONE', ( #3604, #6793, #8805, #5655, #3321, #9011, #4943, #6516, #7804, #1565, #7474, #2568 ) ) ;
#257 = CARTESIAN_POINT ( 'NONE',  ( -0.7008862718572241857, 1.077706605293479170, 0.1190934618228025321 ) ) ;
#258 = CARTESIAN_POINT ( 'NONE',  ( -1.357358110336943424, 1.057746133540510280, 0.1042933889089822375 ) ) ;
#259 = COORDINATED_UNIVERSAL_TIME_OFFSET ( 5, 0, .BEHIND. ) ;
#260 = AXIS2_PLACEMENT_3D ( 'NONE', #3247, #1211, #6851 ) ;
#261 = EDGE_CURVE ( 'NONE', #7126, #8194, #4717, .T. ) ;
#262 = EDGE_CURVE ( 'NONE', #8103, #5359, #3660, .T. ) ;
#263 = DIRECTION ( 'NONE',  ( -0.000000000000000000, -0.000000000000000000, 1.000000000000000000 ) ) ;
#264 = CARTESIAN_POINT ( 'NONE',  ( -1.220958030158781460, 1.128926005917697539, 0.1051247565891771374 ) ) ;
#265 = CIRCLE ( 'NONE', #7871, 0.5999999999999999778 ) ;
#266 = AXIS2_PLACEMENT_3D ( 'NONE', #7224, #3114, #3072 ) ;
#267 = CARTESIAN_POINT ( 'NONE',  ( -1.013859724571285925, 0.5658004866359794827, 0.004711531358574759867 ) ) ;
#268 = CARTESIAN_POINT ( 'NONE',  ( -0.8626908171843079565, -0.01484395742879365300, 0.08072167979216250677 ) ) ;
#269 = CARTESIAN_POINT ( 'NONE',  ( -1.474590936239582595, 0.5501754866359794827, 0.09619792500804129343 ) ) ;
#270 = CARTESIAN_POINT ( 'NONE',  ( -0.4871295368026755668, 0.8531248839524002703, 0.1259880738265234945 ) ) ;
#271 = DIRECTION ( 'NONE',  ( 0.000000000000000000, -1.000000000000000000, 0.000000000000000000 ) ) ;
#272 = DIRECTION ( 'NONE',  ( -0.000000000000000000, -0.000000000000000000, 1.000000000000000000 ) ) ;
#273 = CARTESIAN_POINT ( 'NONE',  ( -1.347235684422327884, 1.064659918445527653, 0.1494173497300994857 ) ) ;
#274 = VECTOR ( 'NONE', #4158, 39.37007874015748143 ) ;
#275 = CIRCLE ( 'NONE', #7438, 0.5999999999999997558 ) ;
#276 = CARTESIAN_POINT ( 'NONE',  ( -1.225453131254789607, 1.127253447727180724, 0.1372303280955424476 ) ) ;
#277 = EDGE_CURVE ( 'NONE', #1534, #8725, #1911, .T. ) ;
#278 = ORIENTED_EDGE ( 'NONE', *, *, #8222, .T. ) ;
#279 = CARTESIAN_POINT ( 'NONE',  ( -1.023883316737944194, -0.03414199926688084308, 0.09199596565793621838 ) ) ;
#280 = CARTESIAN_POINT ( 'NONE',  ( -1.432846697438695749, 0.9952793318706046888, 0.1104752533137029896 ) ) ;
#281 = CARTESIAN_POINT ( 'NONE',  ( -0.9424709996032216708, 1.161538390371702700, 0.004711531358574759867 ) ) ;
#282 = ORIENTED_EDGE ( 'NONE', *, *, #6596, .T. ) ;
#283 = DIRECTION ( 'NONE',  ( -1.000000000000000000, 0.000000000000000000, 0.000000000000000000 ) ) ;
#284 = DIRECTION ( 'NONE',  ( -1.000000000000000000, -1.603864418221766202E-16, 0.000000000000000000 ) ) ;
#285 = CARTESIAN_POINT ( 'NONE',  ( -0.9398156360357203809, 1.161214266265180317, 0.004836377458825774460 ) ) ;
#286 = CARTESIAN_POINT ( 'NONE',  ( -1.172658035594658532, 1.144405613731941385, 0.09750838497955481576 ) ) ;
#287 = VERTEX_POINT ( 'NONE', #2700 ) ;
#288 = CARTESIAN_POINT ( 'NONE',  ( -0.9106645045416080775, -0.02525852756108487931, 0.07844571084866606980 ) ) ;
#289 = DIRECTION ( 'NONE',  ( -0.000000000000000000, -0.000000000000000000, 1.000000000000000000 ) ) ;
#290 = DIRECTION ( 'NONE',  ( 0.000000000000000000, 0.000000000000000000, -1.000000000000000000 ) ) ;
#291 = VECTOR ( 'NONE', #5012, 39.37007874015748143 ) ;
#292 = CARTESIAN_POINT ( 'NONE',  ( -1.034458832624864710, -0.03384581081708293304, 0.1216424145345708918 ) ) ;
#293 = DIRECTION ( 'NONE',  ( -0.000000000000000000, -0.000000000000000000, 1.000000000000000000 ) ) ;
#294 = ORIENTED_EDGE ( 'NONE', *, *, #3015, .F. ) ;
#295 = DIRECTION ( 'NONE',  ( -0.000000000000000000, -0.000000000000000000, 1.000000000000000000 ) ) ;
#296 = DIRECTION ( 'NONE',  ( 0.7682213016027065189, 9.407997580445679318E-17, -0.6401843732580820845 ) ) ;
#297 = CARTESIAN_POINT ( 'NONE',  ( -1.299673265647672826, 1.093352436141943995, 0.09490693985576972858 ) ) ;
#298 = CARTESIAN_POINT ( 'NONE',  ( -1.309158147969774255, 1.088105385726071184, 0.1447808437236994816 ) ) ;
#299 = ORIENTED_EDGE ( 'NONE', *, *, #1493, .T. ) ;
#300 = CARTESIAN_POINT ( 'NONE',  ( -0.7049440088031874163, 1.080166013785099688, 0.1213235218790618408 ) ) ;
#301 = CARTESIAN_POINT ( 'NONE',  ( -1.359475964976871287, 1.056259478384801831, 0.1078101101499896602 ) ) ;
#302 = CARTESIAN_POINT ( 'NONE',  ( -0.4803432604218172419, 0.8403186565867416524, 0.1561901912546886650 ) ) ;
#303 = CARTESIAN_POINT ( 'NONE',  ( -1.220374942606915925, 1.129140060272926016, 0.1070207254923498108 ) ) ;
#304 = B_SPLINE_CURVE_WITH_KNOTS ( 'NONE', 3,
 ( #8818, #2542, #7385, #3186 ),
 .UNSPECIFIED., .F., .F.,
 ( 4, 4 ),
 ( 0.000000000000000000, 1.000000000000000000 ),
 .UNSPECIFIED. ) ;
#305 = CARTESIAN_POINT ( 'NONE',  ( -1.013859724571285925, 0.5658004866359794827, 0.1511940096230103281 ) ) ;
#306 = CARTESIAN_POINT ( 'NONE',  ( -1.354304454863175966, 0.07173835935188770108, 0.07086030389131804663 ) ) ;
#307 = ADVANCED_FACE ( 'NONE', ( #4761 ), #8158, .T. ) ;
#308 = CARTESIAN_POINT ( 'NONE',  ( -0.5531304717209751809, 0.5814254866359794827, 0.09619988270054498358 ) ) ;
#309 = FACE_OUTER_BOUND ( 'NONE', #7531, .T. ) ;
#310 = EDGE_CURVE ( 'NONE', #7511, #1931, #5609, .T. ) ;
#311 = DIRECTION ( 'NONE',  ( -0.000000000000000000, -0.000000000000000000, 1.000000000000000000 ) ) ;
#312 = CARTESIAN_POINT ( 'NONE',  ( -1.013859724571285925, 0.5658004866359794827, 0.07119400962301036806 ) ) ;
#313 = CARTESIAN_POINT ( 'NONE',  ( -1.360862873670374729, 1.055278750062049298, 0.1397808597870682235 ) ) ;
#314 = CARTESIAN_POINT ( 'NONE',  ( -1.328860480681429923, 0.05512866985499276923, 0.07919633173480192245 ) ) ;
#315 = CARTESIAN_POINT ( 'NONE',  ( -1.227631107980832192, 1.126426757130140510, 0.1339973530966925008 ) ) ;
#316 = ORIENTED_EDGE ( 'NONE', *, *, #3099, .F. ) ;
#317 = ORIENTED_EDGE ( 'NONE', *, *, #1204, .F. ) ;
#318 = CARTESIAN_POINT ( 'NONE',  ( -0.5689179788984696229, 0.9683260673816561637, 0.1222607067060943742 ) ) ;
#319 = CARTESIAN_POINT ( 'NONE',  ( -0.9278730206231766697, 1.159607193306533057, 0.03118686071235895682 ) ) ;
#320 = CARTESIAN_POINT ( 'NONE',  ( -0.9544927431721269562, 1.162856442724931050, 0.007613656526332064634 ) ) ;
#321 = ORIENTED_EDGE ( 'NONE', *, *, #8036, .F. ) ;
#322 = FACE_BOUND ( 'NONE', #8273, .T. ) ;
#323 = FACE_OUTER_BOUND ( 'NONE', #7672, .T. ) ;
#324 = CARTESIAN_POINT ( 'NONE',  ( -1.018274654870554574, -0.03418327013619555654, 0.09417470683954379251 ) ) ;
#325 = DIRECTION ( 'NONE',  ( -0.000000000000000000, -0.000000000000000000, 1.000000000000000000 ) ) ;
#326 = VERTEX_POINT ( 'NONE', #4813 ) ;
#327 = CARTESIAN_POINT ( 'NONE',  ( -1.329687948846276502, 1.075950016951402466, 0.1368399459510645788 ) ) ;
#328 = CARTESIAN_POINT ( 'NONE',  ( -0.4965956630176154296, 0.5814254866359794827, 0.09619400962301037639 ) ) ;
#329 = FACE_OUTER_BOUND ( 'NONE', #72, .T. ) ;
#330 = EDGE_CURVE ( 'NONE', #4765, #2593, #6412, .T. ) ;
#331 = CARTESIAN_POINT ( 'NONE',  ( -1.034694912496268326, -0.03383765195229531536, 0.1243140389273273277 ) ) ;
#332 = CARTESIAN_POINT ( 'NONE',  ( -1.325379334777082585, 0.05300857577212245153, 0.1086971210786802228 ) ) ;
#333 = ORIENTED_EDGE ( 'NONE', *, *, #8780, .T. ) ;
#334 = EDGE_CURVE ( 'NONE', #1517, #3347, #3213, .T. ) ;
#335 = CARTESIAN_POINT ( 'NONE',  ( -1.437855166756270453, 0.9903330118991909847, 0.1136082661342157907 ) ) ;
#336 = DIRECTION ( 'NONE',  ( -0.000000000000000000, -0.000000000000000000, 1.000000000000000000 ) ) ;
#337 = CARTESIAN_POINT ( 'NONE',  ( -1.322228678993556450, 1.080493201349470578, 0.1218319102328101478 ) ) ;
#338 = VERTEX_POINT ( 'NONE', #8308 ) ;
#339 = LINE ( 'NONE', #5261, #1596 ) ;
#340 = CARTESIAN_POINT ( 'NONE',  ( -1.264035824868615210, 0.02044338365577286556, 0.1441047821950354746 ) ) ;
#341 = CALENDAR_DATE ( 2023, 6, 3 ) ;
#342 = FACE_OUTER_BOUND ( 'NONE', #4786, .T. ) ;
#343 = CARTESIAN_POINT ( 'NONE',  ( -0.6995804117433969127, 1.076911749991163791, 0.1471579456213953085 ) ) ;
#344 = CARTESIAN_POINT ( 'NONE',  ( -1.055790411038288523, 1.164333541305816233, 0.1386082661342157851 ) ) ;
#345 = CARTESIAN_POINT ( 'NONE',  ( -0.9307888351983095720, -0.02842201056663109376, 0.1274735509144164503 ) ) ;
#346 = CARTESIAN_POINT ( 'NONE',  ( -1.374694790917425857, 1.045173050405514337, 0.1384159584419080713 ) ) ;
#347 = CYLINDRICAL_SURFACE ( 'NONE', #1400, 0.5999999999999998668 ) ;
#348 = CARTESIAN_POINT ( 'NONE',  ( -0.8956298621295938345, 1.154036578377227951, 0.09560345844190808184 ) ) ;
#349 = CARTESIAN_POINT ( 'NONE',  ( -1.324963574971683933, 0.05275623876758069042, 0.06619910991561797631 ) ) ;
#350 = CARTESIAN_POINT ( 'NONE',  ( -1.013859724571285925, 0.5658004866359794827, 0.03554692555714249885 ) ) ;
#351 = CARTESIAN_POINT ( 'NONE',  ( -1.013859724571285925, 0.5658004866359794827, 0.3756034584419081224 ) ) ;
#352 = B_SPLINE_CURVE_WITH_KNOTS ( 'NONE', 3,
 ( #4785, #1333, #8907, #8213, #1289, #4103, #597, #2034, #4147, #5375, #6925, #637, #5426, #9048, #3446, #2079, #2771, #5560, #4878, #7660, #1375, #4188, #681, #6049, #1885, #4692, #1190, #4003 ),
 .UNSPECIFIED., .F., .F.,
 ( 4, 1, 1, 2, 2, 2, 1, 2, 2, 1, 1, 2, 2, 1, 2, 2, 4 ),
 ( 0.000000000000000000, 0.06250000000004142520, 0.09375000000006812606, 0.1093750000000744960, 0.1250000000000808520, 0.2500000000000607847, 0.3750000000000406897, 0.4375000000000360267, 0.5000000000000313083, 0.6250000000000311973, 0.6875000000000311973, 0.7187500000000313083, 0.7500000000000313083, 0.8125000000000314193, 0.8437500000000313083, 0.8750000000000313083, 1.000000000000000000 ),
 .UNSPECIFIED. ) ;
#353 = ADVANCED_FACE ( 'NONE', ( #6779 ), #6235, .F. ) ;
#354 = CARTESIAN_POINT ( 'NONE',  ( -1.023193032021621152, 1.165727890054124360, 0.02493451312940807643 ) ) ;
#355 = ORIENTED_EDGE ( 'NONE', *, *, #2199, .T. ) ;
#356 = EDGE_CURVE ( 'NONE', #2728, #4798, #845, .T. ) ;
#357 = EDGE_LOOP ( 'NONE', ( #3708, #6158, #6175, #726, #4760, #720, #4459, #4238 ) ) ;
#358 = CARTESIAN_POINT ( 'NONE',  ( -1.352855618180680564, 1.060858320775860619, 0.1189724929495267342 ) ) ;
#359 = CARTESIAN_POINT ( 'NONE',  ( -1.182516825351871192, 1.141608588673292957, 0.09566218063076778466 ) ) ;
#360 = CARTESIAN_POINT ( 'NONE',  ( -0.9682595122603246951, 1.164065161176545349, 0.04428348380009402424 ) ) ;
#361 = EDGE_CURVE ( 'NONE', #1081, #5707, #2754, .T. ) ;
#362 = VERTEX_POINT ( 'NONE', #6827 ) ;
#363 = DIRECTION ( 'NONE',  ( -0.000000000000000000, -0.000000000000000000, 1.000000000000000000 ) ) ;
#364 = CYLINDRICAL_SURFACE ( 'NONE', #243, 0.5999999999999998668 ) ;
#365 = CARTESIAN_POINT ( 'NONE',  ( -0.9368693141591638573, 1.160841501373638174, 0.005233275966614643268 ) ) ;
#366 = CARTESIAN_POINT ( 'NONE',  ( -1.164514856745834770, 1.146578457117150451, 0.1081935948000800340 ) ) ;
#367 = EDGE_CURVE ( 'NONE', #2727, #5410, #1934, .T. ) ;
#368 = ORIENTED_EDGE ( 'NONE', *, *, #201, .F. ) ;
#369 = VECTOR ( 'NONE', #1091, 39.37007874015748143 ) ;
#370 = CARTESIAN_POINT ( 'NONE',  ( -0.8680050027869167240, -0.01620165466695614939, 0.1137446477427298680 ) ) ;
#371 = CARTESIAN_POINT ( 'NONE',  ( -0.4833738308388599858, 0.8461301889340037130, 0.1560910506278870014 ) ) ;
#372 = DIRECTION ( 'NONE',  ( -0.000000000000000000, -0.000000000000000000, 1.000000000000000000 ) ) ;
#373 = CARTESIAN_POINT ( 'NONE',  ( -1.273298279840861413, 1.106810626378457174, 0.1158814336967920189 ) ) ;
#374 = DIRECTION ( 'NONE',  ( -0.000000000000000000, -0.000000000000000000, 1.000000000000000000 ) ) ;
#375 = EDGE_LOOP ( 'NONE', ( #2398, #71, #2086, #5020, #4856, #380, #2136, #8889 ) ) ;
#376 = CARTESIAN_POINT ( 'NONE',  ( -0.8589078702092499684, 1.145446864033239143, 0.06071363472395938099 ) ) ;
#377 = DIRECTION ( 'NONE',  ( 1.603864418221765709E-16, 1.000000000000000000, 0.000000000000000000 ) ) ;
#378 = DIRECTION ( 'NONE',  ( 0.000000000000000000, 0.000000000000000000, -1.000000000000000000 ) ) ;
#379 = AXIS2_PLACEMENT_3D ( 'NONE', #7832, #1464, #2348 ) ;
#380 = ORIENTED_EDGE ( 'NONE', *, *, #999, .T. ) ;
#381 = CARTESIAN_POINT ( 'NONE',  ( -0.6988621365837219823, 1.076463313342291173, 0.1150578706439293053 ) ) ;
#382 = CARTESIAN_POINT ( 'NONE',  ( -1.013859724571285925, 0.5658004866359794827, 0.09560345844190808184 ) ) ;
#383 = DATE_AND_TIME ( #8127, #8869 ) ;
#384 = AXIS2_PLACEMENT_3D ( 'NONE', #8073, #417, #459 ) ;
#385 = CARTESIAN_POINT ( 'NONE',  ( -1.297651904367281173, 1.094442140960189214, 0.1563726892111388656 ) ) ;
#386 = CARTESIAN_POINT ( 'NONE',  ( -1.221726236214778050, 1.128642931441096398, 0.1033629148076967152 ) ) ;
#387 = B_SPLINE_CURVE_WITH_KNOTS ( 'NONE', 3,
 ( #4619, #5987, #8874, #8748, #2604, #6718, #3157, #1772, #5399, #8185, #3205, #1856, #4712, #5268, #1210, #2518, #4024, #3938, #6118, #4666, #5310, #2652, #3246, #8001, #5943, #7451, #1730, #6026, #4539, #7319, #1034, #3845, #6630, #345, #4948, #4263, #6256, #4808, #7538, #7679, #1954, #7731, #5485, #7636, #9019, #2838 ),
 .UNSPECIFIED., .F., .F.,
 ( 4, 2, 1, 2, 2, 2, 2, 2, 2, 1, 2, 2, 2, 2, 1, 2, 2, 2, 2, 2, 2, 1, 2, 2, 4 ),
 ( 0.000000000000000000, 0.06250000000000284495, 0.09375000000000313638, 0.1093750000000033029, 0.1250000000000034417, 0.1874999999999998612, 0.2187499999999990008, 0.2499999999999981126, 0.3124999999999978906, 0.3437499999999978351, 0.3593749999999981681, 0.3749999999999985012, 0.5000000000000013323, 0.5625000000000027756, 0.5937500000000035527, 0.6093750000000038858, 0.6250000000000041078, 0.6875000000000059952, 0.7187500000000068834, 0.7500000000000076605, 0.8125000000000082157, 0.8437500000000085487, 0.8593750000000087708, 0.8750000000000091038, 1.000000000000000000 ),
 .UNSPECIFIED. ) ;
#388 = CARTESIAN_POINT ( 'NONE',  ( -1.281963470973310981, 0.02902870724242287079, 0.08989872150847845467 ) ) ;
#389 = CYLINDRICAL_SURFACE ( 'NONE', #1016, 0.5175000000000001821 ) ;
#390 = DIRECTION ( 'NONE',  ( 0.000000000000000000, 0.000000000000000000, 1.000000000000000000 ) ) ;
#391 = CARTESIAN_POINT ( 'NONE',  ( -1.272716172906177334, 0.02448984891572622211, 0.08728396896172098407 ) ) ;
#392 = ORIENTED_EDGE ( 'NONE', *, *, #868, .T. ) ;
#393 = CIRCLE ( 'NONE', #5685, 0.5999999999999998668 ) ;
#394 = CARTESIAN_POINT ( 'NONE',  ( -1.293629802094201420, 0.03501845767354375832, 0.1415732811886278864 ) ) ;
#395 = FACE_OUTER_BOUND ( 'NONE', #2629, .T. ) ;
#396 = CARTESIAN_POINT ( 'NONE',  ( -1.352837146840167426, 1.060870732399581851, 0.1487145046849608909 ) ) ;
#397 = CARTESIAN_POINT ( 'NONE',  ( -1.319681447025050858, 0.04958969972355779104, 0.07657534340625136993 ) ) ;
#398 = VECTOR ( 'NONE', #5917, 39.37007874015748143 ) ;
#399 = VECTOR ( 'NONE', #591, 39.37007874015748854 ) ;
#400 = DIRECTION ( 'NONE',  ( 0.1262153702611731598, 0.9920028630552609750, 0.000000000000000000 ) ) ;
#401 = ORIENTED_EDGE ( 'NONE', *, *, #5351, .F. ) ;
#402 = ORIENTED_EDGE ( 'NONE', *, *, #6596, .F. ) ;
#403 = CARTESIAN_POINT ( 'NONE',  ( -0.5156153977494500884, 0.9000946546824106775, 0.09560345844190808184 ) ) ;
#404 = CARTESIAN_POINT ( 'NONE',  ( -0.9574340411840587262, 1.163141401207408387, 0.05749934859077059784 ) ) ;
#405 = CARTESIAN_POINT ( 'NONE',  ( -0.9681664103305762659, 1.164058058022143127, 0.04047640711981667638 ) ) ;
#406 = VERTEX_POINT ( 'NONE', #8362 ) ;
#407 = DIRECTION ( 'NONE',  ( -0.000000000000000000, -0.000000000000000000, 1.000000000000000000 ) ) ;
#408 = CARTESIAN_POINT ( 'NONE',  ( -0.5789811854916006029, 0.9791776406267821420, 0.1027633455706125909 ) ) ;
#409 = VECTOR ( 'NONE', #8866, 39.37007874015748143 ) ;
#410 = CIRCLE ( 'NONE', #2474, 0.5999999999999997558 ) ;
#411 = CARTESIAN_POINT ( 'NONE',  ( -0.8429615970484484189, -0.009347036928472269093, 0.05828754376571808338 ) ) ;
#412 = DIRECTION ( 'NONE',  ( -0.000000000000000000, -0.000000000000000000, 1.000000000000000000 ) ) ;
#413 = ORIENTED_EDGE ( 'NONE', *, *, #6873, .T. ) ;
#414 = AXIS2_PLACEMENT_3D ( 'NONE', #4415, #5017, #7795 ) ;
#415 = CARTESIAN_POINT ( 'NONE',  ( -1.474588977421597225, 0.5501754866359794827, 0.07119400962301104807 ) ) ;
#416 = CARTESIAN_POINT ( 'NONE',  ( -0.4825599658219235089, 0.8445857426750889019, 0.1562945413424022267 ) ) ;
#417 = DIRECTION ( 'NONE',  ( -0.000000000000000000, -0.000000000000000000, 1.000000000000000000 ) ) ;
#418 = CARTESIAN_POINT ( 'NONE',  ( -1.285636182808643779, 1.100721490087657628, 0.1068098883511880010 ) ) ;
#419 = AXIS2_PLACEMENT_3D ( 'NONE', #2019, #6911, #3534 ) ;
#420 = CARTESIAN_POINT ( 'NONE',  ( -0.8784600398980043634, 1.150323399329507668, 0.02335275585358766171 ) ) ;
#421 = ORIENTED_EDGE ( 'NONE', *, *, #4822, .F. ) ;
#422 = CARTESIAN_POINT ( 'NONE',  ( -1.531359724571285774, 0.5658004866359795937, 0.3756034584419081224 ) ) ;
#423 = CARTESIAN_POINT ( 'NONE',  ( -0.7043662403815608153, 1.079818075887097883, 0.1281873012782939192 ) ) ;
#424 = CIRCLE ( 'NONE', #6290, 0.5999999999999997558 ) ;
#425 = CARTESIAN_POINT ( 'NONE',  ( -0.7811221171936799657, 1.118822372380248398, 0.09560345844190808184 ) ) ;
#426 = ORIENTED_EDGE ( 'NONE', *, *, #2933, .T. ) ;
#427 = CARTESIAN_POINT ( 'NONE',  ( -1.013859724571286147, 0.5658004866359794827, 0.2200356885113051719 ) ) ;
#428 = DIRECTION ( 'NONE',  ( -0.000000000000000000, -0.000000000000000000, 1.000000000000000000 ) ) ;
#429 = PERSON_AND_ORGANIZATION_ROLE ( 'design_supplier' ) ;
#430 = EDGE_LOOP ( 'NONE', ( #3962, #6129, #6390, #3228, #2922 ) ) ;
#431 = B_SPLINE_CURVE_WITH_KNOTS ( 'NONE', 3,
 ( #4759, #6669, #1812, #8135, #7402, #2559, #8833, #6757, #1857, #5400, #3939, #4073, #4620, #3983, #5348, #8238, #8876, #7452, #4667, #4025, #2519, #1168, #5311 ),
 .UNSPECIFIED., .F., .F.,
 ( 4, 1, 1, 1, 1, 2, 2, 1, 1, 2, 2, 1, 2, 2, 4 ),
 ( 0.000000000000000000, 0.2500000000000327516, 0.3750000000000431322, 0.4375000000000482947, 0.4687500000000465183, 0.4843750000000518474, 0.5000000000000571765, 0.6250000000000743849, 0.6875000000000804912, 0.7187500000000750511, 0.7500000000000696110, 0.8125000000000659472, 0.8437500000000603961, 0.8750000000000547340, 1.000000000000000000 ),
 .UNSPECIFIED. ) ;
#432 = FACE_OUTER_BOUND ( 'NONE', #5517, .T. ) ;
#433 = CARTESIAN_POINT ( 'NONE',  ( -1.387408388003555926, 1.035333724344045025, 0.09604121740385022921 ) ) ;
#434 = DIRECTION ( 'NONE',  ( -0.000000000000000000, -0.000000000000000000, 1.000000000000000000 ) ) ;
#435 = CARTESIAN_POINT ( 'NONE',  ( -1.013859724571285925, 0.5658004866359794827, 0.1511940096230103281 ) ) ;
#436 = CARTESIAN_POINT ( 'NONE',  ( -0.5240392164955974819, 0.5658004866359794827, 0.3756034584419081224 ) ) ;
#437 = CARTESIAN_POINT ( 'NONE',  ( -1.283607847627799670, 0.02985650625417895013, 0.1068287859264676065 ) ) ;
#438 = ORIENTED_EDGE ( 'NONE', *, *, #7598, .T. ) ;
#439 = CARTESIAN_POINT ( 'NONE',  ( -1.307548099722984247, 0.04259163829238846177, 0.04083870993232047164 ) ) ;
#440 = CARTESIAN_POINT ( 'NONE',  ( -1.287383334562710147, 0.03177326207362272947, 0.08972327610174883616 ) ) ;
#441 = CARTESIAN_POINT ( 'NONE',  ( -1.169077029955828850, 1.145376538904162578, 0.1264253521275146008 ) ) ;
#442 = DIRECTION ( 'NONE',  ( -0.000000000000000000, -0.000000000000000000, 1.000000000000000000 ) ) ;
#443 = CARTESIAN_POINT ( 'NONE',  ( -1.229070572073657219, 1.125875755295469904, 0.1322303337028441772 ) ) ;
#444 = ORIENTED_EDGE ( 'NONE', *, *, #201, .T. ) ;
#445 = ORIENTED_EDGE ( 'NONE', *, *, #310, .T. ) ;
#446 = CARTESIAN_POINT ( 'NONE',  ( -1.355516586184001282, 1.059025323181213230, 0.1178144874976797402 ) ) ;
#447 = CARTESIAN_POINT ( 'NONE',  ( -1.180570924223763640, 1.142175587762671585, 0.09575837431083317197 ) ) ;
#448 = B_SPLINE_CURVE_WITH_KNOTS ( 'NONE', 3,
 ( #2367, #6339, #7766, #5161, #7935, #832, #5660, #8509, #2186, #1481, #7808, #7116, #4291, #7071, #787, #5881 ),
 .UNSPECIFIED., .F., .F.,
 ( 4, 1, 2, 2, 2, 1, 2, 2, 4 ),
 ( 0.000000000000000000, 0.1250000000000315026, 0.1875000000000465183, 0.2500000000000615619, 0.5000000000001375566, 0.6250000000001756373, 0.6875000000001961764, 0.7500000000002167155, 1.000000000000000000 ),
 .UNSPECIFIED. ) ;
#449 = CARTESIAN_POINT ( 'NONE',  ( -1.249895777589186796, 0.01417834995568767638, 0.1231023796271846354 ) ) ;
#450 = ORIENTED_EDGE ( 'NONE', *, *, #3361, .F. ) ;
#451 = CARTESIAN_POINT ( 'NONE',  ( -0.9596905893178430125, 1.163350711359099288, 0.07969222805740693027 ) ) ;
#452 = CARTESIAN_POINT ( 'NONE',  ( -1.320802186350107155, 0.05024420586824907692, 0.1173086194054253351 ) ) ;
#453 = CARTESIAN_POINT ( 'NONE',  ( -0.9681128341206072241, 1.164053983887209487, 0.05230047852965902938 ) ) ;
#454 = CYLINDRICAL_SURFACE ( 'NONE', #4386, 0.5999999999999998668 ) ;
#455 = VERTEX_POINT ( 'NONE', #2583 ) ;
#456 = DIRECTION ( 'NONE',  ( -0.000000000000000000, -0.000000000000000000, 1.000000000000000000 ) ) ;
#457 = EDGE_CURVE ( 'NONE', #5438, #789, #3194, .T. ) ;
#458 = CARTESIAN_POINT ( 'NONE',  ( -1.309568222041900487, 0.04373106132025347120, 0.1075869325269598331 ) ) ;
#459 = DIRECTION ( 'NONE',  ( 0.3000623662694081872, 0.9539195858922300264, 0.000000000000000000 ) ) ;
#460 = CARTESIAN_POINT ( 'NONE',  ( -1.291231689156014717, 1.097840386218743358, 0.1030078346450771370 ) ) ;
#461 = FACE_OUTER_BOUND ( 'NONE', #4811, .T. ) ;
#462 = ORIENTED_EDGE ( 'NONE', *, *, #2305, .T. ) ;
#463 = EDGE_CURVE ( 'NONE', #6155, #8231, #6692, .T. ) ;
#464 = ADVANCED_FACE ( 'NONE', ( #1977 ), #2721, .T. ) ;
#465 = CARTESIAN_POINT ( 'NONE',  ( -1.382286959803322945, 1.039363340790095958, 0.1246474451358397517 ) ) ;
#466 = ORIENTED_EDGE ( 'NONE', *, *, #3911, .T. ) ;
#467 = CARTESIAN_POINT ( 'NONE',  ( -1.061027527520720604, 1.163943683037766963, 0.1421253050004786800 ) ) ;
#468 = LINE ( 'NONE', #1162, #4664 ) ;
#469 = DIRECTION ( 'NONE',  ( 0.000000000000000000, 0.000000000000000000, 1.000000000000000000 ) ) ;
#470 = EDGE_CURVE ( 'NONE', #1346, #287, #352, .T. ) ;
#471 = CARTESIAN_POINT ( 'NONE',  ( -0.5727599816257915588, 0.9725326058169198040, 0.1444375930572927291 ) ) ;
#472 = EDGE_CURVE ( 'NONE', #1160, #338, #662, .T. ) ;
#473 = EDGE_CURVE ( 'NONE', #233, #1961, #410, .T. ) ;
#474 = CARTESIAN_POINT ( 'NONE',  ( -1.294646108448852972, 1.096044829795094211, 0.1561921696399962145 ) ) ;
#475 = CARTESIAN_POINT ( 'NONE',  ( -1.013859724571285925, 0.5658004866359794827, 0.1479111507496004008 ) ) ;
#476 = DIRECTION ( 'NONE',  ( -0.4015335382505081374, 0.9158443195543813919, 0.000000000000000000 ) ) ;
#477 = CARTESIAN_POINT ( 'NONE',  ( -0.5727710746565390920, 0.9725453579897022083, 0.09769882971613823297 ) ) ;
#478 = CARTESIAN_POINT ( 'NONE',  ( -1.013201454365010079, -0.03420416719503637654, 0.03776648030382920990 ) ) ;
#479 = ORIENTED_EDGE ( 'NONE', *, *, #3735, .T. ) ;
#480 = CARTESIAN_POINT ( 'NONE',  ( -1.296211923307129199, 0.03638807703189749637, 0.04641403015343859018 ) ) ;
#481 = CARTESIAN_POINT ( 'NONE',  ( -0.6790777597462570592, 1.063717182507781800, 0.1556034584419080935 ) ) ;
#482 = LINE ( 'NONE', #7325, #6832 ) ;
#483 = LINE ( 'NONE', #5276, #4098 ) ;
#484 = DIRECTION ( 'NONE',  ( 0.000000000000000000, 1.000000000000000000, 0.000000000000000000 ) ) ;
#485 = ORIENTED_EDGE ( 'NONE', *, *, #159, .T. ) ;
#486 = EDGE_LOOP ( 'NONE', ( #6598, #2399, #6002, #7462, #3430, #8214, #7675, #8244, #8203, #5654, #212, #3971 ) ) ;
#487 = CARTESIAN_POINT ( 'NONE',  ( -0.5212842385780572796, 0.9083964388338969798, 0.1067548020628029948 ) ) ;
#488 = CARTESIAN_POINT ( 'NONE',  ( -0.9443222838255436180, 1.161757607568598694, 0.07719435069855498655 ) ) ;
#489 = DIRECTION ( 'NONE',  ( -0.000000000000000000, -0.000000000000000000, 1.000000000000000000 ) ) ;
#490 = ORIENTED_EDGE ( 'NONE', *, *, #7244, .T. ) ;
#491 = CARTESIAN_POINT ( 'NONE',  ( -0.9508646014825747894, 1.162486235891922792, 0.08544656223013019636 ) ) ;
#492 = CARTESIAN_POINT ( 'NONE',  ( -1.151493716984616000, -0.01821635318087541644, 0.08046345452553883837 ) ) ;
#493 = CARTESIAN_POINT ( 'NONE',  ( -1.131016591348068756, 1.154251222523910103, 0.1556034584419080935 ) ) ;
#494 = CARTESIAN_POINT ( 'NONE',  ( -1.295114497525982955, 1.095796971631072703, 0.1492857724301138167 ) ) ;
#495 = ORIENTED_EDGE ( 'NONE', *, *, #7792, .T. ) ;
#496 = CARTESIAN_POINT ( 'NONE',  ( -1.168686338371889066, 1.145480329013682574, 0.02524239506341917003 ) ) ;
#497 = CARTESIAN_POINT ( 'NONE',  ( -0.8827760592213982349, -0.01970838568500087040, 0.1230074797961446531 ) ) ;
#498 = DIRECTION ( 'NONE',  ( 0.000000000000000000, 0.000000000000000000, 1.000000000000000000 ) ) ;
#499 = VERTEX_POINT ( 'NONE', #857 ) ;
#500 = CARTESIAN_POINT ( 'NONE',  ( -0.9274346717717937283, 1.159543453505710087, 0.05600819197441773284 ) ) ;
#501 = CARTESIAN_POINT ( 'NONE',  ( -1.328475598153155968, 0.05490237255553027940, 0.06149254188995119386 ) ) ;
#502 = CARTESIAN_POINT ( 'NONE',  ( -1.280465150332314117, 1.103314847569000001, 0.1184088558987751588 ) ) ;
#503 = CARTESIAN_POINT ( 'NONE',  ( -1.328317045304260979, 0.05480472137149888096, 0.1104637266041620935 ) ) ;
#504 = ORIENTED_EDGE ( 'NONE', *, *, #2522, .T. ) ;
#505 = VERTEX_POINT ( 'NONE', #2105 ) ;
#506 = CARTESIAN_POINT ( 'NONE',  ( -0.6784041824661567466, 1.063263662423974631, 0.1642925830315790925 ) ) ;
#507 = ORIENTED_EDGE ( 'NONE', *, *, #3179, .T. ) ;
#508 = AXIS2_PLACEMENT_3D ( 'NONE', #305, #7019, #8703 ) ;
#509 = AXIS2_PLACEMENT_3D ( 'NONE', #4830, #2118, #9039 ) ;
#510 = CARTESIAN_POINT ( 'NONE',  ( -1.062322247813671350, 1.163840103919802305, 0.1386082661342157851 ) ) ;
#511 = CARTESIAN_POINT ( 'NONE',  ( -1.436480585802737187, 0.9917014941616478785, 0.1094300935954187620 ) ) ;
#512 = EDGE_CURVE ( 'NONE', #6487, #3257, #672, .T. ) ;
#513 = B_SPLINE_CURVE_WITH_KNOTS ( 'NONE', 3,
 ( #1783, #7464, #6814, #6039, #7373, #8106, #5956, #8942, #3297, #404, #8200, #1872, #3349, #1274, #4728, #1824, #2620, #2571, #4635, #3219, #6132, #2665, #1224, #5455, #4680, #1180, #8807, #2531, #1136, #6769, #6643, #3952, #488, #6083, #7504 ),
 .UNSPECIFIED., .F., .F.,
 ( 4, 1, 1, 1, 1, 2, 2, 1, 1, 1, 2, 2, 1, 2, 2, 2, 2, 2, 1, 2, 2, 4 ),
 ( 0.000000000000000000, 0.1250000000000135170, 0.1875000000000203171, 0.2187500000000233702, 0.2343750000000248412, 0.2421875000000247025, 0.2500000000000245359, 0.3750000000000213718, 0.4375000000000194289, 0.4687500000000183187, 0.4843750000000174305, 0.5000000000000164313, 0.5625000000000074385, 0.5937500000000025535, 0.6249999999999977796, 0.7499999999999795719, 0.8124999999999705791, 0.8749999999999615863, 0.9062499999999615863, 0.9218749999999609201, 0.9374999999999602540, 1.000000000000000000 ),
 .UNSPECIFIED. ) ;
#514 = VERTEX_POINT ( 'NONE', #7785 ) ;
#515 = VECTOR ( 'NONE', #7691, 39.37007874015748143 ) ;
#516 = CARTESIAN_POINT ( 'NONE',  ( -1.382225701058967582, 1.039411486044077959, 0.09827023260809522598 ) ) ;
#517 = CARTESIAN_POINT ( 'NONE',  ( -1.013859724571285925, 0.5658004866359794827, 0.06503903640464567260 ) ) ;
#518 = CARTESIAN_POINT ( 'NONE',  ( -0.7811221171936799657, 1.118822372380248398, 0.1556034584419080935 ) ) ;
#519 = CARTESIAN_POINT ( 'NONE',  ( -0.8076071694640251097, 1.129236271363685873, 0.1025265353649850164 ) ) ;
#520 = CARTESIAN_POINT ( 'NONE',  ( -0.8924583909299292905, 1.153390238240021626, 0.06071363472395938099 ) ) ;
#521 = CARTESIAN_POINT ( 'NONE',  ( -1.527859724571286160, 0.5658004866359794827, -0.07439654155809191649 ) ) ;
#522 = EDGE_LOOP ( 'NONE', ( #1649, #1359 ) ) ;
#523 = CARTESIAN_POINT ( 'NONE',  ( -1.303471438343940747, 0.04032332951698813089, 0.04228651751462460945 ) ) ;
#524 = DIRECTION ( 'NONE',  ( 0.000000000000000000, 0.000000000000000000, 1.000000000000000000 ) ) ;
#525 = CARTESIAN_POINT ( 'NONE',  ( -0.8946865583702271474, -0.02225443565187129255, 0.1223712429162191334 ) ) ;
#526 = EDGE_CURVE ( 'NONE', #5764, #6893, #3787, .T. ) ;
#527 = VECTOR ( 'NONE', #5429, 39.37007874015748143 ) ;
#528 = ORIENTED_EDGE ( 'NONE', *, *, #6792, .T. ) ;
#529 = ORIENTED_EDGE ( 'NONE', *, *, #2507, .F. ) ;
#530 = CARTESIAN_POINT ( 'NONE',  ( -1.312968001053455458, 1.085930068720044384, 0.1121837357621168485 ) ) ;
#531 = ORIENTED_EDGE ( 'NONE', *, *, #2505, .T. ) ;
#532 = ORIENTED_EDGE ( 'NONE', *, *, #512, .F. ) ;
#533 = AXIS2_PLACEMENT_3D ( 'NONE', #6360, #3478, #4407 ) ;
#534 = AXIS2_PLACEMENT_3D ( 'NONE', #4859, #8979, #6169 ) ;
#535 = CARTESIAN_POINT ( 'NONE',  ( -1.355090093646137417, 0.07228047627211853232, 0.1219592445282069310 ) ) ;
#536 = CARTESIAN_POINT ( 'NONE',  ( -1.447123142832666520, 0.9808763699856886120, 0.1494496122880619726 ) ) ;
#537 = CARTESIAN_POINT ( 'NONE',  ( -1.338105991047980670, 0.06095910393690237572, 0.1464546071301595087 ) ) ;
#538 = ORIENTED_EDGE ( 'NONE', *, *, #4527, .T. ) ;
#539 = CARTESIAN_POINT ( 'NONE',  ( -0.9571243021125434014, 1.163112154241543461, 0.08205330182955666851 ) ) ;
#540 = CARTESIAN_POINT ( 'NONE',  ( -1.175902801080963567, 1.143504641930140231, 0.1043530868832036884 ) ) ;
#541 = AXIS2_PLACEMENT_3D ( 'NONE', #2506, #5298, #4609 ) ;
#542 = CARTESIAN_POINT ( 'NONE',  ( -0.9677216124949572507, 1.164023926758612104, 0.05694829850646501712 ) ) ;
#543 = VECTOR ( 'NONE', #8096, 39.37007874015748143 ) ;
#544 = ADVANCED_FACE ( 'NONE', ( #4310, #3529 ), #7048, .T. ) ;
#545 = CARTESIAN_POINT ( 'NONE',  ( -1.279969021257622908, 1.103560522670147481, 0.1289503783417678684 ) ) ;
#546 = VERTEX_POINT ( 'NONE', #5587 ) ;
#547 = CARTESIAN_POINT ( 'NONE',  ( -1.013859724571285925, 0.5658004866359794827, 0.1217573045957542482 ) ) ;
#548 = EDGE_CURVE ( 'NONE', #5641, #2307, #2893, .T. ) ;
#549 = VECTOR ( 'NONE', #8882, 39.37007874015748143 ) ;
#550 = CARTESIAN_POINT ( 'NONE',  ( -1.254373016090030601, 0.01611545958326246475, 0.1019922640249374818 ) ) ;
#551 = CARTESIAN_POINT ( 'NONE',  ( -1.349767166024301579, 1.062958713870501226, 0.1281612998300556971 ) ) ;
#552 = EDGE_LOOP ( 'NONE', ( #3795, #6555, #3532, #2689 ) ) ;
#553 = CARTESIAN_POINT ( 'NONE',  ( -0.5738576026563103616, 0.9737198003554646819, 0.1458173431825388056 ) ) ;
#554 = B_SPLINE_CURVE_WITH_KNOTS ( 'NONE', 3,
 ( #7047, #3571, #176, #5086 ),
 .UNSPECIFIED., .F., .F.,
 ( 4, 4 ),
 ( 0.000000000000000000, 2.110276125006135159E-07 ),
 .UNSPECIFIED. ) ;
#555 = CARTESIAN_POINT ( 'NONE',  ( -1.228162874316992337, 1.126223686572181526, 0.1150578706438492999 ) ) ;
#556 = CARTESIAN_POINT ( 'NONE',  ( -1.294402331720000632, 1.096173916299618467, 0.1020587298997193415 ) ) ;
#557 = CARTESIAN_POINT ( 'NONE',  ( -1.329862204000276771, 0.05575888557762082032, 0.1124025865988792089 ) ) ;
#558 = ORIENTED_EDGE ( 'NONE', *, *, #2905, .F. ) ;
#559 = AXIS2_PLACEMENT_3D ( 'NONE', #1625, #3739, #5294 ) ;
#560 = ORIENTED_EDGE ( 'NONE', *, *, #3295, .F. ) ;
#561 = FACE_OUTER_BOUND ( 'NONE', #5604, .T. ) ;
#562 = CIRCLE ( 'NONE', #3214, 0.5999999999999998668 ) ;
#563 = ORIENTED_EDGE ( 'NONE', *, *, #6792, .F. ) ;
#564 = DIRECTION ( 'NONE',  ( -0.000000000000000000, -0.000000000000000000, 1.000000000000000000 ) ) ;
#565 = CARTESIAN_POINT ( 'NONE',  ( -0.7896573529555229731, 1.122337364625091150, 0.09560345844190808184 ) ) ;
#566 = EDGE_LOOP ( 'NONE', ( #191, #689, #4154, #8935 ) ) ;
#567 = AXIS2_PLACEMENT_3D ( 'NONE', #55, #8953, #2864 ) ;
#568 = CARTESIAN_POINT ( 'NONE',  ( -0.5721883325395762387, 0.9719119221816432397, 0.1434521455381999600 ) ) ;
#569 = CARTESIAN_POINT ( 'NONE',  ( -1.141594425601448526, -0.02044506443689197289, 0.03554692555714249885 ) ) ;
#570 = CARTESIAN_POINT ( 'NONE',  ( -1.013859724571285925, 0.5658004866359794827, 0.04100553047936803669 ) ) ;
#571 = CARTESIAN_POINT ( 'NONE',  ( -1.386699715878773276, 1.035897163992320014, 0.1479958525562517779 ) ) ;
#572 = CARTESIAN_POINT ( 'NONE',  ( -0.5576962662673914384, 0.9555631058136413447, 0.1309880738265234712 ) ) ;
#573 = VERTEX_POINT ( 'NONE', #7913 ) ;
#574 = CARTESIAN_POINT ( 'NONE',  ( -1.013859724571285925, 0.5658004866359794827, 0.2556034584419079603 ) ) ;
#575 = CARTESIAN_POINT ( 'NONE',  ( -1.013859724571285925, 0.5658004866359794827, 0.2856034584419079869 ) ) ;
#576 = CARTESIAN_POINT ( 'NONE',  ( -0.9109774671779897748, -0.02531308121278085313, 0.1012311046080471150 ) ) ;
#577 = AXIS2_PLACEMENT_3D ( 'NONE', #3982, #4580, #2558 ) ;
#578 = ORIENTED_EDGE ( 'NONE', *, *, #1894, .T. ) ;
#579 = CARTESIAN_POINT ( 'NONE',  ( -1.300841881375412790, 1.092717755341684249, 0.1020555260930951086 ) ) ;
#580 = EDGE_LOOP ( 'NONE', ( #4246, #9049, #8188, #1916, #4769, #462 ) ) ;
#581 = ORIENTED_EDGE ( 'NONE', *, *, #6206, .T. ) ;
#582 = EDGE_CURVE ( 'NONE', #2142, #5990, #4576, .T. ) ;
#583 = ADVANCED_FACE ( 'NONE', ( #342 ), #4405, .T. ) ;
#584 = CARTESIAN_POINT ( 'NONE',  ( -0.5733842591810509592, 0.9732087714581767468, 0.1059530887969365731 ) ) ;
#585 = FACE_OUTER_BOUND ( 'NONE', #9068, .T. ) ;
#586 = CARTESIAN_POINT ( 'NONE',  ( -1.387473807824331162, 1.035281989886682963, 0.1284784036011961672 ) ) ;
#587 = EDGE_LOOP ( 'NONE', ( #2659, #8470, #1814, #93, #5724 ) ) ;
#588 = CARTESIAN_POINT ( 'NONE',  ( -0.9449525212208103042, 1.161831512331079397, 0.08653517567717400327 ) ) ;
#589 = DIRECTION ( 'NONE',  ( -0.04873997849545724098, -0.9988115009831746161, 0.000000000000000000 ) ) ;
#590 = CARTESIAN_POINT ( 'NONE',  ( -0.8373712298741643467, -0.007655620667341293470, 0.07104807708132195032 ) ) ;
#591 = DIRECTION ( 'NONE',  ( 0.7071067811865378028, 8.659560562354814529E-17, -0.7071067811865571207 ) ) ;
#592 = EDGE_CURVE ( 'NONE', #5797, #6671, #2614, .T. ) ;
#593 = VERTEX_POINT ( 'NONE', #3883 ) ;
#594 = CARTESIAN_POINT ( 'NONE',  ( -1.013859724571285925, 0.5658004866359794827, 0.3756034584419081224 ) ) ;
#595 = CARTESIAN_POINT ( 'NONE',  ( -1.013859724571285925, 0.5658004866359794827, 0.08560345844190808684 ) ) ;
#596 = CARTESIAN_POINT ( 'NONE',  ( -1.376580598405479083, 1.043747731701370363, 0.1122241608279685582 ) ) ;
#597 = CARTESIAN_POINT ( 'NONE',  ( -1.019943975191266006, 1.165769652997822314, 0.02321871523966558340 ) ) ;
#598 = ORIENTED_EDGE ( 'NONE', *, *, #4730, .T. ) ;
#599 = CARTESIAN_POINT ( 'NONE',  ( -0.5727599816257915588, 0.9725326058169198040, 0.1444375930572927291 ) ) ;
#600 = CARTESIAN_POINT ( 'NONE',  ( -1.531123786124957142, 0.5501754866359794827, 0.09619400962301105640 ) ) ;
#601 = FACE_OUTER_BOUND ( 'NONE', #6070, .T. ) ;
#602 = ORIENTED_EDGE ( 'NONE', *, *, #2264, .T. ) ;
#603 = ORIENTED_EDGE ( 'NONE', *, *, #642, .F. ) ;
#604 = CARTESIAN_POINT ( 'NONE',  ( -0.5171474135202532851, 0.9023667951850409263, 0.1556034584419080935 ) ) ;
#605 = VERTEX_POINT ( 'NONE', #8569 ) ;
#606 = CARTESIAN_POINT ( 'NONE',  ( -1.063615969098856917, 1.163733857615148359, 0.1556034584419080935 ) ) ;
#607 = DIRECTION ( 'NONE',  ( 1.000000000000000000, 0.000000000000000000, 0.000000000000000000 ) ) ;
#608 = VERTEX_POINT ( 'NONE', #3153 ) ;
#609 = CARTESIAN_POINT ( 'NONE',  ( -0.5693200631409032209, 0.9687701180918444344, 0.1334340045102758443 ) ) ;
#610 = CARTESIAN_POINT ( 'NONE',  ( -1.272539234893577564, 1.107173658900095337, 0.1307277995389150294 ) ) ;
#611 = CARTESIAN_POINT ( 'NONE',  ( -1.221211709894837405, 1.128832733813156297, 0.1189103264498748286 ) ) ;
#612 = DIRECTION ( 'NONE',  ( -0.000000000000000000, -0.000000000000000000, 1.000000000000000000 ) ) ;
#613 = CARTESIAN_POINT ( 'NONE',  ( -1.317070267004584627, 0.04805139126757906887, 0.1161286398168278611 ) ) ;
#614 = ORIENTED_EDGE ( 'NONE', *, *, #5100, .T. ) ;
#615 = CARTESIAN_POINT ( 'NONE',  ( -1.344295827171744673, 1.066611999969307556, 0.1299905532130878338 ) ) ;
#616 = CARTESIAN_POINT ( 'NONE',  ( -1.409310487828653313, 1.017041767813982256, 0.1556034584419080935 ) ) ;
#617 = CARTESIAN_POINT ( 'NONE',  ( -1.180168070281562231, 1.142291218075645931, 0.1307688898399221311 ) ) ;
#618 = B_SPLINE_CURVE_WITH_KNOTS ( 'NONE', 3,
 ( #6376, #1119, #6796, #7400, #5397, #3283, #8091, #5345, #388, #6066, #3330 ),
 .UNSPECIFIED., .F., .F.,
 ( 4, 2, 1, 2, 2, 4 ),
 ( 0.000000000000000000, 0.2500000000000500711, 0.3750000000000739409, 0.4375000000000780487, 0.5000000000000821565, 1.000000000000000000 ),
 .UNSPECIFIED. ) ;
#619 = ORIENTED_EDGE ( 'NONE', *, *, #5566, .F. ) ;
#620 = B_SPLINE_CURVE_WITH_KNOTS ( 'NONE', 3,
 ( #7148, #867, #3683, #6594, #2435, #4626, #7410, #6636, #3212, #1128, #3854, #3947 ),
 .UNSPECIFIED., .F., .F.,
 ( 4, 2, 1, 1, 2, 2, 4 ),
 ( 0.000000000000000000, 0.2500000000000313638, 0.3750000000000636158, 0.4375000000000804357, 0.4687500000000883182, 0.5000000000000962563, 1.000000000000000000 ),
 .UNSPECIFIED. ) ;
#621 = CARTESIAN_POINT ( 'NONE',  ( -1.297577773140335289, 1.094481930339246345, 0.1017573045957542444 ) ) ;
#622 = ORIENTED_EDGE ( 'NONE', *, *, #3846, .T. ) ;
#623 = ORIENTED_EDGE ( 'NONE', *, *, #1706, .T. ) ;
#624 = PLANE ( 'NONE',  #7756 ) ;
#625 = CARTESIAN_POINT ( 'NONE',  ( -0.9069632587800101620, 1.156201321324866527, 0.09560345844190808184 ) ) ;
#626 = CARTESIAN_POINT ( 'NONE',  ( -1.381513785777731540, 1.039963445535422526, 0.1363715717147863382 ) ) ;
#627 = VERTEX_POINT ( 'NONE', #7954 ) ;
#628 = CARTESIAN_POINT ( 'NONE',  ( -0.9571086447610790415, 1.163110556946635121, 0.03174399361977740114 ) ) ;
#629 = CARTESIAN_POINT ( 'NONE',  ( -1.173207693129898033, 1.144253825461009066, 0.1078664420638033999 ) ) ;
#630 = CARTESIAN_POINT ( 'NONE',  ( -0.8720433950278044799, -0.01723548002010134861, 0.03613603248612145408 ) ) ;
#631 = EDGE_CURVE ( 'NONE', #505, #3222, #3932, .T. ) ;
#632 = CARTESIAN_POINT ( 'NONE',  ( -1.443943319275835080, 0.9842394384126350593, 0.1156034584419081412 ) ) ;
#633 = ORIENTED_EDGE ( 'NONE', *, *, #8329, .F. ) ;
#634 = CARTESIAN_POINT ( 'NONE',  ( -1.306613524845415597, 0.04206846936963448691, 0.1133050350098009362 ) ) ;
#635 = CARTESIAN_POINT ( 'NONE',  ( -1.289676296271221378, 0.03295360865874382567, 0.04660637434765611126 ) ) ;
#636 = CARTESIAN_POINT ( 'NONE',  ( -1.249967015916514157, 0.01420667393653139710, 0.1005269736466255226 ) ) ;
#637 = CARTESIAN_POINT ( 'NONE',  ( -1.012365266322292179, 1.165798825686634732, 0.01814735956959663554 ) ) ;
#638 = ORIENTED_EDGE ( 'NONE', *, *, #1811, .T. ) ;
#639 = CARTESIAN_POINT ( 'NONE',  ( -1.437855166756270453, 0.9903330118991909847, 0.1136082661342157907 ) ) ;
#640 = DIRECTION ( 'NONE',  ( -1.000000000000000000, 0.000000000000000000, 0.000000000000000000 ) ) ;
#641 = CARTESIAN_POINT ( 'NONE',  ( -0.6914455014777267650, 1.071813434746414995, 0.1090090833871001919 ) ) ;
#642 = EDGE_CURVE ( 'NONE', #6730, #2041, #9057, .T. ) ;
#643 = CARTESIAN_POINT ( 'NONE',  ( -0.6926895073998990959, 1.072614513872446773, 0.1445617917752414494 ) ) ;
#644 = ORIENTED_EDGE ( 'NONE', *, *, #7823, .F. ) ;
#645 = ORIENTED_EDGE ( 'NONE', *, *, #6693, .T. ) ;
#646 = FACE_OUTER_BOUND ( 'NONE', #8846, .T. ) ;
#647 = EDGE_LOOP ( 'NONE', ( #2363, #3671, #736, #1381 ) ) ;
#648 = CARTESIAN_POINT ( 'NONE',  ( -1.078571096582677580, 1.162300644500504410, 0.09560345844190808184 ) ) ;
#649 = ORIENTED_EDGE ( 'NONE', *, *, #5586, .T. ) ;
#650 = EDGE_LOOP ( 'NONE', ( #4394, #649, #6785, #4349 ) ) ;
#651 = LINE ( 'NONE', #4895, #6251 ) ;
#652 = CARTESIAN_POINT ( 'NONE',  ( -1.285800701758231579, 1.100635874255392332, 0.1532787570270595645 ) ) ;
#653 = CARTESIAN_POINT ( 'NONE',  ( -1.224712398218194664, 1.127531390110466214, 0.1237476853820895367 ) ) ;
#654 = CIRCLE ( 'NONE', #6231, 0.5999999999999997558 ) ;
#655 = CARTESIAN_POINT ( 'NONE',  ( -0.9524380538683238084, 1.162648952431308613, 0.01854079048906765587 ) ) ;
#656 = CARTESIAN_POINT ( 'NONE',  ( -1.257903244047664071, 0.01757991382628053961, 0.1405528562470806098 ) ) ;
#657 = ORIENTED_EDGE ( 'NONE', *, *, #8827, .F. ) ;
#658 = CARTESIAN_POINT ( 'NONE',  ( -1.295554447077902793, 0.03603774361881468408, 0.09683388481355111044 ) ) ;
#659 = CARTESIAN_POINT ( 'NONE',  ( -1.013859724571285925, 0.5658004866359794827, 0.2706034573935184873 ) ) ;
#660 = AXIS2_PLACEMENT_3D ( 'NONE', #877, #7802, #152 ) ;
#661 = VERTEX_POINT ( 'NONE', #5775 ) ;
#662 = LINE ( 'NONE', #3573, #5699 ) ;
#663 = DIRECTION ( 'NONE',  ( -0.000000000000000000, -0.000000000000000000, 1.000000000000000000 ) ) ;
#664 = ORIENTED_EDGE ( 'NONE', *, *, #5586, .F. ) ;
#665 = ORIENTED_EDGE ( 'NONE', *, *, #2843, .T. ) ;
#666 = CARTESIAN_POINT ( 'NONE',  ( -0.7125338730454527925, 1.084647989474946117, 0.1289568238265234867 ) ) ;
#667 = DIRECTION ( 'NONE',  ( 2.678332138011547403E-34, -1.000000000000000000, 0.000000000000000000 ) ) ;
#668 = CARTESIAN_POINT ( 'NONE',  ( -1.359506460162933417, 0.07536349394156405257, 0.1213818440220120060 ) ) ;
#669 = LINE ( 'NONE', #3485, #686 ) ;
#670 = CARTESIAN_POINT ( 'NONE',  ( -0.4806704913351032560, 0.8409536673427274733, 0.09571745571091876126 ) ) ;
#671 = FACE_BOUND ( 'NONE', #7727, .T. ) ;
#672 = B_SPLINE_CURVE_WITH_KNOTS ( 'NONE', 3,
 ( #8343, #2846, #5049, #718, #7828, #6359, #8482, #3477, #3675, #2210, #4904, #4956, #82, #6458, #7738, #1401, #177, #2059, #1458, #4861, #5009, #5687, #7685 ),
 .UNSPECIFIED., .F., .F.,
 ( 4, 2, 1, 1, 2, 2, 2, 1, 2, 2, 2, 2, 4 ),
 ( 0.000000000000000000, 0.1250000000000578704, 0.1875000000000944245, 0.2187500000001130485, 0.2343750000001138534, 0.2500000000001146860, 0.3750000000001200151, 0.4375000000001227907, 0.4687500000001238454, 0.5000000000001249001, 0.6250000000000932587, 0.7500000000000616174, 1.000000000000000000 ),
 .UNSPECIFIED. ) ;
#673 = CARTESIAN_POINT ( 'NONE',  ( -0.8470271506899492708, -0.01054009650039762144, 0.05249179737128294859 ) ) ;
#674 = VECTOR ( 'NONE', #5137, 39.37007874015748143 ) ;
#675 = DIRECTION ( 'NONE',  ( 0.000000000000000000, 0.000000000000000000, 1.000000000000000000 ) ) ;
#676 = VERTEX_POINT ( 'NONE', #3842 ) ;
#677 = CARTESIAN_POINT ( 'NONE',  ( -0.5215405071045916552, 0.9087630339339306529, 0.1146534877401553382 ) ) ;
#678 = CARTESIAN_POINT ( 'NONE',  ( -1.422421942278358387, 1.005211561603778225, 0.1494496122880619726 ) ) ;
#679 = DIRECTION ( 'NONE',  ( -0.000000000000000000, -0.000000000000000000, 1.000000000000000000 ) ) ;
#680 = EDGE_CURVE ( 'NONE', #1259, #9043, #1447, .T. ) ;
#681 = CARTESIAN_POINT ( 'NONE',  ( -1.003410071532418790, 1.165709509127699661, 0.008992130009512275604 ) ) ;
#682 = ORIENTED_EDGE ( 'NONE', *, *, #4182, .T. ) ;
#683 = CARTESIAN_POINT ( 'NONE',  ( -1.253124299461077173, 0.01557073706497368731, 0.1173951748761609404 ) ) ;
#684 = CARTESIAN_POINT ( 'NONE',  ( -0.4908516873157669491, 0.8598457094460196792, 0.1249554091065225997 ) ) ;
#685 = AXIS2_PLACEMENT_3D ( 'NONE', #8131, #4259, #7040 ) ;
#686 = VECTOR ( 'NONE', #6275, 39.37007874015748143 ) ;
#687 = CARTESIAN_POINT ( 'NONE',  ( -1.234679499904832056, 1.123688133767229314, 0.1279111507496004108 ) ) ;
#688 = DIRECTION ( 'NONE',  ( 0.000000000000000000, 0.000000000000000000, -1.000000000000000000 ) ) ;
#689 = ORIENTED_EDGE ( 'NONE', *, *, #7315, .T. ) ;
#690 = VERTEX_POINT ( 'NONE', #7665 ) ;
#691 = CIRCLE ( 'NONE', #6696, 0.5999999999999998668 ) ;
#692 = VECTOR ( 'NONE', #469, 39.37007874015748143 ) ;
#693 = EDGE_CURVE ( 'NONE', #6397, #789, #8410, .T. ) ;
#694 = CARTESIAN_POINT ( 'NONE',  ( -1.004568845862710003, -0.03412758736723370268, 0.1137874056701452391 ) ) ;
#695 = ADVANCED_FACE ( 'NONE', ( #3453 ), #7432, .T. ) ;
#696 = EDGE_CURVE ( 'NONE', #5916, #2099, #7446, .T. ) ;
#697 = DIRECTION ( 'NONE',  ( -0.1230343971926152052, 0.9924024068428340950, 0.000000000000000000 ) ) ;
#698 = ORIENTED_EDGE ( 'NONE', *, *, #3096, .F. ) ;
#699 = CYLINDRICAL_SURFACE ( 'NONE', #701, 0.5999999999999998668 ) ;
#700 = VERTEX_POINT ( 'NONE', #6752 ) ;
#701 = AXIS2_PLACEMENT_3D ( 'NONE', #5800, #929, #7252 ) ;
#702 = CARTESIAN_POINT ( 'NONE',  ( -1.258700276997746004, 0.01802945391165702155, 0.07555611396993626439 ) ) ;
#703 = AXIS2_PLACEMENT_3D ( 'NONE', #6184, #1516, #4972 ) ;
#704 = ORIENTED_EDGE ( 'NONE', *, *, #2873, .F. ) ;
#705 = VERTEX_POINT ( 'NONE', #3280 ) ;
#706 = CARTESIAN_POINT ( 'NONE',  ( -1.332873098408109636, 0.05763666726938300455, 0.08044508436296068932 ) ) ;
#707 = CARTESIAN_POINT ( 'NONE',  ( -1.348252171258018217, 1.063978859910914787, 0.1494496122880619449 ) ) ;
#708 = EDGE_CURVE ( 'NONE', #9029, #5853, #1729, .T. ) ;
#709 = CIRCLE ( 'NONE', #143, 0.5999999999999997558 ) ;
#710 = DIRECTION ( 'NONE',  ( -0.3080956755203744235, 0.9513553777246671617, 0.000000000000000000 ) ) ;
#711 = CARTESIAN_POINT ( 'NONE',  ( -1.043103711668560196, -0.03348641395392520925, 0.1404266281101961555 ) ) ;
#712 = CARTESIAN_POINT ( 'NONE',  ( -1.521119134907851445, 0.5501754866359794827, 0.07119400962301104807 ) ) ;
#713 = B_SPLINE_CURVE_WITH_KNOTS ( 'NONE', 3,
 ( #5989, #8666, #269, #6028 ),
 .UNSPECIFIED., .F., .F.,
 ( 4, 4 ),
 ( 0.000000000000000000, 2.110276125018404960E-07 ),
 .UNSPECIFIED. ) ;
#714 = ORIENTED_EDGE ( 'NONE', *, *, #6786, .F. ) ;
#715 = CARTESIAN_POINT ( 'NONE',  ( -1.390151706983527635, 1.033138036505657498, 0.1486404122328780497 ) ) ;
#716 = PLANE ( 'NONE',  #534 ) ;
#717 = CIRCLE ( 'NONE', #3512, 0.5174999999999999600 ) ;
#718 = CARTESIAN_POINT ( 'NONE',  ( -1.305096490176047563, 0.04122264263867249368, 0.09558530349748863009 ) ) ;
#719 = DIRECTION ( 'NONE',  ( -0.08292707421261839851, 0.9965556182986150535, 0.000000000000000000 ) ) ;
#720 = ORIENTED_EDGE ( 'NONE', *, *, #2684, .T. ) ;
#721 = VERTEX_POINT ( 'NONE', #3201 ) ;
#722 = CARTESIAN_POINT ( 'NONE',  ( -1.366655503247677705, 1.051120111778130806, 0.1112645161342157990 ) ) ;
#723 = CARTESIAN_POINT ( 'NONE',  ( -1.234595854761012523, 1.123723676550684614, 0.1027960316440338223 ) ) ;
#724 = CIRCLE ( 'NONE', #2358, 0.5074999999999999512 ) ;
#725 = CARTESIAN_POINT ( 'NONE',  ( -1.356938944217699117, 0.07356411145957306164, 0.1090492052548699964 ) ) ;
#726 = ORIENTED_EDGE ( 'NONE', *, *, #6582, .F. ) ;
#727 = CARTESIAN_POINT ( 'NONE',  ( -0.4730938683606715212, 0.8257471903211791586, 0.1260121122880619449 ) ) ;
#728 = DIRECTION ( 'NONE',  ( -0.000000000000000000, -0.000000000000000000, 1.000000000000000000 ) ) ;
#729 = CARTESIAN_POINT ( 'NONE',  ( -1.287798903931339778, 1.099620654814422505, 0.1048692447107994752 ) ) ;
#730 = CARTESIAN_POINT ( 'NONE',  ( -1.359751214395451102, 1.056064780325221220, 0.1113247453399428960 ) ) ;
#731 = CARTESIAN_POINT ( 'NONE',  ( -1.013859724571285925, 0.5658004866359794827, 0.3756034584419081224 ) ) ;
#732 = VERTEX_POINT ( 'NONE', #2514 ) ;
#733 = CARTESIAN_POINT ( 'NONE',  ( -1.013859724571285925, 0.5658004866359794827, 0.1209880738265234762 ) ) ;
#734 = CYLINDRICAL_SURFACE ( 'NONE', #567, 0.5999999999999998668 ) ;
#735 = CARTESIAN_POINT ( 'NONE',  ( -1.342982689896665915, 1.067476712746688650, 0.1031480869839057346 ) ) ;
#736 = ORIENTED_EDGE ( 'NONE', *, *, #8263, .T. ) ;
#737 = ORIENTED_EDGE ( 'NONE', *, *, #1192, .F. ) ;
#738 = CARTESIAN_POINT ( 'NONE',  ( -1.358816572090090435, 1.056726168702054824, 0.1540619379033851544 ) ) ;
#739 = DIRECTION ( 'NONE',  ( 0.000000000000000000, -1.000000000000000000, 0.000000000000000000 ) ) ;
#740 = DIRECTION ( 'NONE',  ( 0.000000000000000000, 1.000000000000000000, 0.000000000000000000 ) ) ;
#741 = CARTESIAN_POINT ( 'NONE',  ( -1.198959453258168883, -0.004934206930166126423, 0.1041621494231820821 ) ) ;
#742 = EDGE_LOOP ( 'NONE', ( #1482, #6908, #1753, #5511, #638, #28, #3479, #8797, #1491, #3585, #8338, #112, #3266, #1846 ) ) ;
#743 = ORIENTED_EDGE ( 'NONE', *, *, #1485, .T. ) ;
#744 = CARTESIAN_POINT ( 'NONE',  ( -1.004240391003712318, -0.03412242093067677229, 0.1130723630346622682 ) ) ;
#745 = CYLINDRICAL_SURFACE ( 'NONE', #9041, 0.5040000000000000036 ) ;
#746 = EDGE_CURVE ( 'NONE', #1081, #1132, #4931, .T. ) ;
#747 = ORIENTED_EDGE ( 'NONE', *, *, #8508, .F. ) ;
#748 = CARTESIAN_POINT ( 'NONE',  ( -1.180413220286119280, 1.142220462814329318, 0.1236835284907488036 ) ) ;
#749 = VERTEX_POINT ( 'NONE', #6930 ) ;
#750 = CARTESIAN_POINT ( 'NONE',  ( -1.155573763328127335, 1.148967755760660125, 0.02483188581807109843 ) ) ;
#751 = ORIENTED_EDGE ( 'NONE', *, *, #5347, .T. ) ;
#752 = ADVANCED_FACE ( 'NONE', ( #3243 ), #3933, .T. ) ;
#753 = EDGE_CURVE ( 'NONE', #3413, #4425, #3654, .T. ) ;
#754 = ADVANCED_FACE ( 'NONE', ( #432 ), #1866, .T. ) ;
#755 = ORIENTED_EDGE ( 'NONE', *, *, #7838, .T. ) ;
#756 = DIRECTION ( 'NONE',  ( 0.000000000000000000, 0.000000000000000000, 1.000000000000000000 ) ) ;
#757 = CARTESIAN_POINT ( 'NONE',  ( -1.170236405518205736, -0.01346312663178397991, 0.04100553047936803669 ) ) ;
#758 = CARTESIAN_POINT ( 'NONE',  ( -1.220231400541340605, 1.129192685297337295, 0.1159915018653433771 ) ) ;
#759 = CARTESIAN_POINT ( 'NONE',  ( -0.5576962662673914384, 0.9555631058136412337, 0.1386803815188311639 ) ) ;
#760 = CARTESIAN_POINT ( 'NONE',  ( -1.271251164687210222, 0.02381369216866961042, 0.1352318769631451478 ) ) ;
#761 = ORIENTED_EDGE ( 'NONE', *, *, #8625, .F. ) ;
#762 = DIRECTION ( 'NONE',  ( -0.000000000000000000, -0.000000000000000000, 1.000000000000000000 ) ) ;
#763 =( NAMED_UNIT ( * ) PLANE_ANGLE_UNIT ( ) SI_UNIT ( $, .RADIAN. ) );
#764 = EDGE_CURVE ( 'NONE', #6771, #2663, #4708, .T. ) ;
#765 = CARTESIAN_POINT ( 'NONE',  ( -0.4736258310308389952, 0.8268509559611251225, 0.1396745493998286236 ) ) ;
#766 = FACE_OUTER_BOUND ( 'NONE', #3086, .T. ) ;
#767 = VERTEX_POINT ( 'NONE', #2598 ) ;
#768 = DIRECTION ( 'NONE',  ( 0.1219478083344968516, -0.9925365142111460814, 0.000000000000000000 ) ) ;
#769 = CARTESIAN_POINT ( 'NONE',  ( -1.267407617820387467, 0.02200504135663391286, 0.03848042022180234861 ) ) ;
#770 = ORIENTED_EDGE ( 'NONE', *, *, #3371, .F. ) ;
#771 = CARTESIAN_POINT ( 'NONE',  ( -0.4731078067646828367, 0.8257761863148675996, 0.1218494291825320541 ) ) ;
#772 = DIRECTION ( 'NONE',  ( 1.000000000000000000, 0.000000000000000000, 0.000000000000000000 ) ) ;
#773 = ORIENTED_EDGE ( 'NONE', *, *, #1611, .F. ) ;
#774 = CARTESIAN_POINT ( 'NONE',  ( -1.013859724571285925, 0.5658004866359794827, 0.09560345844190808184 ) ) ;
#775 = DIRECTION ( 'NONE',  ( 2.678332138011547403E-34, -1.000000000000000000, 0.000000000000000000 ) ) ;
#776 = CARTESIAN_POINT ( 'NONE',  ( -1.238585512327522453, 1.122126218844493373, 0.09560345844190808184 ) ) ;
#777 = EDGE_CURVE ( 'NONE', #7442, #8395, #3763, .T. ) ;
#778 = ORIENTED_EDGE ( 'NONE', *, *, #9004, .T. ) ;
#779 = CARTESIAN_POINT ( 'NONE',  ( -1.249895777589186796, 0.01417834995568767638, 0.1231023796271846354 ) ) ;
#780 = CARTESIAN_POINT ( 'NONE',  ( -1.158041454453296204, 1.148219261031371730, 0.09560345844190808184 ) ) ;
#781 = CARTESIAN_POINT ( 'NONE',  ( -0.6945334824185747102, 1.073767869213262172, 0.1223447591120551403 ) ) ;
#782 = ORIENTED_EDGE ( 'NONE', *, *, #3295, .T. ) ;
#783 = ORIENTED_EDGE ( 'NONE', *, *, #4816, .T. ) ;
#784 = CARTESIAN_POINT ( 'NONE',  ( -1.252518833564727485, 0.01530781700160804490, 0.1176505957787840617 ) ) ;
#785 = CARTESIAN_POINT ( 'NONE',  ( -0.8343713442096132304, -0.006723680513721509017, 0.09975227900184420460 ) ) ;
#786 = CARTESIAN_POINT ( 'NONE',  ( -0.7025274544065611693, 1.078706162371157351, 0.09603518543074837654 ) ) ;
#787 = CARTESIAN_POINT ( 'NONE',  ( -1.341245895536778754, 1.068612069261469344, 0.1313562545472555798 ) ) ;
#788 = ORIENTED_EDGE ( 'NONE', *, *, #8561, .T. ) ;
#789 = VERTEX_POINT ( 'NONE', #5567 ) ;
#790 = CARTESIAN_POINT ( 'NONE',  ( -1.171797683877047191, -0.01303938846794901359, 0.1069905618743332287 ) ) ;
#791 = CARTESIAN_POINT ( 'NONE',  ( -1.020216481951004450, -0.03416722697927711272, 0.04065658509196673487 ) ) ;
#792 = CARTESIAN_POINT ( 'NONE',  ( -1.280100654597750687, 0.02810562225782413034, 0.06586302708416084950 ) ) ;
#793 = ORIENTED_EDGE ( 'NONE', *, *, #5585, .F. ) ;
#794 = CARTESIAN_POINT ( 'NONE',  ( -1.142980211345155039, 1.151884808602019250, 0.04495224027756741098 ) ) ;
#795 = ORIENTED_EDGE ( 'NONE', *, *, #9058, .F. ) ;
#796 = ORIENTED_EDGE ( 'NONE', *, *, #6887, .T. ) ;
#797 = CARTESIAN_POINT ( 'NONE',  ( -0.4820604638347641968, 0.8436316389653490955, 0.1494206081722544155 ) ) ;
#798 = CARTESIAN_POINT ( 'NONE',  ( -1.013859724571285925, 0.5658004866359794827, 0.3756034584419081224 ) ) ;
#799 = CARTESIAN_POINT ( 'NONE',  ( -0.8618114458971172231, -0.01461429690439707517, 0.09051697043586993952 ) ) ;
#800 = CARTESIAN_POINT ( 'NONE',  ( -1.242969339455157973, 1.120335232497556177, 0.1289568238265234867 ) ) ;
#801 = ORIENTED_EDGE ( 'NONE', *, *, #8347, .T. ) ;
#802 = EDGE_CURVE ( 'NONE', #147, #8492, #6266, .T. ) ;
#803 = CARTESIAN_POINT ( 'NONE',  ( -1.345745514251112773, 1.065652723830514237, 0.09510792561808029122 ) ) ;
#804 = CARTESIAN_POINT ( 'NONE',  ( -1.013859724571285925, 0.5658004866359794827, 0.1054848011288119503 ) ) ;
#805 = CARTESIAN_POINT ( 'NONE',  ( -0.4733464777537272350, 0.8262720420913851616, 0.1359278574011046348 ) ) ;
#806 = CARTESIAN_POINT ( 'NONE',  ( -1.013859724571285925, 0.5658004866359794827, -0.06439654155809201863 ) ) ;
#807 = AXIS2_PLACEMENT_3D ( 'NONE', #5431, #1196, #6784 ) ;
#808 = ORIENTED_EDGE ( 'NONE', *, *, #2731, .F. ) ;
#809 = CARTESIAN_POINT ( 'NONE',  ( -1.179569749822120706, 1.142463971970696601, 0.1028068232281223737 ) ) ;
#810 = CARTESIAN_POINT ( 'NONE',  ( -1.266914159832716935, 0.02177519168157646817, 0.03831274939967260762 ) ) ;
#811 = EDGE_CURVE ( 'NONE', #9007, #7404, #7625, .T. ) ;
#812 = EDGE_LOOP ( 'NONE', ( #1075, #5869, #8371, #4832, #67 ) ) ;
#813 = EDGE_CURVE ( 'NONE', #6709, #1842, #7908, .T. ) ;
#814 = CARTESIAN_POINT ( 'NONE',  ( -0.4811005976329289502, 0.8417860041734973597, 0.09565053959487293533 ) ) ;
#815 = CARTESIAN_POINT ( 'NONE',  ( -0.9178072498098256427, 1.158062216476559714, 0.06069524712272389433 ) ) ;
#816 = AXIS2_PLACEMENT_3D ( 'NONE', #8154, #5238, #1828 ) ;
#817 = AXIS2_PLACEMENT_3D ( 'NONE', #1199, #4016, #4570 ) ;
#818 = CARTESIAN_POINT ( 'NONE',  ( -1.013859724571285925, 0.5658004866359794827, 0.1556034584419080935 ) ) ;
#819 = DIRECTION ( 'NONE',  ( 1.000000000000000000, 0.000000000000000000, 0.000000000000000000 ) ) ;
#820 = CARTESIAN_POINT ( 'NONE',  ( -1.253595649472672324, 0.01577622688766925491, 0.07203895722577026428 ) ) ;
#821 = ORIENTED_EDGE ( 'NONE', *, *, #696, .F. ) ;
#822 = AXIS2_PLACEMENT_3D ( 'NONE', #3902, #1005, #7465 ) ;
#823 = CARTESIAN_POINT ( 'NONE',  ( -1.260866181043735379, 0.01900236491600324970, 0.1165842043601049566 ) ) ;
#824 = DIRECTION ( 'NONE',  ( 0.005551494299824800104, -0.9999845903367906574, 4.553079989440439683E-16 ) ) ;
#825 = CARTESIAN_POINT ( 'NONE',  ( -1.376747455271034148, 1.043621064632173301, 0.1138771877900820323 ) ) ;
#826 = VERTEX_POINT ( 'NONE', #6437 ) ;
#827 = ORIENTED_EDGE ( 'NONE', *, *, #5347, .F. ) ;
#828 = DIRECTION ( 'NONE',  ( -0.4144089350621885104, 0.9100907836807395901, 0.000000000000000000 ) ) ;
#829 = CARTESIAN_POINT ( 'NONE',  ( -0.4829541381344559237, 0.8453345325278682765, 0.09575473869753386991 ) ) ;
#830 = CARTESIAN_POINT ( 'NONE',  ( -1.329786788392886221, 1.075888807305364736, 0.1411635466019922347 ) ) ;
#831 = AXIS2_PLACEMENT_3D ( 'NONE', #6442, #7121, #4471 ) ;
#832 = CARTESIAN_POINT ( 'NONE',  ( -1.337084302159227800, 1.071296163164546567, 0.1364869101557810993 ) ) ;
#833 = ORIENTED_EDGE ( 'NONE', *, *, #4182, .F. ) ;
#834 = EDGE_CURVE ( 'NONE', #3614, #4017, #3594, .T. ) ;
#835 = VERTEX_POINT ( 'NONE', #6388 ) ;
#836 = AXIS2_PLACEMENT_3D ( 'NONE', #972, #1761, #6572 ) ;
#837 = CARTESIAN_POINT ( 'NONE',  ( -1.159636708371081903, -0.01622105162032408052, 0.06719990085114159462 ) ) ;
#838 = VECTOR ( 'NONE', #5459, 39.37007874015748143 ) ;
#839 = CARTESIAN_POINT ( 'NONE',  ( -1.232075208417165113, 1.124712026545223065, 0.1203329035146021853 ) ) ;
#840 = CARTESIAN_POINT ( 'NONE',  ( -1.172184401781489749, 1.144534705933823115, 0.1130914392111388722 ) ) ;
#841 = VERTEX_POINT ( 'NONE', #238 ) ;
#842 = CARTESIAN_POINT ( 'NONE',  ( -1.013859724571285925, 0.5658004866359794827, 0.3756034584419081224 ) ) ;
#843 = EDGE_LOOP ( 'NONE', ( #4424, #7819, #4307, #8064, #6219, #7104 ) ) ;
#844 = VECTOR ( 'NONE', #8639, 39.37007874015748143 ) ;
#845 = CIRCLE ( 'NONE', #1575, 0.5999999999999997558 ) ;
#846 = ORIENTED_EDGE ( 'NONE', *, *, #5930, .F. ) ;
#847 = EDGE_CURVE ( 'NONE', #7031, #7193, #6559, .T. ) ;
#848 = DIRECTION ( 'NONE',  ( -1.000000000000000000, 0.000000000000000000, 0.000000000000000000 ) ) ;
#849 = CARTESIAN_POINT ( 'NONE',  ( -0.9424709996032216708, 1.161538390371702700, 0.07730685053592520339 ) ) ;
#850 = CARTESIAN_POINT ( 'NONE',  ( -1.310985700630832085, 1.087065202563364252, 0.09886548939251493806 ) ) ;
#851 = CARTESIAN_POINT ( 'NONE',  ( -1.024850444297939145, 1.165699814923559785, 0.1556034584419080935 ) ) ;
#852 = VECTOR ( 'NONE', #3757, 39.37007874015748143 ) ;
#853 = VERTEX_POINT ( 'NONE', #6515 ) ;
#854 = VECTOR ( 'NONE', #8724, 39.37007874015748854 ) ;
#855 = CARTESIAN_POINT ( 'NONE',  ( -1.358199795239668717, 1.057156288424718538, 0.1052957332817147096 ) ) ;
#856 = CARTESIAN_POINT ( 'NONE',  ( -1.221355983540661994, 1.128789002607021308, 0.1445617917752414494 ) ) ;
#857 = CARTESIAN_POINT ( 'NONE',  ( -0.9934939988666875443, -0.03385377810039750385, 0.08326283026809906673 ) ) ;
#858 = VECTOR ( 'NONE', #8671, 39.37007874015748143 ) ;
#859 = CARTESIAN_POINT ( 'NONE',  ( -0.6994781573268519237, 1.076842799584352361, 0.1324923969699847159 ) ) ;
#860 = CARTESIAN_POINT ( 'NONE',  ( -0.6354269299458181752, 1.031406135175554573, 0.09560345844190808184 ) ) ;
#861 = DIRECTION ( 'NONE',  ( -0.000000000000000000, -0.000000000000000000, 1.000000000000000000 ) ) ;
#862 = CARTESIAN_POINT ( 'NONE',  ( -1.613859724571285792, 0.5658004866359795937, 0.3756034584419081224 ) ) ;
#863 = VERTEX_POINT ( 'NONE', #883 ) ;
#864 = CARTESIAN_POINT ( 'NONE',  ( -0.4808328285728226126, 0.8412680154561147372, 0.09568955583803863407 ) ) ;
#865 = CARTESIAN_POINT ( 'NONE',  ( -0.9195180879811328811, 1.158337230440759091, 0.06840174718706572288 ) ) ;
#866 = AXIS2_PLACEMENT_3D ( 'NONE', #8972, #1854, #5483 ) ;
#867 = CARTESIAN_POINT ( 'NONE',  ( -1.323560974293787718, 0.05190431877592154714, 0.1222384761464072878 ) ) ;
#868 = EDGE_CURVE ( 'NONE', #6218, #4722, #7872, .T. ) ;
#869 = ADVANCED_FACE ( 'NONE', ( #4987 ), #2967, .F. ) ;
#870 = EDGE_CURVE ( 'NONE', #2246, #1371, #3317, .T. ) ;
#871 = DIRECTION ( 'NONE',  ( 0.000000000000000000, 0.000000000000000000, -1.000000000000000000 ) ) ;
#872 = ADVANCED_FACE ( 'NONE', ( #5715 ), #5067, .F. ) ;
#873 = ORIENTED_EDGE ( 'NONE', *, *, #8270, .F. ) ;
#874 = AXIS2_PLACEMENT_3D ( 'NONE', #217, #5093, #6588 ) ;
#875 = CARTESIAN_POINT ( 'NONE',  ( -1.013859724571285925, 0.5658004866359794827, 0.1456034584419077238 ) ) ;
#876 = CARTESIAN_POINT ( 'NONE',  ( -0.9286338291968968539, 1.159716775975271341, 0.02723143888522261413 ) ) ;
#877 = CARTESIAN_POINT ( 'NONE',  ( -1.013859724571285925, 0.5658004866359794827, 0.08119400962301026592 ) ) ;
#878 = EDGE_LOOP ( 'NONE', ( #321, #8851, #833, #368, #6389 ) ) ;
#879 = ORIENTED_EDGE ( 'NONE', *, *, #6570, .T. ) ;
#880 = CARTESIAN_POINT ( 'NONE',  ( -0.4765606710567358295, 0.8328392996411002613, 0.1195443755011625225 ) ) ;
#881 = CARTESIAN_POINT ( 'NONE',  ( -1.230834016278171239, 0.006406031230587303990, 0.07893754585977005855 ) ) ;
#882 = CARTESIAN_POINT ( 'NONE',  ( -0.8155733050084578162, 1.132088837052049657, 0.1556034584419080935 ) ) ;
#883 = CARTESIAN_POINT ( 'NONE',  ( -0.5576962662673914384, 0.9555631058136413447, 0.1132957661342157835 ) ) ;
#884 = ORIENTED_EDGE ( 'NONE', *, *, #2966, .T. ) ;
#885 = CARTESIAN_POINT ( 'NONE',  ( -0.9922556600798336790, -0.03381044088073038162, 0.05842400011882883937 ) ) ;
#886 = DIRECTION ( 'NONE',  ( -0.000000000000000000, -0.000000000000000000, 1.000000000000000000 ) ) ;
#887 = CARTESIAN_POINT ( 'NONE',  ( -1.034567880144448448, -0.03384205816186876964, 0.1228425378690665010 ) ) ;
#888 = CARTESIAN_POINT ( 'NONE',  ( -1.305515486552186966, 0.04145621375475513209, 0.1068287859264676065 ) ) ;
#889 = ORIENTED_EDGE ( 'NONE', *, *, #1326, .T. ) ;
#890 = ORIENTED_EDGE ( 'NONE', *, *, #4009, .F. ) ;
#891 = CARTESIAN_POINT ( 'NONE',  ( -1.351931819134211565, 0.07011053773063065375, 0.09223332147111233670 ) ) ;
#892 = FACE_BOUND ( 'NONE', #7158, .T. ) ;
#893 = B_SPLINE_CURVE_WITH_KNOTS ( 'NONE', 3,
 ( #5838, #8643, #2871, #1526 ),
 .UNSPECIFIED., .F., .F.,
 ( 4, 4 ),
 ( 0.000000000000000000, 1.000000000000000000 ),
 .UNSPECIFIED. ) ;
#894 = CARTESIAN_POINT ( 'NONE',  ( -1.326024658956417079, 0.05340450234684547548, 0.07403553645882053613 ) ) ;
#895 = B_SPLINE_CURVE_WITH_KNOTS ( 'NONE', 3,
 ( #2065, #6319, #6272, #2707, #3482, #535, #4865, #2805, #2018, #3348, #6176, #7503, #4909, #5591, #8985, #2112, #4222, #1361, #7554, #6130, #8392, #2664, #2618, #5411, #5496 ),
 .UNSPECIFIED., .F., .F.,
 ( 4, 2, 2, 2, 2, 1, 2, 2, 2, 1, 1, 2, 2, 4 ),
 ( 0.000000000000000000, 0.1249999999999816536, 0.1874999999999740208, 0.2499999999999664158, 0.3749999999999462652, 0.4374999999999323319, 0.4687499999999253930, 0.4999999999999183986, 0.6249999999999102940, 0.6874999999999112932, 0.7187499999999117373, 0.7343749999999119593, 0.7499999999999122924, 1.000000000000000000 ),
 .UNSPECIFIED. ) ;
#896 = CARTESIAN_POINT ( 'NONE',  ( -0.5128733996872186784, 0.8959712035070486191, 0.1556034584419080935 ) ) ;
#897 = ORIENTED_EDGE ( 'NONE', *, *, #3694, .T. ) ;
#898 = CARTESIAN_POINT ( 'NONE',  ( -1.320627858457355863, 0.05015204822851375421, 0.06551103106572729595 ) ) ;
#899 = CARTESIAN_POINT ( 'NONE',  ( -1.013859724571285925, 0.5658004866359794827, 0.07119400962301036806 ) ) ;
#900 = EDGE_CURVE ( 'NONE', #3197, #6166, #7735, .T. ) ;
#901 = CARTESIAN_POINT ( 'NONE',  ( -0.5632850274700185178, 0.9620105919269168471, 0.1281050544191202623 ) ) ;
#902 = DIRECTION ( 'NONE',  ( 0.000000000000000000, 0.000000000000000000, -1.000000000000000000 ) ) ;
#903 = CARTESIAN_POINT ( 'NONE',  ( -1.377170150329172671, 1.043300474768418473, 0.1486020694922335628 ) ) ;
#904 = CARTESIAN_POINT ( 'NONE',  ( -0.5531245952670407195, 0.5814254866359794827, 0.09619400962301037639 ) ) ;
#905 = DIRECTION ( 'NONE',  ( -0.000000000000000000, -0.000000000000000000, 1.000000000000000000 ) ) ;
#906 = CARTESIAN_POINT ( 'NONE',  ( -1.464125022619656269, 0.5915329830833158109, 0.08119400962301094593 ) ) ;
#907 = DIRECTION ( 'NONE',  ( -0.000000000000000000, -0.000000000000000000, 1.000000000000000000 ) ) ;
#908 = CARTESIAN_POINT ( 'NONE',  ( -1.013859724571285925, 0.5658004866359794827, 0.2256034584419080447 ) ) ;
#909 = CARTESIAN_POINT ( 'NONE',  ( -1.474592895057560860, 0.5814254866359794827, 0.09619596731552972069 ) ) ;
#910 = CARTESIAN_POINT ( 'NONE',  ( -1.252502980265341792, 0.01530116150791514806, 0.07588976539685897416 ) ) ;
#911 = VERTEX_POINT ( 'NONE', #3047 ) ;
#912 = CARTESIAN_POINT ( 'NONE',  ( -1.007929225842250753, 1.165771285652741573, 0.02559538218778957194 ) ) ;
#913 = CARTESIAN_POINT ( 'NONE',  ( -0.9270973232741606118, 1.159494250987555430, 0.04182193938986140946 ) ) ;
#914 = CARTESIAN_POINT ( 'NONE',  ( -0.6914644722850769032, 1.071825488097426282, 0.1144930704669434723 ) ) ;
#915 = EDGE_LOOP ( 'NONE', ( #4630, #6298, #747, #4057 ) ) ;
#916 = ORIENTED_EDGE ( 'NONE', *, *, #8968, .T. ) ;
#917 = DIRECTION ( 'NONE',  ( -0.000000000000000000, -0.000000000000000000, 1.000000000000000000 ) ) ;
#918 = CARTESIAN_POINT ( 'NONE',  ( -0.9848623590439650188, 1.165099370993755379, 0.1279111507496004108 ) ) ;
#919 = EDGE_CURVE ( 'NONE', #406, #1668, #893, .T. ) ;
#920 = EDGE_CURVE ( 'NONE', #1440, #1517, #448, .T. ) ;
#921 = DIRECTION ( 'NONE',  ( 0.000000000000000000, 0.000000000000000000, -1.000000000000000000 ) ) ;
#922 = EDGE_CURVE ( 'NONE', #2422, #7632, #5200, .T. ) ;
#923 = DIRECTION ( 'NONE',  ( -0.000000000000000000, -0.000000000000000000, 1.000000000000000000 ) ) ;
#924 = ORIENTED_EDGE ( 'NONE', *, *, #8201, .F. ) ;
#925 = B_SPLINE_CURVE_WITH_KNOTS ( 'NONE', 3,
 ( #8894, #6178, #2621, #1923, #5414, #8202, #1642, #2990, #810, #3716, #5640, #769, #7096, #6364, #1509, #7790, #5738, #3627, #4359, #2897, #3029, #6500, #2217, #5692, #8487, #44, #5779, #2258, #7144, #2852, #4316 ),
 .UNSPECIFIED., .F., .F.,
 ( 4, 2, 2, 1, 1, 1, 2, 2, 2, 2, 1, 1, 2, 2, 1, 1, 2, 2, 4 ),
 ( 0.000000000000000000, 0.2499999999998339661, 0.3749999999997509770, 0.4374999999997175593, 0.4687499999997095101, 0.4843749999996966871, 0.4921874999996991851, 0.4999999999997016831, 0.6249999999997780664, 0.7499999999998544498, 0.8124999999998872013, 0.8437499999999077405, 0.8593749999999177325, 0.8749999999999278355, 0.9062499999999384936, 0.9218749999999440448, 0.9296874999999497069, 0.9374999999999552580, 1.000000000000000000 ),
 .UNSPECIFIED. ) ;
#926 = CARTESIAN_POINT ( 'NONE',  ( -0.9032443827502458777, -0.02391534011526074907, 0.06424740095995370992 ) ) ;
#927 = CARTESIAN_POINT ( 'NONE',  ( -1.242051682397891987, 1.120714368442697229, 0.1292710285827245453 ) ) ;
#928 = CARTESIAN_POINT ( 'NONE',  ( -1.013859724571285925, 0.5658004866359794827, 0.1556034584419080935 ) ) ;
#929 = DIRECTION ( 'NONE',  ( -0.000000000000000000, -0.000000000000000000, 1.000000000000000000 ) ) ;
#930 = CARTESIAN_POINT ( 'NONE',  ( -1.054471427374921166, 1.164424483478228689, 0.1556034584419080935 ) ) ;
#931 = ORIENTED_EDGE ( 'NONE', *, *, #5032, .F. ) ;
#932 = CARTESIAN_POINT ( 'NONE',  ( -1.030375932799597605, -0.03397215276110075732, 0.1047402687566875018 ) ) ;
#933 = CARTESIAN_POINT ( 'NONE',  ( -1.356753696642332807, 1.058166311160878559, 0.09606313071808540716 ) ) ;
#934 = CARTESIAN_POINT ( 'NONE',  ( -1.313068119090609276, 0.04572891724369153310, 0.06885303986039335855 ) ) ;
#935 = CARTESIAN_POINT ( 'NONE',  ( -0.4965956630176154296, 0.5814254866359794827, 0.08849400962301047502 ) ) ;
#936 = VERTEX_POINT ( 'NONE', #8159 ) ;
#937 = CARTESIAN_POINT ( 'NONE',  ( -1.350409650869889511, 0.06907624303160819768, 0.08465517794267496399 ) ) ;
#938 = CARTESIAN_POINT ( 'NONE',  ( -1.271580221379389863, 0.02396965281059033198, 0.1409779509064854885 ) ) ;
#939 = CARTESIAN_POINT ( 'NONE',  ( -1.013859724571285925, 0.5658004866359794827, 0.1511940096230103281 ) ) ;
#940 = CARTESIAN_POINT ( 'NONE',  ( -0.4812078112152708420, 0.8419944093840140420, 0.1563563958853844693 ) ) ;
#941 = CARTESIAN_POINT ( 'NONE',  ( -1.238585512327522453, 1.122126218844493373, 0.09560345844190808184 ) ) ;
#942 = CARTESIAN_POINT ( 'NONE',  ( -1.013859724571285925, 0.5658004866359794827, 0.1956034584419080458 ) ) ;
#943 = CARTESIAN_POINT ( 'NONE',  ( -0.4764796757652856041, 0.8326762696089142768, 0.1290011841743706200 ) ) ;
#944 = DIRECTION ( 'NONE',  ( 1.000000000000000000, 0.000000000000000000, 0.000000000000000000 ) ) ;
#945 = CARTESIAN_POINT ( 'NONE',  ( -1.234679499904832056, 1.123688133767229314, 0.1279111507496004108 ) ) ;
#946 = CARTESIAN_POINT ( 'NONE',  ( -1.320627858457355863, 0.05015204822851375421, 0.06551103106572729595 ) ) ;
#947 = CARTESIAN_POINT ( 'NONE',  ( -0.9259929212230367801, 1.159332391192682943, 0.08026415770189369858 ) ) ;
#948 = CARTESIAN_POINT ( 'NONE',  ( -1.139303330477291931, 1.152540549813276582, 0.1556034584419080935 ) ) ;
#949 = DIRECTION ( 'NONE',  ( 0.000000000000000000, 0.000000000000000000, -1.000000000000000000 ) ) ;
#950 = ORIENTED_EDGE ( 'NONE', *, *, #4869, .T. ) ;
#951 = DIRECTION ( 'NONE',  ( 0.000000000000000000, 0.000000000000000000, -1.000000000000000000 ) ) ;
#952 = CARTESIAN_POINT ( 'NONE',  ( -0.9275651965075923933, 1.159562458778018668, 0.03386087285422437199 ) ) ;
#953 = CARTESIAN_POINT ( 'NONE',  ( -0.6916857101952288422, 1.071966410633223843, 0.1159915018652409036 ) ) ;
#954 = VECTOR ( 'NONE', #5000, 39.37007874015748143 ) ;
#955 = VECTOR ( 'NONE', #1699, 39.37007874015748143 ) ;
#956 = ORIENTED_EDGE ( 'NONE', *, *, #7944, .T. ) ;
#957 = CARTESIAN_POINT ( 'NONE',  ( -1.431532920849709178, 0.9965545941156013221, 0.09560345844190808184 ) ) ;
#958 = DIRECTION ( 'NONE',  ( -1.000000000000000000, 0.000000000000000000, 0.000000000000000000 ) ) ;
#959 = CARTESIAN_POINT ( 'NONE',  ( -0.9392099176609521871, 1.161138564053310063, 0.004890838605199368701 ) ) ;
#960 = CC_DESIGN_APPROVAL ( #5341, ( #1556 ) ) ;
#961 = VECTOR ( 'NONE', #6758, 39.37007874015748854 ) ;
#962 = DIRECTION ( 'NONE',  ( -0.000000000000000000, -0.000000000000000000, 1.000000000000000000 ) ) ;
#963 = ORIENTED_EDGE ( 'NONE', *, *, #4406, .T. ) ;
#964 = CARTESIAN_POINT ( 'NONE',  ( -1.055790411038288523, 1.164333541305816233, 0.1386082661342157851 ) ) ;
#965 = CARTESIAN_POINT ( 'NONE',  ( -0.4833379745842490416, 0.8460623081951531566, 0.1561026337095050287 ) ) ;
#966 = CARTESIAN_POINT ( 'NONE',  ( -1.250557708652509481, 0.01446188904693523208, 0.06612337627070764834 ) ) ;
#967 = AXIS2_PLACEMENT_3D ( 'NONE', #928, #2242, #164 ) ;
#968 = CARTESIAN_POINT ( 'NONE',  ( -1.035107222011716122, -0.03382323570878542629, 0.1287872484478296831 ) ) ;
#969 = CARTESIAN_POINT ( 'NONE',  ( -1.013859724571285925, 0.5658004866359794827, 0.3656034584419079470 ) ) ;
#970 = EDGE_LOOP ( 'NONE', ( #2569, #5791, #53, #3256 ) ) ;
#971 = VECTOR ( 'NONE', #4578, 39.37007874015748854 ) ;
#972 = CARTESIAN_POINT ( 'NONE',  ( -1.013859724571285925, 0.5814254866359794827, 0.09619400962301037639 ) ) ;
#973 = EDGE_CURVE ( 'NONE', #5928, #1633, #4466, .T. ) ;
#974 = CARTESIAN_POINT ( 'NONE',  ( -1.352754353601755888, 1.060927179268627452, 0.09505448557976353685 ) ) ;
#975 = CARTESIAN_POINT ( 'NONE',  ( -1.312983641265238255, 0.04568039354086659426, 0.06802141502846500987 ) ) ;
#976 = CARTESIAN_POINT ( 'NONE',  ( -0.5066003142347212940, 0.5814254866359794827, 0.07119400962301036806 ) ) ;
#977 = ORIENTED_EDGE ( 'NONE', *, *, #8445, .F. ) ;
#978 = DIRECTION ( 'NONE',  ( -1.000000000000000000, 0.000000000000000000, 0.000000000000000000 ) ) ;
#979 = CARTESIAN_POINT ( 'NONE',  ( -1.203850033456510094, -0.003324879632030892668, 0.1336924820605659703 ) ) ;
#980 = PERSON_AND_ORGANIZATION ( #4725, #1851 ) ;
#981 = VECTOR ( 'NONE', #2094, 39.37007874015748143 ) ;
#982 = CIRCLE ( 'NONE', #8469, 0.5999999999999999778 ) ;
#983 = CARTESIAN_POINT ( 'NONE',  ( -0.5669054942603579672, 0.9660903639288798139, 0.1459555520628910974 ) ) ;
#984 = ADVANCED_FACE ( 'NONE', ( #1752 ), #3058, .T. ) ;
#985 = CARTESIAN_POINT ( 'NONE',  ( -1.222332132583822784, 1.128418793691917221, 0.1022517441314249181 ) ) ;
#986 = CIRCLE ( 'NONE', #3200, 0.5999999999999998668 ) ;
#987 = CARTESIAN_POINT ( 'NONE',  ( -1.348123983108543866, 0.06753603357802165363, 0.04311939891692869592 ) ) ;
#988 = AXIS2_PLACEMENT_3D ( 'NONE', #1029, #5178, #7180 ) ;
#989 = CARTESIAN_POINT ( 'NONE',  ( -1.392096226600108677, 1.031565608272411616, 0.1556034584419080935 ) ) ;
#990 = CARTESIAN_POINT ( 'NONE',  ( -1.228955410096192802, 1.125925522738342011, 0.1471579456213953085 ) ) ;
#991 = CARTESIAN_POINT ( 'NONE',  ( -1.325367703413964815, 0.05300151040599233171, 0.1021424943332899238 ) ) ;
#992 = CARTESIAN_POINT ( 'NONE',  ( -1.290587931829837887, 0.03342443140487886405, 0.05181879735660976233 ) ) ;
#993 = FACE_OUTER_BOUND ( 'NONE', #7017, .T. ) ;
#994 = CARTESIAN_POINT ( 'NONE',  ( -1.176277215553066302, 1.143399562108141643, 0.1300903609763603419 ) ) ;
#995 = CYLINDRICAL_SURFACE ( 'NONE', #6859, 0.5999999999999998668 ) ;
#996 = CIRCLE ( 'NONE', #2336, 0.5999999999999999778 ) ;
#997 = CARTESIAN_POINT ( 'NONE',  ( -0.8155733050084574831, 1.132088837052049657, 0.1025265353649850164 ) ) ;
#998 = VERTEX_POINT ( 'NONE', #4642 ) ;
#999 = EDGE_CURVE ( 'NONE', #2752, #8426, #2103, .T. ) ;
#1000 = ORIENTED_EDGE ( 'NONE', *, *, #8722, .T. ) ;
#1001 = CARTESIAN_POINT ( 'NONE',  ( -0.5688877194240478108, 0.9682926170024037660, 0.1235451333695356535 ) ) ;
#1002 = ADVANCED_FACE ( 'NONE', ( #3265 ), #2408, .T. ) ;
#1003 = CARTESIAN_POINT ( 'NONE',  ( -0.9271094391423398973, 1.159496021397816046, 0.04133067631663629726 ) ) ;
#1004 = CONICAL_SURFACE ( 'NONE', #7750, 0.4510000000000001230, 0.7853981633974482790 ) ;
#1005 = DIRECTION ( 'NONE',  ( -0.000000000000000000, -0.000000000000000000, -1.000000000000000000 ) ) ;
#1006 = VERTEX_POINT ( 'NONE', #4599 ) ;
#1007 = DIRECTION ( 'NONE',  ( 0.000000000000000000, 0.000000000000000000, 1.000000000000000000 ) ) ;
#1008 = CARTESIAN_POINT ( 'NONE',  ( -1.172184401781489749, 1.144534705933823115, 0.1130914392111388722 ) ) ;
#1009 = CARTESIAN_POINT ( 'NONE',  ( -0.9217032127131388197, 1.158680954543570341, 0.01763598063884102424 ) ) ;
#1010 = AXIS2_PLACEMENT_3D ( 'NONE', #7236, #5872, #2999 ) ;
#1011 = CARTESIAN_POINT ( 'NONE',  ( -1.166312694098869729, 1.146110305810007057, 0.1033078385533972021 ) ) ;
#1012 = VERTEX_POINT ( 'NONE', #3227 ) ;
#1013 = CARTESIAN_POINT ( 'NONE',  ( -1.331646366082150035, 1.074732588103245234, 0.1303343502065310577 ) ) ;
#1014 = CARTESIAN_POINT ( 'NONE',  ( -0.5811526151225484549, 0.9814508396911306720, 0.1486407716398102097 ) ) ;
#1015 = CARTESIAN_POINT ( 'NONE',  ( -1.236658575395463533, 1.122900898164571615, 0.1215897792466019839 ) ) ;
#1016 = AXIS2_PLACEMENT_3D ( 'NONE', #435, #3284, #8927 ) ;
#1017 = CARTESIAN_POINT ( 'NONE',  ( -1.280052066472440409, 1.103520867987692666, 0.1024221393645390887 ) ) ;
#1018 = CARTESIAN_POINT ( 'NONE',  ( -1.325196889732776162, 0.05289778535689261540, 0.1086036931602551714 ) ) ;
#1019 = ORIENTED_EDGE ( 'NONE', *, *, #4430, .T. ) ;
#1020 = CARTESIAN_POINT ( 'NONE',  ( -1.356929375128661519, 0.07355744198985207649, 0.1050354466384372937 ) ) ;
#1021 = DIRECTION ( 'NONE',  ( 0.1970497707361535400, 0.9803934862354141133, 0.000000000000000000 ) ) ;
#1022 = CARTESIAN_POINT ( 'NONE',  ( -1.309516249586446746, 0.04370133836579358916, 0.1422328339038650968 ) ) ;
#1023 = ORIENTED_EDGE ( 'NONE', *, *, #5700, .F. ) ;
#1024 = CARTESIAN_POINT ( 'NONE',  ( -1.344237679886334913, 0.06495075567546780559, 0.08057921996366830542 ) ) ;
#1025 = CARTESIAN_POINT ( 'NONE',  ( -1.269650189139121199, 0.02305444466800629991, 0.1419969255663955376 ) ) ;
#1026 = DATE_AND_TIME ( #1849, #5939 ) ;
#1027 = EDGE_CURVE ( 'NONE', #2357, #2491, #6423, .T. ) ;
#1028 = EDGE_CURVE ( 'NONE', #4286, #5571, #7245, .T. ) ;
#1029 = CARTESIAN_POINT ( 'NONE',  ( -1.013859724571285925, 0.5658004866359794827, 0.1286803815188311828 ) ) ;
#1030 = EDGE_CURVE ( 'NONE', #4820, #1527, #3138, .T. ) ;
#1031 = CARTESIAN_POINT ( 'NONE',  ( -1.231077930381041963, 1.125100706231636272, 0.09622848661944399806 ) ) ;
#1032 = B_SPLINE_CURVE_WITH_KNOTS ( 'NONE', 3,
 ( #4847, #8462, #3414, #8370, #4156, #3555 ),
 .UNSPECIFIED., .F., .F.,
 ( 4, 2, 4 ),
 ( 0.000000000000000000, 0.5000000000000000000, 1.000000000000000000 ),
 .UNSPECIFIED. ) ;
#1033 = FACE_OUTER_BOUND ( 'NONE', #2450, .T. ) ;
#1034 = CARTESIAN_POINT ( 'NONE',  ( -0.9360386927029200610, -0.02913263335158565448, 0.1177091920635076061 ) ) ;
#1035 = CARTESIAN_POINT ( 'NONE',  ( -0.4765988148528216839, 0.8329160330592074724, 0.1336517318930192100 ) ) ;
#1036 = CARTESIAN_POINT ( 'NONE',  ( -1.308072324145134191, 0.04288658717259918179, 0.06738923204287465551 ) ) ;
#1037 = CARTESIAN_POINT ( 'NONE',  ( -1.321797440892989783, 0.05084965124819837423, 0.1496728495125420055 ) ) ;
#1038 = CARTESIAN_POINT ( 'NONE',  ( -1.324236034571102172, 0.05231555521050793023, 0.06595216809036549832 ) ) ;
#1039 = CARTESIAN_POINT ( 'NONE',  ( -1.164023888868776391, 1.146705577037749668, 0.1136368737834164699 ) ) ;
#1040 = CARTESIAN_POINT ( 'NONE',  ( -1.319033030387620098, 0.04920658870470963342, 0.07636989574632389866 ) ) ;
#1041 = EDGE_CURVE ( 'NONE', #6474, #6212, #2033, .T. ) ;
#1042 = CARTESIAN_POINT ( 'NONE',  ( -1.013859724571285925, 0.5658004866359794827, 0.3756034584419081224 ) ) ;
#1043 = EDGE_LOOP ( 'NONE', ( #5717, #2737, #5074, #5024 ) ) ;
#1044 = EDGE_LOOP ( 'NONE', ( #7006, #3351, #5319, #154, #6981, #3536, #4376 ) ) ;
#1045 = CARTESIAN_POINT ( 'NONE',  ( -0.5188106019724102458, 0.9048114253209126323, 0.1031247310930176880 ) ) ;
#1046 = CARTESIAN_POINT ( 'NONE',  ( -1.013859724571285925, 0.5658004866359794827, 0.1556034584419080935 ) ) ;
#1047 = CARTESIAN_POINT ( 'NONE',  ( -0.9681060290087907250, 1.164053442824563911, 0.03912441751281638819 ) ) ;
#1048 = ORIENTED_EDGE ( 'NONE', *, *, #5471, .F. ) ;
#1049 = CARTESIAN_POINT ( 'NONE',  ( -1.068974980533663022, -0.03166274115314687831, 0.1179379935991548972 ) ) ;
#1050 = CARTESIAN_POINT ( 'NONE',  ( -1.324955458525507890, 0.05275130778861457370, 0.1175880861588992493 ) ) ;
#1051 = CARTESIAN_POINT ( 'NONE',  ( -0.9174508866652042460, 1.158004296888482054, 0.03295774744014069030 ) ) ;
#1052 = ADVANCED_FACE ( 'NONE', ( #5920, #8112, #1831, #3961 ), #454, .T. ) ;
#1053 = CARTESIAN_POINT ( 'NONE',  ( -1.164368239225114676, 1.146616455004071389, 0.1089192266132859854 ) ) ;
#1054 = ORIENTED_EDGE ( 'NONE', *, *, #3572, .T. ) ;
#1055 = DIRECTION ( 'NONE',  ( 1.000000000000000000, 0.000000000000000000, 0.000000000000000000 ) ) ;
#1056 = DIRECTION ( 'NONE',  ( -0.000000000000000000, -0.000000000000000000, 1.000000000000000000 ) ) ;
#1057 = CARTESIAN_POINT ( 'NONE',  ( -1.228535568117545385, 1.126081049894602559, 0.1161548845615856251 ) ) ;
#1058 = CARTESIAN_POINT ( 'NONE',  ( -1.274439757982218424, 1.106261473451447541, 0.1121441455987873398 ) ) ;
#1059 = CARTESIAN_POINT ( 'NONE',  ( -0.6283585350640980005, 1.025670765264986573, 0.1257557020316517060 ) ) ;
#1060 = B_SPLINE_CURVE_WITH_KNOTS ( 'NONE', 3,
 ( #1838, #8117, #8216, #2586, #4646, #8168, #1888, #4695, #501, #1194, #4007, #6782 ),
 .UNSPECIFIED., .F., .F.,
 ( 4, 2, 1, 1, 2, 2, 4 ),
 ( 0.000000000000000000, 0.2500000000000653921, 0.3750000000000900946, 0.4375000000001018075, 0.4687500000000959788, 0.5000000000000900391, 1.000000000000000000 ),
 .UNSPECIFIED. ) ;
#1061 = ORIENTED_EDGE ( 'NONE', *, *, #4687, .F. ) ;
#1062 = CARTESIAN_POINT ( 'NONE',  ( -1.023301827584633505, -0.03412864172677637642, 0.09631880032876251330 ) ) ;
#1063 = CARTESIAN_POINT ( 'NONE',  ( -1.013859724571285925, 0.1148004866359793874, 0.1511940096230103281 ) ) ;
#1064 = CARTESIAN_POINT ( 'NONE',  ( -1.274779208064023894, 0.02549845297525523205, 0.08113410263004267042 ) ) ;
#1065 = EDGE_LOOP ( 'NONE', ( #1061, #6430, #7415, #4161 ) ) ;
#1066 = CARTESIAN_POINT ( 'NONE',  ( -0.7066623387414809887, 1.081193504238308511, 0.1215897792466010680 ) ) ;
#1067 = CARTESIAN_POINT ( 'NONE',  ( -1.279137049406839255, 0.02762943036951701070, 0.08301724461366523367 ) ) ;
#1068 = PERSON_AND_ORGANIZATION ( #4725, #1851 ) ;
#1069 = CARTESIAN_POINT ( 'NONE',  ( -0.5733786099418781701, 0.9732027580988734661, 0.1536499669334656093 ) ) ;
#1070 = CARTESIAN_POINT ( 'NONE',  ( -1.219963968040410629, 1.129290571493252404, 0.1090090833871143611 ) ) ;
#1071 = FACE_OUTER_BOUND ( 'NONE', #3727, .T. ) ;
#1072 = CARTESIAN_POINT ( 'NONE',  ( -0.9406910395705878614, -0.02972142189070811624, 0.03554692555714249885 ) ) ;
#1073 = LINE ( 'NONE', #3887, #5387 ) ;
#1074 = CARTESIAN_POINT ( 'NONE',  ( -1.335339451635189967, 0.05919335559898111082, 0.1113482440260385453 ) ) ;
#1075 = ORIENTED_EDGE ( 'NONE', *, *, #5409, .T. ) ;
#1076 = CARTESIAN_POINT ( 'NONE',  ( -1.317595167177351811, 0.04833671509502612124, 0.1495591735380792098 ) ) ;
#1077 = CARTESIAN_POINT ( 'NONE',  ( -0.9465316250416582200, 1.162010958712517583, 0.09560345844190808184 ) ) ;
#1078 = CARTESIAN_POINT ( 'NONE',  ( -1.246818411924049519, 1.118729279507970631, 0.1286803815188311828 ) ) ;
#1079 = CARTESIAN_POINT ( 'NONE',  ( -1.312198130649425032, 0.04522944583632498156, 0.07353613696000653455 ) ) ;
#1080 = FACE_OUTER_BOUND ( 'NONE', #1506, .T. ) ;
#1081 = VERTEX_POINT ( 'NONE', #8850 ) ;
#1082 = ORIENTED_EDGE ( 'NONE', *, *, #8315, .T. ) ;
#1083 = EDGE_CURVE ( 'NONE', #7781, #573, #3777, .T. ) ;
#1084 = CARTESIAN_POINT ( 'NONE',  ( -0.5166597407902728811, 0.9016462946894083785, 0.09874959569373689683 ) ) ;
#1085 = EDGE_CURVE ( 'NONE', #2790, #3343, #2764, .T. ) ;
#1086 = DIRECTION ( 'NONE',  ( -0.2266461314743013211, -0.9739771717487704095, 0.000000000000000000 ) ) ;
#1087 = CARTESIAN_POINT ( 'NONE',  ( -1.013859724571285925, 0.5658004866359794827, 0.1309880738265234712 ) ) ;
#1088 = EDGE_LOOP ( 'NONE', ( #2561, #7688, #6713, #1582, #6349, #6759 ) ) ;
#1089 = CARTESIAN_POINT ( 'NONE',  ( -1.013859724571285925, 0.5658004866359794827, 0.3756034584419081224 ) ) ;
#1090 = CYLINDRICAL_SURFACE ( 'NONE', #816, 0.5999999999999998668 ) ;
#1091 = DIRECTION ( 'NONE',  ( 0.000000000000000000, 0.000000000000000000, 1.000000000000000000 ) ) ;
#1092 = B_SPLINE_CURVE_WITH_KNOTS ( 'NONE', 3,
 ( #4172, #4723, #8840, #2567, #5358, #1220, #8143, #6765, #3292, #6079, #8887, #4033, #39, #7741, #2256, #7003, #2847, #5631, #4957, #3574, #83, #6316, #4269, #2894, #7092 ),
 .UNSPECIFIED., .F., .F.,
 ( 4, 1, 2, 2, 1, 2, 2, 1, 2, 2, 1, 1, 2, 2, 4 ),
 ( 0.000000000000000000, 0.06250000000001122713, 0.09375000000001598721, 0.1250000000000207612, 0.1875000000000302813, 0.2187500000000350830, 0.2500000000000398570, 0.3750000000000406897, 0.4375000000000401901, 0.5000000000000396350, 0.6250000000000358602, 0.6875000000000336398, 0.7187500000000309752, 0.7500000000000281997, 1.000000000000000000 ),
 .UNSPECIFIED. ) ;
#1093 = CARTESIAN_POINT ( 'NONE',  ( -1.013859724571285925, 0.5658004866359794827, 0.2856034584419079869 ) ) ;
#1094 = VERTEX_POINT ( 'NONE', #5504 ) ;
#1095 = CIRCLE ( 'NONE', #7393, 0.4510000000000001230 ) ;
#1096 = AXIS2_PLACEMENT_3D ( 'NONE', #2168, #5698, #819 ) ;
#1097 = CARTESIAN_POINT ( 'NONE',  ( -0.4966076032179689292, 0.8698568020702972525, 0.1556034584419080935 ) ) ;
#1098 = DIRECTION ( 'NONE',  ( -0.6484133194475362183, 0.7612884914163798866, 0.000000000000000000 ) ) ;
#1099 = CARTESIAN_POINT ( 'NONE',  ( -1.229435225715188817, 1.125735714791256781, 0.1179298560760013437 ) ) ;
#1100 = CARTESIAN_POINT ( 'NONE',  ( -1.008694260662327036, -0.03417731922059014799, 0.1403484132846826160 ) ) ;
#1101 = DIRECTION ( 'NONE',  ( 1.000000000000000000, 0.000000000000000000, 0.000000000000000000 ) ) ;
#1102 = AXIS2_PLACEMENT_3D ( 'NONE', #6977, #7668, #6892 ) ;
#1103 = VERTEX_POINT ( 'NONE', #3303 ) ;
#1104 = DIRECTION ( 'NONE',  ( 0.4835956622101154623, 0.8752915145776061223, 0.000000000000000000 ) ) ;
#1105 = DIRECTION ( 'NONE',  ( 0.1262153702611731598, 0.9920028630552609750, 0.000000000000000000 ) ) ;
#1106 = CARTESIAN_POINT ( 'NONE',  ( -1.278664035432022894, 0.02739647402915445715, 0.07406860066766178530 ) ) ;
#1107 = AXIS2_PLACEMENT_3D ( 'NONE', #2269, #2177, #3091 ) ;
#1108 = B_SPLINE_CURVE_WITH_KNOTS ( 'NONE', 3,
 ( #945, #5145, #8052, #4450, #7364, #5863, #5224, #4493, #1733 ),
 .UNSPECIFIED., .F., .F.,
 ( 4, 1, 2, 2, 4 ),
 ( 0.000000000000000000, 0.2500000000000053846, 0.3749999999999496514, 0.4999999999998939737, 1.000000000000000000 ),
 .UNSPECIFIED. ) ;
#1109 = VERTEX_POINT ( 'NONE', #5462 ) ;
#1110 = B_SPLINE_CURVE_WITH_KNOTS ( 'NONE', 3,
 ( #1691, #8105, #1823, #2530, #5999, #7330, #3170, #446, #5321, #8148, #5233, #7418, #1135, #358, #6731, #3258, #2439, #6038, #8843, #5282, #2570, #6600, #5361, #6082, #1871, #8060 ),
 .UNSPECIFIED., .F., .F.,
 ( 4, 2, 2, 2, 1, 1, 2, 2, 2, 2, 1, 1, 2, 2, 4 ),
 ( 0.000000000000000000, 0.06249999999997626898, 0.09374999999996942723, 0.1249999999999625855, 0.1874999999999187317, 0.2187499999998842315, 0.2343749999998828992, 0.2499999999998815670, 0.3749999999998838707, 0.4999999999998862021, 0.6249999999998884226, 0.6874999999998937517, 0.7187499999998964162, 0.7499999999998990807, 1.000000000000000000 ),
 .UNSPECIFIED. ) ;
#1111 = CARTESIAN_POINT ( 'NONE',  ( -1.352434864998062425, 0.07045513733351140007, 0.08653409550173424281 ) ) ;
#1112 = CARTESIAN_POINT ( 'NONE',  ( -1.359452240353910879, 1.056275575743506057, 0.1242332661342157862 ) ) ;
#1113 = SECURITY_CLASSIFICATION_LEVEL ( 'unclassified' ) ;
#1114 = VERTEX_POINT ( 'NONE', #8303 ) ;
#1115 = CIRCLE ( 'NONE', #533, 0.5999999999999998668 ) ;
#1116 = VECTOR ( 'NONE', #5332, 39.37007874015748143 ) ;
#1117 = CARTESIAN_POINT ( 'NONE',  ( -1.310598320419576357, 1.087287478272881192, 0.1525529810114386875 ) ) ;
#1118 = CARTESIAN_POINT ( 'NONE',  ( -0.5691633575239222198, 0.9685971442496704720, 0.1319084719989581655 ) ) ;
#1119 = CARTESIAN_POINT ( 'NONE',  ( -1.286611308991551850, 0.03137876800194921295, 0.1006129662541304925 ) ) ;
#1120 = CARTESIAN_POINT ( 'NONE',  ( -0.9115079214756900416, 1.157006126327517315, 0.1217573045957542482 ) ) ;
#1121 = CARTESIAN_POINT ( 'NONE',  ( -0.5754008968633014254, 0.9753781427708567708, 0.09646884305729272469 ) ) ;
#1122 = AXIS2_PLACEMENT_3D ( 'NONE', #7128, #6399, #848 ) ;
#1123 = CARTESIAN_POINT ( 'NONE',  ( -1.326239522512309810, 0.05353186268353778143, 0.1024696244559368807 ) ) ;
#1124 = ORIENTED_EDGE ( 'NONE', *, *, #2697, .F. ) ;
#1125 = CARTESIAN_POINT ( 'NONE',  ( -1.342613410220318659, 1.067718116982378174, 0.1306576486342575227 ) ) ;
#1126 = DIRECTION ( 'NONE',  ( 0.000000000000000000, 0.000000000000000000, -1.000000000000000000 ) ) ;
#1127 = CARTESIAN_POINT ( 'NONE',  ( -1.361334399563284059, 1.054943974591527223, 0.1374850768443523774 ) ) ;
#1128 = CARTESIAN_POINT ( 'NONE',  ( -1.333730218445223104, 0.05816207350109578456, 0.1184766623668856572 ) ) ;
#1129 = AXIS2_PLACEMENT_3D ( 'NONE', #6592, #7961, #6546 ) ;
#1130 = AXIS2_PLACEMENT_3D ( 'NONE', #6292, #1903, #5610 ) ;
#1131 = DIRECTION ( 'NONE',  ( 1.000000000000000000, 0.000000000000000000, 0.000000000000000000 ) ) ;
#1132 = VERTEX_POINT ( 'NONE', #7615 ) ;
#1133 = EDGE_CURVE ( 'NONE', #8841, #6934, #2027, .T. ) ;
#1134 = ORIENTED_EDGE ( 'NONE', *, *, #4918, .F. ) ;
#1135 = CARTESIAN_POINT ( 'NONE',  ( -1.353494873245544516, 1.060419504878622465, 0.1187159672219776224 ) ) ;
#1136 = CARTESIAN_POINT ( 'NONE',  ( -0.9462834820430333638, 1.161983112012567876, 0.07675660724024216397 ) ) ;
#1137 = CARTESIAN_POINT ( 'NONE',  ( -0.9681354692489472225, 1.164055693545076542, 0.03974957606830112344 ) ) ;
#1138 = VERTEX_POINT ( 'NONE', #4000 ) ;
#1139 = CARTESIAN_POINT ( 'NONE',  ( -0.9576436563238378552, 1.163161295360569447, 0.08164706879946434515 ) ) ;
#1140 = CARTESIAN_POINT ( 'NONE',  ( -1.325522257483570776, 0.05309540298003502523, 0.1175188373067357489 ) ) ;
#1141 = AXIS2_PLACEMENT_3D ( 'NONE', #2382, #8699, #5856 ) ;
#1142 = VECTOR ( 'NONE', #5996, 39.37007874015748143 ) ;
#1143 = EDGE_CURVE ( 'NONE', #1094, #5812, #7130, .T. ) ;
#1144 = EDGE_CURVE ( 'NONE', #233, #8381, #8670, .T. ) ;
#1145 = CARTESIAN_POINT ( 'NONE',  ( -0.9678464942165311280, 1.164033538672767376, 0.05565863236012395798 ) ) ;
#1146 = ADVANCED_FACE ( 'NONE', ( #7510 ), #2626, .F. ) ;
#1147 = CARTESIAN_POINT ( 'NONE',  ( -1.016389513079114737, 1.165795153420698060, 0.1279111507496004108 ) ) ;
#1148 = VERTEX_POINT ( 'NONE', #6959 ) ;
#1149 = AXIS2_PLACEMENT_3D ( 'NONE', #2333, #6489, #8079 ) ;
#1150 = CARTESIAN_POINT ( 'NONE',  ( -1.329862426202266690, 1.075841958569058177, 0.1354409726294435179 ) ) ;
#1151 = B_SPLINE_CURVE_WITH_KNOTS ( 'NONE', 3,
 ( #6778, #8727, #497, #5425, #2451, #8212, #4515, #4602, #8071, #5967, #370, #1754, #3184, #3828, #5246, #5330, #4562, #1791, #7340, #6651, #7383 ),
 .UNSPECIFIED., .F., .F.,
 ( 4, 2, 2, 2, 1, 2, 2, 1, 1, 2, 2, 4 ),
 ( 0.000000000000000000, 0.1250000000000030809, 0.2500000000000061617, 0.3750000000000092149, 0.4375000000000103806, 0.4687500000000078826, 0.5000000000000053291, 0.6250000000000023315, 0.6875000000000029976, 0.7187500000000015543, 0.7500000000000000000, 1.000000000000000000 ),
 .UNSPECIFIED. ) ;
#1152 = CARTESIAN_POINT ( 'NONE',  ( -0.4820669959545659800, 0.8436441816814841399, 0.1563501366239765933 ) ) ;
#1153 = CARTESIAN_POINT ( 'NONE',  ( -1.228003002057867388, 1.126284793205442281, 0.1144378719582996307 ) ) ;
#1154 = CARTESIAN_POINT ( 'NONE',  ( -1.249895777589186574, 0.01417834995568760872, 0.09535158241632657461 ) ) ;
#1155 = CIRCLE ( 'NONE', #1010, 0.5999999999999998668 ) ;
#1156 = CARTESIAN_POINT ( 'NONE',  ( -1.329715194069262196, 1.075933138670578604, 0.1403740129290424743 ) ) ;
#1157 = VERTEX_POINT ( 'NONE', #8994 ) ;
#1158 = AXIS2_PLACEMENT_3D ( 'NONE', #2379, #5173, #5044 ) ;
#1159 = CARTESIAN_POINT ( 'NONE',  ( -0.4138597245712860584, 0.5658004866359794827, 0.2456034584419083677 ) ) ;
#1160 = VERTEX_POINT ( 'NONE', #1327 ) ;
#1161 = CARTESIAN_POINT ( 'NONE',  ( -1.074646033860207073, -0.03111242544000451457, 0.03554692555714249885 ) ) ;
#1162 = CARTESIAN_POINT ( 'NONE',  ( -0.4966076032179689292, 0.8698568020702972525, 0.1479111507496004008 ) ) ;
#1163 = DIRECTION ( 'NONE',  ( 0.4008553869097453703, 0.9161413421440156579, 0.000000000000000000 ) ) ;
#1164 = CARTESIAN_POINT ( 'NONE',  ( -1.385615941122831929, 1.036755865649005237, 0.09649842003910802379 ) ) ;
#1165 = CARTESIAN_POINT ( 'NONE',  ( -1.284218031229527712, 1.101437652023413927, 0.1523167947348639806 ) ) ;
#1166 = CARTESIAN_POINT ( 'NONE',  ( -1.185035732316387813, 1.140864634685959000, 0.1025265353649850164 ) ) ;
#1167 = CARTESIAN_POINT ( 'NONE',  ( -1.013859724571285925, 0.5658004866359794827, 0.1025265353649850164 ) ) ;
#1168 = CARTESIAN_POINT ( 'NONE',  ( -0.7116752720720495029, 1.084149348413716796, 0.1292710285826780825 ) ) ;
#1169 = CARTESIAN_POINT ( 'NONE',  ( -1.363254418131035539, 1.053575685234653836, 0.1211527091668594680 ) ) ;
#1170 = ORIENTED_EDGE ( 'NONE', *, *, #6337, .T. ) ;
#1171 = CARTESIAN_POINT ( 'NONE',  ( -1.308130623591243991, 0.04291909240380399615, 0.04066884667010194077 ) ) ;
#1172 = CARTESIAN_POINT ( 'NONE',  ( -0.5635944265229161365, 0.5915329830833159219, 0.1511940096230103281 ) ) ;
#1173 = DIRECTION ( 'NONE',  ( 0.000000000000000000, -1.000000000000000000, 0.000000000000000000 ) ) ;
#1174 = CARTESIAN_POINT ( 'NONE',  ( -1.318708844452302076, 0.04901520718964825357, 0.07626614414975349532 ) ) ;
#1175 = B_SPLINE_CURVE_WITH_KNOTS ( 'NONE', 3,
 ( #904, #4491, #3806, #308 ),
 .UNSPECIFIED., .F., .F.,
 ( 4, 4 ),
 ( 0.000000000000000000, 2.110276125018404960E-07 ),
 .UNSPECIFIED. ) ;
#1176 = CARTESIAN_POINT ( 'NONE',  ( -1.312062160612612605, 1.086450046536871161, 0.1103377189820669291 ) ) ;
#1177 = ORIENTED_EDGE ( 'NONE', *, *, #1806, .T. ) ;
#1178 = ORIENTED_EDGE ( 'NONE', *, *, #4508, .F. ) ;
#1179 = DIRECTION ( 'NONE',  ( -0.000000000000000000, -0.000000000000000000, -1.000000000000000000 ) ) ;
#1180 = CARTESIAN_POINT ( 'NONE',  ( -0.9486632117799833619, 1.162248204787074801, 0.07572932464647899597 ) ) ;
#1181 = CARTESIAN_POINT ( 'NONE',  ( -1.062322247813671350, 1.163840103919802305, 0.1386082661342157851 ) ) ;
#1182 = EDGE_CURVE ( 'NONE', #4505, #8485, #2994, .T. ) ;
#1183 = ORIENTED_EDGE ( 'NONE', *, *, #3617, .F. ) ;
#1184 = CARTESIAN_POINT ( 'NONE',  ( -0.9577699807416240052, 1.163173017523910557, 0.03887948915333010874 ) ) ;
#1185 = CARTESIAN_POINT ( 'NONE',  ( -0.5791123178737866972, 0.9793155368288813944, 0.1027427241000461594 ) ) ;
#1186 = CARTESIAN_POINT ( 'NONE',  ( -0.8371415561116032356, -0.007584855579308491524, 0.07182116773966927548 ) ) ;
#1187 = CARTESIAN_POINT ( 'NONE',  ( -1.294507996646150350, 1.096118432933498754, 0.1491858883515930212 ) ) ;
#1188 = ORIENTED_EDGE ( 'NONE', *, *, #973, .F. ) ;
#1189 = CARTESIAN_POINT ( 'NONE',  ( -1.102220812748103684, 1.159258419514299421, 0.1556034584419080935 ) ) ;
#1190 = CARTESIAN_POINT ( 'NONE',  ( -1.001601856068003116, 1.165675754401359177, 0.006176506111841318335 ) ) ;
#1191 = ORIENTED_EDGE ( 'NONE', *, *, #1815, .F. ) ;
#1192 = EDGE_CURVE ( 'NONE', #3778, #3590, #2317, .T. ) ;
#1193 = CARTESIAN_POINT ( 'NONE',  ( -0.9402252393688548260, 1.161265009923557079, 0.07712278498156813211 ) ) ;
#1194 = CARTESIAN_POINT ( 'NONE',  ( -1.325931385424808040, 0.05333664992486484430, 0.05975497672439578772 ) ) ;
#1195 = CARTESIAN_POINT ( 'NONE',  ( -1.280232823997594416, 1.103429907977636404, 0.1198651306519149112 ) ) ;
#1196 = DIRECTION ( 'NONE',  ( -0.000000000000000000, -0.000000000000000000, 1.000000000000000000 ) ) ;
#1197 = EDGE_LOOP ( 'NONE', ( #782, #3833, #8451, #6571, #7311 ) ) ;
#1198 = ORIENTED_EDGE ( 'NONE', *, *, #3849, .F. ) ;
#1199 = CARTESIAN_POINT ( 'NONE',  ( -1.013859724571285925, 0.5658004866359794827, 0.1025265353649850164 ) ) ;
#1200 = EDGE_CURVE ( 'NONE', #749, #2882, #7567, .T. ) ;
#1201 = VERTEX_POINT ( 'NONE', #7883 ) ;
#1202 = CARTESIAN_POINT ( 'NONE',  ( -0.8665046088331687102, -0.01582355458367367892, 0.06970215816750376103 ) ) ;
#1203 = CARTESIAN_POINT ( 'NONE',  ( -1.278024183589635099, 0.02708239892900386053, 0.08433464383668334841 ) ) ;
#1204 = EDGE_CURVE ( 'NONE', #8725, #5731, #4237, .T. ) ;
#1205 = B_SPLINE_CURVE_WITH_KNOTS ( 'NONE', 3,
 ( #3948, #5318, #7283, #443, #4454, #1820, #5826, #7412, #315, #3813, #3765, #6550, #276, #6597 ),
 .UNSPECIFIED., .F., .F.,
 ( 4, 1, 2, 2, 1, 2, 2, 4 ),
 ( 0.000000000000000000, 0.1249999999999965861, 0.1874999999999881761, 0.2499999999999797384, 0.3749999999999461542, 0.4374999999999455436, 0.4999999999999449329, 1.000000000000000000 ),
 .UNSPECIFIED. ) ;
#1206 = CARTESIAN_POINT ( 'NONE',  ( -1.376649549506099746, 1.043695394923226161, 0.1090960125084568799 ) ) ;
#1207 = CARTESIAN_POINT ( 'NONE',  ( -1.273336922253503811, 1.106791829243655378, 0.1354331562209006579 ) ) ;
#1208 = LINE ( 'NONE', #1953, #8440 ) ;
#1209 = EDGE_CURVE ( 'NONE', #5384, #8122, #2908, .T. ) ;
#1210 = CARTESIAN_POINT ( 'NONE',  ( -0.9285982032087828353, -0.02811575421046674100, 0.05377233272474835762 ) ) ;
#1211 = DIRECTION ( 'NONE',  ( -0.000000000000000000, -0.000000000000000000, 1.000000000000000000 ) ) ;
#1212 = CARTESIAN_POINT ( 'NONE',  ( -1.018274654870554574, -0.03418327013619555654, 0.09417470683954379251 ) ) ;
#1213 = VERTEX_POINT ( 'NONE', #5744 ) ;
#1214 = CARTESIAN_POINT ( 'NONE',  ( -1.312526418010719231, 0.04539840107267217872, 0.03946836587167389110 ) ) ;
#1215 = CARTESIAN_POINT ( 'NONE',  ( -0.7237023272452162148, 1.090975395382542734, 0.1025265353649850164 ) ) ;
#1216 = CARTESIAN_POINT ( 'NONE',  ( -0.8384240826535586111, 1.139579482020887991, 0.08560345844190808684 ) ) ;
#1217 = B_SPLINE_CURVE_WITH_KNOTS ( 'NONE', 3,
 ( #8054, #1864, #5316, #8140, #1127, #3211, #6593, #313, #5226, #6725, #5993, #6674, #396, #2434, #4545, #6635, #8801, #2392, #8755, #2525 ),
 .UNSPECIFIED., .F., .F.,
 ( 4, 1, 2, 2, 2, 2, 2, 1, 2, 2, 4 ),
 ( 0.000000000000000000, 0.06249999999999658606, 0.09374999999999453215, 0.1249999999999924782, 0.2499999999999941158, 0.4999999999999860112, 0.7499999999999779066, 0.8124999999999907851, 0.8437499999999924505, 0.8749999999999940048, 1.000000000000000000 ),
 .UNSPECIFIED. ) ;
#1218 = VERTEX_POINT ( 'NONE', #4418 ) ;
#1219 = VERTEX_POINT ( 'NONE', #4232 ) ;
#1220 = CARTESIAN_POINT ( 'NONE',  ( -0.4887980297632323334, 0.8561627239726863348, 0.1480902047291776102 ) ) ;
#1221 = ORIENTED_EDGE ( 'NONE', *, *, #2260, .F. ) ;
#1222 = ORIENTED_EDGE ( 'NONE', *, *, #8160, .T. ) ;
#1223 = DIRECTION ( 'NONE',  ( 1.000000000000000000, 0.000000000000000000, 0.000000000000000000 ) ) ;
#1224 = CARTESIAN_POINT ( 'NONE',  ( -0.9526068792250197426, 1.162667101758244836, 0.07249050846891134936 ) ) ;
#1225 = DIRECTION ( 'NONE',  ( 0.000000000000000000, 0.000000000000000000, -1.000000000000000000 ) ) ;
#1226 = ORIENTED_EDGE ( 'NONE', *, *, #3521, .F. ) ;
#1227 = DIRECTION ( 'NONE',  ( -0.000000000000000000, -0.000000000000000000, 1.000000000000000000 ) ) ;
#1228 = CARTESIAN_POINT ( 'NONE',  ( -0.8076071694640251097, 1.129236271363685873, 0.1025265353649850164 ) ) ;
#1229 = DIRECTION ( 'NONE',  ( 0.000000000000000000, 0.000000000000000000, -1.000000000000000000 ) ) ;
#1230 = CARTESIAN_POINT ( 'NONE',  ( -0.4238597245712854011, 0.5658004866359795937, 0.2556034584419079603 ) ) ;
#1231 = VERTEX_POINT ( 'NONE', #776 ) ;
#1232 = CARTESIAN_POINT ( 'NONE',  ( -1.013859724571285925, 0.5658004866359794827, 0.3756034584419081224 ) ) ;
#1233 = FACE_OUTER_BOUND ( 'NONE', #2218, .T. ) ;
#1234 = CARTESIAN_POINT ( 'NONE',  ( -1.013859724571286147, 0.5658004866359794827, 0.2256034584419079059 ) ) ;
#1235 = VERTEX_POINT ( 'NONE', #5019 ) ;
#1236 = CARTESIAN_POINT ( 'NONE',  ( -0.9270772816145819162, 1.159491322252772738, 0.04973491593680574863 ) ) ;
#1237 = LINE ( 'NONE', #7476, #7711 ) ;
#1238 = CARTESIAN_POINT ( 'NONE',  ( -1.010528827991391099, -0.03419026756609478551, 0.1456034584419077238 ) ) ;
#1239 = CARTESIAN_POINT ( 'NONE',  ( -1.328639208136436656, 0.05500310964559190774, 0.1107122812876479012 ) ) ;
#1240 = ORIENTED_EDGE ( 'NONE', *, *, #51, .F. ) ;
#1241 = EDGE_CURVE ( 'NONE', #7768, #7781, #275, .T. ) ;
#1242 = VERTEX_POINT ( 'NONE', #3638 ) ;
#1243 = CARTESIAN_POINT ( 'NONE',  ( -1.374885893469682374, 1.045029144874535687, 0.1355479798231607191 ) ) ;
#1244 =( GEOMETRIC_REPRESENTATION_CONTEXT ( 3 ) GLOBAL_UNCERTAINTY_ASSIGNED_CONTEXT ( ( #8700 ) ) GLOBAL_UNIT_ASSIGNED_CONTEXT ( ( #2292, #763, #214 ) ) REPRESENTATION_CONTEXT ( 'NONE', 'WORKASPACE' ) );
#1245 = EDGE_LOOP ( 'NONE', ( #7127, #1805, #249, #7172, #3879, #3380, #9000, #657, #743, #88, #2826, #438, #4608, #8390, #5236, #4863, #41, #8363, #3507, #1860, #3392, #3208, #1019, #7884, #2443, #622, #5030, #8076, #6191, #4001, #2058, #4643, #755, #8864, #6361 ) ) ;
#1246 = CIRCLE ( 'NONE', #4781, 0.4609999999999997433 ) ;
#1247 = AXIS2_PLACEMENT_3D ( 'NONE', #8732, #7213, #5927 ) ;
#1248 = CARTESIAN_POINT ( 'NONE',  ( -1.198959453258168883, -0.004934206930166126423, 0.1041621494231820821 ) ) ;
#1249 = CARTESIAN_POINT ( 'NONE',  ( -1.436280858617269285, 0.9918995609939030844, 0.1087070992504954453 ) ) ;
#1250 = EDGE_CURVE ( 'NONE', #7350, #8566, #5057, .T. ) ;
#1251 = EDGE_CURVE ( 'NONE', #4773, #6212, #7754, .T. ) ;
#1252 = EDGE_CURVE ( 'NONE', #5599, #161, #6683, .T. ) ;
#1253 = ORIENTED_EDGE ( 'NONE', *, *, #9020, .F. ) ;
#1254 = CARTESIAN_POINT ( 'NONE',  ( -1.037268995737867128, -0.03374267818851334200, 0.1055559632863461716 ) ) ;
#1255 = CARTESIAN_POINT ( 'NONE',  ( -1.474588977421597669, 0.5814254866359794827, 0.07119988270054551649 ) ) ;
#1256 = CARTESIAN_POINT ( 'NONE',  ( -1.474594853875531797, 0.5501754866359794827, 0.07119400962301104807 ) ) ;
#1257 = CARTESIAN_POINT ( 'NONE',  ( -0.9425836253138609733, 1.161551875786391408, 0.01404521525280555232 ) ) ;
#1258 = CARTESIAN_POINT ( 'NONE',  ( -0.5217337403193175183, 0.5658004866359795937, 0.1511940096230102448 ) ) ;
#1259 = VERTEX_POINT ( 'NONE', #224 ) ;
#1260 = CARTESIAN_POINT ( 'NONE',  ( -1.350803419478121770, 0.06934299933226822921, 0.05498773129833137152 ) ) ;
#1261 = DIRECTION ( 'NONE',  ( 1.000000000000000000, 0.000000000000000000, 0.000000000000000000 ) ) ;
#1262 = CARTESIAN_POINT ( 'NONE',  ( -0.9114244822509522947, -0.02539074192998268600, 0.09892183328223130845 ) ) ;
#1263 = VECTOR ( 'NONE', #7112, 39.37007874015748143 ) ;
#1264 = VERTEX_POINT ( 'NONE', #3035 ) ;
#1265 = ADVANCED_FACE ( 'NONE', ( #7699 ), #7016, .T. ) ;
#1266 = VERTEX_POINT ( 'NONE', #5189 ) ;
#1267 = B_SPLINE_CURVE_WITH_KNOTS ( 'NONE', 3,
 ( #976, #6531, #5769, #935 ),
 .UNSPECIFIED., .F., .F.,
 ( 4, 4 ),
 ( 6.505213034913026604E-19, 0.0005076080830146797616 ),
 .UNSPECIFIED. ) ;
#1268 = DIRECTION ( 'NONE',  ( 0.000000000000000000, 0.000000000000000000, 1.000000000000000000 ) ) ;
#1269 = ORIENTED_EDGE ( 'NONE', *, *, #4542, .F. ) ;
#1270 = VERTEX_POINT ( 'NONE', #997 ) ;
#1271 = AXIS2_PLACEMENT_3D ( 'NONE', #3328, #6160, #1853 ) ;
#1272 = CIRCLE ( 'NONE', #5527, 0.5999999999999998668 ) ;
#1273 = CARTESIAN_POINT ( 'NONE',  ( -1.016389513079114737, 1.165795153420698060, 0.1279111507496004108 ) ) ;
#1274 = CARTESIAN_POINT ( 'NONE',  ( -0.9562532952696655153, 1.163028668349054939, 0.06460449133327193783 ) ) ;
#1275 = CARTESIAN_POINT ( 'NONE',  ( -1.357852320159933956, 0.07420155420242714739, 0.1265631709684626738 ) ) ;
#1276 = ORIENTED_EDGE ( 'NONE', *, *, #4974, .T. ) ;
#1277 = DIRECTION ( 'NONE',  ( -0.000000000000000000, -0.000000000000000000, 1.000000000000000000 ) ) ;
#1278 = FACE_BOUND ( 'NONE', #2685, .T. ) ;
#1279 = AXIS2_PLACEMENT_3D ( 'NONE', #312, #4451, #271 ) ;
#1280 = CARTESIAN_POINT ( 'NONE',  ( -0.9678948516551989512, 1.164037254731099535, 0.05510084129588984497 ) ) ;
#1281 = VECTOR ( 'NONE', #2656, 39.37007874015748143 ) ;
#1282 = CARTESIAN_POINT ( 'NONE',  ( -1.290745921740913849, 1.098092208057076968, 0.1479695674856166265 ) ) ;
#1283 = VERTEX_POINT ( 'NONE', #8672 ) ;
#1284 = CARTESIAN_POINT ( 'NONE',  ( -0.5242193150973660787, 0.9125775059764128505, 0.1171084798099277235 ) ) ;
#1285 = DIRECTION ( 'NONE',  ( -0.1940765145555023719, 0.9809863946548840197, 0.000000000000000000 ) ) ;
#1286 = CIRCLE ( 'NONE', #1877, 0.5999999999999998668 ) ;
#1287 = CARTESIAN_POINT ( 'NONE',  ( -1.338817153011359506, 1.070184068115567877, 0.1086351394551545030 ) ) ;
#1288 = AXIS2_PLACEMENT_3D ( 'NONE', #2578, #412, #3866 ) ;
#1289 = CARTESIAN_POINT ( 'NONE',  ( -1.020209201522512155, 1.165766898335236501, 0.02336423930134613747 ) ) ;
#1290 = EDGE_LOOP ( 'NONE', ( #931, #7747, #7109, #3589 ) ) ;
#1291 = CARTESIAN_POINT ( 'NONE',  ( -0.9392850054996620957, 1.161148440153467742, 0.07695033532236236762 ) ) ;
#1292 = CARTESIAN_POINT ( 'NONE',  ( -0.4874347958403094649, 0.8536843982571682421, 0.1002040134431774199 ) ) ;
#1293 = CARTESIAN_POINT ( 'NONE',  ( -0.8788256557176399308, 1.150407889757055768, 0.02425207029487359139 ) ) ;
#1294 = VECTOR ( 'NONE', #6548, 39.37007874015748143 ) ;
#1295 = VERTEX_POINT ( 'NONE', #8057 ) ;
#1296 = ORIENTED_EDGE ( 'NONE', *, *, #3475, .F. ) ;
#1297 = LINE ( 'NONE', #8686, #1702 ) ;
#1298 = AXIS2_PLACEMENT_3D ( 'NONE', #3147, #377, #5978 ) ;
#1299 = ORIENTED_EDGE ( 'NONE', *, *, #3824, .T. ) ;
#1300 = CARTESIAN_POINT ( 'NONE',  ( -1.333608323065629042, 0.05809896629070503138, 0.07620779895924036096 ) ) ;
#1301 = FACE_OUTER_BOUND ( 'NONE', #3543, .T. ) ;
#1302 = ORIENTED_EDGE ( 'NONE', *, *, #1701, .F. ) ;
#1303 = CONICAL_SURFACE ( 'NONE', #7608, 0.5140000000000003455, 0.5235987755982957070 ) ;
#1304 = CARTESIAN_POINT ( 'NONE',  ( -0.5696836750225039436, 0.9691708452824008280, 0.1357351486642892902 ) ) ;
#1305 = DIRECTION ( 'NONE',  ( -0.000000000000000000, -0.000000000000000000, 1.000000000000000000 ) ) ;
#1306 = FACE_OUTER_BOUND ( 'NONE', #7787, .T. ) ;
#1307 = CARTESIAN_POINT ( 'NONE',  ( -0.9467466568741255140, 1.162036160015690767, 0.01463101427008205342 ) ) ;
#1308 = CARTESIAN_POINT ( 'NONE',  ( -0.5531304717209751809, 0.5814254866359794827, 0.09619988270054498358 ) ) ;
#1309 = ORIENTED_EDGE ( 'NONE', *, *, #1085, .F. ) ;
#1310 = DIRECTION ( 'NONE',  ( -0.000000000000000000, -0.000000000000000000, 1.000000000000000000 ) ) ;
#1311 = ADVANCED_FACE ( 'NONE', ( #1080 ), #4647, .F. ) ;
#1312 = CYLINDRICAL_SURFACE ( 'NONE', #4082, 0.5999999999999998668 ) ;
#1313 = CARTESIAN_POINT ( 'NONE',  ( -0.9093620561809755420, -0.02503049668084207993, 0.1070981462792271466 ) ) ;
#1314 = EDGE_LOOP ( 'NONE', ( #2779, #528, #1620, #2673 ) ) ;
#1315 = CARTESIAN_POINT ( 'NONE',  ( -1.313763717065670189, 1.085471234932384732, 0.1147205337940633008 ) ) ;
#1316 = ORIENTED_EDGE ( 'NONE', *, *, #3117, .F. ) ;
#1317 = VERTEX_POINT ( 'NONE', #1779 ) ;
#1318 = CARTESIAN_POINT ( 'NONE',  ( -1.013859724571285925, 0.5658004866359794827, 0.03554692555714249885 ) ) ;
#1319 = CARTESIAN_POINT ( 'NONE',  ( -1.156203668818071906, 1.148814323603320586, 0.04536274952291551033 ) ) ;
#1320 = CARTESIAN_POINT ( 'NONE',  ( -1.359166932918342674, 0.07512423748807621482, 0.1226905809021757165 ) ) ;
#1321 = ORIENTED_EDGE ( 'NONE', *, *, #7552, .T. ) ;
#1322 = ADVANCED_FACE ( 'NONE', ( #8011 ), #6677, .T. ) ;
#1323 = CARTESIAN_POINT ( 'NONE',  ( -0.9557186134444193293, 1.162976858241609568, 0.02513512700149237583 ) ) ;
#1324 = FACE_BOUND ( 'NONE', #4129, .T. ) ;
#1325 = CARTESIAN_POINT ( 'NONE',  ( -1.359185780641242847, 1.056463230244816476, 0.1140669298351960903 ) ) ;
#1326 = EDGE_CURVE ( 'NONE', #2617, #3217, #8602, .T. ) ;
#1327 = CARTESIAN_POINT ( 'NONE',  ( -0.6358001328419805587, 1.031709217077329876, 0.1108318238265234568 ) ) ;
#1328 = ORIENTED_EDGE ( 'NONE', *, *, #4474, .F. ) ;
#1329 = B_SPLINE_CURVE_WITH_KNOTS ( 'NONE', 3,
 ( #3074, #5859, #6497, #3154 ),
 .UNSPECIFIED., .F., .F.,
 ( 4, 4 ),
 ( 0.000000000000000000, 2.110276125018404960E-07 ),
 .UNSPECIFIED. ) ;
#1330 = CYLINDRICAL_SURFACE ( 'NONE', #6226, 0.4510000000000001785 ) ;
#1331 = PLANE ( 'NONE',  #8491 ) ;
#1332 = FACE_BOUND ( 'NONE', #1088, .T. ) ;
#1333 = CARTESIAN_POINT ( 'NONE',  ( -1.022436325148040170, 1.165739662441684033, 0.02454476041028494718 ) ) ;
#1334 = EDGE_LOOP ( 'NONE', ( #8432, #578, #5285, #6660, #4794 ) ) ;
#1335 = CARTESIAN_POINT ( 'NONE',  ( -0.5156153977494500884, 0.9000946546824106775, 0.09560345844190808184 ) ) ;
#1336 = CARTESIAN_POINT ( 'NONE',  ( -0.8591203188317653172, -0.01391058787555505757, 0.1424971367767402797 ) ) ;
#1337 = ADVANCED_FACE ( 'NONE', ( #3166 ), #2397, .T. ) ;
#1338 = CARTESIAN_POINT ( 'NONE',  ( -0.6927479648198383577, 1.072640990535228989, 0.1040310670813874988 ) ) ;
#1339 = ADVANCED_FACE ( 'NONE', ( #7327 ), #8173, .T. ) ;
#1340 = CARTESIAN_POINT ( 'NONE',  ( -0.8673028308960090138, 1.147632025596744487, 0.03720657899034116728 ) ) ;
#1341 = ORIENTED_EDGE ( 'NONE', *, *, #6061, .F. ) ;
#1342 = VERTEX_POINT ( 'NONE', #4629 ) ;
#1343 = CYLINDRICAL_SURFACE ( 'NONE', #2733, 0.5999999999999998668 ) ;
#1344 = ORIENTED_EDGE ( 'NONE', *, *, #4015, .T. ) ;
#1345 = CARTESIAN_POINT ( 'NONE',  ( -0.8635569957791870976, -0.01506897838595171180, 0.07683033243376645449 ) ) ;
#1346 = VERTEX_POINT ( 'NONE', #354 ) ;
#1347 = CARTESIAN_POINT ( 'NONE',  ( -0.5972228378753954292, 0.9975570206274819718, 0.09560345844190808184 ) ) ;
#1348 = CARTESIAN_POINT ( 'NONE',  ( -1.013859724571285925, 0.5658004866359794827, 0.1279111507496004108 ) ) ;
#1349 = CARTESIAN_POINT ( 'NONE',  ( -0.6741212463372143748, 1.060348778302653727, 0.1639247525091511171 ) ) ;
#1350 = CARTESIAN_POINT ( 'NONE',  ( -0.9454194643773319306, 1.161884375164873084, 0.01431789089534148650 ) ) ;
#1351 = CARTESIAN_POINT ( 'NONE',  ( -1.159842597885847759, -0.01617484012969299528, 0.08568235845541333218 ) ) ;
#1352 = ORIENTED_EDGE ( 'NONE', *, *, #3016, .F. ) ;
#1353 = CARTESIAN_POINT ( 'NONE',  ( -1.390196352405217661, 1.033102070485596657, 0.1486415373031222120 ) ) ;
#1354 = DIRECTION ( 'NONE',  ( 1.000000000000000000, 0.000000000000000000, 0.000000000000000000 ) ) ;
#1355 = VERTEX_POINT ( 'NONE', #7233 ) ;
#1356 = CARTESIAN_POINT ( 'NONE',  ( -0.4738731379958233680, 0.8273622082272149569, 0.1420173589825335370 ) ) ;
#1357 = ADVANCED_FACE ( 'NONE', ( #3215 ), #7965, .T. ) ;
#1358 = CARTESIAN_POINT ( 'NONE',  ( -1.314881457828160904, 1.084824490427302779, 0.1211869562083967566 ) ) ;
#1359 = ORIENTED_EDGE ( 'NONE', *, *, #7414, .F. ) ;
#1360 = ORIENTED_EDGE ( 'NONE', *, *, #3561, .F. ) ;
#1361 = CARTESIAN_POINT ( 'NONE',  ( -1.337664885518373259, 0.06067362093624661945, 0.1404844425462878910 ) ) ;
#1362 = DIRECTION ( 'NONE',  ( 1.000000000000000000, -1.283091534577412468E-16, 0.000000000000000000 ) ) ;
#1363 = CARTESIAN_POINT ( 'NONE',  ( -1.385455845855230184, 1.036880844614081365, 0.1293015228860862342 ) ) ;
#1364 = ORIENTED_EDGE ( 'NONE', *, *, #6477, .F. ) ;
#1365 = CARTESIAN_POINT ( 'NONE',  ( -0.4742353704458389108, 0.8281094781463144150, 0.1076182902054749341 ) ) ;
#1366 = CARTESIAN_POINT ( 'NONE',  ( -1.172820666988374283, 1.144360301233788846, 0.1088519890116373123 ) ) ;
#1367 = DIRECTION ( 'NONE',  ( 0.000000000000000000, 0.000000000000000000, 1.000000000000000000 ) ) ;
#1368 = EDGE_CURVE ( 'NONE', #8632, #1317, #4509, .T. ) ;
#1369 = CARTESIAN_POINT ( 'NONE',  ( -0.5795252654436364725, 0.9797492913209741028, 0.09571600966616930495 ) ) ;
#1370 = EDGE_CURVE ( 'NONE', #3249, #690, #6637, .T. ) ;
#1371 = VERTEX_POINT ( 'NONE', #5951 ) ;
#1372 = DIRECTION ( 'NONE',  ( 1.000000000000000000, 0.000000000000000000, 0.000000000000000000 ) ) ;
#1373 = CARTESIAN_POINT ( 'NONE',  ( -1.284310184408315569, 0.03020965542417477362, 0.05368863649913134528 ) ) ;
#1374 = CARTESIAN_POINT ( 'NONE',  ( -1.338370360425605199, 1.070471516616721352, 0.1104478745295985748 ) ) ;
#1375 = CARTESIAN_POINT ( 'NONE',  ( -1.004594999843707814, 1.165729128650510704, 0.01053281104317356325 ) ) ;
#1376 = ORIENTED_EDGE ( 'NONE', *, *, #4577, .T. ) ;
#1377 = CARTESIAN_POINT ( 'NONE',  ( -0.9307897457120691831, 1.160022167582561936, 0.07014781204281340943 ) ) ;
#1378 = CARTESIAN_POINT ( 'NONE',  ( -0.8673486000200825163, -0.01603729597290691478, 0.1462814365214242240 ) ) ;
#1379 = CARTESIAN_POINT ( 'NONE',  ( -1.344411122837199990, 1.066535745150410941, 0.1560925062101333471 ) ) ;
#1380 = CARTESIAN_POINT ( 'NONE',  ( -1.298667524926041539, 1.093896922531299776, 0.1563556346310839007 ) ) ;
#1381 = ORIENTED_EDGE ( 'NONE', *, *, #4884, .T. ) ;
#1382 = EDGE_LOOP ( 'NONE', ( #1221, #9060, #1915, #1942 ) ) ;
#1383 = CARTESIAN_POINT ( 'NONE',  ( -1.004328838872792895, -0.03412382244157786959, 0.1132596079716573639 ) ) ;
#1384 = CARTESIAN_POINT ( 'NONE',  ( -1.137998039930624428, -0.02121712694963115084, 0.1456034584419080014 ) ) ;
#1385 = ORIENTED_EDGE ( 'NONE', *, *, #6055, .F. ) ;
#1386 = CARTESIAN_POINT ( 'NONE',  ( -0.5655811674908992615, 0.9646071236186143372, 0.1081848300243431760 ) ) ;
#1387 = ORIENTED_EDGE ( 'NONE', *, *, #512, .T. ) ;
#1388 = CARTESIAN_POINT ( 'NONE',  ( -1.140134469992828192, -0.02076532989505030027, 0.1401907789261278570 ) ) ;
#1389 = ORIENTED_EDGE ( 'NONE', *, *, #2853, .F. ) ;
#1390 = CARTESIAN_POINT ( 'NONE',  ( -1.157409332335319840, -0.01677440993165659616, 0.07768067118788785086 ) ) ;
#1391 = FACE_OUTER_BOUND ( 'NONE', #1919, .T. ) ;
#1392 = CARTESIAN_POINT ( 'NONE',  ( -1.229448683953755506, 1.125730483651073977, 0.1265544849751769063 ) ) ;
#1393 = AXIS2_PLACEMENT_3D ( 'NONE', #2122, #1932, #4738 ) ;
#1394 = CIRCLE ( 'NONE', #1247, 0.5999999999999999778 ) ;
#1395 = CARTESIAN_POINT ( 'NONE',  ( -1.013859724571285925, 0.5658004866359794827, 0.1404266281101961555 ) ) ;
#1396 = CARTESIAN_POINT ( 'NONE',  ( -1.164697668996381941, -0.01493001413146899728, 0.1016857329904641560 ) ) ;
#1397 = EDGE_LOOP ( 'NONE', ( #1963, #6303, #6480, #2931 ) ) ;
#1398 = CARTESIAN_POINT ( 'NONE',  ( -1.292550250610508211, 0.03444883340345405304, 0.09483281865557109669 ) ) ;
#1399 = CYLINDRICAL_SURFACE ( 'NONE', #3192, 0.5999999999999998668 ) ;
#1400 = AXIS2_PLACEMENT_3D ( 'NONE', #3120, #2560, #944 ) ;
#1401 = CARTESIAN_POINT ( 'NONE',  ( -1.293563471232664908, 0.03498417083963947100, 0.08881957155374152479 ) ) ;
#1402 = CARTESIAN_POINT ( 'NONE',  ( -0.8863963373657145484, 1.152111584317673465, 0.04391516428931958871 ) ) ;
#1403 = ORIENTED_EDGE ( 'NONE', *, *, #548, .T. ) ;
#1404 = ORIENTED_EDGE ( 'NONE', *, *, #463, .F. ) ;
#1405 = B_SPLINE_CURVE_WITH_KNOTS ( 'NONE', 3,
 ( #1413, #5333, #5381, #1195, #502, #4745, #7014, #4008, #8960, #418, #729, #460, #3539, #1889, #556, #3313, #3368, #6102, #8912, #2681 ),
 .UNSPECIFIED., .F., .F.,
 ( 4, 2, 2, 2, 2, 2, 2, 2, 2, 4 ),
 ( 0.000000000000000000, 0.1249999999999987510, 0.2499999999999975020, 0.3749999999999962252, 0.4999999999999950040, 0.7499999999999924505, 0.8750000000000035527, 0.9062500000000098810, 0.9375000000000163203, 1.000000000000000000 ),
 .UNSPECIFIED. ) ;
#1406 = DIRECTION ( 'NONE',  ( -0.000000000000000000, -0.000000000000000000, 1.000000000000000000 ) ) ;
#1407 = DIRECTION ( 'NONE',  ( -0.000000000000000000, -0.000000000000000000, 1.000000000000000000 ) ) ;
#1408 = CARTESIAN_POINT ( 'NONE',  ( -1.185749822409799092, 1.140651592806147807, 0.09560345844190808184 ) ) ;
#1409 = AXIS2_PLACEMENT_3D ( 'NONE', #2324, #886, #6520 ) ;
#1410 = CARTESIAN_POINT ( 'NONE',  ( -1.155705032284313205, -0.01719171629626934164, 0.06719990085114159462 ) ) ;
#1411 = CARTESIAN_POINT ( 'NONE',  ( -0.4734010986147313416, 0.8263853570433853379, 0.1149990710961107526 ) ) ;
#1412 = FACE_BOUND ( 'NONE', #486, .T. ) ;
#1413 = CARTESIAN_POINT ( 'NONE',  ( -1.279876131204324530, 1.103606465964998895, 0.1256395161342157840 ) ) ;
#1414 = FACE_OUTER_BOUND ( 'NONE', #7723, .T. ) ;
#1415 = CC_DESIGN_DATE_AND_TIME_ASSIGNMENT ( #383, #6535, ( #1556 ) ) ;
#1416 = VECTOR ( 'NONE', #7786, 39.37007874015748143 ) ;
#1417 = AXIS2_PLACEMENT_3D ( 'NONE', #8385, #4719, #6124 ) ;
#1418 = DIRECTION ( 'NONE',  ( -0.1258430373828105520, 0.9920501650331341459, 0.000000000000000000 ) ) ;
#1419 = ORIENTED_EDGE ( 'NONE', *, *, #8614, .T. ) ;
#1420 = FACE_BOUND ( 'NONE', #7666, .T. ) ;
#1421 = CARTESIAN_POINT ( 'NONE',  ( -1.283421399113479744, 0.02976270474182209427, 0.05545158929650005619 ) ) ;
#1422 = DIRECTION ( 'NONE',  ( 0.000000000000000000, -1.000000000000000000, 0.000000000000000000 ) ) ;
#1423 = ORIENTED_EDGE ( 'NONE', *, *, #5141, .F. ) ;
#1424 = ORIENTED_EDGE ( 'NONE', *, *, #5700, .T. ) ;
#1425 = CARTESIAN_POINT ( 'NONE',  ( -1.356946318649067340, 1.058034507559903359, 0.1548912372743546095 ) ) ;
#1426 = CARTESIAN_POINT ( 'NONE',  ( -0.8714821006651197743, -0.01706642253301595552, 0.1476492617846982547 ) ) ;
#1427 = CIRCLE ( 'NONE', #4651, 0.5074999999999999512 ) ;
#1428 = EDGE_CURVE ( 'NONE', #5410, #4500, #1443, .T. ) ;
#1429 = CARTESIAN_POINT ( 'NONE',  ( -0.7023205634268161468, 1.078580523026516635, 0.09607221180633922220 ) ) ;
#1430 = CARTESIAN_POINT ( 'NONE',  ( -1.013859724571285925, 0.5658004866359794827, 0.1511940096230103281 ) ) ;
#1431 = ORIENTED_EDGE ( 'NONE', *, *, #3764, .F. ) ;
#1432 = ORIENTED_EDGE ( 'NONE', *, *, #8911, .F. ) ;
#1433 = CIRCLE ( 'NONE', #6994, 0.5999999999999998668 ) ;
#1434 = AXIS2_PLACEMENT_3D ( 'NONE', #6972, #2554, #1163 ) ;
#1435 = DIRECTION ( 'NONE',  ( -0.000000000000000000, -0.000000000000000000, 1.000000000000000000 ) ) ;
#1437 = EDGE_CURVE ( 'NONE', #1012, #1673, #5279, .T. ) ;
#1436 = CARTESIAN_POINT ( 'NONE',  ( -1.023003377698814997, -0.03413005197561923970, 0.04232661162626237539 ) ) ;
#1438 = ORIENTED_EDGE ( 'NONE', *, *, #8089, .F. ) ;
#1439 = CARTESIAN_POINT ( 'NONE',  ( -1.177023873333434167, 1.143189065195706844, 0.1225804179544168482 ) ) ;
#1440 = VERTEX_POINT ( 'NONE', #2527 ) ;
#1441 = AXIS2_PLACEMENT_3D ( 'NONE', #3784, #3871, #2325 ) ;
#1442 = DIRECTION ( 'NONE',  ( 0.000000000000000000, -1.000000000000000000, 0.000000000000000000 ) ) ;
#1443 = CIRCLE ( 'NONE', #2339, 0.5999999999999998668 ) ;
#1444 = ORIENTED_EDGE ( 'NONE', *, *, #5472, .T. ) ;
#1445 = DIRECTION ( 'NONE',  ( 0.000000000000000000, 0.000000000000000000, -1.000000000000000000 ) ) ;
#1446 = CARTESIAN_POINT ( 'NONE',  ( -1.383378142974043490, 1.038511962158904955, 0.1097871246568814241 ) ) ;
#1447 = B_SPLINE_CURVE_WITH_KNOTS ( 'NONE', 3,
 ( #6626, #1678, #901, #7869, #7354, #3711, #5938, #215, #6665, #8745, #2426, #3752, #2469, #5897, #8616, #5858, #983, #8701, #3800, #5264, #2986, #8660, #8044, #6585, #1069, #2384, #2294, #6496, #5816, #5139, #1638, #4445, #5984, #2824, #8791 ),
 .UNSPECIFIED., .F., .F.,
 ( 4, 1, 1, 2, 2, 1, 1, 2, 2, 1, 1, 2, 2, 2, 1, 2, 2, 1, 1, 2, 2, 4 ),
 ( 0.000000000000000000, 0.06250000000000231759, 0.09375000000000366374, 0.1093750000000044548, 0.1250000000000052736, 0.1875000000000102973, 0.2187500000000128786, 0.2343750000000141831, 0.2500000000000154876, 0.3750000000000173195, 0.4375000000000196509, 0.4687500000000194844, 0.5000000000000193179, 0.6250000000000222045, 0.6875000000000239808, 0.7187500000000208722, 0.7500000000000177636, 0.8125000000000115463, 0.8437500000000071054, 0.8593750000000032196, 0.8749999999999993339, 1.000000000000000000 ),
 .UNSPECIFIED. ) ;
#1448 = AXIS2_PLACEMENT_3D ( 'NONE', #798, #8376, #7129 ) ;
#1449 = CARTESIAN_POINT ( 'NONE',  ( -1.222768647098656736, 1.128256860747110624, 0.1215478066957843273 ) ) ;
#1450 = B_SPLINE_CURVE_WITH_KNOTS ( 'NONE', 3,
 ( #666, #6868, #7648, #8293 ),
 .UNSPECIFIED., .F., .F.,
 ( 4, 4 ),
 ( 0.000000000000000000, 1.000000000000000000 ),
 .UNSPECIFIED. ) ;
#1451 = CARTESIAN_POINT ( 'NONE',  ( -1.332873098408109636, 0.05763666726938300455, 0.08044508436296068932 ) ) ;
#1452 = CARTESIAN_POINT ( 'NONE',  ( -1.277178982975787580, 0.02666660083179163074, 0.1302730121384107209 ) ) ;
#1453 = VERTEX_POINT ( 'NONE', #3085 ) ;
#1454 = EDGE_CURVE ( 'NONE', #7004, #4996, #1205, .T. ) ;
#1455 = DIRECTION ( 'NONE',  ( 0.7192514278108715908, -0.6947498712428974432, 3.081487911019576818E-32 ) ) ;
#1456 = DIRECTION ( 'NONE',  ( -0.000000000000000000, -0.000000000000000000, 1.000000000000000000 ) ) ;
#1457 = B_SPLINE_CURVE_WITH_KNOTS ( 'NONE', 3,
 ( #7628, #2042, #5519, #4111, #8321, #2875, #5477, #2782, #7033, #6933, #7718, #694, #1383, #744, #5570, #4294, #7582, #7769, #23, #3456, #6296, #4888 ),
 .UNSPECIFIED., .F., .F.,
 ( 4, 1, 1, 1, 2, 2, 1, 1, 2, 2, 1, 2, 2, 4 ),
 ( 0.000000000000000000, 0.1249999999999937828, 0.1874999999999905909, 0.2187499999999870659, 0.2343749999999853173, 0.2499999999999835687, 0.3749999999999840128, 0.4374999999999870104, 0.4687499999999885092, 0.4999999999999900080, 0.6249999999999946709, 0.6874999999999975575, 0.7500000000000004441, 1.000000000000000000 ),
 .UNSPECIFIED. ) ;
#1458 = CARTESIAN_POINT ( 'NONE',  ( -1.288654396307112870, 0.03242520611437290506, 0.08305004480746605577 ) ) ;
#1459 = DIRECTION ( 'NONE',  ( -0.000000000000000000, -0.000000000000000000, 1.000000000000000000 ) ) ;
#1460 = VERTEX_POINT ( 'NONE', #3125 ) ;
#1461 = VERTEX_POINT ( 'NONE', #4819 ) ;
#1462 = DIRECTION ( 'NONE',  ( -1.283091534577412468E-16, -1.000000000000000000, 3.851859888774471022E-33 ) ) ;
#1463 = CIRCLE ( 'NONE', #6140, 0.4724999999999999201 ) ;
#1464 = DIRECTION ( 'NONE',  ( -0.000000000000000000, -0.000000000000000000, 1.000000000000000000 ) ) ;
#1465 = VERTEX_POINT ( 'NONE', #6172 ) ;
#1466 = CARTESIAN_POINT ( 'NONE',  ( -0.4786325065730530626, 0.8369691246575748922, 0.09672329615298221051 ) ) ;
#1467 = CARTESIAN_POINT ( 'NONE',  ( -0.9184884649422873082, 1.158172283846262918, 0.06439871263819384184 ) ) ;
#1468 = ORIENTED_EDGE ( 'NONE', *, *, #2264, .F. ) ;
#1469 = CARTESIAN_POINT ( 'NONE',  ( -1.337513307983673627, 1.071021608276121695, 0.1428447268503058587 ) ) ;
#1470 = CARTESIAN_POINT ( 'NONE',  ( -1.359617566233693342, 1.056159049805269090, 0.1126371025806230941 ) ) ;
#1471 = CARTESIAN_POINT ( 'NONE',  ( -0.4870978070606488686, 0.8530667140363885625, 0.1221442475478979744 ) ) ;
#1472 = ORIENTED_EDGE ( 'NONE', *, *, #3893, .T. ) ;
#1473 = DIRECTION ( 'NONE',  ( -0.004216314179714753148, 0.9999911113078645553, 0.000000000000000000 ) ) ;
#1474 = FACE_OUTER_BOUND ( 'NONE', #8936, .T. ) ;
#1475 = CARTESIAN_POINT ( 'NONE',  ( -0.6994621222183421416, 1.076832968848171923, 0.1262835730617650198 ) ) ;
#1476 = ORIENTED_EDGE ( 'NONE', *, *, #4527, .F. ) ;
#1477 = ORIENTED_EDGE ( 'NONE', *, *, #8786, .T. ) ;
#1478 = CARTESIAN_POINT ( 'NONE',  ( -1.360433411586822627, 1.055583164842966326, 0.1529561892854464644 ) ) ;
#1479 = CARTESIAN_POINT ( 'NONE',  ( -0.8458132013272892102, -0.01019113043682360296, 0.1303927899512945798 ) ) ;
#1480 = CARTESIAN_POINT ( 'NONE',  ( -1.330693706339367566, 1.075326358352437062, 0.1449384537856856503 ) ) ;
#1481 = CARTESIAN_POINT ( 'NONE',  ( -1.338947588173029946, 1.070100103092610500, 0.1330908761852428734 ) ) ;
#1482 = ORIENTED_EDGE ( 'NONE', *, *, #1647, .T. ) ;
#1483 = ORIENTED_EDGE ( 'NONE', *, *, #8939, .F. ) ;
#1484 = EDGE_CURVE ( 'NONE', #2545, #8108, #8218, .T. ) ;
#1485 = EDGE_CURVE ( 'NONE', #7333, #3614, #8987, .T. ) ;
#1486 = FACE_OUTER_BOUND ( 'NONE', #8608, .T. ) ;
#1487 = LINE ( 'NONE', #521, #7267 ) ;
#1488 = CARTESIAN_POINT ( 'NONE',  ( -1.280076960298023758, 0.02809388996723780410, 0.05636272943708823396 ) ) ;
#1489 = VERTEX_POINT ( 'NONE', #2750 ) ;
#1490 = CARTESIAN_POINT ( 'NONE',  ( -1.137998039930624428, -0.02121712694963115084, 0.1456034584419080014 ) ) ;
#1491 = ORIENTED_EDGE ( 'NONE', *, *, #9010, .T. ) ;
#1492 = ORIENTED_EDGE ( 'NONE', *, *, #1658, .F. ) ;
#1493 = EDGE_CURVE ( 'NONE', #7588, #4731, #1716, .T. ) ;
#1494 = CARTESIAN_POINT ( 'NONE',  ( -0.4828184308984922457, 0.8450767469298638979, 0.1491621700213738022 ) ) ;
#1495 = EDGE_CURVE ( 'NONE', #4425, #4724, #6035, .T. ) ;
#1496 = ADVANCED_FACE ( 'NONE', ( #7550 ), #250, .T. ) ;
#1497 = CARTESIAN_POINT ( 'NONE',  ( -1.321797440892989783, 0.05084965124819837423, 0.1496728495125420055 ) ) ;
#1498 = DIRECTION ( 'NONE',  ( 1.000000000000000000, 0.000000000000000000, 0.000000000000000000 ) ) ;
#1499 = CARTESIAN_POINT ( 'NONE',  ( -1.314952924295422543, 1.084783034826379611, 0.1301904939366349823 ) ) ;
#1500 = FACE_OUTER_BOUND ( 'NONE', #1397, .T. ) ;
#1501 = ORIENTED_EDGE ( 'NONE', *, *, #3658, .F. ) ;
#1502 = CARTESIAN_POINT ( 'NONE',  ( -1.389357685244937413, 1.033776924359914196, 0.1486031003145856788 ) ) ;
#1503 = CARTESIAN_POINT ( 'NONE',  ( -0.4998597245712856352, 0.5658004866359795937, -0.07439654155809191649 ) ) ;
#1504 = DIRECTION ( 'NONE',  ( 0.7602724305064908483, 0.6496043652961031034, 0.000000000000000000 ) ) ;
#1505 = DIRECTION ( 'NONE',  ( -0.2708883723105631747, -0.9626107675207740133, 0.000000000000000000 ) ) ;
#1506 = EDGE_LOOP ( 'NONE', ( #8113, #5770, #8411, #5953, #7845 ) ) ;
#1507 = B_SPLINE_CURVE_WITH_KNOTS ( 'NONE', 3,
 ( #8564, #3748, #5132, #6491 ),
 .UNSPECIFIED., .F., .F.,
 ( 4, 4 ),
 ( 0.000000000000000000, 1.000000000000000000 ),
 .UNSPECIFIED. ) ;
#1508 = CARTESIAN_POINT ( 'NONE',  ( -1.374694790917425857, 1.045173050405514337, 0.1384159584419080713 ) ) ;
#1509 = CARTESIAN_POINT ( 'NONE',  ( -1.274750706242168796, 0.02548649752498938215, 0.04221834181371835609 ) ) ;
#1510 = ORIENTED_EDGE ( 'NONE', *, *, #8233, .T. ) ;
#1511 = CARTESIAN_POINT ( 'NONE',  ( -1.425740341258127764, 1.002096667684664100, 0.1371419199803696476 ) ) ;
#1512 = LINE ( 'NONE', #3080, #6806 ) ;
#1513 = CARTESIAN_POINT ( 'NONE',  ( -1.342934510313585461, 1.067507899147881689, 0.1484634739850091700 ) ) ;
#1514 = B_SPLINE_CURVE_WITH_KNOTS ( 'NONE', 3,
 ( #2832, #167, #1388, #1490 ),
 .UNSPECIFIED., .F., .F.,
 ( 4, 4 ),
 ( 0.000000000000000000, 1.000000000000000000 ),
 .UNSPECIFIED. ) ;
#1515 = CARTESIAN_POINT ( 'NONE',  ( -1.280100654597750687, 0.02810562225782413034, 0.06586302708416084950 ) ) ;
#1516 = DIRECTION ( 'NONE',  ( -0.000000000000000000, -0.000000000000000000, 1.000000000000000000 ) ) ;
#1517 = VERTEX_POINT ( 'NONE', #1918 ) ;
#1518 = CARTESIAN_POINT ( 'NONE',  ( -1.357326271058672429, 0.07383411130498268582, 0.05988569214927331325 ) ) ;
#1519 = CARTESIAN_POINT ( 'NONE',  ( -0.8954629493178019040, 1.154011007057543114, 0.06901024262994231995 ) ) ;
#1520 = CARTESIAN_POINT ( 'NONE',  ( -1.013859724571285925, 0.5501754866359795937, 0.09619400962301037639 ) ) ;
#1521 = EDGE_LOOP ( 'NONE', ( #4219, #6776, #6468 ) ) ;
#1522 = VERTEX_POINT ( 'NONE', #4767 ) ;
#1523 = CARTESIAN_POINT ( 'NONE',  ( -1.361455355300887460, 1.054858427887159777, 0.1521575903741607949 ) ) ;
#1524 = CYLINDRICAL_SURFACE ( 'NONE', #6090, 0.5999999999999998668 ) ;
#1525 = CARTESIAN_POINT ( 'NONE',  ( -0.5332046775557837126, 0.9249254311588088751, 0.1309880738265234712 ) ) ;
#1526 = CARTESIAN_POINT ( 'NONE',  ( -1.144652818523966831, -0.01977031742983545795, 0.04100553047936803669 ) ) ;
#1527 = VERTEX_POINT ( 'NONE', #1867 ) ;
#1528 = ORIENTED_EDGE ( 'NONE', *, *, #3278, .F. ) ;
#1529 = CARTESIAN_POINT ( 'NONE',  ( -0.9102432317352566749, -0.02518482789527873994, 0.07687188852735092615 ) ) ;
#1530 = CARTESIAN_POINT ( 'NONE',  ( -1.233654932536127014, 1.124093400077248006, 0.1210408016754398602 ) ) ;
#1531 = CARTESIAN_POINT ( 'NONE',  ( -0.5648321931852215982, 0.9637632030693881191, 0.1108215644647362330 ) ) ;
#1532 = VERTEX_POINT ( 'NONE', #7603 ) ;
#1533 = CARTESIAN_POINT ( 'NONE',  ( -1.013859724571285925, 0.5658004866359794827, 0.09560345844190808184 ) ) ;
#1534 = VERTEX_POINT ( 'NONE', #8344 ) ;
#1535 = ORIENTED_EDGE ( 'NONE', *, *, #5712, .F. ) ;
#1536 = CARTESIAN_POINT ( 'NONE',  ( -0.4832255543044113866, 0.8458495184638266107, 0.1488892426892808318 ) ) ;
#1537 = CYLINDRICAL_SURFACE ( 'NONE', #1448, 0.5999999999999998668 ) ;
#1538 = CARTESIAN_POINT ( 'NONE',  ( -0.6755403230671530590, 1.061320445826442693, 0.1660112644543985383 ) ) ;
#1539 = CARTESIAN_POINT ( 'NONE',  ( -1.013859724571285925, 0.5658004866359794827, 0.08119400962301026592 ) ) ;
#1540 = ORIENTED_EDGE ( 'NONE', *, *, #1143, .T. ) ;
#1541 = LINE ( 'NONE', #3426, #6563 ) ;
#1542 = CARTESIAN_POINT ( 'NONE',  ( -1.262274260191181163, 0.01964096919372929073, 0.1093265354512116122 ) ) ;
#1543 = ADVANCED_FACE ( 'NONE', ( #2061 ), #3324, .F. ) ;
#1544 = EDGE_CURVE ( 'NONE', #8565, #8058, #1092, .T. ) ;
#1545 = EDGE_CURVE ( 'NONE', #1355, #7239, #5379, .T. ) ;
#1546 = B_SPLINE_CURVE_WITH_KNOTS ( 'NONE', 3,
 ( #4906, #7686, #1402, #4217 ),
 .UNSPECIFIED., .F., .F.,
 ( 4, 4 ),
 ( 0.000000000000000000, 1.000000000000000000 ),
 .UNSPECIFIED. ) ;
#1547 = CARTESIAN_POINT ( 'NONE',  ( -1.013859724571285925, 0.5658004866359794827, 0.3756034584419081224 ) ) ;
#1548 = CARTESIAN_POINT ( 'NONE',  ( -0.7000419079907996833, 1.077189307589653255, 0.1318023277894997403 ) ) ;
#1549 = CIRCLE ( 'NONE', #7255, 0.5999999999999999778 ) ;
#1550 = DIRECTION ( 'NONE',  ( -0.000000000000000000, -0.000000000000000000, -1.000000000000000000 ) ) ;
#1551 = B_SPLINE_CURVE_WITH_KNOTS ( 'NONE', 3,
 ( #5539, #8191, #2799, #1262, #7544, #576, #1913, #2056, #1313, #9025, #7496, #3389, #3340, #2102, #4124, #4902, #6905, #525, #6998, #8341 ),
 .UNSPECIFIED., .F., .F.,
 ( 4, 1, 1, 2, 2, 1, 1, 2, 2, 2, 2, 4 ),
 ( 0.000000000000000000, 0.1249999999999949485, 0.1874999999999929223, 0.2187499999999924227, 0.2499999999999919509, 0.3749999999999938383, 0.4374999999999952816, 0.4687499999999960587, 0.4999999999999967804, 0.6249999999999995559, 0.7500000000000024425, 1.000000000000000000 ),
 .UNSPECIFIED. ) ;
#1552 = CARTESIAN_POINT ( 'NONE',  ( -1.179679178052809085, 1.142432005759837832, 0.004711531358574759867 ) ) ;
#1553 = ORIENTED_EDGE ( 'NONE', *, *, #7315, .F. ) ;
#1554 = CARTESIAN_POINT ( 'NONE',  ( -0.4844494800509585586, 0.8481563196183911080, 0.1044152650027211915 ) ) ;
#1555 = DIRECTION ( 'NONE',  ( -0.000000000000000000, -0.000000000000000000, 1.000000000000000000 ) ) ;
#1556 = SECURITY_CLASSIFICATION ( '', '', #1113 ) ;
#1557 = CARTESIAN_POINT ( 'NONE',  ( -1.474594853875531797, 0.5814254866359794827, 0.09619400962301105640 ) ) ;
#1558 = CARTESIAN_POINT ( 'NONE',  ( -1.249694925530939305, 0.01409022834069967485, 0.07836653518141761809 ) ) ;
#1559 = ORIENTED_EDGE ( 'NONE', *, *, #356, .T. ) ;
#1560 = AXIS2_PLACEMENT_3D ( 'NONE', #7420, #6770, #8107 ) ;
#1561 = DIRECTION ( 'NONE',  ( -0.000000000000000000, -0.000000000000000000, 1.000000000000000000 ) ) ;
#1562 = CARTESIAN_POINT ( 'NONE',  ( -0.9271178694500056272, 1.159497253166054120, 0.04102002223773385664 ) ) ;
#1563 = CARTESIAN_POINT ( 'NONE',  ( -1.381069522354893442, 1.040307640739358552, 0.1221369614359045785 ) ) ;
#1564 = ORIENTED_EDGE ( 'NONE', *, *, #7414, .T. ) ;
#1565 = ORIENTED_EDGE ( 'NONE', *, *, #4601, .F. ) ;
#1566 = CARTESIAN_POINT ( 'NONE',  ( -1.257861401009579216, 0.01765526692198591402, 0.1095132000064416578 ) ) ;
#1567 = DIRECTION ( 'NONE',  ( 0.000000000000000000, 0.000000000000000000, 1.000000000000000000 ) ) ;
#1568 = CARTESIAN_POINT ( 'NONE',  ( -0.9168865961748750015, 1.157912151217733276, 0.04053736061236362653 ) ) ;
#1569 = AXIS2_PLACEMENT_3D ( 'NONE', #7291, #1617, #958 ) ;
#1570 = CARTESIAN_POINT ( 'NONE',  ( -1.316801650843903104, 1.083707578279700545, 0.1462862946931604013 ) ) ;
#1571 = ORIENTED_EDGE ( 'NONE', *, *, #2279, .F. ) ;
#1572 = AXIS2_PLACEMENT_3D ( 'NONE', #8924, #8829, #3979 ) ;
#1573 = DIRECTION ( 'NONE',  ( 0.000000000000000000, 0.000000000000000000, -1.000000000000000000 ) ) ;
#1574 = AXIS2_PLACEMENT_3D ( 'NONE', #7280, #4585, #8838 ) ;
#1575 = AXIS2_PLACEMENT_3D ( 'NONE', #3309, #3363, #7473 ) ;
#1576 = CARTESIAN_POINT ( 'NONE',  ( -1.249767300384229118, 0.01412322542827849393, 0.06573495108545195087 ) ) ;
#1577 = CARTESIAN_POINT ( 'NONE',  ( -0.5633566878188462912, 0.9620921618922866347, 0.1203982943056159383 ) ) ;
#1578 = DIRECTION ( 'NONE',  ( 0.07415931691735551390, -0.9972464067191976200, 0.000000000000000000 ) ) ;
#1579 = VERTEX_POINT ( 'NONE', #7049 ) ;
#1580 = CONICAL_SURFACE ( 'NONE', #3057, 0.4724999999999999201, 1.047197551196588527 ) ;
#1581 = AXIS2_PLACEMENT_3D ( 'NONE', #3650, #5029, #5796 ) ;
#1582 = ORIENTED_EDGE ( 'NONE', *, *, #8561, .F. ) ;
#1583 = CARTESIAN_POINT ( 'NONE',  ( -1.353788963400843759, 0.07138226371462680353, 0.09511270673695236544 ) ) ;
#1584 = CARTESIAN_POINT ( 'NONE',  ( -0.5566048889399928257, 0.5468194266794446090, 0.09955855284873936506 ) ) ;
#1585 = CARTESIAN_POINT ( 'NONE',  ( -1.302412515705323681, 1.091858991853075667, 0.09526280591275809728 ) ) ;
#1586 = CARTESIAN_POINT ( 'NONE',  ( -1.315112382081665254, 1.084690490724451006, 0.1264928815188311739 ) ) ;
#1587 = AXIS2_PLACEMENT_3D ( 'NONE', #8323, #564, #2645 ) ;
#1588 = ORIENTED_EDGE ( 'NONE', *, *, #1713, .F. ) ;
#1589 = CIRCLE ( 'NONE', #8890, 0.5999999999999998668 ) ;
#1590 = VERTEX_POINT ( 'NONE', #4312 ) ;
#1591 = CARTESIAN_POINT ( 'NONE',  ( -1.013859724571285925, 1.069800486635979597, -0.07439654155809191649 ) ) ;
#1592 = CARTESIAN_POINT ( 'NONE',  ( -1.224428529458423842, 1.127637454455294952, 0.1390409584419080857 ) ) ;
#1593 = ADVANCED_FACE ( 'NONE', ( #2802 ), #6543, .T. ) ;
#1594 = ADVANCED_FACE ( 'NONE', ( #766 ), #7274, .T. ) ;
#1595 = DIRECTION ( 'NONE',  ( -0.4015335382505081374, 0.9158443195543813919, 0.000000000000000000 ) ) ;
#1596 = VECTOR ( 'NONE', #5214, 39.37007874015748143 ) ;
#1597 = CARTESIAN_POINT ( 'NONE',  ( -0.6954706687449762059, 1.074355704021497049, 0.1390409584419080857 ) ) ;
#1598 = EDGE_CURVE ( 'NONE', #841, #3249, #1115, .T. ) ;
#1599 = CARTESIAN_POINT ( 'NONE',  ( -1.385620605684963591, 1.036750462732361155, 0.1548992868681055846 ) ) ;
#1600 = CARTESIAN_POINT ( 'NONE',  ( -0.4784692120386754843, 0.8366458680865516140, 0.1463329496155759968 ) ) ;
#1601 = DIRECTION ( 'NONE',  ( -0.000000000000000000, -0.000000000000000000, 1.000000000000000000 ) ) ;
#1602 = CARTESIAN_POINT ( 'NONE',  ( -1.296086849169151289, 0.03631839597770870898, 0.1432065414824448546 ) ) ;
#1603 = DIRECTION ( 'NONE',  ( -0.000000000000000000, -0.000000000000000000, 1.000000000000000000 ) ) ;
#1604 = DIRECTION ( 'NONE',  ( 0.000000000000000000, 0.000000000000000000, -1.000000000000000000 ) ) ;
#1605 = AXIS2_PLACEMENT_3D ( 'NONE', #4037, #8250, #1086 ) ;
#1606 = CARTESIAN_POINT ( 'NONE',  ( -1.013859724571285925, 0.05830048663597979519, 0.1511940096230103281 ) ) ;
#1607 = CARTESIAN_POINT ( 'NONE',  ( -1.253584135721576898, 0.01577120845490186801, 0.07317243011480416282 ) ) ;
#1608 = VERTEX_POINT ( 'NONE', #5688 ) ;
#1609 = VECTOR ( 'NONE', #2251, 39.37007874015748143 ) ;
#1610 = CARTESIAN_POINT ( 'NONE',  ( -0.9825575834951122411, 1.164983410261183572, 0.09560345844190808184 ) ) ;
#1611 = EDGE_CURVE ( 'NONE', #732, #3554, #1589, .T. ) ;
#1612 = CARTESIAN_POINT ( 'NONE',  ( -0.9287583870421841636, 1.159734627913110216, 0.02671810001142652449 ) ) ;
#1613 = CARTESIAN_POINT ( 'NONE',  ( -0.7019689328077725055, 1.078366728107930772, 0.1272491032577807990 ) ) ;
#1614 = ORIENTED_EDGE ( 'NONE', *, *, #8197, .F. ) ;
#1615 = ORIENTED_EDGE ( 'NONE', *, *, #1843, .F. ) ;
#1616 = CARTESIAN_POINT ( 'NONE',  ( -0.4770694756189973185, 0.8338606098050542759, 0.1116763367463379508 ) ) ;
#1617 = DIRECTION ( 'NONE',  ( 0.000000000000000000, 0.000000000000000000, -1.000000000000000000 ) ) ;
#1618 = CARTESIAN_POINT ( 'NONE',  ( -0.9176112997462853027, 1.158030375931686340, 0.03176705525406251646 ) ) ;
#1619 = CARTESIAN_POINT ( 'NONE',  ( -1.322399862653043323, 1.080390598465277963, 0.1263967276726773448 ) ) ;
#1620 = ORIENTED_EDGE ( 'NONE', *, *, #4142, .F. ) ;
#1621 = B_SPLINE_CURVE_WITH_KNOTS ( 'NONE', 3,
 ( #5257, #6748, #6839, #506, #7441, #6107, #5300, #8224, #6707, #6057, #5336, #8862, #8822, #4652, #1898 ),
 .UNSPECIFIED., .F., .F.,
 ( 4, 2, 2, 2, 1, 2, 2, 4 ),
 ( 0.000000000000000000, 0.06250000000001182388, 0.1250000000000236478, 0.2500000000000219269, 0.3750000000000202061, 0.4375000000000222045, 0.5000000000000242029, 1.000000000000000000 ),
 .UNSPECIFIED. ) ;
#1622 = B_SPLINE_CURVE_WITH_KNOTS ( 'NONE', 3,
 ( #6508, #7331, #5154, #913, #1003, #1562, #3090, #4554, #3819, #228, #6601, #4374, #952, #319, #5830, #876, #1612, #8543, #2440, #3131, #4421, #2360, #3038, #5788, #5914, #7154, #3687, #6471, #1744, #2956, #7927, #7969, #8015, #7842, #5748 ),
 .UNSPECIFIED., .F., .F.,
 ( 4, 1, 1, 2, 2, 1, 2, 2, 1, 1, 1, 2, 2, 2, 2, 2, 2, 1, 2, 2, 4 ),
 ( 0.000000000000000000, 0.06250000000000267841, 0.09375000000000427436, 0.1093750000000048156, 0.1250000000000053568, 0.1875000000000059674, 0.2187500000000066613, 0.2500000000000073275, 0.3750000000000096034, 0.4375000000000098255, 0.4687500000000108802, 0.4843750000000096589, 0.5000000000000084377, 0.5625000000000058842, 0.6250000000000034417, 0.7499999999999943379, 0.8749999999999852340, 0.9062499999999851230, 0.9218749999999893419, 0.9374999999999935607, 1.000000000000000000 ),
 .UNSPECIFIED. ) ;
#1623 = CARTESIAN_POINT ( 'NONE',  ( -0.6135595547743883937, 1.012745420672125585, 0.1403750930572927325 ) ) ;
#1624 = DIRECTION ( 'NONE',  ( 0.000000000000000000, 0.000000000000000000, 1.000000000000000000 ) ) ;
#1625 = CARTESIAN_POINT ( 'NONE',  ( -1.013859724571285925, 1.165800486635979460, 0.2556034584419079603 ) ) ;
#1626 = CARTESIAN_POINT ( 'NONE',  ( -1.327910850467770132, 0.05455504561978423428, 0.1101760981898545211 ) ) ;
#1627 = ORIENTED_EDGE ( 'NONE', *, *, #777, .T. ) ;
#1628 = ORIENTED_EDGE ( 'NONE', *, *, #5774, .T. ) ;
#1629 = CARTESIAN_POINT ( 'NONE',  ( -1.029818682359102233, -0.03398728378396556615, 0.1036685688683565559 ) ) ;
#1630 = CARTESIAN_POINT ( 'NONE',  ( -1.361615140616569297, 1.054744640285968149, 0.09894895749109514083 ) ) ;
#1631 = CARTESIAN_POINT ( 'NONE',  ( -0.6772147350588092474, 1.062459981484368043, 0.1675177149114447372 ) ) ;
#1632 = CARTESIAN_POINT ( 'NONE',  ( -0.4965956630176154296, 0.5501754866359794827, 0.09619400962301037639 ) ) ;
#1633 = VERTEX_POINT ( 'NONE', #7139 ) ;
#1634 = CARTESIAN_POINT ( 'NONE',  ( -1.351472544641797446, 0.06979777638358179714, 0.08557154398193347888 ) ) ;
#1635 = CARTESIAN_POINT ( 'NONE',  ( -1.273635022284949070, 0.02495177989935636748, 0.1397368283174653392 ) ) ;
#1636 = DIRECTION ( 'NONE',  ( 0.5579699413750489612, 0.8298611597863370104, 0.000000000000000000 ) ) ;
#1637 = EDGE_CURVE ( 'NONE', #7052, #8969, #2770, .T. ) ;
#1638 = CARTESIAN_POINT ( 'NONE',  ( -0.5776246574213935725, 0.9777459075028180902, 0.1551883057645450370 ) ) ;
#1639 = CARTESIAN_POINT ( 'NONE',  ( -1.228660777649522418, 1.126033115469865287, 0.09689475972248128011 ) ) ;
#1640 = CARTESIAN_POINT ( 'NONE',  ( -1.374764703848408098, 1.045120417546428593, 0.1402416691381696279 ) ) ;
#1641 = CARTESIAN_POINT ( 'NONE',  ( -0.4771732838040581015, 0.8340683874646881435, 0.1411726399349201300 ) ) ;
#1642 = CARTESIAN_POINT ( 'NONE',  ( -1.264962784851531685, 0.02087068758161115742, 0.03771349983223114960 ) ) ;
#1643 = CARTESIAN_POINT ( 'NONE',  ( -1.013859724571285925, 0.5658004866359794827, 0.3756034584419081224 ) ) ;
#1644 = CARTESIAN_POINT ( 'NONE',  ( -0.5531245952670408306, 0.5501754866359794827, 0.07119400962301036806 ) ) ;
#1645 = LINE ( 'NONE', #4276, #2172 ) ;
#1646 = FACE_OUTER_BOUND ( 'NONE', #1382, .T. ) ;
#1647 = EDGE_CURVE ( 'NONE', #5540, #5083, #2211, .T. ) ;
#1648 = DIRECTION ( 'NONE',  ( -0.000000000000000000, -0.000000000000000000, 1.000000000000000000 ) ) ;
#1649 = ORIENTED_EDGE ( 'NONE', *, *, #361, .F. ) ;
#1650 = CARTESIAN_POINT ( 'NONE',  ( -1.032660509435032070, -0.03390513675069124766, 0.08065347474713718823 ) ) ;
#1651 = CARTESIAN_POINT ( 'NONE',  ( -0.5531304717209751809, 0.5501754866359794827, 0.07119988270054497526 ) ) ;
#1652 = CARTESIAN_POINT ( 'NONE',  ( -1.379187309114118021, 1.041758863893492704, 0.1200500217259244662 ) ) ;
#1653 = ORIENTED_EDGE ( 'NONE', *, *, #6873, .F. ) ;
#1654 = ORIENTED_EDGE ( 'NONE', *, *, #7818, .F. ) ;
#1655 = DIRECTION ( 'NONE',  ( 0.000000000000000000, 0.000000000000000000, 1.000000000000000000 ) ) ;
#1656 = CARTESIAN_POINT ( 'NONE',  ( -0.5754008968633014254, 0.9753781427708567708, 0.09646884305729272469 ) ) ;
#1657 = CARTESIAN_POINT ( 'NONE',  ( -1.139303330477291709, 1.152540549813276582, 0.1025265353649850164 ) ) ;
#1658 = EDGE_CURVE ( 'NONE', #5457, #5797, #2942, .T. ) ;
#1659 = DIRECTION ( 'NONE',  ( 0.3447625363063607784, -0.9386899347279724637, 0.000000000000000000 ) ) ;
#1660 = ORIENTED_EDGE ( 'NONE', *, *, #8383, .F. ) ;
#1661 = CARTESIAN_POINT ( 'NONE',  ( -1.057878029850255697, 1.164183741494098312, 0.1444931091359924202 ) ) ;
#1662 = CARTESIAN_POINT ( 'NONE',  ( -0.5800121915026372754, 0.9802595712930491922, 0.1485544032555815575 ) ) ;
#1663 = CARTESIAN_POINT ( 'NONE',  ( -1.248489894295218061, 0.01357741674096130460, 0.06524762286981464210 ) ) ;
#1664 = CARTESIAN_POINT ( 'NONE',  ( -1.293330151658536264, 1.096740488283674431, 0.09517682315378477031 ) ) ;
#1665 = AXIS2_PLACEMENT_3D ( 'NONE', #842, #2245, #4392 ) ;
#1666 = EDGE_CURVE ( 'NONE', #8137, #7442, #4737, .T. ) ;
#1667 = CARTESIAN_POINT ( 'NONE',  ( -1.324242475722479551, 0.05231930976113339377, 0.1081290397206330633 ) ) ;
#1668 = VERTEX_POINT ( 'NONE', #5092 ) ;
#1669 = CARTESIAN_POINT ( 'NONE',  ( -1.350842025758531184, 0.06936799895380803271, 0.09089132986520841173 ) ) ;
#1670 = CARTESIAN_POINT ( 'NONE',  ( -1.013859724571285925, 0.5658004866359794827, 0.09560345844190808184 ) ) ;
#1671 = CARTESIAN_POINT ( 'NONE',  ( -1.318264049193442089, 1.082848730515381774, 0.1071398109180637520 ) ) ;
#1672 = DIRECTION ( 'NONE',  ( 0.000000000000000000, 1.000000000000000000, 0.000000000000000000 ) ) ;
#1673 = VERTEX_POINT ( 'NONE', #7870 ) ;
#1674 = DIRECTION ( 'NONE',  ( 0.000000000000000000, 0.000000000000000000, -1.000000000000000000 ) ) ;
#1675 = DIRECTION ( 'NONE',  ( 1.000000000000000000, -1.603864418221765955E-16, 0.000000000000000000 ) ) ;
#1676 = APPROVAL_STATUS ( 'not_yet_approved' ) ;
#1677 = B_SPLINE_CURVE_WITH_KNOTS ( 'NONE', 3,
 ( #3981, #4023, #4757, #6163, #5441, #8793, #6667, #8973, #2517, #1809, #4618, #2695, #6755, #3936, #7536, #6717, #4071 ),
 .UNSPECIFIED., .F., .F.,
 ( 4, 2, 2, 2, 2, 1, 2, 2, 4 ),
 ( 0.000000000000000000, 0.06249999999998744060, 0.1249999999999748812, 0.2499999999999804601, 0.5000000000000123235, 0.6250000000000119904, 0.6875000000000096589, 0.7500000000000072164, 1.000000000000000000 ),
 .UNSPECIFIED. ) ;
#1678 = CARTESIAN_POINT ( 'NONE',  ( -0.5632495983992047428, 0.9619702917632956263, 0.1264745595504229991 ) ) ;
#1679 = CARTESIAN_POINT ( 'NONE',  ( -1.013859724571285925, 0.5658004866359794827, 0.1556034584419080935 ) ) ;
#1680 = CARTESIAN_POINT ( 'NONE',  ( -1.255537427471826950, 0.01662602131241844305, 0.1218094379539470806 ) ) ;
#1681 = CARTESIAN_POINT ( 'NONE',  ( -1.386781939069753333, 1.035832677187476403, 0.1551784582495588372 ) ) ;
#1682 = CARTESIAN_POINT ( 'NONE',  ( -1.231278033645095027, 1.125022516673678918, 0.1429351892111388744 ) ) ;
#1683 = CARTESIAN_POINT ( 'NONE',  ( -1.334609641184862694, 0.05873084862083541996, 0.1086242709927600775 ) ) ;
#1684 = CARTESIAN_POINT ( 'NONE',  ( -1.013859724571285925, 0.5658004866359794827, 0.07893754585977005855 ) ) ;
#1685 = FACE_BOUND ( 'NONE', #1521, .T. ) ;
#1686 = CARTESIAN_POINT ( 'NONE',  ( -1.174547730062607487, 1.143883708037424451, 0.1296030582608150017 ) ) ;
#1687 = CARTESIAN_POINT ( 'NONE',  ( -1.318440487097222613, 0.04885693673029142120, 0.07617925320452419158 ) ) ;
#1688 = DIRECTION ( 'NONE',  ( 0.000000000000000000, 0.000000000000000000, -1.000000000000000000 ) ) ;
#1689 = ORIENTED_EDGE ( 'NONE', *, *, #3966, .T. ) ;
#1690 = ORIENTED_EDGE ( 'NONE', *, *, #7247, .T. ) ;
#1691 = CARTESIAN_POINT ( 'NONE',  ( -1.358016281911903045, 1.057284223945215818, 0.1160121122880619499 ) ) ;
#1692 = CARTESIAN_POINT ( 'NONE',  ( -1.434945345449960108, 0.9932193676990666020, 0.1025265353649850164 ) ) ;
#1693 = CARTESIAN_POINT ( 'NONE',  ( -0.9628994250604346883, 1.163633377203572294, 0.01640863922601486224 ) ) ;
#1694 = AXIS2_PLACEMENT_3D ( 'NONE', #7778, #2147, #1498 ) ;
#1695 = AXIS2_PLACEMENT_3D ( 'NONE', #3271, #5514, #1101 ) ;
#1696 = ORIENTED_EDGE ( 'NONE', *, *, #8408, .T. ) ;
#1697 = DIRECTION ( 'NONE',  ( 0.1122134992160462447, 0.9936841201275636859, 0.000000000000000000 ) ) ;
#1698 = CARTESIAN_POINT ( 'NONE',  ( -1.316295747887395562, 0.04759929365615616498, 0.06594175715980042651 ) ) ;
#1699 = DIRECTION ( 'NONE',  ( 0.000000000000000000, 0.000000000000000000, 1.000000000000000000 ) ) ;
#1700 = CC_DESIGN_SECURITY_CLASSIFICATION ( #1556, ( #7719 ) ) ;
#1701 = EDGE_CURVE ( 'NONE', #1342, #125, #1546, .T. ) ;
#1702 = VECTOR ( 'NONE', #4336, 39.37007874015748143 ) ;
#1703 = DIRECTION ( 'NONE',  ( 0.000000000000000000, 0.000000000000000000, -1.000000000000000000 ) ) ;
#1704 = ORIENTED_EDGE ( 'NONE', *, *, #470, .F. ) ;
#1706 = EDGE_CURVE ( 'NONE', #499, #6909, #7717, .T. ) ;
#1705 = CARTESIAN_POINT ( 'NONE',  ( -1.163701328366912202, -0.01520299987423293260, 0.08046345452553883837 ) ) ;
#1707 = EDGE_CURVE ( 'NONE', #5468, #8374, #6369, .T. ) ;
#1708 = CARTESIAN_POINT ( 'NONE',  ( -0.5804452425507071744, 0.9807125354077087520, 0.1485939494993174514 ) ) ;
#1709 = CARTESIAN_POINT ( 'NONE',  ( -1.245777062728663953, 0.01243410867107619215, 0.06503903640464567260 ) ) ;
#1710 = CIRCLE ( 'NONE', #5232, 0.5175000000000000711 ) ;
#1711 = CARTESIAN_POINT ( 'NONE',  ( -1.281372232363341856, 1.102866412920382899, 0.1011022126533514670 ) ) ;
#1713 = EDGE_CURVE ( 'NONE', #8712, #6431, #8661, .T. ) ;
#1712 = CARTESIAN_POINT ( 'NONE',  ( -1.013859724571285925, 0.5658004866359794827, 0.09560345844190808184 ) ) ;
#1714 = ORIENTED_EDGE ( 'NONE', *, *, #1326, .F. ) ;
#1715 = VERTEX_POINT ( 'NONE', #2470 ) ;
#1716 = CIRCLE ( 'NONE', #3774, 0.5999999999999997558 ) ;
#1717 = AXIS2_PLACEMENT_3D ( 'NONE', #939, #4309, #4352 ) ;
#1718 = CARTESIAN_POINT ( 'NONE',  ( -1.226115917064831473, 0.004598821681087604182, 0.09535158241632657461 ) ) ;
#1719 = CARTESIAN_POINT ( 'NONE',  ( -1.013859724571285925, 0.5658004866359794827, 0.1556034584419080935 ) ) ;
#1720 = CARTESIAN_POINT ( 'NONE',  ( -1.318406664048333621, 0.04883136495920770842, 0.1435166718847328549 ) ) ;
#1721 = EDGE_LOOP ( 'NONE', ( #4690, #2877, #3702, #6318, #5014, #2909, #16 ) ) ;
#1722 = CARTESIAN_POINT ( 'NONE',  ( -1.343878123459562035, 0.06471376484364528558, 0.08039037840323284834 ) ) ;
#1723 = FACE_BOUND ( 'NONE', #4334, .T. ) ;
#1724 = PERSON_AND_ORGANIZATION ( #4725, #1851 ) ;
#1725 = AXIS2_PLACEMENT_3D ( 'NONE', #3231, #1056, #4517 ) ;
#1726 = CARTESIAN_POINT ( 'NONE',  ( -0.4798680646663031624, 0.8393936359623271892, 0.1560258844601914996 ) ) ;
#1727 = DIRECTION ( 'NONE',  ( 0.8304072113697266166, 0.5571569467440520285, 0.000000000000000000 ) ) ;
#1728 = CARTESIAN_POINT ( 'NONE',  ( -1.356887588647362142, 0.07352830998400457230, 0.05822805715768217955 ) ) ;
#1729 = CIRCLE ( 'NONE', #7587, 0.5175000000000000711 ) ;
#1730 = CARTESIAN_POINT ( 'NONE',  ( -0.9389947350716643104, -0.02951082706509587303, 0.1079466831226204432 ) ) ;
#1731 = CARTESIAN_POINT ( 'NONE',  ( -0.4769733805440374286, 0.8336682150882052111, 0.1395481404608337472 ) ) ;
#1732 = CARTESIAN_POINT ( 'NONE',  ( -1.335247985834391304, 0.05913528391022174896, 0.1106379266422766183 ) ) ;
#1733 = CARTESIAN_POINT ( 'NONE',  ( -1.230336727676091035, 1.125387572911888956, 0.1308678815188311639 ) ) ;
#1734 = EDGE_CURVE ( 'NONE', #6510, #6639, #1329, .T. ) ;
#1735 = CARTESIAN_POINT ( 'NONE',  ( -0.5531265540850116569, 0.5501754866359794827, 0.07119596731552907398 ) ) ;
#1736 = CARTESIAN_POINT ( 'NONE',  ( -0.9424709996032216708, 1.161538390371702700, 0.08664053443015595768 ) ) ;
#1737 = CARTESIAN_POINT ( 'NONE',  ( -1.314052626891366371, 0.04629502193335844479, 0.07452553446523095537 ) ) ;
#1738 = VECTOR ( 'NONE', #7577, 39.37007874015748143 ) ;
#1739 = EDGE_CURVE ( 'NONE', #4343, #84, #216, .T. ) ;
#1740 = DIRECTION ( 'NONE',  ( 1.000000000000000000, 0.000000000000000000, 0.000000000000000000 ) ) ;
#1741 = VERTEX_POINT ( 'NONE', #3025 ) ;
#1742 = VERTEX_POINT ( 'NONE', #1808 ) ;
#1743 = CARTESIAN_POINT ( 'NONE',  ( -0.5697304780916413458, 0.9692223929028624951, 0.1145712300337415751 ) ) ;
#1744 = CARTESIAN_POINT ( 'NONE',  ( -0.9387288967610480928, 1.161078266347778110, 0.01457366011390849418 ) ) ;
#1745 = CIRCLE ( 'NONE', #414, 0.5999999999999998668 ) ;
#1746 = DIRECTION ( 'NONE',  ( -0.6590846054289458689, 0.7520688019633381405, 0.000000000000000000 ) ) ;
#1747 = ORIENTED_EDGE ( 'NONE', *, *, #8645, .T. ) ;
#1748 = FACE_OUTER_BOUND ( 'NONE', #5997, .T. ) ;
#1749 = CARTESIAN_POINT ( 'NONE',  ( -1.172194544766797186, 1.144531931111078871, 0.1127348201861191473 ) ) ;
#1750 = CARTESIAN_POINT ( 'NONE',  ( -0.9222331848702715051, 1.158763090116673888, 0.01653962004268276845 ) ) ;
#1751 = AXIS2_PLACEMENT_3D ( 'NONE', #1046, #5234, #151 ) ;
#1752 = FACE_OUTER_BOUND ( 'NONE', #6446, .T. ) ;
#1753 = ORIENTED_EDGE ( 'NONE', *, *, #5041, .T. ) ;
#1754 = CARTESIAN_POINT ( 'NONE',  ( -0.8676850769281210241, -0.01612135995828804444, 0.1132733372403060546 ) ) ;
#1755 = CARTESIAN_POINT ( 'NONE',  ( -1.309618249733688566, 0.04375939863864520413, 0.1079064224280371631 ) ) ;
#1756 = CARTESIAN_POINT ( 'NONE',  ( -0.8831009588691821621, -0.01979152140733699342, 0.1495864159642096847 ) ) ;
#1757 = CARTESIAN_POINT ( 'NONE',  ( -1.273950593610270188, 1.106497038129125032, 0.1136361268242218475 ) ) ;
#1758 = CARTESIAN_POINT ( 'NONE',  ( -1.325429795972705493, 0.05303922346014983136, 0.1087230117150496389 ) ) ;
#1759 = EDGE_CURVE ( 'NONE', #7583, #1986, #2516, .T. ) ;
#1760 = ORIENTED_EDGE ( 'NONE', *, *, #7534, .F. ) ;
#1761 = DIRECTION ( 'NONE',  ( 1.283091534577412468E-16, -1.000000000000000000, 0.000000000000000000 ) ) ;
#1762 = CARTESIAN_POINT ( 'NONE',  ( -0.9693641344208726585, -0.03254735739553896862, 0.05842400011882883937 ) ) ;
#1763 = CARTESIAN_POINT ( 'NONE',  ( -1.041850613252591540, 1.165147222800305915, 0.08560345844190808684 ) ) ;
#1764 = ORIENTED_EDGE ( 'NONE', *, *, #8034, .F. ) ;
#1765 = CARTESIAN_POINT ( 'NONE',  ( -1.358093086860674648, 0.07437018895041135058, 0.09524721042802485049 ) ) ;
#1766 = CARTESIAN_POINT ( 'NONE',  ( -1.256827978661794853, 0.01718652261197547298, 0.1455397620213988996 ) ) ;
#1767 = EDGE_CURVE ( 'NONE', #5632, #7072, #5119, .T. ) ;
#1768 = DIRECTION ( 'NONE',  ( -0.000000000000000000, -0.000000000000000000, 1.000000000000000000 ) ) ;
#1769 = CARTESIAN_POINT ( 'NONE',  ( -1.229370103102966461, 1.125760621016132612, 0.09666291906214140306 ) ) ;
#1770 = CARTESIAN_POINT ( 'NONE',  ( -1.013859724571285925, 0.5814254866359794827, 0.07119400962301036806 ) ) ;
#1771 = EDGE_CURVE ( 'NONE', #7382, #2375, #5825, .T. ) ;
#1772 = CARTESIAN_POINT ( 'NONE',  ( -0.9072973719856118890, -0.02466140997053026945, 0.03831330632777698447 ) ) ;
#1773 = CARTESIAN_POINT ( 'NONE',  ( -1.102220812748103684, 1.159258419514299421, 0.09560345844190808184 ) ) ;
#1774 = CARTESIAN_POINT ( 'NONE',  ( -1.332221520897878708, 0.05722817850125606204, 0.1057159541272892078 ) ) ;
#1775 = CARTESIAN_POINT ( 'NONE',  ( -1.139223041221684385, -0.02096214391886578807, 0.1292504582319817796 ) ) ;
#1776 = CARTESIAN_POINT ( 'NONE',  ( -1.326864160902367917, 0.05391352167231311387, 0.06762979608120026076 ) ) ;
#1777 = CARTESIAN_POINT ( 'NONE',  ( -1.165681136099514292, 1.146274706388133335, 0.1212895829201458969 ) ) ;
#1778 = CARTESIAN_POINT ( 'NONE',  ( -1.198959453258168883, -0.004934206930166126423, 0.03554692555714249885 ) ) ;
#1779 = CARTESIAN_POINT ( 'NONE',  ( -0.4238597245712859563, 0.5658004866359794827, -0.07439654155809191649 ) ) ;
#1780 = VERTEX_POINT ( 'NONE', #5308 ) ;
#1781 = ORIENTED_EDGE ( 'NONE', *, *, #4634, .F. ) ;
#1782 = CARTESIAN_POINT ( 'NONE',  ( -0.5689462294645292184, 0.9683572933849897701, 0.1214855976819287781 ) ) ;
#1783 = CARTESIAN_POINT ( 'NONE',  ( -0.9579388986596893973, 1.163188853805415368, 0.04567603289436539260 ) ) ;
#1784 = CARTESIAN_POINT ( 'NONE',  ( -0.9460861319986534346, 1.161960519470092823, 0.004915488164689433941 ) ) ;
#1785 = ORIENTED_EDGE ( 'NONE', *, *, #470, .T. ) ;
#1786 = CARTESIAN_POINT ( 'NONE',  ( -1.013859724571285925, 0.5658004866359794827, 0.2556034584419079603 ) ) ;
#1787 = CARTESIAN_POINT ( 'NONE',  ( -0.5771674645855229269, 0.9772611911271760210, 0.1031716358386641774 ) ) ;
#1788 = CARTESIAN_POINT ( 'NONE',  ( -0.9682185176583822939, 1.164062037420409146, 0.04941890200334049521 ) ) ;
#1789 = CARTESIAN_POINT ( 'NONE',  ( -1.177209818389039597, 1.143136391330751511, 0.09616836228806194264 ) ) ;
#1790 = ORIENTED_EDGE ( 'NONE', *, *, #4936, .T. ) ;
#1791 = CARTESIAN_POINT ( 'NONE',  ( -0.8631821400865691274, -0.01497165219617142308, 0.1025882844345591266 ) ) ;
#1792 = CARTESIAN_POINT ( 'NONE',  ( -0.4880242074687404230, 0.8547589766540069078, 0.1505914392111388500 ) ) ;
#1793 = CARTESIAN_POINT ( 'NONE',  ( -1.315112382081665254, 1.084690490724451006, 0.1264928815188311739 ) ) ;
#1794 = CARTESIAN_POINT ( 'NONE',  ( -1.296321294680538250, 1.095154677390171472, 0.09486907326799885742 ) ) ;
#1795 = CARTESIAN_POINT ( 'NONE',  ( -1.327735075366480721, 0.05444711097499207314, 0.1100570077696317317 ) ) ;
#1796 = B_SPLINE_CURVE_WITH_KNOTS ( 'NONE', 3,
 ( #8260, #6881, #596, #3406, #6189, #6429, #825, #4326, #2912, #7107, #1652, #4284, #1563, #5831, #5749, #6509, #8583, #190, #8636, #4375 ),
 .UNSPECIFIED., .F., .F.,
 ( 4, 1, 2, 2, 2, 2, 2, 1, 2, 2, 4 ),
 ( 0.000000000000000000, 0.06250000000000005551, 0.09375000000000319189, 0.1250000000000063283, 0.2500000000000395239, 0.5000000000001029177, 0.7500000000001663114, 0.8125000000001826317, 0.8437500000001755263, 0.8750000000001684208, 1.000000000000000000 ),
 .UNSPECIFIED. ) ;
#1797 = ORIENTED_EDGE ( 'NONE', *, *, #4472, .T. ) ;
#1798 = CARTESIAN_POINT ( 'NONE',  ( -1.013859724571285925, 0.5658004866359794827, 0.1025265353649850164 ) ) ;
#1799 = LINE ( 'NONE', #7947, #2776 ) ;
#1800 = CARTESIAN_POINT ( 'NONE',  ( -1.283342624594842274, 0.02972309801107792318, 0.1149886936265210879 ) ) ;
#1801 = ORIENTED_EDGE ( 'NONE', *, *, #680, .F. ) ;
#1802 = CARTESIAN_POINT ( 'NONE',  ( -0.7022115163328938037, 1.078514344195846464, 0.1201935668667890034 ) ) ;
#1803 = LINE ( 'NONE', #5303, #409 ) ;
#1804 = DATE_AND_TIME ( #341, #8891 ) ;
#1805 = ORIENTED_EDGE ( 'NONE', *, *, #3747, .T. ) ;
#1806 = EDGE_CURVE ( 'NONE', #5543, #6474, #2385, .T. ) ;
#1807 = CARTESIAN_POINT ( 'NONE',  ( -1.304359901658024512, 1.090789131087196884, 0.1555155308891870702 ) ) ;
#1808 = CARTESIAN_POINT ( 'NONE',  ( -1.448691160700595004, 0.9792271695601981740, 0.1556034584419080935 ) ) ;
#1809 = CARTESIAN_POINT ( 'NONE',  ( -1.384148779627492276, 1.037908608741488381, 0.1167676341155992614 ) ) ;
#1810 = CARTESIAN_POINT ( 'NONE',  ( -1.486359724571285845, 0.5658004866359795937, 0.3656034584419080580 ) ) ;
#1811 = EDGE_CURVE ( 'NONE', #1231, #8104, #7113, .T. ) ;
#1812 = CARTESIAN_POINT ( 'NONE',  ( -0.7039648317080724471, 1.079577085089671762, 0.1386329549335589273 ) ) ;
#1813 = CARTESIAN_POINT ( 'NONE',  ( -1.013859724571285925, 0.5658004866359794827, 0.01404521525280555232 ) ) ;
#1814 = ORIENTED_EDGE ( 'NONE', *, *, #7541, .T. ) ;
#1815 = EDGE_CURVE ( 'NONE', #7902, #661, #3518, .T. ) ;
#1816 = CARTESIAN_POINT ( 'NONE',  ( -1.296745676114787527, 0.03667312973230646422, 0.04602626545240498523 ) ) ;
#1817 = DIRECTION ( 'NONE',  ( 1.000000000000000000, 0.000000000000000000, 0.000000000000000000 ) ) ;
#1818 = CARTESIAN_POINT ( 'NONE',  ( -1.164965430309544470, 1.146461583037766019, 0.1194951441194456454 ) ) ;
#1819 = LINE ( 'NONE', #6074, #5551 ) ;
#1820 = CARTESIAN_POINT ( 'NONE',  ( -1.228767594689669229, 1.125992083201597049, 0.1325732111978860372 ) ) ;
#1821 = VERTEX_POINT ( 'NONE', #7533 ) ;
#1822 = ORIENTED_EDGE ( 'NONE', *, *, #8382, .F. ) ;
#1823 = CARTESIAN_POINT ( 'NONE',  ( -1.357316214213999173, 1.057773865852041695, 0.1166968102892716186 ) ) ;
#1824 = CARTESIAN_POINT ( 'NONE',  ( -0.9561492243400274704, 1.163018622872040497, 0.06501677950387348137 ) ) ;
#1825 = CARTESIAN_POINT ( 'NONE',  ( -1.226115917064831473, 0.004598821681087604182, 0.1231023796271846354 ) ) ;
#1826 = ORIENTED_EDGE ( 'NONE', *, *, #3969, .F. ) ;
#1827 = CYLINDRICAL_SURFACE ( 'NONE', #4380, 0.5999999999999998668 ) ;
#1828 = DIRECTION ( 'NONE',  ( 1.000000000000000000, 0.000000000000000000, 0.000000000000000000 ) ) ;
#1829 = B_SPLINE_CURVE_WITH_KNOTS ( 'NONE', 3,
 ( #8142, #1865, #7326, #7459, #5950, #5317, #4586, #8099, #7368, #3894, #3253, #1079, #8009, #1737, #6033, #7963, #4673, #1687, #1174, #8756, #1040, #397, #6675, #2481, #8839, #8710, #2565, #5995, #314, #5228, #6764 ),
 .UNSPECIFIED., .F., .F.,
 ( 4, 1, 2, 2, 1, 1, 2, 2, 2, 1, 1, 1, 2, 2, 2, 1, 2, 2, 4 ),
 ( 0.000000000000000000, 0.06249999999996051769, 0.09374999999994113042, 0.1249999999999217570, 0.1874999999998660793, 0.2187499999998467060, 0.2343749999998369082, 0.2499999999998270828, 0.3749999999996970756, 0.4374999999996319056, 0.4687499999996084799, 0.4843749999995882738, 0.4921874999995864974, 0.4999999999995847211, 0.6249999999997535305, 0.6874999999998279154, 0.7187499999998566702, 0.7499999999998854250, 1.000000000000000000 ),
 .UNSPECIFIED. ) ;
#1830 = CARTESIAN_POINT ( 'NONE',  ( -1.347942741225164553, 1.064186419406402129, 0.1563726892111388656 ) ) ;
#1831 = FACE_BOUND ( 'NONE', #5839, .T. ) ;
#1832 = ORIENTED_EDGE ( 'NONE', *, *, #3656, .T. ) ;
#1833 = CIRCLE ( 'NONE', #7695, 0.5999999999999998668 ) ;
#1834 = CONICAL_SURFACE ( 'NONE', #8442, 0.5074999999999998401, 0.5241119331426197236 ) ;
#1835 = EDGE_CURVE ( 'NONE', #4900, #40, #3191, .T. ) ;
#1836 = CYLINDRICAL_SURFACE ( 'NONE', #6961, 0.5999999999999998668 ) ;
#1837 = CARTESIAN_POINT ( 'NONE',  ( -0.5819125532449865856, 0.9822405509190313966, 0.1486679833221420943 ) ) ;
#1838 = CARTESIAN_POINT ( 'NONE',  ( -1.332638182385743608, 0.05748926815517917815, 0.07086030389131804663 ) ) ;
#1839 = B_SPLINE_CURVE_WITH_KNOTS ( 'NONE', 3,
 ( #1966, #5362, #7556, #359, #5322, #6732, #3171, #8762, #447, #2488, #5283, #8062, #2851 ),
 .UNSPECIFIED., .F., .F.,
 ( 4, 1, 1, 1, 2, 2, 2, 4 ),
 ( 0.000000000000000000, 0.2500000000000859868, 0.3750000000001354472, 0.4375000000001282863, 0.4687500000001168510, 0.5000000000001054712, 0.7500000000000527356, 1.000000000000000000 ),
 .UNSPECIFIED. ) ;
#1840 = DIRECTION ( 'NONE',  ( -0.000000000000000000, -0.000000000000000000, 1.000000000000000000 ) ) ;
#1841 = CARTESIAN_POINT ( 'NONE',  ( -1.329710111812885120, 1.075936285220489452, 0.1403009257374741858 ) ) ;
#1842 = VERTEX_POINT ( 'NONE', #3381 ) ;
#1843 = EDGE_CURVE ( 'NONE', #767, #7073, #3779, .T. ) ;
#1844 = CARTESIAN_POINT ( 'NONE',  ( -1.279002285202786471, 0.02756307236844050129, 0.07310427950899443805 ) ) ;
#1845 = AXIS2_PLACEMENT_3D ( 'NONE', #4427, #1567, #4379 ) ;
#1846 = ORIENTED_EDGE ( 'NONE', *, *, #4920, .T. ) ;
#1847 = CARTESIAN_POINT ( 'NONE',  ( -1.360573625108511431, 0.07611745530421822059, 0.1117637923166142216 ) ) ;
#1848 = FACE_OUTER_BOUND ( 'NONE', #5190, .T. ) ;
#1849 = CALENDAR_DATE ( 2023, 6, 3 ) ;
#1850 = AXIS2_PLACEMENT_3D ( 'NONE', #4873, #6775, #1930 ) ;
#1851 = ORGANIZATION ( 'UNSPECIFIED', 'UNSPECIFIED', '' ) ;
#1852 = CARTESIAN_POINT ( 'NONE',  ( -1.089365547000972212, 1.161030585655859815, 0.01404521525280555232 ) ) ;
#1853 = DIRECTION ( 'NONE',  ( -0.2364088461883790404, -0.9716536715537482660, 0.000000000000000000 ) ) ;
#1854 = DIRECTION ( 'NONE',  ( -0.000000000000000000, -0.000000000000000000, 1.000000000000000000 ) ) ;
#1855 = DIRECTION ( 'NONE',  ( -0.000000000000000000, -0.000000000000000000, 1.000000000000000000 ) ) ;
#1856 = CARTESIAN_POINT ( 'NONE',  ( -0.9208486350545800336, -0.02694809221771584523, 0.04600318111340197941 ) ) ;
#1857 = CARTESIAN_POINT ( 'NONE',  ( -0.7061035279312541935, 1.080859831790667025, 0.1349198484234763462 ) ) ;
#1858 = AXIS2_PLACEMENT_3D ( 'NONE', #1679, #8617, #4537 ) ;
#1859 = CARTESIAN_POINT ( 'NONE',  ( -1.331948326609173394, 0.05705726337363696554, 0.1054957822631580888 ) ) ;
#1860 = ORIENTED_EDGE ( 'NONE', *, *, #3278, .T. ) ;
#1861 = CLOSED_SHELL ( 'NONE', ( #7204, #1322, #5972, #3071, #8355, #6295, #1594, #4857 ) ) ;
#1862 = CARTESIAN_POINT ( 'NONE',  ( -1.347067164912259196, 0.06682625300089917175, 0.04948088276398633634 ) ) ;
#1863 = CARTESIAN_POINT ( 'NONE',  ( -0.5005481629540793342, 0.8764630700123891005, 0.1479111507496004008 ) ) ;
#1864 = CARTESIAN_POINT ( 'NONE',  ( -1.361593914771516145, 1.054759523185800463, 0.1354901990313333859 ) ) ;
#1865 = CARTESIAN_POINT ( 'NONE',  ( -1.308083892641405788, 0.04289309607849124684, 0.06811024187665527807 ) ) ;
#1866 = CONICAL_SURFACE ( 'NONE', #5393, 0.5074999999999999512, 0.7853981633974346233 ) ;
#1867 = CARTESIAN_POINT ( 'NONE',  ( -1.016389513079114737, 1.165795153420698060, 0.1486803815188311728 ) ) ;
#1868 = VERTEX_POINT ( 'NONE', #5439 ) ;
#1869 = EDGE_CURVE ( 'NONE', #1780, #2108, #7981, .T. ) ;
#1870 = ORIENTED_EDGE ( 'NONE', *, *, #5420, .F. ) ;
#1871 = CARTESIAN_POINT ( 'NONE',  ( -1.339889614899960835, 1.069494369897650010, 0.1233386519193633291 ) ) ;
#1872 = CARTESIAN_POINT ( 'NONE',  ( -0.9566451656617583899, 1.163066368705871767, 0.06287861823807106010 ) ) ;
#1873 = CARTESIAN_POINT ( 'NONE',  ( -0.9504326506821618725, 1.162438820024309649, 0.005842517904912258170 ) ) ;
#1874 = ORIENTED_EDGE ( 'NONE', *, *, #5774, .F. ) ;
#1875 = CARTESIAN_POINT ( 'NONE',  ( -0.9536334226429075134, 1.162770268276320129, 0.02018439500537359474 ) ) ;
#1876 = CARTESIAN_POINT ( 'NONE',  ( -0.5773421194040853077, 0.9774464562417439772, 0.1031167480644475803 ) ) ;
#1877 = AXIS2_PLACEMENT_3D ( 'NONE', #5123, #8074, #5926 ) ;
#1878 = CARTESIAN_POINT ( 'NONE',  ( -0.9604401171373052604, 1.163417709899833730, 0.07884626020598060891 ) ) ;
#1879 = CARTESIAN_POINT ( 'NONE',  ( -0.5809443808014360666, 0.9812347572445665467, 0.09563148588652869986 ) ) ;
#1880 = EDGE_CURVE ( 'NONE', #1868, #2608, #4289, .T. ) ;
#1881 = VERTEX_POINT ( 'NONE', #3934 ) ;
#1882 = CIRCLE ( 'NONE', #4536, 0.5999999999999998668 ) ;
#1883 = B_SPLINE_CURVE_WITH_KNOTS ( 'NONE', 3,
 ( #5829, #3641, #3768, #4325, #2359, #1650, #7235, #6552, #279, #3089 ),
 .UNSPECIFIED., .F., .F.,
 ( 4, 2, 2, 2, 4 ),
 ( 0.000000000000000000, 0.2500000000000026090, 0.3750000000000038858, 0.5000000000000052180, 1.000000000000000000 ),
 .UNSPECIFIED. ) ;
#1884 = CARTESIAN_POINT ( 'NONE',  ( -1.329638206566478686, 1.075980798403816108, 0.1376505290016158400 ) ) ;
#1885 = CARTESIAN_POINT ( 'NONE',  ( -1.002864203288869271, 1.165699740041706844, 0.008219411482196308308 ) ) ;
#1886 = VERTEX_POINT ( 'NONE', #2555 ) ;
#1887 = CARTESIAN_POINT ( 'NONE',  ( -0.9277114944271195318, 1.159583696509066231, 0.05879378752939987129 ) ) ;
#1888 = CARTESIAN_POINT ( 'NONE',  ( -1.329051714633964210, 0.05525758684160080730, 0.06192863336429439008 ) ) ;
#1889 = CARTESIAN_POINT ( 'NONE',  ( -1.294077229123585804, 1.096345764064571737, 0.1021294041260212698 ) ) ;
#1890 = AXIS2_PLACEMENT_3D ( 'NONE', #189, #2401, #4457 ) ;
#1891 = B_SPLINE_CURVE_WITH_KNOTS ( 'NONE', 3,
 ( #2591, #5388, #465, #3972, #2509, #3925, #7482, #3274, #4749, #5979, #7527, #3237, #1243, #8039, #4702, #5932, #4059 ),
 .UNSPECIFIED., .F., .F.,
 ( 4, 2, 2, 2, 2, 1, 2, 2, 4 ),
 ( 0.000000000000000000, 0.1250000000000040246, 0.2500000000000080491, 0.5000000000000066613, 0.7500000000000053291, 0.8124999999999998890, 0.8437499999999960032, 0.8749999999999921174, 1.000000000000000000 ),
 .UNSPECIFIED. ) ;
#1892 = CARTESIAN_POINT ( 'NONE',  ( -0.8764730907400519744, 1.149859488939712238, 0.01745760961153251453 ) ) ;
#1893 = VERTEX_POINT ( 'NONE', #5343 ) ;
#1894 = EDGE_CURVE ( 'NONE', #6639, #7097, #2460, .T. ) ;
#1895 = ORIENTED_EDGE ( 'NONE', *, *, #7365, .F. ) ;
#1896 = ADVANCED_FACE ( 'NONE', ( #2883 ), #4220, .F. ) ;
#1897 = CIRCLE ( 'NONE', #874, 0.5074999999999999512 ) ;
#1898 = CARTESIAN_POINT ( 'NONE',  ( -0.6759127486863643064, 1.061574468900313484, 0.1556034584419080935 ) ) ;
#1899 = ORIENTED_EDGE ( 'NONE', *, *, #8237, .F. ) ;
#1900 = CARTESIAN_POINT ( 'NONE',  ( -1.059039025171415016, 1.164097094345970529, 0.1482957661342157729 ) ) ;
#1901 = CARTESIAN_POINT ( 'NONE',  ( -0.6790777597462570592, 1.063717182507781800, 0.1556034584419080935 ) ) ;
#1902 = ORIENTED_EDGE ( 'NONE', *, *, #5908, .F. ) ;
#1903 = DIRECTION ( 'NONE',  ( -0.000000000000000000, -0.000000000000000000, 1.000000000000000000 ) ) ;
#1904 = CARTESIAN_POINT ( 'NONE',  ( -1.386875481100199536, 1.035757238613263631, 0.09616154297227039183 ) ) ;
#1905 = CARTESIAN_POINT ( 'NONE',  ( -1.272471427045394066, 1.107206056707942254, 0.1300762849369028473 ) ) ;
#1906 = DIRECTION ( 'NONE',  ( -0.000000000000000000, -0.000000000000000000, 1.000000000000000000 ) ) ;
#1907 = CARTESIAN_POINT ( 'NONE',  ( -1.013859724571285925, 0.04830048663597955733, 0.1338940096230100962 ) ) ;
#1908 = LINE ( 'NONE', #1258, #2753 ) ;
#1909 = CARTESIAN_POINT ( 'NONE',  ( -1.365287933422933087, 1.052111403421544855, 0.1179152986438256195 ) ) ;
#1910 = ORIENTED_EDGE ( 'NONE', *, *, #6301, .F. ) ;
#1911 = LINE ( 'NONE', #7494, #1281 ) ;
#1912 = CARTESIAN_POINT ( 'NONE',  ( -1.112099048298086590, 1.157703380085319367, 0.09560345844190808184 ) ) ;
#1913 = CARTESIAN_POINT ( 'NONE',  ( -0.9108929628400082024, -0.02529837254893075801, 0.1016208554134310355 ) ) ;
#1914 = PLANE ( 'NONE',  #7302 ) ;
#1915 = ORIENTED_EDGE ( 'NONE', *, *, #922, .T. ) ;
#1916 = ORIENTED_EDGE ( 'NONE', *, *, #6691, .F. ) ;
#1917 = B_SPLINE_CURVE_WITH_KNOTS ( 'NONE', 3,
 ( #5883, #5841, #2277, #6481, #7208, #114, #8646, #926, #8512, #5202, #3734, #7165, #5069, #8552, #2970, #1529, #5758, #288, #2925, #200, #4469 ),
 .UNSPECIFIED., .F., .F.,
 ( 4, 2, 2, 2, 1, 2, 2, 1, 1, 2, 2, 4 ),
 ( 0.000000000000000000, 0.1250000000000052180, 0.2500000000000104361, 0.3750000000000156541, 0.4375000000000148770, 0.4687500000000144884, 0.5000000000000140998, 0.6250000000000074385, 0.6875000000000037748, 0.7187500000000022204, 0.7500000000000006661, 1.000000000000000000 ),
 .UNSPECIFIED. ) ;
#1918 = CARTESIAN_POINT ( 'NONE',  ( -1.342159962590859790, 1.068014538327378249, 0.1308799007496004030 ) ) ;
#1919 = EDGE_LOOP ( 'NONE', ( #7966, #495, #4051, #6015 ) ) ;
#1920 = ORIENTED_EDGE ( 'NONE', *, *, #2446, .T. ) ;
#1921 = CARTESIAN_POINT ( 'NONE',  ( -0.7896573529555229731, 1.122337364625091150, 0.09560345844190808184 ) ) ;
#1922 = CARTESIAN_POINT ( 'NONE',  ( -1.443959061489296536, 0.9841479025269915804, 0.1371419199803696476 ) ) ;
#1923 = CARTESIAN_POINT ( 'NONE',  ( -1.259491016788898854, 0.01837957835883934424, 0.03654404480177590731 ) ) ;
#1924 = ORIENTED_EDGE ( 'NONE', *, *, #5767, .T. ) ;
#1925 = DIRECTION ( 'NONE',  ( 1.000000000000000000, 0.000000000000000000, 0.000000000000000000 ) ) ;
#1926 = CARTESIAN_POINT ( 'NONE',  ( -1.172206329709687855, 1.144528706817889097, 0.1124231808152525158 ) ) ;
#1927 = B_SPLINE_CURVE_WITH_KNOTS ( 'NONE', 3,
 ( #7613, #4140, #3439, #2071, #4872, #8539, #2950, #145, #5743, #3635, #6422 ),
 .UNSPECIFIED., .F., .F.,
 ( 4, 1, 1, 1, 2, 2, 4 ),
 ( 0.000000000000000000, 0.2499999999998770983, 0.3749999999998362976, 0.4374999999998157585, 0.4687499999998058775, 0.4999999999997959410, 1.000000000000000000 ),
 .UNSPECIFIED. ) ;
#1928 = EDGE_CURVE ( 'NONE', #5438, #2732, #7676, .T. ) ;
#1929 = DIRECTION ( 'NONE',  ( 0.000000000000000000, 0.000000000000000000, 1.000000000000000000 ) ) ;
#1930 = DIRECTION ( 'NONE',  ( 0.000000000000000000, 1.000000000000000000, 0.000000000000000000 ) ) ;
#1931 = VERTEX_POINT ( 'NONE', #1390 ) ;
#1932 = DIRECTION ( 'NONE',  ( -0.000000000000000000, -0.000000000000000000, 1.000000000000000000 ) ) ;
#1933 = CARTESIAN_POINT ( 'NONE',  ( -1.338221405121497121, 1.070567272959587646, 0.1113448291506182325 ) ) ;
#1934 = LINE ( 'NONE', #5510, #2026 ) ;
#1935 = VERTEX_POINT ( 'NONE', #5039 ) ;
#1936 = CARTESIAN_POINT ( 'NONE',  ( -0.9419470329029192568, 1.161475602164966814, 0.07728670383237304375 ) ) ;
#1937 = CARTESIAN_POINT ( 'NONE',  ( -0.8698459469988386594, 1.148260813069732045, 0.03011989307064740634 ) ) ;
#1938 = EDGE_CURVE ( 'NONE', #161, #2722, #3959, .T. ) ;
#1939 = CARTESIAN_POINT ( 'NONE',  ( -1.013859724571285925, 0.5658004866359794827, 0.1556034584419080935 ) ) ;
#1940 = EDGE_CURVE ( 'NONE', #6086, #2197, #7868, .T. ) ;
#1941 = CARTESIAN_POINT ( 'NONE',  ( -0.8773466841541802674, 1.150064510079603863, 0.02032764739529143230 ) ) ;
#1942 = ORIENTED_EDGE ( 'NONE', *, *, #6918, .F. ) ;
#1943 = ORIENTED_EDGE ( 'NONE', *, *, #5409, .F. ) ;
#1944 = CARTESIAN_POINT ( 'NONE',  ( -1.043103711668560196, -0.03348641395392520925, 0.04100553047936803669 ) ) ;
#1945 = EDGE_CURVE ( 'NONE', #2780, #7692, #3481, .T. ) ;
#1946 = ORIENTED_EDGE ( 'NONE', *, *, #4131, .T. ) ;
#1947 = CARTESIAN_POINT ( 'NONE',  ( -0.8644619861580191689, -0.01530305794123410987, 0.07393607560819800972 ) ) ;
#1948 = CARTESIAN_POINT ( 'NONE',  ( -1.277547734202789886, 0.02684890613105957516, 0.08490414126811011986 ) ) ;
#1949 = VERTEX_POINT ( 'NONE', #4945 ) ;
#1950 = ORIENTED_EDGE ( 'NONE', *, *, #2789, .F. ) ;
#1951 = CARTESIAN_POINT ( 'NONE',  ( -1.376589164571679014, 1.043741231019917670, 0.1097720003560084118 ) ) ;
#1952 = DIRECTION ( 'NONE',  ( -0.4015335382505081374, 0.9158443195543813919, 0.000000000000000000 ) ) ;
#1953 = CARTESIAN_POINT ( 'NONE',  ( -1.013859724571285925, 0.5501754866359795937, 0.09619400962301037639 ) ) ;
#1954 = CARTESIAN_POINT ( 'NONE',  ( -0.9117775786858001164, -0.02545239026347527467, 0.1441622824983718187 ) ) ;
#1955 = CARTESIAN_POINT ( 'NONE',  ( -1.230834016278171239, 0.006406031230587303990, 0.06503903640464567260 ) ) ;
#1956 = ORIENTED_EDGE ( 'NONE', *, *, #6689, .F. ) ;
#1957 = CARTESIAN_POINT ( 'NONE',  ( -1.334950810634622842, 0.05894083222205939721, 0.04131726889578216100 ) ) ;
#1958 = CARTESIAN_POINT ( 'NONE',  ( -1.013859724571285925, 0.5658004866359794827, 0.09560345844190808184 ) ) ;
#1959 = CARTESIAN_POINT ( 'NONE',  ( -0.4798597245712858950, 0.5658004866359794827, 0.1956034584419080458 ) ) ;
#1960 = ORIENTED_EDGE ( 'NONE', *, *, #5296, .T. ) ;
#1961 = VERTEX_POINT ( 'NONE', #1347 ) ;
#1962 = DIRECTION ( 'NONE',  ( -0.000000000000000000, -0.000000000000000000, 1.000000000000000000 ) ) ;
#1963 = ORIENTED_EDGE ( 'NONE', *, *, #1637, .F. ) ;
#1964 = EDGE_LOOP ( 'NONE', ( #8316, #3376 ) ) ;
#1965 = CARTESIAN_POINT ( 'NONE',  ( -0.5728654444691555492, 0.9726471298195169535, 0.1066681590027838689 ) ) ;
#1966 = CARTESIAN_POINT ( 'NONE',  ( -1.185749822409799092, 1.140651592806147807, 0.09560345844190808184 ) ) ;
#1967 = LINE ( 'NONE', #8394, #515 ) ;
#1968 = ORIENTED_EDGE ( 'NONE', *, *, #5575, .F. ) ;
#1969 = CARTESIAN_POINT ( 'NONE',  ( -0.9133984843007660892, 1.157330316148666549, 0.08560345844190808684 ) ) ;
#1970 = CARTESIAN_POINT ( 'NONE',  ( -1.172659011732517964, 1.144404673023428520, 0.1093702568651519769 ) ) ;
#1971 = CARTESIAN_POINT ( 'NONE',  ( -0.5217337403193175183, 0.5658004866359794827, 0.1567617795536129510 ) ) ;
#1972 = CARTESIAN_POINT ( 'NONE',  ( -0.5799258635263448980, 0.9801694970907550708, 0.09568646515685802489 ) ) ;
#1973 = ORIENTED_EDGE ( 'NONE', *, *, #631, .T. ) ;
#1974 = CARTESIAN_POINT ( 'NONE',  ( -1.305766968577273479, 0.04159608602248313081, 0.1099615323420390367 ) ) ;
#1975 = CARTESIAN_POINT ( 'NONE',  ( -1.004526417120951365, 1.165727890054124360, 0.02256868353121763496 ) ) ;
#1976 = CARTESIAN_POINT ( 'NONE',  ( -1.013859724571285925, 0.5658004866359794827, 0.3756034584419081224 ) ) ;
#1977 = FACE_OUTER_BOUND ( 'NONE', #8464, .T. ) ;
#1978 = ORIENTED_EDGE ( 'NONE', *, *, #1759, .T. ) ;
#1979 = APPROVAL ( #2513, 'UNSPECIFIED' ) ;
#1980 = DIRECTION ( 'NONE',  ( 0.000000000000000000, 0.000000000000000000, -1.000000000000000000 ) ) ;
#1981 = DIRECTION ( 'NONE',  ( 0.7602724305064908483, 0.6496043652961031034, 0.000000000000000000 ) ) ;
#1982 = CARTESIAN_POINT ( 'NONE',  ( -1.349598184033759418, 1.063072732832934353, 0.09483422767267732367 ) ) ;
#1983 = CARTESIAN_POINT ( 'NONE',  ( -0.8790685523335890483, 1.150463941472971818, 0.02483483555652885727 ) ) ;
#1984 = ORIENTED_EDGE ( 'NONE', *, *, #7361, .T. ) ;
#1985 = AXIS2_PLACEMENT_3D ( 'NONE', #70, #7037, #5723 ) ;
#1986 = VERTEX_POINT ( 'NONE', #8375 ) ;
#1987 = EDGE_CURVE ( 'NONE', #2958, #7594, #2048, .T. ) ;
#1988 = ORIENTED_EDGE ( 'NONE', *, *, #1990, .F. ) ;
#1989 = EDGE_CURVE ( 'NONE', #2503, #6934, #7633, .T. ) ;
#1990 = EDGE_CURVE ( 'NONE', #5870, #6344, #651, .T. ) ;
#1991 = DIRECTION ( 'NONE',  ( 1.000000000000000000, 0.000000000000000000, 0.000000000000000000 ) ) ;
#1992 = ORIENTED_EDGE ( 'NONE', *, *, #2394, .F. ) ;
#1993 = EDGE_CURVE ( 'NONE', #5481, #7734, #6664, .T. ) ;
#1994 = AXIS2_PLACEMENT_3D ( 'NONE', #4198, #2688, #4934 ) ;
#1995 = CARTESIAN_POINT ( 'NONE',  ( -0.8741661282444904701, -0.01771335900269026611, 0.06117825467641156700 ) ) ;
#1996 = CARTESIAN_POINT ( 'NONE',  ( -1.279596207108234518, 0.02785599725195650467, 0.08245792584769776057 ) ) ;
#1997 = EDGE_LOOP ( 'NONE', ( #3531, #7081, #8128, #4838 ) ) ;
#1998 = AXIS2_PLACEMENT_3D ( 'NONE', #3000, #3688, #3725 ) ;
#1999 = CARTESIAN_POINT ( 'NONE',  ( -1.376740180026218452, 1.043626584279318870, 0.1083738910879701312 ) ) ;
#2000 = ADVANCED_FACE ( 'NONE', ( #2462 ), #5255, .T. ) ;
#2001 = CARTESIAN_POINT ( 'NONE',  ( -1.112018735299023842, -0.02611573092606004134, 0.1140400794833180825 ) ) ;
#2002 = B_SPLINE_CURVE_WITH_KNOTS ( 'NONE', 3,
 ( #1037, #1076, #220, #5097, #3890, #3851, #7919, #8667, #3160, #7876, #6672, #1602, #394, #2390, #5184, #7960, #3030, #5946, #6591, #2432 ),
 .UNSPECIFIED., .F., .F.,
 ( 4, 2, 1, 1, 1, 2, 2, 2, 1, 2, 2, 4 ),
 ( 0.000000000000000000, 0.2499999999999904521, 0.3749999999999855671, 0.4374999999999902855, 0.4687499999999852340, 0.4843749999999825695, 0.4999999999999798495, 0.6249999999999942268, 0.6874999999999951150, 0.7187499999999954481, 0.7499999999999956701, 1.000000000000000000 ),
 .UNSPECIFIED. ) ;
#2003 = CARTESIAN_POINT ( 'NONE',  ( -1.234679499904832056, 1.123688133767229314, 0.1279111507496004108 ) ) ;
#2004 = DIRECTION ( 'NONE',  ( 1.000000000000000000, 0.000000000000000000, 0.000000000000000000 ) ) ;
#2005 = CARTESIAN_POINT ( 'NONE',  ( -1.238285067608898116, 1.122247580782450793, 0.1319512677324515271 ) ) ;
#2006 = ORIENTED_EDGE ( 'NONE', *, *, #2120, .T. ) ;
#2007 = CARTESIAN_POINT ( 'NONE',  ( -1.157409332335319840, -0.01677440993165659616, 0.07768067118788785086 ) ) ;
#2008 = CARTESIAN_POINT ( 'NONE',  ( -1.288088128521446496, 0.03213453471570598685, 0.09059330932514017554 ) ) ;
#2009 = CARTESIAN_POINT ( 'NONE',  ( -1.013859724571285925, 0.5658004866359794827, 0.09560345844190808184 ) ) ;
#2010 = CIRCLE ( 'NONE', #1409, 0.5999999999999997558 ) ;
#2011 = VERTEX_POINT ( 'NONE', #8560 ) ;
#2012 = DIRECTION ( 'NONE',  ( 1.000000000000000000, 0.000000000000000000, 0.000000000000000000 ) ) ;
#2013 = ORIENTED_EDGE ( 'NONE', *, *, #900, .F. ) ;
#2014 = ADVANCED_FACE ( 'NONE', ( #8604 ), #8035, .T. ) ;
#2015 = ORIENTED_EDGE ( 'NONE', *, *, #5759, .F. ) ;
#2016 = AXIS2_PLACEMENT_3D ( 'NONE', #2978, #5765, #2835 ) ;
#2017 = AXIS2_PLACEMENT_3D ( 'NONE', #908, #1555, #772 ) ;
#2018 = CARTESIAN_POINT ( 'NONE',  ( -1.352139839878461869, 0.07025080029898607414, 0.1286342777667916770 ) ) ;
#2019 = CARTESIAN_POINT ( 'NONE',  ( -1.013859724571285925, 0.5658004866359794827, 0.3756034584419081224 ) ) ;
#2020 = CARTESIAN_POINT ( 'NONE',  ( -1.351509420171419285, 0.06982202343058073468, 0.1369395767570507072 ) ) ;
#2021 = VERTEX_POINT ( 'NONE', #8653 ) ;
#2022 = CARTESIAN_POINT ( 'NONE',  ( -0.9561622357228247715, 1.163019939648316292, 0.02669753713595168776 ) ) ;
#2023 = FACE_BOUND ( 'NONE', #6890, .T. ) ;
#2024 = AXIS2_PLACEMENT_3D ( 'NONE', #8847, #4683, #6874 ) ;
#2025 = CARTESIAN_POINT ( 'NONE',  ( -0.5531304717209751809, 0.5501754866359794827, 0.07119988270054497526 ) ) ;
#2026 = VECTOR ( 'NONE', #8956, 39.37007874015748143 ) ;
#2027 = LINE ( 'NONE', #1230, #399 ) ;
#2028 = EDGE_LOOP ( 'NONE', ( #7023, #8989, #6618, #5722 ) ) ;
#2029 = CARTESIAN_POINT ( 'NONE',  ( -1.321815694054792489, 0.05086056697595404963, 0.1222437226731267479 ) ) ;
#2030 = CARTESIAN_POINT ( 'NONE',  ( -1.424085585443252810, 1.003658821732995809, 0.1432957661342158240 ) ) ;
#2031 = CIRCLE ( 'NONE', #8767, 0.5999999999999999778 ) ;
#2032 = CARTESIAN_POINT ( 'NONE',  ( -1.343945305043166449, 1.066843070252911696, 0.1027144036409823741 ) ) ;
#2033 = CIRCLE ( 'NONE', #7149, 0.5174999999999998490 ) ;
#2034 = CARTESIAN_POINT ( 'NONE',  ( -1.018713615784065274, 1.165781849624941469, 0.02253177060517135011 ) ) ;
#2035 = ORIENTED_EDGE ( 'NONE', *, *, #8676, .F. ) ;
#2036 = CARTESIAN_POINT ( 'NONE',  ( -0.9362338059954123937, 1.160759649311170261, 0.07576701313847668262 ) ) ;
#2037 = CARTESIAN_POINT ( 'NONE',  ( -0.8343957714040296514, -0.006731337382197357527, 0.09190214353719480811 ) ) ;
#2038 = CARTESIAN_POINT ( 'NONE',  ( -1.013859724571285925, 0.5658004866359794827, 0.3756034584419081224 ) ) ;
#2039 = AXIS2_PLACEMENT_3D ( 'NONE', #6528, #336, #6658 ) ;
#2040 = ORIENTED_EDGE ( 'NONE', *, *, #2403, .T. ) ;
#2041 = VERTEX_POINT ( 'NONE', #1718 ) ;
#2042 = CARTESIAN_POINT ( 'NONE',  ( -1.007166469945981913, -0.03416218941548684190, 0.1264319113480895929 ) ) ;
#2043 = VECTOR ( 'NONE', #4866, 39.37007874015748143 ) ;
#2044 = ORIENTED_EDGE ( 'NONE', *, *, #9058, .T. ) ;
#2045 = LINE ( 'NONE', #2549, #2768 ) ;
#2046 = VERTEX_POINT ( 'NONE', #2332 ) ;
#2047 = VECTOR ( 'NONE', #3524, 39.37007874015748143 ) ;
#2048 = LINE ( 'NONE', #4851, #981 ) ;
#2049 = CARTESIAN_POINT ( 'NONE',  ( -1.272606316686639261, 1.107141601293756938, 0.1313102229025422951 ) ) ;
#2050 = CARTESIAN_POINT ( 'NONE',  ( -0.6733803631577461868, 1.059838774143361251, 0.1617052148476539053 ) ) ;
#2051 = CARTESIAN_POINT ( 'NONE',  ( -1.013859724571285925, 0.5658004866359794827, 0.2256034584419080447 ) ) ;
#2052 = CARTESIAN_POINT ( 'NONE',  ( -1.317821302942629780, 0.04849268766712452883, 0.1163700113352243715 ) ) ;
#2053 = ORIENTED_EDGE ( 'NONE', *, *, #4677, .F. ) ;
#2054 = CARTESIAN_POINT ( 'NONE',  ( -1.346276010031977721, 1.065299654404990637, 0.1292948777078009037 ) ) ;
#2055 = CARTESIAN_POINT ( 'NONE',  ( -1.349319212507895882, 1.063260969441706782, 0.1017573045957542444 ) ) ;
#2056 = CARTESIAN_POINT ( 'NONE',  ( -0.9102826768742962038, -0.02519193362711150130, 0.1042037968997997222 ) ) ;
#2057 = EDGE_CURVE ( 'NONE', #5603, #8815, #2285, .T. ) ;
#2058 = ORIENTED_EDGE ( 'NONE', *, *, #3016, .T. ) ;
#2059 = CARTESIAN_POINT ( 'NONE',  ( -1.290680698223470646, 0.03347403601365718517, 0.08592901646837365626 ) ) ;
#2060 = B_SPLINE_CURVE_WITH_KNOTS ( 'NONE', 3,
 ( #5172, #210, #8523, #337, #5131, #3746, #2378, #8563, #4479, #5850, #8655, #171, #7906, #7175, #1671, #4440, #7218, #7864, #2420, #850, #3669, #5211, #7948, #7259, #1585, #4398, #3792, #6576, #2250, #297, #3108, #5892 ),
 .UNSPECIFIED., .F., .F.,
 ( 4, 1, 1, 2, 2, 1, 2, 2, 2, 2, 2, 2, 2, 2, 1, 2, 2, 4 ),
 ( 0.000000000000000000, 0.06250000000000126288, 0.09375000000000133227, 0.1093750000000013739, 0.1250000000000014155, 0.1875000000000017208, 0.2187500000000028588, 0.2500000000000039968, 0.3750000000000001665, 0.4999999999999963918, 0.6249999999999926725, 0.6874999999999827915, 0.7499999999999729106, 0.8749999999999572564, 0.9062499999999553690, 0.9218749999999563682, 0.9374999999999573674, 1.000000000000000000 ),
 .UNSPECIFIED. ) ;
#2061 = FACE_OUTER_BOUND ( 'NONE', #2872, .T. ) ;
#2062 = ORIENTED_EDGE ( 'NONE', *, *, #4314, .F. ) ;
#2063 = ORIENTED_EDGE ( 'NONE', *, *, #6574, .F. ) ;
#2064 = B_SPLINE_CURVE_WITH_KNOTS ( 'NONE', 3,
 ( #1508, #7873, #5142, #5818, #5860, #1640, #6413, #8664, #4447, #5221, #2988, #4408, #2387, #903, #7226, #8619, #2944, #7095, #5181, #6498, #138, #1599, #7957, #1681, #7183, #5777, #7142, #989 ),
 .UNSPECIFIED., .F., .F.,
 ( 4, 1, 2, 2, 2, 2, 2, 2, 2, 1, 1, 1, 2, 2, 2, 4 ),
 ( 0.000000000000000000, 0.03125000000000802830, 0.04687500000001204592, 0.06250000000001605660, 0.1250000000000245637, 0.1875000000000330846, 0.2500000000000416334, 0.3750000000000536238, 0.5000000000000656142, 0.6250000000000767164, 0.6875000000000822675, 0.7187500000000905942, 0.7343750000000985878, 0.7500000000001065814, 0.8750000000000534017, 1.000000000000000000 ),
 .UNSPECIFIED. ) ;
#2065 = CARTESIAN_POINT ( 'NONE',  ( -1.356938944217699117, 0.07356411145957306164, 0.1090492052548699964 ) ) ;
#2066 = CARTESIAN_POINT ( 'NONE',  ( -1.229040687911775009, 1.125887516673022226, 0.1066121482882906590 ) ) ;
#2067 = CARTESIAN_POINT ( 'NONE',  ( -1.346470833401696376, 0.06642631214400029904, 0.1416986409828841775 ) ) ;
#2068 = ORIENTED_EDGE ( 'NONE', *, *, #6821, .F. ) ;
#2069 = CARTESIAN_POINT ( 'NONE',  ( -0.8873462566310339472, 1.152310795522132558, 0.1556034584419080657 ) ) ;
#2070 = FACE_BOUND ( 'NONE', #5449, .T. ) ;
#2071 = CARTESIAN_POINT ( 'NONE',  ( -1.313596964476021478, 0.04603299874279879328, 0.05976800410847842027 ) ) ;
#2072 = B_SPLINE_CURVE_WITH_KNOTS ( 'NONE', 3,
 ( #606, #7630, #8824, #6790 ),
 .UNSPECIFIED., .F., .F.,
 ( 4, 4 ),
 ( 0.000000000000000000, 1.000000000000000000 ),
 .UNSPECIFIED. ) ;
#2073 = EDGE_CURVE ( 'NONE', #1231, #8017, #8899, .T. ) ;
#2074 = CARTESIAN_POINT ( 'NONE',  ( -1.281592551705667660, 1.102754113018509230, 0.1372151952887420701 ) ) ;
#2075 = ORIENTED_EDGE ( 'NONE', *, *, #7674, .F. ) ;
#2076 = DIRECTION ( 'NONE',  ( 0.000000000000000000, 0.000000000000000000, 1.000000000000000000 ) ) ;
#2077 = CARTESIAN_POINT ( 'NONE',  ( -1.312572399235077070, 0.04536460066670752050, 0.03451035149314258393 ) ) ;
#2078 = DIRECTION ( 'NONE',  ( 1.000000000000000000, 0.000000000000000000, 0.000000000000000000 ) ) ;
#2079 = CARTESIAN_POINT ( 'NONE',  ( -1.007956706608017727, 1.165772590108860474, 0.01426947701244535988 ) ) ;
#2080 = ORIENTED_EDGE ( 'NONE', *, *, #3342, .F. ) ;
#2081 = CARTESIAN_POINT ( 'NONE',  ( -0.9290243977538491515, 1.159772684249637420, 0.06570501803337236435 ) ) ;
#2082 = CARTESIAN_POINT ( 'NONE',  ( -0.4832717643304468291, 0.8459369894564431336, 0.09585127188164328793 ) ) ;
#2083 = DIRECTION ( 'NONE',  ( -0.3537603208225760798, -0.9353361082581534980, 0.000000000000000000 ) ) ;
#2084 = DIRECTION ( 'NONE',  ( 0.000000000000000000, 0.000000000000000000, -1.000000000000000000 ) ) ;
#2085 = VERTEX_POINT ( 'NONE', #376 ) ;
#2086 = ORIENTED_EDGE ( 'NONE', *, *, #6044, .T. ) ;
#2087 = B_SPLINE_CURVE_WITH_KNOTS ( 'NONE', 3,
 ( #1121, #6798, #3333, #6027, #2605, #6119, #8093, #477, #8928, #3285, #8186, #5443, #4714, #6720, #6068, #4581 ),
 .UNSPECIFIED., .F., .F.,
 ( 4, 1, 2, 2, 2, 1, 2, 2, 4 ),
 ( 0.000000000000000000, 0.1249999999999766576, 0.1874999999999789613, 0.2499999999999812927, 0.4999999999999005240, 0.6249999999998734346, 0.6874999999998794298, 0.7499999999998853140, 1.000000000000000000 ),
 .UNSPECIFIED. ) ;
#2088 = CARTESIAN_POINT ( 'NONE',  ( -0.7161476959030678158, 1.086729990490631570, 0.1286803815188311828 ) ) ;
#2089 = CARTESIAN_POINT ( 'NONE',  ( -1.034626496312860411, -0.03384322067502028991, 0.05697148937157094778 ) ) ;
#2090 = ORIENTED_EDGE ( 'NONE', *, *, #2204, .F. ) ;
#2091 = CARTESIAN_POINT ( 'NONE',  ( -1.243936009915328489, 1.119935846348172337, 0.1287682948660579252 ) ) ;
#2092 = FACE_OUTER_BOUND ( 'NONE', #2703, .T. ) ;
#2093 = ORIENTED_EDGE ( 'NONE', *, *, #4713, .T. ) ;
#2094 = DIRECTION ( 'NONE',  ( 0.000000000000000000, 0.000000000000000000, 1.000000000000000000 ) ) ;
#2095 = CARTESIAN_POINT ( 'NONE',  ( -1.383741124639616515, 1.038228157137004670, 0.1079797659644379654 ) ) ;
#2096 = CYLINDRICAL_SURFACE ( 'NONE', #1694, 0.5999999999999998668 ) ;
#2097 = LINE ( 'NONE', #711, #2047 ) ;
#2098 = CARTESIAN_POINT ( 'NONE',  ( -1.238618402537482677, 1.122112944247428690, 0.1315995574797103607 ) ) ;
#2099 = VERTEX_POINT ( 'NONE', #5890 ) ;
#2100 = CARTESIAN_POINT ( 'NONE',  ( -1.391993584879432255, 1.031648942347125120, 0.1486803815188311728 ) ) ;
#2101 = EDGE_CURVE ( 'NONE', #5702, #168, #6549, .T. ) ;
#2102 = CARTESIAN_POINT ( 'NONE',  ( -0.9052120419419865671, -0.02428170151618302616, 0.1146216546248884360 ) ) ;
#2103 = B_SPLINE_CURVE_WITH_KNOTS ( 'NONE', 3,
 ( #1789, #2496, #6006, #5372, #6694, #4560, #7427, #286, #4512, #7338, #1011, #5243, #2449, #366, #1053, #8069, #6609, #6738, #7295, #6649 ),
 .UNSPECIFIED., .F., .F.,
 ( 4, 1, 2, 2, 2, 2, 2, 1, 2, 2, 4 ),
 ( 0.000000000000000000, 0.06249999999999028555, 0.09374999999998517852, 0.1249999999999800715, 0.2499999999999839018, 0.4999999999999885647, 0.7499999999999932276, 0.8124999999999955591, 0.8437499999999968914, 0.8749999999999981126, 1.000000000000000000 ),
 .UNSPECIFIED. ) ;
#2104 = ORIENTED_EDGE ( 'NONE', *, *, #2515, .F. ) ;
#2105 = CARTESIAN_POINT ( 'NONE',  ( -1.239977849551040068, 1.121561760525803697, 0.1217573045957542482 ) ) ;
#2106 = CARTESIAN_POINT ( 'NONE',  ( -0.6987312981490689801, 1.076382710589569802, 0.1334818392597267311 ) ) ;
#2107 = VERTEX_POINT ( 'NONE', #207 ) ;
#2108 = VERTEX_POINT ( 'NONE', #6527 ) ;
#2109 = EDGE_CURVE ( 'NONE', #4590, #8841, #2904, .T. ) ;
#2110 = EDGE_CURVE ( 'NONE', #2321, #7809, #8320, .T. ) ;
#2111 = EDGE_CURVE ( 'NONE', #7329, #4189, #4605, .T. ) ;
#2112 = CARTESIAN_POINT ( 'NONE',  ( -1.342236393281655227, 0.06363072666333989547, 0.1382834508205062762 ) ) ;
#2113 = LINE ( 'NONE', #4824, #2043 ) ;
#2114 = DIRECTION ( 'NONE',  ( -1.000000000000000000, 0.000000000000000000, 0.000000000000000000 ) ) ;
#2115 = ORIENTED_EDGE ( 'NONE', *, *, #8263, .F. ) ;
#2116 = CARTESIAN_POINT ( 'NONE',  ( -0.4849312785836639716, 0.8490580993195538939, 0.1052861230955428051 ) ) ;
#2117 = CARTESIAN_POINT ( 'NONE',  ( -1.176816709760257984, 1.143247494090231964, 0.1037307626281765427 ) ) ;
#2118 = DIRECTION ( 'NONE',  ( 0.000000000000000000, 0.000000000000000000, 1.000000000000000000 ) ) ;
#2119 = DIRECTION ( 'NONE',  ( 0.7682212575920440711, 0.000000000000000000, 0.6401844260708771106 ) ) ;
#2120 = EDGE_CURVE ( 'NONE', #5589, #3457, #2182, .T. ) ;
#2121 = ORIENTED_EDGE ( 'NONE', *, *, #6889, .F. ) ;
#2122 = CARTESIAN_POINT ( 'NONE',  ( -1.013859724571285925, 0.5658004866359794827, 0.1025265353649850164 ) ) ;
#2123 = CARTESIAN_POINT ( 'NONE',  ( -1.298645844254242787, 0.03769340804663854488, 0.03972268430141213946 ) ) ;
#2124 = EDGE_CURVE ( 'NONE', #6474, #84, #3923, .T. ) ;
#2125 = EDGE_CURVE ( 'NONE', #6374, #1522, #7282, .T. ) ;
#2126 = CARTESIAN_POINT ( 'NONE',  ( -1.346644107100839705, 1.065054525212502767, 0.1019539077773348179 ) ) ;
#2127 = VERTEX_POINT ( 'NONE', #520 ) ;
#2128 = ORIENTED_EDGE ( 'NONE', *, *, #5368, .T. ) ;
#2129 = CARTESIAN_POINT ( 'NONE',  ( -0.4765834724586549553, 0.8328851719545381505, 0.1188435148968161464 ) ) ;
#2130 = CARTESIAN_POINT ( 'NONE',  ( -0.4835644877584360235, 0.8464911824979419741, 0.09595600314410858422 ) ) ;
#2131 = B_SPLINE_CURVE_WITH_KNOTS ( 'NONE', 3,
 ( #6352, #4853, #5622, #2202, #5532, #7591, #3421, #6208, #8335, #2050, #7635, #1349, #8694, #1538, #5768, #3018, #2287, #6490, #3705, #1631, #5810 ),
 .UNSPECIFIED., .F., .F.,
 ( 4, 1, 1, 2, 2, 2, 2, 2, 1, 2, 2, 4 ),
 ( 0.000000000000000000, 0.1249999999999878708, 0.1874999999999791001, 0.2187499999999756584, 0.2499999999999722444, 0.3749999999999731881, 0.4999999999999741318, 0.7499999999999882316, 0.8124999999999812372, 0.8437499999999754641, 0.8749999999999695799, 1.000000000000000000 ),
 .UNSPECIFIED. ) ;
#2132 = CARTESIAN_POINT ( 'NONE',  ( -1.013859724571285925, 0.5658004866359794827, 0.09619400962301037639 ) ) ;
#2133 = DIRECTION ( 'NONE',  ( 0.000000000000000000, -1.000000000000000000, 0.000000000000000000 ) ) ;
#2134 = ORIENTED_EDGE ( 'NONE', *, *, #7191, .T. ) ;
#2135 = EDGE_CURVE ( 'NONE', #8374, #8957, #431, .T. ) ;
#2136 = ORIENTED_EDGE ( 'NONE', *, *, #8867, .T. ) ;
#2137 = CARTESIAN_POINT ( 'NONE',  ( -1.013859724571285925, 0.5658004866359794827, 0.3756034584419081224 ) ) ;
#2138 = CARTESIAN_POINT ( 'NONE',  ( -1.025540525127537350, -0.03408923632940005083, 0.04405956298143475641 ) ) ;
#2139 = VERTEX_POINT ( 'NONE', #1955 ) ;
#2140 = CARTESIAN_POINT ( 'NONE',  ( -1.268842225594140727, 0.02267622779402950553, 0.04508809599171430260 ) ) ;
#2141 = CARTESIAN_POINT ( 'NONE',  ( -0.5824882187386879462, 0.9828360054538815005, 0.1486803815188311728 ) ) ;
#2142 = VERTEX_POINT ( 'NONE', #8795 ) ;
#2143 = EDGE_CURVE ( 'NONE', #8381, #8405, #2087, .T. ) ;
#2144 = ORIENTED_EDGE ( 'NONE', *, *, #7598, .F. ) ;
#2145 = CARTESIAN_POINT ( 'NONE',  ( -0.4863792451244288162, 0.8517452011775039633, 0.1412073348707794385 ) ) ;
#2146 = CARTESIAN_POINT ( 'NONE',  ( -1.389540463189202990, 1.033629538919235813, 0.1028161115294162486 ) ) ;
#2147 = DIRECTION ( 'NONE',  ( -0.000000000000000000, -0.000000000000000000, 1.000000000000000000 ) ) ;
#2148 = VECTOR ( 'NONE', #6849, 39.37007874015748143 ) ;
#2149 = CIRCLE ( 'NONE', #4342, 0.5999999999999999778 ) ;
#2150 = CARTESIAN_POINT ( 'NONE',  ( -1.387446616360605844, 1.035303762949312478, 0.1482444580435409442 ) ) ;
#2151 = CARTESIAN_POINT ( 'NONE',  ( -1.162272107012877864, -0.01556002544167900403, 0.09368404572293874411 ) ) ;
#2152 = ORIENTED_EDGE ( 'NONE', *, *, #6477, .T. ) ;
#2153 = CARTESIAN_POINT ( 'NONE',  ( -1.335066465000875668, 1.072585580764495505, 0.1004666711188648975 ) ) ;
#2154 = MECHANICAL_CONTEXT ( 'NONE', #4311, 'mechanical' ) ;
#2155 = AXIS2_PLACEMENT_3D ( 'NONE', #8415, #4991, #697 ) ;
#2156 = CARTESIAN_POINT ( 'NONE',  ( -0.4730938683606715212, 0.8257471903211791586, 0.1260121122880619449 ) ) ;
#2157 = DIRECTION ( 'NONE',  ( -1.000000000000000000, 0.000000000000000000, 0.000000000000000000 ) ) ;
#2158 = VERTEX_POINT ( 'NONE', #572 ) ;
#2159 = ORIENTED_EDGE ( 'NONE', *, *, #1734, .T. ) ;
#2160 = CARTESIAN_POINT ( 'NONE',  ( -1.349319212507895882, 1.063260969441706782, 0.1017573045957542444 ) ) ;
#2161 = CARTESIAN_POINT ( 'NONE',  ( -1.228371970919006850, 1.126143699925251207, 0.1081953908348213811 ) ) ;
#2162 = CARTESIAN_POINT ( 'NONE',  ( -0.8070022027874694803, 0.002586525799196123451, 0.07566380511256953767 ) ) ;
#2163 = AXIS2_PLACEMENT_3D ( 'NONE', #3692, #156, #8589 ) ;
#2164 = EDGE_LOOP ( 'NONE', ( #1444, #1747 ) ) ;
#2165 = CARTESIAN_POINT ( 'NONE',  ( -0.9579388986596893973, 1.163188853805415368, 0.04567603289436539260 ) ) ;
#2166 = FACE_BOUND ( 'NONE', #8545, .T. ) ;
#2167 = CARTESIAN_POINT ( 'NONE',  ( -1.008407820477768668, -0.03417475229756585658, 0.1387349432255748360 ) ) ;
#2168 = CARTESIAN_POINT ( 'NONE',  ( -1.013859724571285925, 0.5658004866359794827, 0.2256034584419080447 ) ) ;
#2169 = EDGE_CURVE ( 'NONE', #6396, #6086, #1908, .T. ) ;
#2170 = EDGE_CURVE ( 'NONE', #4281, #3145, #8861, .T. ) ;
#2171 = AXIS2_PLACEMENT_3D ( 'NONE', #5736, #1459, #1505 ) ;
#2172 = VECTOR ( 'NONE', #1604, 39.37007874015748143 ) ;
#2173 = CARTESIAN_POINT ( 'NONE',  ( -0.4870606192114693145, 0.8529985067271311783, 0.1206035898843331178 ) ) ;
#2174 = ORIENTED_EDGE ( 'NONE', *, *, #5530, .T. ) ;
#2175 = CARTESIAN_POINT ( 'NONE',  ( -1.358734623936546759, 0.07482044944857091373, 0.06988451422793458268 ) ) ;
#2176 = DIRECTION ( 'NONE',  ( -0.000000000000000000, -0.000000000000000000, 1.000000000000000000 ) ) ;
#2177 = DIRECTION ( 'NONE',  ( -0.000000000000000000, -0.000000000000000000, 1.000000000000000000 ) ) ;
#2178 = VERTEX_POINT ( 'NONE', #436 ) ;
#2179 = ORIENTED_EDGE ( 'NONE', *, *, #5636, .F. ) ;
#2180 = CARTESIAN_POINT ( 'NONE',  ( -1.365880741595663750, 1.051682650147750309, 0.1463709711342688902 ) ) ;
#2181 = CARTESIAN_POINT ( 'NONE',  ( -0.4907672648222053957, 0.8596955031225232968, 0.1200809408621308499 ) ) ;
#2182 = CIRCLE ( 'NONE', #8156, 0.5999999999999998668 ) ;
#2183 = CARTESIAN_POINT ( 'NONE',  ( -1.331748168843465141, 1.074669156284294935, 0.1473036995302317853 ) ) ;
#2184 = EDGE_CURVE ( 'NONE', #4764, #8194, #2322, .T. ) ;
#2185 = ADVANCED_FACE ( 'NONE', ( #3385 ), #9052, .T. ) ;
#2186 = CARTESIAN_POINT ( 'NONE',  ( -1.338547722457074762, 1.070357503502845198, 0.1335549175898648466 ) ) ;
#2187 = VERTEX_POINT ( 'NONE', #1773 ) ;
#2188 = ORIENTED_EDGE ( 'NONE', *, *, #8676, .T. ) ;
#2189 = CIRCLE ( 'NONE', #5535, 0.4724999999999999201 ) ;
#2190 = DIRECTION ( 'NONE',  ( 0.000000000000000000, -1.000000000000000000, 0.000000000000000000 ) ) ;
#2191 = DIRECTION ( 'NONE',  ( 0.000000000000000000, 0.000000000000000000, 1.000000000000000000 ) ) ;
#2192 = VERTEX_POINT ( 'NONE', #7359 ) ;
#2193 = CARTESIAN_POINT ( 'NONE',  ( -1.269187439000286854, 0.02283843030519853642, 0.04527749604934202393 ) ) ;
#2194 = VECTOR ( 'NONE', #8789, 39.37007874015748143 ) ;
#2195 = CYLINDRICAL_SURFACE ( 'NONE', #1665, 0.5174999999999998490 ) ;
#2196 = EDGE_CURVE ( 'NONE', #936, #2765, #1073, .T. ) ;
#2197 = VERTEX_POINT ( 'NONE', #5988 ) ;
#2199 = EDGE_CURVE ( 'NONE', #7528, #2041, #4855, .T. ) ;
#2198 = CARTESIAN_POINT ( 'NONE',  ( -0.4859866910884443336, 0.8510199383842098619, 0.1434199733079431494 ) ) ;
#2200 = CARTESIAN_POINT ( 'NONE',  ( -1.383391608117384486, 1.038501437312144615, 0.1096783289526307853 ) ) ;
#2201 = AXIS2_PLACEMENT_3D ( 'NONE', #8402, #6963, #1105 ) ;
#2202 = CARTESIAN_POINT ( 'NONE',  ( -0.6728430834110843417, 1.059468038511670818, 0.1584014458714547158 ) ) ;
#2203 = CARTESIAN_POINT ( 'NONE',  ( -1.315065045573471370, 1.084717973022832682, 0.1285665274641058509 ) ) ;
#2204 = EDGE_CURVE ( 'NONE', #1931, #3629, #2215, .T. ) ;
#2205 = CARTESIAN_POINT ( 'NONE',  ( -1.240774222176471264, 1.121237095726753452, 0.1298902326746904645 ) ) ;
#2206 = VERTEX_POINT ( 'NONE', #712 ) ;
#2207 = CARTESIAN_POINT ( 'NONE',  ( -1.347032817101841529, 1.064795298604311435, 0.09496024586751826424 ) ) ;
#2208 = CYLINDRICAL_SURFACE ( 'NONE', #91, 0.5999999999999998668 ) ;
#2209 = CIRCLE ( 'NONE', #1890, 0.4510000000000001230 ) ;
#2210 = CARTESIAN_POINT ( 'NONE',  ( -1.299998995897829523, 0.03842209477458728012, 0.09325665328504484375 ) ) ;
#2211 = LINE ( 'NONE', #7829, #1416 ) ;
#2212 = ORIENTED_EDGE ( 'NONE', *, *, #5199, .F. ) ;
#2213 = CARTESIAN_POINT ( 'NONE',  ( -1.238295728874711177, 1.122243188063819952, 0.1025265353649850164 ) ) ;
#2214 = EDGE_CURVE ( 'NONE', #1741, #7559, #7545, .T. ) ;
#2215 = B_SPLINE_CURVE_WITH_KNOTS ( 'NONE', 3,
 ( #4899, #1351, #2151, #1396 ),
 .UNSPECIFIED., .F., .F.,
 ( 4, 4 ),
 ( 0.000000000000000000, 1.000000000000000000 ),
 .UNSPECIFIED. ) ;
#2216 = CIRCLE ( 'NONE', #8934, 0.5999999999999997558 ) ;
#2217 = CARTESIAN_POINT ( 'NONE',  ( -1.280992823933980285, 0.02854826181153291911, 0.05019051605731623955 ) ) ;
#2218 = EDGE_LOOP ( 'NONE', ( #8247, #7157, #1571, #7833, #7207, #1423, #299, #8541 ) ) ;
#2219 = CARTESIAN_POINT ( 'NONE',  ( -0.4779311643829321499, 0.8355803663658307734, 0.09738778282186064117 ) ) ;
#2220 = CARTESIAN_POINT ( 'NONE',  ( -0.9169762485875023739, 1.157926817896063998, 0.05240586752202738841 ) ) ;
#2221 = CARTESIAN_POINT ( 'NONE',  ( -1.338526789834239450, 1.070371560328093885, 0.1450446137252667522 ) ) ;
#2222 = FACE_OUTER_BOUND ( 'NONE', #650, .T. ) ;
#2223 = CARTESIAN_POINT ( 'NONE',  ( -0.4869746407810472966, 0.8528407574732403962, 0.1181247720556429931 ) ) ;
#2224 = ORIENTED_EDGE ( 'NONE', *, *, #5008, .T. ) ;
#2225 = CARTESIAN_POINT ( 'NONE',  ( -1.348690025153798322, 0.06791621196662186999, 0.04365033586016872635 ) ) ;
#2226 = CARTESIAN_POINT ( 'NONE',  ( -0.5243947885132108633, 0.9128240262367987023, 0.1100252170350575626 ) ) ;
#2227 = PLANE ( 'NONE',  #4791 ) ;
#2228 = ORIENTED_EDGE ( 'NONE', *, *, #5367, .F. ) ;
#2229 = VERTEX_POINT ( 'NONE', #7044 ) ;
#2230 = CARTESIAN_POINT ( 'NONE',  ( -0.4765347508277275046, 0.8327871423454770161, 0.1204786576207143578 ) ) ;
#2231 = CARTESIAN_POINT ( 'NONE',  ( -1.315630996407411546, 0.04721177377530279273, 0.06608518810154724588 ) ) ;
#2232 = EDGE_CURVE ( 'NONE', #7667, #6152, #1427, .T. ) ;
#2233 = CARTESIAN_POINT ( 'NONE',  ( -0.6918147080189758213, 1.072048467194502308, 0.1070207254923497830 ) ) ;
#2234 = B_SPLINE_CURVE_WITH_KNOTS ( 'NONE', 3,
 ( #2979, #5766, #2286, #7174 ),
 .UNSPECIFIED., .F., .F.,
 ( 4, 4 ),
 ( 0.000000000000000000, 0.0004483214460237771085 ),
 .UNSPECIFIED. ) ;
#2235 = CARTESIAN_POINT ( 'NONE',  ( -1.312646979190589036, 1.086114618344115046, 0.1509085275006487037 ) ) ;
#2236 = ORIENTED_EDGE ( 'NONE', *, *, #7640, .F. ) ;
#2237 = ORIENTED_EDGE ( 'NONE', *, *, #5206, .F. ) ;
#2238 = EDGE_CURVE ( 'NONE', #2640, #5590, #8337, .T. ) ;
#2240 = EDGE_CURVE ( 'NONE', #7304, #5649, #226, .T. ) ;
#2239 = CARTESIAN_POINT ( 'NONE',  ( -1.001004757196766848, -0.03406188805584711016, 0.06031688721284906435 ) ) ;
#2241 = ADVANCED_FACE ( 'NONE', ( #1500 ), #6519, .F. ) ;
#2242 = DIRECTION ( 'NONE',  ( -0.000000000000000000, -0.000000000000000000, 1.000000000000000000 ) ) ;
#2243 = CARTESIAN_POINT ( 'NONE',  ( -1.252093806031221002, 0.01510053000840549421, 0.04092766869917575240 ) ) ;
#2244 = ORIENTED_EDGE ( 'NONE', *, *, #8663, .F. ) ;
#2245 = DIRECTION ( 'NONE',  ( -0.000000000000000000, -0.000000000000000000, 1.000000000000000000 ) ) ;
#2246 = VERTEX_POINT ( 'NONE', #1308 ) ;
#2247 = EDGE_LOOP ( 'NONE', ( #7860, #1902, #2458, #6179, #7616, #8196, #7803, #5077, #8070, #3926, #7553, #8657, #4064, #5933, #2848, #7289 ) ) ;
#2248 = CARTESIAN_POINT ( 'NONE',  ( -0.4868394647643210504, 0.8525925871789699073, 0.1367575578744705256 ) ) ;
#2249 = CARTESIAN_POINT ( 'NONE',  ( -1.013859724571285925, 0.5658004866359794827, 0.09560345844190808184 ) ) ;
#2250 = CARTESIAN_POINT ( 'NONE',  ( -1.300401609959708660, 1.092956796850210743, 0.09497304904699302441 ) ) ;
#2251 = DIRECTION ( 'NONE',  ( 0.000000000000000000, 0.000000000000000000, 1.000000000000000000 ) ) ;
#2252 = ORIENTED_EDGE ( 'NONE', *, *, #3967, .T. ) ;
#2253 = EDGE_LOOP ( 'NONE', ( #2784, #1943, #5058, #1438, #1973 ) ) ;
#2254 = CARTESIAN_POINT ( 'NONE',  ( -1.331669567037180091, 1.074717977922585055, 0.1073058409050998974 ) ) ;
#2255 = CARTESIAN_POINT ( 'NONE',  ( -1.013859724571285925, 0.5658004866359794827, 0.09560345844190808184 ) ) ;
#2256 = CARTESIAN_POINT ( 'NONE',  ( -0.4902161792467633061, 0.8587125105091154564, 0.1399180168535521518 ) ) ;
#2257 = DIRECTION ( 'NONE',  ( 1.000000000000000000, 0.000000000000000000, 0.000000000000000000 ) ) ;
#2258 = CARTESIAN_POINT ( 'NONE',  ( -1.282042924198462996, 0.02907170679323672902, 0.05240594127701032195 ) ) ;
#2259 = CARTESIAN_POINT ( 'NONE',  ( -1.505985708823254665, 0.5658004866359794827, 0.1511940096230102448 ) ) ;
#2260 = EDGE_CURVE ( 'NONE', #6551, #6463, #6993, .T. ) ;
#2261 = CARTESIAN_POINT ( 'NONE',  ( -0.4819583149580812242, 0.8434353409877615171, 0.1025388946587015015 ) ) ;
#2262 = CARTESIAN_POINT ( 'NONE',  ( -0.4965956630176154296, 0.5501754866359794827, 0.08849400962301047502 ) ) ;
#2263 = DIRECTION ( 'NONE',  ( 6.128675611130999274E-17, -0.5004443416173564030, -0.8657687109980185536 ) ) ;
#2264 = EDGE_CURVE ( 'NONE', #3476, #4274, #6135, .T. ) ;
#2265 = CARTESIAN_POINT ( 'NONE',  ( -1.486359724571285845, 0.5658004866359795937, 0.3656034584419080580 ) ) ;
#2266 = VERTEX_POINT ( 'NONE', #5203 ) ;
#2267 = CARTESIAN_POINT ( 'NONE',  ( -1.013859724571285925, 0.5658004866359794827, 0.3756034584419081224 ) ) ;
#2268 = CARTESIAN_POINT ( 'NONE',  ( -1.433897918037098540, 0.9942512749030092412, 0.1065008943393440238 ) ) ;
#2269 = CARTESIAN_POINT ( 'NONE',  ( -1.013859724571285925, 0.5658004866359794827, 0.3756034584419081224 ) ) ;
#2270 = ORIENTED_EDGE ( 'NONE', *, *, #4300, .T. ) ;
#2271 = VERTEX_POINT ( 'NONE', #328 ) ;
#2272 = CARTESIAN_POINT ( 'NONE',  ( -0.4769994787891261301, 0.8337204058169636056, 0.1123073663848096204 ) ) ;
#2273 = CARTESIAN_POINT ( 'NONE',  ( -0.9848623590439651299, 1.165099370993755379, 0.1209880738265234762 ) ) ;
#2274 = DIRECTION ( 'NONE',  ( 1.000000000000000000, 0.000000000000000000, 0.000000000000000000 ) ) ;
#2275 = CARTESIAN_POINT ( 'NONE',  ( -1.317759219091757972, 1.083145667540856838, 0.1447769346581987415 ) ) ;
#2276 = ORIENTED_EDGE ( 'NONE', *, *, #2843, .F. ) ;
#2277 = CARTESIAN_POINT ( 'NONE',  ( -0.8908675345177518023, -0.02146136988970630266, 0.05802729661585339510 ) ) ;
#2278 = CARTESIAN_POINT ( 'NONE',  ( -1.239068390960275323, 1.121931784636788221, 0.1217419425895725632 ) ) ;
#2279 = EDGE_CURVE ( 'NONE', #7388, #5281, #8612, .T. ) ;
#2280 = CARTESIAN_POINT ( 'NONE',  ( -0.5636028744420225056, 0.9623717556835147402, 0.1179156804950216575 ) ) ;
#2281 = CARTESIAN_POINT ( 'NONE',  ( -1.250500389787228883, 0.01443543655274944978, 0.08355436711987347664 ) ) ;
#2282 = VERTEX_POINT ( 'NONE', #8647 ) ;
#2283 = EDGE_CURVE ( 'NONE', #4239, #1668, #4802, .T. ) ;
#2284 = ORIENTED_EDGE ( 'NONE', *, *, #3129, .T. ) ;
#2285 = LINE ( 'NONE', #3790, #7726 ) ;
#2286 = CARTESIAN_POINT ( 'NONE',  ( -1.471114560202579691, 0.5847815465925144673, 0.09955855284873996180 ) ) ;
#2287 = CARTESIAN_POINT ( 'NONE',  ( -0.6763064891405812240, 1.061842649598676136, 0.1667960238471127843 ) ) ;
#2288 = CARTESIAN_POINT ( 'NONE',  ( -0.7413660995252709940, 1.100353780807179715, 0.1556034584419080935 ) ) ;
#2289 = ORIENTED_EDGE ( 'NONE', *, *, #4549, .T. ) ;
#2290 = B_SPLINE_CURVE_WITH_KNOTS ( 'NONE', 3,
 ( #4482, #7264, #7910, #1066, #3839, #3880, #6533, #300, #5175, #8084, #6623, #1802, #3150, #257, #6710, #7312, #5895, #6661, #381, #2511, #3111, #5982, #7951, #4613 ),
 .UNSPECIFIED., .F., .F.,
 ( 4, 1, 1, 2, 2, 1, 2, 2, 2, 2, 1, 2, 2, 4 ),
 ( 0.000000000000000000, 0.1250000000000412725, 0.1875000000000525135, 0.2187500000000538458, 0.2500000000000551781, 0.3750000000000438538, 0.4375000000000386358, 0.5000000000000334177, 0.6250000000000215383, 0.7500000000000095479, 0.8125000000000035527, 0.8437500000000036637, 0.8750000000000037748, 1.000000000000000000 ),
 .UNSPECIFIED. ) ;
#2291 = CARTESIAN_POINT ( 'NONE',  ( -1.254700357907628350, 0.01620411529566988945, 0.05979153765106719198 ) ) ;
#2292 =( CONVERSION_BASED_UNIT ( 'INCH', #6495 ) LENGTH_UNIT ( ) NAMED_UNIT ( #8379 ) );
#2293 = EDGE_CURVE ( 'NONE', #2307, #8565, #8863, .T. ) ;
#2294 = CARTESIAN_POINT ( 'NONE',  ( -0.5746566661195915415, 0.9745809383416880189, 0.1542803186086697531 ) ) ;
#2295 = AXIS2_PLACEMENT_3D ( 'NONE', #2137, #1435, #6245 ) ;
#2296 = CARTESIAN_POINT ( 'NONE',  ( -0.6972079871620229241, 1.075439906616403984, 0.1357901435383955802 ) ) ;
#2297 = CIRCLE ( 'NONE', #8281, 0.5999999999999997558 ) ;
#2298 = CARTESIAN_POINT ( 'NONE',  ( -1.381419067880630625, 1.040036850853236716, 0.1382957661342157918 ) ) ;
#2299 = LINE ( 'NONE', #5094, #7586 ) ;
#2300 = CARTESIAN_POINT ( 'NONE',  ( -0.5066003142347212940, 0.5501754866359794827, 0.07119400962301036806 ) ) ;
#2301 = CARTESIAN_POINT ( 'NONE',  ( -1.289342390137887095, 0.03278022008752382033, 0.05360510393867275875 ) ) ;
#2302 = CARTESIAN_POINT ( 'NONE',  ( -1.168060027270114487, 1.145647247985553285, 0.004711531358574759867 ) ) ;
#2303 = CARTESIAN_POINT ( 'NONE',  ( -0.9313486866584657076, 1.160102938311939447, 0.08437977528306271624 ) ) ;
#2304 = CARTESIAN_POINT ( 'NONE',  ( -1.347814245150900758, 1.064272809207558623, 0.1494398500359283011 ) ) ;
#2305 = EDGE_CURVE ( 'NONE', #2266, #1213, #6837, .T. ) ;
#2306 = CARTESIAN_POINT ( 'NONE',  ( -0.4869099602408886174, 0.8527220041430256803, 0.1168887061430443769 ) ) ;
#2307 = VERTEX_POINT ( 'NONE', #6743 ) ;
#2308 = CIRCLE ( 'NONE', #8870, 0.5999999999999998668 ) ;
#2309 = CARTESIAN_POINT ( 'NONE',  ( -0.8956298621295938345, 1.154036578377227951, 0.1556034584419080935 ) ) ;
#2310 = CARTESIAN_POINT ( 'NONE',  ( -1.262505085608599087, 1.111854956844423148, 0.1556034584419080935 ) ) ;
#2311 = CARTESIAN_POINT ( 'NONE',  ( -1.420749519451929066, 1.006754786787353417, 0.1556034584419080935 ) ) ;
#2312 = ORIENTED_EDGE ( 'NONE', *, *, #5634, .F. ) ;
#2313 = ORIENTED_EDGE ( 'NONE', *, *, #3117, .T. ) ;
#2314 = CARTESIAN_POINT ( 'NONE',  ( -0.4767450771787794528, 0.8332101359612764657, 0.1152413738301767410 ) ) ;
#2316 = EDGE_CURVE ( 'NONE', #6348, #1868, #6469, .T. ) ;
#2315 = CARTESIAN_POINT ( 'NONE',  ( -0.6871704076406069950, 1.069063926797657160, 0.1556034584419080935 ) ) ;
#2317 = CIRCLE ( 'NONE', #703, 0.5999999999999998668 ) ;
#2318 = CARTESIAN_POINT ( 'NONE',  ( -0.5413597245712860051, 0.5658004866359794827, 0.3656034584419080580 ) ) ;
#2319 = CIRCLE ( 'NONE', #831, 0.4510000000000001230 ) ;
#2320 = CARTESIAN_POINT ( 'NONE',  ( -1.319428667094641128, 1.082161368520401457, 0.1414736722587315587 ) ) ;
#2321 = VERTEX_POINT ( 'NONE', #639 ) ;
#2322 = CIRCLE ( 'NONE', #260, 0.5999999999999998668 ) ;
#2323 = CARTESIAN_POINT ( 'NONE',  ( -0.9999332037452920430, -0.03403864846609713779, 0.05976669559367247392 ) ) ;
#2324 = CARTESIAN_POINT ( 'NONE',  ( -1.013859724571285925, 0.5658004866359794827, 0.08560345844190808684 ) ) ;
#2325 = DIRECTION ( 'NONE',  ( 0.5778565008953990834, -0.8161383855529193987, 0.000000000000000000 ) ) ;
#2326 = CARTESIAN_POINT ( 'NONE',  ( -1.313489139542694639, 0.04596718313815250506, 0.1038264219544632883 ) ) ;
#2327 = VERTEX_POINT ( 'NONE', #4105 ) ;
#2328 = CIRCLE ( 'NONE', #2924, 0.5999999999999998668 ) ;
#2329 = VECTOR ( 'NONE', #263, 39.37007874015748143 ) ;
#2330 = EDGE_LOOP ( 'NONE', ( #7480, #602, #1628 ) ) ;
#2331 = B_SPLINE_CURVE_WITH_KNOTS ( 'NONE', 3,
 ( #3945, #1039, #3162, #3252, #5948, #7457, #6032, #1818, #1777, #4625, #5186, #7962, #7407, #441, #5354, #3988, #6763, #1686, #4495, #994, #8287, #2747, #5584, #7641, #617, #4030, #6803, #2658, #4169, #3427 ),
 .UNSPECIFIED., .F., .F.,
 ( 4, 1, 2, 2, 2, 2, 2, 2, 2, 1, 2, 2, 1, 1, 2, 2, 4 ),
 ( 0.000000000000000000, 0.06249999999998961941, 0.09374999999998590017, 0.1249999999999821809, 0.2499999999999644729, 0.3124999999999556466, 0.3749999999999468203, 0.4999999999999262812, 0.6249999999999057421, 0.6874999999998991917, 0.7187499999998958611, 0.7499999999998924194, 0.8124999999998978595, 0.8437499999999067413, 0.8593749999999170663, 0.8749999999999275024, 1.000000000000000000 ),
 .UNSPECIFIED. ) ;
#2332 = CARTESIAN_POINT ( 'NONE',  ( -0.5911755956717714700, 0.9916386333260788222, 0.1025265353649850164 ) ) ;
#2333 = CARTESIAN_POINT ( 'NONE',  ( -1.013859724571285925, 0.5658004866359794827, 0.09619400962301037639 ) ) ;
#2334 = CARTESIAN_POINT ( 'NONE',  ( -1.316436510428700135, 0.04767734258271064118, 0.07115218086557177635 ) ) ;
#2335 = CARTESIAN_POINT ( 'NONE',  ( -0.5635944265229161365, 0.5400679901886433765, 0.1061940096230103991 ) ) ;
#2336 = AXIS2_PLACEMENT_3D ( 'NONE', #5524, #8324, #180 ) ;
#2337 = VERTEX_POINT ( 'NONE', #9001 ) ;
#2338 = EDGE_CURVE ( 'NONE', #5543, #4773, #6831, .T. ) ;
#2339 = AXIS2_PLACEMENT_3D ( 'NONE', #8758, #1648, #5229 ) ;
#2340 = CARTESIAN_POINT ( 'NONE',  ( -1.013859724571285925, 0.5658004866359794827, 0.3756034584419081224 ) ) ;
#2341 = DIRECTION ( 'NONE',  ( 0.000000000000000000, -0.000000000000000000, 1.000000000000000000 ) ) ;
#2342 = CARTESIAN_POINT ( 'NONE',  ( -1.093843025038440331, 1.160445482954270968, 0.09560345844190808184 ) ) ;
#2343 = CARTESIAN_POINT ( 'NONE',  ( -0.4808190169537775449, 0.8412419395804792144, 0.1563125218786666493 ) ) ;
#2344 = AXIS2_PLACEMENT_3D ( 'NONE', #595, #8306, #4923 ) ;
#2345 = CARTESIAN_POINT ( 'NONE',  ( -1.230172909118818270, 1.125451462162054383, 0.09642817601783326698 ) ) ;
#2346 = DIRECTION ( 'NONE',  ( 1.000000000000000000, 0.000000000000000000, 0.000000000000000000 ) ) ;
#2347 = CARTESIAN_POINT ( 'NONE',  ( -1.023193032021621152, 1.165727890054124360, 0.03449505739606809063 ) ) ;
#2348 = DIRECTION ( 'NONE',  ( -0.2130409489517718635, -0.9770432713394676671, 0.000000000000000000 ) ) ;
#2349 = EDGE_CURVE ( 'NONE', #4148, #4804, #4955, .T. ) ;
#2350 = CARTESIAN_POINT ( 'NONE',  ( -1.293988104793894811, 0.03520672961835528275, 0.04819945973831703256 ) ) ;
#2351 = ADVANCED_FACE ( 'NONE', ( #7574 ), #2679, .T. ) ;
#2352 = CARTESIAN_POINT ( 'NONE',  ( -1.013859724571285925, 0.5658004866359794827, 0.09560345844190808184 ) ) ;
#2353 = LINE ( 'NONE', #6465, #8005 ) ;
#2354 = VECTOR ( 'NONE', #4503, 39.37007874015748143 ) ;
#2355 = CARTESIAN_POINT ( 'NONE',  ( -1.337128926083536840, 1.071267627570714476, 0.1416669539732404726 ) ) ;
#2356 = DIRECTION ( 'NONE',  ( 0.000000000000000000, 1.000000000000000000, 0.000000000000000000 ) ) ;
#2357 = VERTEX_POINT ( 'NONE', #8264 ) ;
#2358 = AXIS2_PLACEMENT_3D ( 'NONE', #7401, #5346, #3331 ) ;
#2359 = CARTESIAN_POINT ( 'NONE',  ( -1.033763082061528227, -0.03386955646581148865, 0.07794972238046446456 ) ) ;
#2360 = CARTESIAN_POINT ( 'NONE',  ( -0.9300234573245184100, 1.159914589513564076, 0.02277292081951831290 ) ) ;
#2361 = CARTESIAN_POINT ( 'NONE',  ( -0.7000349820951771163, 1.077185108984700213, 0.1265544849751574497 ) ) ;
#2362 = ORIENTED_EDGE ( 'NONE', *, *, #8613, .T. ) ;
#2363 = ORIENTED_EDGE ( 'NONE', *, *, #7526, .F. ) ;
#2364 = DIRECTION ( 'NONE',  ( -1.000000000000000000, -1.283091534577412468E-16, 0.000000000000000000 ) ) ;
#2365 = CARTESIAN_POINT ( 'NONE',  ( -0.4821955646619833780, 0.8438910541899421469, 0.09562011839208094111 ) ) ;
#2366 = DIRECTION ( 'NONE',  ( 0.4008553869097453703, 0.9161413421440156579, 0.000000000000000000 ) ) ;
#2367 = CARTESIAN_POINT ( 'NONE',  ( -1.336789300193340635, 1.071484665930289237, 0.1389808622880619460 ) ) ;
#2368 = ORIENTED_EDGE ( 'NONE', *, *, #4816, .F. ) ;
#2369 = CARTESIAN_POINT ( 'NONE',  ( -0.9943415358671031656, -0.03388559527328943721, 0.05843079393842265379 ) ) ;
#2370 = CARTESIAN_POINT ( 'NONE',  ( -0.4869626111951548264, 0.8528187621213507708, 0.1527691586831169956 ) ) ;
#2371 = CARTESIAN_POINT ( 'NONE',  ( -1.252795365589198795, 0.01542555313073483599, 0.06779442987147614452 ) ) ;
#2372 = CARTESIAN_POINT ( 'NONE',  ( -1.297063628421219361, 1.094757902473455724, 0.09484525671715547668 ) ) ;
#2373 = CARTESIAN_POINT ( 'NONE',  ( -0.5273015102499202245, 0.5658004866359795937, 0.2256034584419079059 ) ) ;
#2374 = B_SPLINE_CURVE_WITH_KNOTS ( 'NONE', 3,
 ( #7009, #4089, #626, #9034, #8943, #7650, #7609, #6222, #6815, #8295, #4772, #1363, #4825, #586, #5456, #3397, #6274, #5, #2757, #4911, #6084 ),
 .UNSPECIFIED., .F., .F.,
 ( 4, 2, 2, 2, 2, 2, 1, 1, 1, 2, 2, 4 ),
 ( 0.000000000000000000, 0.1249999999999222011, 0.2499999999998444022, 0.3749999999997666311, 0.4374999999997333244, 0.4999999999997000177, 0.6249999999996334044, 0.6874999999996002087, 0.7187499999995974331, 0.7343749999996097566, 0.7499999999996220801, 1.000000000000000000 ),
 .UNSPECIFIED. ) ;
#2375 = VERTEX_POINT ( 'NONE', #1335 ) ;
#2376 = CARTESIAN_POINT ( 'NONE',  ( -1.341370178253471712, 0.06307099929393245041, 0.08388598774520399093 ) ) ;
#2377 = LINE ( 'NONE', #1063, #8176 ) ;
#2378 = CARTESIAN_POINT ( 'NONE',  ( -1.322128232931571112, 1.080553367003439291, 0.1206739132126110614 ) ) ;
#2379 = CARTESIAN_POINT ( 'NONE',  ( -1.013859724571285925, 0.5658004866359794827, -0.07439654155809191649 ) ) ;
#2380 = ORIENTED_EDGE ( 'NONE', *, *, #8645, .F. ) ;
#2381 = CARTESIAN_POINT ( 'NONE',  ( -1.360650809612214296, 0.07617210481957309431, 0.1068659215766124548 ) ) ;
#2382 = CARTESIAN_POINT ( 'NONE',  ( -1.013859724571285925, 0.5658004866359794827, -0.05707603348240248425 ) ) ;
#2383 = APPROVAL_ROLE ( '' ) ;
#2384 = CARTESIAN_POINT ( 'NONE',  ( -0.5737530848854703880, 0.9736072322483723118, 0.1538471472470196999 ) ) ;
#2385 = LINE ( 'NONE', #7225, #7136 ) ;
#2386 = DIRECTION ( 'NONE',  ( 1.000000000000000000, 0.000000000000000000, 0.000000000000000000 ) ) ;
#2387 = CARTESIAN_POINT ( 'NONE',  ( -1.376582830573704896, 1.043746459108277902, 0.1474383398603610063 ) ) ;
#2388 = CARTESIAN_POINT ( 'NONE',  ( -0.4817406708794479409, 0.8430175725057047487, 0.1025265353649850164 ) ) ;
#2389 = CARTESIAN_POINT ( 'NONE',  ( -1.442178552696915084, 0.9859706681970793474, 0.1302188430572926992 ) ) ;
#2390 = CARTESIAN_POINT ( 'NONE',  ( -1.292452568571895943, 0.03439925994328077441, 0.1407157435499380993 ) ) ;
#2391 = DIRECTION ( 'NONE',  ( 1.000000000000000000, 0.000000000000000000, 0.000000000000000000 ) ) ;
#2392 = CARTESIAN_POINT ( 'NONE',  ( -1.350194829317814316, 1.062669885164105654, 0.1493394988813545876 ) ) ;
#2393 = DIRECTION ( 'NONE',  ( 0.000000000000000000, 0.000000000000000000, -1.000000000000000000 ) ) ;
#2394 = EDGE_CURVE ( 'NONE', #5617, #8638, #8215, .T. ) ;
#2395 = EDGE_CURVE ( 'NONE', #4317, #1218, #3088, .T. ) ;
#2396 = EDGE_CURVE ( 'NONE', #174, #1961, #4052, .T. ) ;
#2397 = CYLINDRICAL_SURFACE ( 'NONE', #7740, 0.5999999999999998668 ) ;
#2398 = ORIENTED_EDGE ( 'NONE', *, *, #2671, .T. ) ;
#2399 = ORIENTED_EDGE ( 'NONE', *, *, #5713, .T. ) ;
#2400 = DIRECTION ( 'NONE',  ( -0.3614166297962755348, -0.9324044292616278096, 0.000000000000000000 ) ) ;
#2401 = DIRECTION ( 'NONE',  ( 0.000000000000000000, 0.000000000000000000, 1.000000000000000000 ) ) ;
#2402 = CARTESIAN_POINT ( 'NONE',  ( -0.9670947168913323067, 1.163975339676917686, 0.02941814042871402149 ) ) ;
#2403 = EDGE_CURVE ( 'NONE', #6599, #3461, #2758, .T. ) ;
#2404 = ORIENTED_EDGE ( 'NONE', *, *, #2196, .T. ) ;
#2405 = DIRECTION ( 'NONE',  ( 1.000000000000000000, 0.000000000000000000, 0.000000000000000000 ) ) ;
#2406 = CARTESIAN_POINT ( 'NONE',  ( -1.312941454755071735, 0.04565616178923743995, 0.06760611847847521061 ) ) ;
#2407 = CARTESIAN_POINT ( 'NONE',  ( -0.9214127856015283946, 1.158635720640004196, 0.01828148622685924971 ) ) ;
#2408 = CYLINDRICAL_SURFACE ( 'NONE', #1288, 0.5999999999999998668 ) ;
#2409 = EDGE_CURVE ( 'NONE', #5083, #6836, #5240, .T. ) ;
#2410 = ORIENTED_EDGE ( 'NONE', *, *, #4803, .F. ) ;
#2411 = CARTESIAN_POINT ( 'NONE',  ( -1.175285726537728337, -0.01208163734157126183, 0.1292960873454824522 ) ) ;
#2412 = CARTESIAN_POINT ( 'NONE',  ( -0.5752465568510258809, 0.9752132999933713631, 0.1469859001326290493 ) ) ;
#2413 = DIRECTION ( 'NONE',  ( -0.000000000000000000, -0.000000000000000000, 1.000000000000000000 ) ) ;
#2414 = FACE_OUTER_BOUND ( 'NONE', #2028, .T. ) ;
#2415 = CARTESIAN_POINT ( 'NONE',  ( -1.300632480807605518, 1.092831417999459154, 0.1492057495332066441 ) ) ;
#2416 = EDGE_LOOP ( 'NONE', ( #3912, #3771, #3553, #2898, #3183, #4110, #333 ) ) ;
#2417 = CARTESIAN_POINT ( 'NONE',  ( -1.013859724571285925, 0.5658004866359794827, 0.09560345844190808184 ) ) ;
#2418 = EDGE_CURVE ( 'NONE', #3680, #3889, #5383, .T. ) ;
#2419 = CARTESIAN_POINT ( 'NONE',  ( -1.351963264927601438, 1.061468441978443256, 0.09494766544602244174 ) ) ;
#2420 = CARTESIAN_POINT ( 'NONE',  ( -1.311707655322612354, 1.086652927812640002, 0.09940830744751065484 ) ) ;
#2421 = CARTESIAN_POINT ( 'NONE',  ( -1.302689598523317338, 1.091708650015417170, 0.1487415268720722883 ) ) ;
#2422 = VERTEX_POINT ( 'NONE', #7762 ) ;
#2423 = CARTESIAN_POINT ( 'NONE',  ( -1.336300962009365767, 0.05979895736114358012, 0.07710031284024101983 ) ) ;
#2424 = CARTESIAN_POINT ( 'NONE',  ( -1.013859724571285925, 0.5658004866359794827, 0.3756034584419081224 ) ) ;
#2425 = EDGE_CURVE ( 'NONE', #6151, #7716, #4404, .T. ) ;
#2426 = CARTESIAN_POINT ( 'NONE',  ( -0.5640361026955758028, 0.9628630920717394792, 0.1360223817187838358 ) ) ;
#2427 = CARTESIAN_POINT ( 'NONE',  ( -1.013859724571285925, 0.5658004866359794827, 0.09560345844190808184 ) ) ;
#2428 = CARTESIAN_POINT ( 'NONE',  ( -1.357777984279383787, 0.07414981619132172963, 0.06197145494049049325 ) ) ;
#2429 = DIRECTION ( 'NONE',  ( 0.000000000000000000, 0.000000000000000000, -1.000000000000000000 ) ) ;
#2430 = CARTESIAN_POINT ( 'NONE',  ( -0.4774019169817622088, 0.8345254389458908184, 0.1427007737833985990 ) ) ;
#2431 = CARTESIAN_POINT ( 'NONE',  ( -1.282651464579750433, 0.02937621378544758716, 0.07652779533963423308 ) ) ;
#2432 = CARTESIAN_POINT ( 'NONE',  ( -1.283259282425111669, 0.02968121051529839724, 0.1281476558914007302 ) ) ;
#2433 = CARTESIAN_POINT ( 'NONE',  ( -1.524454041556476680, 0.5501754866359794827, 0.07696066304092000210 ) ) ;
#2434 = CARTESIAN_POINT ( 'NONE',  ( -1.352225873812057833, 1.061288913534232270, 0.1489172119702359964 ) ) ;
#2435 = CARTESIAN_POINT ( 'NONE',  ( -1.328386904210395958, 0.05484679037222443126, 0.1212619560329863955 ) ) ;
#2436 = CARTESIAN_POINT ( 'NONE',  ( -1.013859724571285925, 0.5658004866359794827, 0.3756034584419081224 ) ) ;
#2437 = ORIENTED_EDGE ( 'NONE', *, *, #8034, .T. ) ;
#2438 = ORIENTED_EDGE ( 'NONE', *, *, #2619, .F. ) ;
#2439 = CARTESIAN_POINT ( 'NONE',  ( -1.349472918151062739, 1.063158864015389504, 0.1201065360040786678 ) ) ;
#2440 = CARTESIAN_POINT ( 'NONE',  ( -0.9288691164084841301, 1.159750484764105360, 0.02627762441698545254 ) ) ;
#2441 = CARTESIAN_POINT ( 'NONE',  ( -0.9680278346159023606, 1.164047460551614233, 0.03771149182675706535 ) ) ;
#2442 = AXIS2_PLACEMENT_3D ( 'NONE', #7318, #2863, #7063 ) ;
#2443 = ORIENTED_EDGE ( 'NONE', *, *, #4677, .T. ) ;
#2444 = CARTESIAN_POINT ( 'NONE',  ( -1.361659397507503089, 1.054712940461263182, 0.1348342276726773314 ) ) ;
#2445 = CARTESIAN_POINT ( 'NONE',  ( -1.013859724571285925, 0.5658004866359794827, -0.07439654155809191649 ) ) ;
#2446 = EDGE_CURVE ( 'NONE', #5495, #1201, #2328, .T. ) ;
#2447 = CARTESIAN_POINT ( 'NONE',  ( -0.9259510209685469784, 1.159325722616307619, 0.01109604009926777081 ) ) ;
#2448 = VECTOR ( 'NONE', #8115, 39.37007874015748143 ) ;
#2449 = CARTESIAN_POINT ( 'NONE',  ( -1.164702573834547783, 1.146529732309489624, 0.1074807924156212929 ) ) ;
#2450 = EDGE_LOOP ( 'NONE', ( #3110, #247, #58, #8938, #1134, #3696, #4339, #4950, #8546, #3403, #884, #7198 ) ) ;
#2451 = CARTESIAN_POINT ( 'NONE',  ( -0.8774342675594252183, -0.01848628114867024996, 0.1215662853455520970 ) ) ;
#2452 = CARTESIAN_POINT ( 'NONE',  ( -0.4846238843413818720, 0.8484852466470308441, 0.1554870684336336906 ) ) ;
#2453 = DIRECTION ( 'NONE',  ( 0.6943948111598178263, 0.7195942233191711113, 0.000000000000000000 ) ) ;
#2454 = AXIS2_PLACEMENT_3D ( 'NONE', #6653, #372, #2453 ) ;
#2455 = CARTESIAN_POINT ( 'NONE',  ( -1.285827839324966471, 1.100624403176446497, 0.09783122029536596431 ) ) ;
#2456 = ADVANCED_FACE ( 'NONE', ( #8109 ), #1827, .T. ) ;
#2457 = CARTESIAN_POINT ( 'NONE',  ( -1.311489548252659842, 0.04481799805858920072, 0.1031338777391026668 ) ) ;
#2458 = ORIENTED_EDGE ( 'NONE', *, *, #7261, .F. ) ;
#2459 = VERTEX_POINT ( 'NONE', #1049 ) ;
#2460 = CIRCLE ( 'NONE', #685, 0.4610000000000001319 ) ;
#2461 = AXIS2_PLACEMENT_3D ( 'NONE', #4041, #8254, #589 ) ;
#2462 = FACE_OUTER_BOUND ( 'NONE', #4556, .T. ) ;
#2463 = DIRECTION ( 'NONE',  ( -0.000000000000000000, -0.000000000000000000, 1.000000000000000000 ) ) ;
#2464 = CARTESIAN_POINT ( 'NONE',  ( -0.5171474135202532851, 0.9023667951850409263, 0.1556034584419080935 ) ) ;
#2465 = ORIENTED_EDGE ( 'NONE', *, *, #4131, .F. ) ;
#2466 = CARTESIAN_POINT ( 'NONE',  ( -1.343331225919780270, 0.06435371026112064741, 0.08010786835585449739 ) ) ;
#2467 = CARTESIAN_POINT ( 'NONE',  ( -1.283259282425111669, 0.02968121051529839724, 0.1281476558914007302 ) ) ;
#2468 = VECTOR ( 'NONE', #2610, 39.37007874015748143 ) ;
#2469 = CARTESIAN_POINT ( 'NONE',  ( -0.5641457296626615214, 0.9629872542319246609, 0.1366538018771670526 ) ) ;
#2470 = CARTESIAN_POINT ( 'NONE',  ( -0.7048348012849461330, 1.080099618258687499, 0.1279111507496004108 ) ) ;
#2471 = ADVANCED_FACE ( 'NONE', ( #322, #1748 ), #3772, .T. ) ;
#2472 = AXIS2_PLACEMENT_3D ( 'NONE', #382, #2646, #6791 ) ;
#2473 = CARTESIAN_POINT ( 'NONE',  ( -1.347506175803119710, 0.06712174776528684328, 0.04256142549140520814 ) ) ;
#2474 = AXIS2_PLACEMENT_3D ( 'NONE', #2255, #5541, #38 ) ;
#2475 = CARTESIAN_POINT ( 'NONE',  ( -0.6671458240340465418, 0.07611745530422792116, 0.03554692555714249885 ) ) ;
#2476 = CARTESIAN_POINT ( 'NONE',  ( -1.170332821702570358, -0.01343708972983561831, 0.1293654198945679845 ) ) ;
#2477 = CARTESIAN_POINT ( 'NONE',  ( -1.330891153395264537, 0.05639701306063375080, 0.1047099007992536301 ) ) ;
#2478 = CARTESIAN_POINT ( 'NONE',  ( -0.7427376432663835848, 1.101050724402295344, 0.09560345844190808184 ) ) ;
#2479 = CARTESIAN_POINT ( 'NONE',  ( -1.325623698941632567, 0.05315690209141599870, 0.06649338208710442455 ) ) ;
#2480 = DIRECTION ( 'NONE',  ( 0.000000000000000000, 0.000000000000000000, -1.000000000000000000 ) ) ;
#2481 = CARTESIAN_POINT ( 'NONE',  ( -1.322301299092268012, 0.05115084935903956714, 0.07734246020388720055 ) ) ;
#2482 = VECTOR ( 'NONE', #4546, 39.37007874015748143 ) ;
#2483 = CARTESIAN_POINT ( 'NONE',  ( -1.013859724571285925, 0.5658004866359794827, 0.07119400962301036806 ) ) ;
#2484 = ORIENTED_EDGE ( 'NONE', *, *, #6195, .F. ) ;
#2485 = ADVANCED_FACE ( 'NONE', ( #5959 ), #1580, .F. ) ;
#2486 = VERTEX_POINT ( 'NONE', #2534 ) ;
#2487 = CARTESIAN_POINT ( 'NONE',  ( -0.7733464924254387363, 1.115485291922388766, 0.1209880738265234762 ) ) ;
#2488 = CARTESIAN_POINT ( 'NONE',  ( -1.179843110055212474, 1.142385082192241441, 0.09581065131428523340 ) ) ;
#2489 = VECTOR ( 'NONE', #4175, 39.37007874015748143 ) ;
#2490 = CARTESIAN_POINT ( 'NONE',  ( -0.9529276721883470636, 1.162698716826886525, 0.006796384677112183095 ) ) ;
#2491 = VERTEX_POINT ( 'NONE', #8765 ) ;
#2492 = DIRECTION ( 'NONE',  ( 0.000000000000000000, 0.000000000000000000, 1.000000000000000000 ) ) ;
#2493 = CARTESIAN_POINT ( 'NONE',  ( -0.8698459469988386594, 1.148260813069732045, 0.03011989307064740634 ) ) ;
#2494 = CARTESIAN_POINT ( 'NONE',  ( -0.9642137143224936979, 1.163743038373115990, 0.07198644699062684005 ) ) ;
#2495 = CIRCLE ( 'NONE', #4992, 0.5900000000000005240 ) ;
#2496 = CARTESIAN_POINT ( 'NONE',  ( -1.176610161938540511, 1.143306056748493837, 0.09628829789729599631 ) ) ;
#2497 = VERTEX_POINT ( 'NONE', #2444 ) ;
#2498 = CARTESIAN_POINT ( 'NONE',  ( -1.338428639293445466, 1.070434036448196569, 0.1240649969034465366 ) ) ;
#2499 = CARTESIAN_POINT ( 'NONE',  ( -1.309310982057120265, 0.04358544046243326836, 0.1024110581193577729 ) ) ;
#2500 = CARTESIAN_POINT ( 'NONE',  ( -1.228329776439979870, 1.126159857111620255, 0.1156193036233120058 ) ) ;
#2501 = DIRECTION ( 'NONE',  ( 1.000000000000000000, 0.000000000000000000, 0.000000000000000000 ) ) ;
#2502 = CARTESIAN_POINT ( 'NONE',  ( -1.317526941626801174, 0.04831831769132093057, 0.1053051735025160029 ) ) ;
#2503 = VERTEX_POINT ( 'NONE', #8718 ) ;
#2504 = EDGE_CURVE ( 'NONE', #2529, #7810, #691, .T. ) ;
#2505 = EDGE_CURVE ( 'NONE', #5423, #6984, #4557, .T. ) ;
#2506 = CARTESIAN_POINT ( 'NONE',  ( -1.013859724571285925, 0.5658004866359794827, 0.1556034584419080935 ) ) ;
#2507 = EDGE_CURVE ( 'NONE', #8012, #8551, #5834, .T. ) ;
#2508 = CARTESIAN_POINT ( 'NONE',  ( -1.013859724571285925, 0.5658004866359794827, 0.3756034584419081224 ) ) ;
#2509 = CARTESIAN_POINT ( 'NONE',  ( -1.380659467745715796, 1.040625147250670901, 0.1255748275495902067 ) ) ;
#2510 = ORIENTED_EDGE ( 'NONE', *, *, #7261, .T. ) ;
#2511 = CARTESIAN_POINT ( 'NONE',  ( -0.6987686339433393234, 1.076405625294566182, 0.1146778370928830670 ) ) ;
#2512 = CARTESIAN_POINT ( 'NONE',  ( -1.435055429134302063, 0.9931109151748021002, 0.1031660959972612868 ) ) ;
#2513 = APPROVAL_STATUS ( 'not_yet_approved' ) ;
#2514 = CARTESIAN_POINT ( 'NONE',  ( -1.054471427374921166, 1.164424483478228689, 0.1556034584419080935 ) ) ;
#2515 = EDGE_CURVE ( 'NONE', #1103, #3197, #5196, .T. ) ;
#2516 = LINE ( 'NONE', #7181, #6100 ) ;
#2517 = CARTESIAN_POINT ( 'NONE',  ( -1.384742261052275047, 1.037442720901596394, 0.1179063562363512896 ) ) ;
#2518 = CARTESIAN_POINT ( 'NONE',  ( -0.9307315155313313770, -0.02841591819913723976, 0.05670330317333867332 ) ) ;
#2519 = CARTESIAN_POINT ( 'NONE',  ( -0.7110287699085262592, 1.083771207782254109, 0.1295601600218829197 ) ) ;
#2520 = CARTESIAN_POINT ( 'NONE',  ( -1.283189471606651866, 0.02964593173414041896, 0.1017257446369748686 ) ) ;
#2521 = ORIENTED_EDGE ( 'NONE', *, *, #2316, .F. ) ;
#2522 = EDGE_CURVE ( 'NONE', #7604, #627, #3863, .T. ) ;
#2523 = CARTESIAN_POINT ( 'NONE',  ( -1.316568529972888202, 0.04773589531303606276, 0.03893143427609047080 ) ) ;
#2524 = CARTESIAN_POINT ( 'NONE',  ( -1.284070795104445217, 0.03008968931970525118, 0.08402139741350068969 ) ) ;
#2525 = CARTESIAN_POINT ( 'NONE',  ( -1.348252171258018217, 1.063978859910914787, 0.1494496122880619449 ) ) ;
#2526 = CARTESIAN_POINT ( 'NONE',  ( -1.013859724571285925, 0.5658004866359794827, -0.06439654155809201863 ) ) ;
#2527 = CARTESIAN_POINT ( 'NONE',  ( -1.336789300193340635, 1.071484665930289237, 0.1389808622880619460 ) ) ;
#2528 = ORIENTED_EDGE ( 'NONE', *, *, #3450, .T. ) ;
#2529 = VERTEX_POINT ( 'NONE', #5286 ) ;
#2530 = CARTESIAN_POINT ( 'NONE',  ( -1.356814660035537079, 1.058123504353466471, 0.1170538397733448116 ) ) ;
#2531 = CARTESIAN_POINT ( 'NONE',  ( -0.9468659258008836899, 1.162048741601171775, 0.07655136795955054529 ) ) ;
#2532 = CARTESIAN_POINT ( 'NONE',  ( -0.9595459135191459765, 1.163337525938719530, 0.01171704626143883071 ) ) ;
#2533 = ORIENTED_EDGE ( 'NONE', *, *, #1987, .T. ) ;
#2534 = CARTESIAN_POINT ( 'NONE',  ( -1.486359724571285845, 0.5658004866359795937, 0.2256034584419080447 ) ) ;
#2535 = CARTESIAN_POINT ( 'NONE',  ( -1.172240413505324153, 1.144519380418258736, 0.1117510678395256668 ) ) ;
#2536 = EDGE_CURVE ( 'NONE', #5612, #7030, #1433, .T. ) ;
#2537 = CARTESIAN_POINT ( 'NONE',  ( -0.9665105035095986619, 1.163929283599304698, 0.06445105862327916990 ) ) ;
#2538 = DIRECTION ( 'NONE',  ( 1.000000000000000000, 0.000000000000000000, 0.000000000000000000 ) ) ;
#2539 = ORIENTED_EDGE ( 'NONE', *, *, #2199, .F. ) ;
#2540 = LINE ( 'NONE', #415, #2448 ) ;
#2541 = CARTESIAN_POINT ( 'NONE',  ( -0.4840448482831366528, 0.8473991815859209797, 0.1558407773105579264 ) ) ;
#2542 = CARTESIAN_POINT ( 'NONE',  ( -1.181536638081261081, -0.01041254167932979292, 0.07190118100643404231 ) ) ;
#2543 = CARTESIAN_POINT ( 'NONE',  ( -1.272385926714154403, 1.107246885854693774, 0.1222750287119410278 ) ) ;
#2544 = FACE_BOUND ( 'NONE', #7791, .T. ) ;
#2545 = VERTEX_POINT ( 'NONE', #4506 ) ;
#2546 = ADVANCED_FACE ( 'NONE', ( #8065 ), #5836, .T. ) ;
#2547 = CARTESIAN_POINT ( 'NONE',  ( -1.280100654597750687, 0.02810562225782413034, 0.06586302708416084950 ) ) ;
#2548 = ORIENTED_EDGE ( 'NONE', *, *, #3875, .F. ) ;
#2549 = CARTESIAN_POINT ( 'NONE',  ( -1.613859724571285792, 0.5658004866359795937, -0.06439654155809201863 ) ) ;
#2550 = CARTESIAN_POINT ( 'NONE',  ( -1.279975906619371218, 0.02804385495641452397, 0.08196653002837325785 ) ) ;
#2551 = APPROVAL_STATUS ( 'not_yet_approved' ) ;
#2552 = EDGE_CURVE ( 'NONE', #1489, #705, #7223, .T. ) ;
#2553 = EDGE_CURVE ( 'NONE', #5990, #5384, #2189, .T. ) ;
#2554 = DIRECTION ( 'NONE',  ( -0.000000000000000000, -0.000000000000000000, 1.000000000000000000 ) ) ;
#2555 = CARTESIAN_POINT ( 'NONE',  ( -1.613859724571285792, 0.5658004866359795937, -0.06439654155809201863 ) ) ;
#2556 = CARTESIAN_POINT ( 'NONE',  ( -1.292932929543806342, 1.096948674056765105, 0.1559173437270567342 ) ) ;
#2557 = CARTESIAN_POINT ( 'NONE',  ( -1.013859724571285925, 0.5658004866359794827, 0.3756034584419081224 ) ) ;
#2558 = DIRECTION ( 'NONE',  ( -0.004216314179714753148, 0.9999911113078645553, 0.000000000000000000 ) ) ;
#2559 = CARTESIAN_POINT ( 'NONE',  ( -0.7059362009939607052, 1.080759819505494157, 0.1351930629639843950 ) ) ;
#2560 = DIRECTION ( 'NONE',  ( -0.000000000000000000, -0.000000000000000000, 1.000000000000000000 ) ) ;
#2561 = ORIENTED_EDGE ( 'NONE', *, *, #5608, .F. ) ;
#2562 = CARTESIAN_POINT ( 'NONE',  ( -1.154892637249481657, -0.01739453722269202265, 0.08568235845541333218 ) ) ;
#2563 = CARTESIAN_POINT ( 'NONE',  ( -1.272265486764657894, 1.107304375878949365, 0.1256996122880619515 ) ) ;
#2564 = DIRECTION ( 'NONE',  ( -0.000000000000000000, -0.000000000000000000, -1.000000000000000000 ) ) ;
#2565 = CARTESIAN_POINT ( 'NONE',  ( -1.325173323976999162, 0.05288328923264249554, 0.07815918399645556403 ) ) ;
#2566 = EDGE_CURVE ( 'NONE', #8969, #7052, #7292, .T. ) ;
#2567 = CARTESIAN_POINT ( 'NONE',  ( -0.4886473123733364177, 0.8558900167112302171, 0.1486242775286521212 ) ) ;
#2568 = ORIENTED_EDGE ( 'NONE', *, *, #6629, .F. ) ;
#2569 = ORIENTED_EDGE ( 'NONE', *, *, #3084, .T. ) ;
#2570 = CARTESIAN_POINT ( 'NONE',  ( -1.344059912700341863, 1.066767430054510690, 0.1217934752181716318 ) ) ;
#2571 = CARTESIAN_POINT ( 'NONE',  ( -0.9554241048384594093, 1.162948229766212149, 0.06747663544695649274 ) ) ;
#2572 = CARTESIAN_POINT ( 'NONE',  ( -0.9549865094054664771, 1.162905321518253654, 0.007908364278265338915 ) ) ;
#2573 = ORIENTED_EDGE ( 'NONE', *, *, #6538, .F. ) ;
#2574 = CARTESIAN_POINT ( 'NONE',  ( -0.9424709996032216708, 1.161538390371702700, 0.08664053443015595768 ) ) ;
#2575 = CARTESIAN_POINT ( 'NONE',  ( -0.5776604913582823464, 0.9777838899408941575, 0.1030242200572521194 ) ) ;
#2576 = EDGE_CURVE ( 'NONE', #6679, #835, #3648, .T. ) ;
#2577 = CARTESIAN_POINT ( 'NONE',  ( -0.8354954198410955435, -0.007074941593353436219, 0.07880635572638752806 ) ) ;
#2578 = CARTESIAN_POINT ( 'NONE',  ( -1.013859724571285925, 0.5658004866359794827, 0.3756034584419081224 ) ) ;
#2579 = ORIENTED_EDGE ( 'NONE', *, *, #8774, .T. ) ;
#2580 = VECTOR ( 'NONE', #2601, 39.37007874015748143 ) ;
#2581 = CIRCLE ( 'NONE', #807, 0.5999999999999997558 ) ;
#2582 = CARTESIAN_POINT ( 'NONE',  ( -1.333772751826300063, 1.073398713335453669, 0.1274733796772846151 ) ) ;
#2583 = CARTESIAN_POINT ( 'NONE',  ( -0.9848623590439651299, 1.165099370993755379, 0.1209880738265234762 ) ) ;
#2584 = VERTEX_POINT ( 'NONE', #6180 ) ;
#2585 = CARTESIAN_POINT ( 'NONE',  ( -1.013859724571285925, 0.5658004866359794827, 0.3756034584419081224 ) ) ;
#2586 = CARTESIAN_POINT ( 'NONE',  ( -1.331312421720466377, 0.05666006980652281422, 0.06451978560445308097 ) ) ;
#2587 = CARTESIAN_POINT ( 'NONE',  ( -1.008273762590123912, -0.03417351235346895860, 0.1378748440250294749 ) ) ;
#2588 = CARTESIAN_POINT ( 'NONE',  ( -1.531123786124957142, 0.5501754866359794827, 0.09619400962301105640 ) ) ;
#2589 = ORIENTED_EDGE ( 'NONE', *, *, #2505, .F. ) ;
#2590 = ORIENTED_EDGE ( 'NONE', *, *, #2338, .F. ) ;
#2591 = CARTESIAN_POINT ( 'NONE',  ( -1.383666399836234628, 1.038286489528641665, 0.1240649969034465366 ) ) ;
#2592 = AXIS2_PLACEMENT_3D ( 'NONE', #7211, #8553, #8595 ) ;
#2593 = VERTEX_POINT ( 'NONE', #1969 ) ;
#2594 = CARTESIAN_POINT ( 'NONE',  ( -1.060134397207608936, 1.164013536261528037, 0.1447172692803756489 ) ) ;
#2595 = CARTESIAN_POINT ( 'NONE',  ( -1.282651464579750433, 0.02937621378544758716, 0.07652779533963423308 ) ) ;
#2596 = VECTOR ( 'NONE', #2987, 39.37007874015748143 ) ;
#2597 = LOCAL_TIME ( 12, 2, 7.000000000000000000, #7994 ) ;
#2598 = CARTESIAN_POINT ( 'NONE',  ( -1.391993584879432255, 1.031648942347125120, 0.1486803815188311728 ) ) ;
#2599 = CARTESIAN_POINT ( 'NONE',  ( -1.382970891565923788, 1.038831277795260188, 0.09776013885067048881 ) ) ;
#2600 = CARTESIAN_POINT ( 'NONE',  ( -1.296552143521560341, 1.095032528654970028, 0.1563482731200445119 ) ) ;
#2601 = DIRECTION ( 'NONE',  ( 0.000000000000000000, 0.000000000000000000, 1.000000000000000000 ) ) ;
#2602 = ADVANCED_FACE ( 'NONE', ( #4091 ), #3353, .T. ) ;
#2603 = APPLICATION_CONTEXT ( 'configuration controlled 3d designs of mechanical parts and assemblies' ) ;
#2604 = CARTESIAN_POINT ( 'NONE',  ( -0.9023538014959994191, -0.02375158034695612833, 0.03669150361187523135 ) ) ;
#2605 = CARTESIAN_POINT ( 'NONE',  ( -0.5739803747767459052, 0.9738521796888860438, 0.09705363640818326365 ) ) ;
#2606 = AXIS2_PLACEMENT_3D ( 'NONE', #8072, #289, #6698 ) ;
#2607 = CARTESIAN_POINT ( 'NONE',  ( -1.365000268821195295, 1.052319223213186605, 0.1185054095334490409 ) ) ;
#2608 = VERTEX_POINT ( 'NONE', #4827 ) ;
#2609 = CARTESIAN_POINT ( 'NONE',  ( -1.354304454863175966, 0.07173835935188770108, 0.07086030389131804663 ) ) ;
#2610 = DIRECTION ( 'NONE',  ( 0.000000000000000000, 0.000000000000000000, -1.000000000000000000 ) ) ;
#2611 = CARTESIAN_POINT ( 'NONE',  ( -1.013859724571285925, 0.5658004866359794827, 0.3756034584419081224 ) ) ;
#2612 = DIRECTION ( 'NONE',  ( 1.000000000000000000, 0.000000000000000000, 0.000000000000000000 ) ) ;
#2613 = CIRCLE ( 'NONE', #5392, 0.5999999999999998668 ) ;
#2614 = CIRCLE ( 'NONE', #988, 0.5999999999999999778 ) ;
#2615 = CARTESIAN_POINT ( 'NONE',  ( -1.315029646949092745, 1.084738524128188830, 0.1230446255408098322 ) ) ;
#2616 = ORIENTED_EDGE ( 'NONE', *, *, #2504, .T. ) ;
#2617 = VERTEX_POINT ( 'NONE', #8353 ) ;
#2618 = CARTESIAN_POINT ( 'NONE',  ( -1.329665622867884700, 0.05561465611423652144, 0.1429377754438360681 ) ) ;
#2619 = EDGE_CURVE ( 'NONE', #5763, #911, #8100, .T. ) ;
#2620 = CARTESIAN_POINT ( 'NONE',  ( -0.9558310919045922560, 1.162987846825641380, 0.06619470398417770518 ) ) ;
#2621 = CARTESIAN_POINT ( 'NONE',  ( -1.253752122743931885, 0.01582851694949498345, 0.03579927590588757869 ) ) ;
#2622 = VERTEX_POINT ( 'NONE', #8897 ) ;
#2623 = DIRECTION ( 'NONE',  ( 0.000000000000000000, 0.000000000000000000, 1.000000000000000000 ) ) ;
#2624 = CARTESIAN_POINT ( 'NONE',  ( -0.5785635256814182226, 0.9787379103207743958, 0.1028334985858752604 ) ) ;
#2625 = CIRCLE ( 'NONE', #3935, 0.5999999999999997558 ) ;
#2626 = CONICAL_SURFACE ( 'NONE', #1850, 0.4610000000000000764, 0.7853981633974517207 ) ;
#2627 = DIRECTION ( 'NONE',  ( 0.000000000000000000, 0.000000000000000000, -1.000000000000000000 ) ) ;
#2628 = CARTESIAN_POINT ( 'NONE',  ( -1.283355869866602106, 1.101871924583670559, 0.1410713015844861917 ) ) ;
#2629 = EDGE_LOOP ( 'NONE', ( #6439, #4716, #2062, #8915 ) ) ;
#2630 = CIRCLE ( 'NONE', #7162, 0.5999999999999999778 ) ;
#2631 = CARTESIAN_POINT ( 'NONE',  ( -0.5250458937852300334, 0.9137387553450437849, 0.1176948045957542377 ) ) ;
#2632 = CARTESIAN_POINT ( 'NONE',  ( -1.331287964883263841, 1.074956104330303086, 0.1310105901860111888 ) ) ;
#2633 = CARTESIAN_POINT ( 'NONE',  ( -1.348981793376771821, 1.063488974886647398, 0.1284144139631393788 ) ) ;
#2634 = ORIENTED_EDGE ( 'NONE', *, *, #8530, .F. ) ;
#2635 = CARTESIAN_POINT ( 'NONE',  ( -0.9291529294255344018, 1.159791027865682222, 0.06614798467837430807 ) ) ;
#2636 = CARTESIAN_POINT ( 'NONE',  ( -1.320737855231896685, 0.05021750308992701389, 0.03892466512797079781 ) ) ;
#2637 = CARTESIAN_POINT ( 'NONE',  ( -1.007564832192280990, -0.03416655991179966961, 0.1318587831608493965 ) ) ;
#2638 = AXIS2_PLACEMENT_3D ( 'NONE', #1318, #2, #8199 ) ;
#2639 = CARTESIAN_POINT ( 'NONE',  ( -0.7718106213576835239, 0.01679025755687501079, 0.1002386382480148219 ) ) ;
#2640 = VERTEX_POINT ( 'NONE', #6735 ) ;
#2641 = AXIS2_PLACEMENT_3D ( 'NONE', #5623, #5082, #7949 ) ;
#2642 = CARTESIAN_POINT ( 'NONE',  ( -1.277357087012718218, 0.02675552653138835862, 0.07689771056256529402 ) ) ;
#2643 = MANIFOLD_SOLID_BREP ( '5129-001-1-solid1', #8615 ) ;
#2644 = ORIENTED_EDGE ( 'NONE', *, *, #8270, .T. ) ;
#2645 = DIRECTION ( 'NONE',  ( 1.000000000000000000, 0.000000000000000000, 0.000000000000000000 ) ) ;
#2646 = DIRECTION ( 'NONE',  ( -0.000000000000000000, -0.000000000000000000, 1.000000000000000000 ) ) ;
#2647 = ORIENTED_EDGE ( 'NONE', *, *, #7712, .F. ) ;
#2648 = ORIENTED_EDGE ( 'NONE', *, *, #3081, .F. ) ;
#2649 = CARTESIAN_POINT ( 'NONE',  ( -1.376683081170918310, 1.043669937792762292, 0.1088082483312374088 ) ) ;
#2650 = DIRECTION ( 'NONE',  ( 0.000000000000000000, 0.000000000000000000, -1.000000000000000000 ) ) ;
#2651 = DIRECTION ( 'NONE',  ( -1.000000000000000000, -1.603864418221766202E-16, 0.000000000000000000 ) ) ;
#2652 = CARTESIAN_POINT ( 'NONE',  ( -0.9394660386896186433, -0.02957407737321578883, 0.07699209138873408520 ) ) ;
#2653 = CARTESIAN_POINT ( 'NONE',  ( -1.464125022619656269, 0.5400679901886431544, 0.1061940096230109543 ) ) ;
#2654 = CARTESIAN_POINT ( 'NONE',  ( -1.030308386511375129, -0.03397434453970955837, 0.04910782449972721231 ) ) ;
#2655 = VERTEX_POINT ( 'NONE', #6087 ) ;
#2656 = DIRECTION ( 'NONE',  ( 0.000000000000000000, 0.000000000000000000, 1.000000000000000000 ) ) ;
#2657 = DIRECTION ( 'NONE',  ( -0.000000000000000000, -0.000000000000000000, 1.000000000000000000 ) ) ;
#2658 = CARTESIAN_POINT ( 'NONE',  ( -1.181714881467648359, 1.141843452172856432, 0.1309061724223289369 ) ) ;
#2659 = ORIENTED_EDGE ( 'NONE', *, *, #2619, .T. ) ;
#2660 = EDGE_LOOP ( 'NONE', ( #6264, #9015, #614, #3012, #2224 ) ) ;
#2661 = DIRECTION ( 'NONE',  ( -0.3214811441216712251, 0.9469159804197104791, 0.000000000000000000 ) ) ;
#2662 = ORIENTED_EDGE ( 'NONE', *, *, #6247, .T. ) ;
#2663 = VERTEX_POINT ( 'NONE', #7467 ) ;
#2664 = CARTESIAN_POINT ( 'NONE',  ( -1.333971784747709499, 0.05832796662472346239, 0.1417210908226793908 ) ) ;
#2665 = CARTESIAN_POINT ( 'NONE',  ( -0.9536214182089546298, 1.162769407598458038, 0.07120559247205446307 ) ) ;
#2666 = CARTESIAN_POINT ( 'NONE',  ( -1.336960097303105055, 0.06022496097225542994, 0.1469126099069727187 ) ) ;
#2667 = ORIENTED_EDGE ( 'NONE', *, *, #7361, .F. ) ;
#2668 = CARTESIAN_POINT ( 'NONE',  ( -0.9544548781805529680, 1.162852520539852552, 0.02171902789498478953 ) ) ;
#2669 = CARTESIAN_POINT ( 'NONE',  ( -1.178400687748279552, 1.142798122191609034, 0.1030553815188311878 ) ) ;
#2670 = CARTESIAN_POINT ( 'NONE',  ( -0.9682723565510867880, 1.164066139901308361, 0.04570844151899809693 ) ) ;
#2671 = EDGE_CURVE ( 'NONE', #5281, #1264, #3956, .T. ) ;
#2672 = CARTESIAN_POINT ( 'NONE',  ( -1.291294707398644048, 1.097806416801658802, 0.1482145739147091024 ) ) ;
#2673 = ORIENTED_EDGE ( 'NONE', *, *, #746, .F. ) ;
#2674 = CYLINDRICAL_SURFACE ( 'NONE', #6386, 0.5999999999999998668 ) ;
#2675 = CARTESIAN_POINT ( 'NONE',  ( -1.296594966042005970, 0.03659140330098260147, 0.04091928158141001221 ) ) ;
#2676 = CARTESIAN_POINT ( 'NONE',  ( -1.257840718107438915, 0.01764606012310422634, 0.1064695138437494470 ) ) ;
#2677 = CARTESIAN_POINT ( 'NONE',  ( -1.013859724571285925, 0.5658004866359794827, 0.09619400962301037639 ) ) ;
#2678 = ORIENTED_EDGE ( 'NONE', *, *, #2111, .F. ) ;
#2679 = CYLINDRICAL_SURFACE ( 'NONE', #4066, 0.5999999999999998668 ) ;
#2680 = CARTESIAN_POINT ( 'NONE',  ( -0.8493377489609017506, -0.01120385803517684811, 0.1344380235425142456 ) ) ;
#2681 = CARTESIAN_POINT ( 'NONE',  ( -1.297577773140335289, 1.094481930339246345, 0.1017573045957542444 ) ) ;
#2682 = DIRECTION ( 'NONE',  ( -0.000000000000000000, -0.000000000000000000, 1.000000000000000000 ) ) ;
#2683 = ORIENTED_EDGE ( 'NONE', *, *, #2293, .T. ) ;
#2684 = EDGE_CURVE ( 'NONE', #5117, #1109, #7140, .T. ) ;
#2685 = EDGE_LOOP ( 'NONE', ( #8400, #2044, #7164, #6242, #504, #7010, #3985 ) ) ;
#2686 = EDGE_CURVE ( 'NONE', #8787, #1893, #8220, .T. ) ;
#2687 = ORIENTED_EDGE ( 'NONE', *, *, #5880, .F. ) ;
#2688 = DIRECTION ( 'NONE',  ( -0.000000000000000000, -0.000000000000000000, -1.000000000000000000 ) ) ;
#2689 = ORIENTED_EDGE ( 'NONE', *, *, #7305, .F. ) ;
#2690 = CARTESIAN_POINT ( 'NONE',  ( -0.4798597245712858950, 0.5658004866359794827, 0.3756034584419081224 ) ) ;
#2691 = DIRECTION ( 'NONE',  ( -0.000000000000000000, -0.000000000000000000, 1.000000000000000000 ) ) ;
#2692 = VERTEX_POINT ( 'NONE', #3630 ) ;
#2693 = CARTESIAN_POINT ( 'NONE',  ( -0.5710804552194170824, 0.9707036410557065009, 0.1410073167155719842 ) ) ;
#2694 = CARTESIAN_POINT ( 'NONE',  ( -1.474592895057560860, 0.5814254866359794827, 0.07119596731552969848 ) ) ;
#2695 = CARTESIAN_POINT ( 'NONE',  ( -1.383696667898290933, 1.038262803511225130, 0.1155256770412479983 ) ) ;
#2696 = CARTESIAN_POINT ( 'NONE',  ( -1.385671371790782258, 1.036710417177754362, 0.1475038410949726653 ) ) ;
#2697 = EDGE_CURVE ( 'NONE', #3685, #5641, #8436, .T. ) ;
#2698 = DIRECTION ( 'NONE',  ( 0.000000000000000000, 0.000000000000000000, -1.000000000000000000 ) ) ;
#2699 = ORIENTED_EDGE ( 'NONE', *, *, #2684, .F. ) ;
#2700 = CARTESIAN_POINT ( 'NONE',  ( -1.000832481223771886, 1.165659045740343958, 0.004711531358574759867 ) ) ;
#2701 = CARTESIAN_POINT ( 'NONE',  ( -1.286069803367563047, 0.03110184236260766372, 0.08794639226458808579 ) ) ;
#2702 = DIRECTION ( 'NONE',  ( -0.000000000000000000, -0.000000000000000000, 1.000000000000000000 ) ) ;
#2703 = EDGE_LOOP ( 'NONE', ( #3235, #2465, #5981, #4297, #6936, #2797, #4890, #166, #6622, #1328, #6142, #846, #4550, #2825 ) ) ;
#2704 = CARTESIAN_POINT ( 'NONE',  ( -1.314916254931018491, 1.084804307365950127, 0.1215810379396173035 ) ) ;
#2705 = VERTEX_POINT ( 'NONE', #6953 ) ;
#2706 = EDGE_LOOP ( 'NONE', ( #3547, #714, #6866, #1492, #538, #3454, #1714, #6811, #2270, #633 ) ) ;
#2707 = CARTESIAN_POINT ( 'NONE',  ( -1.356037672354452273, 0.07293709164191347627, 0.1183759947408485752 ) ) ;
#2708 = CARTESIAN_POINT ( 'NONE',  ( -1.227990365685440510, 1.126289622919219413, 0.1094711125011386260 ) ) ;
#2709 = CARTESIAN_POINT ( 'NONE',  ( -0.9439017019391015006, 1.161709834919593787, 0.004733988657824810854 ) ) ;
#2710 = ORIENTED_EDGE ( 'NONE', *, *, #2953, .F. ) ;
#2711 = CARTESIAN_POINT ( 'NONE',  ( -0.9552815048328346936, 1.162934179857366024, 0.02374871243252245356 ) ) ;
#2712 = CARTESIAN_POINT ( 'NONE',  ( -0.9682723565510867880, 1.164066139901308361, 0.04570844151899809693 ) ) ;
#2713 = CARTESIAN_POINT ( 'NONE',  ( -0.4963597245712860206, 0.5658004866359794827, 0.2856034584419079869 ) ) ;
#2714 = CARTESIAN_POINT ( 'NONE',  ( -0.5776539242485566605, 0.9777815840054208119, 0.09589298072711541221 ) ) ;
#2715 = MANIFOLD_SOLID_BREP ( '0082-001-1-solid1', #5103 ) ;
#2716 = EDGE_LOOP ( 'NONE', ( #4860, #4265, #7055, #4270 ) ) ;
#2717 = CARTESIAN_POINT ( 'NONE',  ( -1.306395353542245452, 0.04194658193192830897, 0.1126122929090479369 ) ) ;
#2718 = CARTESIAN_POINT ( 'NONE',  ( -0.7032776227821238013, 1.079160775621446300, 0.1288654521913160378 ) ) ;
#2719 = B_SPLINE_CURVE_WITH_KNOTS ( 'NONE', 3,
 ( #3957, #6647, #3907, #3823, #4733, #5287, #1140, #6736, #1050, #8848, #452, #3263 ),
 .UNSPECIFIED., .F., .F.,
 ( 4, 2, 1, 1, 2, 2, 4 ),
 ( 0.000000000000000000, 0.2499999999998218647, 0.3749999999997324918, 0.4374999999997075673, 0.4687499999997141176, 0.4999999999997206679, 1.000000000000000000 ),
 .UNSPECIFIED. ) ;
#2720 = CARTESIAN_POINT ( 'NONE',  ( -1.256960108735298842, 0.01725163701672568703, 0.1041825171441321807 ) ) ;
#2721 = CYLINDRICAL_SURFACE ( 'NONE', #8618, 0.5999999999999998668 ) ;
#2722 = VERTEX_POINT ( 'NONE', #5595 ) ;
#2723 = CARTESIAN_POINT ( 'NONE',  ( -0.4965956630176154296, 0.5501754866359794827, 0.09619400962301037639 ) ) ;
#2724 = LINE ( 'NONE', #600, #6822 ) ;
#2725 = CARTESIAN_POINT ( 'NONE',  ( -0.9115079214756900416, 1.157006126327517315, 0.1286803815188311828 ) ) ;
#2726 = AXIS2_PLACEMENT_3D ( 'NONE', #6648, #5919, #2366 ) ;
#2727 = VERTEX_POINT ( 'NONE', #3579 ) ;
#2728 = VERTEX_POINT ( 'NONE', #1511 ) ;
#2729 = CARTESIAN_POINT ( 'NONE',  ( -1.547859724571285955, 0.5658004866359795937, 0.1956034584419080458 ) ) ;
#2730 = EDGE_CURVE ( 'NONE', #1266, #3222, #4318, .T. ) ;
#2731 = EDGE_CURVE ( 'NONE', #3461, #5599, #3841, .T. ) ;
#2732 = VERTEX_POINT ( 'NONE', #2992 ) ;
#2733 = AXIS2_PLACEMENT_3D ( 'NONE', #2827, #5613, #8271 ) ;
#2734 = DIRECTION ( 'NONE',  ( -0.000000000000000000, -0.000000000000000000, 1.000000000000000000 ) ) ;
#2735 = CARTESIAN_POINT ( 'NONE',  ( -0.5005481629540793342, 0.8764630700123891005, 0.1556034584419080935 ) ) ;
#2736 = VERTEX_POINT ( 'NONE', #5781 ) ;
#2737 = ORIENTED_EDGE ( 'NONE', *, *, #3180, .F. ) ;
#2738 = AXIS2_PLACEMENT_3D ( 'NONE', #7185, #905, #219 ) ;
#2739 = CARTESIAN_POINT ( 'NONE',  ( -0.5715175222202774075, 0.9711810810018211004, 0.1421012089145152202 ) ) ;
#2740 = CARTESIAN_POINT ( 'NONE',  ( -1.308719729556673261, 0.04325137175775373849, 0.1022137270181145557 ) ) ;
#2741 = CARTESIAN_POINT ( 'NONE',  ( -1.227335293491806922, 1.126539830649812446, 0.1255590290119141805 ) ) ;
#2742 = CARTESIAN_POINT ( 'NONE',  ( -0.9510331091538298809, 1.162502117617751018, 0.01713656921849306472 ) ) ;
#2743 = CARTESIAN_POINT ( 'NONE',  ( -1.240570257581564917, 1.121320390107828580, 0.1300119665722530571 ) ) ;
#2744 = ORIENTED_EDGE ( 'NONE', *, *, #7555, .T. ) ;
#2745 = CARTESIAN_POINT ( 'NONE',  ( -1.348337005878242012, 1.063922101868583381, 0.1286224051629665244 ) ) ;
#2746 = CARTESIAN_POINT ( 'NONE',  ( -1.330933115657106258, 1.075177031703906882, 0.1125265353649850114 ) ) ;
#2747 = CARTESIAN_POINT ( 'NONE',  ( -1.177617377021354717, 1.143021268410908453, 0.1303941391171180297 ) ) ;
#2748 = AXIS2_PLACEMENT_3D ( 'NONE', #6343, #5719, #7034 ) ;
#2749 = ORIENTED_EDGE ( 'NONE', *, *, #7614, .T. ) ;
#2750 = CARTESIAN_POINT ( 'NONE',  ( -1.431532920849709178, 0.9965545941156013221, 0.09560345844190808184 ) ) ;
#2751 = ORIENTED_EDGE ( 'NONE', *, *, #6920, .F. ) ;
#2752 = VERTEX_POINT ( 'NONE', #4913 ) ;
#2753 = VECTOR ( 'NONE', #7491, 39.37007874015748143 ) ;
#2754 = CIRCLE ( 'NONE', #5968, 0.4865582143213656452 ) ;
#2755 = DIRECTION ( 'NONE',  ( -0.000000000000000000, -0.000000000000000000, 1.000000000000000000 ) ) ;
#2756 = CARTESIAN_POINT ( 'NONE',  ( -1.013859724571285925, 0.5658004866359794827, 0.3756034584419081224 ) ) ;
#2757 = CARTESIAN_POINT ( 'NONE',  ( -1.389795077959392389, 1.033426722785834251, 0.1280282108875350211 ) ) ;
#2758 = B_SPLINE_CURVE_WITH_KNOTS ( 'NONE', 3,
 ( #4240, #3646, #2916, #2230, #880, #8588, #8547, #2129, #5605, #2314, #8406, #2272, #7024, #1616, #3691, #155, #4981, #2960, #7111, #7068, #59, #5064, #4927, #6475, #2868, #5792, #4287, #6432, #5709, #5753, #6381 ),
 .UNSPECIFIED., .F., .F.,
 ( 4, 1, 1, 1, 2, 2, 1, 1, 1, 2, 2, 2, 2, 2, 2, 1, 2, 2, 4 ),
 ( 0.000000000000000000, 0.1250000000000075773, 0.1875000000000111855, 0.2187500000000119349, 0.2343750000000121847, 0.2500000000000124345, 0.3750000000000199285, 0.4375000000000237033, 0.4687500000000242029, 0.4843750000000232037, 0.5000000000000222045, 0.5625000000000174305, 0.6250000000000126565, 0.7500000000000124345, 0.8750000000000123235, 0.9062500000000102141, 0.9218750000000091038, 0.9375000000000081046, 1.000000000000000000 ),
 .UNSPECIFIED. ) ;
#2759 = ORIENTED_EDGE ( 'NONE', *, *, #5908, .T. ) ;
#2760 = CARTESIAN_POINT ( 'NONE',  ( -1.013859724571285925, 0.5658004866359794827, 0.1025265353649850164 ) ) ;
#2761 = FACE_BOUND ( 'NONE', #2814, .T. ) ;
#2762 = CARTESIAN_POINT ( 'NONE',  ( -1.013859724571286147, 0.5658004866359794827, 0.1511940096230102448 ) ) ;
#2763 = B_SPLINE_CURVE_WITH_KNOTS ( 'NONE', 3,
 ( #1592, #856, #8428, #4402 ),
 .UNSPECIFIED., .F., .F.,
 ( 4, 4 ),
 ( 0.000000000000000000, 1.000000000000000000 ),
 .UNSPECIFIED. ) ;
#2764 = LINE ( 'NONE', #6919, #4381 ) ;
#2765 = VERTEX_POINT ( 'NONE', #2069 ) ;
#2766 = DIRECTION ( 'NONE',  ( -0.000000000000000000, -0.000000000000000000, 1.000000000000000000 ) ) ;
#2767 = CARTESIAN_POINT ( 'NONE',  ( -0.7008468186676217737, 1.077682231512414601, 0.1308678815188311639 ) ) ;
#2768 = VECTOR ( 'NONE', #5338, 39.37007874015748854 ) ;
#2769 = CARTESIAN_POINT ( 'NONE',  ( -1.230709702449051202, 0.006357829079002881231, 0.1183753219856936989 ) ) ;
#2770 = CIRCLE ( 'NONE', #5684, 0.5340000000000000302 ) ;
#2771 = CARTESIAN_POINT ( 'NONE',  ( -1.006446700425353669, 1.165754938439790944, 0.01267844839835011519 ) ) ;
#2772 = VERTEX_POINT ( 'NONE', #8489 ) ;
#2773 = DIRECTION ( 'NONE',  ( -0.000000000000000000, -0.000000000000000000, 1.000000000000000000 ) ) ;
#2774 = CARTESIAN_POINT ( 'NONE',  ( -0.4838568824365382381, 0.8470426590604109851, 0.09609296343667386719 ) ) ;
#2775 = FACE_OUTER_BOUND ( 'NONE', #843, .T. ) ;
#2776 = VECTOR ( 'NONE', #296, 39.37007874015748143 ) ;
#2777 = B_SPLINE_CURVE_WITH_KNOTS ( 'NONE', 3,
 ( #2001, #4806, #4022, #569 ),
 .UNSPECIFIED., .F., .F.,
 ( 4, 4 ),
 ( 0.000000000000000000, 1.000000000000000000 ),
 .UNSPECIFIED. ) ;
#2778 = CARTESIAN_POINT ( 'NONE',  ( -0.6954706687449762059, 1.074355704021497049, 0.1390409584419080857 ) ) ;
#2779 = ORIENTED_EDGE ( 'NONE', *, *, #361, .T. ) ;
#2780 = VERTEX_POINT ( 'NONE', #2302 ) ;
#2781 = ADVANCED_FACE ( 'NONE', ( #7366 ), #6502, .T. ) ;
#2782 = CARTESIAN_POINT ( 'NONE',  ( -1.006437567689612900, -0.03415360551143619555, 0.1204062212731276532 ) ) ;
#2783 = AXIS2_PLACEMENT_3D ( 'NONE', #6428, #3587, #2400 ) ;
#2784 = ORIENTED_EDGE ( 'NONE', *, *, #2730, .F. ) ;
#2785 = CARTESIAN_POINT ( 'NONE',  ( -1.013859724571285925, 0.5658004866359794827, 0.2456034584419083677 ) ) ;
#2786 = ORIENTED_EDGE ( 'NONE', *, *, #5206, .T. ) ;
#2787 = CARTESIAN_POINT ( 'NONE',  ( -0.5757949241618771641, 0.9757995483937653702, 0.1037645161342158062 ) ) ;
#2788 = ADVANCED_FACE ( 'NONE', ( #993, #3079, #8623, #1685 ), #8754, .T. ) ;
#2789 = EDGE_CURVE ( 'NONE', #4887, #7903, #265, .T. ) ;
#2790 = VERTEX_POINT ( 'NONE', #5225 ) ;
#2791 = CIRCLE ( 'NONE', #7899, 0.4510000000000001230 ) ;
#2792 = CARTESIAN_POINT ( 'NONE',  ( -0.4843280849892955264, 0.8479290015646492318, 0.1476136296515890012 ) ) ;
#2793 = LINE ( 'NONE', #8422, #2935 ) ;
#2794 = CARTESIAN_POINT ( 'NONE',  ( -1.219861934009747628, 1.129327853284673999, 0.1133041371092718408 ) ) ;
#2795 = CARTESIAN_POINT ( 'NONE',  ( -1.513359724571285980, 0.5658004866359794827, 0.2706034573935184873 ) ) ;
#2796 = DIRECTION ( 'NONE',  ( 0.000000000000000000, 0.000000000000000000, 1.000000000000000000 ) ) ;
#2797 = ORIENTED_EDGE ( 'NONE', *, *, #1707, .F. ) ;
#2798 = CARTESIAN_POINT ( 'NONE',  ( -1.290946300507223699, 0.03361229216870437880, 0.09348924641157975446 ) ) ;
#2799 = CARTESIAN_POINT ( 'NONE',  ( -0.9118929807277394994, -0.02547175488997329568, 0.09559042666930003818 ) ) ;
#2800 = ORIENTED_EDGE ( 'NONE', *, *, #4803, .T. ) ;
#2801 = CARTESIAN_POINT ( 'NONE',  ( -0.4737301569179651617, 0.8270667533399578275, 0.1407398738363445645 ) ) ;
#2802 = FACE_OUTER_BOUND ( 'NONE', #5911, .T. ) ;
#2803 = ORIENTED_EDGE ( 'NONE', *, *, #7005, .F. ) ;
#2804 = ORIENTED_EDGE ( 'NONE', *, *, #3838, .F. ) ;
#2805 = CARTESIAN_POINT ( 'NONE',  ( -1.353315583059179206, 0.07105709855936798158, 0.1265138905921371903 ) ) ;
#2806 = CARTESIAN_POINT ( 'NONE',  ( -0.6135595547743883937, 1.012745420672125585, 0.1403750930572927325 ) ) ;
#2807 = CARTESIAN_POINT ( 'NONE',  ( -0.9120596450583364767, -0.02550040446021781954, 0.09051697043586993952 ) ) ;
#2808 = CARTESIAN_POINT ( 'NONE',  ( -1.013859724571285925, 0.5658004866359794827, 0.3756034584419081224 ) ) ;
#2809 = CARTESIAN_POINT ( 'NONE',  ( -0.4738677287303579844, 0.8273515562251736455, 0.1100116487573060964 ) ) ;
#2810 = FACE_BOUND ( 'NONE', #357, .T. ) ;
#2811 = CARTESIAN_POINT ( 'NONE',  ( -0.8576729008960296552, -0.01351631029045699019, 0.04286056619029859904 ) ) ;
#2812 = CARTESIAN_POINT ( 'NONE',  ( -1.280409101936937910, 1.103342537631708309, 0.1325842405273224556 ) ) ;
#2813 = MANIFOLD_SOLID_BREP ( '5137-001-1-solid1', #1861 ) ;
#2814 = EDGE_LOOP ( 'NONE', ( #6322, #7118, #1540, #6104, #5109, #8346, #2289, #1559 ) ) ;
#2815 = CARTESIAN_POINT ( 'NONE',  ( -0.5194873300809335070, 0.9057960760625851648, 0.1123374771412052886 ) ) ;
#2816 = CARTESIAN_POINT ( 'NONE',  ( -1.425740341258127764, 1.002096667684664100, 0.1371419199803696476 ) ) ;
#2817 = B_SPLINE_CURVE_WITH_KNOTS ( 'NONE', 3,
 ( #4598, #3264, #6045, #2577, #8157, #7469, #1186, #590, #8068, #6690, #411, #3225, #8398, #673, #3583, #4230, #2811, #4181, #8443, #6916, #7060, #630, #2903, #7697 ),
 .UNSPECIFIED., .F., .F.,
 ( 4, 2, 1, 2, 2, 2, 2, 2, 2, 1, 2, 2, 4 ),
 ( 0.000000000000000000, 0.1249999999999967804, 0.1874999999999951150, 0.2187499999999942824, 0.2499999999999934497, 0.3749999999999874545, 0.4374999999999844569, 0.4999999999999814593, 0.6249999999999784617, 0.6874999999999789058, 0.7187499999999809042, 0.7499999999999830136, 1.000000000000000000 ),
 .UNSPECIFIED. ) ;
#2818 = CARTESIAN_POINT ( 'NONE',  ( -1.013859724571285925, 0.5658004866359794827, 0.08849400962301035012 ) ) ;
#2819 = VERTEX_POINT ( 'NONE', #3809 ) ;
#2820 = ORIENTED_EDGE ( 'NONE', *, *, #693, .T. ) ;
#2821 = DIRECTION ( 'NONE',  ( 0.000000000000000000, 0.000000000000000000, -1.000000000000000000 ) ) ;
#2822 = CARTESIAN_POINT ( 'NONE',  ( -0.4868663626941306943, 0.8526425140607342135, 0.09912365793369706801 ) ) ;
#2823 = CARTESIAN_POINT ( 'NONE',  ( -1.334663672326635853, 1.072836841274657838, 0.1512744801307798204 ) ) ;
#2824 = CARTESIAN_POINT ( 'NONE',  ( -0.5804049659133030392, 0.9806769069514691406, 0.1555767638204592906 ) ) ;
#2825 = ORIENTED_EDGE ( 'NONE', *, *, #8786, .F. ) ;
#2826 = ORIENTED_EDGE ( 'NONE', *, *, #6435, .F. ) ;
#2827 = CARTESIAN_POINT ( 'NONE',  ( -1.013859724571285925, 0.5658004866359794827, 0.3756034584419081224 ) ) ;
#2828 = CARTESIAN_POINT ( 'NONE',  ( -1.013859724571285925, 0.5658004866359794827, 0.1556034584419080935 ) ) ;
#2829 = ORIENTED_EDGE ( 'NONE', *, *, #6688, .T. ) ;
#2830 = CARTESIAN_POINT ( 'NONE',  ( -1.172490194617255010, 1.144450974613944405, 0.1163415587246819927 ) ) ;
#2831 = VERTEX_POINT ( 'NONE', #1077 ) ;
#2832 = CARTESIAN_POINT ( 'NONE',  ( -1.144399803500083079, -0.01982677348197579154, 0.1293654198945679845 ) ) ;
#2833 = VERTEX_POINT ( 'NONE', #8668 ) ;
#2834 = ORIENTED_EDGE ( 'NONE', *, *, #5040, .F. ) ;
#2835 = DIRECTION ( 'NONE',  ( -0.2763657558025388039, 0.9610525318730976929, 0.000000000000000000 ) ) ;
#2836 = CARTESIAN_POINT ( 'NONE',  ( -1.335349101491615675, 0.05919947940506405798, 0.1121033929299660725 ) ) ;
#2837 = CARTESIAN_POINT ( 'NONE',  ( -1.231312837941186400, 1.125008999955734668, 0.1271793414531976474 ) ) ;
#2838 = CARTESIAN_POINT ( 'NONE',  ( -0.8869927251657405698, -0.02063345206626957321, 0.1495985232487931915 ) ) ;
#2839 = B_SPLINE_CURVE_WITH_KNOTS ( 'NONE', 3,
 ( #1709, #5885, #1663, #1576, #966, #5122, #2371, #8688, #5760 ),
 .UNSPECIFIED., .F., .F.,
 ( 4, 1, 2, 2, 4 ),
 ( 0.000000000000000000, 0.2500000000000374145, 0.3750000000000561218, 0.5000000000000748290, 1.000000000000000000 ),
 .UNSPECIFIED. ) ;
#2840 = CARTESIAN_POINT ( 'NONE',  ( -1.235872981771613643, 1.123214268766446366, 0.1351930629639832848 ) ) ;
#2841 = EDGE_LOOP ( 'NONE', ( #5475, #6973, #7087, #8919 ) ) ;
#2842 = EDGE_CURVE ( 'NONE', #4892, #7684, #8757, .T. ) ;
#2843 = EDGE_CURVE ( 'NONE', #2206, #8331, #7784, .T. ) ;
#2844 = CARTESIAN_POINT ( 'NONE',  ( -1.341821826424232977, 1.068237484552134076, 0.09609643469151225859 ) ) ;
#2845 = CYLINDRICAL_SURFACE ( 'NONE', #1717, 0.4510000000000001785 ) ;
#2846 = CARTESIAN_POINT ( 'NONE',  ( -1.309059530803865279, 0.04343915472641911996, 0.09707712970401881358 ) ) ;
#2847 = CARTESIAN_POINT ( 'NONE',  ( -0.4904242411085050213, 0.8590841933979184164, 0.1377767886058000879 ) ) ;
#2848 = ORIENTED_EDGE ( 'NONE', *, *, #8799, .F. ) ;
#2849 = EDGE_LOOP ( 'NONE', ( #2744, #3622 ) ) ;
#2850 = DIRECTION ( 'NONE',  ( 0.000000000000000000, 0.000000000000000000, -1.000000000000000000 ) ) ;
#2851 = CARTESIAN_POINT ( 'NONE',  ( -1.177209818389039597, 1.143136391330751511, 0.09616836228806194264 ) ) ;
#2852 = CARTESIAN_POINT ( 'NONE',  ( -1.283339573739798789, 0.02972155655135012495, 0.05527661146135293135 ) ) ;
#2853 = EDGE_CURVE ( 'NONE', #1608, #2011, #2613, .T. ) ;
#2854 = ORIENTED_EDGE ( 'NONE', *, *, #3352, .T. ) ;
#2855 = EDGE_CURVE ( 'NONE', #2732, #8638, #3344, .T. ) ;
#2856 = CARTESIAN_POINT ( 'NONE',  ( -0.4790021389968506238, 0.8376977024663571081, 0.09644384406129324905 ) ) ;
#2857 = FACE_BOUND ( 'NONE', #1721, .T. ) ;
#2858 = ORIENTED_EDGE ( 'NONE', *, *, #3371, .T. ) ;
#2859 = DIRECTION ( 'NONE',  ( 0.000000000000000000, 0.000000000000000000, 1.000000000000000000 ) ) ;
#2860 = CARTESIAN_POINT ( 'NONE',  ( -1.359776397149345506, 1.056047012001048779, 0.1107116315188311634 ) ) ;
#2861 = CARTESIAN_POINT ( 'NONE',  ( -0.4870676091688381226, 0.8530113276551588575, 0.1208764762176611912 ) ) ;
#2862 = ORIENTED_EDGE ( 'NONE', *, *, #4193, .T. ) ;
#2863 = DIRECTION ( 'NONE',  ( -0.000000000000000000, -0.000000000000000000, 1.000000000000000000 ) ) ;
#2864 = DIRECTION ( 'NONE',  ( 1.000000000000000000, 0.000000000000000000, 0.000000000000000000 ) ) ;
#2865 = CARTESIAN_POINT ( 'NONE',  ( -1.347773624695162153, 1.064300048077160499, 0.1018163495088640486 ) ) ;
#2866 = EDGE_LOOP ( 'NONE', ( #8679, #5427, #7580, #1124, #873 ) ) ;
#2867 = ORIENTED_EDGE ( 'NONE', *, *, #6357, .T. ) ;
#2868 = CARTESIAN_POINT ( 'NONE',  ( -0.4804157094698776054, 0.8404596113182654094, 0.1029185229850471950 ) ) ;
#2869 = CARTESIAN_POINT ( 'NONE',  ( -0.4893362048586010205, 0.8571337783645497366, 0.1062462299350064310 ) ) ;
#2870 = CARTESIAN_POINT ( 'NONE',  ( -0.5250458937852300334, 0.9137387553450437849, 0.1176948045957542377 ) ) ;
#2871 = CARTESIAN_POINT ( 'NONE',  ( -1.135235211496264940, -0.02187383412197775254, 0.06664968485263035591 ) ) ;
#2872 = EDGE_LOOP ( 'NONE', ( #8352, #8557, #558, #4638, #4431 ) ) ;
#2873 = EDGE_CURVE ( 'NONE', #7097, #6223, #6457, .T. ) ;
#2874 = ORIENTED_EDGE ( 'NONE', *, *, #7599, .T. ) ;
#2875 = CARTESIAN_POINT ( 'NONE',  ( -1.006493115809659500, -0.03415428962460545503, 0.1207383472227041565 ) ) ;
#2876 = CARTESIAN_POINT ( 'NONE',  ( -1.039458671012364999, 1.165254149516695259, 0.09560345844190808184 ) ) ;
#2877 = ORIENTED_EDGE ( 'NONE', *, *, #4360, .T. ) ;
#2878 = CARTESIAN_POINT ( 'NONE',  ( -1.268318706361676984, 0.02243054765222909572, 0.04480881363382484273 ) ) ;
#2879 = ORIENTED_EDGE ( 'NONE', *, *, #3352, .F. ) ;
#2880 = CARTESIAN_POINT ( 'NONE',  ( -1.258718635115044115, 0.01803766028928073875, 0.07188518118741400731 ) ) ;
#2881 = ORIENTED_EDGE ( 'NONE', *, *, #7996, .F. ) ;
#2882 = VERTEX_POINT ( 'NONE', #7279 ) ;
#2883 = FACE_OUTER_BOUND ( 'NONE', #6747, .T. ) ;
#2884 = DIRECTION ( 'NONE',  ( -0.000000000000000000, -0.000000000000000000, 1.000000000000000000 ) ) ;
#2885 = CARTESIAN_POINT ( 'NONE',  ( -0.6759127486863643064, 1.061574468900313484, 0.1556034584419080935 ) ) ;
#2886 = CIRCLE ( 'NONE', #1985, 0.5999999999999998668 ) ;
#2887 = DIRECTION ( 'NONE',  ( 0.000000000000000000, 0.000000000000000000, -1.000000000000000000 ) ) ;
#2888 = CARTESIAN_POINT ( 'NONE',  ( -1.232336851010348289, 1.124610862145054790, 0.1410566699141307112 ) ) ;
#2889 = ORIENTED_EDGE ( 'NONE', *, *, #4801, .T. ) ;
#2890 = CARTESIAN_POINT ( 'NONE',  ( -1.348876181352529624, 1.063560200351537643, 0.09485418889210195381 ) ) ;
#2891 = AXIS2_PLACEMENT_3D ( 'NONE', #1813, #7360, #4582 ) ;
#2892 = DIRECTION ( 'NONE',  ( -0.000000000000000000, -0.000000000000000000, 1.000000000000000000 ) ) ;
#2893 = B_SPLINE_CURVE_WITH_KNOTS ( 'NONE', 3,
 ( #2156, #6314, #7091, #4268, #9080, #5630, #3620, #805, #6407, #8531, #765, #7643, #2801, #1356, #134, #8429, #2941, #4354, #7138, #4171, #6945, #8388, #4485, #1726, #6537, #302, #7268, #2343, #940, #4535 ),
 .UNSPECIFIED., .F., .F.,
 ( 4, 1, 1, 1, 2, 2, 1, 2, 2, 1, 2, 2, 2, 2, 1, 2, 2, 4 ),
 ( 0.000000000000000000, 0.1249999999999933387, 0.1874999999999905631, 0.2187499999999890643, 0.2343749999999884814, 0.2499999999999878986, 0.3124999999999844569, 0.3437499999999833467, 0.3749999999999822364, 0.4374999999999784062, 0.4687499999999781841, 0.4999999999999780176, 0.7499999999999760192, 0.8749999999999762412, 0.9062499999999752420, 0.9218749999999781286, 0.9374999999999811262, 1.000000000000000000 ),
 .UNSPECIFIED. ) ;
#2894 = CARTESIAN_POINT ( 'NONE',  ( -0.4908367416494571756, 0.8598191270986702550, 0.1287642716164882351 ) ) ;
#2895 = EDGE_LOOP ( 'NONE', ( #4921, #485 ) ) ;
#2896 = CARTESIAN_POINT ( 'NONE',  ( -1.227828023524608847, 1.126351626555424756, 0.1103782897262780838 ) ) ;
#2897 = CARTESIAN_POINT ( 'NONE',  ( -1.280276587821478573, 0.02819275157588077563, 0.04884979698992949343 ) ) ;
#2898 = ORIENTED_EDGE ( 'NONE', *, *, #9083, .T. ) ;
#2899 = CARTESIAN_POINT ( 'NONE',  ( -0.4835124631886375535, 0.8463931719516394336, 0.1032172024634208790 ) ) ;
#2900 = CARTESIAN_POINT ( 'NONE',  ( -0.9168029213472219663, 1.157898432036844172, 0.04570844151899809693 ) ) ;
#2901 = EDGE_LOOP ( 'NONE', ( #4254, #3996, #7700, #6036, #2040 ) ) ;
#2902 = CARTESIAN_POINT ( 'NONE',  ( -1.339412989521559405, 1.069801484921282686, 0.1461411853613360790 ) ) ;
#2903 = CARTESIAN_POINT ( 'NONE',  ( -0.8790660652922486218, -0.01891570313518294716, 0.03483521572517432607 ) ) ;
#2904 = CIRCLE ( 'NONE', #3922, 0.5900000000000005240 ) ;
#2905 = EDGE_CURVE ( 'NONE', #6126, #5571, #6558, .T. ) ;
#2906 = AXIS2_PLACEMENT_3D ( 'NONE', #7012, #728, #3538 ) ;
#2907 = EDGE_CURVE ( 'NONE', #3293, #4148, #7209, .T. ) ;
#2908 = LINE ( 'NONE', #2265, #5840 ) ;
#2909 = ORIENTED_EDGE ( 'NONE', *, *, #7380, .T. ) ;
#2910 = CARTESIAN_POINT ( 'NONE',  ( -1.355342201399686086, 0.07245433815150993662, 0.05352967245020598397 ) ) ;
#2911 = CARTESIAN_POINT ( 'NONE',  ( -1.014156252513606749, 1.165800989195613813, 0.02987760822905947619 ) ) ;
#2912 = CARTESIAN_POINT ( 'NONE',  ( -1.377411710117923294, 1.043116047476002839, 0.1165698998151920990 ) ) ;
#2913 = B_SPLINE_CURVE_WITH_KNOTS ( 'NONE', 3,
 ( #5183, #1074, #1732, #7959, #1683, #7228, #6670, #8834, #1774, #1859, #4621, #2477, #5312, #7275, #8050, #1123, #3848, #991, #8004, #5902, #6632, #7321, #3207, #3159, #5945 ),
 .UNSPECIFIED., .F., .F.,
 ( 4, 2, 2, 1, 1, 2, 2, 2, 1, 1, 1, 2, 2, 2, 4 ),
 ( 0.000000000000000000, 0.06250000000002539635, 0.1250000000000507927, 0.1875000000000761891, 0.2187500000000895672, 0.2343750000000963674, 0.2500000000001031952, 0.3750000000002252643, 0.4375000000002960965, 0.4687500000003230194, 0.4843750000003282929, 0.4921875000003309575, 0.5000000000003336220, 0.7500000000001668665, 1.000000000000000000 ),
 .UNSPECIFIED. ) ;
#2914 = ORIENTED_EDGE ( 'NONE', *, *, #6301, .T. ) ;
#2915 = ORIENTED_EDGE ( 'NONE', *, *, #4601, .T. ) ;
#2916 = CARTESIAN_POINT ( 'NONE',  ( -0.4764931714415518993, 0.8327034485330261360, 0.1225078593726345033 ) ) ;
#2917 = CARTESIAN_POINT ( 'NONE',  ( -1.013859724571285925, 1.083300486635979665, 0.1511940096230103281 ) ) ;
#2918 = AXIS2_PLACEMENT_3D ( 'NONE', #4603, #7940, #1098 ) ;
#2919 = CARTESIAN_POINT ( 'NONE',  ( -0.7084482304106494155, 1.082253600901512236, 0.09560345844190808184 ) ) ;
#2920 = ADVANCED_FACE ( 'NONE', ( #395 ), #8576, .F. ) ;
#2921 = DIRECTION ( 'NONE',  ( -0.7192514278108704806, 0.6947498712428986645, -3.081487911019576818E-32 ) ) ;
#2922 = ORIENTED_EDGE ( 'NONE', *, *, #6676, .T. ) ;
#2923 = ORIENTED_EDGE ( 'NONE', *, *, #4549, .F. ) ;
#2924 = AXIS2_PLACEMENT_3D ( 'NONE', #7199, #6646, #1697 ) ;
#2925 = CARTESIAN_POINT ( 'NONE',  ( -0.9116235505532154226, -0.02542579285371604839, 0.08250336985067681372 ) ) ;
#2926 = CARTESIAN_POINT ( 'NONE',  ( -1.362158608511713886, 1.054357443477483391, 0.1221986377374270349 ) ) ;
#2927 = CARTESIAN_POINT ( 'NONE',  ( -0.5673587525973952106, 0.9665959503732658442, 0.1040595963442992183 ) ) ;
#2928 = ORIENTED_EDGE ( 'NONE', *, *, #753, .T. ) ;
#2929 = AXIS2_PLACEMENT_3D ( 'NONE', #7143, #861, #4410 ) ;
#2930 = CARTESIAN_POINT ( 'NONE',  ( -1.013859724571285925, 1.073300486635979212, 0.1511940096230103281 ) ) ;
#2931 = ORIENTED_EDGE ( 'NONE', *, *, #3572, .F. ) ;
#2932 = CARTESIAN_POINT ( 'NONE',  ( -0.4862829032710295207, 0.8515674261879105922, 0.1418412523505863665 ) ) ;
#2933 = EDGE_CURVE ( 'NONE', #6453, #4631, #7187, .T. ) ;
#2934 = CARTESIAN_POINT ( 'NONE',  ( -1.500417938892651737, 0.5658004866359795937, 0.1511940096230102448 ) ) ;
#2935 = VECTOR ( 'NONE', #5578, 39.37007874015748143 ) ;
#2936 = CARTESIAN_POINT ( 'NONE',  ( -1.233455512482520833, 1.124172605199776243, 0.1276943012135056121 ) ) ;
#2937 = CARTESIAN_POINT ( 'NONE',  ( -1.314347880911536759, 1.085133624279295272, 0.1342346665785339177 ) ) ;
#2938 = ORIENTED_EDGE ( 'NONE', *, *, #4463, .T. ) ;
#2939 = PLANE ( 'NONE',  #8325 ) ;
#2940 = CIRCLE ( 'NONE', #8038, 0.5999999999999998668 ) ;
#2941 = CARTESIAN_POINT ( 'NONE',  ( -0.4743561125733841144, 0.8283569101666435897, 0.1452185825858015589 ) ) ;
#2942 = LINE ( 'NONE', #136, #2596 ) ;
#2943 = ORIENTED_EDGE ( 'NONE', *, *, #8329, .T. ) ;
#2944 = CARTESIAN_POINT ( 'NONE',  ( -1.380859939939367287, 1.040470707933067729, 0.1528218212496688100 ) ) ;
#2945 = CARTESIAN_POINT ( 'NONE',  ( -0.6727219001682599453, 1.059384303997904508, 0.1479111507496004008 ) ) ;
#2946 = ORIENTED_EDGE ( 'NONE', *, *, #1143, .F. ) ;
#2947 = DIRECTION ( 'NONE',  ( 0.000000000000000000, 0.000000000000000000, 1.000000000000000000 ) ) ;
#2948 = CARTESIAN_POINT ( 'NONE',  ( -0.9187783790169582465, 1.158218870247757604, 0.06565754258160870493 ) ) ;
#2949 = CARTESIAN_POINT ( 'NONE',  ( -1.346413170267569237, 1.065208378747196871, 0.1493497279334355665 ) ) ;
#2950 = CARTESIAN_POINT ( 'NONE',  ( -1.312067419372866084, 0.04515455053684829662, 0.06049704916383796122 ) ) ;
#2951 = CARTESIAN_POINT ( 'NONE',  ( -1.230709702449051202, 0.006357829079002881231, 0.1183753219856937267 ) ) ;
#2952 = EDGE_LOOP ( 'NONE', ( #7540, #1385, #8468, #3299, #8691, #4513 ) ) ;
#2953 = EDGE_CURVE ( 'NONE', #5385, #1371, #5447, .T. ) ;
#2954 = CARTESIAN_POINT ( 'NONE',  ( -1.358405506368373983, 0.07458952668816468123, 0.06650120849444102200 ) ) ;
#2955 = CARTESIAN_POINT ( 'NONE',  ( -1.019588306705579095, 1.165774878771443479, 0.03292374214252372783 ) ) ;
#2956 = CARTESIAN_POINT ( 'NONE',  ( -0.9393262220950515662, 1.161153153860445819, 0.01442121484638363843 ) ) ;
#2957 = CARTESIAN_POINT ( 'NONE',  ( -1.184678588184149062, 1.140970823000790668, 0.1309880738265234712 ) ) ;
#2958 = VERTEX_POINT ( 'NONE', #1912 ) ;
#2959 = VERTEX_POINT ( 'NONE', #8286 ) ;
#2960 = CARTESIAN_POINT ( 'NONE',  ( -0.4774651572581286585, 0.8346515903886664312, 0.1090002273253121712 ) ) ;
#2961 = DIRECTION ( 'NONE',  ( 0.000000000000000000, 0.000000000000000000, 1.000000000000000000 ) ) ;
#2962 = B_SPLINE_CURVE_WITH_KNOTS ( 'NONE', 3,
 ( #4518, #2278, #7300, #1015, #3830, #3142, #5034, #7812, #1530, #4337, #839, #7342, #3312, #6830, #1099, #3269, #1057, #2500, #555, #5970, #1153, #3366, #6099, #3965 ),
 .UNSPECIFIED., .F., .F.,
 ( 4, 1, 1, 2, 2, 1, 2, 2, 2, 2, 1, 2, 2, 4 ),
 ( 0.000000000000000000, 0.1249999999998911426, 0.1874999999998406830, 0.2187499999998384070, 0.2499999999998361866, 0.3749999999998553935, 0.4374999999998801514, 0.4999999999999049649, 0.6249999999999206191, 0.7499999999999363842, 0.8124999999999488187, 0.8437499999999575895, 0.8749999999999662492, 1.000000000000000000 ),
 .UNSPECIFIED. ) ;
#2963 = B_SPLINE_CURVE_WITH_KNOTS ( 'NONE', 3,
 ( #4704, #5721, #3558, #6444, #8372, #6299, #748, #26, #4253, #1439, #8465, #6345, #7077, #5616, #5761, #2830, #5668, #7036, #840 ),
 .UNSPECIFIED., .F., .F.,
 ( 4, 1, 1, 2, 2, 1, 2, 2, 2, 2, 4 ),
 ( 0.000000000000000000, 0.1249999999999111544, 0.1874999999998694933, 0.2187499999998628319, 0.2499999999998561706, 0.3749999999998746558, 0.4374999999998954170, 0.4999999999999161782, 0.7499999999999582556, 0.8749999999999791278, 1.000000000000000000 ),
 .UNSPECIFIED. ) ;
#2964 = EDGE_CURVE ( 'NONE', #1881, #4212, #4810, .T. ) ;
#2965 = DIRECTION ( 'NONE',  ( 0.000000000000000000, 0.000000000000000000, -1.000000000000000000 ) ) ;
#2966 = EDGE_CURVE ( 'NONE', #4676, #1532, #986, .T. ) ;
#2967 = PLANE ( 'NONE',  #4523 ) ;
#2968 = VERTEX_POINT ( 'NONE', #1863 ) ;
#2969 = ORIENTED_EDGE ( 'NONE', *, *, #6154, .F. ) ;
#2970 = CARTESIAN_POINT ( 'NONE',  ( -0.9098062638337288677, -0.02510817049821642555, 0.07539847634708822521 ) ) ;
#2971 = DIRECTION ( 'NONE',  ( 0.000000000000000000, 1.000000000000000000, 0.000000000000000000 ) ) ;
#2972 = CARTESIAN_POINT ( 'NONE',  ( -1.261798039025349594, 0.01942088479228329737, 0.04237746559446416150 ) ) ;
#2973 = ADVANCED_FACE ( 'NONE', ( #8932 ), #3339, .F. ) ;
#2974 = ORIENTED_EDGE ( 'NONE', *, *, #122, .F. ) ;
#2975 = DIRECTION ( 'NONE',  ( 0.000000000000000000, 0.000000000000000000, -1.000000000000000000 ) ) ;
#2976 = ORIENTED_EDGE ( 'NONE', *, *, #8036, .T. ) ;
#2977 = ORIENTED_EDGE ( 'NONE', *, *, #6917, .T. ) ;
#2978 = CARTESIAN_POINT ( 'NONE',  ( -1.013859724571285925, 0.5658004866359794827, 0.004711531358574759867 ) ) ;
#2979 = CARTESIAN_POINT ( 'NONE',  ( -1.464125022619656269, 0.5915329830833158109, 0.1061940096230109543 ) ) ;
#2980 = CARTESIAN_POINT ( 'NONE',  ( -1.297749277235715981, 0.03721085976466186052, 0.1372131143752389759 ) ) ;
#2981 = CARTESIAN_POINT ( 'NONE',  ( -0.6786521899207254016, 1.063431044076307508, 0.1658598686983183967 ) ) ;
#2982 = ORIENTED_EDGE ( 'NONE', *, *, #1544, .T. ) ;
#2983 = EDGE_CURVE ( 'NONE', #3415, #2833, #7456, .T. ) ;
#2984 = DIRECTION ( 'NONE',  ( 0.000000000000000000, 0.000000000000000000, -1.000000000000000000 ) ) ;
#2985 = EDGE_CURVE ( 'NONE', #3499, #1579, #6072, .T. ) ;
#2986 = CARTESIAN_POINT ( 'NONE',  ( -0.5694758823369989731, 0.9689446759118947039, 0.1503890511577974931 ) ) ;
#2987 = DIRECTION ( 'NONE',  ( 0.000000000000000000, 0.000000000000000000, 1.000000000000000000 ) ) ;
#2988 = CARTESIAN_POINT ( 'NONE',  ( -1.375633759910885656, 1.044464873605213340, 0.1448819994905014008 ) ) ;
#2989 = CARTESIAN_POINT ( 'NONE',  ( -0.4795634806125216865, 0.8387999877662559722, 0.1483075054215050592 ) ) ;
#2990 = CARTESIAN_POINT ( 'NONE',  ( -1.266277371572176014, 0.02147924197049958656, 0.03810624860125398639 ) ) ;
#2991 = DIRECTION ( 'NONE',  ( 0.000000000000000000, 0.000000000000000000, -1.000000000000000000 ) ) ;
#2992 = CARTESIAN_POINT ( 'NONE',  ( -1.013859724571285925, 0.04830048663597955733, 0.08849400962301035012 ) ) ;
#2993 = CARTESIAN_POINT ( 'NONE',  ( -0.9188253005024566988, 1.158226400725382632, 0.06585141542488831545 ) ) ;
#2994 = B_SPLINE_CURVE_WITH_KNOTS ( 'NONE', 3,
 ( #6877, #3491, #4689, #8949, #3441, #6280, #494, #1187, #10, #6229, #2672, #1282, #4141, #8901, #9042, #5553, #2628, #8357, #2074, #5421, #4778, #7565, #2812, #8209, #4735, #4044, #6823, #545, #3357, #4096 ),
 .UNSPECIFIED., .F., .F.,
 ( 4, 1, 2, 2, 2, 2, 2, 2, 2, 1, 2, 2, 1, 1, 2, 2, 4 ),
 ( 0.000000000000000000, 0.03124999999997086358, 0.04687499999995626415, 0.06249999999994165778, 0.1249999999999455158, 0.1874999999999493461, 0.2499999999999532041, 0.3749999999999608646, 0.4999999999999685807, 0.6249999999999762412, 0.6874999999999794609, 0.7499999999999826805, 0.8124999999999860112, 0.8437499999999877875, 0.8593749999999887867, 0.8749999999999897859, 1.000000000000000000 ),
 .UNSPECIFIED. ) ;
#2995 = CARTESIAN_POINT ( 'NONE',  ( -1.013859724571285925, 0.5658004866359794827, 0.1411940096230107078 ) ) ;
#2996 = CARTESIAN_POINT ( 'NONE',  ( -0.4865836418035288657, 0.8521219113403638579, 0.1126764895449913206 ) ) ;
#2997 = EDGE_LOOP ( 'NONE', ( #773, #1535, #4257, #2063, #7523, #5280, #4481, #7631, #5005 ) ) ;
#2998 = CARTESIAN_POINT ( 'NONE',  ( -0.7427376432663835848, 1.101050724402295344, 0.09560345844190808184 ) ) ;
#2999 = DIRECTION ( 'NONE',  ( 0.6665698539578761572, 0.7454425731031034674, 0.000000000000000000 ) ) ;
#3000 = CARTESIAN_POINT ( 'NONE',  ( -1.013859724571286147, 0.5658004866359794827, 0.2256034584419079059 ) ) ;
#3001 = EDGE_LOOP ( 'NONE', ( #5127, #8221, #2804, #5912 ) ) ;
#3002 = ORIENTED_EDGE ( 'NONE', *, *, #1928, .F. ) ;
#3003 = CARTESIAN_POINT ( 'NONE',  ( -1.250890629097233475, 0.01460383497117277198, 0.1181847178392012171 ) ) ;
#3004 = FACE_OUTER_BOUND ( 'NONE', #6230, .T. ) ;
#3005 = CARTESIAN_POINT ( 'NONE',  ( -0.9239030584363577825, 1.159018961587913621, 0.01362500779443986433 ) ) ;
#3006 = CARTESIAN_POINT ( 'NONE',  ( -0.5531304717209751809, 0.5814254866359794827, 0.09619988270054498358 ) ) ;
#3007 = ORIENTED_EDGE ( 'NONE', *, *, #3254, .F. ) ;
#3008 = CARTESIAN_POINT ( 'NONE',  ( -0.9962254130065852920, -0.03394267579884942959, 0.05866121699062407102 ) ) ;
#3009 = CARTESIAN_POINT ( 'NONE',  ( -1.474594853875531797, 0.5814254866359794827, 0.07119400962301104807 ) ) ;
#3010 = CARTESIAN_POINT ( 'NONE',  ( -1.290666535163096817, 1.098136855367188192, 0.09575630146898722606 ) ) ;
#3011 = CARTESIAN_POINT ( 'NONE',  ( -0.6210616368554652267, 1.019453991598271214, 0.1406795802367799275 ) ) ;
#3012 = ORIENTED_EDGE ( 'NONE', *, *, #2395, .T. ) ;
#3013 = ORIENTED_EDGE ( 'NONE', *, *, #7937, .F. ) ;
#3014 = CARTESIAN_POINT ( 'NONE',  ( -1.029161969204359206, -0.03400456251302232114, 0.1025254913060366369 ) ) ;
#3015 = EDGE_CURVE ( 'NONE', #3457, #6835, #6762, .T. ) ;
#3016 = EDGE_CURVE ( 'NONE', #6166, #5415, #4029, .T. ) ;
#3017 = DIRECTION ( 'NONE',  ( 0.000000000000000000, 0.000000000000000000, -1.000000000000000000 ) ) ;
#3018 = CARTESIAN_POINT ( 'NONE',  ( -0.6761095756474322371, 1.061708594140144069, 0.1666117553304496401 ) ) ;
#3019 = CARTESIAN_POINT ( 'NONE',  ( -0.6913046184993029142, 1.071723606830037756, 0.1117813430572927036 ) ) ;
#3020 = B_SPLINE_CURVE_WITH_KNOTS ( 'NONE', 3,
 ( #3350, #5498, #6871, #668, #1320, #8988, #1275, #5547, #4038, #4177, #2020, #7505, #6134, #8351, #2067, #7557, #4136, #4867, #537, #2666, #6951, #6912, #3484, #4729 ),
 .UNSPECIFIED., .F., .F.,
 ( 4, 2, 2, 2, 2, 1, 2, 2, 2, 1, 2, 2, 4 ),
 ( 0.000000000000000000, 0.1249999999999936162, 0.1874999999999907574, 0.2499999999999878986, 0.3749999999999772959, 0.4374999999999751310, 0.4687499999999740208, 0.4999999999999729106, 0.6249999999999779066, 0.6874999999999805711, 0.7187499999999865663, 0.7499999999999926725, 1.000000000000000000 ),
 .UNSPECIFIED. ) ;
#3021 = ORIENTED_EDGE ( 'NONE', *, *, #6302, .F. ) ;
#3022 = LINE ( 'NONE', #8742, #3653 ) ;
#3023 = CARTESIAN_POINT ( 'NONE',  ( -1.013859724571285925, 0.5658004866359794827, 0.09535158241632657461 ) ) ;
#3024 = CIRCLE ( 'NONE', #5802, 0.4610000000000001319 ) ;
#3025 = CARTESIAN_POINT ( 'NONE',  ( -1.283342624594842274, 0.02972309801107792318, 0.1149886936265210879 ) ) ;
#3026 = VECTOR ( 'NONE', #5334, 39.37007874015748143 ) ;
#3027 = CARTESIAN_POINT ( 'NONE',  ( -1.181054125615001116, 1.142034866025123607, 0.1026515778804724388 ) ) ;
#3028 = CARTESIAN_POINT ( 'NONE',  ( -0.7193408501130148514, 0.04305902798951516397, 0.1456034584419080014 ) ) ;
#3029 = CARTESIAN_POINT ( 'NONE',  ( -1.280541269450097719, 0.02832399836735631504, 0.04932827030398850843 ) ) ;
#3030 = CARTESIAN_POINT ( 'NONE',  ( -1.290346461945172329, 0.03330139139305892532, 0.1389070640964851777 ) ) ;
#3031 = CARTESIAN_POINT ( 'NONE',  ( -1.322564505503777132, 0.05130835221948325947, 0.06563506921078948730 ) ) ;
#3032 = DIRECTION ( 'NONE',  ( 0.000000000000000000, 0.000000000000000000, 1.000000000000000000 ) ) ;
#3033 = VECTOR ( 'NONE', #1601, 39.37007874015748143 ) ;
#3034 = CARTESIAN_POINT ( 'NONE',  ( -1.474588977421597669, 0.5814254866359794827, 0.09619988270054552482 ) ) ;
#3035 = CARTESIAN_POINT ( 'NONE',  ( -1.198717129883510424, 1.136613713270779646, 0.1556034584419080935 ) ) ;
#3036 = ORIENTED_EDGE ( 'NONE', *, *, #4994, .T. ) ;
#3037 = LINE ( 'NONE', #2309, #7894 ) ;
#3038 = CARTESIAN_POINT ( 'NONE',  ( -0.9303001276066235059, 1.159953616760977857, 0.02214930885109423278 ) ) ;
#3039 = CARTESIAN_POINT ( 'NONE',  ( -0.6967190831905439863, 1.075136533808513928, 0.1246493454847347748 ) ) ;
#3040 = VERTEX_POINT ( 'NONE', #2563 ) ;
#3041 = ORIENTED_EDGE ( 'NONE', *, *, #8780, .F. ) ;
#3042 = DIRECTION ( 'NONE',  ( -0.000000000000000000, -0.000000000000000000, 1.000000000000000000 ) ) ;
#3043 = CARTESIAN_POINT ( 'NONE',  ( -0.5694908763819196418, 0.9689584293319604136, 0.1007597084419080830 ) ) ;
#3044 = AXIS2_PLACEMENT_3D ( 'NONE', #731, #4280, #7061 ) ;
#3045 = CARTESIAN_POINT ( 'NONE',  ( -0.9168242603429193061, 1.157901929928911500, 0.04291014433816112139 ) ) ;
#3046 = CC_DESIGN_APPROVAL ( #1979, ( #8319 ) ) ;
#3047 = CARTESIAN_POINT ( 'NONE',  ( -0.9604401171373052604, 1.163417709899833730, 0.07884626020598060891 ) ) ;
#3048 = EDGE_LOOP ( 'NONE', ( #4669, #770, #4173, #3651 ) ) ;
#3049 = AXIS2_PLACEMENT_3D ( 'NONE', #2417, #295, #8736 ) ;
#3050 = CARTESIAN_POINT ( 'NONE',  ( -1.059039025171415016, 1.164097094345970529, 0.1482957661342157729 ) ) ;
#3051 = CIRCLE ( 'NONE', #4516, 0.5999999999999998668 ) ;
#3052 = DIRECTION ( 'NONE',  ( 1.000000000000000000, 0.000000000000000000, 0.000000000000000000 ) ) ;
#3053 = CARTESIAN_POINT ( 'NONE',  ( -0.5413597245712860051, 0.5658004866359794827, 0.3656034584419080580 ) ) ;
#3054 = CARTESIAN_POINT ( 'NONE',  ( -1.358862352668028128, 0.07491028852000491955, 0.07620779895924033320 ) ) ;
#3055 = CARTESIAN_POINT ( 'NONE',  ( -1.300171211909892044, 1.093081969742250692, 0.1492759751810960878 ) ) ;
#3056 = VERTEX_POINT ( 'NONE', #6802 ) ;
#3057 = AXIS2_PLACEMENT_3D ( 'NONE', #3093, #1655, #5876 ) ;
#3058 = CONICAL_SURFACE ( 'NONE', #5253, 0.5900000000000005240, 0.7853981633974346233 ) ;
#3060 = VERTEX_POINT ( 'NONE', #5315 ) ;
#3059 = CC_DESIGN_PERSON_AND_ORGANIZATION_ASSIGNMENT ( #7266, #6625, ( #7719 ) ) ;
#3061 = DIRECTION ( 'NONE',  ( -0.000000000000000000, -0.000000000000000000, 1.000000000000000000 ) ) ;
#3062 = DIRECTION ( 'NONE',  ( 1.000000000000000000, 0.000000000000000000, 0.000000000000000000 ) ) ;
#3063 = CARTESIAN_POINT ( 'NONE',  ( -1.312941454755071735, 0.04565616178923743995, 0.06760611847847521061 ) ) ;
#3064 = CARTESIAN_POINT ( 'NONE',  ( -0.7081792858498809906, 1.082094462373726529, 0.1025265353649850164 ) ) ;
#3065 = AXIS2_PLACEMENT_3D ( 'NONE', #4800, #4114, #607 ) ;
#3066 = ORIENTED_EDGE ( 'NONE', *, *, #1454, .F. ) ;
#3067 = AXIS2_PLACEMENT_3D ( 'NONE', #7460, #7644, #484 ) ;
#3068 = DIRECTION ( 'NONE',  ( 0.000000000000000000, 0.000000000000000000, -1.000000000000000000 ) ) ;
#3069 = CARTESIAN_POINT ( 'NONE',  ( -1.355566477876713805, 1.058990733181603083, 0.1030523842380870053 ) ) ;
#3070 = ADVANCED_FACE ( 'NONE', ( #8097 ), #1312, .T. ) ;
#3071 = ADVANCED_FACE ( 'NONE', ( #3944 ), #5404, .F. ) ;
#3072 = DIRECTION ( 'NONE',  ( 1.000000000000000000, 0.000000000000000000, 0.000000000000000000 ) ) ;
#3073 = VECTOR ( 'NONE', #2263, 39.37007874015748854 ) ;
#3074 = CARTESIAN_POINT ( 'NONE',  ( -1.474588977421597225, 0.5501754866359794827, 0.07119988270054565527 ) ) ;
#3075 = CARTESIAN_POINT ( 'NONE',  ( -1.180585481249338597, 1.142170767523691177, 0.1026912353489878027 ) ) ;
#3076 = CARTESIAN_POINT ( 'NONE',  ( -0.8628742759271023077, -0.01489168937604206516, 0.07980294281644012555 ) ) ;
#3077 = CARTESIAN_POINT ( 'NONE',  ( -1.043103711668560196, -0.03348641395392520925, 0.1404266281101961555 ) ) ;
#3078 = CARTESIAN_POINT ( 'NONE',  ( -0.5972228378753954292, 0.9975570206274819718, 0.1556034584419080935 ) ) ;
#3079 = FACE_BOUND ( 'NONE', #1245, .T. ) ;
#3080 = CARTESIAN_POINT ( 'NONE',  ( -1.505985708823254665, 0.5658004866359795937, 0.1567617795536129510 ) ) ;
#3081 = EDGE_CURVE ( 'NONE', #3689, #4724, #8010, .T. ) ;
#3082 = AXIS2_PLACEMENT_3D ( 'NONE', #8150, #5412, #8844 ) ;
#3083 = CARTESIAN_POINT ( 'NONE',  ( -1.341701887391802739, 1.068314226406241296, 0.1478440896117515779 ) ) ;
#3084 = EDGE_CURVE ( 'NONE', #6212, #6474, #5245, .T. ) ;
#3085 = CARTESIAN_POINT ( 'NONE',  ( -1.013859724571285925, 0.1148004866359794568, 0.08119400962301026592 ) ) ;
#3086 = EDGE_LOOP ( 'NONE', ( #563, #1564, #6370, #664 ) ) ;
#3087 = CIRCLE ( 'NONE', #4842, 0.4510000000000001230 ) ;
#3088 = B_SPLINE_CURVE_WITH_KNOTS ( 'NONE', 3,
 ( #6781, #1936, #5428, #8310, #4787, #1193, #1291, #4149, #2036, #6885, #3448, #7622, #8167, #4006, #1377, #6237, #5562, #8364, #2635, #2081, #7662, #4743, #4190, #1887, #4694, #7475, #500, #3311, #7516, #1236, #6098 ),
 .UNSPECIFIED., .F., .F.,
 ( 4, 1, 2, 2, 2, 2, 1, 2, 2, 1, 1, 2, 2, 1, 1, 1, 2, 2, 4 ),
 ( 0.000000000000000000, 0.03124999999998699651, 0.04687499999998494954, 0.06249999999998290257, 0.1249999999999749645, 0.2499999999999691358, 0.3124999999999626410, 0.3437499999999566458, 0.3749999999999506506, 0.4374999999999453215, 0.4687499999999444888, 0.4843749999999450440, 0.4999999999999455991, 0.6249999999999638067, 0.6874999999999719114, 0.7187499999999760192, 0.7343749999999776845, 0.7499999999999792388, 1.000000000000000000 ),
 .UNSPECIFIED. ) ;
#3089 = CARTESIAN_POINT ( 'NONE',  ( -1.018274654870554574, -0.03418327013619555654, 0.09417470683954379251 ) ) ;
#3090 = CARTESIAN_POINT ( 'NONE',  ( -0.9271200852285347294, 1.159497576921204809, 0.04093907887079673708 ) ) ;
#3091 = DIRECTION ( 'NONE',  ( 1.000000000000000000, 0.000000000000000000, 0.000000000000000000 ) ) ;
#3092 = ORIENTED_EDGE ( 'NONE', *, *, #7777, .T. ) ;
#3093 = CARTESIAN_POINT ( 'NONE',  ( -1.013859724571285925, 0.5658004866359794827, 0.3656034584419080580 ) ) ;
#3094 = DIRECTION ( 'NONE',  ( 0.000000000000000000, 0.000000000000000000, -1.000000000000000000 ) ) ;
#3095 = CARTESIAN_POINT ( 'NONE',  ( -0.9345802812095743706, 1.160540852153325586, 0.005844632074146162079 ) ) ;
#3096 = EDGE_CURVE ( 'NONE', #7755, #4973, #7322, .T. ) ;
#3097 = CARTESIAN_POINT ( 'NONE',  ( -1.226115917064831473, 0.004598821681087604182, 0.08383615711630544587 ) ) ;
#3098 = ORIENTED_EDGE ( 'NONE', *, *, #1811, .F. ) ;
#3099 = EDGE_CURVE ( 'NONE', #767, #700, #6999, .T. ) ;
#3100 = CARTESIAN_POINT ( 'NONE',  ( -0.6985571011219110504, 1.076275039447291970, 0.1103782897263847623 ) ) ;
#3101 = CARTESIAN_POINT ( 'NONE',  ( -0.4856802644666639579, 0.8504541464577853871, 0.1545730966773578297 ) ) ;
#3102 = CARTESIAN_POINT ( 'NONE',  ( -1.013859724571285925, 0.5658004866359794827, 0.3756034584419081224 ) ) ;
#3103 = CARTESIAN_POINT ( 'NONE',  ( -1.035868910038024504, -0.03379592257556877921, 0.1347844280530640648 ) ) ;
#3104 = CARTESIAN_POINT ( 'NONE',  ( -1.298521113932312732, 1.093975454692623250, 0.1494257705646756529 ) ) ;
#3105 = ORIENTED_EDGE ( 'NONE', *, *, #3128, .F. ) ;
#3106 = DIRECTION ( 'NONE',  ( -0.3507229030686437321, 0.9364792818119912488, 0.000000000000000000 ) ) ;
#3107 = CARTESIAN_POINT ( 'NONE',  ( -1.366420071826827787, 1.051291191428569638, 0.1081765286032236040 ) ) ;
#3108 = CARTESIAN_POINT ( 'NONE',  ( -1.298795455458076953, 1.093828334980599060, 0.09486507334374606748 ) ) ;
#3109 = CARTESIAN_POINT ( 'NONE',  ( -1.307196950514193379, 1.089212125402772680, 0.1465314196221062515 ) ) ;
#3110 = ORIENTED_EDGE ( 'NONE', *, *, #5713, .F. ) ;
#3111 = CARTESIAN_POINT ( 'NONE',  ( -0.6987164815420309205, 1.076373436934318528, 0.1144378719582679199 ) ) ;
#3112 = CARTESIAN_POINT ( 'NONE',  ( -1.254779847521590774, 1.115307078368608096, 0.1217573045957542482 ) ) ;
#3113 = PERSON_AND_ORGANIZATION ( #4725, #1851 ) ;
#3114 = DIRECTION ( 'NONE',  ( -0.000000000000000000, -0.000000000000000000, 1.000000000000000000 ) ) ;
#3115 = CARTESIAN_POINT ( 'NONE',  ( -1.220201741549804320, 1.129203515837310157, 0.1077889034703775201 ) ) ;
#3116 = DIRECTION ( 'NONE',  ( 0.4835956622101162949, 0.8752915145776057892, 0.000000000000000000 ) ) ;
#3117 = EDGE_CURVE ( 'NONE', #1534, #7404, #2625, .T. ) ;
#3118 = CARTESIAN_POINT ( 'NONE',  ( -1.013859724571285925, 0.5658004866359794827, -0.07439654155809191649 ) ) ;
#3119 = CARTESIAN_POINT ( 'NONE',  ( -0.4810818938163912706, 0.8417495307134886806, 0.1493596540410380424 ) ) ;
#3120 = CARTESIAN_POINT ( 'NONE',  ( -1.013859724571285925, 0.5658004866359794827, 0.3756034584419081224 ) ) ;
#3121 = CARTESIAN_POINT ( 'NONE',  ( -0.6135595547743883937, 1.012745420672125585, 0.1403750930572927325 ) ) ;
#3122 = CARTESIAN_POINT ( 'NONE',  ( -1.323712582601438648, 0.05199954667255266699, 0.06583463139941476971 ) ) ;
#3123 = CARTESIAN_POINT ( 'NONE',  ( -0.4965956630176154296, 0.5501754866359794827, 0.08849400962301047502 ) ) ;
#3124 = DIRECTION ( 'NONE',  ( 1.000000000000000000, 0.000000000000000000, 0.000000000000000000 ) ) ;
#3125 = CARTESIAN_POINT ( 'NONE',  ( -1.312941454755071735, 0.04565616178923743995, 0.06760611847847521061 ) ) ;
#3126 = ORIENTED_EDGE ( 'NONE', *, *, #2552, .F. ) ;
#3127 = ORIENTED_EDGE ( 'NONE', *, *, #1545, .F. ) ;
#3128 = EDGE_CURVE ( 'NONE', #105, #6286, #3203, .T. ) ;
#3129 = EDGE_CURVE ( 'NONE', #6909, #4372, #1541, .T. ) ;
#3130 = CARTESIAN_POINT ( 'NONE',  ( -0.5690406057876294943, 0.9684615775417765304, 0.1199230069325912112 ) ) ;
#3131 = CARTESIAN_POINT ( 'NONE',  ( -0.9291723119506994921, 1.159793838602286575, 0.02514394554258995995 ) ) ;
#3132 = CARTESIAN_POINT ( 'NONE',  ( -0.9682723565510867880, 1.164066139901308361, 0.04570844151899809693 ) ) ;
#3133 = ORIENTED_EDGE ( 'NONE', *, *, #3624, .T. ) ;
#3134 = CARTESIAN_POINT ( 'NONE',  ( -0.6727219001682599453, 1.059384303997904508, 0.1479111507496004008 ) ) ;
#3135 = CARTESIAN_POINT ( 'NONE',  ( -0.5826302630564839102, 0.9829828826232187566, 0.1025265353649850164 ) ) ;
#3136 = B_SPLINE_CURVE_WITH_KNOTS ( 'NONE', 3,
 ( #2498, #8852, #6048, #8816, #6095, #7298, #8773, #2582, #8905, #3140, #1013, #2632, #5374, #5291, #3913, #1150, #327, #1884, #3963 ),
 .UNSPECIFIED., .F., .F.,
 ( 4, 2, 2, 1, 2, 2, 2, 2, 2, 4 ),
 ( 0.000000000000000000, 0.1249999999999735212, 0.1874999999999595601, 0.2499999999999455991, 0.3749999999999547029, 0.4999999999999638067, 0.6249999999999727995, 0.7499999999999819034, 0.8749999999999908962, 1.000000000000000000 ),
 .UNSPECIFIED. ) ;
#3137 = DIRECTION ( 'NONE',  ( 0.000000000000000000, 0.000000000000000000, 1.000000000000000000 ) ) ;
#3138 = LINE ( 'NONE', #1147, #5975 ) ;
#3139 = ORIENTED_EDGE ( 'NONE', *, *, #1484, .T. ) ;
#3140 = CARTESIAN_POINT ( 'NONE',  ( -1.332465575807719071, 1.074220141040241661, 0.1290310394441827879 ) ) ;
#3141 = CARTESIAN_POINT ( 'NONE',  ( -1.312671435741521231, 0.04549872520716805036, 0.1138132207756972075 ) ) ;
#3142 = CARTESIAN_POINT ( 'NONE',  ( -1.235911631481037221, 1.123198885720588569, 0.1214977058119284803 ) ) ;
#3143 = CYLINDRICAL_SURFACE ( 'NONE', #7297, 0.5040000000000000036 ) ;
#3144 = DIRECTION ( 'NONE',  ( -0.7682213016027065189, 0.000000000000000000, -0.6401843732580820845 ) ) ;
#3145 = VERTEX_POINT ( 'NONE', #6404 ) ;
#3146 = CARTESIAN_POINT ( 'NONE',  ( -1.439303725252594868, 0.9888862859980388498, 0.1191451251085747925 ) ) ;
#3147 = CARTESIAN_POINT ( 'NONE',  ( -1.013859724571285925, 0.5501754866359795937, 0.09619400962301037639 ) ) ;
#3148 = DIRECTION ( 'NONE',  ( 0.000000000000000000, -1.000000000000000000, 0.000000000000000000 ) ) ;
#3149 = VERTEX_POINT ( 'NONE', #3527 ) ;
#3150 = CARTESIAN_POINT ( 'NONE',  ( -0.7013793914308696920, 1.078007928136913929, 0.1195866641613379799 ) ) ;
#3151 = CARTESIAN_POINT ( 'NONE',  ( -1.259761839011912299, 0.01849622588387893687, 0.1451571309071172378 ) ) ;
#3152 = B_SPLINE_CURVE_WITH_KNOTS ( 'NONE', 3,
 ( #8498, #3640, #4489, #6330, #5899, #7270, #5650, #2473, #987, #4324, #2225, #5703, #100, #7757, #2910, #6628, #54, #149, #1728, #1518, #2428, #5180, #4538, #2954, #8047, #2175, #5267, #3804 ),
 .UNSPECIFIED., .F., .F.,
 ( 4, 2, 2, 1, 1, 2, 2, 2, 1, 1, 2, 2, 1, 1, 2, 2, 4 ),
 ( 0.000000000000000000, 0.2500000000000023315, 0.3749999999999988343, 0.4374999999999971689, 0.4687500000000012212, 0.4843749999999987788, 0.4999999999999963918, 0.6249999999999928946, 0.6874999999999912292, 0.7187499999999924505, 0.7343749999999916733, 0.7499999999999907851, 0.8124999999999906741, 0.8437499999999916733, 0.8593749999999921174, 0.8749999999999925615, 1.000000000000000000 ),
 .UNSPECIFIED. ) ;
#3153 = CARTESIAN_POINT ( 'NONE',  ( -0.5098597245712859216, 0.5658004866359794827, 0.1956034584419080458 ) ) ;
#3154 = CARTESIAN_POINT ( 'NONE',  ( -1.474594853875531797, 0.5501754866359794827, 0.07119400962301104807 ) ) ;
#3155 = B_SPLINE_CURVE_WITH_KNOTS ( 'NONE', 3,
 ( #5464, #9044, #3307, #2815, #6093, #677, #4782, #7569, #1284, #2631 ),
 .UNSPECIFIED., .F., .F.,
 ( 4, 2, 2, 2, 4 ),
 ( 0.000000000000000000, 0.2500000000000000000, 0.5000000000000000000, 0.7500000000000000000, 1.000000000000000000 ),
 .UNSPECIFIED. ) ;
#3156 = DIRECTION ( 'NONE',  ( -0.000000000000000000, -0.000000000000000000, 1.000000000000000000 ) ) ;
#3157 = CARTESIAN_POINT ( 'NONE',  ( -0.9065387840372760575, -0.02452394056444774650, 0.03803673416764525445 ) ) ;
#3158 = CARTESIAN_POINT ( 'NONE',  ( -0.4813609685760510959, 0.8422876775412901917, 0.1494136932804957241 ) ) ;
#3159 = CARTESIAN_POINT ( 'NONE',  ( -1.312361723261038282, 0.04532037196514331762, 0.09814820499330940973 ) ) ;
#3160 = CARTESIAN_POINT ( 'NONE',  ( -1.300162645113811744, 0.03851433262994911205, 0.1452338005478190919 ) ) ;
#3161 = CARTESIAN_POINT ( 'NONE',  ( -1.521119134907851445, 0.5501754866359794827, 0.07119400962301104807 ) ) ;
#3162 = CARTESIAN_POINT ( 'NONE',  ( -1.164078396210324051, 1.146691489004855180, 0.1147257379423685525 ) ) ;
#3163 = CARTESIAN_POINT ( 'NONE',  ( -1.043922335572141646, 1.165046879549454628, 0.004711531358574759867 ) ) ;
#3164 = ADVANCED_FACE ( 'NONE', ( #133 ), #2939, .F. ) ;
#3165 = AXIS2_PLACEMENT_3D ( 'NONE', #6834, #8267, #4649 ) ;
#3166 = FACE_OUTER_BOUND ( 'NONE', #8502, .T. ) ;
#3167 = EDGE_LOOP ( 'NONE', ( #3663, #808, #3867, #1296, #4988 ) ) ;
#3168 = CC_DESIGN_PERSON_AND_ORGANIZATION_ASSIGNMENT ( #4656, #429, ( #7719 ) ) ;
#3169 = VERTEX_POINT ( 'NONE', #9076 ) ;
#3170 = CARTESIAN_POINT ( 'NONE',  ( -1.355994685640320219, 1.058693686053785221, 0.1175552395248555815 ) ) ;
#3171 = CARTESIAN_POINT ( 'NONE',  ( -1.181613054662104423, 1.141872379628856349, 0.09570211866160509284 ) ) ;
#3172 = CARTESIAN_POINT ( 'NONE',  ( -0.9478378056059695300, 1.162157477402165906, 0.005186755145631551447 ) ) ;
#3173 = VECTOR ( 'NONE', #378, 39.37007874015748143 ) ;
#3174 = ORIENTED_EDGE ( 'NONE', *, *, #1843, .T. ) ;
#3175 = CARTESIAN_POINT ( 'NONE',  ( -1.367827017426517910, 1.050266426408248632, 0.1409530162040856516 ) ) ;
#3176 = CARTESIAN_POINT ( 'NONE',  ( -0.5768889307146840562, 0.9769653764164616394, 0.1032690968590275205 ) ) ;
#3177 = EDGE_CURVE ( 'NONE', #3862, #826, #5807, .T. ) ;
#3178 = CARTESIAN_POINT ( 'NONE',  ( -0.9271418545703501435, 1.159501765981784116, 0.009891538773324690809 ) ) ;
#3179 = EDGE_CURVE ( 'NONE', #4864, #7681, #3731, .T. ) ;
#3180 = EDGE_CURVE ( 'NONE', #1012, #853, #7437, .T. ) ;
#3181 = CIRCLE ( 'NONE', #7702, 0.5999999999999999778 ) ;
#3182 = DIRECTION ( 'NONE',  ( 0.000000000000000000, 0.000000000000000000, -1.000000000000000000 ) ) ;
#3183 = ORIENTED_EDGE ( 'NONE', *, *, #3188, .T. ) ;
#3184 = CARTESIAN_POINT ( 'NONE',  ( -0.8664665100415810395, -0.01581472192305653085, 0.1113758565539302026 ) ) ;
#3185 = CARTESIAN_POINT ( 'NONE',  ( -0.4817018035229067019, 0.8429429537273055439, 0.1563726892111388656 ) ) ;
#3186 = CARTESIAN_POINT ( 'NONE',  ( -1.203850033456510094, -0.003324879632030892668, 0.1336924820605659703 ) ) ;
#3187 = CARTESIAN_POINT ( 'NONE',  ( -1.272570022358282094, 1.107158951179880280, 0.1203228811219370226 ) ) ;
#3188 = EDGE_CURVE ( 'NONE', #3447, #5617, #3022, .T. ) ;
#3189 = CARTESIAN_POINT ( 'NONE',  ( -1.089365547000972212, 1.161030585655859815, 0.04826872286498498643 ) ) ;
#3190 = EDGE_LOOP ( 'NONE', ( #3897, #5162 ) ) ;
#3191 = CIRCLE ( 'NONE', #1271, 0.5999999999999998668 ) ;
#3192 = AXIS2_PLACEMENT_3D ( 'NONE', #2611, #4078, #1354 ) ;
#3193 = CARTESIAN_POINT ( 'NONE',  ( -1.338383522785833613, 0.06113717008578628542, 0.08249954778276757938 ) ) ;
#3194 = CIRCLE ( 'NONE', #4370, 0.5175000000000000711 ) ;
#3195 = CYLINDRICAL_SURFACE ( 'NONE', #8635, 0.5999999999999998668 ) ;
#3196 = CARTESIAN_POINT ( 'NONE',  ( -1.268291752510410486, 0.02241816896380456614, 0.08585835646463021997 ) ) ;
#3197 = VERTEX_POINT ( 'NONE', #6454 ) ;
#3198 = CARTESIAN_POINT ( 'NONE',  ( -1.340771493452671770, 0.06268047293417261523, 0.07890246548241829083 ) ) ;
#3199 = CARTESIAN_POINT ( 'NONE',  ( -1.435204022466578966, 0.9929643991582141060, 0.1040041950152636174 ) ) ;
#3200 = AXIS2_PLACEMENT_3D ( 'NONE', #1958, #2657, #4718 ) ;
#3201 = CARTESIAN_POINT ( 'NONE',  ( -0.9168029213472219663, 1.157898432036844172, 0.04570844151899809693 ) ) ;
#3202 = CARTESIAN_POINT ( 'NONE',  ( -1.219853159454775238, 1.129331060071612880, 0.1102357046307084615 ) ) ;
#3203 = CIRCLE ( 'NONE', #3794, 0.5999999999999999778 ) ;
#3204 = CARTESIAN_POINT ( 'NONE',  ( -1.013859724571285925, 0.5658004866359794827, 0.1125265353649850114 ) ) ;
#3205 = CARTESIAN_POINT ( 'NONE',  ( -0.9194100232701432063, -0.02672087489225701343, 0.04488078552706622343 ) ) ;
#3206 = CARTESIAN_POINT ( 'NONE',  ( -1.467626869410854074, 0.5434505453191931235, 0.1028908643873599482 ) ) ;
#3207 = CARTESIAN_POINT ( 'NONE',  ( -1.314739265271218427, 0.04668051076089922008, 0.09886142943125213189 ) ) ;
#3208 = ORIENTED_EDGE ( 'NONE', *, *, #5420, .T. ) ;
#3209 = CARTESIAN_POINT ( 'NONE',  ( -1.285212279552510495, 0.03066705363607050844, 0.06399876252361932916 ) ) ;
#3210 = CARTESIAN_POINT ( 'NONE',  ( -1.327642481060161694, 0.05439026396781798667, 0.06939948731059017439 ) ) ;
#3211 = CARTESIAN_POINT ( 'NONE',  ( -1.361316939704789286, 1.054956378928100680, 0.1375990304297118327 ) ) ;
#3212 = CARTESIAN_POINT ( 'NONE',  ( -1.330366775336423002, 0.05607179303613279986, 0.1203634656756764065 ) ) ;
#3213 = B_SPLINE_CURVE_WITH_KNOTS ( 'NONE', 3,
 ( #6903, #1125, #3943, #615, #6723, #3425, #5352, #2054, #8339, #5537, #9023, #6213, #2745, #2633, #551, #8261, #3407, #7572, #7620, #6965 ),
 .UNSPECIFIED., .F., .F.,
 ( 4, 2, 1, 1, 1, 2, 2, 2, 1, 2, 2, 4 ),
 ( 0.000000000000000000, 0.1249999999998411826, 0.1874999999997818689, 0.2187499999997563893, 0.2343749999997433997, 0.2421874999997447597, 0.2499999999997460920, 0.3749999999998588351, 0.4374999999998955280, 0.4687499999999139022, 0.4999999999999322764, 1.000000000000000000 ),
 .UNSPECIFIED. ) ;
#3214 = AXIS2_PLACEMENT_3D ( 'NONE', #7348, #8783, #7989 ) ;
#3215 = FACE_OUTER_BOUND ( 'NONE', #7629, .T. ) ;
#3216 = VERTEX_POINT ( 'NONE', #979 ) ;
#3217 = VERTEX_POINT ( 'NONE', #8042 ) ;
#3218 = CARTESIAN_POINT ( 'NONE',  ( -0.8070022027874694803, 0.002586525799196123451, 0.03554692555714249885 ) ) ;
#3219 = CARTESIAN_POINT ( 'NONE',  ( -0.9546743449079584387, 1.162874279654413145, 0.06924038379642653840 ) ) ;
#3220 = AXIS2_PLACEMENT_3D ( 'NONE', #2756, #3396, #6320 ) ;
#3221 = CARTESIAN_POINT ( 'NONE',  ( -0.9675277857270317972, 1.164008944441490945, 0.03265152791139182969 ) ) ;
#3222 = VERTEX_POINT ( 'NONE', #3112 ) ;
#3223 = CARTESIAN_POINT ( 'NONE',  ( -1.425832101932610785, 1.002082293601604723, 0.1156034584419081135 ) ) ;
#3224 = CARTESIAN_POINT ( 'NONE',  ( -1.143038769385053000, -0.02012849744059156190, 0.1069905618743332287 ) ) ;
#3225 = CARTESIAN_POINT ( 'NONE',  ( -0.8439141489453534373, -0.009629476906059078120, 0.05676583397982693652 ) ) ;
#3226 = CIRCLE ( 'NONE', #8350, 0.5174999999999999600 ) ;
#3227 = CARTESIAN_POINT ( 'NONE',  ( -1.517859724571285707, 0.5658004866359795937, -0.05707603348240248425 ) ) ;
#3228 = ORIENTED_EDGE ( 'NONE', *, *, #8968, .F. ) ;
#3229 = CARTESIAN_POINT ( 'NONE',  ( -1.231278033645095027, 1.125022516673678918, 0.1429351892111388744 ) ) ;
#3230 = ADVANCED_FACE ( 'NONE', ( #4401, #5936 ), #5176, .T. ) ;
#3231 = CARTESIAN_POINT ( 'NONE',  ( -1.013859724571285925, 0.5658004866359794827, 0.04100553047936803669 ) ) ;
#3232 = CARTESIAN_POINT ( 'NONE',  ( -0.8338223048096410350, 1.138152238171317387, 0.09560345844190808184 ) ) ;
#3233 = CARTESIAN_POINT ( 'NONE',  ( -1.248545043215812944, 0.01360233269781521703, 0.1183753219856936989 ) ) ;
#3234 = DIRECTION ( 'NONE',  ( -0.000000000000000000, -0.000000000000000000, 1.000000000000000000 ) ) ;
#3235 = ORIENTED_EDGE ( 'NONE', *, *, #1767, .F. ) ;
#3236 = CARTESIAN_POINT ( 'NONE',  ( -0.7021602404135095510, 1.078483530298014692, 0.1296417395474185330 ) ) ;
#3237 = CARTESIAN_POINT ( 'NONE',  ( -1.374947894166431261, 1.044982430457956912, 0.1351436892526895195 ) ) ;
#3238 = ADVANCED_FACE ( 'NONE', ( #5896, #1723 ), #6534, .F. ) ;
#3239 = ORIENTED_EDGE ( 'NONE', *, *, #6302, .T. ) ;
#3240 = CARTESIAN_POINT ( 'NONE',  ( -1.327799892339458276, 0.05448691253326547190, 0.07048608590202362634 ) ) ;
#3241 = CARTESIAN_POINT ( 'NONE',  ( -1.013859724571285925, 0.5658004866359794827, 0.1068287859264676065 ) ) ;
#3242 = APPROVAL_DATE_TIME ( #1026, #5341 ) ;
#3243 = FACE_OUTER_BOUND ( 'NONE', #6562, .T. ) ;
#3244 = CARTESIAN_POINT ( 'NONE',  ( -0.5689463851464274802, 0.9683574857850989481, 0.1290226983498111712 ) ) ;
#3245 = DIRECTION ( 'NONE',  ( 0.5579699413750481840, 0.8298611597863374545, 0.000000000000000000 ) ) ;
#3246 = CARTESIAN_POINT ( 'NONE',  ( -0.9406163395031430507, -0.02971223935612427730, 0.08430469856260303096 ) ) ;
#3247 = CARTESIAN_POINT ( 'NONE',  ( -1.013859724571285925, 0.5658004866359794827, 0.09560345844190808184 ) ) ;
#3248 = CARTESIAN_POINT ( 'NONE',  ( -0.9993636923474977785, -0.03402943408309939965, 0.03555021998752311979 ) ) ;
#3249 = VERTEX_POINT ( 'NONE', #4483 ) ;
#3250 = CARTESIAN_POINT ( 'NONE',  ( -1.013859724571285925, 0.5658004866359794827, 0.1486803815188311728 ) ) ;
#3251 = CARTESIAN_POINT ( 'NONE',  ( -1.288864666134964754, 0.03253472524305539570, 0.09143572950574850589 ) ) ;
#3252 = CARTESIAN_POINT ( 'NONE',  ( -1.164177315450686478, 1.146665895664125578, 0.1156798051675088090 ) ) ;
#3253 = CARTESIAN_POINT ( 'NONE',  ( -1.311985856899777092, 0.04510783385070851054, 0.07340777622099622923 ) ) ;
#3254 = EDGE_CURVE ( 'NONE', #2246, #676, #3751, .T. ) ;
#3255 = DIRECTION ( 'NONE',  ( -0.000000000000000000, -0.000000000000000000, 1.000000000000000000 ) ) ;
#3256 = ORIENTED_EDGE ( 'NONE', *, *, #3920, .F. ) ;
#3257 = VERTEX_POINT ( 'NONE', #5215 ) ;
#3258 = CARTESIAN_POINT ( 'NONE',  ( -1.350493407459495643, 1.062468156985453493, 0.1197845837889204429 ) ) ;
#3259 = CYLINDRICAL_SURFACE ( 'NONE', #3082, 0.5999999999999998668 ) ;
#3260 = CARTESIAN_POINT ( 'NONE',  ( -0.9616659419865523084, 1.163527700922115660, 0.01435192633917248967 ) ) ;
#3261 = ORIENTED_EDGE ( 'NONE', *, *, #4080, .F. ) ;
#3262 = CARTESIAN_POINT ( 'NONE',  ( -0.9565284265243675366, 1.163055206014657506, 0.02824612019264607921 ) ) ;
#3263 = CARTESIAN_POINT ( 'NONE',  ( -1.317821302942629780, 0.04849268766712452883, 0.1163700113352243715 ) ) ;
#3264 = CARTESIAN_POINT ( 'NONE',  ( -0.8344023601642217569, -0.006733402673419456794, 0.08800975873105609804 ) ) ;
#3265 = FACE_OUTER_BOUND ( 'NONE', #4400, .T. ) ;
#3266 = ORIENTED_EDGE ( 'NONE', *, *, #3658, .T. ) ;
#3267 = CARTESIAN_POINT ( 'NONE',  ( -0.7047557573011598020, 1.080054764628495922, 0.1027960316440345995 ) ) ;
#3268 = DIRECTION ( 'NONE',  ( 1.000000000000000000, 0.000000000000000000, 0.000000000000000000 ) ) ;
#3269 = CARTESIAN_POINT ( 'NONE',  ( -1.228998960378931304, 1.125903351016168452, 0.1171915770498807435 ) ) ;
#3270 = DIRECTION ( 'NONE',  ( 0.000000000000000000, -1.000000000000000000, 0.000000000000000000 ) ) ;
#3271 = CARTESIAN_POINT ( 'NONE',  ( -1.013859724571285925, 0.5658004866359794827, 0.2706034573935184873 ) ) ;
#3272 = VERTEX_POINT ( 'NONE', #5136 ) ;
#3273 = ORIENTED_EDGE ( 'NONE', *, *, #8149, .F. ) ;
#3274 = CARTESIAN_POINT ( 'NONE',  ( -1.376321680701208860, 1.043945279435889661, 0.1305628874426353059 ) ) ;
#3275 = ORIENTED_EDGE ( 'NONE', *, *, #5729, .T. ) ;
#3276 = CARTESIAN_POINT ( 'NONE',  ( -0.9133984843007660892, 1.157330316148666549, 0.08560345844190808684 ) ) ;
#3277 = DIRECTION ( 'NONE',  ( 0.000000000000000000, 0.000000000000000000, 1.000000000000000000 ) ) ;
#3278 = EDGE_CURVE ( 'NONE', #5157, #1355, #8077, .T. ) ;
#3279 = EDGE_CURVE ( 'NONE', #5037, #6020, #4388, .T. ) ;
#3280 = CARTESIAN_POINT ( 'NONE',  ( -1.414105796549966598, 1.012793866749865046, 0.1556034584419080935 ) ) ;
#3281 = CARTESIAN_POINT ( 'NONE',  ( -1.037312059005413012, -0.03374099483931402438, 0.03554692555714249885 ) ) ;
#3282 = CARTESIAN_POINT ( 'NONE',  ( -1.286692215955973273, 1.100181677690666104, 0.1537513978710919327 ) ) ;
#3283 = CARTESIAN_POINT ( 'NONE',  ( -1.284554470060289777, 0.03033394919536955628, 0.09422718380327609056 ) ) ;
#3284 = DIRECTION ( 'NONE',  ( 0.000000000000000000, 0.000000000000000000, -1.000000000000000000 ) ) ;
#3285 = CARTESIAN_POINT ( 'NONE',  ( -0.5716182711505651826, 0.9712911954138252479, 0.09854822756673801976 ) ) ;
#3286 = CARTESIAN_POINT ( 'NONE',  ( -1.035610787706220837, -0.03380512657366248341, 0.06148264456719093607 ) ) ;
#3287 = VERTEX_POINT ( 'NONE', #4573 ) ;
#3288 = CARTESIAN_POINT ( 'NONE',  ( -1.329481577885612831, 0.05552100953178829706, 0.03978455888643613048 ) ) ;
#3289 = DIRECTION ( 'NONE',  ( -1.000000000000000000, 0.000000000000000000, 0.000000000000000000 ) ) ;
#3290 = CARTESIAN_POINT ( 'NONE',  ( -0.5635944265229161365, 0.5400679901886433765, 0.08119400962301039082 ) ) ;
#3291 = DIRECTION ( 'NONE',  ( -0.000000000000000000, -0.000000000000000000, 1.000000000000000000 ) ) ;
#3292 = CARTESIAN_POINT ( 'NONE',  ( -0.4892773073073590218, 0.8570277163594732794, 0.1460257238034535776 ) ) ;
#3293 = VERTEX_POINT ( 'NONE', #898 ) ;
#3294 = ORIENTED_EDGE ( 'NONE', *, *, #1209, .F. ) ;
#3295 = EDGE_CURVE ( 'NONE', #1590, #7755, #3942, .T. ) ;
#3296 = CARTESIAN_POINT ( 'NONE',  ( -0.5180293493020053930, 0.9036668194009123134, 0.1017380044234593578 ) ) ;
#3297 = CARTESIAN_POINT ( 'NONE',  ( -0.9576045000915863747, 1.163157456813921797, 0.05540169564201048724 ) ) ;
#3298 = CARTESIAN_POINT ( 'NONE',  ( -1.013859724571285925, 0.5658004866359794827, 0.3756034584419081224 ) ) ;
#3299 = ORIENTED_EDGE ( 'NONE', *, *, #7562, .F. ) ;
#3300 = CARTESIAN_POINT ( 'NONE',  ( -0.9586035757051374340, 1.163250709211647083, 0.08079810784612985464 ) ) ;
#3301 = CARTESIAN_POINT ( 'NONE',  ( -1.471114560202579691, 0.5468194266794446090, 0.07455855284874003674 ) ) ;
#3302 = CARTESIAN_POINT ( 'NONE',  ( -1.100668363488248147, 1.159487491891597610, 0.08560345844190808684 ) ) ;
#3303 = CARTESIAN_POINT ( 'NONE',  ( -0.9693639412439716274, -0.03254734303008399027, 0.1054848011288119503 ) ) ;
#3304 = ORIENTED_EDGE ( 'NONE', *, *, #920, .T. ) ;
#3305 = AXIS2_PLACEMENT_3D ( 'NONE', #8000, #7105, #5220 ) ;
#3306 = AXIS2_PLACEMENT_3D ( 'NONE', #5552, #1367, #7015 ) ;
#3307 = CARTESIAN_POINT ( 'NONE',  ( -0.5183205428742142518, 0.9040932365829245088, 0.1107675399425509521 ) ) ;
#3308 = CARTESIAN_POINT ( 'NONE',  ( -0.7032353695407277394, 1.079135464870514483, 0.1033973770918612950 ) ) ;
#3309 = CARTESIAN_POINT ( 'NONE',  ( -1.013859724571285925, 0.5658004866359794827, 0.1371419199803696476 ) ) ;
#3310 = VERTEX_POINT ( 'NONE', #3881 ) ;
#3311 = CARTESIAN_POINT ( 'NONE',  ( -0.9274071335477581668, 1.159539444149521259, 0.05567939424342534249 ) ) ;
#3312 = CARTESIAN_POINT ( 'NONE',  ( -1.230918958943477026, 1.125162364584626484, 0.1195866641613864551 ) ) ;
#3313 = CARTESIAN_POINT ( 'NONE',  ( -1.295037887626842243, 1.095837249455004825, 0.1019422423480308565 ) ) ;
#3314 = CARTESIAN_POINT ( 'NONE',  ( -1.329425360343500451, 0.05548843835011126741, 0.1114792089923021257 ) ) ;
#3315 = CIRCLE ( 'NONE', #5949, 0.5175000000000000711 ) ;
#3316 = ORIENTED_EDGE ( 'NONE', *, *, #7640, .T. ) ;
#3317 = B_SPLINE_CURVE_WITH_KNOTS ( 'NONE', 3,
 ( #3006, #110, #5756, #8550 ),
 .UNSPECIFIED., .F., .F.,
 ( 4, 4 ),
 ( 0.000000000000000000, 0.0004483214460237749943 ),
 .UNSPECIFIED. ) ;
#3318 = ORIENTED_EDGE ( 'NONE', *, *, #5864, .F. ) ;
#3319 = CARTESIAN_POINT ( 'NONE',  ( -1.179679178052809085, 1.142432005759837832, 0.08560345844190808684 ) ) ;
#3320 = AXIS2_PLACEMENT_3D ( 'NONE', #8910, #8729, #3916 ) ;
#3321 = ORIENTED_EDGE ( 'NONE', *, *, #6010, .F. ) ;
#3322 = CARTESIAN_POINT ( 'NONE',  ( -0.8685501751699269413, -0.01633905224215290164, 0.06641280326646208099 ) ) ;
#3323 = CARTESIAN_POINT ( 'NONE',  ( -1.436809259883075063, 0.9913750384212363098, 0.1105294611804041593 ) ) ;
#3324 = CONICAL_SURFACE ( 'NONE', #3067, 0.4610000000000000764, 0.7853981633974517207 ) ;
#3325 = CIRCLE ( 'NONE', #2017, 0.4724999999999999201 ) ;
#3326 = ORIENTED_EDGE ( 'NONE', *, *, #7877, .F. ) ;
#3327 = EDGE_CURVE ( 'NONE', #6438, #1283, #7530, .T. ) ;
#3328 = CARTESIAN_POINT ( 'NONE',  ( -1.013859724571285925, 0.5658004866359794827, 0.06719990085114159462 ) ) ;
#3329 = DIRECTION ( 'NONE',  ( -0.004216314179714753148, 0.9999911113078645553, 0.000000000000000000 ) ) ;
#3330 = CARTESIAN_POINT ( 'NONE',  ( -1.277123779003242143, 0.02664184797380636863, 0.08543258350293887748 ) ) ;
#3331 = DIRECTION ( 'NONE',  ( 0.000000000000000000, -1.000000000000000000, 0.000000000000000000 ) ) ;
#3332 = EDGE_CURVE ( 'NONE', #4292, #2187, #8172, .T. ) ;
#3333 = CARTESIAN_POINT ( 'NONE',  ( -0.5745694143263745390, 0.9744865216845074452, 0.09679557990425553815 ) ) ;
#3334 = AXIS2_PLACEMENT_3D ( 'NONE', #8975, #2698, #5486 ) ;
#3335 = CARTESIAN_POINT ( 'NONE',  ( -1.362211729441999974, 1.054319576290159599, 0.1221506881096513231 ) ) ;
#3336 = ORIENTED_EDGE ( 'NONE', *, *, #2953, .T. ) ;
#3337 = EDGE_CURVE ( 'NONE', #8452, #2321, #4935, .T. ) ;
#3338 = CARTESIAN_POINT ( 'NONE',  ( -1.332315734314973854, 0.05728681225298067753, 0.04050996253953879217 ) ) ;
#3339 = PLANE ( 'NONE',  #6411 ) ;
#3340 = CARTESIAN_POINT ( 'NONE',  ( -0.9066183441144202160, -0.02453786384610057159, 0.1124622358582209325 ) ) ;
#3341 = ORIENTED_EDGE ( 'NONE', *, *, #7555, .F. ) ;
#3342 = EDGE_CURVE ( 'NONE', #7481, #5435, #1803, .T. ) ;
#3343 = VERTEX_POINT ( 'NONE', #4063 ) ;
#3344 = CIRCLE ( 'NONE', #1129, 0.5175000000000000711 ) ;
#3345 = CARTESIAN_POINT ( 'NONE',  ( -1.302823273983723995, 1.091635377688178199, 0.1025412004659888854 ) ) ;
#3346 = ORIENTED_EDGE ( 'NONE', *, *, #472, .F. ) ;
#3347 = VERTEX_POINT ( 'NONE', #1112 ) ;
#3348 = CARTESIAN_POINT ( 'NONE',  ( -1.350015828072922641, 0.06880973612966585773, 0.1315222564652414605 ) ) ;
#3349 = CARTESIAN_POINT ( 'NONE',  ( -0.9563753357708054681, 1.163040435429838704, 0.06410410602029162352 ) ) ;
#3350 = CARTESIAN_POINT ( 'NONE',  ( -1.360573625108511431, 0.07611745530421822059, 0.1117637923166142216 ) ) ;
#3351 = ORIENTED_EDGE ( 'NONE', *, *, #8027, .T. ) ;
#3352 = EDGE_CURVE ( 'NONE', #5696, #4419, #2031, .T. ) ;
#3353 = CYLINDRICAL_SURFACE ( 'NONE', #2024, 0.5999999999999998668 ) ;
#3354 = FACE_BOUND ( 'NONE', #3515, .T. ) ;
#3355 = CIRCLE ( 'NONE', #4530, 0.5999999999999999778 ) ;
#3356 = CARTESIAN_POINT ( 'NONE',  ( -1.013859724571285925, 0.5658004866359794827, 0.1511940096230103281 ) ) ;
#3357 = CARTESIAN_POINT ( 'NONE',  ( -1.279902530541978667, 1.103593407990171915, 0.1274908463609015496 ) ) ;
#3358 = ORIENTED_EDGE ( 'NONE', *, *, #1739, .F. ) ;
#3359 = CIRCLE ( 'NONE', #5124, 0.4921259842519685179 ) ;
#3360 = FACE_OUTER_BOUND ( 'NONE', #5169, .T. ) ;
#3361 = EDGE_CURVE ( 'NONE', #4764, #4879, #6022, .T. ) ;
#3362 = CARTESIAN_POINT ( 'NONE',  ( -1.339778497498382404, 1.069563532222577384, 0.1064193434772128105 ) ) ;
#3363 = DIRECTION ( 'NONE',  ( -0.000000000000000000, -0.000000000000000000, 1.000000000000000000 ) ) ;
#3364 = ORIENTED_EDGE ( 'NONE', *, *, #5530, .F. ) ;
#3365 = CARTESIAN_POINT ( 'NONE',  ( -0.5731583589402312606, 0.9729646447996006531, 0.1450018012285979041 ) ) ;
#3366 = CARTESIAN_POINT ( 'NONE',  ( -1.227840975147492575, 1.126346687814246295, 0.1136944431405617489 ) ) ;
#3367 = ADVANCED_FACE ( 'NONE', ( #1848 ), #3378, .T. ) ;
#3368 = CARTESIAN_POINT ( 'NONE',  ( -1.295425521801309765, 1.095631372241546053, 0.1018879298179480725 ) ) ;
#3369 = VECTOR ( 'NONE', #5107, 39.37007874015748143 ) ;
#3370 = CARTESIAN_POINT ( 'NONE',  ( -1.329625981064713525, 1.075988365029936222, 0.1385722084419080957 ) ) ;
#3371 = EDGE_CURVE ( 'NONE', #2584, #7285, #468, .T. ) ;
#3372 = ORIENTED_EDGE ( 'NONE', *, *, #8625, .T. ) ;
#3373 = ORIENTED_EDGE ( 'NONE', *, *, #1713, .T. ) ;
#3374 = AXIS2_PLACEMENT_3D ( 'NONE', #4176, #1407, #768 ) ;
#3375 = CYLINDRICAL_SURFACE ( 'NONE', #8739, 0.5999999999999998668 ) ;
#3376 = ORIENTED_EDGE ( 'NONE', *, *, #1368, .T. ) ;
#3377 = CARTESIAN_POINT ( 'NONE',  ( -0.8671638653247768502, -0.01599020306432642757, 0.06857209608188989669 ) ) ;
#3378 = CYLINDRICAL_SURFACE ( 'NONE', #6267, 0.5999999999999998668 ) ;
#3379 = B_SPLINE_CURVE_WITH_KNOTS ( 'NONE', 3,
 ( #1651, #6553, #5060, #3724 ),
 .UNSPECIFIED., .F., .F.,
 ( 4, 4 ),
 ( 0.000000000000000000, 0.0004483214460237710370 ),
 .UNSPECIFIED. ) ;
#3380 = ORIENTED_EDGE ( 'NONE', *, *, #2504, .F. ) ;
#3381 = CARTESIAN_POINT ( 'NONE',  ( -1.322399862653043323, 1.080390598465277963, 0.1263967276726773448 ) ) ;
#3382 = CARTESIAN_POINT ( 'NONE',  ( -1.159636708371081903, -0.01622105162032408052, 0.06719990085114159462 ) ) ;
#3383 = LINE ( 'NONE', #518, #230 ) ;
#3384 = CARTESIAN_POINT ( 'NONE',  ( -1.386067386278939439, 1.036397469474857891, 0.1477061281958935712 ) ) ;
#3385 = FACE_OUTER_BOUND ( 'NONE', #4868, .T. ) ;
#3386 = ORIENTED_EDGE ( 'NONE', *, *, #8230, .T. ) ;
#3387 = DIRECTION ( 'NONE',  ( 0.000000000000000000, 0.000000000000000000, -1.000000000000000000 ) ) ;
#3388 = CARTESIAN_POINT ( 'NONE',  ( -1.284394212041656935, 0.03025290587071307810, 0.08478855978730559517 ) ) ;
#3389 = CARTESIAN_POINT ( 'NONE',  ( -0.9068239559303440389, -0.02457515622118722209, 0.1121259677057847015 ) ) ;
#3390 = ORIENTED_EDGE ( 'NONE', *, *, #4360, .F. ) ;
#3391 = CARTESIAN_POINT ( 'NONE',  ( -1.314048906294672969, 1.085306469000154372, 0.1158898283338735263 ) ) ;
#3392 = ORIENTED_EDGE ( 'NONE', *, *, #1545, .T. ) ;
#3393 = EDGE_CURVE ( 'NONE', #4676, #1235, #3977, .T. ) ;
#3394 = VERTEX_POINT ( 'NONE', #8179 ) ;
#3395 = CARTESIAN_POINT ( 'NONE',  ( -1.171797683877047191, -0.01303938846794901359, 0.1069905618743332287 ) ) ;
#3396 = DIRECTION ( 'NONE',  ( -0.000000000000000000, -0.000000000000000000, 1.000000000000000000 ) ) ;
#3397 = CARTESIAN_POINT ( 'NONE',  ( -1.388394869350032756, 1.034547156315156480, 0.1282692921910031092 ) ) ;
#3398 = ORIENTED_EDGE ( 'NONE', *, *, #261, .F. ) ;
#3399 = CARTESIAN_POINT ( 'NONE',  ( -0.9581147518580167555, 1.163205308527926141, 0.08124127277241491307 ) ) ;
#3400 = CARTESIAN_POINT ( 'NONE',  ( -1.013859724571285925, 0.5658004866359794827, 0.08849400962301035012 ) ) ;
#3401 = CARTESIAN_POINT ( 'NONE',  ( -0.9643865184276231295, 1.163757354622890761, 0.07155273421767957553 ) ) ;
#3402 = CARTESIAN_POINT ( 'NONE',  ( -1.449443964725127376, 0.9785103417733790332, 0.1356034584419081312 ) ) ;
#3403 = ORIENTED_EDGE ( 'NONE', *, *, #3393, .F. ) ;
#3404 = CARTESIAN_POINT ( 'NONE',  ( -1.531359724571285774, 0.5658004866359795937, 0.2856034584419079869 ) ) ;
#3405 = FACE_BOUND ( 'NONE', #430, .T. ) ;
#3406 = CARTESIAN_POINT ( 'NONE',  ( -1.376615985305932766, 1.043720872836302549, 0.1126992650160006382 ) ) ;
#3407 = CARTESIAN_POINT ( 'NONE',  ( -1.350685520832099362, 1.062336956139283028, 0.1278653402598015909 ) ) ;
#3408 = VERTEX_POINT ( 'NONE', #6751 ) ;
#3409 = CARTESIAN_POINT ( 'NONE',  ( -1.327911937258458241, 0.05455572156044743298, 0.07138691392793435064 ) ) ;
#3410 = CARTESIAN_POINT ( 'NONE',  ( -0.4904275538851352034, 0.8590901541844213618, 0.1139293559103406878 ) ) ;
#3411 = CARTESIAN_POINT ( 'NONE',  ( -0.8761026722674594147, 1.149772267582786611, 0.01603767173779943947 ) ) ;
#3412 = VERTEX_POINT ( 'NONE', #6060 ) ;
#3413 = VERTEX_POINT ( 'NONE', #7352 ) ;
#3414 = CARTESIAN_POINT ( 'NONE',  ( -1.005573930633197888, -0.03414657640884131290, 0.07784209834738282929 ) ) ;
#3415 = VERTEX_POINT ( 'NONE', #1901 ) ;
#3416 = CARTESIAN_POINT ( 'NONE',  ( -0.5332046775557838236, 0.9249254311588088751, 0.1132957661342157835 ) ) ;
#3417 = DIRECTION ( 'NONE',  ( 0.000000000000000000, 0.000000000000000000, -1.000000000000000000 ) ) ;
#3418 = EDGE_LOOP ( 'NONE', ( #3615, #7721, #963, #3373, #6787, #3513, #1785 ) ) ;
#3419 = CARTESIAN_POINT ( 'NONE',  ( -0.5691050863371408530, 0.9685327954016688112, 0.1312252297477990437 ) ) ;
#3420 = CARTESIAN_POINT ( 'NONE',  ( -1.474594853875531797, 0.5814254866359794827, 0.07119400962301104807 ) ) ;
#3421 = CARTESIAN_POINT ( 'NONE',  ( -0.6729094238197876887, 1.059513857987983254, 0.1590770660107170553 ) ) ;
#3422 = CARTESIAN_POINT ( 'NONE',  ( -1.383705985060293076, 1.038256063682530428, 0.1459491136646385301 ) ) ;
#3423 = CARTESIAN_POINT ( 'NONE',  ( -1.235608715915321953, 1.123319484247512490, 0.1355982746101636605 ) ) ;
#3424 = VERTEX_POINT ( 'NONE', #6662 ) ;
#3425 = CARTESIAN_POINT ( 'NONE',  ( -1.345678344227337453, 1.065697017710827588, 0.1294978995017910528 ) ) ;
#3426 = CARTESIAN_POINT ( 'NONE',  ( -0.9693641344208726585, -0.03254735739553896862, 0.08326283026809910837 ) ) ;
#3427 = CARTESIAN_POINT ( 'NONE',  ( -1.184678588184149062, 1.140970823000790668, 0.1309880738265234712 ) ) ;
#3428 = ORIENTED_EDGE ( 'NONE', *, *, #4884, .F. ) ;
#3429 = CARTESIAN_POINT ( 'NONE',  ( -1.314322840548315607, 1.085148078548600958, 0.1171694390564647081 ) ) ;
#3430 = ORIENTED_EDGE ( 'NONE', *, *, #3393, .T. ) ;
#3431 = VERTEX_POINT ( 'NONE', #6895 ) ;
#3432 = CARTESIAN_POINT ( 'NONE',  ( -1.328022565503257146, 0.05462369786564339608, 0.07462648351279210779 ) ) ;
#3433 = DIRECTION ( 'NONE',  ( -0.000000000000000000, -0.000000000000000000, 1.000000000000000000 ) ) ;
#3434 = CARTESIAN_POINT ( 'NONE',  ( -0.9424709996032216708, 1.161538390371702700, 0.004711531358574759867 ) ) ;
#3435 = ORIENTED_EDGE ( 'NONE', *, *, #2522, .F. ) ;
#3436 = CARTESIAN_POINT ( 'NONE',  ( -0.9575045905188006579, 1.163148052548153455, 0.03507549685154356944 ) ) ;
#3437 = FACE_BOUND ( 'NONE', #587, .T. ) ;
#3438 = ADVANCED_FACE ( 'NONE', ( #1301 ), #7585, .T. ) ;
#3439 = CARTESIAN_POINT ( 'NONE',  ( -1.315570422684031238, 0.04717362070080517028, 0.05914477430367493654 ) ) ;
#3440 = EDGE_CURVE ( 'NONE', #362, #2968, #6202, .T. ) ;
#3441 = CARTESIAN_POINT ( 'NONE',  ( -1.295980303238347231, 1.095336134389676586, 0.1493698188791793280 ) ) ;
#3442 = ORIENTED_EDGE ( 'NONE', *, *, #2214, .T. ) ;
#3443 = CARTESIAN_POINT ( 'NONE',  ( -1.144399803500083079, -0.01982677348197579154, 0.1293654198945679845 ) ) ;
#3444 = CARTESIAN_POINT ( 'NONE',  ( -1.299108049656115149, 0.03794294857207990146, 0.03947211940655708656 ) ) ;
#3445 = CARTESIAN_POINT ( 'NONE',  ( -1.338605104372902588, 1.070320536239243170, 0.1093515403874872616 ) ) ;
#3446 = CARTESIAN_POINT ( 'NONE',  ( -1.009401693692397073, 1.165784809354743823, 0.01562696210865479121 ) ) ;
#3447 = VERTEX_POINT ( 'NONE', #9013 ) ;
#3448 = CARTESIAN_POINT ( 'NONE',  ( -0.9330052080450557117, 1.160327987974801855, 0.07310509023766741110 ) ) ;
#3449 = CARTESIAN_POINT ( 'NONE',  ( -0.4907206116195552692, 0.8596124676069162307, 0.1188185347966026900 ) ) ;
#3450 = EDGE_CURVE ( 'NONE', #4061, #3569, #996, .T. ) ;
#3451 = CARTESIAN_POINT ( 'NONE',  ( -0.6930304504022554157, 1.072819895705502180, 0.1033629148076966459 ) ) ;
#3452 = VECTOR ( 'NONE', #921, 39.37007874015748143 ) ;
#3453 = FACE_OUTER_BOUND ( 'NONE', #5452, .T. ) ;
#3454 = ORIENTED_EDGE ( 'NONE', *, *, #85, .F. ) ;
#3455 = ORIENTED_EDGE ( 'NONE', *, *, #5750, .F. ) ;
#3456 = CARTESIAN_POINT ( 'NONE',  ( -0.9966930732259910997, -0.03395744241201979763, 0.1060536681975028234 ) ) ;
#3457 = VERTEX_POINT ( 'NONE', #6589 ) ;
#3458 = AXIS2_PLACEMENT_3D ( 'NONE', #1087, #5874, #3820 ) ;
#3459 = CARTESIAN_POINT ( 'NONE',  ( -0.5676274174801031469, 0.9668950451073562435, 0.1035639764940016055 ) ) ;
#3460 = CARTESIAN_POINT ( 'NONE',  ( -1.013859724571285925, 0.5658004866359794827, 0.03554692555714249885 ) ) ;
#3461 = VERTEX_POINT ( 'NONE', #2388 ) ;
#3462 = CIRCLE ( 'NONE', #8596, 0.5999999999999998668 ) ;
#3463 = CARTESIAN_POINT ( 'NONE',  ( -0.4865726858891831763, 0.8521017005810513911, 0.1396565091880913878 ) ) ;
#3464 = CARTESIAN_POINT ( 'NONE',  ( -1.289118253584989660, 1.098938409727194587, 0.1548875815027850045 ) ) ;
#3465 = CARTESIAN_POINT ( 'NONE',  ( -1.016389513079114737, 1.165795153420698060, 0.1025265353649850164 ) ) ;
#3466 = CARTESIAN_POINT ( 'NONE',  ( -1.381469863086047356, 1.039997480273514574, 0.1396881000307499399 ) ) ;
#3467 = EDGE_CURVE ( 'NONE', #168, #7304, #7964, .T. ) ;
#3468 = CARTESIAN_POINT ( 'NONE',  ( -1.248561404354510795, 0.01360928650061645796, 0.1405635154506982287 ) ) ;
#3469 = VERTEX_POINT ( 'NONE', #346 ) ;
#3470 = EDGE_CURVE ( 'NONE', #6995, #2246, #1175, .T. ) ;
#3471 = CARTESIAN_POINT ( 'NONE',  ( -1.347921189337037084, 1.064201588327709169, 0.09489464553288637361 ) ) ;
#3472 = CARTESIAN_POINT ( 'NONE',  ( -1.227733754122890764, 1.126387589130640077, 0.1119616315188311922 ) ) ;
#3473 = VECTOR ( 'NONE', #2119, 39.37007874015748143 ) ;
#3474 = CONICAL_SURFACE ( 'NONE', #4060, 0.4921259842519685179, 0.7853981633974509435 ) ;
#3475 = EDGE_CURVE ( 'NONE', #2722, #6599, #7525, .T. ) ;
#3476 = VERTEX_POINT ( 'NONE', #6631 ) ;
#3477 = CARTESIAN_POINT ( 'NONE',  ( -1.301992463702037695, 0.03951201191226969001, 0.09422256100119852373 ) ) ;
#3478 = DIRECTION ( 'NONE',  ( -0.000000000000000000, -0.000000000000000000, 1.000000000000000000 ) ) ;
#3479 = ORIENTED_EDGE ( 'NONE', *, *, #116, .T. ) ;
#3480 = ORIENTED_EDGE ( 'NONE', *, *, #9083, .F. ) ;
#3481 = CIRCLE ( 'NONE', #2016, 0.5999999999999998668 ) ;
#3482 = CARTESIAN_POINT ( 'NONE',  ( -1.355758835708254173, 0.07274352926466731706, 0.1195976190356622254 ) ) ;
#3483 = CARTESIAN_POINT ( 'NONE',  ( -1.229879859848429735, 1.125565166943909956, 0.1054477702270273376 ) ) ;
#3484 = CARTESIAN_POINT ( 'NONE',  ( -1.326770167834238068, 0.05382331411647253011, 0.1496262007125947480 ) ) ;
#3485 = CARTESIAN_POINT ( 'NONE',  ( -0.9381305024145820681, 1.161002204469135934, 0.1025265353649850164 ) ) ;
#3486 = CARTESIAN_POINT ( 'NONE',  ( -0.4761045640804235646, 0.8319197600032750550, 0.1003389216394971056 ) ) ;
#3487 = FACE_BOUND ( 'NONE', #3418, .T. ) ;
#3488 = AXIS2_PLACEMENT_3D ( 'NONE', #6673, #8007, #2391 ) ;
#3489 = CARTESIAN_POINT ( 'NONE',  ( -1.359708840176608202, 1.056094674467265460, 0.1119470589938927341 ) ) ;
#3490 = AXIS2_PLACEMENT_3D ( 'NONE', #1430, #688, #9054 ) ;
#3491 = CARTESIAN_POINT ( 'NONE',  ( -1.297254945194528331, 1.094655273626047975, 0.1494374324414747823 ) ) ;
#3492 = VERTEX_POINT ( 'NONE', #2476 ) ;
#3493 = CARTESIAN_POINT ( 'NONE',  ( -1.316817424164342665, 0.04787138903288477160, 0.1222330372242220881 ) ) ;
#3494 = CARTESIAN_POINT ( 'NONE',  ( -0.7015265750675662160, 1.078097898857818038, 0.1301895302116291286 ) ) ;
#3495 = VECTOR ( 'NONE', #3417, 39.37007874015748143 ) ;
#3496 = CARTESIAN_POINT ( 'NONE',  ( -1.347199292391583647, 1.064683991691206533, 0.1018776240994059418 ) ) ;
#3497 = VECTOR ( 'NONE', #1268, 39.37007874015748143 ) ;
#3498 = VERTEX_POINT ( 'NONE', #7958 ) ;
#3499 = VERTEX_POINT ( 'NONE', #8049 ) ;
#3500 = CARTESIAN_POINT ( 'NONE',  ( -1.353633754974147285, 1.060324980182969501, 0.1558385274337553972 ) ) ;
#3501 = CARTESIAN_POINT ( 'NONE',  ( -0.4901744705925629719, 0.8586384822720516397, 0.1112630455490374870 ) ) ;
#3502 = B_SPLINE_CURVE_WITH_KNOTS ( 'NONE', 3,
 ( #7212, #2372, #1794, #203, #7942, #8730, #8777, #1664, #3010, #4606, #2455, #6567, #1711, #1017, #7301, #5251, #3831, #8030, #1058, #4565, #1757, #373, #6654, #3187, #8819, #3918, #2543, #5645, #4054, #6745, #6783 ),
 .UNSPECIFIED., .F., .F.,
 ( 4, 1, 2, 2, 2, 2, 2, 2, 2, 1, 2, 2, 2, 1, 2, 2, 4 ),
 ( 0.000000000000000000, 0.03124999999996764394, 0.04687499999996116301, 0.06249999999995468902, 0.1249999999999561184, 0.2499999999999589773, 0.3749999999999617528, 0.4999999999999645839, 0.6249999999999673594, 0.6874999999999730216, 0.7187499999999754641, 0.7499999999999777955, 0.8749999999999852340, 0.9062499999999872324, 0.9218749999999886757, 0.9374999999999900080, 1.000000000000000000 ),
 .UNSPECIFIED. ) ;
#3503 = FACE_OUTER_BOUND ( 'NONE', #8166, .T. ) ;
#3504 = CIRCLE ( 'NONE', #6278, 0.5999999999999998668 ) ;
#3505 = CARTESIAN_POINT ( 'NONE',  ( -1.301044654483666463, 1.092606959518095389, 0.1561525967348474098 ) ) ;
#3506 = ORIENTED_EDGE ( 'NONE', *, *, #3973, .T. ) ;
#3507 = ORIENTED_EDGE ( 'NONE', *, *, #195, .T. ) ;
#3508 = EDGE_CURVE ( 'NONE', #206, #6974, #6702, .T. ) ;
#3509 = EDGE_CURVE ( 'NONE', #2046, #3287, #3678, .T. ) ;
#3510 = CARTESIAN_POINT ( 'NONE',  ( -1.230336727676091035, 1.125387572911888956, 0.1308678815188311639 ) ) ;
#3511 = CARTESIAN_POINT ( 'NONE',  ( -1.365784119661120233, 1.051752453297447154, 0.1166793829618120171 ) ) ;
#3512 = AXIS2_PLACEMENT_3D ( 'NONE', #6681, #3951, #3900 ) ;
#3513 = ORIENTED_EDGE ( 'NONE', *, *, #7937, .T. ) ;
#3514 = CARTESIAN_POINT ( 'NONE',  ( -1.246818411924049519, 1.118729279507970631, 0.1286803815188311828 ) ) ;
#3515 = EDGE_LOOP ( 'NONE', ( #8821, #8983, #5492, #5922 ) ) ;
#3516 = FACE_OUTER_BOUND ( 'NONE', #4170, .T. ) ;
#3517 = VERTEX_POINT ( 'NONE', #2347 ) ;
#3518 = B_SPLINE_CURVE_WITH_KNOTS ( 'NONE', 3,
 ( #8090, #5898, #4709, #7589, #433, #4662, #1904, #1164, #5395, #2599, #516, #7487, #8232, #6753, #6897, #7448, #6794, #8182, #1999, #2649, #1206, #6114, #1951, #6716, #4020 ),
 .UNSPECIFIED., .F., .F.,
 ( 4, 1, 1, 2, 2, 2, 2, 2, 2, 2, 1, 2, 2, 4 ),
 ( 0.000000000000000000, 0.1250000000000435485, 0.1875000000000607292, 0.2187500000000571765, 0.2500000000000535683, 0.3750000000000440203, 0.5000000000000345279, 0.6250000000000249800, 0.7500000000000154321, 0.8750000000000059952, 0.9062500000000029976, 0.9218750000000035527, 0.9375000000000041078, 1.000000000000000000 ),
 .UNSPECIFIED. ) ;
#3519 = AXIS2_PLACEMENT_3D ( 'NONE', #3700, #293, #6486 ) ;
#3520 = CARTESIAN_POINT ( 'NONE',  ( -1.334591940537332544, 0.05871571620171309180, 0.08101517521691307955 ) ) ;
#3521 = EDGE_CURVE ( 'NONE', #4590, #7799, #2299, .T. ) ;
#3522 = CARTESIAN_POINT ( 'NONE',  ( -1.389699063552728431, 1.033502137860370595, 0.1027919064464166421 ) ) ;
#3523 = FACE_OUTER_BOUND ( 'NONE', #7967, .T. ) ;
#3524 = DIRECTION ( 'NONE',  ( 0.000000000000000000, 0.000000000000000000, -1.000000000000000000 ) ) ;
#3525 = CARTESIAN_POINT ( 'NONE',  ( -1.272571196399837179, 0.02444224148466418028, 0.1343684203995556548 ) ) ;
#3526 = ORIENTED_EDGE ( 'NONE', *, *, #1666, .T. ) ;
#3527 = CARTESIAN_POINT ( 'NONE',  ( -1.392748970681499499, 1.031034770821951385, 0.1279111507496004108 ) ) ;
#3528 = CARTESIAN_POINT ( 'NONE',  ( -0.8486618768706866156, 1.142709736029399625, 0.05863948274746368095 ) ) ;
#3529 = FACE_BOUND ( 'NONE', #8980, .T. ) ;
#3530 = CARTESIAN_POINT ( 'NONE',  ( -0.6963981025360459487, 1.074936338648741607, 0.1372303280964340400 ) ) ;
#3531 = ORIENTED_EDGE ( 'NONE', *, *, #3188, .F. ) ;
#3532 = ORIENTED_EDGE ( 'NONE', *, *, #3332, .T. ) ;
#3533 = DIRECTION ( 'NONE',  ( -0.1952614446279715144, 0.9807512264798844415, 0.000000000000000000 ) ) ;
#3534 = DIRECTION ( 'NONE',  ( 1.000000000000000000, 0.000000000000000000, 0.000000000000000000 ) ) ;
#3535 = DIRECTION ( 'NONE',  ( 0.5321222923929098680, -0.8466675061312525230, 0.000000000000000000 ) ) ;
#3536 = ORIENTED_EDGE ( 'NONE', *, *, #973, .T. ) ;
#3537 = CARTESIAN_POINT ( 'NONE',  ( -0.4748733650219097990, 0.8294171473120061089, 0.1043765562944409531 ) ) ;
#3538 = DIRECTION ( 'NONE',  ( 1.000000000000000000, 0.000000000000000000, 0.000000000000000000 ) ) ;
#3539 = CARTESIAN_POINT ( 'NONE',  ( -1.292414991057182272, 1.097222375215825885, 0.1025449275098188340 ) ) ;
#3540 = B_SPLINE_CURVE_WITH_KNOTS ( 'NONE', 3,
 ( #3858, #8892, #1001, #6768, #3818, #318, #1782, #6642, #3130, #5913, #8714, #8014, #1743, #5955, #5545, #8348, #9032, #4133, #1965, #584, #6949, #7007, #7606, #4770 ),
 .UNSPECIFIED., .F., .F.,
 ( 4, 1, 2, 2, 2, 2, 1, 2, 2, 2, 2, 2, 4 ),
 ( 0.000000000000000000, 0.06250000000000453804, 0.09375000000000562050, 0.1250000000000067168, 0.1875000000000088818, 0.2500000000000110467, 0.3750000000000147660, 0.4375000000000170974, 0.5000000000000194289, 0.7500000000000133227, 0.8125000000000126565, 0.8750000000000119904, 1.000000000000000000 ),
 .UNSPECIFIED. ) ;
#3541 = CARTESIAN_POINT ( 'NONE',  ( -1.359765051862697138, 1.056055017205784985, 0.1110389606215739511 ) ) ;
#3542 = CARTESIAN_POINT ( 'NONE',  ( -1.252758001814896494, 0.01541183926667635123, 0.07548566785354365871 ) ) ;
#3543 = EDGE_LOOP ( 'NONE', ( #1553, #1432, #3905, #1360 ) ) ;
#3544 = DIRECTION ( 'NONE',  ( -0.000000000000000000, -0.000000000000000000, 1.000000000000000000 ) ) ;
#3545 = CARTESIAN_POINT ( 'NONE',  ( -0.7048348012849461330, 1.080099618258687499, 0.1279111507496004108 ) ) ;
#3546 = CARTESIAN_POINT ( 'NONE',  ( -1.344615219295708819, 1.066401089654585022, 0.1024552490690696926 ) ) ;
#3547 = ORIENTED_EDGE ( 'NONE', *, *, #2446, .F. ) ;
#3548 = VERTEX_POINT ( 'NONE', #7184 ) ;
#3549 = CARTESIAN_POINT ( 'NONE',  ( -1.361909531733964007, 1.054535266783349190, 0.1517567483359267000 ) ) ;
#3550 = CARTESIAN_POINT ( 'NONE',  ( -0.4908177496223642966, 0.8597853379797064655, 0.1221316624836834980 ) ) ;
#3551 = DIRECTION ( 'NONE',  ( 0.000000000000000000, 0.000000000000000000, 1.000000000000000000 ) ) ;
#3552 = DIRECTION ( 'NONE',  ( 0.6947498712428986645, 0.7192514278108704806, 0.000000000000000000 ) ) ;
#3553 = ORIENTED_EDGE ( 'NONE', *, *, #6641, .T. ) ;
#3554 = VERTEX_POINT ( 'NONE', #218 ) ;
#3555 = CARTESIAN_POINT ( 'NONE',  ( -0.9934939988666875443, -0.03385377810039750385, 0.08326283026809906673 ) ) ;
#3556 = CARTESIAN_POINT ( 'NONE',  ( -1.013859724571285925, 0.5658004866359794827, 0.08849400962301035012 ) ) ;
#3557 = VERTEX_POINT ( 'NONE', #3028 ) ;
#3558 = CARTESIAN_POINT ( 'NONE',  ( -1.182622204847100233, 1.141578523507200016, 0.1239820017891804793 ) ) ;
#3559 = ORIENTED_EDGE ( 'NONE', *, *, #330, .F. ) ;
#3560 = DIRECTION ( 'NONE',  ( -0.000000000000000000, -0.000000000000000000, 1.000000000000000000 ) ) ;
#3561 = EDGE_CURVE ( 'NONE', #6817, #5548, #6975, .T. ) ;
#3562 = VERTEX_POINT ( 'NONE', #4799 ) ;
#3563 = ORIENTED_EDGE ( 'NONE', *, *, #5258, .F. ) ;
#3564 = CARTESIAN_POINT ( 'NONE',  ( -0.4871295368026755668, 0.8531248839524002703, 0.1259880738265234945 ) ) ;
#3565 = CARTESIAN_POINT ( 'NONE',  ( -1.034386061993211703, -0.03384830179941882705, 0.1208695159946274605 ) ) ;
#3566 = CARTESIAN_POINT ( 'NONE',  ( -0.7237023272452162148, 1.090975395382542956, 0.1217573045957542482 ) ) ;
#3567 = CARTESIAN_POINT ( 'NONE',  ( -0.9452675915414641139, 1.161866903146429930, 0.01429031947923203351 ) ) ;
#3568 = DIRECTION ( 'NONE',  ( 0.000000000000000000, -1.000000000000000000, 0.000000000000000000 ) ) ;
#3569 = VERTEX_POINT ( 'NONE', #8966 ) ;
#3570 = CARTESIAN_POINT ( 'NONE',  ( -1.388691843304836970, 1.034310547473786368, 0.1485227570249691154 ) ) ;
#3571 = CARTESIAN_POINT ( 'NONE',  ( -0.5531285129029899217, 0.5501754866359794827, 0.09619792500804062729 ) ) ;
#3572 = EDGE_CURVE ( 'NONE', #8969, #4892, #5436, .T. ) ;
#3573 = CARTESIAN_POINT ( 'NONE',  ( -0.6358001328419805587, 1.031709217077329876, 0.1108318238265234568 ) ) ;
#3574 = CARTESIAN_POINT ( 'NONE',  ( -0.4906946766940712412, 0.8595662662915416474, 0.1335293209235854095 ) ) ;
#3575 = ORIENTED_EDGE ( 'NONE', *, *, #7712, .T. ) ;
#3576 = CARTESIAN_POINT ( 'NONE',  ( -1.390866097986793282, 1.032573435107380755, 0.1209750866611356834 ) ) ;
#3577 = FACE_BOUND ( 'NONE', #5730, .T. ) ;
#3578 = CARTESIAN_POINT ( 'NONE',  ( -0.7733464924254387363, 1.115485291922388766, 0.1486803815188311728 ) ) ;
#3579 = CARTESIAN_POINT ( 'NONE',  ( -0.7457369895044274610, 0.02904151005499388746, 0.1456034584419080014 ) ) ;
#3580 = CARTESIAN_POINT ( 'NONE',  ( -0.9399064478158452030, 1.161226067306014631, 0.08655942052772536144 ) ) ;
#3581 = EDGE_CURVE ( 'NONE', #6152, #2732, #6750, .T. ) ;
#3582 = CARTESIAN_POINT ( 'NONE',  ( -1.336824911440652519, 1.071461924611788685, 0.1399576667599605473 ) ) ;
#3583 = CARTESIAN_POINT ( 'NONE',  ( -0.8506463822278695908, -0.01157955007510619479, 0.04836975759644743939 ) ) ;
#3584 = CARTESIAN_POINT ( 'NONE',  ( -0.4863756429084953314, 0.8517384977141702063, 0.1110122517583072843 ) ) ;
#3585 = ORIENTED_EDGE ( 'NONE', *, *, #2101, .T. ) ;
#3586 = CARTESIAN_POINT ( 'NONE',  ( -1.261982489421203502, 0.01950801092466010467, 0.1132813836878858449 ) ) ;
#3587 = DIRECTION ( 'NONE',  ( -0.000000000000000000, -0.000000000000000000, 1.000000000000000000 ) ) ;
#3588 = CARTESIAN_POINT ( 'NONE',  ( -0.7014018341522334499, 1.078021324688260396, 0.1270724977998674843 ) ) ;
#3589 = ORIENTED_EDGE ( 'NONE', *, *, #922, .F. ) ;
#3590 = VERTEX_POINT ( 'NONE', #1300 ) ;
#3591 = DIRECTION ( 'NONE',  ( -0.000000000000000000, -0.000000000000000000, 1.000000000000000000 ) ) ;
#3592 = CARTESIAN_POINT ( 'NONE',  ( -1.013859724571285925, 0.5658004866359794827, 0.3756034584419081224 ) ) ;
#3593 = DIRECTION ( 'NONE',  ( -0.000000000000000000, -0.000000000000000000, 1.000000000000000000 ) ) ;
#3594 = LINE ( 'NONE', #741, #6996 ) ;
#3595 = VERTEX_POINT ( 'NONE', #4849 ) ;
#3596 = ORIENTED_EDGE ( 'NONE', *, *, #6640, .T. ) ;
#3597 = B_SPLINE_CURVE_WITH_KNOTS ( 'NONE', 3,
 ( #1937, #4744, #7517, #4053 ),
 .UNSPECIFIED., .F., .F.,
 ( 4, 4 ),
 ( 0.000000000000000000, 1.000000000000000000 ),
 .UNSPECIFIED. ) ;
#3598 = B_SPLINE_CURVE_WITH_KNOTS ( 'NONE', 3,
 ( #1238, #3968, #7477, #1100, #2167, #2587, #5430, #6833, #7435, #6149, #2637, #4228 ),
 .UNSPECIFIED., .F., .F.,
 ( 4, 1, 1, 1, 1, 2, 2, 4 ),
 ( 0.000000000000000000, 0.2500000000000247025, 0.3750000000000387468, 0.4375000000000475175, 0.4687500000000519029, 0.4843750000000530687, 0.5000000000000542899, 1.000000000000000000 ),
 .UNSPECIFIED. ) ;
#3599 = EDGE_CURVE ( 'NONE', #2736, #7532, #3713, .T. ) ;
#3600 = CARTESIAN_POINT ( 'NONE',  ( -1.001693830451172218, -0.03407625885210450317, 0.06071163527970937362 ) ) ;
#3601 = DIRECTION ( 'NONE',  ( 0.000000000000000000, 0.000000000000000000, -1.000000000000000000 ) ) ;
#3602 = CARTESIAN_POINT ( 'NONE',  ( -0.5683130285724333763, 0.9676569393570729760, 0.1023918562449198238 ) ) ;
#3603 = CARTESIAN_POINT ( 'NONE',  ( -1.247543349936905965, 0.01317768287560221012, 0.08383615711630544587 ) ) ;
#3604 = ORIENTED_EDGE ( 'NONE', *, *, #7840, .F. ) ;
#3605 = AXIS2_PLACEMENT_3D ( 'NONE', #1533, #7673, #4298 ) ;
#3606 = ORIENTED_EDGE ( 'NONE', *, *, #592, .T. ) ;
#3607 = CARTESIAN_POINT ( 'NONE',  ( -0.4817018035229067019, 0.8429429537273055439, 0.1494496122880619449 ) ) ;
#3608 = CARTESIAN_POINT ( 'NONE',  ( -0.5531304717209751809, 0.5501754866359794827, 0.09619988270054498358 ) ) ;
#3609 = CIRCLE ( 'NONE', #7576, 0.5999999999999997558 ) ;
#3610 = CARTESIAN_POINT ( 'NONE',  ( -0.9381305024145820681, 1.161002204469135934, 0.1286803815188311828 ) ) ;
#3611 = CONICAL_SURFACE ( 'NONE', #8733, 0.5175000000000000711, 0.5241119331426207228 ) ;
#3612 = AXIS2_PLACEMENT_3D ( 'NONE', #7028, #3551, #2274 ) ;
#3613 = CARTESIAN_POINT ( 'NONE',  ( -1.314925773173825752, 1.084798785886731176, 0.1304824870813640902 ) ) ;
#3614 = VERTEX_POINT ( 'NONE', #1248 ) ;
#3615 = ORIENTED_EDGE ( 'NONE', *, *, #5296, .F. ) ;
#3616 = CARTESIAN_POINT ( 'NONE',  ( -1.345198133934754292, 1.066015725186216567, 0.09520083754042293900 ) ) ;
#3617 = EDGE_CURVE ( 'NONE', #2593, #5450, #4032, .T. ) ;
#3618 = CARTESIAN_POINT ( 'NONE',  ( -0.6945863491355399599, 0.05779998295722812290, 0.1456034584419080014 ) ) ;
#3619 = CIRCLE ( 'NONE', #4940, 0.5999999999999997558 ) ;
#3620 = CARTESIAN_POINT ( 'NONE',  ( -0.4733414935512030297, 0.8262616976028335225, 0.1358402221839804802 ) ) ;
#3621 = DIRECTION ( 'NONE',  ( -0.000000000000000000, -0.000000000000000000, 1.000000000000000000 ) ) ;
#3622 = ORIENTED_EDGE ( 'NONE', *, *, #37, .T. ) ;
#3623 = EDGE_CURVE ( 'NONE', #2640, #22, #8025, .T. ) ;
#3624 = EDGE_CURVE ( 'NONE', #3554, #4045, #2072, .T. ) ;
#3625 = EDGE_CURVE ( 'NONE', #6685, #5764, #8226, .T. ) ;
#3626 = CARTESIAN_POINT ( 'NONE',  ( -1.181616279058958385, 1.141871443154717225, 0.1026116424466272659 ) ) ;
#3627 = CARTESIAN_POINT ( 'NONE',  ( -1.278902468123745972, 0.02751335378814716986, 0.04660443663275497944 ) ) ;
#3628 = AXIS2_PLACEMENT_3D ( 'NONE', #8311, #4191, #1981 ) ;
#3629 = VERTEX_POINT ( 'NONE', #6201 ) ;
#3630 = CARTESIAN_POINT ( 'NONE',  ( -0.6424080168483703446, 1.036994320243476375, 0.1556034584419080935 ) ) ;
#3631 = CARTESIAN_POINT ( 'NONE',  ( -0.9220374733827660929, 1.158733525331356207, 0.07480010747227115731 ) ) ;
#3632 = ADVANCED_FACE ( 'NONE', ( #9012 ), #8920, .T. ) ;
#3633 = VERTEX_POINT ( 'NONE', #1161 ) ;
#3634 = DIRECTION ( 'NONE',  ( -0.000000000000000000, -0.000000000000000000, 1.000000000000000000 ) ) ;
#3635 = CARTESIAN_POINT ( 'NONE',  ( -1.308099571062711686, 0.04290191739514457453, 0.06435618856448098446 ) ) ;
#3636 = VECTOR ( 'NONE', #2821, 39.37007874015748143 ) ;
#3637 = CONICAL_SURFACE ( 'NONE', #251, 0.5140000000000003455, 0.5235987755982957070 ) ;
#3638 = CARTESIAN_POINT ( 'NONE',  ( -0.7311372476750140903, 1.095014999907901077, 0.09560345844190808184 ) ) ;
#3639 = ORIENTED_EDGE ( 'NONE', *, *, #2396, .F. ) ;
#3640 = CARTESIAN_POINT ( 'NONE',  ( -1.326808734899830977, 0.05382528331666716626, 0.03450620633517306746 ) ) ;
#3641 = CARTESIAN_POINT ( 'NONE',  ( -1.035612765525810275, -0.03380505478798204871, 0.06959420955037401435 ) ) ;
#3642 = EDGE_CURVE ( 'NONE', #8632, #1886, #2045, .T. ) ;
#3643 = CARTESIAN_POINT ( 'NONE',  ( -0.6925671300459177449, 1.072526473617263942, 0.1189103264497618495 ) ) ;
#3644 = ORIENTED_EDGE ( 'NONE', *, *, #8827, .T. ) ;
#3645 = VERTEX_POINT ( 'NONE', #1847 ) ;
#3646 = CARTESIAN_POINT ( 'NONE',  ( -0.4764751067329095480, 0.8326670686606356675, 0.1245225537533945909 ) ) ;
#3647 = CARTESIAN_POINT ( 'NONE',  ( -1.013859724571286147, 0.5658004866359794827, 0.1567617795536129510 ) ) ;
#3648 = CIRCLE ( 'NONE', #4229, 0.5999999999999997558 ) ;
#3649 = CARTESIAN_POINT ( 'NONE',  ( -1.341997317801430833, 1.068121224890895116, 0.1555340058649709589 ) ) ;
#3650 = CARTESIAN_POINT ( 'NONE',  ( -1.013859724571285703, -0.5782672832946231800, 0.07119400962301036806 ) ) ;
#3651 = ORIENTED_EDGE ( 'NONE', *, *, #3440, .F. ) ;
#3652 = ORIENTED_EDGE ( 'NONE', *, *, #2073, .T. ) ;
#3653 = VECTOR ( 'NONE', #1675, 39.37007874015748143 ) ;
#3654 = CIRCLE ( 'NONE', #1434, 0.5999999999999998668 ) ;
#3655 = CARTESIAN_POINT ( 'NONE',  ( -0.6984712699585228224, 1.076222001363731584, 0.1119616315188311922 ) ) ;
#3656 = EDGE_CURVE ( 'NONE', #7532, #2192, #8743, .T. ) ;
#3657 = LINE ( 'NONE', #5925, #4944 ) ;
#3658 = EDGE_CURVE ( 'NONE', #5649, #8854, #5681, .T. ) ;
#3659 = CARTESIAN_POINT ( 'NONE',  ( -0.5636692700737346851, 0.9624471268607351915, 0.1173206999768005437 ) ) ;
#3660 = B_SPLINE_CURVE_WITH_KNOTS ( 'NONE', 3,
 ( #8189, #4623, #8241, #3288, #8138, #6854, #3338, #1957, #4670, #7405, #6801, #7542, #6071, #6122, #8931, #1862, #6760, #1260, #6030, #3986, #2609 ),
 .UNSPECIFIED., .F., .F.,
 ( 4, 1, 1, 2, 2, 2, 1, 2, 2, 2, 2, 4 ),
 ( 0.000000000000000000, 0.1249999999999787115, 0.1874999999999742151, 0.2187499999999719946, 0.2499999999999697464, 0.3749999999999601430, 0.4374999999999610312, 0.4687499999999614197, 0.4999999999999618083, 0.6249999999999726885, 0.7499999999999835687, 1.000000000000000000 ),
 .UNSPECIFIED. ) ;
#3661 = AXIS2_PLACEMENT_3D ( 'NONE', #8441, #7386, #4648 ) ;
#3662 = LINE ( 'NONE', #4942, #7986 ) ;
#3663 = ORIENTED_EDGE ( 'NONE', *, *, #1252, .F. ) ;
#3664 = EDGE_CURVE ( 'NONE', #2959, #3562, #2963, .T. ) ;
#3665 = ORIENTED_EDGE ( 'NONE', *, *, #1484, .F. ) ;
#3666 = DIRECTION ( 'NONE',  ( 1.000000000000000000, 0.000000000000000000, 0.000000000000000000 ) ) ;
#3667 = CARTESIAN_POINT ( 'NONE',  ( -1.521359724571285987, 0.5658004866359794827, 0.3756034584419081224 ) ) ;
#3668 = VECTOR ( 'NONE', #2650, 39.37007874015748143 ) ;
#3669 = CARTESIAN_POINT ( 'NONE',  ( -1.309479985302400173, 1.087920598454575449, 0.09788027938675056272 ) ) ;
#3670 = CARTESIAN_POINT ( 'NONE',  ( -1.314710989661863838, 1.084923338765010348, 0.1322308225162516226 ) ) ;
#3671 = ORIENTED_EDGE ( 'NONE', *, *, #696, .T. ) ;
#3672 = CARTESIAN_POINT ( 'NONE',  ( -1.356167716161621017, 1.058573522464039129, 0.1034290011974358103 ) ) ;
#3673 = DIRECTION ( 'NONE',  ( 0.000000000000000000, -1.000000000000000000, 0.000000000000000000 ) ) ;
#3674 = CIRCLE ( 'NONE', #3374, 0.5999999999999999778 ) ;
#3675 = CARTESIAN_POINT ( 'NONE',  ( -1.301885084309936991, 0.03945321610906485366, 0.09417160048291940699 ) ) ;
#3676 = DIRECTION ( 'NONE',  ( 0.000000000000000000, 0.000000000000000000, -1.000000000000000000 ) ) ;
#3677 = CARTESIAN_POINT ( 'NONE',  ( -1.013859724571285925, 0.5658004866359794827, 0.1061940096230103991 ) ) ;
#3678 = LINE ( 'NONE', #8573, #852 ) ;
#3679 = DIRECTION ( 'NONE',  ( 1.000000000000000000, 0.000000000000000000, 0.000000000000000000 ) ) ;
#3680 = VERTEX_POINT ( 'NONE', #165 ) ;
#3681 = CARTESIAN_POINT ( 'NONE',  ( -0.4801471184471313713, 0.8399383373585123103, 0.09584201988959821505 ) ) ;
#3682 = CARTESIAN_POINT ( 'NONE',  ( -0.9410396318208320565, 1.161366866081735116, 0.08661857142492275508 ) ) ;
#3683 = CARTESIAN_POINT ( 'NONE',  ( -1.325161191573728026, 0.05287328585121382762, 0.1220699157640993265 ) ) ;
#3684 = CARTESIAN_POINT ( 'NONE',  ( -0.4863392929320712321, 0.8516714337262383250, 0.1107521510461478981 ) ) ;
#3685 = VERTEX_POINT ( 'NONE', #8514 ) ;
#3686 = CARTESIAN_POINT ( 'NONE',  ( -0.4963597245712859651, 0.5658004866359795937, 0.2556034584419079603 ) ) ;
#3687 = CARTESIAN_POINT ( 'NONE',  ( -0.9362998704924477833, 1.160768309071430693, 0.01550977717584944848 ) ) ;
#3688 = DIRECTION ( 'NONE',  ( 0.000000000000000000, 0.000000000000000000, -1.000000000000000000 ) ) ;
#3689 = VERTEX_POINT ( 'NONE', #5071 ) ;
#3690 = ORIENTED_EDGE ( 'NONE', *, *, #1133, .F. ) ;
#3691 = CARTESIAN_POINT ( 'NONE',  ( -0.4770782435566621182, 0.8338781688551500926, 0.1115997675133525158 ) ) ;
#3692 = CARTESIAN_POINT ( 'NONE',  ( -1.013859724571285925, 0.5658004866359794827, 0.1002386382480148219 ) ) ;
#3693 = PLANE ( 'NONE',  #5075 ) ;
#3694 = EDGE_CURVE ( 'NONE', #4979, #6243, #8301, .T. ) ;
#3695 = DIRECTION ( 'NONE',  ( -0.000000000000000000, -0.000000000000000000, 1.000000000000000000 ) ) ;
#3696 = ORIENTED_EDGE ( 'NONE', *, *, #8328, .F. ) ;
#3697 = DIRECTION ( 'NONE',  ( 0.000000000000000000, 0.000000000000000000, -1.000000000000000000 ) ) ;
#3698 = CARTESIAN_POINT ( 'NONE',  ( -1.365980106803359684, 1.051610415255247011, 0.1160835242619069618 ) ) ;
#3699 = CARTESIAN_POINT ( 'NONE',  ( -1.034386061993211703, -0.03384830179941882705, 0.1208695159946274605 ) ) ;
#3700 = CARTESIAN_POINT ( 'NONE',  ( -1.013859724571285925, 0.5658004866359794827, 0.1556034584419080935 ) ) ;
#3701 = ORIENTED_EDGE ( 'NONE', *, *, #582, .F. ) ;
#3702 = ORIENTED_EDGE ( 'NONE', *, *, #2985, .T. ) ;
#3703 = CARTESIAN_POINT ( 'NONE',  ( -1.027742252078565732, -0.03403991137700171365, 0.1004173497044495988 ) ) ;
#3704 = CARTESIAN_POINT ( 'NONE',  ( -1.362829114955288468, 1.053878945811912438, 0.1001944675699734250 ) ) ;
#3705 = CARTESIAN_POINT ( 'NONE',  ( -0.6767835268138784333, 1.062167032800260591, 0.1672042497610991274 ) ) ;
#3706 = CARTESIAN_POINT ( 'NONE',  ( -1.464125022619656269, 0.5915329830833158109, 0.1061940096230109543 ) ) ;
#3707 = B_SPLINE_CURVE_WITH_KNOTS ( 'NONE', 3,
 ( #7990, #1720, #4529, #7310, #7822, #1022, #3836, #7131, #6621, #5043, #4346, #6450, #2980, #8082, #6659, #1800 ),
 .UNSPECIFIED., .F., .F.,
 ( 4, 1, 1, 2, 2, 1, 1, 2, 2, 4 ),
 ( 0.000000000000000000, 0.1249999999999904521, 0.1874999999999918954, 0.2187499999999925060, 0.2499999999999931166, 0.3749999999999829581, 0.4374999999999839018, 0.4687499999999901745, 0.4999999999999964473, 1.000000000000000000 ),
 .UNSPECIFIED. ) ;
#3708 = ORIENTED_EDGE ( 'NONE', *, *, #4659, .T. ) ;
#3709 = CARTESIAN_POINT ( 'NONE',  ( -1.277123779003242143, 0.02664184797380636863, 0.08543258350293887748 ) ) ;
#3710 = CARTESIAN_POINT ( 'NONE',  ( -1.089365547000972212, 1.161030585655859815, 0.01404521525280555232 ) ) ;
#3711 = CARTESIAN_POINT ( 'NONE',  ( -0.5634233418368742585, 0.9621678232391314145, 0.1307618244906663951 ) ) ;
#3712 = CARTESIAN_POINT ( 'NONE',  ( -1.521359724571285987, 0.5658004866359794827, 0.3756034584419081224 ) ) ;
#3713 = B_SPLINE_CURVE_WITH_KNOTS ( 'NONE', 3,
 ( #648, #5523, #6021, #510 ),
 .UNSPECIFIED., .F., .F.,
 ( 4, 4 ),
 ( 0.000000000000000000, 1.000000000000000000 ),
 .UNSPECIFIED. ) ;
#3714 = CARTESIAN_POINT ( 'NONE',  ( -1.198717129883510424, 1.136613713270779646, 0.1309880738265234712 ) ) ;
#3715 = CARTESIAN_POINT ( 'NONE',  ( -0.4771302335835333475, 0.8339822455653759237, 0.1408440768679516952 ) ) ;
#3716 = CARTESIAN_POINT ( 'NONE',  ( -1.267182680943658823, 0.02190022976916752850, 0.03840341968768922615 ) ) ;
#3717 = CARTESIAN_POINT ( 'NONE',  ( -0.8869927251657405698, -0.02063345206626957321, 0.1495985232487931915 ) ) ;
#3718 = CARTESIAN_POINT ( 'NONE',  ( -1.013859724571285925, 0.5658004866359794827, 0.1556034584419080935 ) ) ;
#3719 = CARTESIAN_POINT ( 'NONE',  ( -0.9168490698972944219, 1.157905996309394059, 0.04911905853292541924 ) ) ;
#3720 = CARTESIAN_POINT ( 'NONE',  ( -1.348252171258018217, 1.063978859910914787, 0.1494496122880619449 ) ) ;
#3721 = CARTESIAN_POINT ( 'NONE',  ( -0.4871173339029999383, 0.8531025132950610379, 0.1238011589238062760 ) ) ;
#3722 = ORIENTED_EDGE ( 'NONE', *, *, #1598, .T. ) ;
#3723 = CARTESIAN_POINT ( 'NONE',  ( -1.016579562951889448, 1.165794859448944676, 0.03129953212324495387 ) ) ;
#3724 = CARTESIAN_POINT ( 'NONE',  ( -0.5635944265229161365, 0.5400679901886433765, 0.08119400962301039082 ) ) ;
#3725 = DIRECTION ( 'NONE',  ( -1.000000000000000000, 0.000000000000000000, 0.000000000000000000 ) ) ;
#3726 = ORIENTED_EDGE ( 'NONE', *, *, #802, .T. ) ;
#3727 = EDGE_LOOP ( 'NONE', ( #2006, #5998, #4068, #205, #5832 ) ) ;
#3728 = DIRECTION ( 'NONE',  ( 1.000000000000000000, 0.000000000000000000, 0.000000000000000000 ) ) ;
#3729 = LINE ( 'NONE', #6557, #6971 ) ;
#3730 = CARTESIAN_POINT ( 'NONE',  ( -0.9182484114453746127, 1.158133639470095844, 0.02802891749226305018 ) ) ;
#3731 = B_SPLINE_CURVE_WITH_KNOTS ( 'NONE', 3,
 ( #2055, #4858, #7639, #6943, #6261, #3069, #5813, #5262, #3672, #258, #855, #301, #4444, #213 ),
 .UNSPECIFIED., .F., .F.,
 ( 4, 2, 1, 1, 2, 2, 2, 4 ),
 ( 0.000000000000000000, 0.2499999999999727995, 0.3749999999999783507, 0.4375000000000025535, 0.4687500000000014988, 0.5000000000000004441, 0.7500000000000002220, 1.000000000000000000 ),
 .UNSPECIFIED. ) ;
#3732 = DIRECTION ( 'NONE',  ( 0.1219478083344968516, -0.9925365142111460814, 0.000000000000000000 ) ) ;
#3733 = ORIENTED_EDGE ( 'NONE', *, *, #6583, .F. ) ;
#3735 = EDGE_CURVE ( 'NONE', #7799, #6934, #7881, .T. ) ;
#3734 = CARTESIAN_POINT ( 'NONE',  ( -0.9057656409775908246, -0.02438233371096840130, 0.06728916806189669253 ) ) ;
#3736 = EDGE_CURVE ( 'NONE', #8405, #1259, #6540, .T. ) ;
#3737 = CARTESIAN_POINT ( 'NONE',  ( -1.231278033645095027, 1.125022516673678918, 0.1429351892111388744 ) ) ;
#3738 = CARTESIAN_POINT ( 'NONE',  ( -1.262505085608599087, 1.111854956844423148, 0.09560345844190808184 ) ) ;
#3739 = DIRECTION ( 'NONE',  ( 0.000000000000000000, 0.000000000000000000, -1.000000000000000000 ) ) ;
#3740 = CARTESIAN_POINT ( 'NONE',  ( -1.319888067466741033, 0.04971264026011461973, 0.1062336501681721557 ) ) ;
#3741 = ORIENTED_EDGE ( 'NONE', *, *, #4707, .F. ) ;
#3742 = ORIENTED_EDGE ( 'NONE', *, *, #2283, .T. ) ;
#3743 = DIRECTION ( 'NONE',  ( 0.000000000000000000, 0.000000000000000000, -1.000000000000000000 ) ) ;
#3744 = CARTESIAN_POINT ( 'NONE',  ( -1.355181336096049627, 1.059257597208513424, 0.09555344373909693823 ) ) ;
#3745 = ADVANCED_FACE ( 'NONE', ( #4202, #6982 ), #699, .T. ) ;
#3746 = CARTESIAN_POINT ( 'NONE',  ( -1.322139621351676952, 1.080546546068378744, 0.1207953306155483963 ) ) ;
#3747 = EDGE_CURVE ( 'NONE', #4189, #1780, #4917, .T. ) ;
#3748 = CARTESIAN_POINT ( 'NONE',  ( -1.305885202456044114, 0.04165951094675489352, 0.1012999595763220961 ) ) ;
#3749 = ORIENTED_EDGE ( 'NONE', *, *, #1027, .T. ) ;
#3750 = CARTESIAN_POINT ( 'NONE',  ( -1.353312959269361571, 0.07105645284749179114, 0.08747073515216795270 ) ) ;
#3751 = LINE ( 'NONE', #7265, #7739 ) ;
#3752 = CARTESIAN_POINT ( 'NONE',  ( -0.5641136579161991627, 0.9629509354096069673, 0.1364734463602474690 ) ) ;
#3753 = AXIS2_PLACEMENT_3D ( 'NONE', #2557, #1855, #4665 ) ;
#3754 = CARTESIAN_POINT ( 'NONE',  ( -1.220269034682298193, 1.129178865688189148, 0.1074801166606173947 ) ) ;
#3755 = ADVANCED_FACE ( 'NONE', ( #2414 ), #3143, .F. ) ;
#3756 = DIRECTION ( 'NONE',  ( 0.02171207224585675055, 0.9997642651739412356, 0.000000000000000000 ) ) ;
#3757 = DIRECTION ( 'NONE',  ( 0.000000000000000000, 0.000000000000000000, 1.000000000000000000 ) ) ;
#3758 = CARTESIAN_POINT ( 'NONE',  ( -0.9969011952448788572, -0.03395980571679470261, 0.03554692555714249885 ) ) ;
#3759 = CARTESIAN_POINT ( 'NONE',  ( -1.471114560202579691, 0.5847815465925144673, 0.07455855284873995348 ) ) ;
#3760 = DIRECTION ( 'NONE',  ( -0.04266491073513190707, 0.9990894381345261088, 0.000000000000000000 ) ) ;
#3761 = DIRECTION ( 'NONE',  ( 1.000000000000000000, 0.000000000000000000, 0.000000000000000000 ) ) ;
#3762 = DIRECTION ( 'NONE',  ( -0.000000000000000000, -0.000000000000000000, 1.000000000000000000 ) ) ;
#3763 = B_SPLINE_CURVE_WITH_KNOTS ( 'NONE', 3,
 ( #2778, #643, #5342, #3978 ),
 .UNSPECIFIED., .F., .F.,
 ( 4, 4 ),
 ( 0.000000000000000000, 1.000000000000000000 ),
 .UNSPECIFIED. ) ;
#3764 = EDGE_CURVE ( 'NONE', #2655, #8317, #1286, .T. ) ;
#3765 = CARTESIAN_POINT ( 'NONE',  ( -1.227200170026282677, 1.126590879442729731, 0.1345866874215784770 ) ) ;
#3766 = ORIENTED_EDGE ( 'NONE', *, *, #8229, .F. ) ;
#3767 = VECTOR ( 'NONE', #3601, 39.37007874015748143 ) ;
#3768 = CARTESIAN_POINT ( 'NONE',  ( -1.035256101692310970, -0.03381830110524470384, 0.07248561915314381821 ) ) ;
#3769 = CARTESIAN_POINT ( 'NONE',  ( -1.329625981064713525, 1.075988365029936222, 0.1385722084419080957 ) ) ;
#3770 = CARTESIAN_POINT ( 'NONE',  ( -0.6957273580542103764, 1.074516768345694206, 0.1237476853820805717 ) ) ;
#3771 = ORIENTED_EDGE ( 'NONE', *, *, #2873, .T. ) ;
#3772 = CYLINDRICAL_SURFACE ( 'NONE', #6843, 0.5999999999999998668 ) ;
#3773 = DIRECTION ( 'NONE',  ( 1.000000000000000000, 0.000000000000000000, 0.000000000000000000 ) ) ;
#3774 = AXIS2_PLACEMENT_3D ( 'NONE', #9028, #3255, #2661 ) ;
#3775 = LINE ( 'NONE', #7893, #7394 ) ;
#3776 = APPROVAL_PERSON_ORGANIZATION ( #1724, #7242, #7353 ) ;
#3777 = LINE ( 'NONE', #3097, #8326 ) ;
#3778 = VERTEX_POINT ( 'NONE', #3054 ) ;
#3779 = CIRCLE ( 'NONE', #1572, 0.5999999999999997558 ) ;
#3780 = CARTESIAN_POINT ( 'NONE',  ( -1.176392747957624385, -0.01176597387648468246, 0.1456034584419077238 ) ) ;
#3781 = CIRCLE ( 'NONE', #7426, 0.4898205080756882768 ) ;
#3782 = CARTESIAN_POINT ( 'NONE',  ( -1.314168446073302521, 0.04636357161063283522, 0.1147608204383003261 ) ) ;
#3783 = CARTESIAN_POINT ( 'NONE',  ( -1.366655503247677705, 1.051120111778130806, 0.1112645161342157990 ) ) ;
#3784 = CARTESIAN_POINT ( 'NONE',  ( -1.013859724571285925, 0.5658004866359794827, 0.06023375742572544683 ) ) ;
#3785 = CARTESIAN_POINT ( 'NONE',  ( -0.9424709996032216708, 1.161538390371702700, 0.08664053443015595768 ) ) ;
#3786 = VECTOR ( 'NONE', #8242, 39.37007874015748143 ) ;
#3787 = CIRCLE ( 'NONE', #8164, 0.5999999999999999778 ) ;
#3788 = EDGE_CURVE ( 'NONE', #2282, #7481, #6116, .T. ) ;
#3789 = ORIENTED_EDGE ( 'NONE', *, *, #7271, .T. ) ;
#3790 = CARTESIAN_POINT ( 'NONE',  ( -0.5635944265229161365, 0.5400679901886433765, 0.1511940096230103281 ) ) ;
#3791 = CARTESIAN_POINT ( 'NONE',  ( -1.359220515751616398, 1.056441100784799580, 0.09715161750752100700 ) ) ;
#3792 = CARTESIAN_POINT ( 'NONE',  ( -1.301102993410820918, 1.092574976797410002, 0.09505346528138861051 ) ) ;
#3793 = CARTESIAN_POINT ( 'NONE',  ( -0.4730938683606715212, 0.8257471903211791586, 0.1260121122880619449 ) ) ;
#3794 = AXIS2_PLACEMENT_3D ( 'NONE', #4213, #6997, #7046 ) ;
#3795 = ORIENTED_EDGE ( 'NONE', *, *, #2125, .F. ) ;
#3796 = CARTESIAN_POINT ( 'NONE',  ( -1.358616843728542189, 0.07473779363193223946, 0.09676375384159020820 ) ) ;
#3797 = CARTESIAN_POINT ( 'NONE',  ( -1.282047263564622286, 0.02907306564139133798, 0.1309519905039571719 ) ) ;
#3798 = PERSON_AND_ORGANIZATION_ROLE ( 'classification_officer' ) ;
#3799 = EDGE_CURVE ( 'NONE', #326, #8198, #3355, .T. ) ;
#3800 = CARTESIAN_POINT ( 'NONE',  ( -0.5674077705048222731, 0.9666505349958427473, 0.1469921675738423972 ) ) ;
#3801 = AXIS2_PLACEMENT_3D ( 'NONE', #351, #442, #3124 ) ;
#3802 = CARTESIAN_POINT ( 'NONE',  ( -0.6953484290948386271, 1.074279153498135297, 0.1556034584419080935 ) ) ;
#3803 = B_SPLINE_CURVE_WITH_KNOTS ( 'NONE', 3,
 ( #8651, #4520, #6569, #5168 ),
 .UNSPECIFIED., .F., .F.,
 ( 4, 4 ),
 ( 0.000000000000000000, 0.0005076080830146758585 ),
 .UNSPECIFIED. ) ;
#3804 = CARTESIAN_POINT ( 'NONE',  ( -1.358862352668028128, 0.07491028852000491955, 0.07620779895924033320 ) ) ;
#3805 = DIRECTION ( 'NONE',  ( -0.000000000000000000, -0.000000000000000000, 1.000000000000000000 ) ) ;
#3806 = CARTESIAN_POINT ( 'NONE',  ( -0.5531285129029898107, 0.5814254866359794827, 0.09619792500804061341 ) ) ;
#3807 = CARTESIAN_POINT ( 'NONE',  ( -0.5531245952670407195, 0.5814254866359794827, 0.07119400962301036806 ) ) ;
#3808 = CARTESIAN_POINT ( 'NONE',  ( -1.136758408681363353, -0.02148331121752966588, 0.1348385431710889815 ) ) ;
#3809 = CARTESIAN_POINT ( 'NONE',  ( -0.7097423884398406102, 1.083016733349395633, 0.1217573045957542482 ) ) ;
#3810 = CARTESIAN_POINT ( 'NONE',  ( -1.047029237709491856, 1.164882937888037207, 0.04826872286498498643 ) ) ;
#3811 = CIRCLE ( 'NONE', #4397, 0.5999999999999997558 ) ;
#3812 = CARTESIAN_POINT ( 'NONE',  ( -0.9810213216075982512, 1.164901178749412347, 0.1486803815188311728 ) ) ;
#3813 = CARTESIAN_POINT ( 'NONE',  ( -1.227369906596641247, 1.126526285671945793, 0.1343512289563492945 ) ) ;
#3814 = ORIENTED_EDGE ( 'NONE', *, *, #1880, .T. ) ;
#3815 = ORIENTED_EDGE ( 'NONE', *, *, #834, .F. ) ;
#3816 = AXIS2_PLACEMENT_3D ( 'NONE', #5001, #4441, #8607 ) ;
#3817 = ADVANCED_FACE ( 'NONE', ( #5844, #8650 ), #7900, .F. ) ;
#3818 = CARTESIAN_POINT ( 'NONE',  ( -0.5689147884599699001, 0.9683225405662964080, 0.1223806863702909531 ) ) ;
#3819 = CARTESIAN_POINT ( 'NONE',  ( -0.9272092222231617109, 1.159510596443929398, 0.03868696438737598275 ) ) ;
#3820 = DIRECTION ( 'NONE',  ( 0.7602724305064908483, 0.6496043652961031034, 0.000000000000000000 ) ) ;
#3821 = ORIENTED_EDGE ( 'NONE', *, *, #3903, .F. ) ;
#3822 = DIRECTION ( 'NONE',  ( -1.000000000000000000, 0.000000000000000000, 0.000000000000000000 ) ) ;
#3824 = EDGE_CURVE ( 'NONE', #3216, #4256, #8689, .T. ) ;
#3823 = CARTESIAN_POINT ( 'NONE',  ( -1.327737728496680703, 0.05444853432113336972, 0.1166491599169946630 ) ) ;
#3825 = CARTESIAN_POINT ( 'NONE',  ( -0.9168029213472219663, 1.157898432036844172, 0.04570844151899809693 ) ) ;
#3826 = CARTESIAN_POINT ( 'NONE',  ( -1.013859724571285925, 0.5658004866359794827, 0.1025265353649850164 ) ) ;
#3827 = VERTEX_POINT ( 'NONE', #5167 ) ;
#3828 = CARTESIAN_POINT ( 'NONE',  ( -0.8651902654129555170, -0.01548972501554367331, 0.1088928121868165122 ) ) ;
#3829 = CARTESIAN_POINT ( 'NONE',  ( -0.5801803233019117156, 0.9804354968789227298, 0.1485706524724408617 ) ) ;
#3830 = CARTESIAN_POINT ( 'NONE',  ( -1.236203396965453116, 1.123082566027213236, 0.1215358403367282486 ) ) ;
#3831 = CARTESIAN_POINT ( 'NONE',  ( -1.275536923542448742, 1.105731285509469419, 0.1094023684075800945 ) ) ;
#3832 = CARTESIAN_POINT ( 'NONE',  ( -1.299147194747817924, 1.093636903608128819, 0.1493927787436645505 ) ) ;
#3833 = ORIENTED_EDGE ( 'NONE', *, *, #3096, .T. ) ;
#3834 = DIRECTION ( 'NONE',  ( -0.000000000000000000, -0.000000000000000000, 1.000000000000000000 ) ) ;
#3835 = CARTESIAN_POINT ( 'NONE',  ( -1.366052688634722623, 1.051557841343066624, 0.1063944891057141406 ) ) ;
#3836 = CARTESIAN_POINT ( 'NONE',  ( -1.309092272250925282, 0.04346141983714682522, 0.1421273107674193847 ) ) ;
#3837 = ORIENTED_EDGE ( 'NONE', *, *, #5930, .T. ) ;
#3838 = EDGE_CURVE ( 'NONE', #3827, #3040, #3502, .T. ) ;
#3839 = CARTESIAN_POINT ( 'NONE',  ( -0.7062415310199063878, 1.080942284261184883, 0.1215358403367277490 ) ) ;
#3840 = CARTESIAN_POINT ( 'NONE',  ( -1.268313346300774969, 0.02242612581246312270, 0.1425980801174161761 ) ) ;
#3841 = B_SPLINE_CURVE_WITH_KNOTS ( 'NONE', 3,
 ( #8438, #2261, #6367, #5054, #7748, #89, #7834, #2899, #7693, #4226, #1554, #8396, #4363, #2116, #7146, #4965 ),
 .UNSPECIFIED., .F., .F.,
 ( 4, 1, 2, 2, 2, 1, 2, 2, 4 ),
 ( 0.000000000000000000, 0.1249999999999925893, 0.1874999999999886202, 0.2499999999999846234, 0.4999999999999870104, 0.6250000000000098810, 0.6875000000000038858, 0.7499999999999977796, 1.000000000000000000 ),
 .UNSPECIFIED. ) ;
#3842 = CARTESIAN_POINT ( 'NONE',  ( -0.5531304717209751809, 0.5814254866359794827, 0.07119988270054497526 ) ) ;
#3843 = CARTESIAN_POINT ( 'NONE',  ( -1.228857650636978383, 1.125957578117786850, 0.09682720412410660005 ) ) ;
#3844 = CYLINDRICAL_SURFACE ( 'NONE', #4194, 0.5999999999999998668 ) ;
#3845 = CARTESIAN_POINT ( 'NONE',  ( -0.9345124850305244202, -0.02893256825237617083, 0.1211531075140219876 ) ) ;
#3846 = EDGE_CURVE ( 'NONE', #6029, #8593, #3598, .T. ) ;
#3847 = CARTESIAN_POINT ( 'NONE',  ( -0.4765178255445020050, 0.8327531164972292732, 0.1314357123248753589 ) ) ;
#3848 = CARTESIAN_POINT ( 'NONE',  ( -1.325633471629899640, 0.05316298795320183179, 0.1022403242783459509 ) ) ;
#3849 = EDGE_CURVE ( 'NONE', #8485, #2545, #1405, .T. ) ;
#3850 = EDGE_CURVE ( 'NONE', #6236, #8228, #5473, .T. ) ;
#3851 = CARTESIAN_POINT ( 'NONE',  ( -1.302566214693247293, 0.03982513791407658182, 0.1462320855301329492 ) ) ;
#3852 = CARTESIAN_POINT ( 'NONE',  ( -1.324758523545348732, 0.05263191455556280596, 0.06612036652392483393 ) ) ;
#3853 = CARTESIAN_POINT ( 'NONE',  ( -0.4999305242900126678, 0.5501754866359794827, 0.08272732996386579496 ) ) ;
#3854 = CARTESIAN_POINT ( 'NONE',  ( -1.335315833732026558, 0.05917836766002367715, 0.1157603009282918011 ) ) ;
#3855 = CARTESIAN_POINT ( 'NONE',  ( -1.013859724571285925, 0.5658004866359794827, -0.07439654155809191649 ) ) ;
#3856 = ORIENTED_EDGE ( 'NONE', *, *, #7936, .F. ) ;
#3857 = ORIENTED_EDGE ( 'NONE', *, *, #1707, .T. ) ;
#3858 = CARTESIAN_POINT ( 'NONE',  ( -0.5688695470463431825, 0.9682725252999340171, 0.1251467276726773159 ) ) ;
#3859 = CARTESIAN_POINT ( 'NONE',  ( -1.247543349936905743, 0.01317768287560214073, 0.05975642949163724460 ) ) ;
#3860 = EDGE_CURVE ( 'NONE', #3689, #3424, #6326, .T. ) ;
#3861 = CARTESIAN_POINT ( 'NONE',  ( -0.9678997632968235898, 1.164037649604992897, 0.03600911367002795904 ) ) ;
#3862 = VERTEX_POINT ( 'NONE', #1982 ) ;
#3863 = LINE ( 'NONE', #3134, #398 ) ;
#3864 = DIRECTION ( 'NONE',  ( -0.000000000000000000, -0.000000000000000000, -1.000000000000000000 ) ) ;
#3865 = CARTESIAN_POINT ( 'NONE',  ( -0.9392649687218365129, 1.161145457175231321, 0.004885622906890764797 ) ) ;
#3866 = DIRECTION ( 'NONE',  ( 1.000000000000000000, 0.000000000000000000, 0.000000000000000000 ) ) ;
#3867 = ORIENTED_EDGE ( 'NONE', *, *, #2403, .F. ) ;
#3868 = CARTESIAN_POINT ( 'NONE',  ( -1.013859724571285925, 0.5658004866359794827, 0.3756034584419081224 ) ) ;
#3869 = CARTESIAN_POINT ( 'NONE',  ( -0.5793760531002950520, 0.9795932172585648523, 0.1484808449364084237 ) ) ;
#3870 = CYLINDRICAL_SURFACE ( 'NONE', #3320, 0.5999999999999998668 ) ;
#3871 = DIRECTION ( 'NONE',  ( -0.000000000000000000, -0.000000000000000000, 1.000000000000000000 ) ) ;
#3872 = AXIS2_PLACEMENT_3D ( 'NONE', #8467, #3560, #1578 ) ;
#3873 = CARTESIAN_POINT ( 'NONE',  ( -1.326767864553577647, 0.05385429463563153746, 0.1094454690479616937 ) ) ;
#3874 = VERTEX_POINT ( 'NONE', #8217 ) ;
#3875 = EDGE_CURVE ( 'NONE', #705, #7439, #135, .T. ) ;
#3876 = CARTESIAN_POINT ( 'NONE',  ( -1.026343117685122319, -0.03407049364912979883, 0.09891553722832305273 ) ) ;
#3877 = CARTESIAN_POINT ( 'NONE',  ( -1.283607847627799670, 0.02985650625417895013, 0.1068287859264676065 ) ) ;
#3878 = CARTESIAN_POINT ( 'NONE',  ( -1.271935055404810555, 0.02412410033785053823, 0.08383855845956587893 ) ) ;
#3879 = ORIENTED_EDGE ( 'NONE', *, *, #8663, .T. ) ;
#3880 = CARTESIAN_POINT ( 'NONE',  ( -0.7059718984279436116, 1.080781176737141802, 0.1214977058119282860 ) ) ;
#3881 = CARTESIAN_POINT ( 'NONE',  ( -1.100668363488248147, 1.159487491891597610, 0.08560345844190808684 ) ) ;
#3882 = DATE_TIME_ROLE ( 'creation_date' ) ;
#3883 = CARTESIAN_POINT ( 'NONE',  ( -1.531359724571285774, 0.5658004866359794827, 0.2556034584419079603 ) ) ;
#3884 = CARTESIAN_POINT ( 'NONE',  ( -1.227253608760602965, 1.126571833272855150, 0.09743682978363205072 ) ) ;
#3885 = DIRECTION ( 'NONE',  ( -0.7138647135427155233, 0.7002836359351665152, 0.000000000000000000 ) ) ;
#3886 = CARTESIAN_POINT ( 'NONE',  ( -1.170332821702570358, -0.01343708972983561831, 0.1293654198945679845 ) ) ;
#3887 = CARTESIAN_POINT ( 'NONE',  ( -0.8873462566310339472, 1.152310795522132558, 0.09560345844190808184 ) ) ;
#3888 = DIRECTION ( 'NONE',  ( 0.7602724305064908483, 0.6496043652961031034, 0.000000000000000000 ) ) ;
#3889 = VERTEX_POINT ( 'NONE', #3233 ) ;
#3890 = CARTESIAN_POINT ( 'NONE',  ( -1.305483070875259832, 0.04143195870219924110, 0.1472637881719782438 ) ) ;
#3891 = DIRECTION ( 'NONE',  ( 0.3304773659380469408, 0.9438139173601172160, 0.000000000000000000 ) ) ;
#3892 = CARTESIAN_POINT ( 'NONE',  ( -1.013859724571285925, 0.5658004866359794827, 0.1061940096230103991 ) ) ;
#3893 = EDGE_CURVE ( 'NONE', #338, #2692, #130, .T. ) ;
#3894 = CARTESIAN_POINT ( 'NONE',  ( -1.311687996502974185, 0.04493740493418307835, 0.07321813021182187187 ) ) ;
#3895 = CIRCLE ( 'NONE', #3306, 0.5175000000000000711 ) ;
#3896 = DIRECTION ( 'NONE',  ( -0.000000000000000000, -0.000000000000000000, 1.000000000000000000 ) ) ;
#3897 = ORIENTED_EDGE ( 'NONE', *, *, #2842, .F. ) ;
#3898 = ADVANCED_FACE ( 'NONE', ( #6700 ), #1004, .F. ) ;
#3899 = EDGE_LOOP ( 'NONE', ( #192, #2710, #2862, #3007 ) ) ;
#3900 = DIRECTION ( 'NONE',  ( 1.000000000000000000, 0.000000000000000000, 0.000000000000000000 ) ) ;
#3901 = CARTESIAN_POINT ( 'NONE',  ( -1.013859724571285925, 0.5658004866359794827, 0.1069905618743332287 ) ) ;
#3902 = CARTESIAN_POINT ( 'NONE',  ( -1.013859724571285925, 0.5658004866359794827, -0.05707603348240248425 ) ) ;
#3903 = EDGE_CURVE ( 'NONE', #4925, #1138, #5974, .T. ) ;
#3904 = CIRCLE ( 'NONE', #7985, 0.5999999999999999778 ) ;
#3905 = ORIENTED_EDGE ( 'NONE', *, *, #7171, .F. ) ;
#3906 = DIRECTION ( 'NONE',  ( -0.1013105154815353154, -0.9948548534599737092, 0.000000000000000000 ) ) ;
#3907 = CARTESIAN_POINT ( 'NONE',  ( -1.328937697179734423, 0.05518639251544945473, 0.1154523365873232205 ) ) ;
#3908 = LINE ( 'NONE', #5461, #231 ) ;
#3909 = CIRCLE ( 'NONE', #379, 0.5999999999999998668 ) ;
#3910 = CARTESIAN_POINT ( 'NONE',  ( -0.5250458937852300334, 0.9137387553450437849, 0.1176948045957542377 ) ) ;
#3911 = EDGE_CURVE ( 'NONE', #6730, #9022, #199, .T. ) ;
#3912 = ORIENTED_EDGE ( 'NONE', *, *, #7358, .F. ) ;
#3913 = CARTESIAN_POINT ( 'NONE',  ( -1.330030338992866268, 1.075737923465651447, 0.1345640902619277823 ) ) ;
#3914 = ADVANCED_FACE ( 'NONE', ( #6466 ), #6420, .T. ) ;
#3915 = CARTESIAN_POINT ( 'NONE',  ( -1.311628876912340536, 0.04490298162949170335, 0.1127668939025089911 ) ) ;
#3916 = DIRECTION ( 'NONE',  ( 1.000000000000000000, 0.000000000000000000, 0.000000000000000000 ) ) ;
#3917 = VECTOR ( 'NONE', #8463, 39.37007874015748143 ) ;
#3918 = CARTESIAN_POINT ( 'NONE',  ( -1.272422972291401111, 1.107229196024162476, 0.1217919258828326218 ) ) ;
#3919 = CARTESIAN_POINT ( 'NONE',  ( -1.329825982632896864, 0.05573644774817147068, 0.1126776086570069335 ) ) ;
#3920 = EDGE_CURVE ( 'NONE', #6212, #7707, #223, .T. ) ;
#3921 = EDGE_LOOP ( 'NONE', ( #2134, #5045, #9079, #6948, #7362, #6952, #7839 ) ) ;
#3922 = AXIS2_PLACEMENT_3D ( 'NONE', #7862, #3061, #5209 ) ;
#3923 = LINE ( 'NONE', #422, #113 ) ;
#3924 = CARTESIAN_POINT ( 'NONE',  ( -1.238295728874711177, 1.122243188063819952, 0.1025265353649850164 ) ) ;
#3925 = CARTESIAN_POINT ( 'NONE',  ( -1.378962580171967156, 1.041932762915342980, 0.1268740887256204208 ) ) ;
#3926 = ORIENTED_EDGE ( 'NONE', *, *, #4472, .F. ) ;
#3927 = CARTESIAN_POINT ( 'NONE',  ( -1.356067224044338326, 0.07295637644765963492, 0.09106607035172795128 ) ) ;
#3928 = CARTESIAN_POINT ( 'NONE',  ( -1.278380708037472058, 0.02725736975748858579, 0.08391069255072693134 ) ) ;
#3929 = COORDINATED_UNIVERSAL_TIME_OFFSET ( 5, 0, .BEHIND. ) ;
#3930 = EDGE_CURVE ( 'NONE', #8231, #6050, #185, .T. ) ;
#3931 = VECTOR ( 'NONE', #2947, 39.37007874015748143 ) ;
#3932 = CIRCLE ( 'NONE', #8478, 0.5999999999999997558 ) ;
#3933 = CYLINDRICAL_SURFACE ( 'NONE', #1130, 0.5999999999999998668 ) ;
#3934 = CARTESIAN_POINT ( 'NONE',  ( -0.5273015102499202245, 0.5658004866359794827, 0.1511940096230102448 ) ) ;
#3935 = AXIS2_PLACEMENT_3D ( 'NONE', #4951, #762, #5538 ) ;
#3936 = CARTESIAN_POINT ( 'NONE',  ( -1.383514644774942681, 1.038405228029988914, 0.1147952004366754875 ) ) ;
#3937 = AXIS2_PLACEMENT_3D ( 'NONE', #8631, #5910, #400 ) ;
#3938 = CARTESIAN_POINT ( 'NONE',  ( -0.9347517265783514828, -0.02896244323514689592, 0.06396443624997827371 ) ) ;
#3939 = CARTESIAN_POINT ( 'NONE',  ( -0.7074062047040738932, 1.081636421450369756, 0.1329161623562691019 ) ) ;
#3940 = CARTESIAN_POINT ( 'NONE',  ( -1.226115917064831473, 0.004598821681087604182, 0.08383615711630544587 ) ) ;
#3941 = ORIENTED_EDGE ( 'NONE', *, *, #4986, .T. ) ;
#3942 = B_SPLINE_CURVE_WITH_KNOTS ( 'NONE', 3,
 ( #3709, #4705, #1948, #1203, #3928, #7444, #1067, #1996, #2550, #5391, #4019, #7396, #6110, #2595 ),
 .UNSPECIFIED., .F., .F.,
 ( 4, 1, 2, 2, 1, 2, 2, 4 ),
 ( 0.000000000000000000, 0.1249999999999188149, 0.1874999999999008293, 0.2499999999998828715, 0.3749999999998848699, 0.4374999999998858691, 0.4999999999998868683, 1.000000000000000000 ),
 .UNSPECIFIED. ) ;
#3943 = CARTESIAN_POINT ( 'NONE',  ( -1.343204417984578347, 1.067330976313828561, 0.1304075302357114718 ) ) ;
#3944 = FACE_OUTER_BOUND ( 'NONE', #5337, .T. ) ;
#3945 = CARTESIAN_POINT ( 'NONE',  ( -1.164007292158822038, 1.146709866787088972, 0.1128510545957542438 ) ) ;
#3946 = ADVANCED_FACE ( 'NONE', ( #1646 ), #5714, .F. ) ;
#3947 = CARTESIAN_POINT ( 'NONE',  ( -1.335349101491615675, 0.05919947940506405798, 0.1121033929299660725 ) ) ;
#3948 = CARTESIAN_POINT ( 'NONE',  ( -1.230336727676091035, 1.125387572911888956, 0.1308678815188311639 ) ) ;
#3949 = EDGE_LOOP ( 'NONE', ( #4933, #6108, #7050, #8599, #8674 ) ) ;
#3950 = EDGE_LOOP ( 'NONE', ( #5633, #5625, #3133, #4178, #8342, #1832, #8510, #8673, #1950 ) ) ;
#3951 = DIRECTION ( 'NONE',  ( -0.000000000000000000, -0.000000000000000000, 1.000000000000000000 ) ) ;
#3952 = CARTESIAN_POINT ( 'NONE',  ( -0.9450523208942351872, 1.161842064718170642, 0.07705972994414238275 ) ) ;
#3953 = CIRCLE ( 'NONE', #6133, 0.5999999999999998668 ) ;
#3954 = CARTESIAN_POINT ( 'NONE',  ( -0.9677203400040768067, 1.164023824119005956, 0.03429643451311190777 ) ) ;
#3955 = EDGE_LOOP ( 'NONE', ( #6216, #6809, #6638, #4225, #1988, #5693, #4167, #8309, #2212, #392, #7117, #950, #1760, #8289, #2080, #6259, #1764, #6121 ) ) ;
#3956 = LINE ( 'NONE', #7507, #8904 ) ;
#3957 = CARTESIAN_POINT ( 'NONE',  ( -1.329825982632896864, 0.05573644774817147068, 0.1126776086570069335 ) ) ;
#3958 = CARTESIAN_POINT ( 'NONE',  ( -0.9649781993240307276, 1.163806190681599517, 0.07002414524615475921 ) ) ;
#3959 = B_SPLINE_CURVE_WITH_KNOTS ( 'NONE', 3,
 ( #3564, #4344, #73, #6253, #6448, #6350, #8421, #4302, #5675, #2248, #5620, #3463, #8471, #169, #5725, #2145, #2932, #9069, #2198, #7820, #7728, #4998, #2792, #4162, #8521, #1536, #7082, #1494, #6304, #4207, #797, #3607 ),
 .UNSPECIFIED., .F., .F.,
 ( 4, 1, 1, 1, 2, 2, 1, 1, 1, 2, 2, 2, 2, 2, 2, 2, 2, 2, 4 ),
 ( 0.000000000000000000, 0.1250000000000119071, 0.1875000000000168199, 0.2187500000000202893, 0.2343750000000214828, 0.2500000000000227041, 0.3750000000000375255, 0.4375000000000448530, 0.4687500000000484612, 0.4843750000000481837, 0.5000000000000478506, 0.5625000000000460743, 0.6250000000000441869, 0.7500000000000371925, 0.8125000000000295319, 0.8750000000000218714, 0.9062500000000165423, 0.9375000000000111022, 1.000000000000000000 ),
 .UNSPECIFIED. ) ;
#3960 = VECTOR ( 'NONE', #2887, 39.37007874015748143 ) ;
#3961 = FACE_BOUND ( 'NONE', #7522, .T. ) ;
#3962 = ORIENTED_EDGE ( 'NONE', *, *, #2110, .F. ) ;
#3963 = CARTESIAN_POINT ( 'NONE',  ( -1.329625981064713525, 1.075988365029936222, 0.1385722084419080957 ) ) ;
#3964 = CARTESIAN_POINT ( 'NONE',  ( -1.309516469369923941, 0.04370175139226388505, 0.1072183283879533239 ) ) ;
#3965 = CARTESIAN_POINT ( 'NONE',  ( -1.227733754122890764, 1.126387589130640077, 0.1119616315188311922 ) ) ;
#3966 = EDGE_CURVE ( 'NONE', #1986, #6170, #5559, .T. ) ;
#3967 = EDGE_CURVE ( 'NONE', #4252, #1440, #6315, .T. ) ;
#3968 = CARTESIAN_POINT ( 'NONE',  ( -1.010019963269078946, -0.03418744256295713768, 0.1448166114758999978 ) ) ;
#3969 = EDGE_CURVE ( 'NONE', #147, #125, #3504, .T. ) ;
#3970 = CARTESIAN_POINT ( 'NONE',  ( -1.329550974718586520, 0.05556616929821459050, 0.1116340578465425531 ) ) ;
#3971 = ORIENTED_EDGE ( 'NONE', *, *, #5386, .F. ) ;
#3972 = CARTESIAN_POINT ( 'NONE',  ( -1.381282180602083187, 1.040143340803313832, 0.1251841347664312820 ) ) ;
#3973 = EDGE_CURVE ( 'NONE', #2958, #4631, #709, .T. ) ;
#3974 = ORIENTED_EDGE ( 'NONE', *, *, #7840, .T. ) ;
#3975 = B_SPLINE_CURVE_WITH_KNOTS ( 'NONE', 3,
 ( #5601, #1373, #4976, #5508, #4145, #13, #635, #7658, #8360, #2675, #6706, #2123, #3444, #6018, #2077, #6233 ),
 .UNSPECIFIED., .F., .F.,
 ( 4, 2, 2, 2, 1, 1, 2, 2, 4 ),
 ( 0.000000000000000000, 0.1250000000000086320, 0.1875000000000084377, 0.2500000000000082712, 0.3750000000000190958, 0.4375000000000185407, 0.4687500000000247025, 0.5000000000000308642, 1.000000000000000000 ),
 .UNSPECIFIED. ) ;
#3976 = CARTESIAN_POINT ( 'NONE',  ( -1.061608921700975428, 1.163897551676674746, 0.1405223659654574186 ) ) ;
#3977 = LINE ( 'NONE', #8085, #4093 ) ;
#3978 = CARTESIAN_POINT ( 'NONE',  ( -0.6871704076406069950, 1.069063926797657160, 0.1556034584419080935 ) ) ;
#3979 = DIRECTION ( 'NONE',  ( -0.6484133194475362183, 0.7612884914163798866, 0.000000000000000000 ) ) ;
#3980 = CARTESIAN_POINT ( 'NONE',  ( -1.293587074170362339, 1.096604611603400059, 0.1560415387585226965 ) ) ;
#3981 = CARTESIAN_POINT ( 'NONE',  ( -1.387797722546415091, 1.035023646412169596, 0.1202789392111388578 ) ) ;
#3982 = CARTESIAN_POINT ( 'NONE',  ( -1.013859724571285925, 0.5658004866359794827, 0.1486803815188311728 ) ) ;
#3983 = CARTESIAN_POINT ( 'NONE',  ( -0.7086811249943530955, 1.082391268759572256, 0.1313788208700183147 ) ) ;
#3984 = CARTESIAN_POINT ( 'NONE',  ( -1.013859724571285925, 0.5658004866359794827, 0.3756034584419081224 ) ) ;
#3985 = ORIENTED_EDGE ( 'NONE', *, *, #5585, .T. ) ;
#3986 = CARTESIAN_POINT ( 'NONE',  ( -1.354268508849550079, 0.07171358993476732724, 0.06570778275388300393 ) ) ;
#3987 = DIRECTION ( 'NONE',  ( -0.7192514278108770309, -0.6947498712428918921, 0.000000000000000000 ) ) ;
#3988 = CARTESIAN_POINT ( 'NONE',  ( -1.171841536498116287, 1.144629682396254067, 0.1284688051582483781 ) ) ;
#3989 = CARTESIAN_POINT ( 'NONE',  ( -1.087680362886854990, 1.161241930741679695, 0.09560345844190808184 ) ) ;
#3990 = CARTESIAN_POINT ( 'NONE',  ( -1.314826249226061616, 1.084856509074054953, 0.1206012744439916434 ) ) ;
#3991 = VERTEX_POINT ( 'NONE', #1606 ) ;
#3992 = ORIENTED_EDGE ( 'NONE', *, *, #4634, .T. ) ;
#3993 = CARTESIAN_POINT ( 'NONE',  ( -1.143038769385053000, -0.02012849744059156190, 0.1069905618743332287 ) ) ;
#3994 = CARTESIAN_POINT ( 'NONE',  ( -1.445545742393584021, 0.9825166497000054067, 0.1432957661342158240 ) ) ;
#3995 = FACE_OUTER_BOUND ( 'NONE', #8781, .T. ) ;
#3996 = ORIENTED_EDGE ( 'NONE', *, *, #1252, .T. ) ;
#3997 = DIRECTION ( 'NONE',  ( -0.3080956755203744235, 0.9513553777246671617, 0.000000000000000000 ) ) ;
#3998 = LINE ( 'NONE', #6088, #6406 ) ;
#3999 = CARTESIAN_POINT ( 'NONE',  ( -0.9406910395705878614, -0.02972142189070811624, 0.1456034584419080014 ) ) ;
#4000 = CARTESIAN_POINT ( 'NONE',  ( -1.286622272694402769, 0.03138436380529226188, 0.1022137270181145557 ) ) ;
#4001 = ORIENTED_EDGE ( 'NONE', *, *, #900, .T. ) ;
#4002 = DIRECTION ( 'NONE',  ( 0.000000000000000000, 0.000000000000000000, -1.000000000000000000 ) ) ;
#4003 = CARTESIAN_POINT ( 'NONE',  ( -1.000832481223771886, 1.165659045740343958, 0.004711531358574759867 ) ) ;
#4004 = ORIENTED_EDGE ( 'NONE', *, *, #4713, .F. ) ;
#4005 = CC_DESIGN_PERSON_AND_ORGANIZATION_ASSIGNMENT ( #5263, #8790, ( #8947 ) ) ;
#4006 = CARTESIAN_POINT ( 'NONE',  ( -0.9310155023419154352, 1.160053701745495491, 0.07052935615248800971 ) ) ;
#4007 = CARTESIAN_POINT ( 'NONE',  ( -1.322809833482609942, 0.05143675464637173511, 0.05893153083576567475 ) ) ;
#4008 = CARTESIAN_POINT ( 'NONE',  ( -1.282692818682610536, 1.102204391691510077, 0.1114846915295726743 ) ) ;
#4009 = EDGE_CURVE ( 'NONE', #5359, #7742, #1745, .T. ) ;
#4010 = CARTESIAN_POINT ( 'NONE',  ( -1.328907080752108838, 0.05516835590251956828, 0.1109509547777764588 ) ) ;
#4011 = ORIENTED_EDGE ( 'NONE', *, *, #2305, .F. ) ;
#4012 = ORIENTED_EDGE ( 'NONE', *, *, #5040, .T. ) ;
#4013 = EDGE_CURVE ( 'NONE', #3991, #5438, #4320, .T. ) ;
#4014 = EDGE_CURVE ( 'NONE', #7285, #362, #4985, .T. ) ;
#4015 = EDGE_CURVE ( 'NONE', #1148, #4233, #620, .T. ) ;
#4016 = DIRECTION ( 'NONE',  ( -0.000000000000000000, -0.000000000000000000, 1.000000000000000000 ) ) ;
#4017 = VERTEX_POINT ( 'NONE', #1778 ) ;
#4018 = DIRECTION ( 'NONE',  ( 0.4008553869097453703, 0.9161413421440156579, 0.000000000000000000 ) ) ;
#4019 = CARTESIAN_POINT ( 'NONE',  ( -1.280282914106632974, 0.02819588505352069174, 0.08155807190884924174 ) ) ;
#4020 = CARTESIAN_POINT ( 'NONE',  ( -1.376535858106470389, 1.043781680998235872, 0.1111563430572926892 ) ) ;
#4021 = EDGE_CURVE ( 'NONE', #6511, #1949, #5907, .T. ) ;
#4022 = CARTESIAN_POINT ( 'NONE',  ( -1.131785373009448259, -0.02258231971829292514, 0.06171131019920104988 ) ) ;
#4023 = CARTESIAN_POINT ( 'NONE',  ( -1.387571215937170477, 1.035204156317157231, 0.1201774789356556405 ) ) ;
#4024 = CARTESIAN_POINT ( 'NONE',  ( -0.9334859092890064325, -0.02879257466335177762, 0.06148058717040205678 ) ) ;
#4025 = CARTESIAN_POINT ( 'NONE',  ( -0.7104840455287209089, 1.083452119790105916, 0.1298902326747019276 ) ) ;
#4026 = CARTESIAN_POINT ( 'NONE',  ( -1.009667014646180583, -0.03418511438376245493, 0.03689962802531938924 ) ) ;
#4027 = ORIENTED_EDGE ( 'NONE', *, *, #8386, .T. ) ;
#4028 = DIRECTION ( 'NONE',  ( 0.7044735481658577214, 0.7097302444834989732, 0.000000000000000000 ) ) ;
#4029 = LINE ( 'NONE', #4814, #2468 ) ;
#4030 = CARTESIAN_POINT ( 'NONE',  ( -1.180496910993072524, 1.142196251185096711, 0.1308018722349130469 ) ) ;
#4031 = ORIENTED_EDGE ( 'NONE', *, *, #3736, .F. ) ;
#4032 = B_SPLINE_CURVE_WITH_KNOTS ( 'NONE', 3,
 ( #3276, #4062, #4113, #6109 ),
 .UNSPECIFIED., .F., .F.,
 ( 4, 4 ),
 ( 0.000000000000000000, 1.000000000000000000 ),
 .UNSPECIFIED. ) ;
#4033 = CARTESIAN_POINT ( 'NONE',  ( -0.4896594199607741116, 0.8577151397599568350, 0.1440479652545895162 ) ) ;
#4034 = ORIENTED_EDGE ( 'NONE', *, *, #1928, .T. ) ;
#4035 = ORIENTED_EDGE ( 'NONE', *, *, #3099, .T. ) ;
#4036 = CYLINDRICAL_SURFACE ( 'NONE', #6575, 0.5340000000000000302 ) ;
#4037 = CARTESIAN_POINT ( 'NONE',  ( -1.013859724571285925, 0.5658004866359794827, 0.1016857329904641560 ) ) ;
#4038 = CARTESIAN_POINT ( 'NONE',  ( -1.354984767902285503, 0.07220445142353747181, 0.1323687398763689349 ) ) ;
#4039 = ORIENTED_EDGE ( 'NONE', *, *, #2553, .F. ) ;
#4040 = CARTESIAN_POINT ( 'NONE',  ( -0.9468512048092625477, 1.162046985207732641, 0.08632588282438838356 ) ) ;
#4041 = CARTESIAN_POINT ( 'NONE',  ( -1.013859724571285925, 0.5658004866359794827, 0.04100553047936803669 ) ) ;
#4042 = ADVANCED_FACE ( 'NONE', ( #5355, #6727 ), #8055, .T. ) ;
#4043 = CARTESIAN_POINT ( 'NONE',  ( -0.9621743812125540529, 1.163570216224946829, 0.07619413727022505967 ) ) ;
#4044 = CARTESIAN_POINT ( 'NONE',  ( -1.280114172823024532, 1.103488657742377477, 0.1303909448880329336 ) ) ;
#4045 = VERTEX_POINT ( 'NONE', #3989 ) ;
#4046 = AXIS2_PLACEMENT_3D ( 'NONE', #733, #3544, #1473 ) ;
#4047 = CIRCLE ( 'NONE', #509, 0.4510000000000001230 ) ;
#4048 = CARTESIAN_POINT ( 'NONE',  ( -1.013859724571285925, 0.5658004866359794827, 0.09619400962301037639 ) ) ;
#4049 = CARTESIAN_POINT ( 'NONE',  ( -1.345001861425395573, 1.066145405328940532, 0.1023303402400125156 ) ) ;
#4050 = DIRECTION ( 'NONE',  ( 1.000000000000000000, 0.000000000000000000, 0.000000000000000000 ) ) ;
#4051 = ORIENTED_EDGE ( 'NONE', *, *, #8720, .F. ) ;
#4052 = LINE ( 'NONE', #6829, #3636 ) ;
#4053 = CARTESIAN_POINT ( 'NONE',  ( -0.8756260621429297064, 1.149659591704696560, 0.01404521525280555232 ) ) ;
#4054 = CARTESIAN_POINT ( 'NONE',  ( -1.272317346591177012, 1.107279627010372858, 0.1234277565305413882 ) ) ;
#4055 = CARTESIAN_POINT ( 'NONE',  ( -0.5098597245712859216, 0.5658004866359794827, 0.3756034584419081224 ) ) ;
#4056 = CONICAL_SURFACE ( 'NONE', #4201, 0.4865582143213656452, 0.7853981633974498333 ) ;
#4057 = ORIENTED_EDGE ( 'NONE', *, *, #7271, .F. ) ;
#4058 = ORIENTED_EDGE ( 'NONE', *, *, #693, .F. ) ;
#4059 = CARTESIAN_POINT ( 'NONE',  ( -1.374694790917425857, 1.045173050405514337, 0.1384159584419080713 ) ) ;
#4060 = AXIS2_PLACEMENT_3D ( 'NONE', #3647, #5754, #3773 ) ;
#4061 = VERTEX_POINT ( 'NONE', #3163 ) ;
#4062 = CARTESIAN_POINT ( 'NONE',  ( -0.9028439664174801038, 1.155537811520648495, 0.05863948274746368095 ) ) ;
#4063 = CARTESIAN_POINT ( 'NONE',  ( -0.6072964997702856582, 1.007055905004311080, 0.1556034584419080935 ) ) ;
#4064 = ORIENTED_EDGE ( 'NONE', *, *, #920, .F. ) ;
#4065 = EDGE_CURVE ( 'NONE', #7767, #5481, #1829, .T. ) ;
#4066 = AXIS2_PLACEMENT_3D ( 'NONE', #2585, #2773, #5377 ) ;
#4067 = AXIS2_PLACEMENT_3D ( 'NONE', #184, #5147, #3761 ) ;
#4068 = ORIENTED_EDGE ( 'NONE', *, *, #6570, .F. ) ;
#4069 = CARTESIAN_POINT ( 'NONE',  ( -1.037290527394326256, -0.03374183709386972818, 0.07055144442174433872 ) ) ;
#4070 = CARTESIAN_POINT ( 'NONE',  ( -1.030293715053264281, 1.165575381039569924, 0.09560345844190808184 ) ) ;
#4071 = CARTESIAN_POINT ( 'NONE',  ( -1.383240330769002213, 1.038619656895612309, 0.1119015353649849970 ) ) ;
#4072 = CARTESIAN_POINT ( 'NONE',  ( -0.9532779870548140355, 1.162734195752398003, 0.01958709006500507221 ) ) ;
#4073 = CARTESIAN_POINT ( 'NONE',  ( -0.7081693202666917708, 1.082088661880867164, 0.1319512677324518324 ) ) ;
#4074 = AXIS2_PLACEMENT_3D ( 'NONE', #1786, #7240, #283 ) ;
#4075 = ORIENTED_EDGE ( 'NONE', *, *, #1437, .F. ) ;
#4076 = CARTESIAN_POINT ( 'NONE',  ( -1.300605565467631619, 0.03875061009542583174, 0.04358761342059994798 ) ) ;
#4077 = CARTESIAN_POINT ( 'NONE',  ( -1.282651464579750433, 0.02937621378544758716, 0.07652779533963423308 ) ) ;
#4078 = DIRECTION ( 'NONE',  ( -0.000000000000000000, -0.000000000000000000, 1.000000000000000000 ) ) ;
#4079 = EDGE_CURVE ( 'NONE', #3595, #22, #483, .T. ) ;
#4080 = EDGE_CURVE ( 'NONE', #1886, #2503, #1882, .T. ) ;
#4081 = ORIENTED_EDGE ( 'NONE', *, *, #2214, .F. ) ;
#4082 = AXIS2_PLACEMENT_3D ( 'NONE', #4624, #8800, #4123 ) ;
#4083 = AXIS2_PLACEMENT_3D ( 'NONE', #7895, #3695, #1659 ) ;
#4084 = CARTESIAN_POINT ( 'NONE',  ( -1.314226637070388559, 1.085203729224701208, 0.1166876014455828642 ) ) ;
#4085 = ORIENTED_EDGE ( 'NONE', *, *, #8206, .F. ) ;
#4086 = ORIENTED_EDGE ( 'NONE', *, *, #157, .F. ) ;
#4087 = FACE_OUTER_BOUND ( 'NONE', #8823, .T. ) ;
#4088 = CARTESIAN_POINT ( 'NONE',  ( -1.013859724571285925, 0.5658004866359794827, 0.07626977454767733255 ) ) ;
#4089 = CARTESIAN_POINT ( 'NONE',  ( -1.381444660362288079, 1.040017015268154710, 0.1372422726363113910 ) ) ;
#4090 = ORIENTED_EDGE ( 'NONE', *, *, #6183, .F. ) ;
#4091 = FACE_OUTER_BOUND ( 'NONE', #2660, .T. ) ;
#4092 = CYLINDRICAL_SURFACE ( 'NONE', #2906, 0.5999999999999998668 ) ;
#4093 = VECTOR ( 'NONE', #3277, 39.37007874015748143 ) ;
#4094 = CARTESIAN_POINT ( 'NONE',  ( -0.8529860653949221660, 1.143839480569985634, 0.07730685053592521727 ) ) ;
#4095 = EDGE_CURVE ( 'NONE', #2692, #7100, #1819, .T. ) ;
#4096 = CARTESIAN_POINT ( 'NONE',  ( -1.279876131204324530, 1.103606465964998895, 0.1256395161342157840 ) ) ;
#4097 = ORIENTED_EDGE ( 'NONE', *, *, #2933, .F. ) ;
#4098 = VECTOR ( 'NONE', #8802, 39.37007874015748143 ) ;
#4099 = DIRECTION ( 'NONE',  ( 0.000000000000000000, 0.000000000000000000, -1.000000000000000000 ) ) ;
#4100 = CARTESIAN_POINT ( 'NONE',  ( -1.004968444658575377, 1.165734766851027837, 0.02299501628464816622 ) ) ;
#4101 = ADVANCED_FACE ( 'NONE', ( #4497, #7281 ), #995, .T. ) ;
#4102 = CARTESIAN_POINT ( 'NONE',  ( -1.013859724571285925, 0.5501754866359795937, 0.07119400962301036806 ) ) ;
#4103 = CARTESIAN_POINT ( 'NONE',  ( -1.019999214451259517, 1.165769083888244406, 0.02324904499811169742 ) ) ;
#4104 = ORIENTED_EDGE ( 'NONE', *, *, #7374, .T. ) ;
#4105 = CARTESIAN_POINT ( 'NONE',  ( -0.5063597245712859740, 0.5658004866359795937, 0.3756034584419081224 ) ) ;
#4106 = CARTESIAN_POINT ( 'NONE',  ( -0.4865847584082069743, 0.8521247741011992449, 0.09866356115217399247 ) ) ;
#4107 = AXIS2_PLACEMENT_3D ( 'NONE', #4283, #7064, #6377 ) ;
#4108 = CYLINDRICAL_SURFACE ( 'NONE', #4776, 0.5999999999999998668 ) ;
#4109 = ORIENTED_EDGE ( 'NONE', *, *, #4430, .F. ) ;
#4110 = ORIENTED_EDGE ( 'NONE', *, *, #2394, .T. ) ;
#4111 = CARTESIAN_POINT ( 'NONE',  ( -1.006704400690145773, -0.03415685608516405569, 0.1221211044450574296 ) ) ;
#4112 = ORIENTED_EDGE ( 'NONE', *, *, #6435, .T. ) ;
#4113 = CARTESIAN_POINT ( 'NONE',  ( -0.8923374362434287610, 1.153462757298433283, 0.03167550705301924036 ) ) ;
#4114 = DIRECTION ( 'NONE',  ( -0.000000000000000000, -0.000000000000000000, 1.000000000000000000 ) ) ;
#4115 = ORIENTED_EDGE ( 'NONE', *, *, #195, .F. ) ;
#4116 = CARTESIAN_POINT ( 'NONE',  ( -0.5694899726934470330, 0.9689574790412308625, 0.1346238333918847174 ) ) ;
#4117 = CARTESIAN_POINT ( 'NONE',  ( -1.304463116623747698, 0.04087223579820740971, 0.1008430758554258039 ) ) ;
#4118 = CARTESIAN_POINT ( 'NONE',  ( -1.220002103728823784, 1.129276592518001054, 0.1146294641224747807 ) ) ;
#4119 = CARTESIAN_POINT ( 'NONE',  ( -1.387995079003854437, 1.034866299250388755, 0.1483919199803696298 ) ) ;
#4120 = CARTESIAN_POINT ( 'NONE',  ( -1.013859724571285925, 1.016800486635979661, 0.1411940096230107078 ) ) ;
#4121 = ORIENTED_EDGE ( 'NONE', *, *, #3911, .F. ) ;
#4122 = DIRECTION ( 'NONE',  ( 0.1674354004508663563, 0.9858830491878122215, 0.000000000000000000 ) ) ;
#4123 = DIRECTION ( 'NONE',  ( 1.000000000000000000, 0.000000000000000000, 0.000000000000000000 ) ) ;
#4124 = CARTESIAN_POINT ( 'NONE',  ( -0.9039474163688376862, -0.02404807449253988996, 0.1161354731842297872 ) ) ;
#4125 = ORIENTED_EDGE ( 'NONE', *, *, #5906, .F. ) ;
#4126 = B_SPLINE_CURVE_WITH_KNOTS ( 'NONE', 3,
 ( #7490, #6797, #8832, #3886 ),
 .UNSPECIFIED., .F., .F.,
 ( 4, 4 ),
 ( 0.000000000000000000, 1.000000000000000000 ),
 .UNSPECIFIED. ) ;
#4127 = CARTESIAN_POINT ( 'NONE',  ( -1.315084422960792532, 1.084706722988319383, 0.1245487325459991024 ) ) ;
#4128 = ORIENTED_EDGE ( 'NONE', *, *, #6094, .F. ) ;
#4129 = EDGE_LOOP ( 'NONE', ( #4137, #4848, #5666, #4706 ) ) ;
#4130 = ADVANCED_FACE ( 'NONE', ( #5406, #8192 ), #1914, .F. ) ;
#4131 = EDGE_CURVE ( 'NONE', #7193, #5632, #339, .T. ) ;
#4132 = EDGE_CURVE ( 'NONE', #5432, #3645, #7190, .T. ) ;
#4133 = CARTESIAN_POINT ( 'NONE',  ( -0.5726162610814459208, 0.9723768392488946199, 0.1070493760251362558 ) ) ;
#4134 = EDGE_CURVE ( 'NONE', #2819, #7646, #2290, .T. ) ;
#4135 = CARTESIAN_POINT ( 'NONE',  ( -1.464125022619656269, 0.5915329830833158109, 0.1511940096230110220 ) ) ;
#4136 = CARTESIAN_POINT ( 'NONE',  ( -1.341410671623881390, 0.06309587940525447636, 0.1449006080415708442 ) ) ;
#4137 = ORIENTED_EDGE ( 'NONE', *, *, #7792, .F. ) ;
#4138 = CARTESIAN_POINT ( 'NONE',  ( -0.9570156457192657840, 1.163101716708029310, 0.03109387907043299412 ) ) ;
#4139 = DIRECTION ( 'NONE',  ( 0.000000000000000000, 0.000000000000000000, 1.000000000000000000 ) ) ;
#4140 = CARTESIAN_POINT ( 'NONE',  ( -1.317522442171503272, 0.04831458702018182755, 0.05892583714265926115 ) ) ;
#4141 = CARTESIAN_POINT ( 'NONE',  ( -1.288973728840222543, 1.099011566941971552, 0.1470144111492724115 ) ) ;
#4142 = EDGE_CURVE ( 'NONE', #1132, #6396, #3359, .T. ) ;
#4143 = EDGE_LOOP ( 'NONE', ( #1690, #6749, #6056, #4741 ) ) ;
#4144 = FACE_OUTER_BOUND ( 'NONE', #8556, .T. ) ;
#4145 = CARTESIAN_POINT ( 'NONE',  ( -1.287676462384617082, 0.03192323653310397830, 0.04886511293130478550 ) ) ;
#4146 = CARTESIAN_POINT ( 'NONE',  ( -1.338084863303932615, 1.070654979944493101, 0.1125265353649850114 ) ) ;
#4147 = CARTESIAN_POINT ( 'NONE',  ( -1.017623129136105087, 1.165789673820613492, 0.02186968213278275147 ) ) ;
#4148 = VERTEX_POINT ( 'NONE', #3240 ) ;
#4149 = CARTESIAN_POINT ( 'NONE',  ( -0.9384348873255552448, 1.161041312729026664, 0.07668390353188740682 ) ) ;
#4150 = CARTESIAN_POINT ( 'NONE',  ( -0.8740728292716729575, -0.01769153098528512130, 0.1482640248559917995 ) ) ;
#4151 = B_SPLINE_CURVE_WITH_KNOTS ( 'NONE', 3,
 ( #8634, #280, #2268, #1692 ),
 .UNSPECIFIED., .F., .F.,
 ( 4, 4 ),
 ( 0.000000000000000000, 1.000000000000000000 ),
 .UNSPECIFIED. ) ;
#4152 = CARTESIAN_POINT ( 'NONE',  ( -0.6916590904967541142, 1.071949429819671451, 0.1077889034703775062 ) ) ;
#4153 = DIRECTION ( 'NONE',  ( 0.000000000000000000, 0.000000000000000000, 1.000000000000000000 ) ) ;
#4154 = ORIENTED_EDGE ( 'NONE', *, *, #3561, .T. ) ;
#4155 = ORIENTED_EDGE ( 'NONE', *, *, #7032, .T. ) ;
#4156 = CARTESIAN_POINT ( 'NONE',  ( -0.9977713389996966109, -0.03399904703454312976, 0.08324690310504750945 ) ) ;
#4157 = ORIENTED_EDGE ( 'NONE', *, *, #5880, .T. ) ;
#4158 = DIRECTION ( 'NONE',  ( 0.000000000000000000, 0.000000000000000000, 1.000000000000000000 ) ) ;
#4159 = ORIENTED_EDGE ( 'NONE', *, *, #3664, .T. ) ;
#4160 = ADVANCED_FACE ( 'NONE', ( #8698 ), #8609, .F. ) ;
#4161 = ORIENTED_EDGE ( 'NONE', *, *, #2553, .T. ) ;
#4162 = CARTESIAN_POINT ( 'NONE',  ( -0.4838527796560416760, 0.8470350766064466130, 0.1482795386639779445 ) ) ;
#4163 = LINE ( 'NONE', #8925, #3668 ) ;
#4164 = CARTESIAN_POINT ( 'NONE',  ( -1.225807137711110828, 1.127120083147687524, 0.1246493454847503596 ) ) ;
#4165 = CARTESIAN_POINT ( 'NONE',  ( -0.9497380269493744809, 1.162364587833469409, 0.01612356097599080065 ) ) ;
#4166 = CARTESIAN_POINT ( 'NONE',  ( -1.282754182896387318, 0.02942729188539645879, 0.1196290315496050666 ) ) ;
#4167 = ORIENTED_EDGE ( 'NONE', *, *, #1370, .F. ) ;
#4168 = CARTESIAN_POINT ( 'NONE',  ( -1.346489936346517036, 1.065157231096385937, 0.09501455124098187599 ) ) ;
#4169 = CARTESIAN_POINT ( 'NONE',  ( -1.182999072120027861, 1.141469619630856913, 0.1309584640764718533 ) ) ;
#4170 = EDGE_LOOP ( 'NONE', ( #57, #7725, #6845, #7045 ) ) ;
#4171 = CARTESIAN_POINT ( 'NONE',  ( -0.4760531840998427078, 0.8318301297213722689, 0.1519745410023125853 ) ) ;
#4172 = CARTESIAN_POINT ( 'NONE',  ( -0.4880242074687404230, 0.8547589766540069078, 0.1505914392111388500 ) ) ;
#4173 = ORIENTED_EDGE ( 'NONE', *, *, #4983, .T. ) ;
#4174 = ORIENTED_EDGE ( 'NONE', *, *, #5277, .T. ) ;
#4175 = DIRECTION ( 'NONE',  ( 0.000000000000000000, 0.000000000000000000, 1.000000000000000000 ) ) ;
#4176 = CARTESIAN_POINT ( 'NONE',  ( -1.013859724571285925, 0.5658004866359794827, 0.03554692555714249885 ) ) ;
#4177 = CARTESIAN_POINT ( 'NONE',  ( -1.352724447441002509, 0.07065249372306769970, 0.1354571075538318348 ) ) ;
#4178 = ORIENTED_EDGE ( 'NONE', *, *, #7916, .F. ) ;
#4179 = CARTESIAN_POINT ( 'NONE',  ( -0.4776166077067302007, 0.8349544655906708801, 0.09774883374044746054 ) ) ;
#4180 = FACE_BOUND ( 'NONE', #742, .T. ) ;
#4181 = CARTESIAN_POINT ( 'NONE',  ( -0.8599497640628300799, -0.01412748173910013255, 0.04143745640533876701 ) ) ;
#4182 = EDGE_CURVE ( 'NONE', #8284, #2139, #2793, .T. ) ;
#4183 = CARTESIAN_POINT ( 'NONE',  ( -0.5791896003402772219, 0.9793968411005574692, 0.09574343926679190764 ) ) ;
#4184 = ORIENTED_EDGE ( 'NONE', *, *, #3850, .F. ) ;
#4185 = CARTESIAN_POINT ( 'NONE',  ( -1.312988945188375389, 0.04567480197919780716, 0.1211442132955732054 ) ) ;
#4186 = DIRECTION ( 'NONE',  ( -1.000000000000000000, 0.000000000000000000, 0.000000000000000000 ) ) ;
#4187 = CARTESIAN_POINT ( 'NONE',  ( -1.340622074334523184, 1.069016761633317270, 0.1051802966600209749 ) ) ;
#4188 = CARTESIAN_POINT ( 'NONE',  ( -1.003961444123575575, 1.165719044388566106, 0.009739209129368308140 ) ) ;
#4189 = VERTEX_POINT ( 'NONE', #3565 ) ;
#4190 = CARTESIAN_POINT ( 'NONE',  ( -0.9281098369406787230, 1.159641425357608391, 0.06177495449372053665 ) ) ;
#4191 = DIRECTION ( 'NONE',  ( -0.000000000000000000, -0.000000000000000000, 1.000000000000000000 ) ) ;
#4192 = CARTESIAN_POINT ( 'NONE',  ( -1.333805550729411760, 1.073378447294222049, 0.1503519002014674921 ) ) ;
#4193 = EDGE_CURVE ( 'NONE', #5385, #676, #6864, .T. ) ;
#4194 = AXIS2_PLACEMENT_3D ( 'NONE', #5746, #3156, #2386 ) ;
#4195 = CARTESIAN_POINT ( 'NONE',  ( -1.299552991681571790, 1.093417865114531651, 0.1563099781855072090 ) ) ;
#4196 = ORIENTED_EDGE ( 'NONE', *, *, #7999, .T. ) ;
#4197 = EDGE_LOOP ( 'NONE', ( #3021, #8965, #48, #4058 ) ) ;
#4198 = CARTESIAN_POINT ( 'NONE',  ( -1.013859724571285925, 0.5658004866359794827, 0.07119400962301036806 ) ) ;
#4199 = CARTESIAN_POINT ( 'NONE',  ( -1.361686866614002289, 1.054693504771800683, 0.1226124949561178540 ) ) ;
#4200 = VERTEX_POINT ( 'NONE', #6305 ) ;
#4201 = AXIS2_PLACEMENT_3D ( 'NONE', #5033, #3697, #240 ) ;
#4202 = FACE_BOUND ( 'NONE', #2253, .T. ) ;
#4203 = ORIENTED_EDGE ( 'NONE', *, *, #1647, .F. ) ;
#4204 = CARTESIAN_POINT ( 'NONE',  ( -0.7084482304106494155, 1.082253600901512236, 0.09560345844190808184 ) ) ;
#4205 = ORIENTED_EDGE ( 'NONE', *, *, #1083, .F. ) ;
#4206 = AXIS2_PLACEMENT_3D ( 'NONE', #8504, #8548, #194 ) ;
#4207 = CARTESIAN_POINT ( 'NONE',  ( -0.4823417782224153627, 0.8441687011805153462, 0.1493661653903280984 ) ) ;
#4208 = CARTESIAN_POINT ( 'NONE',  ( -1.391325208655212142, 1.032192329315124280, 0.1025966485738951522 ) ) ;
#4209 = CARTESIAN_POINT ( 'NONE',  ( -1.230943233441995410, 1.125152674793392871, 0.1270724977998933525 ) ) ;
#4210 = CARTESIAN_POINT ( 'NONE',  ( -1.382559819476376406, 1.039151063584048407, 0.1441094566420425827 ) ) ;
#4211 = CARTESIAN_POINT ( 'NONE',  ( -1.240255256798206807, 1.121448839390549068, 0.1302159993493465506 ) ) ;
#4212 = VERTEX_POINT ( 'NONE', #2934 ) ;
#4213 = CARTESIAN_POINT ( 'NONE',  ( -1.013859724571285925, 0.5658004866359794827, 0.09560345844190808184 ) ) ;
#4214 = DIRECTION ( 'NONE',  ( -0.7074523561865251331, 0.7067610372156448717, 0.000000000000000000 ) ) ;
#4215 = LOCAL_TIME ( 12, 2, 7.000000000000000000, #7397 ) ;
#4216 = CARTESIAN_POINT ( 'NONE',  ( -1.013859724571285925, 0.5658004866359794827, 0.1209880738265234762 ) ) ;
#4217 = CARTESIAN_POINT ( 'NONE',  ( -0.8890961401317817314, 1.152685524780424409, 0.05137995082972858507 ) ) ;
#4218 = ORIENTED_EDGE ( 'NONE', *, *, #7713, .T. ) ;
#4219 = ORIENTED_EDGE ( 'NONE', *, *, #5471, .T. ) ;
#4220 = CONICAL_SURFACE ( 'NONE', #4960, 0.4724999999999999201, 1.047197551196588527 ) ;
#4221 = AXIS2_PLACEMENT_3D ( 'NONE', #574, #3387, #6167 ) ;
#4222 = CARTESIAN_POINT ( 'NONE',  ( -1.339230198801036664, 0.06168196823422374825, 0.1397940284048437010 ) ) ;
#4223 = FACE_OUTER_BOUND ( 'NONE', #970, .T. ) ;
#4224 = CARTESIAN_POINT ( 'NONE',  ( -1.112099048298086590, 1.157703380085319367, 0.1025265353649850164 ) ) ;
#4225 = ORIENTED_EDGE ( 'NONE', *, *, #5854, .F. ) ;
#4226 = CARTESIAN_POINT ( 'NONE',  ( -0.4842290329874320287, 0.8477428673140131599, 0.1040678592095224675 ) ) ;
#4227 = FACE_BOUND ( 'NONE', #6931, .T. ) ;
#4228 = CARTESIAN_POINT ( 'NONE',  ( -1.007277424144810141, -0.03416340671185810751, 0.1280143240662362791 ) ) ;
#4229 = AXIS2_PLACEMENT_3D ( 'NONE', #2760, #1277, #3997 ) ;
#4230 = CARTESIAN_POINT ( 'NONE',  ( -0.8533068548970561551, -0.01232741997540084088, 0.04596194980120138496 ) ) ;
#4231 = VECTOR ( 'NONE', #4153, 39.37007874015748143 ) ;
#4232 = CARTESIAN_POINT ( 'NONE',  ( -0.9969011952448788572, -0.03395980571679470261, 0.03554692555714249885 ) ) ;
#4233 = VERTEX_POINT ( 'NONE', #2836 ) ;
#4234 = CARTESIAN_POINT ( 'NONE',  ( -1.256334021495481901, 0.01697739224883911685, 0.1213814274270342136 ) ) ;
#4235 = CARTESIAN_POINT ( 'NONE',  ( -0.7037541543079468553, 1.079449008345076066, 0.1285585840218888276 ) ) ;
#4236 = CARTESIAN_POINT ( 'NONE',  ( -1.248545043215812944, 0.01360233269781521703, 0.1005195239596940321 ) ) ;
#4237 = CIRCLE ( 'NONE', #7416, 0.5999999999999997558 ) ;
#4238 = ORIENTED_EDGE ( 'NONE', *, *, #7923, .T. ) ;
#4239 = VERTEX_POINT ( 'NONE', #757 ) ;
#4240 = CARTESIAN_POINT ( 'NONE',  ( -0.4764708681428856951, 0.8326585331449356531, 0.1259880738265234945 ) ) ;
#4241 = CARTESIAN_POINT ( 'NONE',  ( -0.8437590828468666260, -0.009585601655884203737, 0.1274428050310140448 ) ) ;
#4242 = CARTESIAN_POINT ( 'NONE',  ( -0.6923389406945770208, 1.072381619504963357, 0.1051247565891771374 ) ) ;
#4243 = CIRCLE ( 'NONE', #2344, 0.5999999999999999778 ) ;
#4244 = CARTESIAN_POINT ( 'NONE',  ( -1.500417938892651737, 0.5658004866359794827, 0.2256034584419079059 ) ) ;
#4245 = ORIENTED_EDGE ( 'NONE', *, *, #5120, .F. ) ;
#4246 = ORIENTED_EDGE ( 'NONE', *, *, #6075, .F. ) ;
#4247 = B_SPLINE_CURVE_WITH_KNOTS ( 'NONE', 3,
 ( #1257, #6940, #4854, #9073, #3567, #1350, #1307, #6353, #8236, #4165, #5442, #4898, #2742, #7592, #655, #4072 ),
 .UNSPECIFIED., .F., .F.,
 ( 4, 1, 2, 2, 2, 1, 2, 2, 4 ),
 ( 0.000000000000000000, 0.1250000000000041356, 0.1874999999999882039, 0.2499999999999722999, 0.4999999999999386602, 0.6249999999999218403, 0.6874999999999280575, 0.7499999999999341638, 1.000000000000000000 ),
 .UNSPECIFIED. ) ;
#4248 = CARTESIAN_POINT ( 'NONE',  ( -0.5531245952670408306, 0.5501754866359794827, 0.07119400962301036806 ) ) ;
#4249 = ADVANCED_FACE ( 'NONE', ( #1391 ), #1537, .T. ) ;
#4250 = CARTESIAN_POINT ( 'NONE',  ( -1.032179956098650875, -0.03391995554910561678, 0.05203684749084473010 ) ) ;
#4251 = VECTOR ( 'NONE', #150, 39.37007874015748143 ) ;
#4252 = VERTEX_POINT ( 'NONE', #707 ) ;
#4253 = CARTESIAN_POINT ( 'NONE',  ( -1.178049517407391278, 1.142898978785349406, 0.1230783690531102870 ) ) ;
#4254 = ORIENTED_EDGE ( 'NONE', *, *, #2731, .T. ) ;
#4255 = DIRECTION ( 'NONE',  ( 0.000000000000000000, 0.000000000000000000, 1.000000000000000000 ) ) ;
#4256 = VERTEX_POINT ( 'NONE', #5676 ) ;
#4257 = ORIENTED_EDGE ( 'NONE', *, *, #2789, .T. ) ;
#4258 = CIRCLE ( 'NONE', #6584, 0.5040000000000000036 ) ;
#4259 = DIRECTION ( 'NONE',  ( 0.000000000000000000, 0.000000000000000000, 1.000000000000000000 ) ) ;
#4260 = CARTESIAN_POINT ( 'NONE',  ( -1.388785872864051640, 1.034234659070806250, 0.1029464374746616034 ) ) ;
#4261 = EDGE_CURVE ( 'NONE', #2337, #2357, #8526, .T. ) ;
#4262 = DIRECTION ( 'NONE',  ( -0.000000000000000000, -0.000000000000000000, 1.000000000000000000 ) ) ;
#4263 = CARTESIAN_POINT ( 'NONE',  ( -0.9275678178365974746, -0.02796318325305103755, 0.1317786104230824762 ) ) ;
#4264 = CARTESIAN_POINT ( 'NONE',  ( -1.275097630316113007, 0.02565666202135737789, 0.1323488227891038982 ) ) ;
#4265 = ORIENTED_EDGE ( 'NONE', *, *, #4362, .T. ) ;
#4266 = CARTESIAN_POINT ( 'NONE',  ( -1.387995079003854437, 1.034866299250388755, 0.1483919199803696298 ) ) ;
#4267 = FACE_OUTER_BOUND ( 'NONE', #2706, .T. ) ;
#4268 = CARTESIAN_POINT ( 'NONE',  ( -0.4732357791448937867, 0.8260422185263567307, 0.1337233265482489775 ) ) ;
#4269 = CARTESIAN_POINT ( 'NONE',  ( -0.4907982131289796990, 0.8597505997152333768, 0.1309016227716105207 ) ) ;
#4270 = ORIENTED_EDGE ( 'NONE', *, *, #708, .F. ) ;
#4271 = VERTEX_POINT ( 'NONE', #1497 ) ;
#4272 = CARTESIAN_POINT ( 'NONE',  ( -1.168686338371889066, 1.145480329013682574, 0.02524239506341917003 ) ) ;
#4273 = CARTESIAN_POINT ( 'NONE',  ( -1.248545043215812944, 0.01360233269781521703, 0.1005195239596940321 ) ) ;
#4274 = VERTEX_POINT ( 'NONE', #30 ) ;
#4275 = CARTESIAN_POINT ( 'NONE',  ( -0.4733728738766737609, 0.8263268102240409752, 0.1154227009677640109 ) ) ;
#4276 = CARTESIAN_POINT ( 'NONE',  ( -0.5576962662673914384, 0.9555631058136412337, 0.1209880738265234762 ) ) ;
#4277 = ORIENTED_EDGE ( 'NONE', *, *, #6312, .F. ) ;
#4278 = CARTESIAN_POINT ( 'NONE',  ( -1.336914289812436651, 1.071404854418999353, 0.1407512902402425214 ) ) ;
#4279 = FACE_OUTER_BOUND ( 'NONE', #1997, .T. ) ;
#4280 = DIRECTION ( 'NONE',  ( -0.000000000000000000, -0.000000000000000000, 1.000000000000000000 ) ) ;
#4281 = VERTEX_POINT ( 'NONE', #5621 ) ;
#4282 = CARTESIAN_POINT ( 'NONE',  ( -1.050351018093539146, 1.164714602098294804, 0.1242733302367799164 ) ) ;
#4283 = CARTESIAN_POINT ( 'NONE',  ( -1.013859724571285925, 0.5658004866359794827, 0.08849400962301035012 ) ) ;
#4284 = CARTESIAN_POINT ( 'NONE',  ( -1.379987072104459367, 1.041144534169326175, 0.1210771163571797426 ) ) ;
#4285 = ORIENTED_EDGE ( 'NONE', *, *, #3642, .F. ) ;
#4286 = VERTEX_POINT ( 'NONE', #7863 ) ;
#4287 = CARTESIAN_POINT ( 'NONE',  ( -0.4807587483967034614, 0.8411246082833359061, 0.1027369816636289485 ) ) ;
#4288 = CARTESIAN_POINT ( 'NONE',  ( -0.4908563695675122740, 0.8598540372943528354, 0.1260121122880619449 ) ) ;
#4289 = B_SPLINE_CURVE_WITH_KNOTS ( 'NONE', 3,
 ( #471, #6846, #568, #9016, #8971, #6063, #2739, #7399, #2693, #4617, #5482, #8278, #8871, #4805, #1304, #4116, #609, #1118, #3419, #6205, #5529, #3244, #8332, #6024 ),
 .UNSPECIFIED., .F., .F.,
 ( 4, 1, 2, 2, 2, 2, 1, 2, 2, 1, 1, 2, 2, 4 ),
 ( 0.000000000000000000, 0.06250000000000094369, 0.09374999999999780731, 0.1249999999999946709, 0.1874999999999883982, 0.2499999999999821254, 0.3749999999999764633, 0.4374999999999747979, 0.4999999999999731326, 0.6249999999999766853, 0.6874999999999790168, 0.7187499999999824585, 0.7499999999999857891, 1.000000000000000000 ),
 .UNSPECIFIED. ) ;
#4290 = CARTESIAN_POINT ( 'NONE',  ( -1.344585988740935489, 1.066420253601462198, 0.1561208984469765748 ) ) ;
#4291 = CARTESIAN_POINT ( 'NONE',  ( -1.339971760497990383, 1.069438212908640162, 0.1322005015952120999 ) ) ;
#4292 = VERTEX_POINT ( 'NONE', #7041 ) ;
#4293 = VERTEX_POINT ( 'NONE', #170 ) ;
#4294 = CARTESIAN_POINT ( 'NONE',  ( -1.002270842389811456, -0.03408876027532898451, 0.1098364529875392043 ) ) ;
#4295 = DIRECTION ( 'NONE',  ( -0.4999999999999972244, 0.000000000000000000, -0.8660254037844402619 ) ) ;
#4296 = DIRECTION ( 'NONE',  ( -1.000000000000000000, 0.000000000000000000, 0.000000000000000000 ) ) ;
#4297 = ORIENTED_EDGE ( 'NONE', *, *, #4801, .F. ) ;
#4298 = DIRECTION ( 'NONE',  ( 0.6190861795381927823, 0.7853230560124950799, 0.000000000000000000 ) ) ;
#4299 = ORIENTED_EDGE ( 'NONE', *, *, #7923, .F. ) ;
#4300 = EDGE_CURVE ( 'NONE', #5191, #2831, #7013, .T. ) ;
#4301 = ORIENTED_EDGE ( 'NONE', *, *, #4983, .F. ) ;
#4302 = CARTESIAN_POINT ( 'NONE',  ( -0.4870138566648836709, 0.8529127150293135395, 0.1331103388972922630 ) ) ;
#4303 = DIRECTION ( 'NONE',  ( 0.1122134992160462447, 0.9936841201275636859, 0.000000000000000000 ) ) ;
#4304 = CARTESIAN_POINT ( 'NONE',  ( -1.228528107173676442, 1.126083944113728474, 0.1261512242597061240 ) ) ;
#4305 = FACE_OUTER_BOUND ( 'NONE', #8740, .T. ) ;
#4306 = CARTESIAN_POINT ( 'NONE',  ( -1.281443462127003663, 0.02876778442785004816, 0.1236451726764136450 ) ) ;
#4307 = ORIENTED_EDGE ( 'NONE', *, *, #4331, .F. ) ;
#4308 = CARTESIAN_POINT ( 'NONE',  ( -1.338702028506890462, 1.070258390857711905, 0.09761722243266308940 ) ) ;
#4309 = DIRECTION ( 'NONE',  ( 0.000000000000000000, 0.000000000000000000, -1.000000000000000000 ) ) ;
#4310 = FACE_OUTER_BOUND ( 'NONE', #6128, .T. ) ;
#4311 = APPLICATION_CONTEXT ( 'configuration controlled 3d designs of mechanical parts and assemblies' ) ;
#4312 = CARTESIAN_POINT ( 'NONE',  ( -1.277123779003242143, 0.02664184797380636863, 0.08543258350293887748 ) ) ;
#4313 = ORIENTED_EDGE ( 'NONE', *, *, #2349, .F. ) ;
#4314 = EDGE_CURVE ( 'NONE', #5213, #5603, #8067, .T. ) ;
#4315 = CARTESIAN_POINT ( 'NONE',  ( -1.333821429935238223, 0.05823318023365453566, 0.07627357599298802138 ) ) ;
#4316 = CARTESIAN_POINT ( 'NONE',  ( -1.283421399113479744, 0.02976270474182209427, 0.05545158929650005619 ) ) ;
#4317 = VERTEX_POINT ( 'NONE', #849 ) ;
#4318 = LINE ( 'NONE', #7098, #3931 ) ;
#4319 = CARTESIAN_POINT ( 'NONE',  ( -0.9170606164565217044, 1.157940620761989337, 0.05387398094542949351 ) ) ;
#4320 = LINE ( 'NONE', #7101, #3073 ) ;
#4321 = CARTESIAN_POINT ( 'NONE',  ( -1.013859724571285925, 0.5658004866359794827, 0.08849400962301035012 ) ) ;
#4322 = CARTESIAN_POINT ( 'NONE',  ( -1.251892977505706384, 0.01503712460817452704, 0.07663290492300899037 ) ) ;
#4323 = ORIENTED_EDGE ( 'NONE', *, *, #5518, .F. ) ;
#4324 = CARTESIAN_POINT ( 'NONE',  ( -1.348529741461341080, 0.06780847915853080443, 0.04349746619697261035 ) ) ;
#4325 = CARTESIAN_POINT ( 'NONE',  ( -1.034200782961667731, -0.03385471865711142669, 0.07660439581666717013 ) ) ;
#4326 = CARTESIAN_POINT ( 'NONE',  ( -1.376890164497099667, 1.043512688061694060, 0.1145914894130189848 ) ) ;
#4327 = EDGE_LOOP ( 'NONE', ( #4090, #2438, #4779, #25, #8404 ) ) ;
#4328 = EDGE_LOOP ( 'NONE', ( #2380, #5478, #3386, #3701 ) ) ;
#4329 = CARTESIAN_POINT ( 'NONE',  ( -1.257850093324484719, 0.01765023341257913880, 0.1109339956124932303 ) ) ;
#4331 = EDGE_CURVE ( 'NONE', #5661, #1986, #2234, .T. ) ;
#4330 = FACE_OUTER_BOUND ( 'NONE', #2841, .T. ) ;
#4332 = CARTESIAN_POINT ( 'NONE',  ( -0.7059477995522357441, 1.080768212851807020, 0.09566371839174574176 ) ) ;
#4333 = CARTESIAN_POINT ( 'NONE',  ( -1.315179270585489002, 1.084652028752748354, 0.1483369279984450562 ) ) ;
#4334 = EDGE_LOOP ( 'NONE', ( #2786, #8277 ) ) ;
#4335 = ORIENTED_EDGE ( 'NONE', *, *, #1989, .T. ) ;
#4336 = DIRECTION ( 'NONE',  ( 0.000000000000000000, 0.000000000000000000, -1.000000000000000000 ) ) ;
#4337 = CARTESIAN_POINT ( 'NONE',  ( -1.232684021081971393, 1.124473945903928573, 0.1206327708604501281 ) ) ;
#4338 = CARTESIAN_POINT ( 'NONE',  ( -0.5640505928531897029, 0.9628796413855464920, 0.1144643968353582092 ) ) ;
#4339 = ORIENTED_EDGE ( 'NONE', *, *, #6608, .T. ) ;
#4340 = CARTESIAN_POINT ( 'NONE',  ( -1.168060027270114487, 1.145647247985553285, 0.004711531358574759867 ) ) ;
#4341 = ORIENTED_EDGE ( 'NONE', *, *, #7838, .F. ) ;
#4342 = AXIS2_PLACEMENT_3D ( 'NONE', #1712, #374, #4607 ) ;
#4343 = VERTEX_POINT ( 'NONE', #3667 ) ;
#4344 = CARTESIAN_POINT ( 'NONE',  ( -0.4871247132826121984, 0.8531160413561836853, 0.1274984287878193623 ) ) ;
#4345 = CARTESIAN_POINT ( 'NONE',  ( -0.5635944265229161365, 0.5915329830833159219, 0.08119400962301039082 ) ) ;
#4346 = CARTESIAN_POINT ( 'NONE',  ( -1.298995765204917552, 0.03788223681031556433, 0.1379903969149171294 ) ) ;
#4347 = AXIS2_PLACEMENT_3D ( 'NONE', #3204, #8873, #6117 ) ;
#4348 = CARTESIAN_POINT ( 'NONE',  ( -1.314812845967820998, 1.084864286218429452, 0.1315073002208840269 ) ) ;
#4349 = ORIENTED_EDGE ( 'NONE', *, *, #1940, .F. ) ;
#4350 = ADVANCED_FACE ( 'NONE', ( #892, #6254 ), #3195, .T. ) ;
#4351 = CARTESIAN_POINT ( 'NONE',  ( -1.331148438764446551, 1.075042939679393461, 0.1099217758477052942 ) ) ;
#4352 = DIRECTION ( 'NONE',  ( 0.000000000000000000, 1.000000000000000000, 0.000000000000000000 ) ) ;
#4353 = VECTOR ( 'NONE', #6332, 39.37007874015748143 ) ;
#4354 = CARTESIAN_POINT ( 'NONE',  ( -0.4744149657125130148, 0.8284778322470037759, 0.1455466601060928233 ) ) ;
#4355 = CARTESIAN_POINT ( 'NONE',  ( -0.6996899001168661592, 1.076972998464391873, 0.1322303337029440418 ) ) ;
#4356 = B_SPLINE_CURVE_WITH_KNOTS ( 'NONE', 3,
 ( #2919, #8455, #4332, #8549, #5711, #6291, #786, #1429, #19, #6970, #7114, #5565, #8366, #4883, #158, #7624, #5607, #8507, #5755, #3451, #1338, #4242, #7070, #2233, #5028, #4152, #6929, #641, #6239, #7664 ),
 .UNSPECIFIED., .F., .F.,
 ( 4, 2, 1, 1, 2, 2, 1, 2, 2, 2, 1, 2, 2, 1, 1, 2, 2, 4 ),
 ( 0.000000000000000000, 0.1249999999999648614, 0.1874999999999532874, 0.2187499999999501232, 0.2343749999999487077, 0.2499999999999472644, 0.3124999999999439892, 0.3437499999999458766, 0.3749999999999477640, 0.4999999999999558131, 0.6249999999999638067, 0.6874999999999671374, 0.7499999999999704681, 0.8124999999999737987, 0.8437499999999729106, 0.8593749999999741318, 0.8749999999999753530, 1.000000000000000000 ),
 .UNSPECIFIED. ) ;
#4357 = DIRECTION ( 'NONE',  ( 0.000000000000000000, -1.000000000000000000, 0.000000000000000000 ) ) ;
#4358 = CARTESIAN_POINT ( 'NONE',  ( -1.224293466412472053, 1.127688055723174099, 0.1556034584419080935 ) ) ;
#4359 = CARTESIAN_POINT ( 'NONE',  ( -1.279874661368125999, 0.02799363234962029198, 0.04814631342656231633 ) ) ;
#4360 = EDGE_CURVE ( 'NONE', #6366, #3499, #8031, .T. ) ;
#4361 = VERTEX_POINT ( 'NONE', #5171 ) ;
#4362 = EDGE_CURVE ( 'NONE', #6170, #8420, #5265, .T. ) ;
#4363 = CARTESIAN_POINT ( 'NONE',  ( -0.4846839498800540880, 0.8485954839172514808, 0.1048195384821053733 ) ) ;
#4364 = DIRECTION ( 'NONE',  ( 0.000000000000000000, -1.000000000000000000, 0.000000000000000000 ) ) ;
#4365 = CARTESIAN_POINT ( 'NONE',  ( -1.344966305557383057, 1.066169464656004928, 0.1491063845321398684 ) ) ;
#4366 = B_SPLINE_CURVE_WITH_KNOTS ( 'NONE', 3,
 ( #4889, #7453, #8513, #4199, #117, #2926, #3335, #1169, #8877, #2607, #1909, #3511, #3698, #7251, #7898, #6482, #7855, #202, #6566, #3783 ),
 .UNSPECIFIED., .F., .F.,
 ( 4, 1, 1, 2, 2, 2, 2, 2, 2, 2, 4 ),
 ( 0.000000000000000000, 0.1250000000000310862, 0.1875000000000576483, 0.2187500000000777156, 0.2500000000000978106, 0.5000000000000522915, 0.6250000000000411893, 0.7500000000000300870, 0.8125000000000225375, 0.8750000000000149880, 1.000000000000000000 ),
 .UNSPECIFIED. ) ;
#4367 = B_SPLINE_CURVE_WITH_KNOTS ( 'NONE', 3,
 ( #4340, #750, #794, #6445 ),
 .UNSPECIFIED., .F., .F.,
 ( 4, 4 ),
 ( 0.000000000000000000, 1.000000000000000000 ),
 .UNSPECIFIED. ) ;
#4368 = AXIS2_PLACEMENT_3D ( 'NONE', #5078, #4526, #3106 ) ;
#4369 = VECTOR ( 'NONE', #36, 39.37007874015748143 ) ;
#4370 = AXIS2_PLACEMENT_3D ( 'NONE', #6882, #4837, #6096 ) ;
#4371 = CARTESIAN_POINT ( 'NONE',  ( -0.4856005232265351856, 0.8503040655466912456, 0.1070801442317134977 ) ) ;
#4372 = VERTEX_POINT ( 'NONE', #1762 ) ;
#4373 = CARTESIAN_POINT ( 'NONE',  ( -1.006872273027439979, 1.165759877183803361, 0.02473334688821891489 ) ) ;
#4374 = CARTESIAN_POINT ( 'NONE',  ( -0.9273690862712637983, 1.159533904136997862, 0.03628625016186823316 ) ) ;
#4375 = CARTESIAN_POINT ( 'NONE',  ( -1.383666399836234628, 1.038286489528641665, 0.1240649969034465366 ) ) ;
#4376 = ORIENTED_EDGE ( 'NONE', *, *, #4707, .T. ) ;
#4377 = ORIENTED_EDGE ( 'NONE', *, *, #2566, .T. ) ;
#4378 = CARTESIAN_POINT ( 'NONE',  ( -1.256677581592587689, 0.01712959337383402475, 0.1144039407616954801 ) ) ;
#4379 = DIRECTION ( 'NONE',  ( 0.000000000000000000, -1.000000000000000000, 0.000000000000000000 ) ) ;
#4380 = AXIS2_PLACEMENT_3D ( 'NONE', #1089, #363, #2405 ) ;
#4381 = VECTOR ( 'NONE', #675, 39.37007874015748143 ) ;
#4382 = LINE ( 'NONE', #7203, #3452 ) ;
#4383 = CARTESIAN_POINT ( 'NONE',  ( -1.320160526239052112, 1.081727088789671720, 0.1396141989404866279 ) ) ;
#4384 = ORIENTED_EDGE ( 'NONE', *, *, #8799, .T. ) ;
#4385 = AXIS2_PLACEMENT_3D ( 'NONE', #2424, #8659, #6494 ) ;
#4386 = AXIS2_PLACEMENT_3D ( 'NONE', #7976, #962, #6046 ) ;
#4387 = CARTESIAN_POINT ( 'NONE',  ( -0.7237023272452162148, 1.090975395382542734, 0.1286803815188311828 ) ) ;
#4388 = B_SPLINE_CURVE_WITH_KNOTS ( 'NONE', 3,
 ( #8567, #2291, #5085, #7867 ),
 .UNSPECIFIED., .F., .F.,
 ( 4, 4 ),
 ( 0.000000000000000000, 1.000000000000000000 ),
 .UNSPECIFIED. ) ;
#4389 = CARTESIAN_POINT ( 'NONE',  ( -0.4908563695675122740, 0.8598540372943528354, 0.1260121122880619449 ) ) ;
#4390 = CARTESIAN_POINT ( 'NONE',  ( -1.247404165025134626, 0.01311884741399618574, 0.04100553047936803669 ) ) ;
#4391 = AXIS2_PLACEMENT_3D ( 'NONE', #2995, #7232, #8578 ) ;
#4392 = DIRECTION ( 'NONE',  ( 1.000000000000000000, 0.000000000000000000, 0.000000000000000000 ) ) ;
#4393 = ORIENTED_EDGE ( 'NONE', *, *, #7549, .F. ) ;
#4394 = ORIENTED_EDGE ( 'NONE', *, *, #2169, .F. ) ;
#4395 = DIRECTION ( 'NONE',  ( 1.000000000000000000, 0.000000000000000000, 0.000000000000000000 ) ) ;
#4396 = CARTESIAN_POINT ( 'NONE',  ( -1.386157335322818485, 1.036326687211486686, 0.1040658896658356591 ) ) ;
#4397 = AXIS2_PLACEMENT_3D ( 'NONE', #4663, #6115, #1952 ) ;
#4398 = CARTESIAN_POINT ( 'NONE',  ( -1.301748779354060748, 1.092222673402750921, 0.09514223939959437493 ) ) ;
#4399 = CARTESIAN_POINT ( 'NONE',  ( -1.013859724571285925, 0.5658004866359794827, 0.09619400962301037639 ) ) ;
#4400 = EDGE_LOOP ( 'NONE', ( #4650, #4245, #2090 ) ) ;
#4401 = FACE_BOUND ( 'NONE', #8268, .T. ) ;
#4402 = CARTESIAN_POINT ( 'NONE',  ( -1.215182966965895117, 1.131016332195639462, 0.1556034584419080935 ) ) ;
#4403 = AXIS2_PLACEMENT_3D ( 'NONE', #255, #7086, #211 ) ;
#4404 = B_SPLINE_CURVE_WITH_KNOTS ( 'NONE', 3,
 ( #8503, #7891, #5026, #3500, #6288, #17, #6335, #7805, #1425, #738, #1478, #1523, #3549, #5656, #8453, #2180, #5158, #234, #4596, #7377, #3175, #6003, #8018, #6556 ),
 .UNSPECIFIED., .F., .F.,
 ( 4, 1, 1, 1, 2, 2, 1, 2, 2, 1, 1, 2, 2, 2, 4 ),
 ( 0.000000000000000000, 0.1249999999999997224, 0.1874999999999965028, 0.2187500000000044964, 0.2343749999999986122, 0.2499999999999927280, 0.3750000000000060507, 0.4375000000000104361, 0.5000000000000148770, 0.6250000000000195399, 0.6875000000000145439, 0.7187500000000121014, 0.7500000000000095479, 0.8750000000000046629, 1.000000000000000000 ),
 .UNSPECIFIED. ) ;
#4405 = CYLINDRICAL_SURFACE ( 'NONE', #266, 0.5999999999999998668 ) ;
#4406 = EDGE_CURVE ( 'NONE', #8228, #8712, #4829, .T. ) ;
#4407 = DIRECTION ( 'NONE',  ( 0.3447628392938954511, -0.9386898234464948754, 0.000000000000000000 ) ) ;
#4408 = CARTESIAN_POINT ( 'NONE',  ( -1.375822535808220115, 1.044322193916943142, 0.1454583092699979485 ) ) ;
#4409 = EDGE_CURVE ( 'NONE', #3394, #4281, #8654, .T. ) ;
#4410 = DIRECTION ( 'NONE',  ( 0.3878960122960100620, 0.9217031429071150805, 0.000000000000000000 ) ) ;
#4411 = DIRECTION ( 'NONE',  ( 0.000000000000000000, 0.000000000000000000, -1.000000000000000000 ) ) ;
#4412 = CARTESIAN_POINT ( 'NONE',  ( -0.8656325582136719099, 1.147202849164368432, 0.09560345844190808184 ) ) ;
#4413 = DIRECTION ( 'NONE',  ( 0.7192514278108764758, 0.6947498712428924472, 0.000000000000000000 ) ) ;
#4414 = CARTESIAN_POINT ( 'NONE',  ( -0.9191895264834026857, 1.158284782358784293, 0.06728698465000297613 ) ) ;
#4415 = CARTESIAN_POINT ( 'NONE',  ( -1.013859724571285925, 0.5658004866359794827, 0.07086030389131804663 ) ) ;
#4416 = ADVANCED_FACE ( 'NONE', ( #6573 ), #253, .T. ) ;
#4417 = EDGE_CURVE ( 'NONE', #2422, #1453, #2377, .T. ) ;
#4418 = CARTESIAN_POINT ( 'NONE',  ( -0.9270510856543242584, 1.159487491891597610, 0.04567603289436539260 ) ) ;
#4419 = VERTEX_POINT ( 'NONE', #3877 ) ;
#4420 = DIRECTION ( 'NONE',  ( -0.000000000000000000, -0.000000000000000000, 1.000000000000000000 ) ) ;
#4421 = CARTESIAN_POINT ( 'NONE',  ( -0.9294395580102040588, 1.159831901985124203, 0.02430696335816907167 ) ) ;
#4422 = CARTESIAN_POINT ( 'NONE',  ( -0.7028294195423797630, 1.078889844800005937, 0.1274961390023087449 ) ) ;
#4423 = B_SPLINE_CURVE_WITH_KNOTS ( 'NONE', 3,
 ( #9045, #678, #2030, #2816 ),
 .UNSPECIFIED., .F., .F.,
 ( 4, 4 ),
 ( 0.000000000000000000, 1.000000000000000000 ),
 .UNSPECIFIED. ) ;
#4424 = ORIENTED_EDGE ( 'NONE', *, *, #4362, .F. ) ;
#4425 = VERTEX_POINT ( 'NONE', #7390 ) ;
#4426 = CARTESIAN_POINT ( 'NONE',  ( -1.254625389772975330, 0.01622599792719322045, 0.1165053425664390463 ) ) ;
#4427 = CARTESIAN_POINT ( 'NONE',  ( -1.013859724571285925, 0.5658004866359794827, 0.1511940096230103281 ) ) ;
#4428 = CARTESIAN_POINT ( 'NONE',  ( -0.9170381417166508786, 1.157936943252761308, 0.03772975141872672578 ) ) ;
#4429 = CARTESIAN_POINT ( 'NONE',  ( -1.322381451230720151, 1.080401637664545778, 0.1284595947493464563 ) ) ;
#4430 = EDGE_CURVE ( 'NONE', #3492, #6452, #562, .T. ) ;
#4431 = ORIENTED_EDGE ( 'NONE', *, *, #4193, .F. ) ;
#4432 = LINE ( 'NONE', #7811, #8296 ) ;
#4433 = CYLINDRICAL_SURFACE ( 'NONE', #5954, 0.5175000000000001821 ) ;
#4434 = CARTESIAN_POINT ( 'NONE',  ( -1.013859724571285925, 0.5658004866359794827, 0.1556034584419080935 ) ) ;
#4435 = CARTESIAN_POINT ( 'NONE',  ( -1.327958605273673154, 0.05458437498484468992, 0.1102085844584380497 ) ) ;
#4436 = ORIENTED_EDGE ( 'NONE', *, *, #5522, .F. ) ;
#4437 = EDGE_LOOP ( 'NONE', ( #4218, #3316, #479, #5201 ) ) ;
#4438 = CARTESIAN_POINT ( 'NONE',  ( -1.030088743195234580, -0.03397999557212617872, 0.1041775321296779661 ) ) ;
#4439 = CARTESIAN_POINT ( 'NONE',  ( -1.360481535641901329, 1.055549584847965905, 0.09799447433609766167 ) ) ;
#4440 = CARTESIAN_POINT ( 'NONE',  ( -1.317343632009400523, 1.083390317594884023, 0.1055735429404529718 ) ) ;
#4441 = DIRECTION ( 'NONE',  ( 0.000000000000000000, 0.000000000000000000, -1.000000000000000000 ) ) ;
#4442 = EDGE_LOOP ( 'NONE', ( #7546, #783, #796, #3442, #6734, #490, #4844, #8951, #5366, #4874, #761, #1419, #3733, #8963, #4845, #6403, #1299, #6523, #897, #153, #4792, #2879, #2152, #1344, #6136, #1387, #6766, #7506, #5505, #7461, #2914, #5408 ) ) ;
#4443 = CARTESIAN_POINT ( 'NONE',  ( -1.360205252004333065, 0.07585540130717551011, 0.1025619744666146221 ) ) ;
#4444 = CARTESIAN_POINT ( 'NONE',  ( -1.359738794152100194, 1.056073544578054246, 0.1090741224365561063 ) ) ;
#4445 = CARTESIAN_POINT ( 'NONE',  ( -0.5778405214291656433, 0.9779743494030936901, 0.1552318000904172879 ) ) ;
#4446 = CARTESIAN_POINT ( 'NONE',  ( -1.226203316041108771, 1.126969848677815911, 0.09804563331714416519 ) ) ;
#4447 = CARTESIAN_POINT ( 'NONE',  ( -1.375140152733884014, 1.044837512609390506, 0.1430027834337360415 ) ) ;
#4448 = CARTESIAN_POINT ( 'NONE',  ( -0.8619750483608003000, -0.01465719968173692135, 0.08544356567404641500 ) ) ;
#4449 = CARTESIAN_POINT ( 'NONE',  ( -1.531123786124957142, 0.5814254866359793716, 0.09619400962301105640 ) ) ;
#4450 = CARTESIAN_POINT ( 'NONE',  ( -1.232987814001487381, 1.124354788993132015, 0.1288654521910765627 ) ) ;
#4451 = DIRECTION ( 'NONE',  ( 0.000000000000000000, 0.000000000000000000, 1.000000000000000000 ) ) ;
#4452 = CARTESIAN_POINT ( 'NONE',  ( -0.9174909672328033228, 1.158010807123100783, 0.05840229326346103866 ) ) ;
#4453 = CARTESIAN_POINT ( 'NONE',  ( -1.013859724571285925, 0.5658004866359794827, 0.3756034584419081224 ) ) ;
#4454 = CARTESIAN_POINT ( 'NONE',  ( -1.228838524305719604, 1.125964865288738848, 0.1324923969699210446 ) ) ;
#4455 = EDGE_LOOP ( 'NONE', ( #8245, #2590, #3275, #6896 ) ) ;
#4456 = CARTESIAN_POINT ( 'NONE',  ( -1.603859724571286449, 0.5658004866359794827, 0.2556034584419079603 ) ) ;
#4457 = DIRECTION ( 'NONE',  ( 0.000000000000000000, -1.000000000000000000, 0.000000000000000000 ) ) ;
#4458 = CARTESIAN_POINT ( 'NONE',  ( -0.7048348012849461330, 1.080099618258687499, 0.1279111507496004108 ) ) ;
#4459 = ORIENTED_EDGE ( 'NONE', *, *, #6076, .T. ) ;
#4460 = ORIENTED_EDGE ( 'NONE', *, *, #4065, .F. ) ;
#4461 = DIRECTION ( 'NONE',  ( 0.8278538517517212147, 0.5609438475817691838, 0.000000000000000000 ) ) ;
#4462 = CARTESIAN_POINT ( 'NONE',  ( -1.179679178052809085, 1.142432005759837832, 0.08560345844190808684 ) ) ;
#4463 = EDGE_CURVE ( 'NONE', #936, #173, #6708, .T. ) ;
#4464 = EDGE_CURVE ( 'NONE', #4773, #4682, #1799, .T. ) ;
#4465 = DIRECTION ( 'NONE',  ( 0.000000000000000000, 0.000000000000000000, 1.000000000000000000 ) ) ;
#4466 = LINE ( 'NONE', #3910, #4970 ) ;
#4467 = ORIENTED_EDGE ( 'NONE', *, *, #2855, .T. ) ;
#4468 = B_SPLINE_CURVE_WITH_KNOTS ( 'NONE', 3,
 ( #6898, #8279, #8183, #1905, #610, #5344, #2049, #8132, #5531, #1207, #7488, #6207, #7449, #9017, #8333, #4852, #1165, #652, #3282, #3464, #8830, #2556, #3980, #6754, #474, #6064, #8872, #2600, #7195 ),
 .UNSPECIFIED., .F., .F.,
 ( 4, 1, 1, 2, 2, 2, 2, 2, 2, 2, 2, 2, 1, 2, 2, 4 ),
 ( 0.000000000000000000, 0.06250000000000091593, 0.09375000000000151268, 0.1093750000000006800, 0.1249999999999998612, 0.1875000000000003053, 0.2500000000000007216, 0.4999999999999946709, 0.6249999999999915623, 0.6874999999999833467, 0.7499999999999750200, 0.8749999999999583666, 0.9062499999999606981, 0.9218749999999618083, 0.9374999999999629186, 1.000000000000000000 ),
 .UNSPECIFIED. ) ;
#4469 = CARTESIAN_POINT ( 'NONE',  ( -0.9120596450583364767, -0.02550040446021781954, 0.09051697043586993952 ) ) ;
#4470 = CARTESIAN_POINT ( 'NONE',  ( -0.5780650037112929907, 0.9782117481208919552, 0.1482139092015436199 ) ) ;
#4471 = DIRECTION ( 'NONE',  ( 0.000000000000000000, -1.000000000000000000, 0.000000000000000000 ) ) ;
#4472 = EDGE_CURVE ( 'NONE', #4793, #3862, #7568, .T. ) ;
#4473 = CARTESIAN_POINT ( 'NONE',  ( -1.034749314270533738, -0.03383575757485197261, 0.1249599730597281411 ) ) ;
#4474 = EDGE_CURVE ( 'NONE', #1715, #8137, #246, .T. ) ;
#4475 = CARTESIAN_POINT ( 'NONE',  ( -1.301102650270399286, 1.092575232054342260, 0.1491111306025625360 ) ) ;
#4476 = ORIENTED_EDGE ( 'NONE', *, *, #8272, .F. ) ;
#4477 = CARTESIAN_POINT ( 'NONE',  ( -1.013859724571285925, 0.5658004866359794827, 0.3756034584419081224 ) ) ;
#4478 = CARTESIAN_POINT ( 'NONE',  ( -1.363895930553084446, 1.053115426116258968, 0.1014945099720445248 ) ) ;
#4479 = CARTESIAN_POINT ( 'NONE',  ( -1.321771212918855687, 1.080767076647784153, 0.1178561668121081152 ) ) ;
#4480 = DIRECTION ( 'NONE',  ( -0.000000000000000000, -0.000000000000000000, 1.000000000000000000 ) ) ;
#4481 = ORIENTED_EDGE ( 'NONE', *, *, #3599, .F. ) ;
#4482 = CARTESIAN_POINT ( 'NONE',  ( -0.7097423884398406102, 1.083016733349395633, 0.1217573045957542482 ) ) ;
#4483 = CARTESIAN_POINT ( 'NONE',  ( -0.8070020209949486656, 0.002586592568082721026, 0.1456034584419080014 ) ) ;
#4484 = APPROVAL_DATE_TIME ( #1804, #7242 ) ;
#4485 = CARTESIAN_POINT ( 'NONE',  ( -0.4795819308991488561, 0.8388342136941892013, 0.1558912439141309503 ) ) ;
#4486 = AXIS2_PLACEMENT_3D ( 'NONE', #8926, #1906, #3885 ) ;
#4487 = CARTESIAN_POINT ( 'NONE',  ( -1.232515705464565681, 1.124539845672833716, 0.09598134743746954134 ) ) ;
#4488 = CIRCLE ( 'NONE', #1096, 0.5340000000000000302 ) ;
#4489 = CARTESIAN_POINT ( 'NONE',  ( -1.332365371243370289, 0.05728712522074674157, 0.03529146591444784486 ) ) ;
#4490 = CARTESIAN_POINT ( 'NONE',  ( -1.383666399836234628, 1.038286489528641665, 0.1240649969034465366 ) ) ;
#4491 = CARTESIAN_POINT ( 'NONE',  ( -0.5531265540850116569, 0.5814254866359794827, 0.09619596731552911006 ) ) ;
#4492 = CARTESIAN_POINT ( 'NONE',  ( -0.5531304717209751809, 0.5814254866359794827, 0.07119988270054497526 ) ) ;
#4493 = CARTESIAN_POINT ( 'NONE',  ( -1.231079834666950479, 1.125100100991408780, 0.1301895302117953845 ) ) ;
#4494 = CARTESIAN_POINT ( 'NONE',  ( -1.531123786124957142, 0.5501754866359794827, 0.08849400962301103013 ) ) ;
#4495 = CARTESIAN_POINT ( 'NONE',  ( -1.175573985764352569, 1.143596844438531157, 0.1299026823750600856 ) ) ;
#4496 = VECTOR ( 'NONE', #6684, 39.37007874015748143 ) ;
#4497 = FACE_BOUND ( 'NONE', #5244, .T. ) ;
#4498 = DIRECTION ( 'NONE',  ( 0.000000000000000000, 0.000000000000000000, -1.000000000000000000 ) ) ;
#4499 = ORIENTED_EDGE ( 'NONE', *, *, #8527, .F. ) ;
#4500 = VERTEX_POINT ( 'NONE', #4835 ) ;
#4501 = CIRCLE ( 'NONE', #2454, 0.5999999999999997558 ) ;
#4502 = CARTESIAN_POINT ( 'NONE',  ( -1.013859724571285925, 0.5658004866359794827, -0.07439654155809191649 ) ) ;
#4503 = DIRECTION ( 'NONE',  ( 0.7071067811865493491, 0.000000000000000000, 0.7071067811865456854 ) ) ;
#4504 = CARTESIAN_POINT ( 'NONE',  ( -0.9682271330010049359, 1.164062693567702089, 0.04235643936799177167 ) ) ;
#4505 = VERTEX_POINT ( 'NONE', #5557 ) ;
#4506 = CARTESIAN_POINT ( 'NONE',  ( -1.297577773140335289, 1.094481930339246345, 0.1017573045957542444 ) ) ;
#4507 = CARTESIAN_POINT ( 'NONE',  ( -0.9465316250416582200, 1.162010958712517583, 0.1556034584419080935 ) ) ;
#4508 = EDGE_CURVE ( 'NONE', #4567, #3412, #3975, .T. ) ;
#4509 = CIRCLE ( 'NONE', #6976, 0.5899999999999999689 ) ;
#4510 = LINE ( 'NONE', #882, #5804 ) ;
#4511 = VECTOR ( 'NONE', #7597, 39.37007874015748854 ) ;
#4512 = CARTESIAN_POINT ( 'NONE',  ( -1.170074752010815899, 1.145110465787477327, 0.09891770174163458385 ) ) ;
#4513 = ORIENTED_EDGE ( 'NONE', *, *, #7153, .F. ) ;
#4514 = VECTOR ( 'NONE', #2796, 39.37007874015748143 ) ;
#4515 = CARTESIAN_POINT ( 'NONE',  ( -0.8725747922117265132, -0.01732952328395896691, 0.1187366698100647128 ) ) ;
#4516 = AXIS2_PLACEMENT_3D ( 'NONE', #3250, #5488, #4028 ) ;
#4517 = DIRECTION ( 'NONE',  ( -0.2179884899211349258, -0.9759513401096918672, 0.000000000000000000 ) ) ;
#4518 = CARTESIAN_POINT ( 'NONE',  ( -1.239977849551040068, 1.121561760525803697, 0.1217573045957542482 ) ) ;
#4519 = DIRECTION ( 'NONE',  ( 0.000000000000000000, 0.000000000000000000, -1.000000000000000000 ) ) ;
#4520 = CARTESIAN_POINT ( 'NONE',  ( -1.527788924852560015, 0.5814254866359793716, 0.08272732996386648885 ) ) ;
#4521 = EDGE_LOOP ( 'NONE', ( #3766, #1048, #2484 ) ) ;
#4522 = VECTOR ( 'NONE', #1126, 39.37007874015748143 ) ;
#4523 = AXIS2_PLACEMENT_3D ( 'NONE', #6479, #3552, #2921 ) ;
#4524 = EDGE_LOOP ( 'NONE', ( #132, #8358, #5031, #3563 ) ) ;
#4525 = EDGE_CURVE ( 'NONE', #2197, #6086, #6436, .T. ) ;
#4526 = DIRECTION ( 'NONE',  ( -0.000000000000000000, -0.000000000000000000, 1.000000000000000000 ) ) ;
#4527 = EDGE_CURVE ( 'NONE', #5457, #3060, #7887, .T. ) ;
#4528 = DIRECTION ( 'NONE',  ( -0.000000000000000000, -0.000000000000000000, 1.000000000000000000 ) ) ;
#4529 = CARTESIAN_POINT ( 'NONE',  ( -1.315347324206948443, 0.04703813572133472981, 0.1433225936453604021 ) ) ;
#4530 = AXIS2_PLACEMENT_3D ( 'NONE', #4434, #7344, #7983 ) ;
#4531 = ORIENTED_EDGE ( 'NONE', *, *, #5909, .T. ) ;
#4532 = CARTESIAN_POINT ( 'NONE',  ( -1.357464594749290931, 0.07393056927907803999, 0.09381570320624395276 ) ) ;
#4533 = CARTESIAN_POINT ( 'NONE',  ( -1.279321541096503534, 0.02772046120050317142, 0.1347813677015817224 ) ) ;
#4534 = B_SPLINE_CURVE_WITH_KNOTS ( 'NONE', 3,
 ( #7085, #7042, #2794, #7678, #4947, #4118, #758, #7730, #611, #6401, #1449, #8377, #5579, #653, #4164, #2741, #6939, #4304, #6899, #1392, #5677, #4209, #2837, #128, #6991, #4897, #2936, #2003 ),
 .UNSPECIFIED., .F., .F.,
 ( 4, 1, 2, 2, 2, 1, 2, 2, 1, 1, 2, 2, 1, 1, 2, 2, 4 ),
 ( 0.000000000000000000, 0.06249999999998166744, 0.09374999999997109257, 0.1249999999999605038, 0.2499999999999165112, 0.3749999999998725464, 0.4374999999998496758, 0.4999999999998268052, 0.6249999999997917222, 0.6874999999997766231, 0.7187499999997715161, 0.7499999999997665201, 0.8124999999997648548, 0.8437499999997666311, 0.8593749999997819522, 0.8749999999997971623, 1.000000000000000000 ),
 .UNSPECIFIED. ) ;
#4535 = CARTESIAN_POINT ( 'NONE',  ( -0.4817018035229067019, 0.8429429537273055439, 0.1563726892111388656 ) ) ;
#4536 = AXIS2_PLACEMENT_3D ( 'NONE', #2526, #3291, #5187 ) ;
#4537 = DIRECTION ( 'NONE',  ( 0.4712041281604530951, 0.8820241887865362118, 0.000000000000000000 ) ) ;
#4538 = CARTESIAN_POINT ( 'NONE',  ( -1.358316915874744124, 0.07452739935523620962, 0.06572545356294549890 ) ) ;
#4539 = CARTESIAN_POINT ( 'NONE',  ( -0.9378129523735738715, -0.02936079440179786837, 0.1123029996982577577 ) ) ;
#4540 = CARTESIAN_POINT ( 'NONE',  ( -0.4815210247682004674, 0.8425958295666388098, 0.1494346728229274113 ) ) ;
#4541 = CARTESIAN_POINT ( 'NONE',  ( -1.332638182385743608, 0.05748926815517917815, 0.07086030389131804663 ) ) ;
#4542 = EDGE_CURVE ( 'NONE', #6984, #3310, #4243, .T. ) ;
#4543 = CARTESIAN_POINT ( 'NONE',  ( -0.6279901730594222853, 1.025361722483620008, 0.1105273366470363311 ) ) ;
#4544 = CARTESIAN_POINT ( 'NONE',  ( -0.5531285129029899217, 0.5501754866359794827, 0.07119792500804061897 ) ) ;
#4545 = CARTESIAN_POINT ( 'NONE',  ( -1.351608643160454593, 1.061709480628172386, 0.1490715719273329187 ) ) ;
#4546 = DIRECTION ( 'NONE',  ( 0.000000000000000000, 0.000000000000000000, 1.000000000000000000 ) ) ;
#4547 = CARTESIAN_POINT ( 'NONE',  ( -1.013859724571286147, 0.5658004866359794827, 0.1511940096230102448 ) ) ;
#4548 = ORIENTED_EDGE ( 'NONE', *, *, #2110, .T. ) ;
#4549 = EDGE_CURVE ( 'NONE', #7439, #2728, #4423, .T. ) ;
#4550 = ORIENTED_EDGE ( 'NONE', *, *, #5750, .T. ) ;
#4551 = AXIS2_PLACEMENT_3D ( 'NONE', #267, #7831, #3756 ) ;
#4552 = CARTESIAN_POINT ( 'NONE',  ( -0.5157784155123357195, 0.9003376223536794232, 0.09616044816296577535 ) ) ;
#4553 = ADVANCED_FACE ( 'NONE', ( #6880, #6331 ), #1331, .F. ) ;
#4554 = CARTESIAN_POINT ( 'NONE',  ( -0.9271538058490486067, 1.159502503140720009, 0.03991693508532777324 ) ) ;
#4555 = CARTESIAN_POINT ( 'NONE',  ( -0.9534914218829751986, 1.162756030384651806, 0.007070012902620438112 ) ) ;
#4556 = EDGE_LOOP ( 'NONE', ( #529, #1790, #1978, #1689, #5786, #3575, #6828 ) ) ;
#4557 = LINE ( 'NONE', #8680, #844 ) ;
#4558 = CARTESIAN_POINT ( 'NONE',  ( -1.172314060496779442, 1.144499221745737039, 0.1109723070535207218 ) ) ;
#4559 = CARTESIAN_POINT ( 'NONE',  ( -0.9407258076992757179, 1.161327113386341647, 0.004775009350753337163 ) ) ;
#4560 = CARTESIAN_POINT ( 'NONE',  ( -1.174671593300982142, 1.143848584502570542, 0.09677065280326850594 ) ) ;
#4561 = VERTEX_POINT ( 'NONE', #3924 ) ;
#4562 = CARTESIAN_POINT ( 'NONE',  ( -0.8633252427744599888, -0.01500876723118861958, 0.1031625563122484657 ) ) ;
#4563 = CARTESIAN_POINT ( 'NONE',  ( -0.5746308543426961180, 0.9745523553991944921, 0.1465172190128377350 ) ) ;
#4564 = CARTESIAN_POINT ( 'NONE',  ( -0.8793850719211024902, -0.01894716038414273607, 0.1492512779554363844 ) ) ;
#4565 = CARTESIAN_POINT ( 'NONE',  ( -1.274117030297550190, 1.106416955954198977, 0.1131016063827065543 ) ) ;
#4566 = CARTESIAN_POINT ( 'NONE',  ( -0.6358001328419805587, 1.031709217077329876, 0.1108318238265234568 ) ) ;
#4567 = VERTEX_POINT ( 'NONE', #1421 ) ;
#4568 = CARTESIAN_POINT ( 'NONE',  ( -1.020950257324461319, -0.03416358193929153186, 0.09513015979931226107 ) ) ;
#4569 = CARTESIAN_POINT ( 'NONE',  ( -1.366598175135836479, 1.051161780513683475, 0.1098857789058663992 ) ) ;
#4570 = DIRECTION ( 'NONE',  ( -0.2403028831366839924, 0.9706979573256541149, 0.000000000000000000 ) ) ;
#4571 = VERTEX_POINT ( 'NONE', #4876 ) ;
#4572 = CARTESIAN_POINT ( 'NONE',  ( -1.360573625108511431, 0.07611745530421822059, 0.1117637923166142216 ) ) ;
#4573 = CARTESIAN_POINT ( 'NONE',  ( -0.5911755956717714700, 0.9916386333260788222, 0.1486803815188311728 ) ) ;
#4574 = CALENDAR_DATE ( 2023, 6, 3 ) ;
#4575 = ADVANCED_FACE ( 'NONE', ( #3405, #7020 ), #734, .T. ) ;
#4576 = LINE ( 'NONE', #7316, #2329 ) ;
#4577 = EDGE_CURVE ( 'NONE', #111, #1283, #2630, .T. ) ;
#4578 = DIRECTION ( 'NONE',  ( -0.7071067811865378028, 0.000000000000000000, -0.7071067811865571207 ) ) ;
#4579 = LINE ( 'NONE', #1770, #2148 ) ;
#4580 = DIRECTION ( 'NONE',  ( -0.000000000000000000, -0.000000000000000000, 1.000000000000000000 ) ) ;
#4581 = CARTESIAN_POINT ( 'NONE',  ( -0.5694908763819196418, 0.9689584293319604136, 0.1007597084419080830 ) ) ;
#4582 = DIRECTION ( 'NONE',  ( -0.1258430373828105520, 0.9920501650331341459, 0.000000000000000000 ) ) ;
#4583 = CARTESIAN_POINT ( 'NONE',  ( -1.134290591816847549, -0.02198893672453126544, 0.1404266281101961555 ) ) ;
#4584 = CARTESIAN_POINT ( 'NONE',  ( -1.327388970259719692, 0.05423467430226591723, 0.06854959003145516538 ) ) ;
#4585 = DIRECTION ( 'NONE',  ( -0.000000000000000000, -0.000000000000000000, 1.000000000000000000 ) ) ;
#4586 = CARTESIAN_POINT ( 'NONE',  ( -1.309717456526316770, 0.04381547120111094901, 0.07160853534541299081 ) ) ;
#4587 = EDGE_CURVE ( 'NONE', #6431, #3517, #6034, .T. ) ;
#4588 = B_SPLINE_CURVE_WITH_KNOTS ( 'NONE', 3,
 ( #2406, #5159, #5027, #5710, #5197, #2231, #7241, #1698, #5065, #7200, #7806, #6433 ),
 .UNSPECIFIED., .F., .F.,
 ( 4, 2, 1, 1, 2, 2, 4 ),
 ( 0.000000000000000000, 0.2499999999998695488, 0.3749999999998399614, 0.4374999999998522293, 0.4687499999998344657, 0.4999999999998165912, 1.000000000000000000 ),
 .UNSPECIFIED. ) ;
#4589 = CARTESIAN_POINT ( 'NONE',  ( -1.013859724571285925, 0.5658004866359794827, 0.3756034584419081224 ) ) ;
#4590 = VERTEX_POINT ( 'NONE', #4456 ) ;
#4591 = ORIENTED_EDGE ( 'NONE', *, *, #5272, .T. ) ;
#4592 = CARTESIAN_POINT ( 'NONE',  ( -0.5231769000375154910, 0.9110985468735778303, 0.1088692764685479236 ) ) ;
#4593 = CARTESIAN_POINT ( 'NONE',  ( -1.448691160700595004, 0.9792271695601981740, 0.1556034584419080935 ) ) ;
#4594 = CARTESIAN_POINT ( 'NONE',  ( -0.9450370085221698746, 1.161840877330419852, 0.004793866123803994760 ) ) ;
#4595 = ORIENTED_EDGE ( 'NONE', *, *, #5854, .T. ) ;
#4596 = CARTESIAN_POINT ( 'NONE',  ( -1.366803429388673718, 1.051012567551226073, 0.1442213681344275966 ) ) ;
#4597 = DIRECTION ( 'NONE',  ( 1.000000000000000000, 0.000000000000000000, 0.000000000000000000 ) ) ;
#4598 = CARTESIAN_POINT ( 'NONE',  ( -0.8343957714040296514, -0.006731337382197357527, 0.09190214353719480811 ) ) ;
#4599 = CARTESIAN_POINT ( 'NONE',  ( -0.8693740758672705571, 1.148143939693176518, 0.004711531358574759867 ) ) ;
#4600 = ORIENTED_EDGE ( 'NONE', *, *, #8559, .T. ) ;
#4601 = EDGE_CURVE ( 'NONE', #206, #3413, #8542, .T. ) ;
#4602 = CARTESIAN_POINT ( 'NONE',  ( -0.8704935181336187489, -0.01682000819486685270, 0.1167865151475665220 ) ) ;
#4603 = CARTESIAN_POINT ( 'NONE',  ( -1.013859724571285925, 0.5658004866359794827, 0.1209880738265234762 ) ) ;
#4604 = FACE_OUTER_BOUND ( 'NONE', #2901, .T. ) ;
#4605 = B_SPLINE_CURVE_WITH_KNOTS ( 'NONE', 3,
 ( #7307, #4568, #1062, #3876, #3703, #3014, #1629, #4438, #7216, #932, #6705, #8078, #7389 ),
 .UNSPECIFIED., .F., .F.,
 ( 4, 2, 1, 1, 1, 2, 2, 4 ),
 ( 0.000000000000000000, 0.2500000000000306977, 0.3750000000000466294, 0.4375000000000551781, 0.4687500000000623945, 0.4843750000000660028, 0.5000000000000696110, 1.000000000000000000 ),
 .UNSPECIFIED. ) ;
#4606 = CARTESIAN_POINT ( 'NONE',  ( -1.289050144662255981, 1.098973544691721038, 0.09629611792007931881 ) ) ;
#4607 = DIRECTION ( 'NONE',  ( 0.4712041281604530951, 0.8820241887865362118, 0.000000000000000000 ) ) ;
#4608 = ORIENTED_EDGE ( 'NONE', *, *, #4508, .T. ) ;
#4609 = DIRECTION ( 'NONE',  ( -0.1472684802946964411, 0.9890965547972001559, 0.000000000000000000 ) ) ;
#4610 = CARTESIAN_POINT ( 'NONE',  ( -1.365688584669288774, 1.051821876239896536, 0.1052310627332058712 ) ) ;
#4611 = CARTESIAN_POINT ( 'NONE',  ( -1.280091930192295724, 0.02810130234707898869, 0.06805009272473883097 ) ) ;
#4612 = VERTEX_POINT ( 'NONE', #7926 ) ;
#4613 = CARTESIAN_POINT ( 'NONE',  ( -0.6984712699585228224, 1.076222001363731584, 0.1119616315188311922 ) ) ;
#4614 = CARTESIAN_POINT ( 'NONE',  ( -1.435648536409549925, 0.9925255252104746573, 0.1062303517063641206 ) ) ;
#4615 = PERSON_AND_ORGANIZATION_ROLE ( 'creator' ) ;
#4616 = CARTESIAN_POINT ( 'NONE',  ( -1.305964731504539289, 1.089897697657824516, 0.1549744557948205259 ) ) ;
#4617 = CARTESIAN_POINT ( 'NONE',  ( -0.5709216182727261391, 0.9705298597943664562, 0.1405602317807645163 ) ) ;
#4618 = CARTESIAN_POINT ( 'NONE',  ( -1.383892385942652181, 1.038109583973658046, 0.1161687773541949104 ) ) ;
#4619 = CARTESIAN_POINT ( 'NONE',  ( -0.8867833320148348353, -0.02058811357282280124, 0.03480979938655206357 ) ) ;
#4620 = CARTESIAN_POINT ( 'NONE',  ( -0.7084787543700469259, 1.082271663812163220, 0.1315995574797104717 ) ) ;
#4621 = CARTESIAN_POINT ( 'NONE',  ( -1.331758270312676018, 0.05693849403101335777, 0.1053507507439426227 ) ) ;
#4622 = ORIENTED_EDGE ( 'NONE', *, *, #1182, .T. ) ;
#4623 = CARTESIAN_POINT ( 'NONE',  ( -1.322885511280570636, 0.05149580104496442878, 0.03892825356225881189 ) ) ;
#4624 = CARTESIAN_POINT ( 'NONE',  ( -1.013859724571285925, 0.5658004866359794827, 0.3756034584419081224 ) ) ;
#4625 = CARTESIAN_POINT ( 'NONE',  ( -1.165957655462808162, 1.146202351814229026, 0.1218804074640317675 ) ) ;
#4626 = CARTESIAN_POINT ( 'NONE',  ( -1.329506661435865711, 0.05553855044729766322, 0.1207929415452769772 ) ) ;
#4627 = CIRCLE ( 'NONE', #4046, 0.5999999999999998668 ) ;
#4628 = VECTOR ( 'NONE', #3144, 39.37007874015748143 ) ;
#4629 = CARTESIAN_POINT ( 'NONE',  ( -0.8810088698895187642, 1.150907870293307766, 0.02898559120850134965 ) ) ;
#4630 = ORIENTED_EDGE ( 'NONE', *, *, #2170, .F. ) ;
#4631 = VERTEX_POINT ( 'NONE', #780 ) ;
#4632 = ADVANCED_FACE ( 'NONE', ( #188 ), #5704, .T. ) ;
#4633 = CARTESIAN_POINT ( 'NONE',  ( -0.5161693750892727417, 0.9009189211972191691, 0.09741099041469004904 ) ) ;
#4634 = EDGE_CURVE ( 'NONE', #5894, #173, #3037, .T. ) ;
#4635 = CARTESIAN_POINT ( 'NONE',  ( -0.9549792912289072344, 1.162904429048625232, 0.06856120003935575746 ) ) ;
#4636 = CARTESIAN_POINT ( 'NONE',  ( -0.9646412691527611605, 1.163778418901211698, 0.02040516926586417867 ) ) ;
#4637 = VECTOR ( 'NONE', #4002, 39.37007874015748143 ) ;
#4638 = ORIENTED_EDGE ( 'NONE', *, *, #7770, .F. ) ;
#4639 = CARTESIAN_POINT ( 'NONE',  ( -0.9538613083298200790, 1.162795008341668268, 0.08421429085079507049 ) ) ;
#4640 = FACE_OUTER_BOUND ( 'NONE', #2247, .T. ) ;
#4641 = CARTESIAN_POINT ( 'NONE',  ( -1.402907716239807590, 1.022573581485807237, 0.1025265353649850164 ) ) ;
#4642 = CARTESIAN_POINT ( 'NONE',  ( -1.035622612540370691, -0.03380469738701149390, 0.06655724145384996071 ) ) ;
#4643 = ORIENTED_EDGE ( 'NONE', *, *, #5272, .F. ) ;
#4644 = CARTESIAN_POINT ( 'NONE',  ( -0.6987644903367942195, 1.076403076492718380, 0.1091938710657475997 ) ) ;
#4645 = CARTESIAN_POINT ( 'NONE',  ( -0.4877555917687658726, 0.8542701601617516127, 0.1512184649882778453 ) ) ;
#4646 = CARTESIAN_POINT ( 'NONE',  ( -1.330625654541963909, 0.05623192407621413480, 0.06343808515465726439 ) ) ;
#4647 = CONICAL_SURFACE ( 'NONE', #9040, 0.4610000000000000764, 0.7853981633974517207 ) ;
#4648 = DIRECTION ( 'NONE',  ( -0.4546042468718615726, -0.8906935380511457057, 0.000000000000000000 ) ) ;
#4649 = DIRECTION ( 'NONE',  ( -0.3614166297962755348, -0.9324044292616278096, 0.000000000000000000 ) ) ;
#4650 = ORIENTED_EDGE ( 'NONE', *, *, #310, .F. ) ;
#4651 = AXIS2_PLACEMENT_3D ( 'NONE', #9074, #33, #3568 ) ;
#4652 = CARTESIAN_POINT ( 'NONE',  ( -0.6759802536836562181, 1.061620484041301271, 0.1578476060303795059 ) ) ;
#4653 = ORIENTED_EDGE ( 'NONE', *, *, #4869, .F. ) ;
#4654 = CARTESIAN_POINT ( 'NONE',  ( -1.062322247813671350, 1.163840103919802305, 0.1386082661342157851 ) ) ;
#4655 = CARTESIAN_POINT ( 'NONE',  ( -1.437131076303375332, 0.9910550405828559839, 0.1115420834729561883 ) ) ;
#4656 = PERSON_AND_ORGANIZATION ( #4725, #1851 ) ;
#4657 = AXIS2_PLACEMENT_3D ( 'NONE', #5098, #7878, #4413 ) ;
#4658 = VECTOR ( 'NONE', #8828, 39.37007874015748854 ) ;
#4659 = EDGE_CURVE ( 'NONE', #2127, #4765, #8570, .T. ) ;
#4660 = EDGE_CURVE ( 'NONE', #7497, #7528, #5849, .T. ) ;
#4661 = CARTESIAN_POINT ( 'NONE',  ( -1.013859724571285925, 1.073300486635979434, 0.1511940096230103281 ) ) ;
#4662 = CARTESIAN_POINT ( 'NONE',  ( -1.387008414596123451, 1.035651654983364311, 0.09613043135819787643 ) ) ;
#4663 = CARTESIAN_POINT ( 'NONE',  ( -1.013859724571285925, 0.5658004866359794827, 0.1286803815188311828 ) ) ;
#4664 = VECTOR ( 'NONE', #5480, 39.37007874015748143 ) ;
#4665 = DIRECTION ( 'NONE',  ( 1.000000000000000000, 0.000000000000000000, 0.000000000000000000 ) ) ;
#4666 = CARTESIAN_POINT ( 'NONE',  ( -0.9365452434003375126, -0.02919749137846307588, 0.06837393811223145546 ) ) ;
#4667 = CARTESIAN_POINT ( 'NONE',  ( -0.7102939815606299501, 1.083340696283080939, 0.1300119665722528073 ) ) ;
#4668 = CARTESIAN_POINT ( 'NONE',  ( -1.021658918055821097, -0.03414900632515300433, 0.04149170032208071568 ) ) ;
#4669 = ORIENTED_EDGE ( 'NONE', *, *, #4014, .F. ) ;
#4670 = CARTESIAN_POINT ( 'NONE',  ( -1.336916855121643710, 0.06019311701372457440, 0.04212167508637455760 ) ) ;
#4671 = DIRECTION ( 'NONE',  ( 0.000000000000000000, 0.000000000000000000, -1.000000000000000000 ) ) ;
#4672 = CYLINDRICAL_SURFACE ( 'NONE', #1574, 0.5999999999999998668 ) ;
#4673 = CARTESIAN_POINT ( 'NONE',  ( -1.317827889636833616, 0.04849628501480382492, 0.07597645414384884832 ) ) ;
#4674 = VECTOR ( 'NONE', #2463, 39.37007874015748143 ) ;
#4675 = CARTESIAN_POINT ( 'NONE',  ( -1.299124110416847611, 1.093649489206791836, 0.1018152593390881794 ) ) ;
#4676 = VERTEX_POINT ( 'NONE', #1610 ) ;
#4677 = EDGE_CURVE ( 'NONE', #7929, #6029, #7018, .T. ) ;
#4678 = ORIENTED_EDGE ( 'NONE', *, *, #8051, .F. ) ;
#4679 = CARTESIAN_POINT ( 'NONE',  ( -1.206748411044288538, 1.133950074887805526, 0.09560345844190808184 ) ) ;
#4680 = CARTESIAN_POINT ( 'NONE',  ( -0.9500202412737035473, 1.162394977173809352, 0.07483156692059493575 ) ) ;
#4681 = CARTESIAN_POINT ( 'NONE',  ( -0.9643516802833770329, 1.163754467551522565, 0.01969353484025230042 ) ) ;
#4682 = VERTEX_POINT ( 'NONE', #3686 ) ;
#4683 = DIRECTION ( 'NONE',  ( -0.000000000000000000, -0.000000000000000000, 1.000000000000000000 ) ) ;
#4684 = CARTESIAN_POINT ( 'NONE',  ( -0.5780331657461753592, 0.9781783696732133659, 0.1029341829124089253 ) ) ;
#4685 = EDGE_CURVE ( 'NONE', #998, #6007, #1883, .T. ) ;
#4686 = CARTESIAN_POINT ( 'NONE',  ( -0.8559439291594708177, 1.144654539299070573, 0.06901024262994231995 ) ) ;
#4687 = EDGE_CURVE ( 'NONE', #2486, #5384, #5871, .T. ) ;
#4688 = AXIS2_PLACEMENT_3D ( 'NONE', #3118, #2429, #2257 ) ;
#4689 = CARTESIAN_POINT ( 'NONE',  ( -1.296691754245727468, 1.094956664446176342, 0.1494157273668763886 ) ) ;
#4690 = ORIENTED_EDGE ( 'NONE', *, *, #5306, .T. ) ;
#4691 = CARTESIAN_POINT ( 'NONE',  ( -0.7023146963950297472, 1.078577226783050014, 0.1038754052290786906 ) ) ;
#4692 = CARTESIAN_POINT ( 'NONE',  ( -1.002237313758556514, 1.165688118753231972, 0.007283398629537930422 ) ) ;
#4693 = ORIENTED_EDGE ( 'NONE', *, *, #6860, .F. ) ;
#4694 = CARTESIAN_POINT ( 'NONE',  ( -0.9275428157203795543, 1.159559187485101672, 0.05719451862483836135 ) ) ;
#4695 = CARTESIAN_POINT ( 'NONE',  ( -1.328698210835715710, 0.05503951446127704206, 0.06165310489338564348 ) ) ;
#4696 = CARTESIAN_POINT ( 'NONE',  ( -0.7447982982898142534, 1.102089540120553268, 0.1209880738265234762 ) ) ;
#4697 = EDGE_CURVE ( 'NONE', #3889, #7350, #5413, .T. ) ;
#4698 = CARTESIAN_POINT ( 'NONE',  ( -0.8780906132845464063, 1.150237663109227260, 0.02237794176589289960 ) ) ;
#4699 = ORIENTED_EDGE ( 'NONE', *, *, #5422, .F. ) ;
#4700 = ADVANCED_FACE ( 'NONE', ( #1474 ), #8181, .T. ) ;
#4701 = EDGE_LOOP ( 'NONE', ( #1404, #4128, #2410, #8252, #3506, #4097, #5525, #6379 ) ) ;
#4702 = CARTESIAN_POINT ( 'NONE',  ( -1.374760809200552547, 1.045123358538123215, 0.1365742439618232995 ) ) ;
#4703 = ORIENTED_EDGE ( 'NONE', *, *, #8950, .F. ) ;
#4704 = CARTESIAN_POINT ( 'NONE',  ( -1.184897490797986341, 1.140905766149374667, 0.1240649969034465366 ) ) ;
#4705 = CARTESIAN_POINT ( 'NONE',  ( -1.277246547228401363, 0.02670179407944810873, 0.08527435020701365498 ) ) ;
#4706 = ORIENTED_EDGE ( 'NONE', *, *, #8720, .T. ) ;
#4707 = EDGE_CURVE ( 'NONE', #1633, #2375, #7238, .T. ) ;
#4708 = LINE ( 'NONE', #8129, #7293 ) ;
#4709 = CARTESIAN_POINT ( 'NONE',  ( -1.389564113344716301, 1.033613024976973049, 0.09569096938740169478 ) ) ;
#4710 = DIRECTION ( 'NONE',  ( -0.000000000000000000, -0.000000000000000000, 1.000000000000000000 ) ) ;
#4711 = CARTESIAN_POINT ( 'NONE',  ( -0.5332046775557837126, 0.9249254311588088751, 0.1132957661342157835 ) ) ;
#4712 = CARTESIAN_POINT ( 'NONE',  ( -0.9236019926997649510, -0.02737358759819405810, 0.04842011067660634271 ) ) ;
#4713 = EDGE_CURVE ( 'NONE', #4682, #593, #717, .T. ) ;
#4714 = CARTESIAN_POINT ( 'NONE',  ( -0.5708888522038116919, 0.9704939744888231301, 0.09921024842432997481 ) ) ;
#4715 = CARTESIAN_POINT ( 'NONE',  ( -1.023193032021621152, 1.165727890054124360, 0.03449505739606809063 ) ) ;
#4716 = ORIENTED_EDGE ( 'NONE', *, *, #2057, .F. ) ;
#4717 = LINE ( 'NONE', #7455, #543 ) ;
#4718 = DIRECTION ( 'NONE',  ( -0.01831786621108872498, 0.9998322138126340963, 0.000000000000000000 ) ) ;
#4719 = DIRECTION ( 'NONE',  ( 0.000000000000000000, 0.000000000000000000, -1.000000000000000000 ) ) ;
#4720 = DIRECTION ( 'NONE',  ( -0.000000000000000000, -0.000000000000000000, 1.000000000000000000 ) ) ;
#4721 = ORIENTED_EDGE ( 'NONE', *, *, #8613, .F. ) ;
#4722 = VERTEX_POINT ( 'NONE', #3218 ) ;
#4723 = CARTESIAN_POINT ( 'NONE',  ( -0.4882139307963544450, 0.8551042278493466986, 0.1500231665354014865 ) ) ;
#4724 = VERTEX_POINT ( 'NONE', #2487 ) ;
#4725 = PERSON ( 'UNSPECIFIED', 'UNSPECIFIED', 'UNSPECIFIED', ('UNSPECIFIED'), ('UNSPECIFIED'), ('UNSPECIFIED') ) ;
#4726 = ORIENTED_EDGE ( 'NONE', *, *, #334, .T. ) ;
#4727 = CARTESIAN_POINT ( 'NONE',  ( -1.013859724571285925, 0.5658004866359794827, 0.3756034584419081224 ) ) ;
#4728 = CARTESIAN_POINT ( 'NONE',  ( -0.9561705129949207294, 1.163020677685215665, 0.06493256515602692514 ) ) ;
#4729 = CARTESIAN_POINT ( 'NONE',  ( -1.321797440892989783, 0.05084965124819837423, 0.1496728495125420055 ) ) ;
#4730 = EDGE_CURVE ( 'NONE', #1157, #7846, #1110, .T. ) ;
#4731 = VERTEX_POINT ( 'NONE', #4679 ) ;
#4732 = CARTESIAN_POINT ( 'NONE',  ( -0.9604401171373052604, 1.163417709899833730, 0.07884626020598060891 ) ) ;
#4733 = CARTESIAN_POINT ( 'NONE',  ( -1.327026990583447530, 0.05401244088559000595, 0.1171165483547950831 ) ) ;
#4734 = CARTESIAN_POINT ( 'NONE',  ( -0.9662613878311270277, 1.163909547806963651, 0.06556808023661403473 ) ) ;
#4735 = CARTESIAN_POINT ( 'NONE',  ( -1.280156645224169720, 1.103467624010370907, 0.1307611021138622154 ) ) ;
#4736 = ORIENTED_EDGE ( 'NONE', *, *, #6887, .F. ) ;
#4737 = B_SPLINE_CURVE_WITH_KNOTS ( 'NONE', 3,
 ( #8532, #5050, #1548, #4355, #859, #178, #5776, #2106, #5588, #8571, #8389, #2296, #3530, #1597 ),
 .UNSPECIFIED., .F., .F.,
 ( 4, 1, 2, 2, 1, 2, 2, 4 ),
 ( 0.000000000000000000, 0.1249999999999898970, 0.1874999999999793776, 0.2499999999999688582, 0.3749999999999326095, 0.4374999999999317768, 0.4999999999999309441, 1.000000000000000000 ),
 .UNSPECIFIED. ) ;
#4738 = DIRECTION ( 'NONE',  ( -0.004216314179714753148, 0.9999911113078645553, 0.000000000000000000 ) ) ;
#4739 = DIRECTION ( 'NONE',  ( 0.000000000000000000, 0.000000000000000000, 1.000000000000000000 ) ) ;
#4740 = DIRECTION ( 'NONE',  ( -0.000000000000000000, -0.000000000000000000, 1.000000000000000000 ) ) ;
#4741 = ORIENTED_EDGE ( 'NONE', *, *, #1835, .F. ) ;
#4742 = ADVANCED_FACE ( 'NONE', ( #7463 ), #1303, .F. ) ;
#4743 = CARTESIAN_POINT ( 'NONE',  ( -0.9285558436482977962, 1.159705671448040487, 0.06395760472919126416 ) ) ;
#4744 = CARTESIAN_POINT ( 'NONE',  ( -0.8717703255756188430, 1.148736617198776067, 0.02476166713136682476 ) ) ;
#4745 = CARTESIAN_POINT ( 'NONE',  ( -1.281138335854582477, 1.102980424091693390, 0.1155714133232471214 ) ) ;
#4746 = LINE ( 'NONE', #8314, #3026 ) ;
#4747 = VERTEX_POINT ( 'NONE', #3993 ) ;
#4748 = ORIENTED_EDGE ( 'NONE', *, *, #4587, .F. ) ;
#4749 = CARTESIAN_POINT ( 'NONE',  ( -1.375698475209999438, 1.044416181687443101, 0.1319925162368646432 ) ) ;
#4750 = EDGE_CURVE ( 'NONE', #2608, #6410, #3540, .T. ) ;
#4751 = EDGE_LOOP ( 'NONE', ( #6852, #8369, #3341, #2881 ) ) ;
#4752 = DIRECTION ( 'NONE',  ( 1.340356163439797636E-34, -0.5004443416173572912, 0.8657687109980182205 ) ) ;
#4753 = CARTESIAN_POINT ( 'NONE',  ( -1.437855166756270453, 0.9903330118991909847, 0.1136082661342157907 ) ) ;
#4754 = VERTEX_POINT ( 'NONE', #3395 ) ;
#4755 = CARTESIAN_POINT ( 'NONE',  ( -1.037247464036160638, -0.03374351812323998778, 0.1405604821509479629 ) ) ;
#4756 = DIRECTION ( 'NONE',  ( -0.3616238195114746534, -0.9323240923423209425, 0.000000000000000000 ) ) ;
#4757 = CARTESIAN_POINT ( 'NONE',  ( -1.387374087842229597, 1.035360989980306679, 0.1200855050423114551 ) ) ;
#4758 = CARTESIAN_POINT ( 'NONE',  ( -1.384457079352449327, 1.037667830776871858, 0.1467399788934538041 ) ) ;
#4759 = CARTESIAN_POINT ( 'NONE',  ( -0.7017086008763241400, 1.078208210988347515, 0.1429351892111388744 ) ) ;
#4760 = ORIENTED_EDGE ( 'NONE', *, *, #8939, .T. ) ;
#4761 = FACE_OUTER_BOUND ( 'NONE', #4455, .T. ) ;
#4762 = DIRECTION ( 'NONE',  ( -0.000000000000000000, -0.000000000000000000, 1.000000000000000000 ) ) ;
#4763 = DIRECTION ( 'NONE',  ( -0.000000000000000000, -0.000000000000000000, 1.000000000000000000 ) ) ;
#4764 = VERTEX_POINT ( 'NONE', #1921 ) ;
#4765 = VERTEX_POINT ( 'NONE', #8941 ) ;
#4766 = B_SPLINE_CURVE_WITH_KNOTS ( 'NONE', 3,
 ( #3132, #360, #4504, #405, #1137, #8678, #1047, #2441, #3861, #3954, #6733, #3221, #2402, #5194, #6644, #4636, #4681, #7288, #7970, #1693, #3260, #2532, #6040, #5323, #6602, #8845, #2572, #320, #4555, #2490, #5364, #5284, #1873, #8716, #5235, #3172, #5957, #8063, #1784, #4594, #2709, #3434 ),
 .UNSPECIFIED., .F., .F.,
 ( 4, 1, 1, 2, 2, 1, 2, 2, 1, 1, 1, 2, 2, 2, 1, 2, 2, 2, 2, 2, 2, 1, 2, 2, 4 ),
 ( 0.000000000000000000, 0.06250000000000764666, 0.09375000000001133815, 0.1093750000000127676, 0.1250000000000141831, 0.1875000000000198452, 0.2187500000000230371, 0.2500000000000262013, 0.3750000000000383027, 0.4375000000000452971, 0.4687500000000487943, 0.4843750000000506817, 0.5000000000000525135, 0.6250000000000576206, 0.6875000000000576206, 0.7187500000000546230, 0.7500000000000516254, 0.7812500000000487388, 0.8125000000000457412, 0.8437500000000428546, 0.8750000000000398570, 0.9062500000000369704, 0.9218750000000323075, 0.9375000000000276446, 1.000000000000000000 ),
 .UNSPECIFIED. ) ;
#4767 = CARTESIAN_POINT ( 'NONE',  ( -1.102220812748103684, 1.159258419514299421, 0.1556034584419080935 ) ) ;
#4768 = ORIENTED_EDGE ( 'NONE', *, *, #7524, .F. ) ;
#4769 = ORIENTED_EDGE ( 'NONE', *, *, #5277, .F. ) ;
#4770 = CARTESIAN_POINT ( 'NONE',  ( -0.5757949241618771641, 0.9757995483937653702, 0.1037645161342158062 ) ) ;
#4771 = CARTESIAN_POINT ( 'NONE',  ( -0.8384240826535586111, 1.139579482020887991, 0.08560345844190808684 ) ) ;
#4772 = CARTESIAN_POINT ( 'NONE',  ( -1.384728293624580830, 1.037453536816802302, 0.1298313677744083738 ) ) ;
#4773 = VERTEX_POINT ( 'NONE', #6220 ) ;
#4774 = CARTESIAN_POINT ( 'NONE',  ( -0.9550087938382619823, 1.162907347130357483, 0.02300970564934944063 ) ) ;
#4775 = CARTESIAN_POINT ( 'NONE',  ( -0.4880242074687404230, 0.8547589766540069078, 0.1505914392111388500 ) ) ;
#4776 = AXIS2_PLACEMENT_3D ( 'NONE', #2038, #2682, #8858 ) ;
#4777 = CARTESIAN_POINT ( 'NONE',  ( -0.9609691250589387224, 1.163464996682079811, 0.07808011590127238166 ) ) ;
#4778 = CARTESIAN_POINT ( 'NONE',  ( -1.280928750997248899, 1.103084551151121584, 0.1350219408791597797 ) ) ;
#4779 = ORIENTED_EDGE ( 'NONE', *, *, #8723, .F. ) ;
#4780 = CIRCLE ( 'NONE', #6385, 0.5999999999999998668 ) ;
#4781 = AXIS2_PLACEMENT_3D ( 'NONE', #8917, #8121, #3148 ) ;
#4782 = CARTESIAN_POINT ( 'NONE',  ( -0.5222672552178406757, 0.9098033830475809047, 0.1153852867839542801 ) ) ;
#4783 = CARTESIAN_POINT ( 'NONE',  ( -1.005554720917930078, 1.165743164637701001, 0.02355192757518855332 ) ) ;
#4784 = CARTESIAN_POINT ( 'NONE',  ( -1.253416413102003135, 0.01569789134731548047, 0.1014628173814292739 ) ) ;
#4785 = CARTESIAN_POINT ( 'NONE',  ( -1.023193032021621152, 1.165727890054124360, 0.02493451312940807643 ) ) ;
#4786 = EDGE_LOOP ( 'NONE', ( #4184, #1960, #1704, #3013, #4748, #1588, #8446 ) ) ;
#4787 = CARTESIAN_POINT ( 'NONE',  ( -0.9403393306412701769, 1.161279102661685547, 0.07713896527355575128 ) ) ;
#4788 = CARTESIAN_POINT ( 'NONE',  ( -0.8506502154747896949, -0.01157684833500039964, 0.1357862463735714231 ) ) ;
#4789 = CARTESIAN_POINT ( 'NONE',  ( -1.013859724571285925, 0.5658004866359794827, 0.1556034584419080935 ) ) ;
#4790 = CARTESIAN_POINT ( 'NONE',  ( -0.8802311838175368441, 1.150731293715704595, 0.02739828469140393602 ) ) ;
#4791 = AXIS2_PLACEMENT_3D ( 'NONE', #1520, #8016, #8151 ) ;
#4792 = ORIENTED_EDGE ( 'NONE', *, *, #7830, .T. ) ;
#4793 = VERTEX_POINT ( 'NONE', #722 ) ;
#4794 = ORIENTED_EDGE ( 'NONE', *, *, #5422, .T. ) ;
#4795 = ADVANCED_FACE ( 'NONE', ( #4087 ), #4036, .F. ) ;
#4796 = DIRECTION ( 'NONE',  ( -0.000000000000000000, -0.000000000000000000, -1.000000000000000000 ) ) ;
#4797 = VECTOR ( 'NONE', #6476, 39.37007874015748143 ) ;
#4798 = VERTEX_POINT ( 'NONE', #5454 ) ;
#4799 = CARTESIAN_POINT ( 'NONE',  ( -1.172184401781489749, 1.144534705933823115, 0.1130914392111388722 ) ) ;
#4800 = CARTESIAN_POINT ( 'NONE',  ( -1.013859724571285925, 0.5658004866359794827, 0.3756034584419081224 ) ) ;
#4801 = EDGE_CURVE ( 'NONE', #8957, #7031, #1450, .T. ) ;
#4802 = CIRCLE ( 'NONE', #1725, 0.5999999999999998668 ) ;
#4803 = EDGE_CURVE ( 'NONE', #7594, #79, #7447, .T. ) ;
#4804 = VERTEX_POINT ( 'NONE', #3432 ) ;
#4805 = CARTESIAN_POINT ( 'NONE',  ( -0.5697793674868784075, 0.9692762028508314920, 0.1362435865204690844 ) ) ;
#4806 = CARTESIAN_POINT ( 'NONE',  ( -1.121922669405642115, -0.02447333569279127805, 0.08787569484125959396 ) ) ;
#4807 = CARTESIAN_POINT ( 'NONE',  ( -1.262505085608599087, 1.111854956844423148, 0.1556034584419080935 ) ) ;
#4808 = CARTESIAN_POINT ( 'NONE',  ( -0.9210823122981145472, -0.02699082942962765033, 0.1383604219587856454 ) ) ;
#4809 = CARTESIAN_POINT ( 'NONE',  ( -1.242969339455157973, 1.120335232497556177, 0.1289568238265234867 ) ) ;
#4810 = CIRCLE ( 'NONE', #4968, 0.4865582143213656452 ) ;
#4811 = EDGE_LOOP ( 'NONE', ( #7124, #1177, #7066, #5757 ) ) ;
#4812 = AXIS2_PLACEMENT_3D ( 'NONE', #2677, #498, #7514 ) ;
#4813 = CARTESIAN_POINT ( 'NONE',  ( -0.8382302936962369166, 1.139520194342195758, 0.1556034584419080935 ) ) ;
#4814 = CARTESIAN_POINT ( 'NONE',  ( -0.9406910395705878614, -0.02972142189070811624, 0.1456034584419080014 ) ) ;
#4815 = CARTESIAN_POINT ( 'NONE',  ( -0.5063597245712859740, 0.5658004866359795937, 0.3756034584419081224 ) ) ;
#4816 = EDGE_CURVE ( 'NONE', #7734, #3431, #895, .T. ) ;
#4817 = ORIENTED_EDGE ( 'NONE', *, *, #7982, .T. ) ;
#4818 = AXIS2_PLACEMENT_3D ( 'NONE', #3826, #325, #8814 ) ;
#4819 = CARTESIAN_POINT ( 'NONE',  ( -0.6778021522004679111, 1.062857131347859641, 0.1679111507496004185 ) ) ;
#4820 = VERTEX_POINT ( 'NONE', #1273 ) ;
#4821 = EDGE_LOOP ( 'NONE', ( #2858, #8697, #7566, #4301 ) ) ;
#4822 = EDGE_CURVE ( 'NONE', #111, #3498, #8249, .T. ) ;
#4823 = CARTESIAN_POINT ( 'NONE',  ( -1.119094329000936971, 1.156499799341297319, 0.004711531358574759867 ) ) ;
#4824 = CARTESIAN_POINT ( 'NONE',  ( -0.8342782696155082167, -0.006694492412715646185, 0.03554692555714249885 ) ) ;
#4825 = CARTESIAN_POINT ( 'NONE',  ( -1.386296580751450680, 1.036217287030966494, 0.1288546255653746364 ) ) ;
#4826 = ORIENTED_EDGE ( 'NONE', *, *, #1767, .T. ) ;
#4827 = CARTESIAN_POINT ( 'NONE',  ( -0.5688695470463431825, 0.9682725252999340171, 0.1251467276726773159 ) ) ;
#4828 = FACE_BOUND ( 'NONE', #8501, .T. ) ;
#4829 = CIRCLE ( 'NONE', #2039, 0.5999999999999998668 ) ;
#4830 = CARTESIAN_POINT ( 'NONE',  ( -1.013859724571285925, 0.5658004866359794827, 0.1411940096230107078 ) ) ;
#4831 = CARTESIAN_POINT ( 'NONE',  ( -0.5764493090300459865, 0.9765004832176564786, 0.09612924341801110106 ) ) ;
#4832 = ORIENTED_EDGE ( 'NONE', *, *, #8089, .T. ) ;
#4833 = AXIS2_PLACEMENT_3D ( 'NONE', #1348, #1305, #3329 ) ;
#4834 = CYLINDRICAL_SURFACE ( 'NONE', #8288, 0.5999999999999998668 ) ;
#4835 = CARTESIAN_POINT ( 'NONE',  ( -0.7193408501130147403, 0.04305902798951536520, 0.06012531420792530112 ) ) ;
#4836 = CARTESIAN_POINT ( 'NONE',  ( -1.349319212507895882, 1.063260969441706782, 0.1017573045957542444 ) ) ;
#4837 = DIRECTION ( 'NONE',  ( -0.000000000000000000, -0.000000000000000000, -1.000000000000000000 ) ) ;
#4838 = ORIENTED_EDGE ( 'NONE', *, *, #6206, .F. ) ;
#4839 = CARTESIAN_POINT ( 'NONE',  ( -1.327799892339458276, 0.05448691253326547190, 0.07048608590202362634 ) ) ;
#4841 = EDGE_CURVE ( 'NONE', #3633, #2108, #7600, .T. ) ;
#4840 = CARTESIAN_POINT ( 'NONE',  ( -0.4907957379824880451, 0.8597461722123402872, 0.1211284535395882878 ) ) ;
#4842 = AXIS2_PLACEMENT_3D ( 'NONE', #3677, #1550, #4357 ) ;
#4843 = CARTESIAN_POINT ( 'NONE',  ( -1.329889987315461042, 1.075824897450059714, 0.1418230981407391234 ) ) ;
#4844 = ORIENTED_EDGE ( 'NONE', *, *, #7674, .T. ) ;
#4845 = ORIENTED_EDGE ( 'NONE', *, *, #2283, .F. ) ;
#4846 = B_SPLINE_CURVE_WITH_KNOTS ( 'NONE', 3,
 ( #6262, #5405, #9077, #8243 ),
 .UNSPECIFIED., .F., .F.,
 ( 4, 4 ),
 ( 0.000000000000000000, 1.000000000000000000 ),
 .UNSPECIFIED. ) ;
#4847 = CARTESIAN_POINT ( 'NONE',  ( -1.006810986574248057, -0.03415810801255868973, 0.07030564349863452356 ) ) ;
#4848 = ORIENTED_EDGE ( 'NONE', *, *, #3625, .T. ) ;
#4849 = CARTESIAN_POINT ( 'NONE',  ( -0.7733464924254387363, 1.115485291922388766, 0.1279111507496004108 ) ) ;
#4850 = VERTEX_POINT ( 'NONE', #7689 ) ;
#4851 = CARTESIAN_POINT ( 'NONE',  ( -1.112099048298086590, 1.157703380085319367, 0.09560345844190808184 ) ) ;
#4852 = CARTESIAN_POINT ( 'NONE',  ( -1.283465968437055515, 1.101816445874648220, 0.1517989490651222018 ) ) ;
#4853 = CARTESIAN_POINT ( 'NONE',  ( -0.6727365543750126742, 1.059394432174789902, 0.1563775590788541170 ) ) ;
#4854 = CARTESIAN_POINT ( 'NONE',  ( -0.9440749101162716483, 1.161728783142671695, 0.01411629830880342315 ) ) ;
#4855 = LINE ( 'NONE', #7637, #8750 ) ;
#4856 = ORIENTED_EDGE ( 'NONE', *, *, #5141, .T. ) ;
#4857 = ADVANCED_FACE ( 'NONE', ( #6910 ), #624, .F. ) ;
#4858 = CARTESIAN_POINT ( 'NONE',  ( -1.350857418804123800, 1.062223689267083104, 0.1017712883091171777 ) ) ;
#4859 = CARTESIAN_POINT ( 'NONE',  ( -1.013859724571285925, 1.099800486635979624, 0.1956034584419080458 ) ) ;
#4860 = ORIENTED_EDGE ( 'NONE', *, *, #5827, .F. ) ;
#4861 = CARTESIAN_POINT ( 'NONE',  ( -1.287792885763886064, 0.03198296412082708012, 0.08145849716551696595 ) ) ;
#4862 = CARTESIAN_POINT ( 'NONE',  ( -1.304108901115070163, 1.090926333787769931, 0.1030243222237678530 ) ) ;
#4863 = ORIENTED_EDGE ( 'NONE', *, *, #5363, .T. ) ;
#4864 = VERTEX_POINT ( 'NONE', #2160 ) ;
#4865 = CARTESIAN_POINT ( 'NONE',  ( -1.354723924724290374, 0.07202733828658665349, 0.1230407077666234583 ) ) ;
#4866 = DIRECTION ( 'NONE',  ( 0.000000000000000000, 0.000000000000000000, 1.000000000000000000 ) ) ;
#4867 = CARTESIAN_POINT ( 'NONE',  ( -1.339798140272576932, 0.06204734291978940275, 0.1457316048133097952 ) ) ;
#4868 = EDGE_LOOP ( 'NONE', ( #3690, #6287, #8416, #198 ) ) ;
#4869 = EDGE_CURVE ( 'NONE', #4571, #3056, #6870, .T. ) ;
#4870 = CARTESIAN_POINT ( 'NONE',  ( -0.4817018035229067019, 0.8429429537273055439, 0.09560345844190808184 ) ) ;
#4871 = FACE_BOUND ( 'NONE', #9036, .T. ) ;
#4872 = CARTESIAN_POINT ( 'NONE',  ( -1.312686638955627316, 0.04550958474344210525, 0.06017156979011800688 ) ) ;
#4873 = CARTESIAN_POINT ( 'NONE',  ( -1.013859724571285925, 0.5658004866359794827, 0.07119400962301036806 ) ) ;
#4874 = ORIENTED_EDGE ( 'NONE', *, *, #5566, .T. ) ;
#4875 = CARTESIAN_POINT ( 'NONE',  ( -1.013859724571285925, 1.016800486635979661, 0.1411940096230107078 ) ) ;
#4876 = CARTESIAN_POINT ( 'NONE',  ( -0.8070022027874694803, 0.002586525799196123451, 0.07566380511256953767 ) ) ;
#4877 = CARTESIAN_POINT ( 'NONE',  ( -1.338310069270225666, 1.070510279595396019, 0.1107903848583866174 ) ) ;
#4878 = CARTESIAN_POINT ( 'NONE',  ( -1.005439284704412906, 1.165741430220927244, 0.01153904624467589311 ) ) ;
#4879 = VERTEX_POINT ( 'NONE', #7634 ) ;
#4880 = EDGE_CURVE ( 'NONE', #3874, #2139, #3953, .T. ) ;
#4881 = CARTESIAN_POINT ( 'NONE',  ( -0.5744363167496789879, 0.9743431914600052535, 0.1463566502980973572 ) ) ;
#4882 = CARTESIAN_POINT ( 'NONE',  ( -0.4830765440049523129, 0.8455669231377525019, 0.09578861304668859211 ) ) ;
#4883 = CARTESIAN_POINT ( 'NONE',  ( -0.6993159699379648542, 1.076743063874184614, 0.09689475972249841917 ) ) ;
#4884 = EDGE_CURVE ( 'NONE', #5491, #2158, #4163, .T. ) ;
#4885 = CARTESIAN_POINT ( 'NONE',  ( -0.8698459469988386594, 1.148260813069732045, 0.03011989307064740634 ) ) ;
#4886 = ORIENTED_EDGE ( 'NONE', *, *, #2101, .F. ) ;
#4887 = VERTEX_POINT ( 'NONE', #4070 ) ;
#4888 = CARTESIAN_POINT ( 'NONE',  ( -0.9911753263839602202, -0.03377054174921412244, 0.1054848011288119503 ) ) ;
#4889 = CARTESIAN_POINT ( 'NONE',  ( -1.359452240353910879, 1.056275575743506057, 0.1242332661342157862 ) ) ;
#4890 = ORIENTED_EDGE ( 'NONE', *, *, #8080, .F. ) ;
#4891 = CARTESIAN_POINT ( 'NONE',  ( -1.264374033575660139, 0.02059608466349474240, 0.04308990582764917615 ) ) ;
#4892 = VERTEX_POINT ( 'NONE', #7590 ) ;
#4893 = CYLINDRICAL_SURFACE ( 'NONE', #5081, 0.5999999999999998668 ) ;
#4894 = EDGE_LOOP ( 'NONE', ( #8860, #6341, #5494, #5976, #426, #8981, #2533, #2800 ) ) ;
#4895 = CARTESIAN_POINT ( 'NONE',  ( -0.7718106213576835239, 0.01679025755687501079, 0.1002386382480148219 ) ) ;
#4896 = CARTESIAN_POINT ( 'NONE',  ( -1.383240330769002213, 1.038619656895612309, 0.1119015353649849970 ) ) ;
#4897 = CARTESIAN_POINT ( 'NONE',  ( -1.232500336687526454, 1.124546245314273829, 0.1274961390022942287 ) ) ;
#4898 = CARTESIAN_POINT ( 'NONE',  ( -0.9507762988005669103, 1.162475041094760853, 0.01691725140216617657 ) ) ;
#4899 = CARTESIAN_POINT ( 'NONE',  ( -1.157409332335319840, -0.01677440993165659616, 0.07768067118788785086 ) ) ;
#4900 = VERTEX_POINT ( 'NONE', #3382 ) ;
#4901 = CARTESIAN_POINT ( 'NONE',  ( -1.391512028333127038, 1.032039826621997891, 0.1486732558698587170 ) ) ;
#4902 = CARTESIAN_POINT ( 'NONE',  ( -0.9011400521775650985, -0.02351803166734592679, 0.1187356773949270194 ) ) ;
#4903 = ORIENTED_EDGE ( 'NONE', *, *, #4750, .F. ) ;
#4904 = CARTESIAN_POINT ( 'NONE',  ( -1.298455143665306677, 0.03758840582709054023, 0.09238663640651280373 ) ) ;
#4905 = EDGE_CURVE ( 'NONE', #2529, #69, #2777, .T. ) ;
#4906 = CARTESIAN_POINT ( 'NONE',  ( -0.8810088698895187642, 1.150907870293307766, 0.02898559120850134965 ) ) ;
#4907 = ORIENTED_EDGE ( 'NONE', *, *, #6154, .T. ) ;
#4908 = ORIENTED_EDGE ( 'NONE', *, *, #3279, .T. ) ;
#4909 = CARTESIAN_POINT ( 'NONE',  ( -1.346685614347562954, 0.06657387159716611491, 0.1349705668924845725 ) ) ;
#4910 = CARTESIAN_POINT ( 'NONE',  ( -1.013859724571285925, 0.5658004866359794827, -0.07439654155809191649 ) ) ;
#4911 = CARTESIAN_POINT ( 'NONE',  ( -1.391119848590779862, 1.032361536414590608, 0.1279322765376584292 ) ) ;
#4912 = DIRECTION ( 'NONE',  ( 0.000000000000000000, 0.000000000000000000, -1.000000000000000000 ) ) ;
#4913 = CARTESIAN_POINT ( 'NONE',  ( -1.177209818389039597, 1.143136391330751511, 0.09616836228806194264 ) ) ;
#4914 = CARTESIAN_POINT ( 'NONE',  ( -1.007277424144810141, -0.03416340671185810751, 0.1280143240662362791 ) ) ;
#4915 = B_SPLINE_CURVE_WITH_KNOTS ( 'NONE', 3,
 ( #5960, #3301, #8110, #7423 ),
 .UNSPECIFIED., .F., .F.,
 ( 4, 4 ),
 ( 0.000000000000000000, 0.0004483214460237709828 ),
 .UNSPECIFIED. ) ;
#4916 = CARTESIAN_POINT ( 'NONE',  ( -0.8867833320148348353, -0.02058811357282280124, 0.03480979938655206357 ) ) ;
#4917 = B_SPLINE_CURVE_WITH_KNOTS ( 'NONE', 3,
 ( #3699, #292, #887, #331, #4473, #244, #5205, #8597, #968, #3103, #5971, #6483 ),
 .UNSPECIFIED., .F., .F.,
 ( 4, 1, 1, 2, 2, 2, 4 ),
 ( 0.000000000000000000, 0.1250000000000099087, 0.1875000000000126843, 0.2187500000000137113, 0.2500000000000147105, 0.5000000000000091038, 1.000000000000000000 ),
 .UNSPECIFIED. ) ;
#4918 = EDGE_CURVE ( 'NONE', #8387, #4820, #8778, .T. ) ;
#4919 = CARTESIAN_POINT ( 'NONE',  ( -0.5143597245712859811, 0.5658004866359794827, 0.2706034573935184873 ) ) ;
#4920 = EDGE_CURVE ( 'NONE', #8854, #5540, #3811, .T. ) ;
#4921 = ORIENTED_EDGE ( 'NONE', *, *, #5351, .T. ) ;
#4922 = FACE_BOUND ( 'NONE', #1197, .T. ) ;
#4923 = DIRECTION ( 'NONE',  ( -0.1446810648616038697, 0.9894783420926969164, 0.000000000000000000 ) ) ;
#4924 = CARTESIAN_POINT ( 'NONE',  ( -1.018274654870554574, -0.03418327013619555654, 0.09448403667345198209 ) ) ;
#4925 = VERTEX_POINT ( 'NONE', #2740 ) ;
#4926 = VERTEX_POINT ( 'NONE', #5440 ) ;
#4927 = CARTESIAN_POINT ( 'NONE',  ( -0.4795859961233824853, 0.8388441014209906399, 0.1036128639310468780 ) ) ;
#4928 = CARTESIAN_POINT ( 'NONE',  ( -0.8547272469275736251, -0.01271412679998012822, 0.1393571621503468805 ) ) ;
#4929 = CARTESIAN_POINT ( 'NONE',  ( -1.342798794938768081, 1.067597067106963005, 0.1557633510893034201 ) ) ;
#4930 = AXIS2_PLACEMENT_3D ( 'NONE', #475, #434, #3245 ) ;
#4931 = LINE ( 'NONE', #4244, #5114 ) ;
#4932 = VERTEX_POINT ( 'NONE', #8234 ) ;
#4933 = ORIENTED_EDGE ( 'NONE', *, *, #7374, .F. ) ;
#4934 = DIRECTION ( 'NONE',  ( 0.000000000000000000, -1.000000000000000000, 0.000000000000000000 ) ) ;
#4935 = B_SPLINE_CURVE_WITH_KNOTS ( 'NONE', 3,
 ( #8921, #2512, #3199, #6157, #5983, #5437, #4614, #8275, #1249, #511, #5339, #3323, #8227, #4655, #6711, #4753 ),
 .UNSPECIFIED., .F., .F.,
 ( 4, 1, 2, 2, 2, 1, 2, 2, 4 ),
 ( 0.000000000000000000, 0.1249999999999792666, 0.1874999999999729661, 0.2499999999999666933, 0.4999999999999727995, 0.6249999999999757971, 0.6874999999999773515, 0.7499999999999787947, 1.000000000000000000 ),
 .UNSPECIFIED. ) ;
#4936 = EDGE_CURVE ( 'NONE', #8012, #7583, #8735, .T. ) ;
#4937 = CARTESIAN_POINT ( 'NONE',  ( -0.4138597245712860584, 0.5658004866359794827, -0.06439654155809201863 ) ) ;
#4938 = APPROVAL_PERSON_ORGANIZATION ( #3113, #5341, #2383 ) ;
#4939 = ORIENTED_EDGE ( 'NONE', *, *, #7032, .F. ) ;
#4940 = AXIS2_PLACEMENT_3D ( 'NONE', #6415, #4963, #7746 ) ;
#4941 = CARTESIAN_POINT ( 'NONE',  ( -0.5667013821297424148, 0.9658623600262502551, 0.1053792072196591267 ) ) ;
#4942 = CARTESIAN_POINT ( 'NONE',  ( -0.4965956630176154296, 0.5814254866359794827, 0.09619400962301037639 ) ) ;
#4943 = ORIENTED_EDGE ( 'NONE', *, *, #3081, .T. ) ;
#4944 = VECTOR ( 'NONE', #5166, 39.37007874015748143 ) ;
#4945 = CARTESIAN_POINT ( 'NONE',  ( -0.9810213216075982512, 1.164901178749412347, 0.1556034584419080935 ) ) ;
#4946 = CARTESIAN_POINT ( 'NONE',  ( -1.390023321335726925, 1.033241383170790950, 0.1027468028259116845 ) ) ;
#4947 = CARTESIAN_POINT ( 'NONE',  ( -1.219985066540743679, 1.129282823713833261, 0.1144930704668796206 ) ) ;
#4948 = CARTESIAN_POINT ( 'NONE',  ( -0.9286663322394117515, -0.02812142300022103455, 0.1304131219199225200 ) ) ;
#4949 = CARTESIAN_POINT ( 'NONE',  ( -1.283342624594842274, 0.02972309801107792318, 0.1149886936265210879 ) ) ;
#4950 = ORIENTED_EDGE ( 'NONE', *, *, #764, .F. ) ;
#4951 = CARTESIAN_POINT ( 'NONE',  ( -1.013859724571285925, 0.5658004866359794827, 0.03893503897075426684 ) ) ;
#4952 = DIRECTION ( 'NONE',  ( 0.07415963887885709815, -0.9972463827767726885, 0.000000000000000000 ) ) ;
#4953 = AXIS2_PLACEMENT_3D ( 'NONE', #6269, #8702, #5941 ) ;
#4954 = CIRCLE ( 'NONE', #8146, 0.5999999999999997558 ) ;
#4955 = B_SPLINE_CURVE_WITH_KNOTS ( 'NONE', 3,
 ( #4839, #6147, #3409, #6927, #6192, #8909, #8958, #6051, #8855 ),
 .UNSPECIFIED., .F., .F.,
 ( 4, 1, 2, 2, 4 ),
 ( 0.000000000000000000, 0.2500000000000042188, 0.3750000000000034417, 0.5000000000000026645, 1.000000000000000000 ),
 .UNSPECIFIED. ) ;
#4956 = CARTESIAN_POINT ( 'NONE',  ( -1.296341393907883610, 0.03645679373953224223, 0.09099651536808285590 ) ) ;
#4957 = CARTESIAN_POINT ( 'NONE',  ( -0.4906556857542616057, 0.8594968248870535898, 0.1343493615415750353 ) ) ;
#4958 = ORIENTED_EDGE ( 'NONE', *, *, #3467, .F. ) ;
#4959 = ORIENTED_EDGE ( 'NONE', *, *, #1880, .F. ) ;
#4960 = AXIS2_PLACEMENT_3D ( 'NONE', #7775, #756, #3666 ) ;
#4961 = CARTESIAN_POINT ( 'NONE',  ( -1.013859724571285925, 0.5658004866359794827, 0.07566380511256953767 ) ) ;
#4962 = CARTESIAN_POINT ( 'NONE',  ( -1.232942041453986226, 1.124372978123439504, 0.1033973770918607815 ) ) ;
#4963 = DIRECTION ( 'NONE',  ( -0.000000000000000000, -0.000000000000000000, 1.000000000000000000 ) ) ;
#4964 = ORIENTED_EDGE ( 'NONE', *, *, #5199, .T. ) ;
#4965 = CARTESIAN_POINT ( 'NONE',  ( -0.4854749764484694863, 0.8500707065873274182, 0.1066371122880619415 ) ) ;
#4966 = CARTESIAN_POINT ( 'NONE',  ( -0.9379614824355907432, 1.160980741049748799, 0.08631165983193889168 ) ) ;
#4967 = CARTESIAN_POINT ( 'NONE',  ( -1.346775169655176185, 1.064967127028239702, 0.1493830640328282777 ) ) ;
#4968 = AXIS2_PLACEMENT_3D ( 'NONE', #7596, #8190, #3289 ) ;
#4969 = CYLINDRICAL_SURFACE ( 'NONE', #5659, 0.4921259842519685179 ) ;
#4970 = VECTOR ( 'NONE', #8023, 39.37007874015748143 ) ;
#4971 = CC_DESIGN_PERSON_AND_ORGANIZATION_ASSIGNMENT ( #980, #3798, ( #1556 ) ) ;
#4972 = DIRECTION ( 'NONE',  ( -0.5329143308239052690, -0.8461692005754576362, 0.000000000000000000 ) ) ;
#4973 = VERTEX_POINT ( 'NONE', #4117 ) ;
#4974 = EDGE_CURVE ( 'NONE', #8841, #4590, #2495, .T. ) ;
#4975 = CARTESIAN_POINT ( 'NONE',  ( -1.253229735602378714, 0.01561431851669695288, 0.1227666238566175599 ) ) ;
#4976 = CARTESIAN_POINT ( 'NONE',  ( -1.285332798980859170, 0.03072661162354690598, 0.05201431890638728156 ) ) ;
#4977 = VECTOR ( 'NONE', #8126, 39.37007874015748143 ) ;
#4978 = CARTESIAN_POINT ( 'NONE',  ( -0.6918977588771595411, 1.072101434517151786, 0.1169218248223677786 ) ) ;
#4979 = VERTEX_POINT ( 'NONE', #6161 ) ;
#4980 = ORIENTED_EDGE ( 'NONE', *, *, #3846, .F. ) ;
#4981 = CARTESIAN_POINT ( 'NONE',  ( -0.4772693024149011753, 0.8342604774765888243, 0.1101380765902107844 ) ) ;
#4982 = CARTESIAN_POINT ( 'NONE',  ( -0.8533262317407357411, -0.01232660015146207037, 0.1382243157114726451 ) ) ;
#4983 = EDGE_CURVE ( 'NONE', #2584, #2968, #8497, .T. ) ;
#4984 = CARTESIAN_POINT ( 'NONE',  ( -1.337309162535159635, 1.071153677375495494, 0.1534106577740395883 ) ) ;
#4985 = CIRCLE ( 'NONE', #7155, 0.5999999999999999778 ) ;
#4986 = EDGE_CURVE ( 'NONE', #3040, #6709, #4468, .T. ) ;
#4987 = FACE_OUTER_BOUND ( 'NONE', #3899, .T. ) ;
#4988 = ORIENTED_EDGE ( 'NONE', *, *, #1938, .F. ) ;
#4989 = VERTEX_POINT ( 'NONE', #8582 ) ;
#4990 = CARTESIAN_POINT ( 'NONE',  ( -0.8338223048096410350, 1.138152238171317387, 0.1025265353649850164 ) ) ;
#4991 = DIRECTION ( 'NONE',  ( -0.000000000000000000, -0.000000000000000000, 1.000000000000000000 ) ) ;
#4992 = AXIS2_PLACEMENT_3D ( 'NONE', #7535, #4710, #6938 ) ;
#4993 = CARTESIAN_POINT ( 'NONE',  ( -1.269306383595995236, 0.02289435861860956989, 0.04534377911097947633 ) ) ;
#4994 = EDGE_CURVE ( 'NONE', #5297, #8452, #4151, .T. ) ;
#4995 = DIRECTION ( 'NONE',  ( 1.000000000000000000, 0.000000000000000000, 0.000000000000000000 ) ) ;
#4996 = VERTEX_POINT ( 'NONE', #7287 ) ;
#4997 = ORIENTED_EDGE ( 'NONE', *, *, #2905, .T. ) ;
#4998 = CARTESIAN_POINT ( 'NONE',  ( -0.4845598979956562968, 0.8483636175659571288, 0.1472228516127263576 ) ) ;
#4999 = CARTESIAN_POINT ( 'NONE',  ( -0.5600925797317182209, 0.5434505453191932345, 0.1028908643873593792 ) ) ;
#5000 = DIRECTION ( 'NONE',  ( 0.7071067811865486830, 8.659560562354947649E-17, -0.7071067811865464625 ) ) ;
#5001 = CARTESIAN_POINT ( 'NONE',  ( -1.013859724571286147, 0.5658004866359794827, 0.2200356885113051719 ) ) ;
#5002 = EDGE_CURVE ( 'NONE', #6223, #8815, #3379, .T. ) ;
#5003 = CARTESIAN_POINT ( 'NONE',  ( -1.241358585339009668, 1.120998220255396971, 0.1295601600219294380 ) ) ;
#5004 = ORIENTED_EDGE ( 'NONE', *, *, #1204, .T. ) ;
#5005 = ORIENTED_EDGE ( 'NONE', *, *, #3624, .F. ) ;
#5006 = CARTESIAN_POINT ( 'NONE',  ( -1.294329526668632990, 0.03538822179981895161, 0.09605027394438304944 ) ) ;
#5007 = CARTESIAN_POINT ( 'NONE',  ( -1.531123786124957142, 0.5814254866359793716, 0.09619400962301105640 ) ) ;
#5008 = EDGE_CURVE ( 'NONE', #1218, #2772, #1622, .T. ) ;
#5009 = CARTESIAN_POINT ( 'NONE',  ( -1.285859329440293797, 0.03099368831358554482, 0.07670062730910479076 ) ) ;
#5010 = DIRECTION ( 'NONE',  ( 1.000000000000000000, 0.000000000000000000, 0.000000000000000000 ) ) ;
#5011 = ORIENTED_EDGE ( 'NONE', *, *, #1701, .T. ) ;
#5012 = DIRECTION ( 'NONE',  ( 0.000000000000000000, 0.000000000000000000, -1.000000000000000000 ) ) ;
#5013 = CARTESIAN_POINT ( 'NONE',  ( -0.4998597245712856352, 0.5658004866359795937, -0.07439654155809191649 ) ) ;
#5014 = ORIENTED_EDGE ( 'NONE', *, *, #1815, .T. ) ;
#5015 = CARTESIAN_POINT ( 'NONE',  ( -0.4765007650863727351, 0.8327199648029512957, 0.09944546420287067590 ) ) ;
#5016 = CARTESIAN_POINT ( 'NONE',  ( -1.603859724571286005, 0.5658004866359795937, -0.07439654155809191649 ) ) ;
#5017 = DIRECTION ( 'NONE',  ( -0.000000000000000000, -0.000000000000000000, 1.000000000000000000 ) ) ;
#5018 = CARTESIAN_POINT ( 'NONE',  ( -1.358999515075582476, 1.056594270191998586, 0.1145000913037732965 ) ) ;
#5019 = CARTESIAN_POINT ( 'NONE',  ( -0.9825575834951121301, 1.164983410261183572, 0.1025265353649850164 ) ) ;
#5020 = ORIENTED_EDGE ( 'NONE', *, *, #1493, .F. ) ;
#5021 = CARTESIAN_POINT ( 'NONE',  ( -1.251605891707665119, 0.01491009830278081268, 0.1230912504251778089 ) ) ;
#5022 = CARTESIAN_POINT ( 'NONE',  ( -0.5238918389195916792, 0.9121122763952874690, 0.1095627323590153551 ) ) ;
#5023 = CYLINDRICAL_SURFACE ( 'NONE', #1107, 0.4724999999999999201 ) ;
#5024 = ORIENTED_EDGE ( 'NONE', *, *, #5635, .F. ) ;
#5025 = ORIENTED_EDGE ( 'NONE', *, *, #8896, .T. ) ;
#5026 = CARTESIAN_POINT ( 'NONE',  ( -1.351498385310948791, 1.061788569010621464, 0.1562154065192858932 ) ) ;
#5027 = CARTESIAN_POINT ( 'NONE',  ( -1.313333330328137594, 0.04588121344869593859, 0.06693069621429656446 ) ) ;
#5028 = CARTESIAN_POINT ( 'NONE',  ( -0.6917195487939894472, 1.071987910851725401, 0.1074801166606173253 ) ) ;
#5029 = DIRECTION ( 'NONE',  ( 0.000000000000000000, 0.000000000000000000, 1.000000000000000000 ) ) ;
#5030 = ORIENTED_EDGE ( 'NONE', *, *, #7005, .T. ) ;
#5031 = ORIENTED_EDGE ( 'NONE', *, *, #102, .F. ) ;
#5032 = EDGE_CURVE ( 'NONE', #6551, #2422, #2209, .T. ) ;
#5033 = CARTESIAN_POINT ( 'NONE',  ( -1.013859724571286147, 0.5658004866359794827, 0.2256034584419079059 ) ) ;
#5034 = CARTESIAN_POINT ( 'NONE',  ( -1.235847107230344744, 1.123224609612080149, 0.1214895050424825984 ) ) ;
#5035 = DIRECTION ( 'NONE',  ( 0.000000000000000000, 0.000000000000000000, -1.000000000000000000 ) ) ;
#5036 = FACE_OUTER_BOUND ( 'NONE', #2952, .T. ) ;
#5037 = VERTEX_POINT ( 'NONE', #3859 ) ;
#5038 = VERTEX_POINT ( 'NONE', #8715 ) ;
#5039 = CARTESIAN_POINT ( 'NONE',  ( -1.329825982632896864, 0.05573644774817147068, 0.1126776086570069335 ) ) ;
#5040 = EDGE_CURVE ( 'NONE', #3343, #514, #1155, .T. ) ;
#5041 = EDGE_CURVE ( 'NONE', #6836, #8017, #8677, .T. ) ;
#5042 = CARTESIAN_POINT ( 'NONE',  ( -1.383338593762654334, 1.038542875100357810, 0.1101356114846108319 ) ) ;
#5043 = CARTESIAN_POINT ( 'NONE',  ( -1.300309468177683003, 0.03859244756937404985, 0.1387598469817946378 ) ) ;
#5044 = DIRECTION ( 'NONE',  ( 1.000000000000000000, 0.000000000000000000, 0.000000000000000000 ) ) ;
#5045 = ORIENTED_EDGE ( 'NONE', *, *, #3470, .T. ) ;
#5046 = ORIENTED_EDGE ( 'NONE', *, *, #6313, .T. ) ;
#5047 = CARTESIAN_POINT ( 'NONE',  ( -1.333597621826041690, 1.073510159027330380, 0.1025061299012012400 ) ) ;
#5048 = CARTESIAN_POINT ( 'NONE',  ( 0.000000000000000000, 0.000000000000000000, 0.000000000000000000 ) ) ;
#5049 = CARTESIAN_POINT ( 'NONE',  ( -1.307393285170142194, 0.04250217686104787451, 0.09648392986257718629 ) ) ;
#5050 = CARTESIAN_POINT ( 'NONE',  ( -0.7004972177392316812, 1.077468452444109603, 0.1312695888374053321 ) ) ;
#5051 = CARTESIAN_POINT ( 'NONE',  ( -1.183524725738694050, 1.141314407245286988, 0.1025377162581429108 ) ) ;
#5052 = CARTESIAN_POINT ( 'NONE',  ( -1.013859724571285925, 0.1048004866359797671, 0.1511940096230103281 ) ) ;
#5053 = ORIENTED_EDGE ( 'NONE', *, *, #7519, .T. ) ;
#5054 = CARTESIAN_POINT ( 'NONE',  ( -0.4825101005557168032, 0.8444895724498837630, 0.1026523374713969594 ) ) ;
#5055 = CARTESIAN_POINT ( 'NONE',  ( -0.9181041211966181059, 1.158110326776931487, 0.06250859407938713641 ) ) ;
#5056 = CARTESIAN_POINT ( 'NONE',  ( -1.262258791983464246, 0.01963393365280366454, 0.1048791756270043979 ) ) ;
#5057 = LINE ( 'NONE', #2951, #7882 ) ;
#5058 = ORIENTED_EDGE ( 'NONE', *, *, #5164, .F. ) ;
#5059 = CARTESIAN_POINT ( 'NONE',  ( -0.9014859962712273855, 1.155183337750553818, 0.08560345844190808684 ) ) ;
#5060 = CARTESIAN_POINT ( 'NONE',  ( -0.5600925797317182209, 0.5434505453191932345, 0.07789086438735937090 ) ) ;
#5061 = CARTESIAN_POINT ( 'NONE',  ( -0.6981082905429697449, 1.075997960522380836, 0.1255590290119026342 ) ) ;
#5062 = ORIENTED_EDGE ( 'NONE', *, *, #277, .F. ) ;
#5063 = VERTEX_POINT ( 'NONE', #3769 ) ;
#5064 = CARTESIAN_POINT ( 'NONE',  ( -0.4791123779194607635, 0.8379146335541208801, 0.1042774348508939269 ) ) ;
#5065 = CARTESIAN_POINT ( 'NONE',  ( -1.316486703121152457, 0.04771080000307970082, 0.06590421078482579242 ) ) ;
#5066 = CARTESIAN_POINT ( 'NONE',  ( -0.9170157699581366062, 1.157933283515348410, 0.03810327277391630657 ) ) ;
#5067 = PLANE ( 'NONE',  #1581 ) ;
#5068 = ORIENTED_EDGE ( 'NONE', *, *, #2409, .F. ) ;
#5069 = CARTESIAN_POINT ( 'NONE',  ( -0.9073262031952191720, -0.02466680217414054035, 0.06965787324534730707 ) ) ;
#5070 = CARTESIAN_POINT ( 'NONE',  ( -1.134290591816847549, -0.02198893672453126544, 0.1404266281101961555 ) ) ;
#5071 = CARTESIAN_POINT ( 'NONE',  ( -0.7447982982898142534, 1.102089540120553268, 0.1209880738265234762 ) ) ;
#5072 = CARTESIAN_POINT ( 'NONE',  ( -1.249058728672394869, 0.01381848016862243129, 0.08382667016271999616 ) ) ;
#5073 = EDGE_CURVE ( 'NONE', #1881, #6086, #7886, .T. ) ;
#5074 = ORIENTED_EDGE ( 'NONE', *, *, #7974, .T. ) ;
#5075 = AXIS2_PLACEMENT_3D ( 'NONE', #7849, #3137, #7243 ) ;
#5077 = ORIENTED_EDGE ( 'NONE', *, *, #6640, .F. ) ;
#5076 = EDGE_CURVE ( 'NONE', #1742, #1094, #8642, .T. ) ;
#5078 = CARTESIAN_POINT ( 'NONE',  ( -1.013859724571285925, 0.5658004866359794827, 0.1556034584419080935 ) ) ;
#5079 = CARTESIAN_POINT ( 'NONE',  ( -1.383285927595762521, 1.038584034605922080, 0.1106996724561445655 ) ) ;
#5080 = CARTESIAN_POINT ( 'NONE',  ( -1.328022565503257146, 0.05462369786564339608, 0.07462648351279210779 ) ) ;
#5081 = AXIS2_PLACEMENT_3D ( 'NONE', #6300, #8419, #1372 ) ;
#5082 = DIRECTION ( 'NONE',  ( 0.000000000000000000, 0.000000000000000000, -1.000000000000000000 ) ) ;
#5083 = VERTEX_POINT ( 'NONE', #6000 ) ;
#5084 = ORIENTED_EDGE ( 'NONE', *, *, #6691, .T. ) ;
#5085 = CARTESIAN_POINT ( 'NONE',  ( -1.258683543419097717, 0.01802197372928558694, 0.06404493172559863612 ) ) ;
#5086 = CARTESIAN_POINT ( 'NONE',  ( -0.5531245952670408306, 0.5501754866359794827, 0.09619400962301037639 ) ) ;
#5087 = EDGE_CURVE ( 'NONE', #4798, #1742, #9067, .T. ) ;
#5088 = ADVANCED_FACE ( 'NONE', ( #6682 ), #3259, .T. ) ;
#5089 = EDGE_CURVE ( 'NONE', #4754, #4747, #2940, .T. ) ;
#5090 = AXIS2_PLACEMENT_3D ( 'NONE', #5223, #5270, #3888 ) ;
#5091 = CARTESIAN_POINT ( 'NONE',  ( -1.013859724571285925, 0.5658004866359794827, 0.1217573045957542482 ) ) ;
#5092 = CARTESIAN_POINT ( 'NONE',  ( -1.144652818523966831, -0.01977031742983545795, 0.04100553047936803669 ) ) ;
#5093 = DIRECTION ( 'NONE',  ( -0.000000000000000000, -0.000000000000000000, 1.000000000000000000 ) ) ;
#5094 = CARTESIAN_POINT ( 'NONE',  ( -1.603859724571286449, 0.5658004866359794827, 0.2556034584419079603 ) ) ;
#5095 = CARTESIAN_POINT ( 'NONE',  ( -1.547859724571285955, 0.5658004866359795937, 0.2256034584419080447 ) ) ;
#5096 = CIRCLE ( 'NONE', #967, 0.5999999999999999778 ) ;
#5097 = CARTESIAN_POINT ( 'NONE',  ( -1.308138026010720933, 0.04291929118980579438, 0.1479637063599839319 ) ) ;
#5098 = CARTESIAN_POINT ( 'NONE',  ( -0.5635944265229161365, 0.5400679901886433765, 0.1511940096230103281 ) ) ;
#5099 = CARTESIAN_POINT ( 'NONE',  ( -0.9385170287343873596, 1.161051321652072810, 0.08639452733172814369 ) ) ;
#5100 = EDGE_CURVE ( 'NONE', #1893, #4317, #513, .T. ) ;
#5101 = CARTESIAN_POINT ( 'NONE',  ( -1.013859724571285925, 0.5658004866359794827, 0.05137995082972858507 ) ) ;
#5102 = B_SPLINE_CURVE_WITH_KNOTS ( 'NONE', 3,
 ( #4146, #7021, #1933, #4877, #1374, #8361, #3445, #1287, #8998, #3362, #4187, #8307, #6144, #735, #2032, #3546, #4049, #5558, #5653, #2126, #9047, #3496, #2865, #6964, #4836 ),
 .UNSPECIFIED., .F., .F.,
 ( 4, 1, 2, 2, 2, 2, 2, 1, 2, 2, 1, 2, 2, 4 ),
 ( 0.000000000000000000, 0.06250000000000308087, 0.09375000000000897893, 0.1250000000000148770, 0.2500000000000153211, 0.3750000000000157652, 0.5000000000000162093, 0.6250000000000166533, 0.6875000000000000000, 0.7499999999999833467, 0.8124999999999666933, 0.8437499999999581446, 0.8749999999999494849, 1.000000000000000000 ),
 .UNSPECIFIED. ) ;
#5103 = CLOSED_SHELL ( 'NONE', ( #3898, #1543, #4700, #6131, #9030, #5460, #8045, #6493, #6016, #872, #5278, #2000, #7478, #353, #4416, #5148, #6203, #695, #6853, #6198, #3164, #1146, #5921, #2920, #2973, #5627, #1311, #869, #3946 ) ) ;
#5104 = CARTESIAN_POINT ( 'NONE',  ( -0.4870296321300513487, 0.8529416628292552094, 0.1195700041463343272 ) ) ;
#5105 = ORIENTED_EDGE ( 'NONE', *, *, #8774, .F. ) ;
#5106 = CARTESIAN_POINT ( 'NONE',  ( -0.8924583909299292905, 1.153390238240021626, 0.06071363472395938099 ) ) ;
#5107 = DIRECTION ( 'NONE',  ( 0.000000000000000000, 0.000000000000000000, -1.000000000000000000 ) ) ;
#5108 = CARTESIAN_POINT ( 'NONE',  ( -0.6991950030389048054, 1.076668552025955128, 0.1261512242597022382 ) ) ;
#5109 = ORIENTED_EDGE ( 'NONE', *, *, #2552, .T. ) ;
#5110 = EDGE_LOOP ( 'NONE', ( #6416, #8177, #2874, #2437, #8518, #5716, #6861, #6704, #4653, #2749, #6058, #4964, #3722, #8496, #4027, #8940, #4595, #6883 ) ) ;
#5111 = CARTESIAN_POINT ( 'NONE',  ( -1.249747087935813239, 0.01411320410534575541, 0.1183669463459025295 ) ) ;
#5112 = CARTESIAN_POINT ( 'NONE',  ( -0.4825895347649139522, 0.8446416202290474295, 0.09566453131870059079 ) ) ;
#5113 = AXIS2_PLACEMENT_3D ( 'NONE', #5185, #6634, #8708 ) ;
#5114 = VECTOR ( 'NONE', #8868, 39.37007874015748143 ) ;
#5115 = CARTESIAN_POINT ( 'NONE',  ( -0.9171299007873259246, 1.157951939688219634, 0.03642745622145113910 ) ) ;
#5116 = CARTESIAN_POINT ( 'NONE',  ( -1.321730663054892618, 1.080791335790233898, 0.1339303736443783199 ) ) ;
#5117 = VERTEX_POINT ( 'NONE', #4771 ) ;
#5118 = AXIS2_PLACEMENT_3D ( 'NONE', #575, #7543, #1261 ) ;
#5119 = CIRCLE ( 'NONE', #1858, 0.5999999999999999778 ) ;
#5120 = EDGE_CURVE ( 'NONE', #3629, #7511, #148, .T. ) ;
#5121 = CARTESIAN_POINT ( 'NONE',  ( -1.006810986574248057, -0.03415810801255868973, 0.07030564349863452356 ) ) ;
#5122 = CARTESIAN_POINT ( 'NONE',  ( -1.250871666065725529, 0.01459679008836231237, 0.06631028130489298456 ) ) ;
#5123 = CARTESIAN_POINT ( 'NONE',  ( -1.013859724571285925, 0.5658004866359794827, 0.08560345844190808684 ) ) ;
#5124 = AXIS2_PLACEMENT_3D ( 'NONE', #427, #1674, #978 ) ;
#5125 = DIRECTION ( 'NONE',  ( -1.000000000000000000, 0.000000000000000000, 0.000000000000000000 ) ) ;
#5126 = ORIENTED_EDGE ( 'NONE', *, *, #2842, .T. ) ;
#5127 = ORIENTED_EDGE ( 'NONE', *, *, #813, .F. ) ;
#5128 = CARTESIAN_POINT ( 'NONE',  ( -1.343257904105297218, 0.06430232757280612832, 0.08485973972923602227 ) ) ;
#5129 = CARTESIAN_POINT ( 'NONE',  ( -1.366642690218640599, 1.051129426016258250, 0.1108519416854928663 ) ) ;
#5130 = AXIS2_PLACEMENT_3D ( 'NONE', #4910, #3433, #7607 ) ;
#5131 = CARTESIAN_POINT ( 'NONE',  ( -1.322176425264117716, 1.080524502526046593, 0.1212006311015457194 ) ) ;
#5132 = CARTESIAN_POINT ( 'NONE',  ( -1.307304089053878071, 0.04245256499715097109, 0.1017568432972183329 ) ) ;
#5133 = B_SPLINE_CURVE_WITH_KNOTS ( 'NONE', 3,
 ( #8996, #7512, #1974, #6143, #2717, #6282, #634, #12, #5600, #7617, #8952, #8903, #6962, #4185, #3493, #2029 ),
 .UNSPECIFIED., .F., .F.,
 ( 4, 1, 1, 2, 2, 1, 1, 2, 2, 4 ),
 ( 0.000000000000000000, 0.1250000000000528466, 0.1875000000000801859, 0.2187500000000948130, 0.2500000000001094125, 0.3750000000001675327, 0.4375000000001957323, 0.4687500000001997291, 0.5000000000002037259, 1.000000000000000000 ),
 .UNSPECIFIED. ) ;
#5134 = ORIENTED_EDGE ( 'NONE', *, *, #1739, .T. ) ;
#5135 = DIRECTION ( 'NONE',  ( -0.000000000000000000, -0.000000000000000000, 1.000000000000000000 ) ) ;
#5136 = CARTESIAN_POINT ( 'NONE',  ( -1.268291752510410486, 0.02241816896380456614, 0.08585835646463021997 ) ) ;
#5137 = DIRECTION ( 'NONE',  ( 0.000000000000000000, 0.000000000000000000, 1.000000000000000000 ) ) ;
#5138 = CIRCLE ( 'NONE', #3519, 0.5999999999999998668 ) ;
#5139 = CARTESIAN_POINT ( 'NONE',  ( -0.5772785583704177492, 0.9773790926192322814, 0.1551120069505007859 ) ) ;
#5140 = CARTESIAN_POINT ( 'NONE',  ( -1.004526417120951365, 1.165727890054124360, 0.08560345844190808684 ) ) ;
#5141 = EDGE_CURVE ( 'NONE', #7588, #2752, #1839, .T. ) ;
#5142 = CARTESIAN_POINT ( 'NONE',  ( -1.374723833259863026, 1.045151188717578394, 0.1394377845568969820 ) ) ;
#5143 = CARTESIAN_POINT ( 'NONE',  ( -0.8618145508553838319, -0.01461511029436088002, 0.08844790757528857295 ) ) ;
#5144 = DIRECTION ( 'NONE',  ( -0.000000000000000000, -0.000000000000000000, 1.000000000000000000 ) ) ;
#5145 = CARTESIAN_POINT ( 'NONE',  ( -1.234171226949027478, 1.123889315350091067, 0.1281873012781196974 ) ) ;
#5146 = CARTESIAN_POINT ( 'NONE',  ( -1.527788924852560015, 0.5501754866359794827, 0.08272732996386648885 ) ) ;
#5147 = DIRECTION ( 'NONE',  ( -0.000000000000000000, -0.000000000000000000, 1.000000000000000000 ) ) ;
#5148 = ADVANCED_FACE ( 'NONE', ( #8393 ), #8986, .T. ) ;
#5149 = DIRECTION ( 'NONE',  ( -0.000000000000000000, -0.000000000000000000, 1.000000000000000000 ) ) ;
#5150 = DIRECTION ( 'NONE',  ( -0.000000000000000000, -0.000000000000000000, 1.000000000000000000 ) ) ;
#5151 = ORIENTED_EDGE ( 'NONE', *, *, #5729, .F. ) ;
#5152 = CARTESIAN_POINT ( 'NONE',  ( -1.006314324573656993, 1.165753057885076105, 0.02424611418054064410 ) ) ;
#5153 = ADVANCED_FACE ( 'NONE', ( #4223 ), #9033, .T. ) ;
#5154 = CARTESIAN_POINT ( 'NONE',  ( -0.9270727600351464925, 1.159490660952070762, 0.04314519357815427281 ) ) ;
#5155 = CARTESIAN_POINT ( 'NONE',  ( -0.7021229211699588912, 1.078460387393102016, 0.1272942297551735991 ) ) ;
#5156 = ORIENTED_EDGE ( 'NONE', *, *, #3470, .F. ) ;
#5157 = VERTEX_POINT ( 'NONE', #5639 ) ;
#5158 = CARTESIAN_POINT ( 'NONE',  ( -1.366347605513677843, 1.051343819121544954, 0.1453325483565434117 ) ) ;
#5159 = CARTESIAN_POINT ( 'NONE',  ( -1.313000104270240165, 0.04568988511876916070, 0.06725136457074898377 ) ) ;
#5160 = CARTESIAN_POINT ( 'NONE',  ( -0.9251953613630511386, 1.159213308044058532, 0.01193509268702268485 ) ) ;
#5161 = CARTESIAN_POINT ( 'NONE',  ( -1.336979813941449491, 1.071362955634060032, 0.1369910496415836232 ) ) ;
#5162 = ORIENTED_EDGE ( 'NONE', *, *, #6246, .F. ) ;
#5163 = CARTESIAN_POINT ( 'NONE',  ( -1.058385885607635801, 1.164146415014524649, 0.1461208320647483794 ) ) ;
#5164 = EDGE_CURVE ( 'NONE', #8984, #4561, #7744, .T. ) ;
#5165 = CARTESIAN_POINT ( 'NONE',  ( -0.5824882187386879462, 0.9828360054538815005, 0.1486803815188311728 ) ) ;
#5166 = DIRECTION ( 'NONE',  ( 0.000000000000000000, 0.000000000000000000, -1.000000000000000000 ) ) ;
#5167 = CARTESIAN_POINT ( 'NONE',  ( -1.297620134524647861, 1.094459194824069170, 0.09483422767267732367 ) ) ;
#5168 = CARTESIAN_POINT ( 'NONE',  ( -1.521119134907851445, 0.5814254866359793716, 0.07119400962301104807 ) ) ;
#5169 = EDGE_LOOP ( 'NONE', ( #821, #5208, #3428, #2115 ) ) ;
#5170 = CARTESIAN_POINT ( 'NONE',  ( -1.349051440298354221, 0.06815942295882027047, 0.08912504697777458296 ) ) ;
#5171 = CARTESIAN_POINT ( 'NONE',  ( -1.206748411044288538, 1.133950074887805526, 0.1556034584419080935 ) ) ;
#5172 = CARTESIAN_POINT ( 'NONE',  ( -1.322399862653043323, 1.080390598465277963, 0.1263967276726773448 ) ) ;
#5173 = DIRECTION ( 'NONE',  ( -0.000000000000000000, -0.000000000000000000, 1.000000000000000000 ) ) ;
#5174 = EDGE_LOOP ( 'NONE', ( #2362, #5260, #5569, #5888, #7656, #7110, #5335, #1924 ) ) ;
#5175 = CARTESIAN_POINT ( 'NONE',  ( -0.7038905007036244665, 1.079531925130770231, 0.1210408016754021682 ) ) ;
#5176 = CYLINDRICAL_SURFACE ( 'NONE', #4385, 0.5999999999999998668 ) ;
#5177 = CALENDAR_DATE ( 2023, 6, 3 ) ;
#5178 = DIRECTION ( 'NONE',  ( -0.000000000000000000, -0.000000000000000000, 1.000000000000000000 ) ) ;
#5179 = CARTESIAN_POINT ( 'NONE',  ( -0.6974602996262773136, 1.075602030272883924, 0.1513807020316517149 ) ) ;
#5180 = CARTESIAN_POINT ( 'NONE',  ( -1.358174745645128079, 0.07442772421064505761, 0.06457389626586577946 ) ) ;
#5181 = CARTESIAN_POINT ( 'NONE',  ( -1.383961635018100544, 1.038056125663229246, 0.1544019920488381437 ) ) ;
#5182 = CARTESIAN_POINT ( 'NONE',  ( -0.4764708681428856951, 0.8326585331449356531, 0.1259880738265234945 ) ) ;
#5183 = CARTESIAN_POINT ( 'NONE',  ( -1.335349101491615675, 0.05919947940506405798, 0.1121033929299660725 ) ) ;
#5184 = CARTESIAN_POINT ( 'NONE',  ( -1.291352841953058439, 0.03382517454985886629, 0.1397968446735763648 ) ) ;
#5185 = CARTESIAN_POINT ( 'NONE',  ( -1.013859724571285925, 0.5658004866359794827, 0.2256034584419080447 ) ) ;
#5186 = CARTESIAN_POINT ( 'NONE',  ( -1.166586509870954691, 1.146037192417251216, 0.1230474131057750498 ) ) ;
#5187 = DIRECTION ( 'NONE',  ( 1.000000000000000000, 0.000000000000000000, 0.000000000000000000 ) ) ;
#5188 = ADVANCED_FACE ( 'NONE', ( #3 ), #8294, .T. ) ;
#5189 = CARTESIAN_POINT ( 'NONE',  ( -1.254779847521590774, 1.115307078368608096, 0.1025265353649850164 ) ) ;
#5190 = EDGE_LOOP ( 'NONE', ( #7498, #5011, #1826, #3726, #278 ) ) ;
#5191 = VERTEX_POINT ( 'NONE', #625 ) ;
#5192 = CARTESIAN_POINT ( 'NONE',  ( -0.5162569775565967189, 0.9010489971892107208, 0.09767015071093153311 ) ) ;
#5193 = CARTESIAN_POINT ( 'NONE',  ( -0.5217337403193175183, 0.5658004866359794827, 0.1567617795536129510 ) ) ;
#5194 = CARTESIAN_POINT ( 'NONE',  ( -0.9663987490986035711, 1.163920932881021608, 0.02582318642240158391 ) ) ;
#5195 = EDGE_LOOP ( 'NONE', ( #5290, #6270, #2068, #4159, #788, #7429 ) ) ;
#5196 = LINE ( 'NONE', #7334, #6258 ) ;
#5197 = CARTESIAN_POINT ( 'NONE',  ( -1.314801423931398983, 0.04672962560182612746, 0.06629866698437256178 ) ) ;
#5198 = CARTESIAN_POINT ( 'NONE',  ( -1.010528827991391099, -0.03419026756609478551, 0.1456034584419077238 ) ) ;
#5199 = EDGE_CURVE ( 'NONE', #6218, #841, #2113, .T. ) ;
#5200 = LINE ( 'NONE', #8770, #6260 ) ;
#5201 = ORIENTED_EDGE ( 'NONE', *, *, #1989, .F. ) ;
#5202 = CARTESIAN_POINT ( 'NONE',  ( -0.9051678885516517559, -0.02427254030502505253, 0.06647853329209169049 ) ) ;
#5203 = CARTESIAN_POINT ( 'NONE',  ( -1.393410278626780796, 1.030495415504550927, 0.1209880738265234762 ) ) ;
#5204 = DIRECTION ( 'NONE',  ( 1.000000000000000000, 0.000000000000000000, 0.000000000000000000 ) ) ;
#5205 = CARTESIAN_POINT ( 'NONE',  ( -1.034808084419338359, -0.03383370719266426407, 0.1256660579464530803 ) ) ;
#5206 = EDGE_CURVE ( 'NONE', #6645, #7642, #9078, .T. ) ;
#5207 = CARTESIAN_POINT ( 'NONE',  ( -1.038359598048248511, 1.165354373715647096, 0.1156034584419081135 ) ) ;
#5208 = ORIENTED_EDGE ( 'NONE', *, *, #7526, .T. ) ;
#5209 = DIRECTION ( 'NONE',  ( -1.000000000000000000, 0.000000000000000000, 0.000000000000000000 ) ) ;
#5210 = CARTESIAN_POINT ( 'NONE',  ( -1.366655503247677705, 1.051120111778130806, 0.1112645161342157990 ) ) ;
#5211 = CARTESIAN_POINT ( 'NONE',  ( -1.308646462343590944, 1.088391672001837396, 0.09741217341580549194 ) ) ;
#5212 = CARTESIAN_POINT ( 'NONE',  ( -1.312249908604787851, 1.086342241767577432, 0.1402347339541399063 ) ) ;
#5213 = VERTEX_POINT ( 'NONE', #6221 ) ;
#5214 = DIRECTION ( 'NONE',  ( 0.000000000000000000, 0.000000000000000000, 1.000000000000000000 ) ) ;
#5215 = CARTESIAN_POINT ( 'NONE',  ( -1.285199382211129837, 0.03066051411300282220, 0.06905587985742807355 ) ) ;
#5216 = DIRECTION ( 'NONE',  ( -0.000000000000000000, -0.000000000000000000, 1.000000000000000000 ) ) ;
#5217 = AXIS2_PLACEMENT_3D ( 'NONE', #899, #7737, #3673 ) ;
#5218 = CARTESIAN_POINT ( 'NONE',  ( -1.231945519600206485, 1.124762561068479272, 0.09607221180633922220 ) ) ;
#5219 = CIRCLE ( 'NONE', #3605, 0.5999999999999999778 ) ;
#5220 = DIRECTION ( 'NONE',  ( -0.09185875993729515632, -0.9957720463152108792, 0.000000000000000000 ) ) ;
#5221 = CARTESIAN_POINT ( 'NONE',  ( -1.375284101794793656, 1.044728944286107852, 0.1436321871002141093 ) ) ;
#5222 = CARTESIAN_POINT ( 'NONE',  ( -0.4772391529000835630, 0.8342001501784666040, 0.1416543863270149917 ) ) ;
#5223 = CARTESIAN_POINT ( 'NONE',  ( -1.013859724571285925, 0.5658004866359794827, 0.1132957661342157835 ) ) ;
#5224 = CARTESIAN_POINT ( 'NONE',  ( -1.231771084367786040, 1.124830996496069657, 0.1296417395475848722 ) ) ;
#5225 = CARTESIAN_POINT ( 'NONE',  ( -0.6072964997702857692, 1.007055905004311080, 0.09560345844190808184 ) ) ;
#5226 = CARTESIAN_POINT ( 'NONE',  ( -1.359896242158163515, 1.055963063646387923, 0.1427733949162121319 ) ) ;
#5227 = CONICAL_SURFACE ( 'NONE', #1560, 0.4994999999999999440, 0.8760580162247670888 ) ;
#5228 = CARTESIAN_POINT ( 'NONE',  ( -1.331145355400429997, 0.05655203057350426804, 0.07988026400895351098 ) ) ;
#5229 = DIRECTION ( 'NONE',  ( 0.4908647907637853081, -0.8712357644107737720, 0.000000000000000000 ) ) ;
#5230 = VERTEX_POINT ( 'NONE', #2806 ) ;
#5231 = ORIENTED_EDGE ( 'NONE', *, *, #5100, .F. ) ;
#5232 = AXIS2_PLACEMENT_3D ( 'NONE', #8407, #6886, #739 ) ;
#5233 = CARTESIAN_POINT ( 'NONE',  ( -1.353896133628735621, 1.060143748317039725, 0.1185514113396669150 ) ) ;
#5234 = DIRECTION ( 'NONE',  ( -0.000000000000000000, -0.000000000000000000, 1.000000000000000000 ) ) ;
#5235 = CARTESIAN_POINT ( 'NONE',  ( -0.9486744987195400158, 1.162249310618552522, 0.005371437400311189318 ) ) ;
#5236 = ORIENTED_EDGE ( 'NONE', *, *, #1192, .T. ) ;
#5237 = CARTESIAN_POINT ( 'NONE',  ( -1.013859724571285925, 0.5814254866359794827, 0.07119400962301036806 ) ) ;
#5238 = DIRECTION ( 'NONE',  ( -0.000000000000000000, -0.000000000000000000, 1.000000000000000000 ) ) ;
#5239 = EDGE_CURVE ( 'NONE', #6872, #6473, #7202, .T. ) ;
#5240 = CIRCLE ( 'NONE', #5962, 0.5999999999999998668 ) ;
#5241 = CARTESIAN_POINT ( 'NONE',  ( -0.9247940165543667712, 1.159153155676110547, 0.01242983034848069851 ) ) ;
#5242 = AXIS2_PLACEMENT_3D ( 'NONE', #3892, #2564, #1173 ) ;
#5243 = CARTESIAN_POINT ( 'NONE',  ( -1.165419583792217884, 1.146343301889999111, 0.1051332943090856065 ) ) ;
#5244 = EDGE_LOOP ( 'NONE', ( #1302, #3318, #8771, #8922, #5708 ) ) ;
#5245 = CIRCLE ( 'NONE', #5118, 0.5174999999999998490 ) ;
#5246 = CARTESIAN_POINT ( 'NONE',  ( -0.8640258166924484895, -0.01519001576462215841, 0.1056353088907909660 ) ) ;
#5247 = EDGE_CURVE ( 'NONE', #5423, #2107, #2216, .T. ) ;
#5248 = AXIS2_PLACEMENT_3D ( 'NONE', #7595, #1310, #4122 ) ;
#5249 = CARTESIAN_POINT ( 'NONE',  ( -0.4871942764038316165, 0.8532436362382447292, 0.1523676900014053204 ) ) ;
#5250 = CARTESIAN_POINT ( 'NONE',  ( -0.9941588225239152976, 1.165476961460963468, 0.08560345844190808684 ) ) ;
#5251 = CARTESIAN_POINT ( 'NONE',  ( -1.276814239390914985, 1.105110990214584810, 0.1068434384411433846 ) ) ;
#5252 = CARTESIAN_POINT ( 'NONE',  ( -1.322774559266820082, 0.05143348032185918878, 0.1074411107868333548 ) ) ;
#5253 = AXIS2_PLACEMENT_3D ( 'NONE', #5328, #3182, #8683 ) ;
#5254 = ORIENTED_EDGE ( 'NONE', *, *, #2316, .T. ) ;
#5255 = PLANE ( 'NONE',  #836 ) ;
#5256 = CARTESIAN_POINT ( 'NONE',  ( -1.354434040147419083, 1.059773953324244289, 0.09535621350096658289 ) ) ;
#5257 = CARTESIAN_POINT ( 'NONE',  ( -0.6790777597462570592, 1.063717182507782022, 0.1648342276726773303 ) ) ;
#5258 = EDGE_CURVE ( 'NONE', #5661, #1114, #5592, .T. ) ;
#5259 = AXIS2_PLACEMENT_3D ( 'NONE', #1939, #8118, #7518 ) ;
#5260 = ORIENTED_EDGE ( 'NONE', *, *, #2853, .T. ) ;
#5261 = CARTESIAN_POINT ( 'NONE',  ( -0.7237023272452162148, 1.090975395382542734, 0.1286803815188311828 ) ) ;
#5262 = CARTESIAN_POINT ( 'NONE',  ( -1.356099048938020690, 1.058621205688568434, 0.1033834210613906734 ) ) ;
#5263 = PERSON_AND_ORGANIZATION ( #4725, #1851 ) ;
#5264 = CARTESIAN_POINT ( 'NONE',  ( -0.5685090581235421325, 0.9678757542817894022, 0.1490278219130249104 ) ) ;
#5265 = CIRCLE ( 'NONE', #1149, 0.4610000000000001319 ) ;
#5266 = DIRECTION ( 'NONE',  ( -0.000000000000000000, -0.000000000000000000, 1.000000000000000000 ) ) ;
#5267 = CARTESIAN_POINT ( 'NONE',  ( -1.358860403232340364, 0.07490891843676002193, 0.07285743437231466391 ) ) ;
#5268 = CARTESIAN_POINT ( 'NONE',  ( -0.9249548997406735751, -0.02757750348784844541, 0.04975670537604096055 ) ) ;
#5269 = CARTESIAN_POINT ( 'NONE',  ( -0.4782784303861251085, 0.8362682633872510207, 0.1458744178164851912 ) ) ;
#5270 = DIRECTION ( 'NONE',  ( -0.000000000000000000, -0.000000000000000000, 1.000000000000000000 ) ) ;
#5271 = CARTESIAN_POINT ( 'NONE',  ( -1.467626869410854074, 0.5881504279527658419, 0.07789086438735987050 ) ) ;
#5272 = EDGE_CURVE ( 'NONE', #1219, #5415, #3674, .T. ) ;
#5273 = CARTESIAN_POINT ( 'NONE',  ( -1.325975673729617110, 0.05337121343908164672, 0.06672102607424154619 ) ) ;
#5274 = CARTESIAN_POINT ( 'NONE',  ( -0.5066003142347212940, 0.5501754866359794827, 0.07119400962301036806 ) ) ;
#5275 = AXIS2_PLACEMENT_3D ( 'NONE', #6273, #1462, #1362 ) ;
#5276 = CARTESIAN_POINT ( 'NONE',  ( -0.7733464924254387363, 1.115485291922388766, 0.1279111507496004108 ) ) ;
#5277 = EDGE_CURVE ( 'NONE', #2266, #7515, #7853, .T. ) ;
#5278 = ADVANCED_FACE ( 'NONE', ( #86, #585 ), #5546, .T. ) ;
#5279 = LINE ( 'NONE', #7369, #1142 ) ;
#5280 = ORIENTED_EDGE ( 'NONE', *, *, #3656, .F. ) ;
#5281 = VERTEX_POINT ( 'NONE', #3714 ) ;
#5282 = CARTESIAN_POINT ( 'NONE',  ( -1.344596207372337870, 1.066413825700778251, 0.1216150782609552727 ) ) ;
#5283 = CARTESIAN_POINT ( 'NONE',  ( -1.178825690438709328, 1.142676998720595138, 0.09591311377475146560 ) ) ;
#5284 = CARTESIAN_POINT ( 'NONE',  ( -0.9515121589178009431, 1.162552592311045352, 0.006202896166729825536 ) ) ;
#5285 = ORIENTED_EDGE ( 'NONE', *, *, #7358, .T. ) ;
#5286 = CARTESIAN_POINT ( 'NONE',  ( -1.112018735299023842, -0.02611573092606004134, 0.1140400794833180825 ) ) ;
#5287 = CARTESIAN_POINT ( 'NONE',  ( -1.326002991951398258, 0.05338774651939006549, 0.1174325442182502927 ) ) ;
#5288 = CARTESIAN_POINT ( 'NONE',  ( -0.9674236602858155010, 1.164000912400979137, 0.05948024545165911392 ) ) ;
#5289 = CARTESIAN_POINT ( 'NONE',  ( -1.013859724571285925, 1.026800486635979670, 0.07119400962301036806 ) ) ;
#5290 = ORIENTED_EDGE ( 'NONE', *, *, #2576, .T. ) ;
#5291 = CARTESIAN_POINT ( 'NONE',  ( -1.330398386556107537, 1.075509543229046905, 0.1332111943222207828 ) ) ;
#5292 = CARTESIAN_POINT ( 'NONE',  ( -1.309377687841703608, 0.04362316434377487562, 0.1061113476957106921 ) ) ;
#5293 = CARTESIAN_POINT ( 'NONE',  ( -1.089365547000972212, 1.161030585655859815, 0.04826872286498498643 ) ) ;
#5294 = DIRECTION ( 'NONE',  ( -1.000000000000000000, 0.000000000000000000, -0.000000000000000000 ) ) ;
#5295 = CARTESIAN_POINT ( 'NONE',  ( -1.320075173904531995, 0.04982363597128615373, 0.1063093379716416598 ) ) ;
#5296 = EDGE_CURVE ( 'NONE', #6236, #287, #7027, .T. ) ;
#5297 = VERTEX_POINT ( 'NONE', #6541 ) ;
#5298 = DIRECTION ( 'NONE',  ( -0.000000000000000000, -0.000000000000000000, 1.000000000000000000 ) ) ;
#5299 = DIRECTION ( 'NONE',  ( -0.6590846054289458689, 0.7520688019633381405, 0.000000000000000000 ) ) ;
#5300 = CARTESIAN_POINT ( 'NONE',  ( -0.6776587489501749717, 1.062760210634529967, 0.1634596393255316193 ) ) ;
#5301 = ORIENTED_EDGE ( 'NONE', *, *, #3180, .T. ) ;
#5302 = DIRECTION ( 'NONE',  ( -1.000000000000000000, 0.000000000000000000, -0.000000000000000000 ) ) ;
#5303 = CARTESIAN_POINT ( 'NONE',  ( -0.6671458240340465418, 0.07611745530422792116, 0.06023375742572544683 ) ) ;
#5304 = APPROVAL_ROLE ( '' ) ;
#5305 = EDGE_CURVE ( 'NONE', #1295, #6679, #8413, .T. ) ;
#5306 = EDGE_CURVE ( 'NONE', #3469, #6366, #2064, .T. ) ;
#5307 = DIRECTION ( 'NONE',  ( 0.000000000000000000, 0.000000000000000000, 1.000000000000000000 ) ) ;
#5308 = CARTESIAN_POINT ( 'NONE',  ( -1.037247464036160638, -0.03374351812323998778, 0.1405604821509479629 ) ) ;
#5309 = LINE ( 'NONE', #5986, #2580 ) ;
#5310 = CARTESIAN_POINT ( 'NONE',  ( -0.9368992762937047303, -0.02924335383959139958, 0.06935592036700510832 ) ) ;
#5311 = CARTESIAN_POINT ( 'NONE',  ( -0.7125338730454527925, 1.084647989474946117, 0.1289568238265234867 ) ) ;
#5312 = CARTESIAN_POINT ( 'NONE',  ( -1.329952513119345925, 0.05581318834899192532, 0.1041528163222207870 ) ) ;
#5313 = ORIENTED_EDGE ( 'NONE', *, *, #7079, .F. ) ;
#5314 = CARTESIAN_POINT ( 'NONE',  ( -0.5827054832367560833, 0.9830606215389507962, 0.09560345844190808184 ) ) ;
#5315 = CARTESIAN_POINT ( 'NONE',  ( -0.9381305024145820681, 1.161002204469136156, 0.1217573045957542482 ) ) ;
#5316 = CARTESIAN_POINT ( 'NONE',  ( -1.361496129677207012, 1.054829055253349246, 0.1363597910472073571 ) ) ;
#5317 = CARTESIAN_POINT ( 'NONE',  ( -1.309205335507863222, 0.04352564656178207342, 0.07095428027818470595 ) ) ;
#5318 = CARTESIAN_POINT ( 'NONE',  ( -1.229954545332610172, 1.125535420656029739, 0.1312695888373326680 ) ) ;
#5319 = ORIENTED_EDGE ( 'NONE', *, *, #2536, .T. ) ;
#5320 = VERTEX_POINT ( 'NONE', #2298 ) ;
#5321 = CARTESIAN_POINT ( 'NONE',  ( -1.354976294256511782, 1.059399425332150146, 0.1180819633046913814 ) ) ;
#5322 = CARTESIAN_POINT ( 'NONE',  ( -1.181977614710947755, 1.141766125255365028, 0.09568450720825233402 ) ) ;
#5323 = CARTESIAN_POINT ( 'NONE',  ( -0.9571899340916443233, 1.163118419963694361, 0.009476081779668917016 ) ) ;
#5324 = VERTEX_POINT ( 'NONE', #5737 ) ;
#5325 = DIRECTION ( 'NONE',  ( -0.000000000000000000, -0.000000000000000000, 1.000000000000000000 ) ) ;
#5326 = CARTESIAN_POINT ( 'NONE',  ( -1.013859724571285925, 0.5658004866359794827, 0.3756034584419081224 ) ) ;
#5327 = DIRECTION ( 'NONE',  ( 0.000000000000000000, 1.000000000000000000, 0.000000000000000000 ) ) ;
#5328 = CARTESIAN_POINT ( 'NONE',  ( -1.013859724571285925, 0.5658004866359794827, 0.2556034584419079603 ) ) ;
#5329 = VERTEX_POINT ( 'NONE', #4490 ) ;
#5330 = CARTESIAN_POINT ( 'NONE',  ( -0.8635962175381700634, -0.01507893117952898571, 0.1041619607208386228 ) ) ;
#5331 = CARTESIAN_POINT ( 'NONE',  ( -0.4873303636645648917, 0.8534927791057133062, 0.1521117710847779692 ) ) ;
#5332 = DIRECTION ( 'NONE',  ( 0.000000000000000000, 0.000000000000000000, 1.000000000000000000 ) ) ;
#5333 = CARTESIAN_POINT ( 'NONE',  ( -1.279888433793756830, 1.103600380702359551, 0.1240723884063906629 ) ) ;
#5334 = DIRECTION ( 'NONE',  ( -1.000000000000000000, -1.283091534577412468E-16, 0.000000000000000000 ) ) ;
#5335 = ORIENTED_EDGE ( 'NONE', *, *, #3361, .T. ) ;
#5336 = CARTESIAN_POINT ( 'NONE',  ( -0.6766036021278026835, 1.062044695455625964, 0.1612227496245413061 ) ) ;
#5337 = EDGE_LOOP ( 'NONE', ( #6080, #7852 ) ) ;
#5338 = DIRECTION ( 'NONE',  ( -0.7071067811865474617, 8.659560562354932858E-17, 0.7071067811865474617 ) ) ;
#5339 = CARTESIAN_POINT ( 'NONE',  ( -1.436678086712299907, 0.9915053623234325597, 0.1100971698868725840 ) ) ;
#5340 = DATE_AND_TIME ( #4574, #2597 ) ;
#5341 = APPROVAL ( #2551, 'UNSPECIFIED' ) ;
#5342 = CARTESIAN_POINT ( 'NONE',  ( -0.6899226295789910868, 1.070850508999621642, 0.1500826251085748131 ) ) ;
#5343 = CARTESIAN_POINT ( 'NONE',  ( -0.9579388986596893973, 1.163188853805415368, 0.04567603289436539260 ) ) ;
#5344 = CARTESIAN_POINT ( 'NONE',  ( -1.272587246909066439, 1.107150715132140695, 0.1311513590388795059 ) ) ;
#5345 = CARTESIAN_POINT ( 'NONE',  ( -1.283859958628571052, 0.02998341965782159307, 0.09297599981081143550 ) ) ;
#5346 = DIRECTION ( 'NONE',  ( -0.000000000000000000, -0.000000000000000000, -1.000000000000000000 ) ) ;
#5347 = EDGE_CURVE ( 'NONE', #608, #1673, #4258, .T. ) ;
#5348 = CARTESIAN_POINT ( 'NONE',  ( -0.7087421485850105007, 1.082427324468495433, 0.1313132746850334542 ) ) ;
#5349 = CARTESIAN_POINT ( 'NONE',  ( -1.006912821393811885, -0.03416110053315278561, 0.03634012447322812478 ) ) ;
#5350 = ORIENTED_EDGE ( 'NONE', *, *, #6676, .F. ) ;
#5351 = EDGE_CURVE ( 'NONE', #4343, #2327, #1897, .T. ) ;
#5352 = CARTESIAN_POINT ( 'NONE',  ( -1.346093379705920690, 1.065421178107295752, 0.1293564700178111426 ) ) ;
#5353 = DIRECTION ( 'NONE',  ( -0.6947498712428918921, 0.7192514278108770309, 0.000000000000000000 ) ) ;
#5354 = CARTESIAN_POINT ( 'NONE',  ( -1.170817470859511600, 1.144907625370886528, 0.1278520317917183347 ) ) ;
#5355 = FACE_BOUND ( 'NONE', #131, .T. ) ;
#5356 = CIRCLE ( 'NONE', #1393, 0.5999999999999998668 ) ;
#5357 = AXIS2_PLACEMENT_3D ( 'NONE', #7753, #5597, #775 ) ;
#5358 = CARTESIAN_POINT ( 'NONE',  ( -0.4887592275297126809, 0.8560925488642829873, 0.1482308214360364140 ) ) ;
#5359 = VERTEX_POINT ( 'NONE', #306 ) ;
#5360 = ORIENTED_EDGE ( 'NONE', *, *, #8529, .F. ) ;
#5361 = CARTESIAN_POINT ( 'NONE',  ( -1.343619673336486464, 1.067057359233588354, 0.1219416544805194819 ) ) ;
#5362 = CARTESIAN_POINT ( 'NONE',  ( -1.184882427829415441, 1.140910958296944333, 0.09560861624896835331 ) ) ;
#5363 = EDGE_CURVE ( 'NONE', #3590, #5432, #8630, .T. ) ;
#5364 = CARTESIAN_POINT ( 'NONE',  ( -0.9520111766411190057, 1.162604448864418272, 0.006393669521169808093 ) ) ;
#5365 = AXIS2_PLACEMENT_3D ( 'NONE', #7875, #5144, #3679 ) ;
#5366 = ORIENTED_EDGE ( 'NONE', *, *, #5518, .T. ) ;
#5367 = EDGE_CURVE ( 'NONE', #1317, #8632, #8649, .T. ) ;
#5368 = EDGE_CURVE ( 'NONE', #4281, #5661, #3087, .T. ) ;
#5369 = CARTESIAN_POINT ( 'NONE',  ( -0.9577453508725740638, 1.163170704442765491, 0.03841689319815293907 ) ) ;
#5370 = CARTESIAN_POINT ( 'NONE',  ( -1.434945345449960108, 0.9932193676990666020, 0.1025265353649850164 ) ) ;
#5371 = CARTESIAN_POINT ( 'NONE',  ( -0.9624851963595775217, 1.163597009026334117, 0.07566368112727531181 ) ) ;
#5372 = CARTESIAN_POINT ( 'NONE',  ( -1.175170886427804096, 1.143709433511870488, 0.09663083171964789719 ) ) ;
#5373 = VERTEX_POINT ( 'NONE', #860 ) ;
#5374 = CARTESIAN_POINT ( 'NONE',  ( -1.330673979005178253, 1.075338374299638966, 0.1324122393415836096 ) ) ;
#5375 = CARTESIAN_POINT ( 'NONE',  ( -1.015443286196133110, 1.165799386872452548, 0.02043912759819414490 ) ) ;
#5376 = ORIENTED_EDGE ( 'NONE', *, *, #356, .F. ) ;
#5377 = DIRECTION ( 'NONE',  ( 1.000000000000000000, 0.000000000000000000, 0.000000000000000000 ) ) ;
#5378 = CARTESIAN_POINT ( 'NONE',  ( -0.7008468186676217737, 1.077682231512414601, 0.1308678815188311639 ) ) ;
#5379 = CIRCLE ( 'NONE', #2171, 0.5999999999999999778 ) ;
#5380 = CIRCLE ( 'NONE', #2461, 0.5999999999999999778 ) ;
#5381 = CARTESIAN_POINT ( 'NONE',  ( -1.279962247910152229, 1.103563882436429777, 0.1226040857643655307 ) ) ;
#5382 = DIRECTION ( 'NONE',  ( -0.000000000000000000, -0.000000000000000000, 1.000000000000000000 ) ) ;
#5383 = B_SPLINE_CURVE_WITH_KNOTS ( 'NONE', 3,
 ( #1566, #4329, #7708, #4378, #7159, #4426, #193, #683, #784, #3003, #5111, #106 ),
 .UNSPECIFIED., .F., .F.,
 ( 4, 2, 2, 2, 2, 4 ),
 ( 0.000000000000000000, 0.2499999999999875655, 0.4999999999999751310, 0.6249999999999689138, 0.7499999999999626965, 1.000000000000000000 ),
 .UNSPECIFIED. ) ;
#5384 = VERTEX_POINT ( 'NONE', #1810 ) ;
#5385 = VERTEX_POINT ( 'NONE', #7357 ) ;
#5386 = EDGE_CURVE ( 'NONE', #6511, #1527, #6726, .T. ) ;
#5387 = VECTOR ( 'NONE', #390, 39.37007874015748143 ) ;
#5388 = CARTESIAN_POINT ( 'NONE',  ( -1.382914627523850859, 1.038874888799090179, 0.1243638474532767907 ) ) ;
#5389 = ORIENTED_EDGE ( 'NONE', *, *, #8027, .F. ) ;
#5390 = CARTESIAN_POINT ( 'NONE',  ( -0.8697981571041190074, -0.01664977344556981334, 0.06489906830400864191 ) ) ;
#5391 = CARTESIAN_POINT ( 'NONE',  ( -1.280211399670855954, 0.02816045609988382728, 0.08165402680363320620 ) ) ;
#5392 = AXIS2_PLACEMENT_3D ( 'NONE', #3718, #1603, #3891 ) ;
#5393 = AXIS2_PLACEMENT_3D ( 'NONE', #8180, #2084, #6062 ) ;
#5394 = DIRECTION ( 'NONE',  ( 0.000000000000000000, 0.000000000000000000, 1.000000000000000000 ) ) ;
#5395 = CARTESIAN_POINT ( 'NONE',  ( -1.384683434958937198, 1.037489959487827074, 0.09685856446280852183 ) ) ;
#5396 = CARTESIAN_POINT ( 'NONE',  ( -1.474590936239582817, 0.5814254866359794827, 0.07119792500804121571 ) ) ;
#5397 = CARTESIAN_POINT ( 'NONE',  ( -1.285153476412534523, 0.03063695292857584671, 0.09542269299582666064 ) ) ;
#5398 = AXIS2_PLACEMENT_3D ( 'NONE', #4547, #949, #5868 ) ;
#5399 = CARTESIAN_POINT ( 'NONE',  ( -0.9116618135829797076, -0.02544241464371467878, 0.04004343035278561808 ) ) ;
#5400 = CARTESIAN_POINT ( 'NONE',  ( -0.7066818018155207604, 1.081205261806240658, 0.1339904789494058002 ) ) ;
#5401 = CARTESIAN_POINT ( 'NONE',  ( -1.338428639293445466, 1.070434036448196569, 0.1240649969034465366 ) ) ;
#5402 = ORIENTED_EDGE ( 'NONE', *, *, #262, .F. ) ;
#5403 = CARTESIAN_POINT ( 'NONE',  ( -1.306500100563665390, 0.04200475257229863146, 0.04116804967346512911 ) ) ;
#5404 = PLANE ( 'NONE',  #8020 ) ;
#5405 = CARTESIAN_POINT ( 'NONE',  ( -1.428996756152538739, 0.9990036960913021291, 0.1249624328008824836 ) ) ;
#5406 = FACE_OUTER_BOUND ( 'NONE', #2895, .T. ) ;
#5407 = CARTESIAN_POINT ( 'NONE',  ( -1.307467374289965623, 1.089055887282386781, 0.1050459673871629029 ) ) ;
#5408 = ORIENTED_EDGE ( 'NONE', *, *, #4065, .T. ) ;
#5409 = EDGE_CURVE ( 'NONE', #4561, #1266, #424, .T. ) ;
#5410 = VERTEX_POINT ( 'NONE', #6756 ) ;
#5411 = CARTESIAN_POINT ( 'NONE',  ( -1.325262883116419710, 0.05290788271179701352, 0.1435135307597462384 ) ) ;
#5412 = DIRECTION ( 'NONE',  ( -0.000000000000000000, -0.000000000000000000, 1.000000000000000000 ) ) ;
#5413 = CIRCLE ( 'NONE', #2783, 0.5999999999999999778 ) ;
#5414 = CARTESIAN_POINT ( 'NONE',  ( -1.261276422963399035, 0.01918517012129943022, 0.03685402400421974867 ) ) ;
#5415 = VERTEX_POINT ( 'NONE', #1072 ) ;
#5416 = CARTESIAN_POINT ( 'NONE',  ( -1.013859724571285925, 0.5658004866359794827, 0.08560345844190808684 ) ) ;
#5417 = CARTESIAN_POINT ( 'NONE',  ( -1.172233183345918306, 1.144521358688766144, 0.1118898613818253285 ) ) ;
#5418 = CARTESIAN_POINT ( 'NONE',  ( -1.474594853875531797, 0.5814254866359794827, 0.09619400962301105640 ) ) ;
#5419 = CONICAL_SURFACE ( 'NONE', #7314, 0.4610000000000000764, 0.7853981633974517207 ) ;
#5420 = EDGE_CURVE ( 'NONE', #7239, #3492, #4126, .T. ) ;
#5421 = CARTESIAN_POINT ( 'NONE',  ( -1.281141037295487228, 1.102979007687543644, 0.1358094853426667914 ) ) ;
#5422 = EDGE_CURVE ( 'NONE', #6152, #2206, #724, .T. ) ;
#5423 = VERTEX_POINT ( 'NONE', #8134 ) ;
#5424 = CARTESIAN_POINT ( 'NONE',  ( -0.9810213216075982512, 1.164901178749412347, 0.1486803815188311728 ) ) ;
#5425 = CARTESIAN_POINT ( 'NONE',  ( -0.8790926793557712893, -0.01887156709331141990, 0.1221633588258177472 ) ) ;
#5426 = CARTESIAN_POINT ( 'NONE',  ( -1.011384926841982113, 1.165795582986943080, 0.01734869017275114320 ) ) ;
#5427 = ORIENTED_EDGE ( 'NONE', *, *, #2293, .F. ) ;
#5428 = CARTESIAN_POINT ( 'NONE',  ( -0.9412498795646297989, 1.161391022185150890, 0.07724427436893406551 ) ) ;
#5429 = DIRECTION ( 'NONE',  ( -0.000000000000000000, -0.000000000000000000, 1.000000000000000000 ) ) ;
#5430 = CARTESIAN_POINT ( 'NONE',  ( -1.008218272530492010, -0.03417299140534697105, 0.1374947949024405147 ) ) ;
#5431 = CARTESIAN_POINT ( 'NONE',  ( -1.013859724571285925, 0.5658004866359794827, 0.1279111507496004108 ) ) ;
#5432 = VERTEX_POINT ( 'NONE', #8048 ) ;
#5433 = VERTEX_POINT ( 'NONE', #519 ) ;
#5434 = CARTESIAN_POINT ( 'NONE',  ( -0.5576962662673914384, 0.9555631058136412337, 0.1209880738265234762 ) ) ;
#5435 = VERTEX_POINT ( 'NONE', #2475 ) ;
#5436 = LINE ( 'NONE', #2690, #8628 ) ;
#5437 = CARTESIAN_POINT ( 'NONE',  ( -1.435430072753143493, 0.9927412849967983677, 0.1051848667175918489 ) ) ;
#5438 = VERTEX_POINT ( 'NONE', #1907 ) ;
#5439 = CARTESIAN_POINT ( 'NONE',  ( -0.5727599816257915588, 0.9725326058169198040, 0.1444375930572927291 ) ) ;
#5440 = CARTESIAN_POINT ( 'NONE',  ( -1.244555986767268196, 0.01192393485859798499, 0.03554692555714249885 ) ) ;
#5441 = CARTESIAN_POINT ( 'NONE',  ( -1.386951887292646735, 1.035696517498490454, 0.1198775222962613629 ) ) ;
#5442 = CARTESIAN_POINT ( 'NONE',  ( -0.9503660686990123008, 1.162431526902514722, 0.01659185837440611475 ) ) ;
#5443 = CARTESIAN_POINT ( 'NONE',  ( -0.5710353431175916317, 0.9706542828223680974, 0.09906918235290110286 ) ) ;
#5444 = LINE ( 'NONE', #4715, #3767 ) ;
#5445 = ORIENTED_EDGE ( 'NONE', *, *, #457, .T. ) ;
#5446 = CARTESIAN_POINT ( 'NONE',  ( -1.298819585794950715, 0.03778399071561508449, 0.04459415588349074921 ) ) ;
#5447 = LINE ( 'NONE', #1172, #3786 ) ;
#5448 = CARTESIAN_POINT ( 'NONE',  ( -0.7125338730454527925, 1.084647989474946117, 0.1289568238265234867 ) ) ;
#5449 = EDGE_LOOP ( 'NONE', ( #6695, #1472, #6200, #7151, #5644, #8391, #977, #6610, #4012, #1424 ) ) ;
#5450 = VERTEX_POINT ( 'NONE', #8092 ) ;
#5451 = CARTESIAN_POINT ( 'NONE',  ( -1.310654264916718770, 1.087253895779228818, 0.1081682579713754561 ) ) ;
#5452 = EDGE_LOOP ( 'NONE', ( #6112, #1660, #2820, #5745 ) ) ;
#5453 = ORIENTED_EDGE ( 'NONE', *, *, #3337, .T. ) ;
#5454 = CARTESIAN_POINT ( 'NONE',  ( -1.443959061489296536, 0.9841479025269915804, 0.1371419199803696476 ) ) ;
#5455 = CARTESIAN_POINT ( 'NONE',  ( -0.9506805629030610216, 1.162465225294575522, 0.07430475334337928450 ) ) ;
#5456 = CARTESIAN_POINT ( 'NONE',  ( -1.388111247803943904, 1.034773724658167637, 0.1283265821799365325 ) ) ;
#5457 = VERTEX_POINT ( 'NONE', #1120 ) ;
#5458 = CARTESIAN_POINT ( 'NONE',  ( -0.9546369888684111960, 1.162870585094663900, 0.02209718049391011865 ) ) ;
#5459 = DIRECTION ( 'NONE',  ( 0.000000000000000000, 0.000000000000000000, 1.000000000000000000 ) ) ;
#5460 = ADVANCED_FACE ( 'NONE', ( #6668 ), #389, .T. ) ;
#5461 = CARTESIAN_POINT ( 'NONE',  ( -1.131016591348068756, 1.154251222523910103, 0.1025265353649850164 ) ) ;
#5462 = CARTESIAN_POINT ( 'NONE',  ( -0.8500346269227987417, 1.143001783741645516, 0.08560345844190808684 ) ) ;
#5463 = ORIENTED_EDGE ( 'NONE', *, *, #2425, .T. ) ;
#5464 = CARTESIAN_POINT ( 'NONE',  ( -0.5171474135202532851, 0.9023667951850409263, 0.1088486507496004008 ) ) ;
#5465 = DIRECTION ( 'NONE',  ( 0.000000000000000000, 0.000000000000000000, -1.000000000000000000 ) ) ;
#5466 = CARTESIAN_POINT ( 'NONE',  ( -1.257861401009579216, 0.01765526692198591402, 0.1095132000064416578 ) ) ;
#5467 = CARTESIAN_POINT ( 'NONE',  ( -1.013859724571285925, 0.5658004866359794827, 0.1556034584419080935 ) ) ;
#5468 = VERTEX_POINT ( 'NONE', #6067 ) ;
#5469 = CARTESIAN_POINT ( 'NONE',  ( -0.5740685381716958968, 0.9739472560360649123, 0.1460268295189968979 ) ) ;
#5470 = CARTESIAN_POINT ( 'NONE',  ( -0.4889081335406443851, 0.8563627717839460418, 0.1042796852427882309 ) ) ;
#5471 = EDGE_CURVE ( 'NONE', #6293, #121, #387, .T. ) ;
#5472 = EDGE_CURVE ( 'NONE', #2142, #2486, #1463, .T. ) ;
#5473 = LINE ( 'NONE', #8266, #1738 ) ;
#5474 = LINE ( 'NONE', #4055, #7108 ) ;
#5475 = ORIENTED_EDGE ( 'NONE', *, *, #8722, .F. ) ;
#5476 = ORIENTED_EDGE ( 'NONE', *, *, #5032, .T. ) ;
#5477 = CARTESIAN_POINT ( 'NONE',  ( -1.006449185753430342, -0.03415374861614743629, 0.1204755154949139206 ) ) ;
#5478 = ORIENTED_EDGE ( 'NONE', *, *, #4687, .T. ) ;
#5479 = CARTESIAN_POINT ( 'NONE',  ( -0.8658429696600973280, -0.01565577434237733212, 0.07091847808388454522 ) ) ;
#5480 = DIRECTION ( 'NONE',  ( 0.000000000000000000, 0.000000000000000000, 1.000000000000000000 ) ) ;
#5481 = VERTEX_POINT ( 'NONE', #1451 ) ;
#5482 = CARTESIAN_POINT ( 'NONE',  ( -0.5705625242614273951, 0.9701366317325834654, 0.1394769965791268218 ) ) ;
#5483 = DIRECTION ( 'NONE',  ( 0.8555192693620110589, 0.5177709722940159187, 0.000000000000000000 ) ) ;
#5484 = CARTESIAN_POINT ( 'NONE',  ( -1.427589481890122913, 1.000343566098644832, 0.1302188430572926992 ) ) ;
#5485 = CARTESIAN_POINT ( 'NONE',  ( -0.9091761525195076743, -0.02499730077688278040, 0.1453431211451161609 ) ) ;
#5486 = DIRECTION ( 'NONE',  ( -1.000000000000000000, 0.000000000000000000, 0.000000000000000000 ) ) ;
#5487 = ORIENTED_EDGE ( 'NONE', *, *, #473, .T. ) ;
#5488 = DIRECTION ( 'NONE',  ( -0.000000000000000000, -0.000000000000000000, 1.000000000000000000 ) ) ;
#5489 = DIRECTION ( 'NONE',  ( 0.000000000000000000, 0.000000000000000000, -1.000000000000000000 ) ) ;
#5490 = CARTESIAN_POINT ( 'NONE',  ( -0.8589834681872314803, 1.145565918624685153, 0.03167550705301924036 ) ) ;
#5491 = VERTEX_POINT ( 'NONE', #759 ) ;
#5492 = ORIENTED_EDGE ( 'NONE', *, *, #7305, .T. ) ;
#5493 = CARTESIAN_POINT ( 'NONE',  ( -1.182778211666327239, -0.009993220521818014720, 0.05841866684582237845 ) ) ;
#5494 = ORIENTED_EDGE ( 'NONE', *, *, #3930, .T. ) ;
#5495 = VERTEX_POINT ( 'NONE', #32 ) ;
#5496 = CARTESIAN_POINT ( 'NONE',  ( -1.320496455124584578, 0.05007389678862277094, 0.1435199264540073794 ) ) ;
#5497 = CARTESIAN_POINT ( 'NONE',  ( -1.236697470603730808, 1.122887830718424018, 0.1025417764702049733 ) ) ;
#5498 = CARTESIAN_POINT ( 'NONE',  ( -1.360583293623593537, 0.07612430097450322009, 0.1146217363633898756 ) ) ;
#5499 = EDGE_LOOP ( 'NONE', ( #8908, #3974, #8970, #119, #2915, #2928, #7413, #2648, #9075, #7214, #8460, #8145 ) ) ;
#5500 = CARTESIAN_POINT ( 'NONE',  ( -0.9555449990684621309, 1.162959929663268888, 0.02456963859058570662 ) ) ;
#5501 = CARTESIAN_POINT ( 'NONE',  ( -1.230709702449051202, 0.006357829079002881231, 0.1005195239596940321 ) ) ;
#5502 = AXIS2_PLACEMENT_3D ( 'NONE', #2132, #2965, #740 ) ;
#5503 = CARTESIAN_POINT ( 'NONE',  ( -0.8738462901585282161, 1.149235348624825903, 0.09560345844190808184 ) ) ;
#5504 = CARTESIAN_POINT ( 'NONE',  ( -1.454828740129903597, 0.9726743335680027025, 0.1556034584419080935 ) ) ;
#5505 = ORIENTED_EDGE ( 'NONE', *, *, #4009, .T. ) ;
#5506 = CIRCLE ( 'NONE', #1102, 0.5999999999999999778 ) ;
#5507 = FACE_BOUND ( 'NONE', #6447, .T. ) ;
#5508 = CARTESIAN_POINT ( 'NONE',  ( -1.287065680486332742, 0.03161051470174653516, 0.04963579532420823309 ) ) ;
#5509 = CARTESIAN_POINT ( 'NONE',  ( -1.174611748645576936, -0.01226420416948600413, 0.03554692555714249885 ) ) ;
#5510 = CARTESIAN_POINT ( 'NONE',  ( -0.7457369895044274610, 0.02904151005499388746, 0.1456034584419080014 ) ) ;
#5511 = ORIENTED_EDGE ( 'NONE', *, *, #2073, .F. ) ;
#5512 = CARTESIAN_POINT ( 'NONE',  ( -0.5734827787613419048, 0.9733152480610506307, 0.1454172647813225527 ) ) ;
#5513 = DIRECTION ( 'NONE',  ( 0.000000000000000000, 0.000000000000000000, 1.000000000000000000 ) ) ;
#5514 = DIRECTION ( 'NONE',  ( -0.000000000000000000, -0.000000000000000000, 1.000000000000000000 ) ) ;
#5515 = AXIS2_PLACEMENT_3D ( 'NONE', #1976, #679, #6234 ) ;
#5516 = ORIENTED_EDGE ( 'NONE', *, *, #5041, .F. ) ;
#5517 = EDGE_LOOP ( 'NONE', ( #7371, #5025, #8587, #3358 ) ) ;
#5518 = EDGE_CURVE ( 'NONE', #8040, #7825, #8784, .T. ) ;
#5519 = CARTESIAN_POINT ( 'NONE',  ( -1.006974131626416469, -0.03416003418572974987, 0.1242707265936639216 ) ) ;
#5520 = VECTOR ( 'NONE', #2961, 39.37007874015748143 ) ;
#5521 = EDGE_LOOP ( 'NONE', ( #6739, #2678, #3856, #6171, #4341, #4591, #1352, #2013, #2104, #1253, #2803, #4980, #2053, #5528, #4109, #1870, #3127, #1528, #4115, #4393, #5803, #5671, #737, #6081, #1178, #2144, #4112, #3815, #6380, #3644, #8684, #2616, #2244, #5806, #7890 ) ) ;
#5522 = EDGE_CURVE ( 'NONE', #2772, #8787, #4247, .T. ) ;
#5523 = CARTESIAN_POINT ( 'NONE',  ( -1.073162127469563076, 1.162887436989763712, 0.1099383943393440338 ) ) ;
#5524 = CARTESIAN_POINT ( 'NONE',  ( -1.013859724571285925, 0.5658004866359794827, 0.004711531358574759867 ) ) ;
#5525 = ORIENTED_EDGE ( 'NONE', *, *, #6980, .F. ) ;
#5526 = AXIS2_PLACEMENT_3D ( 'NONE', #2427, #5266, #1727 ) ;
#5527 = AXIS2_PLACEMENT_3D ( 'NONE', #5733, #6455, #1636 ) ;
#5528 = ORIENTED_EDGE ( 'NONE', *, *, #6384, .F. ) ;
#5529 = CARTESIAN_POINT ( 'NONE',  ( -0.5690452903032383603, 0.9684667496068853909, 0.1304499205177887255 ) ) ;
#5530 = EDGE_CURVE ( 'NONE', #700, #5320, #6188, .T. ) ;
#5531 = CARTESIAN_POINT ( 'NONE',  ( -1.272938107511728978, 1.106982933123703328, 0.1335265231579367828 ) ) ;
#5532 = CARTESIAN_POINT ( 'NONE',  ( -0.6728785158902772512, 1.059492511642386559, 0.1587779184680846722 ) ) ;
#5533 = DIRECTION ( 'NONE',  ( -0.000000000000000000, -0.000000000000000000, 1.000000000000000000 ) ) ;
#5534 = CARTESIAN_POINT ( 'NONE',  ( -1.265376846539730593, 0.02102632151608539723, 0.1388118043000875768 ) ) ;
#5535 = AXIS2_PLACEMENT_3D ( 'NONE', #6686, #1007, #3822 ) ;
#5536 = ORIENTED_EDGE ( 'NONE', *, *, #642, .T. ) ;
#5537 = CARTESIAN_POINT ( 'NONE',  ( -1.346508844752952294, 1.065144619614936561, 0.1292167911109647072 ) ) ;
#5538 = DIRECTION ( 'NONE',  ( -0.1258430373828105520, 0.9920501650331341459, 0.000000000000000000 ) ) ;
#5539 = CARTESIAN_POINT ( 'NONE',  ( -0.9120596450583364767, -0.02550040446021781954, 0.09051697043586993952 ) ) ;
#5540 = VERTEX_POINT ( 'NONE', #8282 ) ;
#5541 = DIRECTION ( 'NONE',  ( -0.000000000000000000, -0.000000000000000000, 1.000000000000000000 ) ) ;
#5542 = CARTESIAN_POINT ( 'NONE',  ( -0.7733464924254387363, 1.115485291922388766, 0.1025265353649850164 ) ) ;
#5543 = VERTEX_POINT ( 'NONE', #2795 ) ;
#5544 = VERTEX_POINT ( 'NONE', #5580 ) ;
#5545 = CARTESIAN_POINT ( 'NONE',  ( -0.5700203288630230070, 0.9695412810918947466, 0.1132645307081998204 ) ) ;
#5546 = PLANE ( 'NONE',  #8506 ) ;
#5547 = CARTESIAN_POINT ( 'NONE',  ( -1.356265408739442568, 0.07309366487700326431, 0.1301452557300266655 ) ) ;
#5548 = VERTEX_POINT ( 'NONE', #8378 ) ;
#5549 = CARTESIAN_POINT ( 'NONE',  ( -0.9435293349749882541, 1.161665213278731512, 0.08661012936847041488 ) ) ;
#5550 = FACE_BOUND ( 'NONE', #4894, .T. ) ;
#5551 = VECTOR ( 'NONE', #2393, 39.37007874015748143 ) ;
#5552 = CARTESIAN_POINT ( 'NONE',  ( -1.013859724571285925, 0.5658004866359794827, 0.09619400962301037639 ) ) ;
#5553 = CARTESIAN_POINT ( 'NONE',  ( -1.284911402726480301, 1.101087089010438502, 0.1433050838086660506 ) ) ;
#5554 = ORIENTED_EDGE ( 'NONE', *, *, #5767, .F. ) ;
#5555 = AXIS2_PLACEMENT_3D ( 'NONE', #4961, #5637, #6847 ) ;
#5556 = DIRECTION ( 'NONE',  ( -0.000000000000000000, -0.000000000000000000, 1.000000000000000000 ) ) ;
#5557 = CARTESIAN_POINT ( 'NONE',  ( -1.297683673184985231, 1.094425085187094915, 0.1494496122880619726 ) ) ;
#5558 = CARTESIAN_POINT ( 'NONE',  ( -1.345652803007821419, 1.065713984717176377, 0.1021517517244100032 ) ) ;
#5559 = B_SPLINE_CURVE_WITH_KNOTS ( 'NONE', 3,
 ( #3034, #144, #909, #1557 ),
 .UNSPECIFIED., .F., .F.,
 ( 4, 4 ),
 ( 0.000000000000000000, 2.110276124944799915E-07 ),
 .UNSPECIFIED. ) ;
#5560 = CARTESIAN_POINT ( 'NONE',  ( -1.005837227988725768, 1.165746883529678701, 0.01199501556334134529 ) ) ;
#5561 = ORIENTED_EDGE ( 'NONE', *, *, #37, .F. ) ;
#5562 = CARTESIAN_POINT ( 'NONE',  ( -0.9298350742348190368, 1.159888024220323111, 0.06820820660253797130 ) ) ;
#5563 = CARTESIAN_POINT ( 'NONE',  ( -0.8399063420547997483, -0.008430490523096049668, 0.1201407873292808098 ) ) ;
#5564 = CIRCLE ( 'NONE', #2641, 0.4865582143213656452 ) ;
#5565 = CARTESIAN_POINT ( 'NONE',  ( -0.6999633082539619133, 1.077140994686191178, 0.09666291906210264240 ) ) ;
#5566 = EDGE_CURVE ( 'NONE', #7825, #6966, #2097, .T. ) ;
#5567 = CARTESIAN_POINT ( 'NONE',  ( -1.013859724571285925, 1.083300486635979443, 0.1338940096230100962 ) ) ;
#5568 = ORIENTED_EDGE ( 'NONE', *, *, #6363, .T. ) ;
#5569 = ORIENTED_EDGE ( 'NONE', *, *, #6061, .T. ) ;
#5570 = CARTESIAN_POINT ( 'NONE',  ( -1.003425000852797844, -0.03410912502661208462, 0.1114873481746158218 ) ) ;
#5571 = VERTEX_POINT ( 'NONE', #6307 ) ;
#5572 = CARTESIAN_POINT ( 'NONE',  ( -0.5632380970634587314, 0.9619572091867861774, 0.1252789392111388622 ) ) ;
#5573 = ORIENTED_EDGE ( 'NONE', *, *, #5239, .F. ) ;
#5574 = CARTESIAN_POINT ( 'NONE',  ( -1.130305633304587332, 1.154392323428909739, 0.06507259473706368536 ) ) ;
#5575 = EDGE_CURVE ( 'NONE', #4212, #1881, #5564, .T. ) ;
#5576 = ORIENTED_EDGE ( 'NONE', *, *, #1083, .T. ) ;
#5577 = CARTESIAN_POINT ( 'NONE',  ( -0.4138597245712860584, 0.5658004866359794827, 0.3756034584419081224 ) ) ;
#5578 = DIRECTION ( 'NONE',  ( 0.000000000000000000, 0.000000000000000000, -1.000000000000000000 ) ) ;
#5579 = CARTESIAN_POINT ( 'NONE',  ( -1.223761710231774824, 1.127887019912984901, 0.1227647377027007713 ) ) ;
#5580 = CARTESIAN_POINT ( 'NONE',  ( -1.172903609592315766, -0.01273649803951839264, 0.1236623732928745084 ) ) ;
#5581 = CARTESIAN_POINT ( 'NONE',  ( -1.236679737966142278, 1.122892579675873082, 0.1339904789494056059 ) ) ;
#5582 = EDGE_LOOP ( 'NONE', ( #3092, #3789, #2159, #1696, #665, #1899, #1956 ) ) ;
#5583 = CARTESIAN_POINT ( 'NONE',  ( -1.296248491476814424, 0.03640740934211070950, 0.09724643851014139195 ) ) ;
#5584 = CARTESIAN_POINT ( 'NONE',  ( -1.178551109801442731, 1.142755874414583817, 0.1305662016182732588 ) ) ;
#5585 = EDGE_CURVE ( 'NONE', #1461, #7039, #9046, .T. ) ;
#5586 = EDGE_CURVE ( 'NONE', #6396, #1132, #7764, .T. ) ;
#5587 = CARTESIAN_POINT ( 'NONE',  ( -1.068974980533663022, -0.03166274115314687831, 0.04100553047936803669 ) ) ;
#5588 = CARTESIAN_POINT ( 'NONE',  ( -0.6983778040843936497, 1.076164256293393073, 0.1339973530972685956 ) ) ;
#5589 = VERTEX_POINT ( 'NONE', #3064 ) ;
#5590 = VERTEX_POINT ( 'NONE', #2288 ) ;
#5591 = CARTESIAN_POINT ( 'NONE',  ( -1.346169231664687604, 0.06623002678375111696, 0.1354120877039048099 ) ) ;
#5592 = LINE ( 'NONE', #4135, #291 ) ;
#5593 = CARTESIAN_POINT ( 'NONE',  ( -1.248561404354510795, 0.01360928650061645796, 0.1405635154506982287 ) ) ;
#5594 = VERTEX_POINT ( 'NONE', #3019 ) ;
#5595 = CARTESIAN_POINT ( 'NONE',  ( -0.4817018035229067019, 0.8429429537273055439, 0.1494496122880619449 ) ) ;
#5596 = FACE_BOUND ( 'NONE', #1044, .T. ) ;
#5597 = DIRECTION ( 'NONE',  ( 0.000000000000000000, 0.000000000000000000, 1.000000000000000000 ) ) ;
#5598 = CARTESIAN_POINT ( 'NONE',  ( -0.5827054832367560833, 0.9830606215389507962, 0.09560345844190808184 ) ) ;
#5599 = VERTEX_POINT ( 'NONE', #7176 ) ;
#5600 = CARTESIAN_POINT ( 'NONE',  ( -1.307882795365480355, 0.04277915096289856139, 0.1162209333396581473 ) ) ;
#5601 = CARTESIAN_POINT ( 'NONE',  ( -1.283421399113479744, 0.02976270474182209427, 0.05545158929650005619 ) ) ;
#5602 = DIRECTION ( 'NONE',  ( 0.000000000000000000, 0.000000000000000000, 1.000000000000000000 ) ) ;
#5603 = VERTEX_POINT ( 'NONE', #2335 ) ;
#5604 = EDGE_LOOP ( 'NONE', ( #1468, #4499, #1874 ) ) ;
#5605 = CARTESIAN_POINT ( 'NONE',  ( -0.4766423428647016403, 0.8330035903052652735, 0.1172246337984178127 ) ) ;
#5606 = CARTESIAN_POINT ( 'NONE',  ( -0.4906552621838746742, 0.8594960652785095245, 0.1175480424522058337 ) ) ;
#5607 = CARTESIAN_POINT ( 'NONE',  ( -0.6955111846178197998, 1.074381906707770895, 0.09943736385917792409 ) ) ;
#5608 = EDGE_CURVE ( 'NONE', #835, #7977, #7262, .T. ) ;
#5609 = B_SPLINE_CURVE_WITH_KNOTS ( 'NONE', 3,
 ( #8836, #8285, #2562, #2007 ),
 .UNSPECIFIED., .F., .F.,
 ( 4, 4 ),
 ( 0.000000000000000000, 1.000000000000000000 ),
 .UNSPECIFIED. ) ;
#5610 = DIRECTION ( 'NONE',  ( 1.000000000000000000, 0.000000000000000000, 0.000000000000000000 ) ) ;
#5611 = ORIENTED_EDGE ( 'NONE', *, *, #7153, .T. ) ;
#5612 = VERTEX_POINT ( 'NONE', #896 ) ;
#5613 = DIRECTION ( 'NONE',  ( -0.000000000000000000, -0.000000000000000000, 1.000000000000000000 ) ) ;
#5614 = DIRECTION ( 'NONE',  ( 0.3878960122960100620, 0.9217031429071150805, 0.000000000000000000 ) ) ;
#5615 = ORIENTED_EDGE ( 'NONE', *, *, #7823, .T. ) ;
#5616 = CARTESIAN_POINT ( 'NONE',  ( -1.173572070196486239, 1.144153609486045609, 0.1194528852039013350 ) ) ;
#5617 = VERTEX_POINT ( 'NONE', #1632 ) ;
#5618 = CARTESIAN_POINT ( 'NONE',  ( -1.255093342186091920, 0.01643115529962537943, 0.08109718209548789913 ) ) ;
#5619 = ORIENTED_EDGE ( 'NONE', *, *, #5120, .T. ) ;
#5620 = CARTESIAN_POINT ( 'NONE',  ( -0.4866686554533476428, 0.8522784062954912310, 0.1387474366042604212 ) ) ;
#5621 = CARTESIAN_POINT ( 'NONE',  ( -1.464125022619656269, 0.5400679901886431544, 0.1061940096230109543 ) ) ;
#5622 = CARTESIAN_POINT ( 'NONE',  ( -0.6727735726100514402, 1.059420016360977490, 0.1574131082613010324 ) ) ;
#5623 = CARTESIAN_POINT ( 'NONE',  ( -1.013859724571286147, 0.5658004866359794827, 0.1511940096230102448 ) ) ;
#5624 = CARTESIAN_POINT ( 'NONE',  ( -1.273987777793487375, 0.02512059414023439310, 0.1333282096647996628 ) ) ;
#5625 = ORIENTED_EDGE ( 'NONE', *, *, #1611, .T. ) ;
#5626 = CARTESIAN_POINT ( 'NONE',  ( -1.390455625883150192, 1.032893148570289688, 0.1486498323960388779 ) ) ;
#5627 = ADVANCED_FACE ( 'NONE', ( #4305 ), #5419, .F. ) ;
#5628 = DIRECTION ( 'NONE',  ( -0.000000000000000000, -0.000000000000000000, 1.000000000000000000 ) ) ;
#5629 = EDGE_CURVE ( 'NONE', #1821, #5038, #1267, .T. ) ;
#5630 = CARTESIAN_POINT ( 'NONE',  ( -0.4733224063584040020, 0.8262220834796847324, 0.1355033228290672964 ) ) ;
#5631 = CARTESIAN_POINT ( 'NONE',  ( -0.4905471981199144293, 0.8593035211486417246, 0.1362274866117064165 ) ) ;
#5632 = VERTEX_POINT ( 'NONE', #172 ) ;
#5633 = ORIENTED_EDGE ( 'NONE', *, *, #5712, .T. ) ;
#5634 = EDGE_CURVE ( 'NONE', #4973, #4925, #1507, .T. ) ;
#5635 = EDGE_CURVE ( 'NONE', #7642, #6645, #7167, .T. ) ;
#5636 = EDGE_CURVE ( 'NONE', #593, #4682, #3226, .T. ) ;
#5637 = DIRECTION ( 'NONE',  ( -0.000000000000000000, -0.000000000000000000, 1.000000000000000000 ) ) ;
#5638 = EDGE_CURVE ( 'NONE', #5662, #4200, #5857, .T. ) ;
#5639 = CARTESIAN_POINT ( 'NONE',  ( -1.283259282425111669, 0.02968121051529839724, 0.1281476558914007302 ) ) ;
#5640 = CARTESIAN_POINT ( 'NONE',  ( -1.267360720510789962, 0.02198318762582224944, 0.03846434875655300317 ) ) ;
#5641 = VERTEX_POINT ( 'NONE', #3793 ) ;
#5642 = CARTESIAN_POINT ( 'NONE',  ( -0.4751408662974931363, 0.8299638596741731877, 0.1032122506288449537 ) ) ;
#5643 = CARTESIAN_POINT ( 'NONE',  ( -1.177277184648730657, 1.143117414761977368, 0.1034849973027368586 ) ) ;
#5644 = ORIENTED_EDGE ( 'NONE', *, *, #122, .T. ) ;
#5645 = CARTESIAN_POINT ( 'NONE',  ( -1.272365744362603746, 1.107256521644084613, 0.1225857912252838328 ) ) ;
#5646 = B_SPLINE_CURVE_WITH_KNOTS ( 'NONE', 3,
 ( #837, #1705, #7075, #790 ),
 .UNSPECIFIED., .F., .F.,
 ( 4, 4 ),
 ( 0.000000000000000000, 1.000000000000000000 ),
 .UNSPECIFIED. ) ;
#5647 = CARTESIAN_POINT ( 'NONE',  ( -0.8342782696155082167, -0.006694492412715646185, 0.03554692555714249885 ) ) ;
#5648 = CARTESIAN_POINT ( 'NONE',  ( -0.4867367306986331021, 0.8524036531125381844, 0.1143011184202414598 ) ) ;
#5649 = VERTEX_POINT ( 'NONE', #800 ) ;
#5650 = CARTESIAN_POINT ( 'NONE',  ( -1.346000284612638653, 0.06611599331142102576, 0.04132337996031438393 ) ) ;
#5651 = DIRECTION ( 'NONE',  ( 1.000000000000000000, 0.000000000000000000, 0.000000000000000000 ) ) ;
#5652 = EDGE_CURVE ( 'NONE', #4286, #5385, #2791, .T. ) ;
#5653 = CARTESIAN_POINT ( 'NONE',  ( -1.346145272082807987, 1.065386908127340382, 0.1020378214309448361 ) ) ;
#5654 = ORIENTED_EDGE ( 'NONE', *, *, #4918, .T. ) ;
#5655 = ORIENTED_EDGE ( 'NONE', *, *, #4079, .F. ) ;
#5656 = CARTESIAN_POINT ( 'NONE',  ( -1.363361600607226887, 1.053499013406419271, 0.1502870284698030190 ) ) ;
#5657 = CARTESIAN_POINT ( 'NONE',  ( -1.139303330477291931, 1.152540549813276582, 0.1556034584419080935 ) ) ;
#5658 = CARTESIAN_POINT ( 'NONE',  ( -1.013859724571285925, 0.5658004866359794827, 0.05975642949163724460 ) ) ;
#5659 = AXIS2_PLACEMENT_3D ( 'NONE', #2762, #6182, #8992 ) ;
#5660 = CARTESIAN_POINT ( 'NONE',  ( -1.337425091502238539, 1.071078190536004504, 0.1353577820067636550 ) ) ;
#5661 = VERTEX_POINT ( 'NONE', #3706 ) ;
#5662 = VERTEX_POINT ( 'NONE', #7907 ) ;
#5663 = CARTESIAN_POINT ( 'NONE',  ( -0.7311372476750140903, 1.095014999907901077, 0.1556034584419080935 ) ) ;
#5664 = EDGE_CURVE ( 'NONE', #5324, #1532, #6577, .T. ) ;
#5665 = FACE_OUTER_BOUND ( 'NONE', #6650, .T. ) ;
#5666 = ORIENTED_EDGE ( 'NONE', *, *, #526, .T. ) ;
#5667 = CIRCLE ( 'NONE', #6240, 0.4898205080756882768 ) ;
#5668 = CARTESIAN_POINT ( 'NONE',  ( -1.172268038903469867, 1.144511830238796879, 0.1148740989698214532 ) ) ;
#5669 = ORIENTED_EDGE ( 'NONE', *, *, #2338, .T. ) ;
#5670 = DIRECTION ( 'NONE',  ( -0.000000000000000000, -0.000000000000000000, 1.000000000000000000 ) ) ;
#5671 = ORIENTED_EDGE ( 'NONE', *, *, #5363, .F. ) ;
#5672 = EDGE_CURVE ( 'NONE', #8108, #4505, #77, .T. ) ;
#5673 = ORIENTED_EDGE ( 'NONE', *, *, #6210, .T. ) ;
#5674 = CIRCLE ( 'NONE', #8456, 0.5175000000000000711 ) ;
#5675 = CARTESIAN_POINT ( 'NONE',  ( -0.4869495418389764851, 0.8527946914683089963, 0.1347575471424314053 ) ) ;
#5676 = CARTESIAN_POINT ( 'NONE',  ( -1.203850033456510094, -0.003324879632030892668, 0.04100553047936803669 ) ) ;
#5677 = CARTESIAN_POINT ( 'NONE',  ( -1.230110780128580439, 1.125475320811720303, 0.1268077893172717963 ) ) ;
#5678 = CARTESIAN_POINT ( 'NONE',  ( -0.6790777597462570592, 1.063717182507782022, 0.1648342276726773303 ) ) ;
#5679 = CARTESIAN_POINT ( 'NONE',  ( -1.238836341807963537, 1.122024843808105077, 0.1313788208700181759 ) ) ;
#5680 = ORIENTED_EDGE ( 'NONE', *, *, #4660, .T. ) ;
#5681 = B_SPLINE_CURVE_WITH_KNOTS ( 'NONE', 3,
 ( #7484, #2091, #7671, #3514 ),
 .UNSPECIFIED., .F., .F.,
 ( 4, 4 ),
 ( 0.000000000000000000, 1.000000000000000000 ),
 .UNSPECIFIED. ) ;
#5682 = CARTESIAN_POINT ( 'NONE',  ( -1.304463116623747698, 0.04087223579820740971, 0.1008430758554258039 ) ) ;
#5683 = DIRECTION ( 'NONE',  ( 0.000000000000000000, 0.000000000000000000, 1.000000000000000000 ) ) ;
#5684 = AXIS2_PLACEMENT_3D ( 'NONE', #8484, #3621, #5010 ) ;
#5685 = AXIS2_PLACEMENT_3D ( 'NONE', #804, #1456, #4952 ) ;
#5686 = EDGE_CURVE ( 'NONE', #7707, #84, #4, .T. ) ;
#5687 = CARTESIAN_POINT ( 'NONE',  ( -1.285208477031758889, 0.03066512558970514724, 0.07309507374600986152 ) ) ;
#5688 = CARTESIAN_POINT ( 'NONE',  ( -0.8076071694640251097, 1.129236271363685873, 0.1556034584419080935 ) ) ;
#5689 = ORIENTED_EDGE ( 'NONE', *, *, #2507, .T. ) ;
#5690 = AXIS2_PLACEMENT_3D ( 'NONE', #7593, #241, #3052 ) ;
#5691 = CARTESIAN_POINT ( 'NONE',  ( -1.228255216371902714, 1.126188374175736140, 0.1085217462847269387 ) ) ;
#5692 = CARTESIAN_POINT ( 'NONE',  ( -1.281303997916841908, 0.02870303627997091919, 0.05081755834571624608 ) ) ;
#5693 = ORIENTED_EDGE ( 'NONE', *, *, #8386, .F. ) ;
#5694 = CARTESIAN_POINT ( 'NONE',  ( -0.4733565683003735369, 0.8262929789623475463, 0.1156846811800429781 ) ) ;
#5695 = CARTESIAN_POINT ( 'NONE',  ( -0.9202496306177935237, 1.158453241175514403, 0.07056388657513319729 ) ) ;
#5696 = VERTEX_POINT ( 'NONE', #888 ) ;
#5697 = DIRECTION ( 'NONE',  ( -0.000000000000000000, -0.000000000000000000, 1.000000000000000000 ) ) ;
#5698 = DIRECTION ( 'NONE',  ( -0.000000000000000000, -0.000000000000000000, 1.000000000000000000 ) ) ;
#5699 = VECTOR ( 'NONE', #5734, 39.37007874015748143 ) ;
#5700 = EDGE_CURVE ( 'NONE', #514, #1160, #7182, .T. ) ;
#5701 = CARTESIAN_POINT ( 'NONE',  ( -1.251492407178181443, 0.01486413699834152405, 0.07700644259019312488 ) ) ;
#5702 = VERTEX_POINT ( 'NONE', #5845 ) ;
#5703 = CARTESIAN_POINT ( 'NONE',  ( -1.350816833591277799, 0.06934797092254962880, 0.04575926186268085977 ) ) ;
#5704 = CYLINDRICAL_SURFACE ( 'NONE', #8923, 0.5999999999999998668 ) ;
#5705 = VECTOR ( 'NONE', #4519, 39.37007874015748143 ) ;
#5706 = CARTESIAN_POINT ( 'NONE',  ( -1.089365547000972212, 1.161030585655859815, 0.03893503897075426684 ) ) ;
#5707 = VERTEX_POINT ( 'NONE', #2373 ) ;
#5708 = ORIENTED_EDGE ( 'NONE', *, *, #3969, .T. ) ;
#5709 = CARTESIAN_POINT ( 'NONE',  ( -0.4811004849148959317, 0.8417856002780828018, 0.1026019929958611188 ) ) ;
#5710 = CARTESIAN_POINT ( 'NONE',  ( -1.314243666656615961, 0.04640698443227654624, 0.06650082200652880637 ) ) ;
#5711 = CARTESIAN_POINT ( 'NONE',  ( -0.7036244524241394016, 1.079370905086937116, 0.09586763644390330907 ) ) ;
#5712 = EDGE_CURVE ( 'NONE', #4887, #732, #6740, .T. ) ;
#5713 = EDGE_CURVE ( 'NONE', #1949, #5324, #5138, .T. ) ;
#5714 = CONICAL_SURFACE ( 'NONE', #4391, 0.4510000000000001230, 0.7853981633974482790 ) ;
#5715 = FACE_OUTER_BOUND ( 'NONE', #7638, .T. ) ;
#5716 = ORIENTED_EDGE ( 'NONE', *, *, #3342, .T. ) ;
#5717 = ORIENTED_EDGE ( 'NONE', *, *, #9005, .F. ) ;
#5718 = CARTESIAN_POINT ( 'NONE',  ( -1.006785898275929902, -0.03415781325748189906, 0.06628441726145006818 ) ) ;
#5719 = DIRECTION ( 'NONE',  ( -0.000000000000000000, -0.000000000000000000, 1.000000000000000000 ) ) ;
#5720 = AXIS2_PLACEMENT_3D ( 'NONE', #6813, #2755, #3533 ) ;
#5721 = CARTESIAN_POINT ( 'NONE',  ( -1.183934060334355554, 1.141192292808551834, 0.1240481907862194255 ) ) ;
#5722 = ORIENTED_EDGE ( 'NONE', *, *, #5873, .F. ) ;
#5723 = DIRECTION ( 'NONE',  ( -0.5910996309735466747, 0.8065985533479074210, 0.000000000000000000 ) ) ;
#5724 = ORIENTED_EDGE ( 'NONE', *, *, #8723, .T. ) ;
#5725 = CARTESIAN_POINT ( 'NONE',  ( -0.4864922961655293587, 0.8519535884974334117, 0.1403335878463213282 ) ) ;
#5726 = CARTESIAN_POINT ( 'NONE',  ( -1.384731132440162993, 1.037451529678357076, 0.1057028141491288126 ) ) ;
#5727 = CARTESIAN_POINT ( 'NONE',  ( -1.319204073598313043, 0.04930365195004735024, 0.07204335979982663674 ) ) ;
#5728 = CARTESIAN_POINT ( 'NONE',  ( -1.313828738597862200, 1.085433771217307664, 0.1363768584037039489 ) ) ;
#5729 = EDGE_CURVE ( 'NONE', #5543, #593, #6522, .T. ) ;
#5730 = EDGE_LOOP ( 'NONE', ( #11, #4436, #7761, #9027, #5231 ) ) ;
#5731 = VERTEX_POINT ( 'NONE', #3189 ) ;
#5732 = DIRECTION ( 'NONE',  ( -0.6947498712428974432, -0.7192514278108715908, 0.000000000000000000 ) ) ;
#5733 = CARTESIAN_POINT ( 'NONE',  ( -1.013859724571285925, 0.5658004866359794827, 0.1556034584419080935 ) ) ;
#5734 = DIRECTION ( 'NONE',  ( 0.000000000000000000, 0.000000000000000000, 1.000000000000000000 ) ) ;
#5735 = B_SPLINE_CURVE_WITH_KNOTS ( 'NONE', 3,
 ( #7186, #4543, #6633, #3121 ),
 .UNSPECIFIED., .F., .F.,
 ( 4, 4 ),
 ( 0.000000000000000000, 1.000000000000000000 ),
 .UNSPECIFIED. ) ;
#5736 = CARTESIAN_POINT ( 'NONE',  ( -1.013859724571285925, 0.5658004866359794827, 0.1456034584419077238 ) ) ;
#5737 = CARTESIAN_POINT ( 'NONE',  ( -1.024850444297939145, 1.165699814923559785, 0.1556034584419080935 ) ) ;
#5738 = CARTESIAN_POINT ( 'NONE',  ( -1.278010119899855912, 0.02707509567445895785, 0.04545354484500470360 ) ) ;
#5739 = DIRECTION ( 'NONE',  ( -1.000000000000000000, 0.000000000000000000, 0.000000000000000000 ) ) ;
#5740 = CARTESIAN_POINT ( 'NONE',  ( -0.4757202252601538395, 0.8311416423017918831, 0.1013284441872447650 ) ) ;
#5741 = CARTESIAN_POINT ( 'NONE',  ( -0.9362861802188925386, 1.160764911662796051, 0.08599149186780379039 ) ) ;
#5742 = CARTESIAN_POINT ( 'NONE',  ( -1.343587511041642424, 1.067079120697383088, 0.1487159329690868337 ) ) ;
#5743 = CARTESIAN_POINT ( 'NONE',  ( -1.309356274622914817, 0.04360330701727615360, 0.06210525654727264144 ) ) ;
#5744 = CARTESIAN_POINT ( 'NONE',  ( -1.402907716239807590, 1.022573581485807237, 0.1209880738265234762 ) ) ;
#5745 = ORIENTED_EDGE ( 'NONE', *, *, #457, .F. ) ;
#5746 = CARTESIAN_POINT ( 'NONE',  ( -1.013859724571285925, 0.5658004866359794827, 0.3756034584419081224 ) ) ;
#5747 = CARTESIAN_POINT ( 'NONE',  ( -1.007206803144279794, 1.165763709779259250, 0.02501270176943752935 ) ) ;
#5748 = CARTESIAN_POINT ( 'NONE',  ( -0.9425836253138609733, 1.161551875786391408, 0.01404521525280555232 ) ) ;
#5749 = CARTESIAN_POINT ( 'NONE',  ( -1.381747364933513911, 1.039782243422903596, 0.1227252170287887051 ) ) ;
#5750 = EDGE_CURVE ( 'NONE', #6355, #1242, #2149, .T. ) ;
#5751 = ORIENTED_EDGE ( 'NONE', *, *, #7713, .F. ) ;
#5752 = ORIENTED_EDGE ( 'NONE', *, *, #1835, .T. ) ;
#5753 = CARTESIAN_POINT ( 'NONE',  ( -0.4813802243401279490, 0.8423256942587065144, 0.1025512013448630633 ) ) ;
#5754 = DIRECTION ( 'NONE',  ( 0.000000000000000000, 0.000000000000000000, 1.000000000000000000 ) ) ;
#5755 = CARTESIAN_POINT ( 'NONE',  ( -0.6935765481309994485, 1.073165041198431258, 0.1022517441314247655 ) ) ;
#5756 = CARTESIAN_POINT ( 'NONE',  ( -0.5600925797317182209, 0.5881504279527658419, 0.1028908643873593654 ) ) ;
#5757 = ORIENTED_EDGE ( 'NONE', *, *, #1251, .F. ) ;
#5758 = CARTESIAN_POINT ( 'NONE',  ( -0.9105188901057144069, -0.02523309236880795850, 0.07787134152786558128 ) ) ;
#5759 = EDGE_CURVE ( 'NONE', #2021, #8551, #3803, .T. ) ;
#5760 = CARTESIAN_POINT ( 'NONE',  ( -1.253595649472672324, 0.01577622688766925491, 0.07203895722577026428 ) ) ;
#5761 = CARTESIAN_POINT ( 'NONE',  ( -1.172694644054658175, 1.144394956335260671, 0.1171742444510579517 ) ) ;
#5762 = CARTESIAN_POINT ( 'NONE',  ( -0.7718106213576837460, 0.01679025755687480609, 0.1456034584419080014 ) ) ;
#5763 = VERTEX_POINT ( 'NONE', #3785 ) ;
#5764 = VERTEX_POINT ( 'NONE', #204 ) ;
#5765 = DIRECTION ( 'NONE',  ( -0.000000000000000000, -0.000000000000000000, 1.000000000000000000 ) ) ;
#5766 = CARTESIAN_POINT ( 'NONE',  ( -1.467626869410854074, 0.5881504279527658419, 0.1028908643873598788 ) ) ;
#5767 = EDGE_CURVE ( 'NONE', #4879, #5433, #1394, .T. ) ;
#5768 = CARTESIAN_POINT ( 'NONE',  ( -0.6758185060418974155, 1.061510310012499625, 0.1663258154902425567 ) ) ;
#5769 = CARTESIAN_POINT ( 'NONE',  ( -0.4999305242900127233, 0.5814254866359794827, 0.08272732996386580884 ) ) ;
#5770 = ORIENTED_EDGE ( 'NONE', *, *, #7119, .F. ) ;
#5771 = ORIENTED_EDGE ( 'NONE', *, *, #8208, .F. ) ;
#5772 = CARTESIAN_POINT ( 'NONE',  ( -1.253808356437900562, 0.01586898720596887497, 0.1456034584419077238 ) ) ;
#5773 =( LENGTH_UNIT ( ) NAMED_UNIT ( * ) SI_UNIT ( $, .METRE. ) );
#5774 = EDGE_CURVE ( 'NONE', #4274, #1935, #8519, .T. ) ;
#5775 = CARTESIAN_POINT ( 'NONE',  ( -1.376535858106470389, 1.043781680998235872, 0.1111563430572926892 ) ) ;
#5776 = CARTESIAN_POINT ( 'NONE',  ( -0.6990754847918490000, 1.076594919253157201, 0.1330122252770725433 ) ) ;
#5777 = CARTESIAN_POINT ( 'NONE',  ( -1.389789052022683657, 1.033431165522773920, 0.1555369165108643204 ) ) ;
#5778 = CARTESIAN_POINT ( 'NONE',  ( -0.4809932805907382591, 0.8415783535195571208, 0.1493386452230162642 ) ) ;
#5779 = CARTESIAN_POINT ( 'NONE',  ( -1.282013363810091677, 0.02905694404806253087, 0.05234132494151754605 ) ) ;
#5780 = CARTESIAN_POINT ( 'NONE',  ( -1.141594425601448526, -0.02044506443689197289, 0.03554692555714249885 ) ) ;
#5781 = CARTESIAN_POINT ( 'NONE',  ( -1.078571096582677580, 1.162300644500504410, 0.09560345844190808184 ) ) ;
#5782 = CARTESIAN_POINT ( 'NONE',  ( -0.9169625017083549157, 1.157924568425072298, 0.05214268600615248883 ) ) ;
#5783 = DIRECTION ( 'NONE',  ( 1.000000000000000000, 0.000000000000000000, 0.000000000000000000 ) ) ;
#5784 = B_SPLINE_CURVE_WITH_KNOTS ( 'NONE', 3,
 ( #5080, #894, #6529, #5727, #2334, #254, #934, #975, #3063 ),
 .UNSPECIFIED., .F., .F.,
 ( 4, 1, 1, 1, 1, 1, 4 ),
 ( 0.000000000000000000, 0.3682983315104551014, 0.5007860311571740164, 0.7510831166166179740, 0.8758885989715531339, 0.9380212871445958722, 1.000000000000000000 ),
 .UNSPECIFIED. ) ;
#5785 = CARTESIAN_POINT ( 'NONE',  ( -0.4868081625292885461, 0.8525349670974301519, 0.1152430222158915690 ) ) ;
#5786 = ORIENTED_EDGE ( 'NONE', *, *, #5827, .T. ) ;
#5787 = CARTESIAN_POINT ( 'NONE',  ( -1.006410498128588182, 1.165754262123561258, 0.02433229255832720928 ) ) ;
#5788 = CARTESIAN_POINT ( 'NONE',  ( -0.9314441959456910558, 1.160113765782832873, 0.02004766537627385853 ) ) ;
#5789 = CARTESIAN_POINT ( 'NONE',  ( -0.7017404798794731891, 1.078227647290609603, 0.1271793414531810773 ) ) ;
#5790 = ORIENTED_EDGE ( 'NONE', *, *, #9005, .T. ) ;
#5791 = ORIENTED_EDGE ( 'NONE', *, *, #2124, .T. ) ;
#5792 = CARTESIAN_POINT ( 'NONE',  ( -0.4806203631436639645, 0.8408564921756572774, 0.1028054424256483607 ) ) ;
#5793 = CARTESIAN_POINT ( 'NONE',  ( -0.4817018035229067019, 0.8429429537273055439, 0.09560345844190808184 ) ) ;
#5794 = B_SPLINE_CURVE_WITH_KNOTS ( 'NONE', 3,
 ( #3224, #6773, #492, #7335 ),
 .UNSPECIFIED., .F., .F.,
 ( 4, 4 ),
 ( 0.000000000000000000, 1.000000000000000000 ),
 .UNSPECIFIED. ) ;
#5795 = CARTESIAN_POINT ( 'NONE',  ( -0.9172766804943535135, 1.157975911800399160, 0.03456144878764100259 ) ) ;
#5796 = DIRECTION ( 'NONE',  ( 2.678332138011547403E-34, -1.000000000000000000, 0.000000000000000000 ) ) ;
#5797 = VERTEX_POINT ( 'NONE', #2725 ) ;
#5798 = CARTESIAN_POINT ( 'NONE',  ( -1.005297039837501183, -0.03414567630445292101, 0.06323197403779974579 ) ) ;
#5799 = CARTESIAN_POINT ( 'NONE',  ( -1.013859724571285925, 0.5658004866359794827, 0.1511940096230103281 ) ) ;
#5800 = CARTESIAN_POINT ( 'NONE',  ( -1.013859724571285925, 0.5658004866359794827, 0.3756034584419081224 ) ) ;
#5801 = CARTESIAN_POINT ( 'NONE',  ( -1.316224944703787481, 0.04755692797883940420, 0.1048198251709278050 ) ) ;
#5802 = AXIS2_PLACEMENT_3D ( 'NONE', #4048, #2076, #6825 ) ;
#5803 = ORIENTED_EDGE ( 'NONE', *, *, #4132, .F. ) ;
#5804 = VECTOR ( 'NONE', #7563, 39.37007874015748143 ) ;
#5805 = ADVANCED_FACE ( 'NONE', ( #2544, #8961, #601 ), #4108, .T. ) ;
#5806 = ORIENTED_EDGE ( 'NONE', *, *, #4841, .T. ) ;
#5807 = B_SPLINE_CURVE_WITH_KNOTS ( 'NONE', 3,
 ( #80, #2890, #3471, #2207, #8480, #4168, #8340, #803, #3616, #7782, #35, #2844, #8427, #4308, #7088, #8528, #2153, #5047, #6214, #2254, #7826, #4351, #7134, #9024, #2746 ),
 .UNSPECIFIED., .F., .F.,
 ( 4, 1, 1, 2, 2, 2, 2, 1, 2, 2, 2, 2, 2, 4 ),
 ( 0.000000000000000000, 0.06249999999999029943, 0.09374999999998541445, 0.1093749999999829581, 0.1249999999999805017, 0.1874999999999990841, 0.2500000000000177081, 0.3750000000000301426, 0.4375000000000334732, 0.5000000000000367484, 0.7500000000000152101, 0.8750000000000103251, 0.9375000000000051070, 1.000000000000000000 ),
 .UNSPECIFIED. ) ;
#5808 = CARTESIAN_POINT ( 'NONE',  ( -1.356938944217699117, 0.07356411145957306164, 0.1090492052548699964 ) ) ;
#5809 = CARTESIAN_POINT ( 'NONE',  ( -1.366577497923876061, 1.051176807247149902, 0.1095602516001805971 ) ) ;
#5810 = CARTESIAN_POINT ( 'NONE',  ( -0.6778021522004679111, 1.062857131347859641, 0.1679111507496004185 ) ) ;
#5811 = CARTESIAN_POINT ( 'NONE',  ( -0.6778021522004679111, 1.062857131347859641, 0.1679111507496004185 ) ) ;
#5812 = VERTEX_POINT ( 'NONE', #7436 ) ;
#5813 = CARTESIAN_POINT ( 'NONE',  ( -1.355889477357540285, 1.058766676632295400, 0.1032483753361308210 ) ) ;
#5814 = AXIS2_PLACEMENT_3D ( 'NONE', #7663, #5513, #640 ) ;
#5815 = ADVANCED_FACE ( 'NONE', ( #461 ), #6956, .T. ) ;
#5816 = CARTESIAN_POINT ( 'NONE',  ( -0.5767642808818826961, 0.9768333379975436825, 0.1549902631965944522 ) ) ;
#5817 = CARTESIAN_POINT ( 'NONE',  ( -1.233365413835832758, 1.124206925686069614, 0.09586763644390393357 ) ) ;
#5818 = CARTESIAN_POINT ( 'NONE',  ( -1.374745485607301587, 1.045134887207936680, 0.1398933226950354325 ) ) ;
#5819 = CARTESIAN_POINT ( 'NONE',  ( -0.8618114458971172231, -0.01461429690439707517, 0.09051697043586993952 ) ) ;
#5820 = CARTESIAN_POINT ( 'NONE',  ( -1.368519503155413819, 1.049759618644723780, 0.1348342276726773314 ) ) ;
#5821 = CARTESIAN_POINT ( 'NONE',  ( -1.141684293942349049, -0.02042547616770089280, 0.1236623732928745084 ) ) ;
#5822 = CARTESIAN_POINT ( 'NONE',  ( -1.327799892339458276, 0.05448691253326547190, 0.07048608590202362634 ) ) ;
#5823 = CARTESIAN_POINT ( 'NONE',  ( -0.9171966304862116948, 1.157962852129451825, 0.05570665711524717956 ) ) ;
#5824 = CARTESIAN_POINT ( 'NONE',  ( -1.346494437694356616, 1.065154245089276142, 0.1493575879254380734 ) ) ;
#5825 = CIRCLE ( 'NONE', #5526, 0.5999999999999998668 ) ;
#5826 = CARTESIAN_POINT ( 'NONE',  ( -1.228397014983048097, 1.126134156005402120, 0.1330122252766535174 ) ) ;
#5827 = EDGE_CURVE ( 'NONE', #6170, #9029, #4746, .T. ) ;
#5828 = EDGE_LOOP ( 'NONE', ( #8734, #6340, #5376, #2923, #2548, #3126, #5833, #2946 ) ) ;
#5829 = CARTESIAN_POINT ( 'NONE',  ( -1.035622612540370691, -0.03380469738701149390, 0.06655724145384996071 ) ) ;
#5830 = CARTESIAN_POINT ( 'NONE',  ( -0.9283590666518439782, 1.159677307994116502, 0.02848095097797010214 ) ) ;
#5831 = CARTESIAN_POINT ( 'NONE',  ( -1.381402375556043838, 1.040049941479997075, 0.1224413002582789012 ) ) ;
#5832 = ORIENTED_EDGE ( 'NONE', *, *, #7249, .T. ) ;
#5833 = ORIENTED_EDGE ( 'NONE', *, *, #8875, .T. ) ;
#5834 = LINE ( 'NONE', #5237, #8318 ) ;
#5835 = CARTESIAN_POINT ( 'NONE',  ( -1.474594853875531797, 0.5501754866359794827, 0.09619400962301105640 ) ) ;
#5836 = CONICAL_SURFACE ( 'NONE', #4074, 0.5174999999999998490, 0.8760580849716195218 ) ;
#5837 = CARTESIAN_POINT ( 'NONE',  ( -1.258718635115044115, 0.01803766028928073875, 0.07188518118741400731 ) ) ;
#5838 = CARTESIAN_POINT ( 'NONE',  ( -1.116258750538753564, -0.02539697570711423394, 0.1179379935991548972 ) ) ;
#5839 = EDGE_LOOP ( 'NONE', ( #6113, #5576, #7502, #4908, #7471 ) ) ;
#5840 = VECTOR ( 'NONE', #6467, 39.37007874015748854 ) ;
#5841 = CARTESIAN_POINT ( 'NONE',  ( -0.8889012665920500433, -0.02104695666694365516, 0.05781354766804856077 ) ) ;
#5842 = CARTESIAN_POINT ( 'NONE',  ( -0.5768302359463457485, 0.9769034418560774702, 0.1478234891743674950 ) ) ;
#5843 = LINE ( 'NONE', #7941, #6536 ) ;
#5844 = FACE_OUTER_BOUND ( 'NONE', #8161, .T. ) ;
#5845 = CARTESIAN_POINT ( 'NONE',  ( -1.215182966965895117, 1.131016332195639462, 0.1556034584419080935 ) ) ;
#5846 = ORIENTED_EDGE ( 'NONE', *, *, #8508, .T. ) ;
#5847 = CARTESIAN_POINT ( 'NONE',  ( -1.440744879067256123, 0.9874321460361030756, 0.1246819840829337667 ) ) ;
#5848 = CARTESIAN_POINT ( 'NONE',  ( -1.353173831339050670, 1.060639814635319311, 0.09511781686078468745 ) ) ;
#5849 = CIRCLE ( 'NONE', #6443, 0.5999999999999997558 ) ;
#5850 = CARTESIAN_POINT ( 'NONE',  ( -1.321488469700496715, 1.080935972906896136, 0.1164137264478661421 ) ) ;
#5851 = CARTESIAN_POINT ( 'NONE',  ( -1.198717129883510424, 1.136613713270779646, 0.1025265353649850164 ) ) ;
#5852 = B_SPLINE_CURVE_WITH_KNOTS ( 'NONE', 3,
 ( #4236, #636, #7513, #6826, #4784, #550, #7571, #2720, #2676, #5466 ),
 .UNSPECIFIED., .F., .F.,
 ( 4, 2, 2, 2, 4 ),
 ( 0.000000000000000000, 0.2500000000000000000, 0.3750000000000000000, 0.5000000000000000000, 1.000000000000000000 ),
 .UNSPECIFIED. ) ;
#5853 = VERTEX_POINT ( 'NONE', #2588 ) ;
#5854 = EDGE_CURVE ( 'NONE', #6344, #2727, #1549, .T. ) ;
#5855 = CARTESIAN_POINT ( 'NONE',  ( -1.342002082440419075, 0.06348177503706831093, 0.07945394429822862092 ) ) ;
#5856 = DIRECTION ( 'NONE',  ( 1.000000000000000000, 0.000000000000000000, 0.000000000000000000 ) ) ;
#5857 = CIRCLE ( 'NONE', #4403, 0.5999999999999999778 ) ;
#5858 = CARTESIAN_POINT ( 'NONE',  ( -0.5663930899003133401, 0.9655179465070143907, 0.1448137702494523837 ) ) ;
#5859 = CARTESIAN_POINT ( 'NONE',  ( -1.474590936239582595, 0.5501754866359794827, 0.07119792500804128510 ) ) ;
#5860 = CARTESIAN_POINT ( 'NONE',  ( -1.374760661968642772, 1.045123460710799312, 0.1401693731150479572 ) ) ;
#5861 = CARTESIAN_POINT ( 'NONE',  ( -0.4817018035229067019, 0.8429429537273055439, 0.1494496122880619449 ) ) ;
#5862 = CARTESIAN_POINT ( 'NONE',  ( -1.074646033860207073, -0.03111242544000451457, 0.1140400794833180409 ) ) ;
#5863 = CARTESIAN_POINT ( 'NONE',  ( -1.232570596209348945, 1.124518290278831989, 0.1291202020208533086 ) ) ;
#5864 = EDGE_CURVE ( 'NONE', #2705, #1342, #5878, .T. ) ;
#5865 = CARTESIAN_POINT ( 'NONE',  ( -1.013859724571285925, 0.5658004866359794827, 0.3756034584419081224 ) ) ;
#5866 = CARTESIAN_POINT ( 'NONE',  ( -0.9285800804152960497, 1.159709782028806702, 0.08254525725848997630 ) ) ;
#5867 = CARTESIAN_POINT ( 'NONE',  ( -1.258111058612534805, 0.01776529208534273832, 0.09789473758096928213 ) ) ;
#5868 = DIRECTION ( 'NONE',  ( -1.000000000000000000, 0.000000000000000000, 0.000000000000000000 ) ) ;
#5869 = ORIENTED_EDGE ( 'NONE', *, *, #2730, .T. ) ;
#5870 = VERTEX_POINT ( 'NONE', #2639 ) ;
#5871 = LINE ( 'NONE', #8675, #4251 ) ;
#5872 = DIRECTION ( 'NONE',  ( -0.000000000000000000, -0.000000000000000000, 1.000000000000000000 ) ) ;
#5873 = EDGE_CURVE ( 'NONE', #853, #608, #5474, .T. ) ;
#5874 = DIRECTION ( 'NONE',  ( -0.000000000000000000, -0.000000000000000000, 1.000000000000000000 ) ) ;
#5875 = ORIENTED_EDGE ( 'NONE', *, *, #4750, .T. ) ;
#5876 = DIRECTION ( 'NONE',  ( 1.000000000000000000, 0.000000000000000000, 0.000000000000000000 ) ) ;
#5877 = CARTESIAN_POINT ( 'NONE',  ( -1.013859724571285925, 0.5658004866359794827, 0.09560345844190808184 ) ) ;
#5878 = B_SPLINE_CURVE_WITH_KNOTS ( 'NONE', 3,
 ( #8170, #6701, #3411, #7578, #1892, #6888, #6194, #1941, #4698, #420, #1293, #1983, #9006, #7387, #4790, #7479 ),
 .UNSPECIFIED., .F., .F.,
 ( 4, 1, 2, 2, 2, 1, 2, 2, 4 ),
 ( 0.000000000000000000, 0.1250000000000046629, 0.1875000000000101308, 0.2500000000000155986, 0.5000000000000078826, 0.6250000000000079936, 0.6875000000000081046, 0.7500000000000082157, 1.000000000000000000 ),
 .UNSPECIFIED. ) ;
#5879 = CARTESIAN_POINT ( 'NONE',  ( -0.9230441289828014151, 1.158888225044605091, 0.01496997305649175325 ) ) ;
#5880 = EDGE_CURVE ( 'NONE', #3149, #7080, #2581, .T. ) ;
#5881 = CARTESIAN_POINT ( 'NONE',  ( -1.342159962590859790, 1.068014538327378249, 0.1308799007496004030 ) ) ;
#5882 = VERTEX_POINT ( 'NONE', #6103 ) ;
#5883 = CARTESIAN_POINT ( 'NONE',  ( -0.8868193226922902461, -0.02059591196348586548, 0.05780800708657005127 ) ) ;
#5884 = CARTESIAN_POINT ( 'NONE',  ( -0.5774920518757667987, 0.9776054861878485935, 0.1480509617159036784 ) ) ;
#5885 = CARTESIAN_POINT ( 'NONE',  ( -1.246936344412114428, 0.01291996674432791849, 0.06504622334091623992 ) ) ;
#5886 = DIRECTION ( 'NONE',  ( -0.000000000000000000, -0.000000000000000000, 1.000000000000000000 ) ) ;
#5887 = CARTESIAN_POINT ( 'NONE',  ( -1.531359724571285774, 0.5658004866359794827, 0.2556034584419079603 ) ) ;
#5888 = ORIENTED_EDGE ( 'NONE', *, *, #8149, .T. ) ;
#5889 = ORIENTED_EDGE ( 'NONE', *, *, #8160, .F. ) ;
#5890 = CARTESIAN_POINT ( 'NONE',  ( -0.5332046775557837126, 0.9249254311588088751, 0.1386803815188311639 ) ) ;
#5891 = CARTESIAN_POINT ( 'NONE',  ( -1.366581889890553514, 1.051173615469670031, 0.1096283819237391099 ) ) ;
#5892 = CARTESIAN_POINT ( 'NONE',  ( -1.297620134524647861, 1.094459194824069170, 0.09483422767267732367 ) ) ;
#5893 = CARTESIAN_POINT ( 'NONE',  ( -1.311619682190473979, 1.086703451935088660, 0.1413503957099012942 ) ) ;
#5894 = VERTEX_POINT ( 'NONE', #7521 ) ;
#5895 = CARTESIAN_POINT ( 'NONE',  ( -0.6992018342398019781, 1.076672720584779919, 0.1161548845616438008 ) ) ;
#5896 = FACE_OUTER_BOUND ( 'NONE', #1964, .T. ) ;
#5897 = CARTESIAN_POINT ( 'NONE',  ( -0.5645904370813541462, 0.9634906471851441001, 0.1390235914957726193 ) ) ;
#5898 = CARTESIAN_POINT ( 'NONE',  ( -1.391064255266209138, 1.032403822455801645, 0.09560878898620943367 ) ) ;
#5899 = CARTESIAN_POINT ( 'NONE',  ( -1.341646165839123883, 0.06324541499728821015, 0.03861446402514417259 ) ) ;
#5900 = CARTESIAN_POINT ( 'NONE',  ( -1.334034452300716600, 0.05836752835350338814, 0.07633935302673565404 ) ) ;
#5901 = CARTESIAN_POINT ( 'NONE',  ( -0.4791076413152694502, 0.8379054217354729994, 0.1476546169163990563 ) ) ;
#5902 = CARTESIAN_POINT ( 'NONE',  ( -1.325056167310513899, 0.05281239991757293029, 0.1020294235037269154 ) ) ;
#5903 = CARTESIAN_POINT ( 'NONE',  ( -0.8890961401317817314, 1.152685524780424409, 0.05137995082972858507 ) ) ;
#5904 = DIRECTION ( 'NONE',  ( 1.000000000000000000, 0.000000000000000000, 0.000000000000000000 ) ) ;
#5905 = FACE_OUTER_BOUND ( 'NONE', #8976, .T. ) ;
#5906 = EDGE_CURVE ( 'NONE', #7601, #8566, #6227, .T. ) ;
#5907 = LINE ( 'NONE', #3812, #2482 ) ;
#5908 = EDGE_CURVE ( 'NONE', #5063, #6151, #8056, .T. ) ;
#5909 = EDGE_CURVE ( 'NONE', #5037, #573, #2297, .T. ) ;
#5910 = DIRECTION ( 'NONE',  ( -0.000000000000000000, -0.000000000000000000, 1.000000000000000000 ) ) ;
#5911 = EDGE_LOOP ( 'NONE', ( #4285, #2228, #6532, #3261 ) ) ;
#5912 = ORIENTED_EDGE ( 'NONE', *, *, #6884, .F. ) ;
#5913 = CARTESIAN_POINT ( 'NONE',  ( -0.5690757768273074779, 0.9685004328429143161, 0.1194673328381387761 ) ) ;
#5914 = CARTESIAN_POINT ( 'NONE',  ( -0.9324657035950947304, 1.160255303248423742, 0.01873562943331967198 ) ) ;
#5915 = CARTESIAN_POINT ( 'NONE',  ( -0.7718107985655887626, 0.01679017942901233143, 0.03554692555714249885 ) ) ;
#5916 = VERTEX_POINT ( 'NONE', #1525 ) ;
#5917 = DIRECTION ( 'NONE',  ( 0.000000000000000000, 0.000000000000000000, 1.000000000000000000 ) ) ;
#5918 = DIRECTION ( 'NONE',  ( -0.000000000000000000, -0.000000000000000000, 1.000000000000000000 ) ) ;
#5919 = DIRECTION ( 'NONE',  ( -0.000000000000000000, -0.000000000000000000, 1.000000000000000000 ) ) ;
#5920 = FACE_OUTER_BOUND ( 'NONE', #7610, .T. ) ;
#5921 = ADVANCED_FACE ( 'NONE', ( #2775 ), #8124, .F. ) ;
#5922 = ORIENTED_EDGE ( 'NONE', *, *, #3332, .F. ) ;
#5923 = CARTESIAN_POINT ( 'NONE',  ( -0.7066963458907081774, 1.081216463096919655, 0.1025417764702054313 ) ) ;
#5924 = CARTESIAN_POINT ( 'NONE',  ( -0.4830371340159483884, 0.8454922878753691196, 0.1561915889791110901 ) ) ;
#5925 = CARTESIAN_POINT ( 'NONE',  ( -0.6945863491355399599, 0.05779998295722812290, 0.1456034584419080014 ) ) ;
#5926 = DIRECTION ( 'NONE',  ( -0.2763657558025388039, 0.9610525318730976929, 0.000000000000000000 ) ) ;
#5927 = DIRECTION ( 'NONE',  ( 0.3437542585121013961, 0.9390596412128440207, 0.000000000000000000 ) ) ;
#5928 = VERTEX_POINT ( 'NONE', #2870 ) ;
#5929 = CARTESIAN_POINT ( 'NONE',  ( -1.442178552696915084, 0.9859706681970793474, 0.1302188430572926992 ) ) ;
#5930 = EDGE_CURVE ( 'NONE', #6355, #5594, #4356, .T. ) ;
#5931 = CARTESIAN_POINT ( 'NONE',  ( -1.356170939765072969, 1.058571624610810114, 0.09585830512251439228 ) ) ;
#5932 = CARTESIAN_POINT ( 'NONE',  ( -1.374714372190535938, 1.045158311118129957, 0.1373943646239427219 ) ) ;
#5933 = ORIENTED_EDGE ( 'NONE', *, *, #3967, .F. ) ;
#5934 = VECTOR ( 'NONE', #1229, 39.37007874015748143 ) ;
#5935 = CARTESIAN_POINT ( 'NONE',  ( -1.359112505294695739, 0.07508617112256837922, 0.09838819805162150878 ) ) ;
#5936 = FACE_OUTER_BOUND ( 'NONE', #7896, .T. ) ;
#5937 = DESIGN_CONTEXT ( 'detailed design', #2603, 'design' ) ;
#5938 = CARTESIAN_POINT ( 'NONE',  ( -0.5634320838772858275, 0.9621777582624826408, 0.1308891143586491945 ) ) ;
#5939 = LOCAL_TIME ( 12, 2, 7.000000000000000000, #259 ) ;
#5940 = CIRCLE ( 'NONE', #1994, 0.5074999999999999512 ) ;
#5941 = DIRECTION ( 'NONE',  ( 0.07415931691735551390, -0.9972464067191976200, 0.000000000000000000 ) ) ;
#5942 = CARTESIAN_POINT ( 'NONE',  ( -1.260067357254738507, 0.01864111934779816640, 0.1179805922187792261 ) ) ;
#5943 = CARTESIAN_POINT ( 'NONE',  ( -0.9403644086990015083, -0.02968146814952246290, 0.09977646220080535477 ) ) ;
#5944 = CARTESIAN_POINT ( 'NONE',  ( -0.4803150202056806206, 0.8402642354715487150, 0.1489875060675428797 ) ) ;
#5945 = CARTESIAN_POINT ( 'NONE',  ( -1.310858513941143499, 0.04446401264548762583, 0.09766444514350970663 ) ) ;
#5946 = CARTESIAN_POINT ( 'NONE',  ( -1.286751777468401636, 0.03143836253898805999, 0.1354587741102620257 ) ) ;
#5947 = CARTESIAN_POINT ( 'NONE',  ( -1.325121963226180810, 0.05285230936252283823, 0.06626325425350949871 ) ) ;
#5948 = CARTESIAN_POINT ( 'NONE',  ( -1.164253129464150271, 1.146646271072737644, 0.1162858951100885774 ) ) ;
#5949 = AXIS2_PLACEMENT_3D ( 'NONE', #2818, #5602, #1422 ) ;
#5950 = CARTESIAN_POINT ( 'NONE',  ( -1.308978954182190124, 0.04339769750016957833, 0.07062101976211476728 ) ) ;
#5951 = CARTESIAN_POINT ( 'NONE',  ( -0.5635944265229161365, 0.5915329830833159219, 0.1061940096230103991 ) ) ;
#5952 = ORIENTED_EDGE ( 'NONE', *, *, #7244, .F. ) ;
#5953 = ORIENTED_EDGE ( 'NONE', *, *, #4936, .F. ) ;
#5954 = AXIS2_PLACEMENT_3D ( 'NONE', #5799, #290, #2971 ) ;
#5955 = CARTESIAN_POINT ( 'NONE',  ( -0.5699301462829301501, 0.9694420994007009185, 0.1136438542153097447 ) ) ;
#5956 = CARTESIAN_POINT ( 'NONE',  ( -0.9576193913118894452, 1.163158858932892725, 0.05520931411170983127 ) ) ;
#5957 = CARTESIAN_POINT ( 'NONE',  ( -0.9469981495853664333, 1.162063523647385743, 0.005045573064030412294 ) ) ;
#5958 = VERTEX_POINT ( 'NONE', #687 ) ;
#5959 = FACE_OUTER_BOUND ( 'NONE', #4751, .T. ) ;
#5960 = CARTESIAN_POINT ( 'NONE',  ( -1.474588977421597225, 0.5501754866359794827, 0.07119988270054565527 ) ) ;
#5961 = B_SPLINE_CURVE_WITH_KNOTS ( 'NONE', 3,
 ( #7156, #8450, #6378, #229, #914, #6472, #953, #4978, #3643, #7196, #7237, #781, #7759, #3770, #3039, #5061, #7843, #5108, #1475, #2361, #7888, #3588, #5789, #1613, #5155, #4422, #7928, #4458 ),
 .UNSPECIFIED., .F., .F.,
 ( 4, 1, 2, 2, 2, 1, 2, 2, 1, 1, 2, 2, 1, 1, 2, 2, 4 ),
 ( 0.000000000000000000, 0.06249999999999371336, 0.09374999999999159006, 0.1249999999999894806, 0.2499999999999820699, 0.3749999999999746314, 0.4374999999999661937, 0.4999999999999578115, 0.6249999999999573674, 0.6874999999999570344, 0.7187499999999542588, 0.7499999999999513722, 0.8124999999999372724, 0.8437499999999305000, 0.8593749999999334976, 0.8749999999999366063, 1.000000000000000000 ),
 .UNSPECIFIED. ) ;
#5962 = AXIS2_PLACEMENT_3D ( 'NONE', #7847, #3591, #828 ) ;
#5963 = CARTESIAN_POINT ( 'NONE',  ( -0.9195471798743011238, 1.158342059119749079, 0.02306155851918342825 ) ) ;
#5964 = AXIS2_PLACEMENT_3D ( 'NONE', #3400, #6181, #4364 ) ;
#5965 = DIRECTION ( 'NONE',  ( 1.893866817057829316E-34, -0.7071067811865475727, 0.7071067811865474617 ) ) ;
#5966 = ORIENTED_EDGE ( 'NONE', *, *, #7552, .F. ) ;
#5967 = CARTESIAN_POINT ( 'NONE',  ( -0.8685946226153580252, -0.01634910110048180473, 0.1145553033653222419 ) ) ;
#5968 = AXIS2_PLACEMENT_3D ( 'NONE', #1234, #6190, #6145 ) ;
#5969 = CARTESIAN_POINT ( 'NONE',  ( -1.310555120721370814, 0.04429112755858203437, 0.1109799667538117901 ) ) ;
#5970 = CARTESIAN_POINT ( 'NONE',  ( -1.228060251137109038, 1.126262918415834147, 0.1146778370928321911 ) ) ;
#5971 = CARTESIAN_POINT ( 'NONE',  ( -1.036497707333136509, -0.03377276554176671108, 0.1380424859979663410 ) ) ;
#5972 = ADVANCED_FACE ( 'NONE', ( #3503 ), #6387, .T. ) ;
#5973 = CARTESIAN_POINT ( 'NONE',  ( -1.299865680239554289, 1.093247757489735461, 0.1493173715501881771 ) ) ;
#5974 = CIRCLE ( 'NONE', #3661, 0.5999999999999998668 ) ;
#5975 = VECTOR ( 'NONE', #7381, 39.37007874015748143 ) ;
#5976 = ORIENTED_EDGE ( 'NONE', *, *, #6980, .T. ) ;
#5977 = DIRECTION ( 'NONE',  ( -0.000000000000000000, -0.000000000000000000, 1.000000000000000000 ) ) ;
#5978 = DIRECTION ( 'NONE',  ( -1.000000000000000000, 1.603864418221765709E-16, 0.000000000000000000 ) ) ;
#5979 = CARTESIAN_POINT ( 'NONE',  ( -1.375184832776482180, 1.044803808904039455, 0.1339474478508647926 ) ) ;
#5980 = AXIS2_PLACEMENT_3D ( 'NONE', #2340, #5135, #8472 ) ;
#5981 = ORIENTED_EDGE ( 'NONE', *, *, #847, .F. ) ;
#5982 = CARTESIAN_POINT ( 'NONE',  ( -0.6985688917214986082, 1.076282327619996204, 0.1136944431406885642 ) ) ;
#5983 = CARTESIAN_POINT ( 'NONE',  ( -1.435404936990023694, 0.9927661021352328641, 0.1050575079091000535 ) ) ;
#5984 = CARTESIAN_POINT ( 'NONE',  ( -0.5790565297751448792, 0.9792598629312680991, 0.1554613806884063976 ) ) ;
#5985 = DIRECTION ( 'NONE',  ( -0.7682212575920440711, 9.407997041470511248E-17, 0.6401844260708771106 ) ) ;
#5986 = CARTESIAN_POINT ( 'NONE',  ( -0.5531304717209751809, 0.5501754866359794827, 0.09619400962301037639 ) ) ;
#5987 = CARTESIAN_POINT ( 'NONE',  ( -0.8906664707495539623, -0.02142962935609108929, 0.03480754235130100599 ) ) ;
#5988 = CARTESIAN_POINT ( 'NONE',  ( -1.505985708823254665, 0.5658004866359795937, 0.1567617795536129510 ) ) ;
#5989 = CARTESIAN_POINT ( 'NONE',  ( -1.474594853875531797, 0.5501754866359794827, 0.09619400962301105640 ) ) ;
#5990 = VERTEX_POINT ( 'NONE', #2318 ) ;
#5991 = CARTESIAN_POINT ( 'NONE',  ( -1.286296545442934924, 0.03121336282021076533, 0.05942099761783239259 ) ) ;
#5992 = CARTESIAN_POINT ( 'NONE',  ( -1.283349787836146838, 0.02972666480010877424, 0.08184953493189860152 ) ) ;
#5993 = CARTESIAN_POINT ( 'NONE',  ( -1.356398191227110805, 1.058415700309217611, 0.1469506350821334628 ) ) ;
#5994 = AXIS2_PLACEMENT_3D ( 'NONE', #1395, #5533, #8424 ) ;
#5995 = CARTESIAN_POINT ( 'NONE',  ( -1.325647881326080135, 0.05317165404117175226, 0.07829290701621899329 ) ) ;
#5996 = DIRECTION ( 'NONE',  ( -0.000000000000000000, -0.000000000000000000, 1.000000000000000000 ) ) ;
#5997 = EDGE_LOOP ( 'NONE', ( #5889, #1801, #4031, #6294, #6159, #5487, #3639 ) ) ;
#5998 = ORIENTED_EDGE ( 'NONE', *, *, #3015, .T. ) ;
#5999 = CARTESIAN_POINT ( 'NONE',  ( -1.356635542145733675, 1.058248243314263037, 0.1171722468182300331 ) ) ;
#6000 = CARTESIAN_POINT ( 'NONE',  ( -1.254779847521590774, 1.115307078368608096, 0.1556034584419080935 ) ) ;
#6001 = CARTESIAN_POINT ( 'NONE',  ( -1.013859724571285925, 0.5658004866359794827, 0.09560345844190808184 ) ) ;
#6002 = ORIENTED_EDGE ( 'NONE', *, *, #5664, .T. ) ;
#6003 = CARTESIAN_POINT ( 'NONE',  ( -1.368314551537423540, 1.049909840864025057, 0.1381467995225492684 ) ) ;
#6004 = CARTESIAN_POINT ( 'NONE',  ( -1.521119134907851445, 0.5814254866359793716, 0.07119400962301104807 ) ) ;
#6005 = CARTESIAN_POINT ( 'NONE',  ( -1.013859724571285925, 0.05830048663597965641, 0.07119400962301036806 ) ) ;
#6006 = CARTESIAN_POINT ( 'NONE',  ( -1.175813342903194059, 1.143530013186704775, 0.09646326616676120791 ) ) ;
#6007 = VERTEX_POINT ( 'NONE', #324 ) ;
#6008 = EDGE_CURVE ( 'NONE', #4500, #3557, #3775, .T. ) ;
#6009 = CARTESIAN_POINT ( 'NONE',  ( -0.7018286852612514171, 1.078281637068313259, 0.1041942900742869882 ) ) ;
#6010 = EDGE_CURVE ( 'NONE', #3424, #3595, #7696, .T. ) ;
#6011 = CARTESIAN_POINT ( 'NONE',  ( -1.309755339145325603, 0.04383707687206644249, 0.1086286965172485186 ) ) ;
#6012 = DIRECTION ( 'NONE',  ( 0.000000000000000000, 0.000000000000000000, 1.000000000000000000 ) ) ;
#6013 = CARTESIAN_POINT ( 'NONE',  ( -1.013859724571285925, 0.5658004866359794827, 0.1411940096230107078 ) ) ;
#6014 = CARTESIAN_POINT ( 'NONE',  ( -1.329640783761108835, 1.075979203322603439, 0.1390081122483430576 ) ) ;
#6015 = ORIENTED_EDGE ( 'NONE', *, *, #526, .F. ) ;
#6016 = ADVANCED_FACE ( 'NONE', ( #8590 ), #3693, .F. ) ;
#6017 = EDGE_CURVE ( 'NONE', #7454, #721, #7499, .T. ) ;
#6018 = CARTESIAN_POINT ( 'NONE',  ( -1.305580859054822351, 0.04144681966246633459, 0.03610169579444055810 ) ) ;
#6019 = CARTESIAN_POINT ( 'NONE',  ( -0.5531245952670407195, 0.5814254866359794827, 0.09619400962301037639 ) ) ;
#6020 = VERTEX_POINT ( 'NONE', #5837 ) ;
#6021 = CARTESIAN_POINT ( 'NONE',  ( -1.067745176501381232, 1.163400653421917896, 0.1242733302367799164 ) ) ;
#6022 = LINE ( 'NONE', #565, #4977 ) ;
#6023 = CARTESIAN_POINT ( 'NONE',  ( -0.5332046775557838236, 0.9249254311588088751, 0.1309880738265234712 ) ) ;
#6024 = CARTESIAN_POINT ( 'NONE',  ( -0.5688695470463431825, 0.9682725252999340171, 0.1251467276726773159 ) ) ;
#6025 = CARTESIAN_POINT ( 'NONE',  ( -1.297651904367281173, 1.094442140960189214, 0.1563726892111388656 ) ) ;
#6026 = CARTESIAN_POINT ( 'NONE',  ( -0.9383069911064372270, -0.02942371185918282034, 0.1105697364788667675 ) ) ;
#6027 = CARTESIAN_POINT ( 'NONE',  ( -0.5742021895651892027, 0.9740911655540436254, 0.09695433839764273920 ) ) ;
#6028 = CARTESIAN_POINT ( 'NONE',  ( -1.474588977421597225, 0.5501754866359794827, 0.09619988270054566359 ) ) ;
#6029 = VERTEX_POINT ( 'NONE', #5198 ) ;
#6030 = CARTESIAN_POINT ( 'NONE',  ( -1.353392216756535982, 0.07110659370822554337, 0.06109557446345695308 ) ) ;
#6031 = CARTESIAN_POINT ( 'NONE',  ( -1.289398263137574885, 0.03281023914249010798, 0.09199120672775766561 ) ) ;
#6032 = CARTESIAN_POINT ( 'NONE',  ( -1.164570112918430489, 1.146564150725471798, 0.1181410384597509355 ) ) ;
#6033 = CARTESIAN_POINT ( 'NONE',  ( -1.315747079045814116, 0.04727907741242549922, 0.07522243589266897068 ) ) ;
#6034 = B_SPLINE_CURVE_WITH_KNOTS ( 'NONE', 3,
 ( #1975, #4100, #4783, #7570, #5152, #5787, #4373, #5747, #912, #8499, #8633, #6470, #2911, #7801, #3723, #6507, #2955, #8581, #227 ),
 .UNSPECIFIED., .F., .F.,
 ( 4, 1, 2, 2, 2, 2, 2, 2, 2, 4 ),
 ( 0.000000000000000000, 0.06249999999999450440, 0.09374999999999848732, 0.1250000000000024702, 0.1874999999999948097, 0.2499999999999871769, 0.4999999999999877875, 0.6249999999999954481, 0.7500000000000031086, 1.000000000000000000 ),
 .UNSPECIFIED. ) ;
#6035 = LINE ( 'NONE', #5542, #3497 ) ;
#6036 = ORIENTED_EDGE ( 'NONE', *, *, #3475, .T. ) ;
#6037 = ORIENTED_EDGE ( 'NONE', *, *, #6582, .T. ) ;
#6038 = CARTESIAN_POINT ( 'NONE',  ( -1.347391873775278359, 1.064556816622539204, 0.1207331853007617001 ) ) ;
#6039 = CARTESIAN_POINT ( 'NONE',  ( -0.9577526641733595802, 1.163171393717912228, 0.05316930913395852276 ) ) ;
#6040 = CARTESIAN_POINT ( 'NONE',  ( -0.9584184511941082896, 1.163234500427365647, 0.01051215353570455341 ) ) ;
#6041 = ORIENTED_EDGE ( 'NONE', *, *, #811, .T. ) ;
#6042 = CARTESIAN_POINT ( 'NONE',  ( -0.9577215512045590406, 1.163168468671252676, 0.03799881736126094894 ) ) ;
#6043 = CARTESIAN_POINT ( 'NONE',  ( -0.5757949241618771641, 0.9757995483937653702, 0.1037645161342158062 ) ) ;
#6044 = EDGE_CURVE ( 'NONE', #4361, #4731, #4382, .T. ) ;
#6045 = CARTESIAN_POINT ( 'NONE',  ( -0.8346779592396509351, -0.006819999249692051090, 0.08424926367758692192 ) ) ;
#6046 = DIRECTION ( 'NONE',  ( 1.000000000000000000, 0.000000000000000000, 0.000000000000000000 ) ) ;
#6047 = ORIENTED_EDGE ( 'NONE', *, *, #708, .T. ) ;
#6048 = CARTESIAN_POINT ( 'NONE',  ( -1.337126388785111031, 1.071269654349610301, 0.1248103203418360896 ) ) ;
#6049 = CARTESIAN_POINT ( 'NONE',  ( -1.003060751990587862, 1.165703322690956556, 0.008504415661596933032 ) ) ;
#6050 = VERTEX_POINT ( 'NONE', #1657 ) ;
#6051 = CARTESIAN_POINT ( 'NONE',  ( -1.328020680878156279, 0.05462253959870153053, 0.07368720014506510707 ) ) ;
#6052 = CARTESIAN_POINT ( 'NONE',  ( -0.8738462901585282161, 1.149235348624825903, 0.1556034584419080935 ) ) ;
#6053 = CARTESIAN_POINT ( 'NONE',  ( -1.251907302413129974, 0.01503907027204119673, 0.09536037485316783968 ) ) ;
#6054 = CARTESIAN_POINT ( 'NONE',  ( -1.013859724571285925, 0.5658004866359794827, 0.1456034584419080014 ) ) ;
#6055 = EDGE_CURVE ( 'NONE', #5662, #326, #7975, .T. ) ;
#6056 = ORIENTED_EDGE ( 'NONE', *, *, #8530, .T. ) ;
#6057 = CARTESIAN_POINT ( 'NONE',  ( -0.6767411447815975256, 1.062138143955303038, 0.1616378919697964434 ) ) ;
#6058 = ORIENTED_EDGE ( 'NONE', *, *, #868, .F. ) ;
#6059 = CARTESIAN_POINT ( 'NONE',  ( -0.8629573060494187819, -0.01491327714018334666, 0.07941318237833529248 ) ) ;
#6060 = CARTESIAN_POINT ( 'NONE',  ( -1.320393452660951983, 0.05001266830032841809, 0.03449982629018566449 ) ) ;
#6061 = EDGE_CURVE ( 'NONE', #2011, #1270, #4510, .T. ) ;
#6062 = DIRECTION ( 'NONE',  ( -1.000000000000000000, 0.000000000000000000, 0.000000000000000000 ) ) ;
#6063 = CARTESIAN_POINT ( 'NONE',  ( -0.5717448385809416056, 0.9714289375033103857, 0.1425943582848564484 ) ) ;
#6064 = CARTESIAN_POINT ( 'NONE',  ( -1.294905477489437740, 1.095907377906945035, 0.1562222362963208433 ) ) ;
#6065 = B_SPLINE_CURVE_WITH_KNOTS ( 'NONE', 3,
 ( #1878, #4777, #8769, #4043, #5371, #6139, #8207, #7425, #8849, #2494, #3401, #3958, #6774, #4734, #2537, #7509, #6820, #8255, #5288, #542, #1145, #1280, #6876, #8948, #453, #1788, #2670 ),
 .UNSPECIFIED., .F., .F.,
 ( 4, 1, 2, 2, 1, 2, 2, 1, 1, 2, 2, 1, 1, 1, 2, 2, 4 ),
 ( 0.000000000000000000, 0.06249999999999396316, 0.09374999999999471256, 0.1249999999999954758, 0.1874999999999969746, 0.2187499999999996392, 0.2500000000000022760, 0.3750000000000052736, 0.4375000000000072164, 0.4687500000000068279, 0.5000000000000065503, 0.6250000000000111022, 0.6875000000000137668, 0.7187500000000142109, 0.7343750000000142109, 0.7500000000000142109, 1.000000000000000000 ),
 .UNSPECIFIED. ) ;
#6066 = CARTESIAN_POINT ( 'NONE',  ( -1.279584824784549379, 0.02784354417983831570, 0.08727250757117320512 ) ) ;
#6067 = CARTESIAN_POINT ( 'NONE',  ( -0.6953484290948386271, 1.074279153498135297, 0.1556034584419080935 ) ) ;
#6068 = CARTESIAN_POINT ( 'NONE',  ( -0.5700652736716068647, 0.9695915416559159894, 0.1000815115423897422 ) ) ;
#6069 = CARTESIAN_POINT ( 'NONE',  ( -1.031583159794064564, -0.03393802841482963101, 0.05100228745008152098 ) ) ;
#6070 = EDGE_LOOP ( 'NONE', ( #3390, #8652, #8033, #7145, #1191, #5053, #8083 ) ) ;
#6071 = CARTESIAN_POINT ( 'NONE',  ( -1.343025207706557866, 0.06415288226793999793, 0.04581909290333519014 ) ) ;
#6072 = LINE ( 'NONE', #616, #4522 ) ;
#6073 = CARTESIAN_POINT ( 'NONE',  ( -0.9532779870548140355, 1.162734195752398003, 0.01958709006500507221 ) ) ;
#6074 = CARTESIAN_POINT ( 'NONE',  ( -0.6424080168483703446, 1.036994320243476375, 0.1556034584419080935 ) ) ;
#6075 = EDGE_CURVE ( 'NONE', #2491, #1213, #6089, .T. ) ;
#6076 = EDGE_CURVE ( 'NONE', #1109, #2085, #7074, .T. ) ;
#6077 = CIRCLE ( 'NONE', #4347, 0.5999999999999997558 ) ;
#6078 = AXIS2_PLACEMENT_3D ( 'NONE', #27, #4255, #1442 ) ;
#6079 = CARTESIAN_POINT ( 'NONE',  ( -0.4893829488061431365, 0.8572179252320341059, 0.1455033026001086582 ) ) ;
#6080 = ORIENTED_EDGE ( 'NONE', *, *, #2964, .T. ) ;
#6081 = ORIENTED_EDGE ( 'NONE', *, *, #6581, .F. ) ;
#6082 = CARTESIAN_POINT ( 'NONE',  ( -1.341544388071085780, 1.068421252232355734, 0.1226573794436902343 ) ) ;
#6083 = CARTESIAN_POINT ( 'NONE',  ( -0.9435104005998187215, 1.161662944326407709, 0.07726774951218844112 ) ) ;
#6084 = CARTESIAN_POINT ( 'NONE',  ( -1.392748970681499499, 1.031034770821951385, 0.1279111507496004108 ) ) ;
#6085 = CIRCLE ( 'NONE', #2155, 0.5999999999999997558 ) ;
#6086 = VERTEX_POINT ( 'NONE', #1971 ) ;
#6087 = CARTESIAN_POINT ( 'NONE',  ( -1.168686338371889066, 1.145480329013682574, 0.08560345844190805908 ) ) ;
#6088 = CARTESIAN_POINT ( 'NONE',  ( -1.013859724571285925, 1.016800486635979661, 0.1511940096230103281 ) ) ;
#6089 = LINE ( 'NONE', #4641, #369 ) ;
#6090 = AXIS2_PLACEMENT_3D ( 'NONE', #3592, #235, #7973 ) ;
#6091 = CARTESIAN_POINT ( 'NONE',  ( -0.5754008968633014254, 0.9753781427708567708, 0.09646884305729272469 ) ) ;
#6092 = EDGE_LOOP ( 'NONE', ( #4377, #6248 ) ) ;
#6093 = CARTESIAN_POINT ( 'NONE',  ( -0.5201348890851977824, 0.9067364154559748313, 0.1131191889772335674 ) ) ;
#6094 = EDGE_CURVE ( 'NONE', #79, #6155, #3908, .T. ) ;
#6095 = CARTESIAN_POINT ( 'NONE',  ( -1.336059099460161770, 1.071950362892859721, 0.1255280232201090307 ) ) ;
#6096 = DIRECTION ( 'NONE',  ( 0.000000000000000000, -1.000000000000000000, 0.000000000000000000 ) ) ;
#6097 = ORIENTED_EDGE ( 'NONE', *, *, #5638, .F. ) ;
#6098 = CARTESIAN_POINT ( 'NONE',  ( -0.9270510856543242584, 1.159487491891597610, 0.04567603289436539260 ) ) ;
#6099 = CARTESIAN_POINT ( 'NONE',  ( -1.227762019451961173, 1.126376805400871595, 0.1129185915819214403 ) ) ;
#6100 = VECTOR ( 'NONE', #6586, 39.37007874015748143 ) ;
#6101 = CIRCLE ( 'NONE', #5964, 0.5175000000000000711 ) ;
#6102 = CARTESIAN_POINT ( 'NONE',  ( -1.296103423985566216, 1.095270746600006673, 0.1018132788072494965 ) ) ;
#6103 = CARTESIAN_POINT ( 'NONE',  ( -0.6135595547743883937, 1.012745420672125585, 0.09560345844190808184 ) ) ;
#6104 = ORIENTED_EDGE ( 'NONE', *, *, #8875, .F. ) ;
#6105 = ORIENTED_EDGE ( 'NONE', *, *, #1993, .F. ) ;
#6106 = VECTOR ( 'NONE', #6937, 39.37007874015748143 ) ;
#6107 = CARTESIAN_POINT ( 'NONE',  ( -0.6779214645129563177, 1.062937880707885974, 0.1638071234193633208 ) ) ;
#6108 = ORIENTED_EDGE ( 'NONE', *, *, #5906, .T. ) ;
#6109 = CARTESIAN_POINT ( 'NONE',  ( -0.8818939393508691271, 1.151108125003324600, 0.004711531358574759867 ) ) ;
#6110 = CARTESIAN_POINT ( 'NONE',  ( -1.282263599690822709, 0.02918186225502718278, 0.07820078270534933096 ) ) ;
#6111 = AXIS2_PLACEMENT_3D ( 'NONE', #5467, #8999, #8165 ) ;
#6112 = ORIENTED_EDGE ( 'NONE', *, *, #4013, .F. ) ;
#6113 = ORIENTED_EDGE ( 'NONE', *, *, #1241, .T. ) ;
#6114 = CARTESIAN_POINT ( 'NONE',  ( -1.376631233536099508, 1.043709298434811306, 0.1092833320462960334 ) ) ;
#6115 = DIRECTION ( 'NONE',  ( -0.000000000000000000, -0.000000000000000000, 1.000000000000000000 ) ) ;
#6116 = CIRCLE ( 'NONE', #1441, 0.5999999999999998668 ) ;
#6117 = DIRECTION ( 'NONE',  ( -0.5403752312210778896, 0.8414241555141893647, 0.000000000000000000 ) ) ;
#6118 = CARTESIAN_POINT ( 'NONE',  ( -0.9358501694069083499, -0.02910676003619199967, 0.06659109595112128188 ) ) ;
#6119 = CARTESIAN_POINT ( 'NONE',  ( -0.5739231479249103929, 0.9737904928482260525, 0.09707933678747121542 ) ) ;
#6120 = DIRECTION ( 'NONE',  ( 1.000000000000000000, 0.000000000000000000, 0.000000000000000000 ) ) ;
#6121 = ORIENTED_EDGE ( 'NONE', *, *, #7599, .F. ) ;
#6122 = CARTESIAN_POINT ( 'NONE',  ( -1.343374993163831022, 0.06438253911107033600, 0.04609081910625320577 ) ) ;
#6123 = DIRECTION ( 'NONE',  ( 0.4008553869097453703, 0.9161413421440156579, 0.000000000000000000 ) ) ;
#6124 = DIRECTION ( 'NONE',  ( -1.000000000000000000, 0.000000000000000000, 0.000000000000000000 ) ) ;
#6125 = AXIS2_PLACEMENT_3D ( 'NONE', #1719, #7905, #5299 ) ;
#6126 = VERTEX_POINT ( 'NONE', #7379 ) ;
#6127 = CARTESIAN_POINT ( 'NONE',  ( -1.174611748645576936, -0.01226420416948600413, 0.03554692555714249885 ) ) ;
#6128 = EDGE_LOOP ( 'NONE', ( #6334, #232, #5752, #2634 ) ) ;
#6129 = ORIENTED_EDGE ( 'NONE', *, *, #3337, .F. ) ;
#6130 = CARTESIAN_POINT ( 'NONE',  ( -1.334875061610268254, 0.05889885038315467031, 0.1414486181611954718 ) ) ;
#6131 = ADVANCED_FACE ( 'NONE', ( #6737 ), #1834, .T. ) ;
#6132 = CARTESIAN_POINT ( 'NONE',  ( -0.9545406375952595335, 1.162861019626239001, 0.06951582512786660950 ) ) ;
#6133 = AXIS2_PLACEMENT_3D ( 'NONE', #517, #6795, #4756 ) ;
#6134 = CARTESIAN_POINT ( 'NONE',  ( -1.349241433748606944, 0.06828725036533386805, 0.1392355006284630714 ) ) ;
#6135 = B_SPLINE_CURVE_WITH_KNOTS ( 'NONE', 3,
 ( #2052, #613, #6211, #7979, #8775, #8028, #3782, #3141, #3915, #5969, #6652, #6011, #1755, #458, #6565, #3964, #5292, #8728, #2499 ),
 .UNSPECIFIED., .F., .F.,
 ( 4, 1, 1, 2, 2, 2, 1, 1, 1, 2, 2, 4 ),
 ( 0.000000000000000000, 0.1249999999999437394, 0.1874999999999164002, 0.2187499999999206468, 0.2499999999999248379, 0.4999999999999337197, 0.6249999999999379385, 0.6874999999999401590, 0.7187499999999381606, 0.7343749999999404920, 0.7499999999999427125, 1.000000000000000000 ),
 .UNSPECIFIED. ) ;
#6136 = ORIENTED_EDGE ( 'NONE', *, *, #7818, .T. ) ;
#6137 = CARTESIAN_POINT ( 'NONE',  ( -0.9539398972504000707, 1.162801057202954347, 0.02073024355944322675 ) ) ;
#6138 = CARTESIAN_POINT ( 'NONE',  ( -1.176544312443126961, 1.143324316567308818, 0.1038929659465091665 ) ) ;
#6139 = CARTESIAN_POINT ( 'NONE',  ( -0.9625929095005809621, 1.163606254335451728, 0.07547410287944091023 ) ) ;
#6140 = AXIS2_PLACEMENT_3D ( 'NONE', #2051, #612, #2004 ) ;
#6141 = CARTESIAN_POINT ( 'NONE',  ( -0.5792661562023735389, 0.9794772512943524800, 0.09573703533124003351 ) ) ;
#6142 = ORIENTED_EDGE ( 'NONE', *, *, #7440, .F. ) ;
#6143 = CARTESIAN_POINT ( 'NONE',  ( -1.306178940343153183, 0.04182575514883211248, 0.1118527883959563457 ) ) ;
#6144 = CARTESIAN_POINT ( 'NONE',  ( -1.342147355272661047, 1.068023134277149344, 0.1037166247819917425 ) ) ;
#6145 = DIRECTION ( 'NONE',  ( -1.000000000000000000, 0.000000000000000000, 0.000000000000000000 ) ) ;
#6146 = ORIENTED_EDGE ( 'NONE', *, *, #248, .T. ) ;
#6147 = CARTESIAN_POINT ( 'NONE',  ( -1.327850231927586666, 0.05451782041356169339, 0.07085343486916553801 ) ) ;
#6148 = CARTESIAN_POINT ( 'NONE',  ( -0.4908398833461506960, 0.8598247145424967597, 0.1235262365598722989 ) ) ;
#6149 = CARTESIAN_POINT ( 'NONE',  ( -1.007854295150531154, -0.03416952912124524011, 0.1348470647089339280 ) ) ;
#6150 = CARTESIAN_POINT ( 'NONE',  ( -1.329120413786966992, 0.05530003402916402327, 0.1111526465918539208 ) ) ;
#6151 = VERTEX_POINT ( 'NONE', #1830 ) ;
#6152 = VERTEX_POINT ( 'NONE', #6005 ) ;
#6153 = CARTESIAN_POINT ( 'NONE',  ( -1.013859724571285925, 0.5658004866359794827, 0.3756034584419081224 ) ) ;
#6154 = EDGE_CURVE ( 'NONE', #3310, #3569, #8900, .T. ) ;
#6155 = VERTEX_POINT ( 'NONE', #493 ) ;
#6156 = CARTESIAN_POINT ( 'NONE',  ( -0.8725732615568363437, -0.01732915251729496425, 0.06229899695887941569 ) ) ;
#6157 = CARTESIAN_POINT ( 'NONE',  ( -1.435327868183982503, 0.9928421788060568520, 0.1046604311376478913 ) ) ;
#6158 = ORIENTED_EDGE ( 'NONE', *, *, #330, .T. ) ;
#6159 = ORIENTED_EDGE ( 'NONE', *, *, #1144, .F. ) ;
#6160 = DIRECTION ( 'NONE',  ( -0.000000000000000000, -0.000000000000000000, 1.000000000000000000 ) ) ;
#6161 = CARTESIAN_POINT ( 'NONE',  ( -1.247404165025134626, 0.01311884741399618574, 0.04100553047936803669 ) ) ;
#6162 = B_SPLINE_CURVE_WITH_KNOTS ( 'NONE', 3,
 ( #8751, #391, #8796, #6721, #2520, #437 ),
 .UNSPECIFIED., .F., .F.,
 ( 4, 2, 4 ),
 ( 0.000000000000000000, 0.5000000000000000000, 1.000000000000000000 ),
 .UNSPECIFIED. ) ;
#6163 = CARTESIAN_POINT ( 'NONE',  ( -1.387038766559682390, 1.035627527674805037, 0.1199205300199012308 ) ) ;
#6164 = CARTESIAN_POINT ( 'NONE',  ( -1.381654102202078738, 1.039854600120368344, 0.1411336593917762450 ) ) ;
#6165 = CARTESIAN_POINT ( 'NONE',  ( -1.474588977421597225, 0.5501754866359794827, 0.09619988270054566359 ) ) ;
#6166 = VERTEX_POINT ( 'NONE', #3999 ) ;
#6167 = DIRECTION ( 'NONE',  ( -1.000000000000000000, 0.000000000000000000, 0.000000000000000000 ) ) ;
#6168 = CARTESIAN_POINT ( 'NONE',  ( -1.282660699503402002, 0.02938084122555923230, 0.07809736642027823028 ) ) ;
#6169 = DIRECTION ( 'NONE',  ( -1.000000000000000000, 0.000000000000000000, -0.000000000000000000 ) ) ;
#6170 = VERTEX_POINT ( 'NONE', #5418 ) ;
#6171 = ORIENTED_EDGE ( 'NONE', *, *, #4685, .F. ) ;
#6172 = CARTESIAN_POINT ( 'NONE',  ( -1.180037645144978331, -0.01072782898590167976, 0.1405635154506982287 ) ) ;
#6173 = ORIENTED_EDGE ( 'NONE', *, *, #3509, .T. ) ;
#6174 = CC_DESIGN_PERSON_AND_ORGANIZATION_ASSIGNMENT ( #1068, #4615, ( #8319 ) ) ;
#6175 = ORIENTED_EDGE ( 'NONE', *, *, #3617, .T. ) ;
#6176 = CARTESIAN_POINT ( 'NONE',  ( -1.348863692028406724, 0.06803134816622573300, 0.1328930952985833414 ) ) ;
#6177 = CARTESIAN_POINT ( 'NONE',  ( -1.231939337271700241, 1.124765219281642858, 0.1038754052290784824 ) ) ;
#6178 = CARTESIAN_POINT ( 'NONE',  ( -1.249416065290264832, 0.01394821616394732733, 0.03554965492388628689 ) ) ;
#6179 = ORIENTED_EDGE ( 'NONE', *, *, #4730, .F. ) ;
#6180 = CARTESIAN_POINT ( 'NONE',  ( -0.4966076032179689292, 0.8698568020702972525, 0.1479111507496004008 ) ) ;
#6181 = DIRECTION ( 'NONE',  ( 0.000000000000000000, 0.000000000000000000, 1.000000000000000000 ) ) ;
#6182 = DIRECTION ( 'NONE',  ( 0.000000000000000000, 0.000000000000000000, -1.000000000000000000 ) ) ;
#6183 = EDGE_CURVE ( 'NONE', #911, #8580, #6065, .T. ) ;
#6184 = CARTESIAN_POINT ( 'NONE',  ( -1.013859724571285925, 0.5658004866359794827, 0.07620779895924033320 ) ) ;
#6185 = ORIENTED_EDGE ( 'NONE', *, *, #3642, .T. ) ;
#6186 = DIRECTION ( 'NONE',  ( 1.000000000000000000, 0.000000000000000000, 0.000000000000000000 ) ) ;
#6187 = CARTESIAN_POINT ( 'NONE',  ( -0.7029900115277574191, 1.078986661207401498, 0.1290557166211191154 ) ) ;
#6188 = B_SPLINE_CURVE_WITH_KNOTS ( 'NONE', 3,
 ( #4119, #2150, #571, #3384, #2696, #7043, #4758, #3422, #4210, #76, #6850, #6164, #8974, #6992, #6209, #3466, #6900, #8336 ),
 .UNSPECIFIED., .F., .F.,
 ( 4, 1, 2, 2, 2, 2, 1, 2, 2, 4 ),
 ( 0.000000000000000000, 0.1250000000000386358, 0.1875000000000585088, 0.2500000000000783817, 0.5000000000000693889, 0.7500000000000603961, 0.8125000000000487388, 0.8437500000000411893, 0.8750000000000336398, 1.000000000000000000 ),
 .UNSPECIFIED. ) ;
#6189 = CARTESIAN_POINT ( 'NONE',  ( -1.376641074944243037, 1.043701827991726061, 0.1129869508826934071 ) ) ;
#6190 = DIRECTION ( 'NONE',  ( 0.000000000000000000, 0.000000000000000000, -1.000000000000000000 ) ) ;
#6191 = ORIENTED_EDGE ( 'NONE', *, *, #2515, .T. ) ;
#6192 = CARTESIAN_POINT ( 'NONE',  ( -1.327975685914865922, 0.05459488904604289233, 0.07222633658204108409 ) ) ;
#6193 = CARTESIAN_POINT ( 'NONE',  ( -0.4882415214314455021, 0.8551575176091192887, 0.1019914677616318571 ) ) ;
#6194 = CARTESIAN_POINT ( 'NONE',  ( -0.8769223546421919258, 1.149965075053136054, 0.01903848609288405144 ) ) ;
#6195 = EDGE_CURVE ( 'NONE', #4293, #6293, #2817, .T. ) ;
#6196 = ORIENTED_EDGE ( 'NONE', *, *, #2855, .F. ) ;
#6197 = ORIENTED_EDGE ( 'NONE', *, *, #1241, .F. ) ;
#6198 = ADVANCED_FACE ( 'NONE', ( #1414 ), #7844, .T. ) ;
#6199 = CARTESIAN_POINT ( 'NONE',  ( -1.402907716239807590, 1.022573581485807237, 0.1279111507496004108 ) ) ;
#6200 = ORIENTED_EDGE ( 'NONE', *, *, #4095, .T. ) ;
#6201 = CARTESIAN_POINT ( 'NONE',  ( -1.164697668996381941, -0.01493001413146899728, 0.1016857329904641560 ) ) ;
#6202 = LINE ( 'NONE', #2735, #3495 ) ;
#6203 = ADVANCED_FACE ( 'NONE', ( #4279 ), #6957, .F. ) ;
#6204 = ORIENTED_EDGE ( 'NONE', *, *, #4474, .T. ) ;
#6206 = EDGE_CURVE ( 'NONE', #5617, #2271, #3895, .T. ) ;
#6205 = CARTESIAN_POINT ( 'NONE',  ( -0.5690682131273713251, 0.9684920709805813210, 0.1307631921129259467 ) ) ;
#6207 = CARTESIAN_POINT ( 'NONE',  ( -1.274979332839833113, 1.106002448940797134, 0.1412002079528233423 ) ) ;
#6208 = CARTESIAN_POINT ( 'NONE',  ( -0.6730130460935261905, 1.059585411395187471, 0.1599079763561702394 ) ) ;
#6209 = CARTESIAN_POINT ( 'NONE',  ( -1.381521323196505113, 1.039957579871919169, 0.1401961312162739448 ) ) ;
#6210 = EDGE_CURVE ( 'NONE', #7681, #1157, #8155, .T. ) ;
#6211 = CARTESIAN_POINT ( 'NONE',  ( -1.316029185600049667, 0.04744294961668744232, 0.1157333012094898805 ) ) ;
#6212 = VERTEX_POINT ( 'NONE', #2713 ) ;
#6213 = CARTESIAN_POINT ( 'NONE',  ( -1.347235871439474320, 1.064660312427799571, 0.1289782236516123781 ) ) ;
#6214 = CARTESIAN_POINT ( 'NONE',  ( -1.332075562723395112, 1.074464461126316994, 0.1060268957198322037 ) ) ;
#6215 = LINE ( 'NONE', #4815, #4511 ) ;
#6216 = ORIENTED_EDGE ( 'NONE', *, *, #6008, .F. ) ;
#6217 = CARTESIAN_POINT ( 'NONE',  ( -1.198959453258168883, -0.004934206930166126423, 0.1041621494231820821 ) ) ;
#6218 = VERTEX_POINT ( 'NONE', #5647 ) ;
#6219 = ORIENTED_EDGE ( 'NONE', *, *, #2170, .T. ) ;
#6220 = CARTESIAN_POINT ( 'NONE',  ( -0.5143597245712859811, 0.5658004866359795937, 0.2706034573935184873 ) ) ;
#6221 = CARTESIAN_POINT ( 'NONE',  ( -0.5531304717209751809, 0.5501754866359794827, 0.09619988270054498358 ) ) ;
#6222 = CARTESIAN_POINT ( 'NONE',  ( -1.383656770330747854, 1.038294113647578065, 0.1309051306557949823 ) ) ;
#6223 = VERTEX_POINT ( 'NONE', #2025 ) ;
#6224 = CARTESIAN_POINT ( 'NONE',  ( -0.9576588238244205797, 1.163162572174643916, 0.03702376569639807130 ) ) ;
#6225 = FACE_BOUND ( 'NONE', #7067, .T. ) ;
#6226 = AXIS2_PLACEMENT_3D ( 'NONE', #6777, #4099, #6232 ) ;
#6227 = CIRCLE ( 'NONE', #3165, 0.5999999999999999778 ) ;
#6228 = CARTESIAN_POINT ( 'NONE',  ( -0.9941588225239152976, 1.165476961460963468, 0.004711531358574759867 ) ) ;
#6229 = CARTESIAN_POINT ( 'NONE',  ( -1.292521849447682225, 1.097164673975733917, 0.1486730461293774841 ) ) ;
#6230 = EDGE_LOOP ( 'NONE', ( #5389, #7376, #3741, #1188, #8262, #9056, #6942 ) ) ;
#6231 = AXIS2_PLACEMENT_3D ( 'NONE', #8280, #4262, #710 ) ;
#6232 = DIRECTION ( 'NONE',  ( 0.000000000000000000, 1.000000000000000000, 0.000000000000000000 ) ) ;
#6233 = CARTESIAN_POINT ( 'NONE',  ( -1.320393452660951983, 0.05001266830032841809, 0.03449982629018566449 ) ) ;
#6234 = DIRECTION ( 'NONE',  ( 1.000000000000000000, 0.000000000000000000, 0.000000000000000000 ) ) ;
#6235 = PLANE ( 'NONE',  #4812 ) ;
#6236 = VERTEX_POINT ( 'NONE', #6228 ) ;
#6237 = CARTESIAN_POINT ( 'NONE',  ( -0.9302971100974506413, 1.159953160147517481, 0.06923785885848705857 ) ) ;
#6238 = CARTESIAN_POINT ( 'NONE',  ( -0.4893617251877364072, 0.8571797137667900301, 0.1063686606937726126 ) ) ;
#6239 = CARTESIAN_POINT ( 'NONE',  ( -0.6913460283090806513, 1.071750007966993490, 0.1102357046306942923 ) ) ;
#6240 = AXIS2_PLACEMENT_3D ( 'NONE', #3298, #1225, #2114 ) ;
#6241 = CARTESIAN_POINT ( 'NONE',  ( -1.013859724571285925, 0.5658004866359794827, 0.09619400962301037639 ) ) ;
#6242 = ORIENTED_EDGE ( 'NONE', *, *, #6693, .F. ) ;
#6243 = VERTEX_POINT ( 'NONE', #1515 ) ;
#6244 = AXIS2_PLACEMENT_3D ( 'NONE', #806, #6409, #8430 ) ;
#6245 = DIRECTION ( 'NONE',  ( 1.000000000000000000, 0.000000000000000000, 0.000000000000000000 ) ) ;
#6246 = EDGE_CURVE ( 'NONE', #7684, #4892, #4488, .T. ) ;
#6247 = EDGE_CURVE ( 'NONE', #2422, #6551, #4047, .T. ) ;
#6248 = ORIENTED_EDGE ( 'NONE', *, *, #1637, .T. ) ;
#6249 = CARTESIAN_POINT ( 'NONE',  ( -0.5688576132756977266, 0.9682604339130167492, 0.1015873358107866054 ) ) ;
#6250 = DIRECTION ( 'NONE',  ( -0.000000000000000000, -0.000000000000000000, 1.000000000000000000 ) ) ;
#6251 = VECTOR ( 'NONE', #6989, 39.37007874015748143 ) ;
#6252 = EDGE_LOOP ( 'NONE', ( #3941, #7743, #6, #7971 ) ) ;
#6253 = CARTESIAN_POINT ( 'NONE',  ( -0.4870630616307115579, 0.8530029892066851582, 0.1315469620656048166 ) ) ;
#6254 = FACE_OUTER_BOUND ( 'NONE', #8760, .T. ) ;
#6255 = LINE ( 'NONE', #31, #954 ) ;
#6256 = CARTESIAN_POINT ( 'NONE',  ( -0.9238267957858311563, -0.02741147137422861660, 0.1359334704294866969 ) ) ;
#6257 = CARTESIAN_POINT ( 'NONE',  ( -1.271509907953650265, 0.02393662995527187295, 0.1350699774987359214 ) ) ;
#6258 = VECTOR ( 'NONE', #2492, 39.37007874015748143 ) ;
#6259 = ORIENTED_EDGE ( 'NONE', *, *, #3788, .F. ) ;
#6260 = VECTOR ( 'NONE', #5965, 39.37007874015748143 ) ;
#6261 = CARTESIAN_POINT ( 'NONE',  ( -1.354752236366997709, 1.059554364454862840, 0.1026411141049063808 ) ) ;
#6262 = CARTESIAN_POINT ( 'NONE',  ( -1.427589481890122913, 1.000343566098644832, 0.1302188430572926992 ) ) ;
#6263 = EDGE_CURVE ( 'NONE', #21, #5435, #6808, .T. ) ;
#6264 = ORIENTED_EDGE ( 'NONE', *, *, #5522, .T. ) ;
#6265 = DIRECTION ( 'NONE',  ( 1.000000000000000000, 0.000000000000000000, 0.000000000000000000 ) ) ;
#6266 = B_SPLINE_CURVE_WITH_KNOTS ( 'NONE', 3,
 ( #7714, #8367, #1340, #4885 ),
 .UNSPECIFIED., .F., .F.,
 ( 4, 4 ),
 ( 0.000000000000000000, 1.000000000000000000 ),
 .UNSPECIFIED. ) ;
#6267 = AXIS2_PLACEMENT_3D ( 'NONE', #8967, #2691, #8825 ) ;
#6268 = AXIS2_PLACEMENT_3D ( 'NONE', #1042, #7924, #8711 ) ;
#6269 = CARTESIAN_POINT ( 'NONE',  ( -1.013859724571285925, 0.5658004866359794827, 0.08326283026809906673 ) ) ;
#6270 = ORIENTED_EDGE ( 'NONE', *, *, #5608, .T. ) ;
#6271 = ORIENTED_EDGE ( 'NONE', *, *, #7119, .T. ) ;
#6272 = CARTESIAN_POINT ( 'NONE',  ( -1.356708163586011651, 0.07340304131170616309, 0.1145886872107841070 ) ) ;
#6273 = CARTESIAN_POINT ( 'NONE',  ( -1.013859724571285925, 0.5814254866359794827, 0.09619400962301037639 ) ) ;
#6274 = CARTESIAN_POINT ( 'NONE',  ( -1.388586265360449490, 1.034394164183963349, 0.1282328269393726572 ) ) ;
#6275 = DIRECTION ( 'NONE',  ( 0.000000000000000000, 0.000000000000000000, 1.000000000000000000 ) ) ;
#6276 = CARTESIAN_POINT ( 'NONE',  ( -0.4754249498425099918, 0.8305422321133273389, 0.1022147467968459317 ) ) ;
#6277 = CARTESIAN_POINT ( 'NONE',  ( -1.174942095959768507, 1.143773313928124313, 0.1052277469390051623 ) ) ;
#6278 = AXIS2_PLACEMENT_3D ( 'NONE', #5101, #5149, #8493 ) ;
#6279 = DIRECTION ( 'NONE',  ( 0.000000000000000000, -1.000000000000000000, 0.000000000000000000 ) ) ;
#6280 = CARTESIAN_POINT ( 'NONE',  ( -1.295911291868930393, 1.095372904699365435, 0.1493648703559692370 ) ) ;
#6281 = ORIENTED_EDGE ( 'NONE', *, *, #2143, .T. ) ;
#6282 = CARTESIAN_POINT ( 'NONE',  ( -1.306548479265859486, 0.04203212126207111349, 0.1131072884076134016 ) ) ;
#6283 = CARTESIAN_POINT ( 'NONE',  ( -1.350941838218132185, 1.062165550923302337, 0.09487820244491003419 ) ) ;
#6284 = CARTESIAN_POINT ( 'NONE',  ( -1.043922335572141646, 1.165046879549454628, 0.004711531358574759867 ) ) ;
#6285 = B_SPLINE_CURVE_WITH_KNOTS ( 'NONE', 3,
 ( #885, #2369, #3008, #6518, #2323, #2239, #3600, #7939, #5798, #5718, #5121 ),
 .UNSPECIFIED., .F., .F.,
 ( 4, 2, 1, 2, 2, 4 ),
 ( 0.000000000000000000, 0.2499999999999888423, 0.3749999999999926725, 0.4374999999999853451, 0.4999999999999780176, 1.000000000000000000 ),
 .UNSPECIFIED. ) ;
#6286 = VERTEX_POINT ( 'NONE', #5503 ) ;
#6287 = ORIENTED_EDGE ( 'NONE', *, *, #2109, .F. ) ;
#6288 = CARTESIAN_POINT ( 'NONE',  ( -1.354632376783972081, 1.059636693225070481, 0.1555974337065363922 ) ) ;
#6289 = CARTESIAN_POINT ( 'NONE',  ( -0.8388595458108684122, -0.008111577201657838021, 0.1175010868762190880 ) ) ;
#6290 = AXIS2_PLACEMENT_3D ( 'NONE', #1167, #8794, #476 ) ;
#6291 = CARTESIAN_POINT ( 'NONE',  ( -0.7028438389211163484, 1.078898165631468453, 0.09598134743746937481 ) ) ;
#6292 = CARTESIAN_POINT ( 'NONE',  ( -1.013859724571285925, 0.5658004866359794827, 0.3756034584419081224 ) ) ;
#6293 = VERTEX_POINT ( 'NONE', #4916 ) ;
#6294 = ORIENTED_EDGE ( 'NONE', *, *, #2143, .F. ) ;
#6295 = ADVANCED_FACE ( 'NONE', ( #2222 ), #4969, .T. ) ;
#6296 = CARTESIAN_POINT ( 'NONE',  ( -0.9941652031974143044, -0.03388366188503882243, 0.1054965119423523223 ) ) ;
#6297 = CARTESIAN_POINT ( 'NONE',  ( -1.027318539139915110, -0.03405048785105585507, 0.04561529135431146437 ) ) ;
#6298 = ORIENTED_EDGE ( 'NONE', *, *, #4409, .F. ) ;
#6299 = CARTESIAN_POINT ( 'NONE',  ( -1.180495000696891061, 1.142196802972015091, 0.1236976569581588331 ) ) ;
#6300 = CARTESIAN_POINT ( 'NONE',  ( -1.013859724571285925, 0.5658004866359794827, 0.3756034584419081224 ) ) ;
#6301 = EDGE_CURVE ( 'NONE', #7466, #7767, #1927, .T. ) ;
#6302 = EDGE_CURVE ( 'NONE', #3991, #6397, #6524, .T. ) ;
#6303 = ORIENTED_EDGE ( 'NONE', *, *, #8201, .T. ) ;
#6304 = CARTESIAN_POINT ( 'NONE',  ( -0.4826456713343260652, 0.8447479318357313804, 0.1492463432182606076 ) ) ;
#6305 = CARTESIAN_POINT ( 'NONE',  ( -0.8656325582136719099, 1.147202849164368432, 0.1486803815188311728 ) ) ;
#6306 = DIRECTION ( 'NONE',  ( 0.000000000000000000, -1.000000000000000000, 0.000000000000000000 ) ) ;
#6307 = CARTESIAN_POINT ( 'NONE',  ( -1.013859724571285925, 1.026800486635979670, 0.07119400962301036806 ) ) ;
#6308 = CARTESIAN_POINT ( 'NONE',  ( -1.237462271925847013, 1.122579053304445074, 0.1329161623562688521 ) ) ;
#6309 = ORIENTED_EDGE ( 'NONE', *, *, #2566, .F. ) ;
#6310 = DIRECTION ( 'NONE',  ( 0.000000000000000000, 0.000000000000000000, -1.000000000000000000 ) ) ;
#6311 = APPLICATION_PROTOCOL_DEFINITION ( 'international standard', 'config_control_design', 1994, #4311 ) ;
#6312 = EDGE_CURVE ( 'NONE', #2497, #7716, #2886, .T. ) ;
#6313 = EDGE_CURVE ( 'NONE', #2271, #5038, #3662, .T. ) ;
#6314 = CARTESIAN_POINT ( 'NONE',  ( -0.4731022353665231273, 0.8257645961625269537, 0.1280990607238623735 ) ) ;
#6315 = B_SPLINE_CURVE_WITH_KNOTS ( 'NONE', 3,
 ( #3720, #2304, #273, #4967, #5824, #2949, #8626, #4365, #5742, #1513, #3083, #94, #2902, #2221, #7752, #1469, #8538, #2355, #4278, #3582, #7059 ),
 .UNSPECIFIED., .F., .F.,
 ( 4, 1, 2, 2, 2, 2, 2, 2, 2, 2, 4 ),
 ( 0.000000000000000000, 0.06250000000003903822, 0.09375000000003491651, 0.1250000000000308087, 0.2500000000000265343, 0.3750000000000222045, 0.5000000000000178746, 0.7500000000000093259, 0.8125000000000079936, 0.8750000000000066613, 1.000000000000000000 ),
 .UNSPECIFIED. ) ;
#6316 = CARTESIAN_POINT ( 'NONE',  ( -0.4907336499717762646, 0.8596356620126940351, 0.1326144836261561877 ) ) ;
#6317 = ORIENTED_EDGE ( 'NONE', *, *, #4015, .F. ) ;
#6318 = ORIENTED_EDGE ( 'NONE', *, *, #7519, .F. ) ;
#6319 = CARTESIAN_POINT ( 'NONE',  ( -1.356933877044828929, 0.07356057973822549556, 0.1119005693299095633 ) ) ;
#6320 = DIRECTION ( 'NONE',  ( 1.000000000000000000, 0.000000000000000000, 0.000000000000000000 ) ) ;
#6321 = FACE_OUTER_BOUND ( 'NONE', #4327, .T. ) ;
#6322 = ORIENTED_EDGE ( 'NONE', *, *, #5087, .T. ) ;
#6323 = CARTESIAN_POINT ( 'NONE',  ( -0.4814415350188769871, 0.8424431965176923942, 0.09562002405017050455 ) ) ;
#6324 = CARTESIAN_POINT ( 'NONE',  ( -1.174276106458238988, 1.143958513374787378, 0.1060352313025713228 ) ) ;
#6325 = ORIENTED_EDGE ( 'NONE', *, *, #7079, .T. ) ;
#6326 = LINE ( 'NONE', #4696, #6848 ) ;
#6327 = CARTESIAN_POINT ( 'NONE',  ( -1.359511828746043038, 1.056233622789713333, 0.1130988956088266606 ) ) ;
#6328 = CARTESIAN_POINT ( 'NONE',  ( -0.4860874344210585063, 0.8512062135097238080, 0.1091756391694203715 ) ) ;
#6329 = ORIENTED_EDGE ( 'NONE', *, *, #8896, .F. ) ;
#6330 = CARTESIAN_POINT ( 'NONE',  ( -1.339478755764129225, 0.06183603555833737386, 0.03763767458479108652 ) ) ;
#6331 = FACE_BOUND ( 'NONE', #2164, .T. ) ;
#6332 = DIRECTION ( 'NONE',  ( 1.000000000000000000, -1.603864418221765955E-16, 0.000000000000000000 ) ) ;
#6333 = ORIENTED_EDGE ( 'NONE', *, *, #2983, .F. ) ;
#6334 = ORIENTED_EDGE ( 'NONE', *, *, #5089, .F. ) ;
#6335 = CARTESIAN_POINT ( 'NONE',  ( -1.355317825160750500, 1.059162820960974027, 0.1554039114933865318 ) ) ;
#6337 = EDGE_CURVE ( 'NONE', #7080, #7073, #7125, .T. ) ;
#6336 = CARTESIAN_POINT ( 'NONE',  ( -0.4897682495523205670, 0.8579104769044412215, 0.1085221264762200460 ) ) ;
#6338 = CARTESIAN_POINT ( 'NONE',  ( -1.332370803481249144, 1.074279995007357380, 0.1483863888133881703 ) ) ;
#6339 = CARTESIAN_POINT ( 'NONE',  ( -1.336812294223269193, 1.071469981958295348, 0.1383991096512864338 ) ) ;
#6340 = ORIENTED_EDGE ( 'NONE', *, *, #5087, .F. ) ;
#6341 = ORIENTED_EDGE ( 'NONE', *, *, #463, .T. ) ;
#6342 = CARTESIAN_POINT ( 'NONE',  ( -0.6424080168483703446, 1.036994320243476597, 0.09560345844190808184 ) ) ;
#6343 = CARTESIAN_POINT ( 'NONE',  ( -1.013859724571285925, 0.5658004866359794827, 0.06071363472395938099 ) ) ;
#6344 = VERTEX_POINT ( 'NONE', #5762 ) ;
#6345 = CARTESIAN_POINT ( 'NONE',  ( -1.176132202569085461, 1.143440298295310464, 0.1220586064708090862 ) ) ;
#6346 = ORIENTED_EDGE ( 'NONE', *, *, #4464, .T. ) ;
#6347 = CARTESIAN_POINT ( 'NONE',  ( -1.254522552569096394, 0.01618073963123299597, 0.08156832227987613482 ) ) ;
#6348 = VERTEX_POINT ( 'NONE', #2141 ) ;
#6349 = ORIENTED_EDGE ( 'NONE', *, *, #3664, .F. ) ;
#6350 = CARTESIAN_POINT ( 'NONE',  ( -0.4870241535622505391, 0.8529316085980096496, 0.1328195537108719515 ) ) ;
#6351 = CARTESIAN_POINT ( 'NONE',  ( -1.387762796709815172, 1.035052289998278585, 0.1032007874699607669 ) ) ;
#6352 = CARTESIAN_POINT ( 'NONE',  ( -0.6727219001682599453, 1.059384303997904508, 0.1556034584419080935 ) ) ;
#6353 = CARTESIAN_POINT ( 'NONE',  ( -0.9476889450103276324, 1.162141234987960070, 0.01497596664266743344 ) ) ;
#6354 = CARTESIAN_POINT ( 'NONE',  ( -0.7413660995252709940, 1.100353780807179715, 0.1486803815188311728 ) ) ;
#6355 = VERTEX_POINT ( 'NONE', #4204 ) ;
#6356 = ORIENTED_EDGE ( 'NONE', *, *, #6583, .T. ) ;
#6357 = EDGE_CURVE ( 'NONE', #5373, #7100, #5219, .T. ) ;
#6358 = CARTESIAN_POINT ( 'NONE',  ( -1.390900322179227322, 1.032534540921315358, 0.1486619826744278727 ) ) ;
#6359 = CARTESIAN_POINT ( 'NONE',  ( -1.302807257915195027, 0.03995871209089220388, 0.09460314888661090771 ) ) ;
#6360 = CARTESIAN_POINT ( 'NONE',  ( -1.013859724571285925, 0.5658004866359794827, 0.1456034584419080014 ) ) ;
#6361 = ORIENTED_EDGE ( 'NONE', *, *, #7936, .T. ) ;
#6362 = CARTESIAN_POINT ( 'NONE',  ( -1.388988551036753227, 1.034074639500786263, 0.1207387084560074819 ) ) ;
#6363 = EDGE_CURVE ( 'NONE', #2780, #6438, #4367, .T. ) ;
#6364 = CARTESIAN_POINT ( 'NONE',  ( -1.271468652821680756, 0.02391401214901571481, 0.04013962291805531213 ) ) ;
#6365 = ADVANCED_FACE ( 'NONE', ( #5036 ), #6985, .T. ) ;
#6366 = VERTEX_POINT ( 'NONE', #7816 ) ;
#6367 = CARTESIAN_POINT ( 'NONE',  ( -0.4822560378874793385, 0.8440050347311968126, 0.1025792521511464939 ) ) ;
#6368 = FACE_OUTER_BOUND ( 'NONE', #2866, .T. ) ;
#6369 = B_SPLINE_CURVE_WITH_KNOTS ( 'NONE', 3,
 ( #3802, #5179, #343, #7914 ),
 .UNSPECIFIED., .F., .F.,
 ( 4, 4 ),
 ( 0.000000000000000000, 1.000000000000000000 ),
 .UNSPECIFIED. ) ;
#6370 = ORIENTED_EDGE ( 'NONE', *, *, #746, .T. ) ;
#6371 = DIRECTION ( 'NONE',  ( -0.2403028831366839924, 0.9706979573256541149, 0.000000000000000000 ) ) ;
#6372 = CARTESIAN_POINT ( 'NONE',  ( -1.358016281911903045, 1.057284223945215818, 0.1160121122880619499 ) ) ;
#6373 = CARTESIAN_POINT ( 'NONE',  ( -0.4854749764484694863, 0.8500707065873274182, 0.1066371122880619415 ) ) ;
#6374 = VERTEX_POINT ( 'NONE', #7078 ) ;
#6375 = B_SPLINE_CURVE_WITH_KNOTS ( 'NONE', 3,
 ( #2547, #4611, #8175, #1844, #1106, #8785, #2642, #1064, #3878, #3196 ),
 .UNSPECIFIED., .F., .F.,
 ( 4, 2, 2, 2, 4 ),
 ( 0.000000000000000000, 0.2499999999999916733, 0.3749999999999875100, 0.4999999999999833467, 1.000000000000000000 ),
 .UNSPECIFIED. ) ;
#6376 = CARTESIAN_POINT ( 'NONE',  ( -1.286622272694402769, 0.03138436380529226188, 0.1022137270181145557 ) ) ;
#6377 = DIRECTION ( 'NONE',  ( 0.000000000000000000, -1.000000000000000000, 0.000000000000000000 ) ) ;
#6378 = CARTESIAN_POINT ( 'NONE',  ( -0.6913539057546760347, 1.071755030132693243, 0.1133041371093992805 ) ) ;
#6379 = ORIENTED_EDGE ( 'NONE', *, *, #3930, .F. ) ;
#6380 = ORIENTED_EDGE ( 'NONE', *, *, #1485, .F. ) ;
#6381 = CARTESIAN_POINT ( 'NONE',  ( -0.4817406708794479409, 0.8430175725057047487, 0.1025265353649850164 ) ) ;
#6382 = LINE ( 'NONE', #2273, #1263 ) ;
#6383 = CARTESIAN_POINT ( 'NONE',  ( -1.347942741225164553, 1.064186419406402129, 0.1563726892111388656 ) ) ;
#6384 = EDGE_CURVE ( 'NONE', #6452, #7929, #1514, .T. ) ;
#6385 = AXIS2_PLACEMENT_3D ( 'NONE', #7188, #272, #90 ) ;
#6386 = AXIS2_PLACEMENT_3D ( 'NONE', #594, #5556, #6186 ) ;
#6387 = CONICAL_SURFACE ( 'NONE', #3612, 0.4921259842519685179, 0.7853981633974509435 ) ;
#6388 = CARTESIAN_POINT ( 'NONE',  ( -1.198717129883510424, 1.136613713270779646, 0.1025265353649850164 ) ) ;
#6389 = ORIENTED_EDGE ( 'NONE', *, *, #1200, .F. ) ;
#6390 = ORIENTED_EDGE ( 'NONE', *, *, #4994, .F. ) ;
#6391 = CARTESIAN_POINT ( 'NONE',  ( -1.180037645144978331, -0.01072782898590167976, 0.1405635154506982287 ) ) ;
#6392 = LINE ( 'NONE', #1212, #3917 ) ;
#6393 = CIRCLE ( 'NONE', #660, 0.4510000000000001230 ) ;
#6394 = CARTESIAN_POINT ( 'NONE',  ( -0.5668929395242652269, 0.9660764099573129204, 0.1049753727322548652 ) ) ;
#6395 = DIRECTION ( 'NONE',  ( 0.000000000000000000, 0.000000000000000000, 1.000000000000000000 ) ) ;
#6396 = VERTEX_POINT ( 'NONE', #7858 ) ;
#6397 = VERTEX_POINT ( 'NONE', #2930 ) ;
#6398 = CIRCLE ( 'NONE', #2163, 0.6000000000000000888 ) ;
#6399 = DIRECTION ( 'NONE',  ( 0.000000000000000000, 0.000000000000000000, -1.000000000000000000 ) ) ;
#6400 = CARTESIAN_POINT ( 'NONE',  ( -0.5600925797317182209, 0.5881504279527658419, 0.07789086438735937090 ) ) ;
#6401 = CARTESIAN_POINT ( 'NONE',  ( -1.221895916749574207, 1.128580673402899359, 0.1203030534718696754 ) ) ;
#6402 = CARTESIAN_POINT ( 'NONE',  ( -1.314917206702033825, 1.084803755445820306, 0.1305714364271272909 ) ) ;
#6403 = ORIENTED_EDGE ( 'NONE', *, *, #8197, .T. ) ;
#6404 = CARTESIAN_POINT ( 'NONE',  ( -1.474588977421597225, 0.5501754866359794827, 0.09619988270054566359 ) ) ;
#6405 = AXIS2_PLACEMENT_3D ( 'NONE', #6967, #9050, #3268 ) ;
#6406 = VECTOR ( 'NONE', #8811, 39.37007874015748143 ) ;
#6407 = CARTESIAN_POINT ( 'NONE',  ( -0.4734212578841741625, 0.8264271980658861594, 0.1371279686515409491 ) ) ;
#6408 = EDGE_CURVE ( 'NONE', #6020, #7768, #6863, .T. ) ;
#6409 = DIRECTION ( 'NONE',  ( -0.000000000000000000, -0.000000000000000000, 1.000000000000000000 ) ) ;
#6410 = VERTEX_POINT ( 'NONE', #2787 ) ;
#6411 = AXIS2_PLACEMENT_3D ( 'NONE', #7495, #5353, #3987 ) ;
#6412 = CIRCLE ( 'NONE', #5248, 0.5999999999999998668 ) ;
#6413 = CARTESIAN_POINT ( 'NONE',  ( -1.374825937030188294, 1.045074309438110971, 0.1410531285820252889 ) ) ;
#6414 = EDGE_CURVE ( 'NONE', #3548, #4372, #7548, .T. ) ;
#6415 = CARTESIAN_POINT ( 'NONE',  ( -1.013859724571285925, 0.5658004866359794827, 0.1556034584419080935 ) ) ;
#6416 = ORIENTED_EDGE ( 'NONE', *, *, #1428, .T. ) ;
#6417 = CARTESIAN_POINT ( 'NONE',  ( -0.4797801742983175965, 0.8392228097975117374, 0.09599052236341572286 ) ) ;
#6418 = CARTESIAN_POINT ( 'NONE',  ( -0.9206205199817503182, 1.158511781681869524, 0.07153736741503505248 ) ) ;
#6419 = ORIENTED_EDGE ( 'NONE', *, *, #5002, .F. ) ;
#6420 = CYLINDRICAL_SURFACE ( 'NONE', #8918, 0.5999999999999998668 ) ;
#6421 = AXIS2_PLACEMENT_3D ( 'NONE', #4789, #1840, #49 ) ;
#6422 = CARTESIAN_POINT ( 'NONE',  ( -1.308072324145134191, 0.04288658717259918179, 0.06738923204287465551 ) ) ;
#6423 = CIRCLE ( 'NONE', #4818, 0.5999999999999997558 ) ;
#6424 = ADVANCED_FACE ( 'NONE', ( #3516 ), #2195, .T. ) ;
#6425 = CARTESIAN_POINT ( 'NONE',  ( -1.253373396727025302, 0.01567922641930842229, 0.07417579188287670711 ) ) ;
#6426 = ORIENTED_EDGE ( 'NONE', *, *, #7830, .F. ) ;
#6427 = CARTESIAN_POINT ( 'NONE',  ( -1.044906430328475189, 1.165021509518656240, 0.1099383943393440338 ) ) ;
#6428 = CARTESIAN_POINT ( 'NONE',  ( -1.013859724571285925, 0.5658004866359794827, 0.1183753219856936989 ) ) ;
#6429 = CARTESIAN_POINT ( 'NONE',  ( -1.376648651188621564, 1.043696077052344462, 0.1130695297542208405 ) ) ;
#6430 = ORIENTED_EDGE ( 'NONE', *, *, #5472, .F. ) ;
#6431 = VERTEX_POINT ( 'NONE', #7169 ) ;
#6432 = CARTESIAN_POINT ( 'NONE',  ( -0.4808499561305899506, 0.8413011193870710835, 0.1026981396485087544 ) ) ;
#6433 = CARTESIAN_POINT ( 'NONE',  ( -1.320627858457355863, 0.05015204822851375421, 0.06551103106572729595 ) ) ;
#6434 = CARTESIAN_POINT ( 'NONE',  ( -1.343738279636785826, 1.066979417120979212, 0.1559697914865781077 ) ) ;
#6435 = EDGE_CURVE ( 'NONE', #4926, #4017, #7083, .T. ) ;
#6436 = CIRCLE ( 'NONE', #6568, 0.4921259842519685179 ) ;
#6437 = CARTESIAN_POINT ( 'NONE',  ( -1.330933115657106258, 1.075177031703906882, 0.1125265353649850114 ) ) ;
#6438 = VERTEX_POINT ( 'NONE', #5574 ) ;
#6439 = ORIENTED_EDGE ( 'NONE', *, *, #5002, .T. ) ;
#6440 = CARTESIAN_POINT ( 'NONE',  ( -0.6984956394709911365, 1.076237059237773686, 0.1111076652628020661 ) ) ;
#6441 = ADVANCED_FACE ( 'NONE', ( #8373, #2092 ), #4893, .T. ) ;
#6442 = CARTESIAN_POINT ( 'NONE',  ( -1.013859724571285925, 0.5658004866359794827, 0.08119400962301026592 ) ) ;
#6443 = AXIS2_PLACEMENT_3D ( 'NONE', #7758, #7194, #7841 ) ;
#6444 = CARTESIAN_POINT ( 'NONE',  ( -1.181325935433291452, 1.141956102010751151, 0.1238330666055379170 ) ) ;
#6445 = CARTESIAN_POINT ( 'NONE',  ( -1.130305633304587332, 1.154392323428909739, 0.06507259473706368536 ) ) ;
#6446 = EDGE_LOOP ( 'NONE', ( #7170, #6780, #7991, #1226 ) ) ;
#6447 = EDGE_LOOP ( 'NONE', ( #8809, #98, #413, #7284 ) ) ;
#6448 = CARTESIAN_POINT ( 'NONE',  ( -0.4870365950720421666, 0.8529544361597004576, 0.1324521878082026427 ) ) ;
#6449 = CARTESIAN_POINT ( 'NONE',  ( -0.5531304717209751809, 0.5814254866359794827, 0.07119988270054497526 ) ) ;
#6450 = CARTESIAN_POINT ( 'NONE',  ( -1.298132998171974251, 0.03741715411728234464, 0.1374595839662992314 ) ) ;
#6451 = DIRECTION ( 'NONE',  ( 1.000000000000000000, 0.000000000000000000, 0.000000000000000000 ) ) ;
#6452 = VERTEX_POINT ( 'NONE', #3443 ) ;
#6453 = VERTEX_POINT ( 'NONE', #8258 ) ;
#6454 = CARTESIAN_POINT ( 'NONE',  ( -0.9693639412439718495, -0.03254734303008405966, 0.1456034584419080014 ) ) ;
#6455 = DIRECTION ( 'NONE',  ( -0.000000000000000000, -0.000000000000000000, 1.000000000000000000 ) ) ;
#6456 = ADVANCED_FACE ( 'NONE', ( #3360 ), #2674, .T. ) ;
#6457 = B_SPLINE_CURVE_WITH_KNOTS ( 'NONE', 3,
 ( #1644, #1735, #4544, #7324 ),
 .UNSPECIFIED., .F., .F.,
 ( 4, 4 ),
 ( 0.000000000000000000, 2.110276125006135159E-07 ),
 .UNSPECIFIED. ) ;
#6458 = CARTESIAN_POINT ( 'NONE',  ( -1.294404866782521646, 0.03542841017298459932, 0.08953193557409988568 ) ) ;
#6459 = CARTESIAN_POINT ( 'NONE',  ( -1.013859724571285925, 0.5658004866359794827, 0.1556034584419080935 ) ) ;
#6460 = CARTESIAN_POINT ( 'NONE',  ( -1.178400687748279552, 1.142798122191609034, 0.1030553815188311878 ) ) ;
#6461 = CARTESIAN_POINT ( 'NONE',  ( -0.4806061087171727420, 0.8408293889568743129, 0.1491851932630342270 ) ) ;
#6462 = CARTESIAN_POINT ( 'NONE',  ( -0.4963597245712860206, 0.5658004866359794827, 0.3656034584419079470 ) ) ;
#6463 = VERTEX_POINT ( 'NONE', #6922 ) ;
#6464 = CARTESIAN_POINT ( 'NONE',  ( -0.4731920044793960778, 0.8259514884394610901, 0.1184613975658553309 ) ) ;
#6465 = CARTESIAN_POINT ( 'NONE',  ( -1.074646033860207073, -0.03111242544000451457, 0.03554692555714249885 ) ) ;
#6466 = FACE_OUTER_BOUND ( 'NONE', #256, .T. ) ;
#6467 = DIRECTION ( 'NONE',  ( -0.8660254037844339337, 1.060575238724901245E-16, 0.5000000000000079936 ) ) ;
#6468 = ORIENTED_EDGE ( 'NONE', *, *, #6195, .T. ) ;
#6469 = B_SPLINE_CURVE_WITH_KNOTS ( 'NONE', 3,
 ( #5165, #1837, #1014, #1708, #3829, #1662, #7384, #3869, #7433, #4470, #6614, #5884, #5842, #7250, #8687, #2412, #4563, #4881, #5469, #553, #5512, #3365, #599 ),
 .UNSPECIFIED., .F., .F.,
 ( 4, 1, 1, 2, 2, 1, 2, 2, 2, 2, 2, 2, 4 ),
 ( 0.000000000000000000, 0.1249999999999813483, 0.1874999999999771294, 0.2187499999999809042, 0.2499999999999846789, 0.3750000000000245359, 0.4375000000000348055, 0.5000000000000450751, 0.6250000000000394129, 0.7500000000000337508, 0.8125000000000308642, 0.8750000000000279776, 1.000000000000000000 ),
 .UNSPECIFIED. ) ;
#6470 = CARTESIAN_POINT ( 'NONE',  ( -1.011662460066755864, 1.165798766659542407, 0.02832623775828075480 ) ) ;
#6471 = CARTESIAN_POINT ( 'NONE',  ( -0.9381558896388316748, 1.161005551651528744, 0.01476813399370455020 ) ) ;
#6472 = CARTESIAN_POINT ( 'NONE',  ( -0.6914797713355540498, 1.071835236565690685, 0.1146294641225006211 ) ) ;
#6473 = VERTEX_POINT ( 'NONE', #496 ) ;
#6474 = VERTEX_POINT ( 'NONE', #3404 ) ;
#6475 = CARTESIAN_POINT ( 'NONE',  ( -0.4802197922276949527, 0.8400786294738804560, 0.1030627717935552468 ) ) ;
#6476 = DIRECTION ( 'NONE',  ( 0.000000000000000000, 0.000000000000000000, -1.000000000000000000 ) ) ;
#6477 = EDGE_CURVE ( 'NONE', #5696, #1148, #5133, .T. ) ;
#6478 = CARTESIAN_POINT ( 'NONE',  ( -0.9394782165616443192, 1.161172137634608692, 0.004865542768712575843 ) ) ;
#6479 = CARTESIAN_POINT ( 'NONE',  ( -0.5531304717209751809, 0.5814254866359794827, 0.1511940096230103281 ) ) ;
#6480 = ORIENTED_EDGE ( 'NONE', *, *, #6246, .T. ) ;
#6481 = CARTESIAN_POINT ( 'NONE',  ( -0.8945670138092116641, -0.02222401634259187422, 0.05887121124411554690 ) ) ;
#6482 = CARTESIAN_POINT ( 'NONE',  ( -1.366456028775234977, 1.051265060392413853, 0.1139744285122363671 ) ) ;
#6483 = CARTESIAN_POINT ( 'NONE',  ( -1.037247464036160638, -0.03374351812323998778, 0.1405604821509479629 ) ) ;
#6484 = EDGE_CURVE ( 'NONE', #4850, #5928, #3155, .T. ) ;
#6485 = B_SPLINE_CURVE_WITH_KNOTS ( 'NONE', 3,
 ( #5821, #1775, #3808, #4583 ),
 .UNSPECIFIED., .F., .F.,
 ( 4, 4 ),
 ( 0.000000000000000000, 1.000000000000000000 ),
 .UNSPECIFIED. ) ;
#6486 = DIRECTION ( 'NONE',  ( -0.01831786621108940499, 0.9998322138126340963, 0.000000000000000000 ) ) ;
#6487 = VERTEX_POINT ( 'NONE', #8401 ) ;
#6488 = CARTESIAN_POINT ( 'NONE',  ( -1.339436573060046154, 0.06181554894297277419, 0.08295484034400074647 ) ) ;
#6489 = DIRECTION ( 'NONE',  ( 0.000000000000000000, 0.000000000000000000, 1.000000000000000000 ) ) ;
#6490 = CARTESIAN_POINT ( 'NONE',  ( -0.6764387495084857038, 1.061932618774709125, 0.1669123816829295726 ) ) ;
#6491 = CARTESIAN_POINT ( 'NONE',  ( -1.308719729556673261, 0.04325137175775373849, 0.1022137270181145557 ) ) ;
#6492 = ORIENTED_EDGE ( 'NONE', *, *, #3129, .F. ) ;
#6493 = ADVANCED_FACE ( 'NONE', ( #4144 ), #1330, .F. ) ;
#6494 = DIRECTION ( 'NONE',  ( 1.000000000000000000, 0.000000000000000000, 0.000000000000000000 ) ) ;
#6495 = LENGTH_MEASURE_WITH_UNIT ( LENGTH_MEASURE( 0.02539999999999999897 ), #5773 );
#6496 = CARTESIAN_POINT ( 'NONE',  ( -0.5755982745788392752, 0.9755913061543189935, 0.1546551257076005104 ) ) ;
#6497 = CARTESIAN_POINT ( 'NONE',  ( -1.474592895057560860, 0.5501754866359794827, 0.07119596731552976787 ) ) ;
#6498 = CARTESIAN_POINT ( 'NONE',  ( -1.384914970136988943, 1.037306823208373752, 0.1547068805806448843 ) ) ;
#6499 = CARTESIAN_POINT ( 'NONE',  ( -0.4766912312146269204, 0.8331018513671392123, 0.1357180587135485561 ) ) ;
#6500 = CARTESIAN_POINT ( 'NONE',  ( -1.280705161234913181, 0.02840535789430359212, 0.04963619700999517131 ) ) ;
#6501 = CARTESIAN_POINT ( 'NONE',  ( -0.8622291709191474141, 1.146324538850136854, 0.05137995082972858507 ) ) ;
#6502 = CYLINDRICAL_SURFACE ( 'NONE', #3488, 0.5999999999999998668 ) ;
#6503 = CARTESIAN_POINT ( 'NONE',  ( -0.9169098516944623745, 1.157915950754701440, 0.05098203854232011278 ) ) ;
#6504 = CARTESIAN_POINT ( 'NONE',  ( -1.256764258688034319, 0.01716561660204879436, 0.09692033136247404923 ) ) ;
#6505 = CARTESIAN_POINT ( 'NONE',  ( -0.4871295368026755668, 0.8531248839524002703, 0.1259880738265234945 ) ) ;
#6506 = ORIENTED_EDGE ( 'NONE', *, *, #8081, .T. ) ;
#6507 = CARTESIAN_POINT ( 'NONE',  ( -1.017420941571568482, 1.165790352968215204, 0.03176695977353853617 ) ) ;
#6508 = CARTESIAN_POINT ( 'NONE',  ( -0.9270510856543242584, 1.159487491891597610, 0.04567603289436539260 ) ) ;
#6509 = CARTESIAN_POINT ( 'NONE',  ( -1.381980049997140858, 1.039601550064999769, 0.1229099566420476103 ) ) ;
#6510 = VERTEX_POINT ( 'NONE', #6879 ) ;
#6511 = VERTEX_POINT ( 'NONE', #5424 ) ;
#6512 = CARTESIAN_POINT ( 'NONE',  ( -1.013859724571285925, 0.5658004866359794827, 0.1556034584419080935 ) ) ;
#6513 = CARTESIAN_POINT ( 'NONE',  ( -1.531123786124957142, 0.5501754866359794827, 0.08849400962301103013 ) ) ;
#6514 = CARTESIAN_POINT ( 'NONE',  ( -0.9176588406965403566, 1.158038100993805664, 0.03143186791667406527 ) ) ;
#6515 = CARTESIAN_POINT ( 'NONE',  ( -0.5098597245712859216, 0.5658004866359794827, -0.05707603348240248425 ) ) ;
#6516 = ORIENTED_EDGE ( 'NONE', *, *, #1495, .F. ) ;
#6517 = EDGE_CURVE ( 'NONE', #1235, #6771, #5356, .T. ) ;
#6518 = CARTESIAN_POINT ( 'NONE',  ( -0.9987478365051776219, -0.03400976527457257037, 0.05934229541783773293 ) ) ;
#6519 = CYLINDRICAL_SURFACE ( 'NONE', #5690, 0.5340000000000000302 ) ;
#6520 = DIRECTION ( 'NONE',  ( -0.1951361484315040917, 0.9807761638494881806, 0.000000000000000000 ) ) ;
#6521 = CARTESIAN_POINT ( 'NONE',  ( -1.203850033456510094, -0.003324879632030892668, 0.1336924820605659703 ) ) ;
#6522 = LINE ( 'NONE', #5887, #4628 ) ;
#6523 = ORIENTED_EDGE ( 'NONE', *, *, #6688, .F. ) ;
#6524 = CIRCLE ( 'NONE', #6078, 0.5074999999999998401 ) ;
#6525 = EDGE_LOOP ( 'NONE', ( #5068, #4203, #7889, #1501, #8759, #4958, #4886, #7909, #3066, #8962, #7751, #3098, #3652, #5516 ) ) ;
#6526 = ADVANCED_FACE ( 'NONE', ( #5507, #8305, #8211, #4922, #7703, #1420 ), #4834, .T. ) ;
#6527 = CARTESIAN_POINT ( 'NONE',  ( -1.037312059005413012, -0.03374099483931402438, 0.03554692555714249885 ) ) ;
#6528 = CARTESIAN_POINT ( 'NONE',  ( -1.013859724571285925, 0.5658004866359794827, 0.08560345844190808684 ) ) ;
#6529 = CARTESIAN_POINT ( 'NONE',  ( -1.323308046893279410, 0.05174672648193880814, 0.07323200843693465634 ) ) ;
#6530 = VECTOR ( 'NONE', #4739, 39.37007874015748143 ) ;
#6531 = CARTESIAN_POINT ( 'NONE',  ( -0.5032654075860959475, 0.5814254866359794827, 0.07696066304091932209 ) ) ;
#6532 = ORIENTED_EDGE ( 'NONE', *, *, #7877, .T. ) ;
#6533 = CARTESIAN_POINT ( 'NONE',  ( -0.7059122691554183815, 1.080745547432164333, 0.1214895050424881495 ) ) ;
#6534 = PLANE ( 'NONE',  #8914 ) ;
#6535 = DATE_TIME_ROLE ( 'classification_date' ) ;
#6536 = VECTOR ( 'NONE', #1624, 39.37007874015748143 ) ;
#6537 = CARTESIAN_POINT ( 'NONE',  ( -0.4801533030030754046, 0.8399491666045730831, 0.1561287104744617515 ) ) ;
#6538 = EDGE_CURVE ( 'NONE', #3447, #6995, #3024, .T. ) ;
#6539 = CARTESIAN_POINT ( 'NONE',  ( -1.237167863477908636, 1.122698873021797716, 0.09561543833568211803 ) ) ;
#6540 = B_SPLINE_CURVE_WITH_KNOTS ( 'NONE', 3,
 ( #7857, #6249, #3602, #3459, #2927, #6394, #4941, #118, #1386, #7813, #1531, #8554, #9061, #4338, #7123, #3659, #2280, #7722, #1577, #7168, #5572 ),
 .UNSPECIFIED., .F., .F.,
 ( 4, 2, 2, 2, 1, 2, 2, 1, 1, 2, 2, 4 ),
 ( 0.000000000000000000, 0.1249999999999963918, 0.1874999999999938105, 0.2499999999999912292, 0.3749999999999860667, 0.4374999999999844014, 0.4999999999999826805, 0.6249999999999812372, 0.6874999999999813483, 0.7187499999999814593, 0.7499999999999815703, 1.000000000000000000 ),
 .UNSPECIFIED. ) ;
#6541 = CARTESIAN_POINT ( 'NONE',  ( -1.431791712062925104, 0.9963035108196526268, 0.1144496122880619277 ) ) ;
#6542 = CARTESIAN_POINT ( 'NONE',  ( -0.4765896165336284129, 0.8328975309835384699, 0.1334076549001104173 ) ) ;
#6543 = CONICAL_SURFACE ( 'NONE', #6244, 0.5999999999999998668, 0.7853981633974482790 ) ;
#6544 = CARTESIAN_POINT ( 'NONE',  ( -1.002941681389471817, -0.03410785906897616931, 0.03575410569785178461 ) ) ;
#6545 = DIRECTION ( 'NONE',  ( -0.000000000000000000, -0.000000000000000000, 1.000000000000000000 ) ) ;
#6546 = DIRECTION ( 'NONE',  ( 0.000000000000000000, -1.000000000000000000, 0.000000000000000000 ) ) ;
#6547 = CARTESIAN_POINT ( 'NONE',  ( -0.9276448197167445064, 1.159574591021030887, 0.08181214488877378010 ) ) ;
#6548 = DIRECTION ( 'NONE',  ( 0.000000000000000000, 0.000000000000000000, -1.000000000000000000 ) ) ;
#6549 = CIRCLE ( 'NONE', #4368, 0.5999999999999997558 ) ;
#6550 = CARTESIAN_POINT ( 'NONE',  ( -1.226345109247442444, 1.126916002818978191, 0.1357901435375038490 ) ) ;
#6551 = VERTEX_POINT ( 'NONE', #4875 ) ;
#6552 = CARTESIAN_POINT ( 'NONE',  ( -1.028221784252685289, -0.03403545465195252639, 0.08832737756106866234 ) ) ;
#6553 = CARTESIAN_POINT ( 'NONE',  ( -0.5566048889399928257, 0.5468194266794446090, 0.07455855284873937061 ) ) ;
#6554 = CARTESIAN_POINT ( 'NONE',  ( -0.6954706687449762059, 1.074355704021497049, 0.1390409584419080857 ) ) ;
#6555 = ORIENTED_EDGE ( 'NONE', *, *, #9003, .F. ) ;
#6556 = CARTESIAN_POINT ( 'NONE',  ( -1.368519503155413819, 1.049759618644723780, 0.1348342276726773314 ) ) ;
#6557 = CARTESIAN_POINT ( 'NONE',  ( -1.013859724571285925, 0.5501754866359795937, 0.07119400962301036806 ) ) ;
#6558 = CIRCLE ( 'NONE', #1279, 0.4610000000000001319 ) ;
#6559 = CIRCLE ( 'NONE', #8906, 0.5999999999999999778 ) ;
#6560 = CARTESIAN_POINT ( 'NONE',  ( -0.9417166671271945955, 1.161447996872602140, 0.004733866883828653262 ) ) ;
#6561 = DIRECTION ( 'NONE',  ( -0.000000000000000000, -0.000000000000000000, 1.000000000000000000 ) ) ;
#6562 = EDGE_LOOP ( 'NONE', ( #7859, #3346, #1023, #2834, #1309, #7093, #8842, #2974, #2867, #63 ) ) ;
#6563 = VECTOR ( 'NONE', #6310, 39.37007874015748143 ) ;
#6564 = CARTESIAN_POINT ( 'NONE',  ( -1.177663798862836453, -0.01141206396315928503, 0.1349298013980903543 ) ) ;
#6565 = CARTESIAN_POINT ( 'NONE',  ( -1.309536809432785720, 0.04371326996272436455, 0.1073717295122763177 ) ) ;
#6566 = CARTESIAN_POINT ( 'NONE',  ( -1.366631307693271902, 1.051137700371327810, 0.1121919291472054797 ) ) ;
#6567 = CARTESIAN_POINT ( 'NONE',  ( -1.284337405047060399, 1.101379216016976414, 0.09875634592202868489 ) ) ;
#6568 = AXIS2_PLACEMENT_3D ( 'NONE', #7618, #5465, #4186 ) ;
#6569 = CARTESIAN_POINT ( 'NONE',  ( -1.524454041556476680, 0.5814254866359793716, 0.07696066304092000210 ) ) ;
#6571 = ORIENTED_EDGE ( 'NONE', *, *, #3903, .T. ) ;
#6570 = EDGE_CURVE ( 'NONE', #2819, #6835, #3904, .T. ) ;
#6572 = DIRECTION ( 'NONE',  ( 1.000000000000000000, 1.283091534577412468E-16, 0.000000000000000000 ) ) ;
#6573 = FACE_OUTER_BOUND ( 'NONE', #2416, .T. ) ;
#6574 = EDGE_CURVE ( 'NONE', #4932, #7903, #6858, .T. ) ;
#6575 = AXIS2_PLACEMENT_3D ( 'NONE', #4727, #1406, #1223 ) ;
#6576 = CARTESIAN_POINT ( 'NONE',  ( -1.300676466976137258, 1.092807332184237312, 0.09500134751257550969 ) ) ;
#6577 = LINE ( 'NONE', #851, #3960 ) ;
#6578 = ORIENTED_EDGE ( 'NONE', *, *, #5672, .F. ) ;
#6579 = CARTESIAN_POINT ( 'NONE',  ( -1.013859724571285925, 1.083300486635979443, 0.3756034584419081224 ) ) ;
#6580 = CARTESIAN_POINT ( 'NONE',  ( -1.280787174345634716, 0.02844589543323982131, 0.1329092577003254672 ) ) ;
#6581 = EDGE_CURVE ( 'NONE', #3412, #3778, #3152, .T. ) ;
#6582 = EDGE_CURVE ( 'NONE', #1006, #5450, #7254, .T. ) ;
#6583 = EDGE_CURVE ( 'NONE', #406, #2459, #9026, .T. ) ;
#6584 = AXIS2_PLACEMENT_3D ( 'NONE', #942, #3805, #2346 ) ;
#6585 = CARTESIAN_POINT ( 'NONE',  ( -0.5727376673421952225, 0.9725086790347383658, 0.1532721494825446673 ) ) ;
#6586 = DIRECTION ( 'NONE',  ( 0.000000000000000000, 0.000000000000000000, 1.000000000000000000 ) ) ;
#6587 = CARTESIAN_POINT ( 'NONE',  ( -0.4764708681428856951, 0.8326585331449356531, 0.1259880738265234945 ) ) ;
#6588 = DIRECTION ( 'NONE',  ( -1.000000000000000000, 0.000000000000000000, 0.000000000000000000 ) ) ;
#6589 = CARTESIAN_POINT ( 'NONE',  ( -0.7237023272452166589, 1.090975395382543178, 0.1025265353649850164 ) ) ;
#6590 = CARTESIAN_POINT ( 'NONE',  ( -0.5531285129029899217, 0.5814254866359794827, 0.07119792500804061897 ) ) ;
#6591 = CARTESIAN_POINT ( 'NONE',  ( -1.284516227259371757, 0.03031282440735331984, 0.1320000191525014244 ) ) ;
#6592 = CARTESIAN_POINT ( 'NONE',  ( -1.013859724571285925, 0.5658004866359794827, 0.08849400962301035012 ) ) ;
#6593 = CARTESIAN_POINT ( 'NONE',  ( -1.361082317529860974, 1.055123001893576218, 0.1388795565198198689 ) ) ;
#6594 = CARTESIAN_POINT ( 'NONE',  ( -1.327347364130913476, 0.05420862879515676164, 0.1215721044072545082 ) ) ;
#6595 = ADVANCED_FACE ( 'NONE', ( #1033 ), #3844, .T. ) ;
#6596 = EDGE_CURVE ( 'NONE', #9022, #7497, #8061, .T. ) ;
#6597 = CARTESIAN_POINT ( 'NONE',  ( -1.224428529458423842, 1.127637454455294952, 0.1390409584419080857 ) ) ;
#6598 = ORIENTED_EDGE ( 'NONE', *, *, #4021, .T. ) ;
#6599 = VERTEX_POINT ( 'NONE', #6587 ) ;
#6600 = CARTESIAN_POINT ( 'NONE',  ( -1.343715017158973568, 1.066994589345160005, 0.1219095041368779692 ) ) ;
#6601 = CARTESIAN_POINT ( 'NONE',  ( -0.9273439495775357422, 1.159530241240967374, 0.03662738511718725831 ) ) ;
#6602 = CARTESIAN_POINT ( 'NONE',  ( -0.9563484814004389323, 1.163037990094061280, 0.008822883046689362560 ) ) ;
#6603 = EDGE_LOOP ( 'NONE', ( #1510, #4034, #4467, #1992, #581, #5046, #7493, #8152 ) ) ;
#6604 = CARTESIAN_POINT ( 'NONE',  ( -1.013859724571285925, 0.5658004866359794827, 0.1956034584419080458 ) ) ;
#6605 = CARTESIAN_POINT ( 'NONE',  ( -0.5788113760155912946, 0.9789989251768096423, 0.1027912822336000398 ) ) ;
#6606 = CARTESIAN_POINT ( 'NONE',  ( -0.9186447835956182972, 1.158197488499754790, 0.02636104815624159409 ) ) ;
#6607 = EDGE_CURVE ( 'NONE', #7632, #6463, #8584, .T. ) ;
#6608 = EDGE_CURVE ( 'NONE', #455, #2663, #4627, .T. ) ;
#6609 = CARTESIAN_POINT ( 'NONE',  ( -1.164229562466922330, 1.146652371809488091, 0.1097228545190847837 ) ) ;
#6610 = ORIENTED_EDGE ( 'NONE', *, *, #1085, .T. ) ;
#6611 = B_SPLINE_CURVE_WITH_KNOTS ( 'NONE', 3,
 ( #4492, #6590, #8094, #3807 ),
 .UNSPECIFIED., .F., .F.,
 ( 4, 4 ),
 ( 0.000000000000000000, 2.110276125024536685E-07 ),
 .UNSPECIFIED. ) ;
#6612 = EDGE_CURVE ( 'NONE', #1138, #1590, #618, .T. ) ;
#6613 = CARTESIAN_POINT ( 'NONE',  ( -0.7081792858498809906, 1.082094462373726529, 0.1025265353649850164 ) ) ;
#6614 = CARTESIAN_POINT ( 'NONE',  ( -0.5776589697579481708, 0.9777822687930189938, 0.1481015404272647551 ) ) ;
#6615 = LINE ( 'NONE', #3053, #6680 ) ;
#6616 = CARTESIAN_POINT ( 'NONE',  ( -1.013859724571285925, 0.5658004866359794827, 0.3756034584419081224 ) ) ;
#6617 = CARTESIAN_POINT ( 'NONE',  ( -1.297683673184985231, 1.094425085187094915, 0.1494496122880619726 ) ) ;
#6618 = ORIENTED_EDGE ( 'NONE', *, *, #8382, .T. ) ;
#6619 = CARTESIAN_POINT ( 'NONE',  ( -1.349275599859037778, 0.06831045307883748530, 0.08933596664159866585 ) ) ;
#6620 = CARTESIAN_POINT ( 'NONE',  ( -1.464125022619656269, 0.5400679901886431544, 0.1511940096230110220 ) ) ;
#6621 = CARTESIAN_POINT ( 'NONE',  ( -1.303511036930514955, 0.04033876302190528285, 0.1403678449788293703 ) ) ;
#6622 = ORIENTED_EDGE ( 'NONE', *, *, #1666, .F. ) ;
#6623 = CARTESIAN_POINT ( 'NONE',  ( -0.7024394854776502273, 1.078652845036207841, 0.1203329035145832004 ) ) ;
#6624 = CARTESIAN_POINT ( 'NONE',  ( -1.265538423751550567, 0.02113529223620086439, 0.1436440654416186180 ) ) ;
#6625 = PERSON_AND_ORGANIZATION_ROLE ( 'creator' ) ;
#6626 = CARTESIAN_POINT ( 'NONE',  ( -0.5632380970634587314, 0.9619572091867861774, 0.1252789392111388622 ) ) ;
#6627 = CARTESIAN_POINT ( 'NONE',  ( -1.221412525480841449, 1.128758649804535663, 0.1040310670813871519 ) ) ;
#6628 = CARTESIAN_POINT ( 'NONE',  ( -1.356217773366368951, 0.07306211358300268577, 0.05598215115501987277 ) ) ;
#6629 = EDGE_CURVE ( 'NONE', #2622, #6974, #3383, .T. ) ;
#6630 = CARTESIAN_POINT ( 'NONE',  ( -0.9317756791430212848, -0.02855888044426111577, 0.1259407223560373434 ) ) ;
#6631 = CARTESIAN_POINT ( 'NONE',  ( -1.317821302942629780, 0.04849268766712452883, 0.1163700113352243715 ) ) ;
#6632 = CARTESIAN_POINT ( 'NONE',  ( -1.323488071966441026, 0.05186133734308671223, 0.1014675766605726004 ) ) ;
#6633 = CARTESIAN_POINT ( 'NONE',  ( -0.6206982585819100784, 1.019139103939714630, 0.1254512148521645387 ) ) ;
#6634 = DIRECTION ( 'NONE',  ( -0.000000000000000000, -0.000000000000000000, 1.000000000000000000 ) ) ;
#6635 = CARTESIAN_POINT ( 'NONE',  ( -1.351195829531598447, 1.061990384377466068, 0.1491637347146912707 ) ) ;
#6636 = CARTESIAN_POINT ( 'NONE',  ( -1.330268960250815313, 0.05601109168251763859, 0.1204145509540223702 ) ) ;
#6637 = LINE ( 'NONE', #8803, #7002 ) ;
#6638 = ORIENTED_EDGE ( 'NONE', *, *, #367, .F. ) ;
#6639 = VERTEX_POINT ( 'NONE', #1256 ) ;
#6640 = EDGE_CURVE ( 'NONE', #826, #4989, #6077, .T. ) ;
#6641 = EDGE_CURVE ( 'NONE', #6223, #5213, #5309, .T. ) ;
#6642 = CARTESIAN_POINT ( 'NONE',  ( -0.5689726362373732638, 0.9683864789391001260, 0.1209663837922837909 ) ) ;
#6643 = CARTESIAN_POINT ( 'NONE',  ( -0.9453017321326383504, 1.161870818801443495, 0.07700830265081884396 ) ) ;
#6644 = CARTESIAN_POINT ( 'NONE',  ( -0.9652784613776759226, 1.163830653141555427, 0.02212801761761384184 ) ) ;
#6645 = VERTEX_POINT ( 'NONE', #8184 ) ;
#6646 = DIRECTION ( 'NONE',  ( -0.000000000000000000, -0.000000000000000000, 1.000000000000000000 ) ) ;
#6647 = CARTESIAN_POINT ( 'NONE',  ( -1.329472356983210313, 0.05551738942457410536, 0.1142890640531752655 ) ) ;
#6648 = CARTESIAN_POINT ( 'NONE',  ( -1.013859724571285925, 0.5658004866359794827, 0.1279111507496004108 ) ) ;
#6649 = CARTESIAN_POINT ( 'NONE',  ( -1.164007292158822038, 1.146709866787088972, 0.1128510545957542438 ) ) ;
#6650 = EDGE_LOOP ( 'NONE', ( #4075, #5301, #8013, #751 ) ) ;
#6651 = CARTESIAN_POINT ( 'NONE',  ( -0.8618177382445494361, -0.01461594527832375638, 0.09465679132843816956 ) ) ;
#6652 = CARTESIAN_POINT ( 'NONE',  ( -1.310110918870621255, 0.04403872032534992403, 0.1099804353091292236 ) ) ;
#6653 = CARTESIAN_POINT ( 'NONE',  ( -1.013859724571285925, 0.5658004866359794827, 0.1556034584419080935 ) ) ;
#6654 = CARTESIAN_POINT ( 'NONE',  ( -1.272898877170220988, 1.107001745365747025, 0.1178284218821137458 ) ) ;
#6655 = CARTESIAN_POINT ( 'NONE',  ( -1.030293715053264281, 1.165575381039569924, 0.09560345844190808184 ) ) ;
#6656 = ORIENTED_EDGE ( 'NONE', *, *, #1368, .F. ) ;
#6657 = CARTESIAN_POINT ( 'NONE',  ( -1.340583670750900680, 0.06255927604770805672, 0.08349571854604177779 ) ) ;
#6658 = DIRECTION ( 'NONE',  ( 0.01555551241722418106, 0.9998790056969081297, 0.000000000000000000 ) ) ;
#6659 = CARTESIAN_POINT ( 'NONE',  ( -1.285120229937641634, 0.03061668959512832758, 0.1244907726487693017 ) ) ;
#6660 = ORIENTED_EDGE ( 'NONE', *, *, #2232, .T. ) ;
#6661 = CARTESIAN_POINT ( 'NONE',  ( -0.6990142248199843200, 1.076557119989644429, 0.1156193036234137578 ) ) ;
#6662 = CARTESIAN_POINT ( 'NONE',  ( -0.7447982982898140314, 1.102089540120553046, 0.1279111507496004108 ) ) ;
#6663 = DATE_AND_TIME ( #5177, #4215 ) ;
#6664 = B_SPLINE_CURVE_WITH_KNOTS ( 'NONE', 3,
 ( #706, #3520, #29, #3193, #6488, #6657, #7988, #2376, #8692, #5128, #7257, #7946, #252, #7904, #5170, #6619, #1669, #891, #1583, #7347, #7173, #1020, #5808 ),
 .UNSPECIFIED., .F., .F.,
 ( 4, 2, 1, 1, 2, 2, 2, 1, 2, 2, 2, 2, 4 ),
 ( 0.000000000000000000, 0.1250000000000547062, 0.1875000000000820177, 0.2187500000000880962, 0.2343750000000828504, 0.2500000000000775491, 0.3750000000000635048, 0.4375000000000567879, 0.4687500000000539568, 0.5000000000000510703, 0.6250000000000386358, 0.7500000000000260902, 1.000000000000000000 ),
 .UNSPECIFIED. ) ;
#6665 = CARTESIAN_POINT ( 'NONE',  ( -0.5636888810120043170, 0.9624694602066051763, 0.1336906004532810721 ) ) ;
#6666 = CARTESIAN_POINT ( 'NONE',  ( -1.223305875633196926, 1.128057740684933252, 0.1006888144683309172 ) ) ;
#6667 = CARTESIAN_POINT ( 'NONE',  ( -1.386164363211373374, 1.036320846914899896, 0.1193718699705902525 ) ) ;
#6668 = FACE_OUTER_BOUND ( 'NONE', #6603, .T. ) ;
#6669 = CARTESIAN_POINT ( 'NONE',  ( -0.7026787811759035440, 1.078799230319844593, 0.1410566699141331815 ) ) ;
#6670 = CARTESIAN_POINT ( 'NONE',  ( -1.333451207439011466, 0.05799956905540266938, 0.1068574730015056373 ) ) ;
#6671 = VERTEX_POINT ( 'NONE', #7450 ) ;
#6672 = CARTESIAN_POINT ( 'NONE',  ( -1.297861681863428762, 0.03726703972619745814, 0.1441862950335728033 ) ) ;
#6673 = CARTESIAN_POINT ( 'NONE',  ( -1.013859724571285925, 0.5658004866359794827, 0.3756034584419081224 ) ) ;
#6674 = CARTESIAN_POINT ( 'NONE',  ( -1.354861536457537374, 1.059482186789148628, 0.1479313752269812710 ) ) ;
#6675 = CARTESIAN_POINT ( 'NONE',  ( -1.320566211193374029, 0.05011361727337055455, 0.07683963354445821903 ) ) ;
#6676 = EDGE_CURVE ( 'NONE', #6722, #7809, #92, .T. ) ;
#6677 = CYLINDRICAL_SURFACE ( 'NONE', #5398, 0.4921259842519685179 ) ;
#6678 = ORIENTED_EDGE ( 'NONE', *, *, #277, .T. ) ;
#6679 = VERTEX_POINT ( 'NONE', #1166 ) ;
#6680 = VECTOR ( 'NONE', #7166, 39.37007874015748854 ) ;
#6681 = CARTESIAN_POINT ( 'NONE',  ( -1.013859724571285925, 0.5658004866359794827, 0.2556034584419079603 ) ) ;
#6682 = FACE_OUTER_BOUND ( 'NONE', #5195, .T. ) ;
#6683 = B_SPLINE_CURVE_WITH_KNOTS ( 'NONE', 3,
 ( #6373, #4371, #52, #186, #7103, #6328, #8444, #7150, #3684, #3584, #7837, #2996, #5648, #5785, #2306, #2223, #5104, #7192, #2173, #2861, #1471, #3721, #6505 ),
 .UNSPECIFIED., .F., .F.,
 ( 4, 2, 2, 1, 2, 2, 2, 2, 1, 1, 2, 2, 4 ),
 ( 0.000000000000000000, 0.06249999999999443501, 0.1249999999999888700, 0.1874999999999832911, 0.2187499999999846234, 0.2499999999999859557, 0.3749999999999927836, 0.4999999999999996669, 0.6250000000000065503, 0.6875000000000086597, 0.7187500000000095479, 0.7500000000000103251, 1.000000000000000000 ),
 .UNSPECIFIED. ) ;
#6684 = DIRECTION ( 'NONE',  ( 0.000000000000000000, 0.000000000000000000, 1.000000000000000000 ) ) ;
#6685 = VERTEX_POINT ( 'NONE', #4711 ) ;
#6686 = CARTESIAN_POINT ( 'NONE',  ( -1.013859724571285925, 0.5658004866359794827, 0.3656034584419080580 ) ) ;
#6687 = CARTESIAN_POINT ( 'NONE',  ( -0.5760645243169749685, 0.9760876035362013869, 0.1036201328055258719 ) ) ;
#6688 = EDGE_CURVE ( 'NONE', #4979, #4256, #1833, .T. ) ;
#6689 = EDGE_CURVE ( 'NONE', #8420, #5853, #1208, .T. ) ;
#6690 = CARTESIAN_POINT ( 'NONE',  ( -0.8403211099020428954, -0.008558046539262164146, 0.06304072567056621945 ) ) ;
#6691 = EDGE_CURVE ( 'NONE', #7515, #2337, #1677, .T. ) ;
#6692 = CIRCLE ( 'NONE', #6111, 0.5999999999999998668 ) ;
#6693 = EDGE_CURVE ( 'NONE', #7604, #2833, #7115, .T. ) ;
#6694 = CARTESIAN_POINT ( 'NONE',  ( -1.174776915028515223, 1.143819257640912079, 0.09674089704011040736 ) ) ;
#6695 = ORIENTED_EDGE ( 'NONE', *, *, #472, .T. ) ;
#6696 = AXIS2_PLACEMENT_3D ( 'NONE', #7931, #3042, #3906 ) ;
#6697 = CARTESIAN_POINT ( 'NONE',  ( -0.7004282207968290930, 1.077427194898045393, 0.1054477702269307621 ) ) ;
#6698 = DIRECTION ( 'NONE',  ( -0.3080956755203744235, 0.9513553777246671617, 0.000000000000000000 ) ) ;
#6699 = CARTESIAN_POINT ( 'NONE',  ( -1.503680232646974479, 0.5658004866359795937, 0.3756034584419081224 ) ) ;
#6700 = FACE_OUTER_BOUND ( 'NONE', #1290, .T. ) ;
#6701 = CARTESIAN_POINT ( 'NONE',  ( -0.8758288355131317315, 1.149707600043288647, 0.01490762854523292047 ) ) ;
#6702 = CIRCLE ( 'NONE', #2929, 0.5999999999999998668 ) ;
#6703 = AXIS2_PLACEMENT_3D ( 'NONE', #2436, #3896, #1740 ) ;
#6704 = ORIENTED_EDGE ( 'NONE', *, *, #7534, .T. ) ;
#6705 = CARTESIAN_POINT ( 'NONE',  ( -1.032489079131433618, -0.03391373632008484046, 0.1090538807519081527 ) ) ;
#6706 = CARTESIAN_POINT ( 'NONE',  ( -1.297819027204538234, 0.03724837485486019728, 0.04019280498350655956 ) ) ;
#6707 = CARTESIAN_POINT ( 'NONE',  ( -0.6769651231832299887, 1.062290255035165387, 0.1622410697668683621 ) ) ;
#6708 = CIRCLE ( 'NONE', #8334, 0.5999999999999999778 ) ;
#6709 = VERTEX_POINT ( 'NONE', #6025 ) ;
#6710 = CARTESIAN_POINT ( 'NONE',  ( -0.7000226514821988877, 1.077177595996206882, 0.1179298560759288045 ) ) ;
#6711 = CARTESIAN_POINT ( 'NONE',  ( -1.437436479406436041, 0.9907511695607734703, 0.1124304678101016725 ) ) ;
#6712 = COORDINATED_UNIVERSAL_TIME_OFFSET ( 5, 0, .BEHIND. ) ;
#6713 = ORIENTED_EDGE ( 'NONE', *, *, #5305, .F. ) ;
#6714 = CARTESIAN_POINT ( 'NONE',  ( -1.300687515483233581, 1.092801438814202664, 0.1561985907188593869 ) ) ;
#6715 = AXIS2_PLACEMENT_3D ( 'NONE', #875, #4420, #824 ) ;
#6716 = CARTESIAN_POINT ( 'NONE',  ( -1.376560176714389350, 1.043763228852425673, 0.1103637594723598236 ) ) ;
#6717 = CARTESIAN_POINT ( 'NONE',  ( -1.383275283483201390, 1.038592350780354723, 0.1130774354701821333 ) ) ;
#6718 = CARTESIAN_POINT ( 'NONE',  ( -0.9048769295997732831, -0.02421939779743024351, 0.03747449773310140148 ) ) ;
#6719 = EDGE_CURVE ( 'NONE', #1821, #6126, #4579, .T. ) ;
#6720 = CARTESIAN_POINT ( 'NONE',  ( -0.5705062442677399925, 0.9700750190106388615, 0.09959036604454467312 ) ) ;
#6721 = CARTESIAN_POINT ( 'NONE',  ( -1.281650534210121872, 0.02886756087156588935, 0.09732262100492002077 ) ) ;
#6722 = VERTEX_POINT ( 'NONE', #5484 ) ;
#6723 = CARTESIAN_POINT ( 'NONE',  ( -1.344892745472442419, 1.066217929633858974, 0.1297716148455748675 ) ) ;
#6724 = CARTESIAN_POINT ( 'NONE',  ( -1.283562454005535924, 0.02983358585233005650, 0.08258064572534891401 ) ) ;
#6725 = CARTESIAN_POINT ( 'NONE',  ( -1.358910855499227965, 1.056658986538550282, 0.1444364421848282620 ) ) ;
#6726 = CIRCLE ( 'NONE', #577, 0.5999999999999998668 ) ;
#6727 = FACE_OUTER_BOUND ( 'NONE', #3001, .T. ) ;
#6728 = DIRECTION ( 'NONE',  ( 0.000000000000000000, 0.000000000000000000, -1.000000000000000000 ) ) ;
#6729 = ORIENTED_EDGE ( 'NONE', *, *, #4525, .T. ) ;
#6730 = VERTEX_POINT ( 'NONE', #7356 ) ;
#6731 = CARTESIAN_POINT ( 'NONE',  ( -1.352156336612394316, 1.061336977226493117, 0.1192261202649785301 ) ) ;
#6732 = CARTESIAN_POINT ( 'NONE',  ( -1.181757424805051970, 1.141830319117916881, 0.09569495662863997110 ) ) ;
#6733 = CARTESIAN_POINT ( 'NONE',  ( -0.9675893137822899615, 1.164013703978249437, 0.03315235929734856868 ) ) ;
#6734 = ORIENTED_EDGE ( 'NONE', *, *, #7051, .T. ) ;
#6735 = CARTESIAN_POINT ( 'NONE',  ( -0.7413660995252709940, 1.100353780807179715, 0.1486803815188311728 ) ) ;
#6736 = CARTESIAN_POINT ( 'NONE',  ( -1.325192446000246882, 0.05289506280465831878, 0.1175654474301397467 ) ) ;
#6737 = FACE_OUTER_BOUND ( 'NONE', #4197, .T. ) ;
#6738 = CARTESIAN_POINT ( 'NONE',  ( -1.164105360959624802, 1.146684519193531537, 0.1105921526343693756 ) ) ;
#6739 = ORIENTED_EDGE ( 'NONE', *, *, #3747, .F. ) ;
#6740 = B_SPLINE_CURVE_WITH_KNOTS ( 'NONE', 3,
 ( #6655, #5207, #7984, #930 ),
 .UNSPECIFIED., .F., .F.,
 ( 4, 4 ),
 ( 0.000000000000000000, 1.000000000000000000 ),
 .UNSPECIFIED. ) ;
#6741 = LINE ( 'NONE', #1189, #4637 ) ;
#6742 = ADVANCED_FACE ( 'NONE', ( #1071 ), #8831, .T. ) ;
#6743 = CARTESIAN_POINT ( 'NONE',  ( -0.4817018035229067019, 0.8429429537273055439, 0.1563726892111388656 ) ) ;
#6744 = CARTESIAN_POINT ( 'NONE',  ( -1.219807033094952198, 1.129347916859787304, 0.1117813430572927036 ) ) ;
#6745 = CARTESIAN_POINT ( 'NONE',  ( -1.272287153228995216, 1.107294036637916479, 0.1244095658644502750 ) ) ;
#6746 = CARTESIAN_POINT ( 'NONE',  ( -1.329814464216963366, 0.05572928915063586619, 0.1121388720251607629 ) ) ;
#6747 = EDGE_LOOP ( 'NONE', ( #3294, #4039, #8995, #5561 ) ) ;
#6748 = CARTESIAN_POINT ( 'NONE',  ( -0.6788759077021780941, 1.063581464174813807, 0.1646819102499179066 ) ) ;
#6749 = ORIENTED_EDGE ( 'NONE', *, *, #5089, .T. ) ;
#6750 = LINE ( 'NONE', #8125, #9063 ) ;
#6751 = CARTESIAN_POINT ( 'NONE',  ( -0.8868193226922902461, -0.02059591196348586548, 0.1232268226640045178 ) ) ;
#6752 = CARTESIAN_POINT ( 'NONE',  ( -1.387995079003854437, 1.034866299250388755, 0.1483919199803696298 ) ) ;
#6753 = CARTESIAN_POINT ( 'NONE',  ( -1.378877433165928146, 1.041996504872036988, 0.1021703068709320233 ) ) ;
#6754 = CARTESIAN_POINT ( 'NONE',  ( -1.294224694183136792, 1.096267771808050240, 0.1561358956994753355 ) ) ;
#6755 = CARTESIAN_POINT ( 'NONE',  ( -1.383579684765261941, 1.038354352931401658, 0.1150871115989405974 ) ) ;
#6756 = CARTESIAN_POINT ( 'NONE',  ( -0.7457369895044275721, 0.02904151005499381807, 0.06012531420792530112 ) ) ;
#6757 = CARTESIAN_POINT ( 'NONE',  ( -0.7061029576823666387, 1.080859487061584190, 0.1349210716139692678 ) ) ;
#6758 = DIRECTION ( 'NONE',  ( 0.7071067811865474617, 0.000000000000000000, 0.7071067811865474617 ) ) ;
#6759 = ORIENTED_EDGE ( 'NONE', *, *, #6821, .T. ) ;
#6760 = CARTESIAN_POINT ( 'NONE',  ( -1.349684013275129102, 0.06858370167507642223, 0.05300569990802362491 ) ) ;
#6761 = ADVANCED_FACE ( 'NONE', ( #1306 ), #2096, .T. ) ;
#6762 = LINE ( 'NONE', #1215, #549 ) ;
#6763 = CARTESIAN_POINT ( 'NONE',  ( -1.173607378471450913, 1.144143861945523533, 0.1292491155096857358 ) ) ;
#6764 = CARTESIAN_POINT ( 'NONE',  ( -1.332873098408109636, 0.05763666726938300455, 0.08044508436296068932 ) ) ;
#6765 = CARTESIAN_POINT ( 'NONE',  ( -0.4891184899313976153, 0.8567415808259498666, 0.1467833179276227529 ) ) ;
#6766 = ORIENTED_EDGE ( 'NONE', *, *, #209, .T. ) ;
#6767 = ORIENTED_EDGE ( 'NONE', *, *, #4134, .F. ) ;
#6768 = CARTESIAN_POINT ( 'NONE',  ( -0.5689034523827016798, 0.9683100093946624964, 0.1228214853240518906 ) ) ;
#6769 = CARTESIAN_POINT ( 'NONE',  ( -0.9456952089564617525, 1.161915943595502654, 0.07691400354945238105 ) ) ;
#6770 = DIRECTION ( 'NONE',  ( -0.000000000000000000, -0.000000000000000000, 1.000000000000000000 ) ) ;
#6771 = VERTEX_POINT ( 'NONE', #3465 ) ;
#6772 = CARTESIAN_POINT ( 'NONE',  ( -0.9463248383497647742, 1.161987763221163705, 0.08639637403115073278 ) ) ;
#6773 = CARTESIAN_POINT ( 'NONE',  ( -1.147271298881617163, -0.01919535685125213151, 0.09372700819993605437 ) ) ;
#6774 = CARTESIAN_POINT ( 'NONE',  ( -0.9656230795836837633, 1.163858576051568061, 0.06806684264622037128 ) ) ;
#6775 = DIRECTION ( 'NONE',  ( 0.000000000000000000, 0.000000000000000000, -1.000000000000000000 ) ) ;
#6776 = ORIENTED_EDGE ( 'NONE', *, *, #8229, .T. ) ;
#6777 = CARTESIAN_POINT ( 'NONE',  ( -1.013859724571285925, 0.5658004866359794827, 0.1511940096230103281 ) ) ;
#6778 = CARTESIAN_POINT ( 'NONE',  ( -0.8868193226922902461, -0.02059591196348586548, 0.1232268226640045178 ) ) ;
#6779 = FACE_OUTER_BOUND ( 'NONE', #2716, .T. ) ;
#6780 = ORIENTED_EDGE ( 'NONE', *, *, #1133, .T. ) ;
#6781 = CARTESIAN_POINT ( 'NONE',  ( -0.9424709996032216708, 1.161538390371702700, 0.07730685053592520339 ) ) ;
#6782 = CARTESIAN_POINT ( 'NONE',  ( -1.318937965215262853, 0.04915044348725821494, 0.05891999450843996011 ) ) ;
#6783 = CARTESIAN_POINT ( 'NONE',  ( -1.272265486764657894, 1.107304375878949365, 0.1256996122880619515 ) ) ;
#6784 = DIRECTION ( 'NONE',  ( -0.6484133194475362183, 0.7612884914163798866, 0.000000000000000000 ) ) ;
#6785 = ORIENTED_EDGE ( 'NONE', *, *, #51, .T. ) ;
#6786 = EDGE_CURVE ( 'NONE', #6671, #5495, #8423, .T. ) ;
#6787 = ORIENTED_EDGE ( 'NONE', *, *, #4587, .T. ) ;
#6788 = DIRECTION ( 'NONE',  ( 0.000000000000000000, 0.000000000000000000, -1.000000000000000000 ) ) ;
#6789 = ORIENTED_EDGE ( 'NONE', *, *, #8147, .F. ) ;
#6790 = CARTESIAN_POINT ( 'NONE',  ( -1.087680362886854990, 1.161241930741679695, 0.09560345844190808184 ) ) ;
#6791 = DIRECTION ( 'NONE',  ( -0.1472684802946964411, 0.9890965547972001559, 0.000000000000000000 ) ) ;
#6792 = EDGE_CURVE ( 'NONE', #5707, #6396, #6255, .T. ) ;
#6793 = ORIENTED_EDGE ( 'NONE', *, *, #2238, .F. ) ;
#6794 = CARTESIAN_POINT ( 'NONE',  ( -1.377121301947084486, 1.043336997775846209, 0.1064383604775324260 ) ) ;
#6795 = DIRECTION ( 'NONE',  ( -0.000000000000000000, -0.000000000000000000, 1.000000000000000000 ) ) ;
#6796 = CARTESIAN_POINT ( 'NONE',  ( -1.286358507126290851, 0.03124953291922076895, 0.09901428195391566434 ) ) ;
#6797 = CARTESIAN_POINT ( 'NONE',  ( -1.174375709040436533, -0.01233358895788600786, 0.1401907789261278570 ) ) ;
#6798 = CARTESIAN_POINT ( 'NONE',  ( -0.5750404244154138089, 0.9749922517815551304, 0.09660738697813901765 ) ) ;
#6799 = CARTESIAN_POINT ( 'NONE',  ( -1.029608105483312608, -0.03399328735580615241, 0.04820293484673474765 ) ) ;
#6800 = ORIENTED_EDGE ( 'NONE', *, *, #6607, .T. ) ;
#6801 = CARTESIAN_POINT ( 'NONE',  ( -1.340975084374592008, 0.06281212109148119616, 0.04434781191740142653 ) ) ;
#6802 = CARTESIAN_POINT ( 'NONE',  ( -0.7718107985655887626, 0.01679017942901233143, 0.07566380511256953767 ) ) ;
#6803 = CARTESIAN_POINT ( 'NONE',  ( -1.180717573998592895, 1.142132397425685175, 0.1308218271693155632 ) ) ;
#6804 = VERTEX_POINT ( 'NONE', #9072 ) ;
#6805 = EDGE_CURVE ( 'NONE', #8104, #5958, #4534, .T. ) ;
#6806 = VECTOR ( 'NONE', #7749, 39.37007874015748143 ) ;
#6807 = VECTOR ( 'NONE', #8473, 39.37007874015748143 ) ;
#6808 = CIRCLE ( 'NONE', #8585, 0.5999999999999998668 ) ;
#6809 = ORIENTED_EDGE ( 'NONE', *, *, #1428, .F. ) ;
#6810 = CARTESIAN_POINT ( 'NONE',  ( -1.314937838300682005, 1.084791786728988461, 0.1218475523735701727 ) ) ;
#6811 = ORIENTED_EDGE ( 'NONE', *, *, #8315, .F. ) ;
#6812 = EDGE_LOOP ( 'NONE', ( #5453, #4548, #5350, #916, #3036 ) ) ;
#6813 = CARTESIAN_POINT ( 'NONE',  ( -1.013859724571285925, 0.5658004866359794827, 0.1025265353649850164 ) ) ;
#6814 = CARTESIAN_POINT ( 'NONE',  ( -0.9578723676467323367, 1.163182627069516473, 0.05046895599565989071 ) ) ;
#6815 = CARTESIAN_POINT ( 'NONE',  ( -1.383898399553310510, 1.038104928184360842, 0.1306191076686689101 ) ) ;
#6816 = CIRCLE ( 'NONE', #2891, 0.5999999999999997558 ) ;
#6817 = VERTEX_POINT ( 'NONE', #799 ) ;
#6818 = CARTESIAN_POINT ( 'NONE',  ( -0.9492146391107195713, 1.162310312285679270, 0.08592342166628147426 ) ) ;
#6819 = FACE_BOUND ( 'NONE', #4821, .T. ) ;
#6820 = CARTESIAN_POINT ( 'NONE',  ( -0.9667581357101630024, 1.163948833323042775, 0.06326496494249055080 ) ) ;
#6821 = EDGE_CURVE ( 'NONE', #2959, #7977, #654, .T. ) ;
#6822 = VECTOR ( 'NONE', #8454, 39.37007874015748143 ) ;
#6823 = CARTESIAN_POINT ( 'NONE',  ( -1.280088901276195568, 1.103501170745585069, 0.1301515787936955715 ) ) ;
#6824 = VERTEX_POINT ( 'NONE', #2885 ) ;
#6825 = DIRECTION ( 'NONE',  ( 0.000000000000000000, -1.000000000000000000, 0.000000000000000000 ) ) ;
#6826 = CARTESIAN_POINT ( 'NONE',  ( -1.252899554484115718, 0.01547301479242893345, 0.1012415938060565734 ) ) ;
#6827 = CARTESIAN_POINT ( 'NONE',  ( -0.5005481629540793342, 0.8764630700123891005, 0.1556034584419080935 ) ) ;
#6828 = ORIENTED_EDGE ( 'NONE', *, *, #5759, .T. ) ;
#6829 = CARTESIAN_POINT ( 'NONE',  ( -0.5972228378753954292, 0.9975570206274819718, 0.1556034584419080935 ) ) ;
#6830 = CARTESIAN_POINT ( 'NONE',  ( -1.230380055040464660, 1.125371038859972694, 0.1190934618228751546 ) ) ;
#6831 = CIRCLE ( 'NONE', #6405, 0.4994999999999999440 ) ;
#6832 = VECTOR ( 'NONE', #2480, 39.37007874015748143 ) ;
#6833 = CARTESIAN_POINT ( 'NONE',  ( -1.008181715449937066, -0.03417264655129290812, 0.1372388876697148707 ) ) ;
#6834 = CARTESIAN_POINT ( 'NONE',  ( -1.013859724571285925, 0.5658004866359794827, 0.1005195239596940321 ) ) ;
#6835 = VERTEX_POINT ( 'NONE', #3566 ) ;
#6836 = VERTEX_POINT ( 'NONE', #4807 ) ;
#6837 = CIRCLE ( 'NONE', #2918, 0.5999999999999997558 ) ;
#6838 = AXIS2_PLACEMENT_3D ( 'NONE', #1643, #6545, #8707 ) ;
#6839 = CARTESIAN_POINT ( 'NONE',  ( -0.6787008445559113978, 1.063463582656734463, 0.1645431178371463410 ) ) ;
#6840 = ORIENTED_EDGE ( 'NONE', *, *, #5239, .T. ) ;
#6841 = CARTESIAN_POINT ( 'NONE',  ( -1.013859724571285925, 0.5658004866359794827, 0.1486803815188311728 ) ) ;
#6842 = DIRECTION ( 'NONE',  ( -0.4495802050941895001, -0.8932399673030010367, 0.000000000000000000 ) ) ;
#6843 = AXIS2_PLACEMENT_3D ( 'NONE', #7290, #917, #3728 ) ;
#6844 = AXIS2_PLACEMENT_3D ( 'NONE', #1547, #2892, #6265 ) ;
#6845 = ORIENTED_EDGE ( 'NONE', *, *, #3920, .T. ) ;
#6846 = CARTESIAN_POINT ( 'NONE',  ( -0.5725111527945133671, 0.9722627517081882109, 0.1440178814675170949 ) ) ;
#6847 = DIRECTION ( 'NONE',  ( 0.4034148766761618821, -0.9150171786782786976, 0.000000000000000000 ) ) ;
#6848 = VECTOR ( 'NONE', #8169, 39.37007874015748143 ) ;
#6849 = DIRECTION ( 'NONE',  ( -1.000000000000000000, 1.283091534577412468E-16, 0.000000000000000000 ) ) ;
#6850 = CARTESIAN_POINT ( 'NONE',  ( -1.381746640856023056, 1.039782791322702016, 0.1415673676303379758 ) ) ;
#6851 = DIRECTION ( 'NONE',  ( 0.3000623662694081872, 0.9539195858922300264, 0.000000000000000000 ) ) ;
#6852 = ORIENTED_EDGE ( 'NONE', *, *, #8230, .F. ) ;
#6853 = ADVANCED_FACE ( 'NONE', ( #3523 ), #3611, .T. ) ;
#6854 = CARTESIAN_POINT ( 'NONE',  ( -1.331894382635915752, 0.05702324997912893573, 0.04039107714369682967 ) ) ;
#6855 = CARTESIAN_POINT ( 'NONE',  ( -1.282836527108948577, 0.02946884826147692579, 0.07962399770342484806 ) ) ;
#6856 = FACE_OUTER_BOUND ( 'NONE', #3048, .T. ) ;
#6857 = ORIENTED_EDGE ( 'NONE', *, *, #4525, .F. ) ;
#6858 = B_SPLINE_CURVE_WITH_KNOTS ( 'NONE', 3,
 ( #344, #4282, #6427, #7800 ),
 .UNSPECIFIED., .F., .F.,
 ( 4, 4 ),
 ( 0.000000000000000000, 1.000000000000000000 ),
 .UNSPECIFIED. ) ;
#6859 = AXIS2_PLACEMENT_3D ( 'NONE', #8885, #4720, #2612 ) ;
#6860 = EDGE_CURVE ( 'NONE', #627, #1461, #2131, .T. ) ;
#6861 = ORIENTED_EDGE ( 'NONE', *, *, #6263, .F. ) ;
#6862 = B_SPLINE_CURVE_WITH_KNOTS ( 'NONE', 3,
 ( #4288, #684, #6148, #3550, #6968, #60, #4840, #2181, #3449, #5606, #7069, #7575, #3410, #3501, #6336, #8365, #7623, #6238, #2869, #5470, #6193, #1292, #2822, #4106, #9051, #9002, #2774, #2130, #2082, #4882, #829, #5112, #2365, #5793 ),
 .UNSPECIFIED., .F., .F.,
 ( 4, 1, 1, 2, 2, 1, 2, 2, 1, 1, 1, 2, 2, 1, 2, 2, 2, 1, 2, 2, 4 ),
 ( 0.000000000000000000, 0.06250000000000163758, 0.09375000000000194289, 0.1093750000000018457, 0.1250000000000017486, 0.1875000000000009714, 0.2187500000000000278, 0.2499999999999991118, 0.3749999999999921729, 0.4374999999999875655, 0.4687499999999842348, 0.4843749999999844014, 0.4999999999999845124, 0.6249999999999840128, 0.6874999999999837907, 0.7499999999999835687, 0.8749999999999755751, 0.9062499999999767963, 0.9218749999999817923, 0.9374999999999866773, 1.000000000000000000 ),
 .UNSPECIFIED. ) ;
#6863 = B_SPLINE_CURVE_WITH_KNOTS ( 'NONE', 3,
 ( #2880, #702, #7724, #5618, #6347, #8555, #8517, #2281, #5072, #3603 ),
 .UNSPECIFIED., .F., .F.,
 ( 4, 2, 2, 2, 4 ),
 ( 0.000000000000000000, 0.5000000000000303091, 0.6250000000000227596, 0.7500000000000152101, 1.000000000000000000 ),
 .UNSPECIFIED. ) ;
#6864 = B_SPLINE_CURVE_WITH_KNOTS ( 'NONE', 3,
 ( #4345, #6400, #7084, #6449 ),
 .UNSPECIFIED., .F., .F.,
 ( 4, 4 ),
 ( 0.000000000000000000, 0.0004483214460237739643 ),
 .UNSPECIFIED. ) ;
#6865 = CARTESIAN_POINT ( 'NONE',  ( -1.315112382081665254, 1.084690490724451006, 0.1264928815188311739 ) ) ;
#6866 = ORIENTED_EDGE ( 'NONE', *, *, #592, .F. ) ;
#6867 = EDGE_LOOP ( 'NONE', ( #1389, #4721, #5554, #450, #7022, #3398, #3273, #1341 ) ) ;
#6868 = CARTESIAN_POINT ( 'NONE',  ( -0.7134383331501995551, 1.085173263683153255, 0.1287682948660579252 ) ) ;
#6869 = CARTESIAN_POINT ( 'NONE',  ( -1.228055709440477816, 1.126264661647741416, 0.1091938710657368444 ) ) ;
#6870 = CIRCLE ( 'NONE', #5555, 0.5999999999999999778 ) ;
#6871 = CARTESIAN_POINT ( 'NONE',  ( -1.360318066637290269, 0.07593616284204104949, 0.1173834922955862142 ) ) ;
#6872 = VERTEX_POINT ( 'NONE', #8606 ) ;
#6873 = EDGE_CURVE ( 'NONE', #4804, #1460, #5784, .T. ) ;
#6874 = DIRECTION ( 'NONE',  ( 1.000000000000000000, 0.000000000000000000, 0.000000000000000000 ) ) ;
#6875 = CARTESIAN_POINT ( 'NONE',  ( -1.068974980533663022, -0.03166274115314687831, 0.04100553047936803669 ) ) ;
#6876 = CARTESIAN_POINT ( 'NONE',  ( -0.9679259425263435634, 1.164039642751770520, 0.05472785236384120067 ) ) ;
#6877 = CARTESIAN_POINT ( 'NONE',  ( -1.297683673184985231, 1.094425085187094915, 0.1494496122880619726 ) ) ;
#6878 = ORIENTED_EDGE ( 'NONE', *, *, #2109, .T. ) ;
#6879 = CARTESIAN_POINT ( 'NONE',  ( -1.474588977421597225, 0.5501754866359794827, 0.07119988270054565527 ) ) ;
#6880 = FACE_OUTER_BOUND ( 'NONE', #3190, .T. ) ;
#6881 = CARTESIAN_POINT ( 'NONE',  ( -1.376551955370016067, 1.043769466933390344, 0.1116183304759574973 ) ) ;
#6882 = CARTESIAN_POINT ( 'NONE',  ( -1.013859724571285925, 0.5658004866359794827, 0.1338940096230100962 ) ) ;
#6883 = ORIENTED_EDGE ( 'NONE', *, *, #367, .T. ) ;
#6884 = EDGE_CURVE ( 'NONE', #1842, #3827, #2060, .T. ) ;
#6885 = CARTESIAN_POINT ( 'NONE',  ( -0.9348918514571215033, 1.160582535607969978, 0.07488682030776036558 ) ) ;
#6886 = DIRECTION ( 'NONE',  ( -0.000000000000000000, -0.000000000000000000, -1.000000000000000000 ) ) ;
#6887 = EDGE_CURVE ( 'NONE', #3431, #1741, #3707, .T. ) ;
#6888 = CARTESIAN_POINT ( 'NONE',  ( -0.8765194247581414855, 1.149870387332776023, 0.01762922977524607887 ) ) ;
#6889 = EDGE_CURVE ( 'NONE', #7039, #6824, #1621, .T. ) ;
#6890 = EDGE_LOOP ( 'NONE', ( #8144, #8804, #5611, #3105, #6921, #6097 ) ) ;
#6891 = ORIENTED_EDGE ( 'NONE', *, *, #1251, .T. ) ;
#6892 = DIRECTION ( 'NONE',  ( -0.2769632009561540653, -0.9608805260364687850, 0.000000000000000000 ) ) ;
#6893 = VERTEX_POINT ( 'NONE', #5434 ) ;
#6894 = DIRECTION ( 'NONE',  ( -0.000000000000000000, -0.000000000000000000, 1.000000000000000000 ) ) ;
#6895 = CARTESIAN_POINT ( 'NONE',  ( -1.320496455124584578, 0.05007389678862277094, 0.1435199264540073794 ) ) ;
#6896 = ORIENTED_EDGE ( 'NONE', *, *, #5636, .T. ) ;
#6897 = CARTESIAN_POINT ( 'NONE',  ( -1.378312398131201544, 1.042428794444640872, 0.1032617050759412763 ) ) ;
#6898 = CARTESIAN_POINT ( 'NONE',  ( -1.272265486764657894, 1.107304375878949365, 0.1256996122880619515 ) ) ;
#6899 = CARTESIAN_POINT ( 'NONE',  ( -1.228820974648342501, 1.125971631203908752, 0.1262835730617548058 ) ) ;
#6900 = CARTESIAN_POINT ( 'NONE',  ( -1.381439207073514863, 1.040021241867781887, 0.1390885137490988355 ) ) ;
#6901 = DIRECTION ( 'NONE',  ( 8.659560562354934091E-17, 0.7071067811865475727, 0.7071067811865474617 ) ) ;
#6902 = ORIENTED_EDGE ( 'NONE', *, *, #1806, .F. ) ;
#6903 = CARTESIAN_POINT ( 'NONE',  ( -1.342159962590859790, 1.068014538327378249, 0.1308799007496004030 ) ) ;
#6904 = CARTESIAN_POINT ( 'NONE',  ( -1.013859724571285925, 0.5658004866359794827, 0.1209880738265234762 ) ) ;
#6905 = CARTESIAN_POINT ( 'NONE',  ( -0.8995310170951572593, -0.02320855865889241698, 0.1198564769073595382 ) ) ;
#6906 = ORIENTED_EDGE ( 'NONE', *, *, #3450, .F. ) ;
#6907 = CARTESIAN_POINT ( 'NONE',  ( -1.298438289169470350, 1.094020132537458334, 0.1017766994989358631 ) ) ;
#6908 = ORIENTED_EDGE ( 'NONE', *, *, #2409, .T. ) ;
#6909 = VERTEX_POINT ( 'NONE', #7391 ) ;
#6910 = FACE_OUTER_BOUND ( 'NONE', #522, .T. ) ;
#6911 = DIRECTION ( 'NONE',  ( -0.000000000000000000, -0.000000000000000000, 1.000000000000000000 ) ) ;
#6912 = CARTESIAN_POINT ( 'NONE',  ( -1.331429562609493411, 0.05670710945239274686, 0.1488467890524662052 ) ) ;
#6913 = ORIENTED_EDGE ( 'NONE', *, *, #1144, .T. ) ;
#6914 = CARTESIAN_POINT ( 'NONE',  ( -0.9573230587330175956, 1.163130902764667240, 0.03340869695859099292 ) ) ;
#6915 = FACE_BOUND ( 'NONE', #3950, .T. ) ;
#6916 = CARTESIAN_POINT ( 'NONE',  ( -0.8640119460978368249, -0.01518691793167802236, 0.03942708915513207235 ) ) ;
#6917 = EDGE_CURVE ( 'NONE', #8317, #7692, #7349, .T. ) ;
#6918 = EDGE_CURVE ( 'NONE', #6463, #7632, #1246, .T. ) ;
#6919 = CARTESIAN_POINT ( 'NONE',  ( -0.6072964997702857692, 1.007055905004311080, 0.09560345844190808184 ) ) ;
#6920 = EDGE_CURVE ( 'NONE', #6243, #3272, #6375, .T. ) ;
#6921 = ORIENTED_EDGE ( 'NONE', *, *, #7562, .T. ) ;
#6922 = CARTESIAN_POINT ( 'NONE',  ( -1.013859724571285925, 1.026800486635979226, 0.1511940096230103281 ) ) ;
#6923 = CARTESIAN_POINT ( 'NONE',  ( -1.349598184033759418, 1.063072732832934353, 0.09483422767267732367 ) ) ;
#6924 = CYLINDRICAL_SURFACE ( 'NONE', #8591, 0.5999999999999998668 ) ;
#6925 = CARTESIAN_POINT ( 'NONE',  ( -1.013863178103001195, 1.165801977726111271, 0.01932451563247709891 ) ) ;
#6926 = ORIENTED_EDGE ( 'NONE', *, *, #6918, .T. ) ;
#6927 = CARTESIAN_POINT ( 'NONE',  ( -1.327952945684939268, 0.05458091675574183732, 0.07189407639878719891 ) ) ;
#6928 = CARTESIAN_POINT ( 'NONE',  ( -0.8411173408736329904, -0.008795818262660241166, 0.1226380838613921193 ) ) ;
#6929 = CARTESIAN_POINT ( 'NONE',  ( -0.6916228037188824063, 1.071926328087496438, 0.1079880288189368626 ) ) ;
#6930 = CARTESIAN_POINT ( 'NONE',  ( -1.253595649472672324, 0.01577622688766925491, 0.07203895722577026428 ) ) ;
#6931 = EDGE_LOOP ( 'NONE', ( #2683, #2982, #2644, #7263, #1403 ) ) ;
#6932 = ORIENTED_EDGE ( 'NONE', *, *, #3327, .F. ) ;
#6933 = CARTESIAN_POINT ( 'NONE',  ( -1.005649848121413337, -0.03414356778682803989, 0.1166697419872463615 ) ) ;
#6934 = VERTEX_POINT ( 'NONE', #1159 ) ;
#6935 = CARTESIAN_POINT ( 'NONE',  ( -0.8868193226922902461, -0.02059591196348586548, 0.05780800708657005127 ) ) ;
#6936 = ORIENTED_EDGE ( 'NONE', *, *, #2135, .F. ) ;
#6937 = DIRECTION ( 'NONE',  ( -0.000000000000000000, -0.000000000000000000, 1.000000000000000000 ) ) ;
#6938 = DIRECTION ( 'NONE',  ( -1.000000000000000000, 0.000000000000000000, 0.000000000000000000 ) ) ;
#6939 = CARTESIAN_POINT ( 'NONE',  ( -1.228043842389406448, 1.126269246592162432, 0.1259184105394257902 ) ) ;
#6940 = CARTESIAN_POINT ( 'NONE',  ( -0.9432142345348671908, 1.161627322300235576, 0.01406188411926978347 ) ) ;
#6941 = CARTESIAN_POINT ( 'NONE',  ( -1.271937918433358350, 0.02414035147118177502, 0.1347922805815464364 ) ) ;
#6942 = ORIENTED_EDGE ( 'NONE', *, *, #2536, .F. ) ;
#6943 = CARTESIAN_POINT ( 'NONE',  ( -1.353950178896802692, 1.060107051354529872, 0.1023675267260460015 ) ) ;
#6944 = CARTESIAN_POINT ( 'NONE',  ( -0.8693740758672705571, 1.148143939693176518, 0.004711531358574759867 ) ) ;
#6945 = CARTESIAN_POINT ( 'NONE',  ( -0.4779092982256716859, 0.8355393455225975652, 0.1546957213084649285 ) ) ;
#6946 = CARTESIAN_POINT ( 'NONE',  ( -1.314676334624690579, 1.084943420910091438, 0.1192727694873586819 ) ) ;
#6947 = EDGE_LOOP ( 'NONE', ( #7579, #8601, #6857, #1240 ) ) ;
#6948 = ORIENTED_EDGE ( 'NONE', *, *, #7770, .T. ) ;
#6949 = CARTESIAN_POINT ( 'NONE',  ( -0.5736804452776688157, 0.9735287551017102192, 0.1055898109233402299 ) ) ;
#6950 = DIRECTION ( 'NONE',  ( 0.000000000000000000, 0.000000000000000000, 1.000000000000000000 ) ) ;
#6951 = CARTESIAN_POINT ( 'NONE',  ( -1.336332198782265168, 0.05982428158770011772, 0.1471455927171176070 ) ) ;
#6952 = ORIENTED_EDGE ( 'NONE', *, *, #5629, .T. ) ;
#6953 = CARTESIAN_POINT ( 'NONE',  ( -0.8756260621429297064, 1.149659591704696560, 0.01404521525280555232 ) ) ;
#6954 = FACE_BOUND ( 'NONE', #9055, .T. ) ;
#6955 = CIRCLE ( 'NONE', #817, 0.5999999999999997558 ) ;
#6956 = CONICAL_SURFACE ( 'NONE', #1695, 0.4994999999999999440, 0.8760580162247670888 ) ;
#6957 = PLANE ( 'NONE',  #5357 ) ;
#6958 = CC_DESIGN_DATE_AND_TIME_ASSIGNMENT ( #6663, #3882, ( #8319 ) ) ;
#6959 = CARTESIAN_POINT ( 'NONE',  ( -1.321815694054792489, 0.05086056697595404963, 0.1222437226731267479 ) ) ;
#6960 = ORIENTED_EDGE ( 'NONE', *, *, #1200, .T. ) ;
#6961 = AXIS2_PLACEMENT_3D ( 'NONE', #3868, #456, #1055 ) ;
#6962 = CARTESIAN_POINT ( 'NONE',  ( -1.310215051701291378, 0.04409793219518258478, 0.1188418157366555455 ) ) ;
#6963 = DIRECTION ( 'NONE',  ( -0.000000000000000000, -0.000000000000000000, 1.000000000000000000 ) ) ;
#6964 = CARTESIAN_POINT ( 'NONE',  ( -1.348442543915896685, 1.063852145639871738, 0.1017803279803496108 ) ) ;
#6965 = CARTESIAN_POINT ( 'NONE',  ( -1.359452240353910879, 1.056275575743506057, 0.1242332661342157862 ) ) ;
#6966 = VERTEX_POINT ( 'NONE', #1944 ) ;
#6967 = CARTESIAN_POINT ( 'NONE',  ( -1.013859724571285925, 0.5658004866359794827, 0.2706034573935184873 ) ) ;
#6968 = CARTESIAN_POINT ( 'NONE',  ( -0.4908064724589145666, 0.8597652728263310840, 0.1215924437142247572 ) ) ;
#6969 = EDGE_CURVE ( 'NONE', #5329, #3469, #1891, .T. ) ;
#6970 = CARTESIAN_POINT ( 'NONE',  ( -0.7015249375303552748, 1.078096753828172716, 0.09622848661941588166 ) ) ;
#6971 = VECTOR ( 'NONE', #284, 39.37007874015748143 ) ;
#6972 = CARTESIAN_POINT ( 'NONE',  ( -1.013859724571285925, 0.5658004866359794827, 0.1025265353649850164 ) ) ;
#6973 = ORIENTED_EDGE ( 'NONE', *, *, #2964, .F. ) ;
#6974 = VERTEX_POINT ( 'NONE', #425 ) ;
#6975 = B_SPLINE_CURVE_WITH_KNOTS ( 'NONE', 3,
 ( #5819, #5143, #4448, #7227, #268, #3076, #6059, #1345, #1947, #5479, #1202, #8274, #3377, #3322, #5390, #6156, #1995, #7529, #7584, #6935 ),
 .UNSPECIFIED., .F., .F.,
 ( 4, 1, 1, 2, 2, 1, 1, 2, 2, 2, 2, 4 ),
 ( 0.000000000000000000, 0.1250000000000030809, 0.1875000000000051903, 0.2187500000000062172, 0.2500000000000072720, 0.3750000000000134337, 0.4375000000000162093, 0.4687500000000175970, 0.5000000000000189848, 0.6250000000000162093, 0.7500000000000133227, 1.000000000000000000 ),
 .UNSPECIFIED. ) ;
#6976 = AXIS2_PLACEMENT_3D ( 'NONE', #3855, #4498, #1131 ) ;
#6977 = CARTESIAN_POINT ( 'NONE',  ( -1.013859724571285925, 0.5658004866359794827, 0.1405635154506982287 ) ) ;
#6978 = APPROVAL_PERSON_ORGANIZATION ( #8043, #1979, #5304 ) ;
#6980 = EDGE_CURVE ( 'NONE', #6050, #6453, #6955, .T. ) ;
#6979 = CARTESIAN_POINT ( 'NONE',  ( -1.018682301856712158, -0.03418107469726384268, 0.03990891720693564432 ) ) ;
#6981 = ORIENTED_EDGE ( 'NONE', *, *, #6484, .T. ) ;
#6982 = FACE_OUTER_BOUND ( 'NONE', #6525, .T. ) ;
#6983 = EDGE_CURVE ( 'NONE', #7030, #4850, #8738, .T. ) ;
#6984 = VERTEX_POINT ( 'NONE', #1763 ) ;
#6985 = CYLINDRICAL_SURFACE ( 'NONE', #8726, 0.5999999999999998668 ) ;
#6986 = VECTOR ( 'NONE', #1445, 39.37007874015748143 ) ;
#6987 = CIRCLE ( 'NONE', #6838, 0.5074999999999999512 ) ;
#6988 = ORIENTED_EDGE ( 'NONE', *, *, #4659, .F. ) ;
#6989 = DIRECTION ( 'NONE',  ( 0.000000000000000000, 0.000000000000000000, 1.000000000000000000 ) ) ;
#6990 = CARTESIAN_POINT ( 'NONE',  ( -1.392586418269138093, 1.031171418588526123, 0.1025366073543408085 ) ) ;
#6991 = CARTESIAN_POINT ( 'NONE',  ( -1.231730031026460281, 1.124846583129201383, 0.1272942297551753754 ) ) ;
#6992 = CARTESIAN_POINT ( 'NONE',  ( -1.381544100697622124, 1.039939917839075134, 0.1403943292959100864 ) ) ;
#6993 = LINE ( 'NONE', #4120, #7424 ) ;
#6994 = AXIS2_PLACEMENT_3D ( 'NONE', #6512, #407, #4461 ) ;
#6995 = VERTEX_POINT ( 'NONE', #6019 ) ;
#6996 = VECTOR ( 'NONE', #160, 39.37007874015748143 ) ;
#6997 = DIRECTION ( 'NONE',  ( -0.000000000000000000, -0.000000000000000000, 1.000000000000000000 ) ) ;
#6998 = CARTESIAN_POINT ( 'NONE',  ( -0.8909855231526372377, -0.02149850239899169652, 0.1232152730563386978 ) ) ;
#6999 = B_SPLINE_CURVE_WITH_KNOTS ( 'NONE', 3,
 ( #2100, #4901, #6358, #5626, #1353, #715, #1502, #3570, #4266 ),
 .UNSPECIFIED., .F., .F.,
 ( 4, 1, 2, 2, 4 ),
 ( 0.000000000000000000, 0.2499999999999478195, 0.3749999999999218403, 0.4999999999998958611, 1.000000000000000000 ),
 .UNSPECIFIED. ) ;
#7000 = DIRECTION ( 'NONE',  ( -0.000000000000000000, -0.000000000000000000, 1.000000000000000000 ) ) ;
#7001 = AXIS2_PLACEMENT_3D ( 'NONE', #2785, #5035, #4296 ) ;
#7002 = VECTOR ( 'NONE', #6728, 39.37007874015748143 ) ;
#7003 = CARTESIAN_POINT ( 'NONE',  ( -0.4902813953180931716, 0.8588290562950139373, 0.1392857442701667392 ) ) ;
#7004 = VERTEX_POINT ( 'NONE', #3510 ) ;
#7005 = EDGE_CURVE ( 'NONE', #8593, #3169, #1457, .T. ) ;
#7006 = ORIENTED_EDGE ( 'NONE', *, *, #1771, .F. ) ;
#7007 = CARTESIAN_POINT ( 'NONE',  ( -0.5744405376245215189, 0.9743483215893548044, 0.1047475712014449833 ) ) ;
#7008 = CARTESIAN_POINT ( 'NONE',  ( -1.231409305549035604, 1.124971729510426677, 0.1041942900743243750 ) ) ;
#7009 = CARTESIAN_POINT ( 'NONE',  ( -1.381419067880630625, 1.040036850853236716, 0.1382957661342157918 ) ) ;
#7010 = ORIENTED_EDGE ( 'NONE', *, *, #6860, .T. ) ;
#7011 = CARTESIAN_POINT ( 'NONE',  ( -0.4746986944967284128, 0.8290597186017560905, 0.1051898271456375711 ) ) ;
#7012 = CARTESIAN_POINT ( 'NONE',  ( -1.013859724571285925, 0.5658004866359794827, 0.3756034584419081224 ) ) ;
#7013 = CIRCLE ( 'NONE', #8772, 0.5999999999999998668 ) ;
#7014 = CARTESIAN_POINT ( 'NONE',  ( -1.281587367040381009, 1.102756994470861729, 0.1141287633075604435 ) ) ;
#7015 = DIRECTION ( 'NONE',  ( 0.000000000000000000, -1.000000000000000000, 0.000000000000000000 ) ) ;
#7016 = CYLINDRICAL_SURFACE ( 'NONE', #3044, 0.5999999999999998668 ) ;
#7017 = EDGE_LOOP ( 'NONE', ( #2236, #7197, #4335, #8479 ) ) ;
#7018 = CIRCLE ( 'NONE', #6715, 0.5999999999999998668 ) ;
#7019 = DIRECTION ( 'NONE',  ( -0.000000000000000000, -0.000000000000000000, -1.000000000000000000 ) ) ;
#7020 = FACE_OUTER_BOUND ( 'NONE', #5828, .T. ) ;
#7021 = CARTESIAN_POINT ( 'NONE',  ( -1.338138060565264187, 1.070620815864220088, 0.1120213098399986534 ) ) ;
#7022 = ORIENTED_EDGE ( 'NONE', *, *, #2184, .T. ) ;
#7023 = ORIENTED_EDGE ( 'NONE', *, *, #7524, .T. ) ;
#7024 = CARTESIAN_POINT ( 'NONE',  ( -0.4770411706541178298, 0.8338039216400110476, 0.1119265579996896742 ) ) ;
#7025 = CARTESIAN_POINT ( 'NONE',  ( -0.8378608847932383918, -0.007806075335245128526, 0.1147201760780185154 ) ) ;
#7026 = ADVANCED_BREP_SHAPE_REPRESENTATION ( '5129-E0W', ( #2643, #2813, #2715, #7547 ), #1244 ) ;
#7027 = CIRCLE ( 'NONE', #4551, 0.5999999999999998668 ) ;
#7028 = CARTESIAN_POINT ( 'NONE',  ( -1.013859724571286147, 0.5658004866359794827, 0.1567617795536129510 ) ) ;
#7029 = CARTESIAN_POINT ( 'NONE',  ( -1.314553180925108533, 1.085015247388539272, 0.1490497456206996141 ) ) ;
#7030 = VERTEX_POINT ( 'NONE', #604 ) ;
#7031 = VERTEX_POINT ( 'NONE', #2088 ) ;
#7032 = EDGE_CURVE ( 'NONE', #8551, #1821, #5940, .T. ) ;
#7033 = CARTESIAN_POINT ( 'NONE',  ( -1.006139473796906270, -0.03414990127052726365, 0.1187241308723782779 ) ) ;
#7034 = DIRECTION ( 'NONE',  ( 0.2023355560689277799, 0.9793162526734036089, 0.000000000000000000 ) ) ;
#7035 = ORIENTED_EDGE ( 'NONE', *, *, #5073, .F. ) ;
#7036 = CARTESIAN_POINT ( 'NONE',  ( -1.172203129655933207, 1.144529582537664680, 0.1140353024244505215 ) ) ;
#7037 = DIRECTION ( 'NONE',  ( -0.000000000000000000, -0.000000000000000000, 1.000000000000000000 ) ) ;
#7038 = ORIENTED_EDGE ( 'NONE', *, *, #847, .T. ) ;
#7039 = VERTEX_POINT ( 'NONE', #9059 ) ;
#7040 = DIRECTION ( 'NONE',  ( 0.000000000000000000, -1.000000000000000000, 0.000000000000000000 ) ) ;
#7041 = CARTESIAN_POINT ( 'NONE',  ( -1.093843025038440331, 1.160445482954270968, 0.09560345844190808184 ) ) ;
#7042 = CARTESIAN_POINT ( 'NONE',  ( -1.219821194441922163, 1.129342741623175606, 0.1124286161860125199 ) ) ;
#7043 = CARTESIAN_POINT ( 'NONE',  ( -1.385527860000784983, 1.036823704186022654, 0.1474248149054223911 ) ) ;
#7044 = CARTESIAN_POINT ( 'NONE',  ( -1.141684293942349049, -0.02042547616770089280, 0.1236623732928745084 ) ) ;
#7045 = ORIENTED_EDGE ( 'NONE', *, *, #5686, .T. ) ;
#7046 = DIRECTION ( 'NONE',  ( 0.2333557240212628114, 0.9723914366480775895, 0.000000000000000000 ) ) ;
#7047 = CARTESIAN_POINT ( 'NONE',  ( -0.5531304717209751809, 0.5501754866359794827, 0.09619988270054498358 ) ) ;
#7048 = CYLINDRICAL_SURFACE ( 'NONE', #6844, 0.5999999999999998668 ) ;
#7049 = CARTESIAN_POINT ( 'NONE',  ( -1.409310487828653313, 1.017041767813982256, 0.09560345844190808184 ) ) ;
#7050 = ORIENTED_EDGE ( 'NONE', *, *, #1250, .F. ) ;
#7051 = EDGE_CURVE ( 'NONE', #7559, #1465, #5506, .T. ) ;
#7052 = VERTEX_POINT ( 'NONE', #2729 ) ;
#7053 = DIRECTION ( 'NONE',  ( -0.1258430373828105520, 0.9920501650331341459, 0.000000000000000000 ) ) ;
#7054 = LINE ( 'NONE', #2162, #7260 ) ;
#7055 = ORIENTED_EDGE ( 'NONE', *, *, #6689, .T. ) ;
#7056 = CARTESIAN_POINT ( 'NONE',  ( -0.9579046991971759129, 1.163185652433754269, 0.04272819319619487743 ) ) ;
#7057 = CARTESIAN_POINT ( 'NONE',  ( -0.9388619389270855820, 1.161094847836521504, 0.08643899704127351591 ) ) ;
#7058 = ORIENTED_EDGE ( 'NONE', *, *, #5686, .F. ) ;
#7059 = CARTESIAN_POINT ( 'NONE',  ( -1.336789300193340635, 1.071484665930289237, 0.1389808622880619460 ) ) ;
#7060 = CARTESIAN_POINT ( 'NONE',  ( -0.8649105500330207530, -0.01541789943465516309, 0.03903427681730242682 ) ) ;
#7061 = DIRECTION ( 'NONE',  ( 1.000000000000000000, 0.000000000000000000, 0.000000000000000000 ) ) ;
#7062 = ORIENTED_EDGE ( 'NONE', *, *, #4417, .F. ) ;
#7063 = DIRECTION ( 'NONE',  ( 0.2199429753673613763, 0.9755127306122418629, 0.000000000000000000 ) ) ;
#7064 = DIRECTION ( 'NONE',  ( 0.000000000000000000, 0.000000000000000000, 1.000000000000000000 ) ) ;
#7065 = CARTESIAN_POINT ( 'NONE',  ( -0.5128733996872187895, 0.8959712035070486191, 0.09560345844190808184 ) ) ;
#7066 = ORIENTED_EDGE ( 'NONE', *, *, #3084, .F. ) ;
#7067 = EDGE_LOOP ( 'NONE', ( #8459, #1920, #2943, #8304, #1082, #889, #162, #1476, #8477, #3606 ) ) ;
#7068 = CARTESIAN_POINT ( 'NONE',  ( -0.4779425990565703830, 0.8356025638807315081, 0.1069788066337501592 ) ) ;
#7069 = CARTESIAN_POINT ( 'NONE',  ( -0.4906075464905319539, 0.8594110458977634037, 0.1166992506050815587 ) ) ;
#7070 = CARTESIAN_POINT ( 'NONE',  ( -0.6920680598636412828, 1.072209591260531614, 0.1059753360910017789 ) ) ;
#7071 = CARTESIAN_POINT ( 'NONE',  ( -1.340554756768531641, 1.069060523554605791, 0.1317675943458342935 ) ) ;
#7072 = VERTEX_POINT ( 'NONE', #5663 ) ;
#7073 = VERTEX_POINT ( 'NONE', #8414 ) ;
#7074 = B_SPLINE_CURVE_WITH_KNOTS ( 'NONE', 3,
 ( #8813, #4094, #4686, #8111 ),
 .UNSPECIFIED., .F., .F.,
 ( 4, 4 ),
 ( 0.000000000000000000, 1.000000000000000000 ),
 .UNSPECIFIED. ) ;
#7075 = CARTESIAN_POINT ( 'NONE',  ( -1.167755283422623913, -0.01414236790307111385, 0.09372700819993605437 ) ) ;
#7076 = DIRECTION ( 'NONE',  ( -0.000000000000000000, -0.000000000000000000, 1.000000000000000000 ) ) ;
#7077 = CARTESIAN_POINT ( 'NONE',  ( -1.174541775577620184, 1.143886141668491341, 0.1208470000441243253 ) ) ;
#7078 = CARTESIAN_POINT ( 'NONE',  ( -1.093843025038440331, 1.160445482954270968, 0.1556034584419080657 ) ) ;
#7079 = EDGE_CURVE ( 'NONE', #7346, #499, #1032, .T. ) ;
#7080 = VERTEX_POINT ( 'NONE', #6199 ) ;
#7081 = ORIENTED_EDGE ( 'NONE', *, *, #6538, .T. ) ;
#7082 = CARTESIAN_POINT ( 'NONE',  ( -0.4830903282184105807, 0.8455931474486182431, 0.1489907344000667988 ) ) ;
#7083 = CIRCLE ( 'NONE', #8123, 0.5999999999999997558 ) ;
#7084 = CARTESIAN_POINT ( 'NONE',  ( -0.5566048889399928257, 0.5847815465925144673, 0.07455855284873937061 ) ) ;
#7085 = CARTESIAN_POINT ( 'NONE',  ( -1.219807033094952198, 1.129347916859787304, 0.1117813430572927036 ) ) ;
#7086 = DIRECTION ( 'NONE',  ( -0.000000000000000000, -0.000000000000000000, 1.000000000000000000 ) ) ;
#7087 = ORIENTED_EDGE ( 'NONE', *, *, #5073, .T. ) ;
#7088 = CARTESIAN_POINT ( 'NONE',  ( -1.337781157522426767, 1.070850191945124319, 0.09822749331686207730 ) ) ;
#7089 = ADVANCED_FACE ( 'NONE', ( #561 ), #1343, .T. ) ;
#7090 = ADVANCED_FACE ( 'NONE', ( #646 ), #9009, .T. ) ;
#7091 = CARTESIAN_POINT ( 'NONE',  ( -0.4731419159420532372, 0.8258471553317834335, 0.1309337429711038558 ) ) ;
#7092 = CARTESIAN_POINT ( 'NONE',  ( -0.4908563695675122740, 0.8598540372943528354, 0.1260121122880619449 ) ) ;
#7093 = ORIENTED_EDGE ( 'NONE', *, *, #8445, .T. ) ;
#7094 = B_SPLINE_CURVE_WITH_KNOTS ( 'NONE', 3,
 ( #1008, #1749, #1926, #5417, #2535, #4558, #8766, #1970, #1366, #629, #9038, #7694, #6324, #6277, #8946, #540, #47, #6138, #2117, #5643, #8991, #2669 ),
 .UNSPECIFIED., .F., .F.,
 ( 4, 2, 2, 2, 2, 2, 2, 2, 2, 2, 4 ),
 ( 0.000000000000000000, 0.06250000000000255351, 0.1250000000000051070, 0.2500000000000102141, 0.3750000000000153211, 0.5000000000000204281, 0.6250000000000255351, 0.7500000000000306422, 0.8125000000000331957, 0.8750000000000357492, 1.000000000000000000 ),
 .UNSPECIFIED. ) ;
#7095 = CARTESIAN_POINT ( 'NONE',  ( -1.382177476846268460, 1.039450938363124299, 0.1536668512345362447 ) ) ;
#7096 = CARTESIAN_POINT ( 'NONE',  ( -1.269612191658393341, 0.02303357731905385924, 0.03925529584299166513 ) ) ;
#7097 = VERTEX_POINT ( 'NONE', #4248 ) ;
#7098 = CARTESIAN_POINT ( 'NONE',  ( -1.254779847521590774, 1.115307078368608096, 0.1025265353649850164 ) ) ;
#7099 = CARTESIAN_POINT ( 'NONE',  ( -0.9173964889824985924, 1.157995430022522143, 0.05762636462261043480 ) ) ;
#7100 = VERTEX_POINT ( 'NONE', #6342 ) ;
#7101 = CARTESIAN_POINT ( 'NONE',  ( -1.013859724571285925, 0.05830048663597965641, 0.1511940096230103281 ) ) ;
#7102 = DIRECTION ( 'NONE',  ( 0.5778565008953990834, -0.8161383855529193987, 0.000000000000000000 ) ) ;
#7103 = CARTESIAN_POINT ( 'NONE',  ( -0.4859557266575164070, 0.8509625250797479001, 0.1084990907693377526 ) ) ;
#7104 = ORIENTED_EDGE ( 'NONE', *, *, #7777, .F. ) ;
#7105 = DIRECTION ( 'NONE',  ( -0.000000000000000000, -0.000000000000000000, 1.000000000000000000 ) ) ;
#7106 = CARTESIAN_POINT ( 'NONE',  ( -0.8984722691186513011, 1.154608730336080136, 0.07730685053592521727 ) ) ;
#7107 = CARTESIAN_POINT ( 'NONE',  ( -1.377935901797230134, 1.042716787558948921, 0.1178455645366814214 ) ) ;
#7108 = VECTOR ( 'NONE', #3234, 39.37007874015748143 ) ;
#7109 = ORIENTED_EDGE ( 'NONE', *, *, #6607, .F. ) ;
#7110 = ORIENTED_EDGE ( 'NONE', *, *, #2184, .F. ) ;
#7111 = CARTESIAN_POINT ( 'NONE',  ( -0.4775580293621601302, 0.8348368657600719889, 0.1085376629881990851 ) ) ;
#7112 = DIRECTION ( 'NONE',  ( 0.000000000000000000, 0.000000000000000000, 1.000000000000000000 ) ) ;
#7113 = B_SPLINE_CURVE_WITH_KNOTS ( 'NONE', 3,
 ( #941, #6539, #7955, #7998, #5817, #4487, #7317, #5218, #8046, #1031, #2345, #1769, #3843, #1639, #3884, #4446, #7269, #6666, #985, #386, #6627, #264, #8746, #303, #3754, #3115, #7355, #1070, #3202, #8792 ),
 .UNSPECIFIED., .F., .F.,
 ( 4, 2, 1, 1, 2, 2, 1, 2, 2, 2, 1, 2, 2, 1, 1, 2, 2, 4 ),
 ( 0.000000000000000000, 0.1250000000000423273, 0.1875000000000506539, 0.2187500000000692502, 0.2343750000000628664, 0.2500000000000565104, 0.3125000000000535127, 0.3437500000000520139, 0.3750000000000504596, 0.5000000000000405231, 0.6250000000000306422, 0.6875000000000243139, 0.7500000000000178746, 0.8125000000000115463, 0.8437500000000098810, 0.8593750000000068834, 0.8750000000000038858, 1.000000000000000000 ),
 .UNSPECIFIED. ) ;
#7114 = CARTESIAN_POINT ( 'NONE',  ( -0.7006965560519633485, 1.077590910637171939, 0.09642817601778387593 ) ) ;
#7115 = CIRCLE ( 'NONE', #4930, 0.5999999999999998668 ) ;
#7116 = CARTESIAN_POINT ( 'NONE',  ( -1.339740205905843418, 1.069588090236433198, 0.1323817139527156961 ) ) ;
#7117 = ORIENTED_EDGE ( 'NONE', *, *, #7614, .F. ) ;
#7118 = ORIENTED_EDGE ( 'NONE', *, *, #5076, .T. ) ;
#7119 = EDGE_CURVE ( 'NONE', #1114, #4286, #1095, .T. ) ;
#7120 = CARTESIAN_POINT ( 'NONE',  ( -1.057156361711325321, 1.164236391396541226, 0.1423419436603635679 ) ) ;
#7121 = DIRECTION ( 'NONE',  ( -0.000000000000000000, -0.000000000000000000, -1.000000000000000000 ) ) ;
#7122 = CIRCLE ( 'NONE', #7558, 0.5999999999999998668 ) ;
#7123 = CARTESIAN_POINT ( 'NONE',  ( -0.5637736359243686879, 0.9625655724925074042, 0.1164397065655654179 ) ) ;
#7124 = ORIENTED_EDGE ( 'NONE', *, *, #8950, .T. ) ;
#7125 = LINE ( 'NONE', #7773, #95 ) ;
#7126 = VERTEX_POINT ( 'NONE', #4990 ) ;
#7127 = ORIENTED_EDGE ( 'NONE', *, *, #2111, .T. ) ;
#7128 = CARTESIAN_POINT ( 'NONE',  ( -1.013859724571286147, 0.5658004866359794827, 0.1567617795536129510 ) ) ;
#7129 = DIRECTION ( 'NONE',  ( 1.000000000000000000, 0.000000000000000000, 0.000000000000000000 ) ) ;
#7130 = B_SPLINE_CURVE_WITH_KNOTS ( 'NONE', 3,
 ( #7470, #3402, #632, #8256 ),
 .UNSPECIFIED., .F., .F.,
 ( 4, 4 ),
 ( 0.000000000000000000, 1.000000000000000000 ),
 .UNSPECIFIED. ) ;
#7131 = CARTESIAN_POINT ( 'NONE',  ( -1.306486690695895625, 0.04199213874938299840, 0.1414248967036945692 ) ) ;
#7132 = CARTESIAN_POINT ( 'NONE',  ( -1.313374729492773563, 1.085695843981967723, 0.1377196846671698838 ) ) ;
#7133 = EDGE_LOOP ( 'NONE', ( #294, #7627, #7306, #6767, #879 ) ) ;
#7134 = CARTESIAN_POINT ( 'NONE',  ( -1.331039263615897639, 1.075110946127506129, 0.1109429526414571487 ) ) ;
#7135 = CARTESIAN_POINT ( 'NONE',  ( -0.5820290064190574153, 0.9823604833472942000, 0.1556034584419080935 ) ) ;
#7136 = VECTOR ( 'NONE', #5985, 39.37007874015748143 ) ;
#7137 = CIRCLE ( 'NONE', #1417, 0.5999999999999998668 ) ;
#7138 = CARTESIAN_POINT ( 'NONE',  ( -0.4751605180212822854, 0.8300077033038640861, 0.1494185864464589453 ) ) ;
#7139 = CARTESIAN_POINT ( 'NONE',  ( -0.5250458937852300334, 0.9137387553450437849, 0.1106034584419080952 ) ) ;
#7140 = CIRCLE ( 'NONE', #7581, 0.5999999999999997558 ) ;
#7141 = ADVANCED_FACE ( 'NONE', ( #1486 ), #3375, .T. ) ;
#7142 = CARTESIAN_POINT ( 'NONE',  ( -1.390857015339158176, 1.032571941531050363, 0.1555879538790603533 ) ) ;
#7143 = CARTESIAN_POINT ( 'NONE',  ( -1.013859724571285925, 0.5658004866359794827, 0.09560345844190808184 ) ) ;
#7144 = CARTESIAN_POINT ( 'NONE',  ( -1.282912709853906597, 0.02950650174476418530, 0.05433275907708121077 ) ) ;
#7145 = ORIENTED_EDGE ( 'NONE', *, *, #7380, .F. ) ;
#7146 = CARTESIAN_POINT ( 'NONE',  ( -0.4851782276680761119, 0.8495191274257442027, 0.1058608753899658861 ) ) ;
#7147 = CYLINDRICAL_SURFACE ( 'NONE', #4067, 0.5999999999999998668 ) ;
#7148 = CARTESIAN_POINT ( 'NONE',  ( -1.321815694054792489, 0.05086056697595404963, 0.1222437226731267479 ) ) ;
#7149 = AXIS2_PLACEMENT_3D ( 'NONE', #1093, #6561, #2538 ) ;
#7150 = CARTESIAN_POINT ( 'NONE',  ( -0.4862776448948145092, 0.8515576447114233671, 0.1103326350000839312 ) ) ;
#7151 = ORIENTED_EDGE ( 'NONE', *, *, #6357, .F. ) ;
#7152 = DIRECTION ( 'NONE',  ( 1.000000000000000000, 0.000000000000000000, 0.000000000000000000 ) ) ;
#7153 = EDGE_CURVE ( 'NONE', #8198, #6286, #1297, .T. ) ;
#7154 = CARTESIAN_POINT ( 'NONE',  ( -0.9349058530303919756, 1.160584314436560627, 0.01640562095003168450 ) ) ;
#7155 = AXIS2_PLACEMENT_3D ( 'NONE', #818, #3634, #7836 ) ;
#7156 = CARTESIAN_POINT ( 'NONE',  ( -0.6913046184993029142, 1.071723606830037756, 0.1117813430572927036 ) ) ;
#7157 = ORIENTED_EDGE ( 'NONE', *, *, #2671, .F. ) ;
#7158 = EDGE_LOOP ( 'NONE', ( #8895, #2976, #6960, #444, #682 ) ) ;
#7159 = CARTESIAN_POINT ( 'NONE',  ( -1.255925990865214725, 0.01679700810359346583, 0.1153976557789181678 ) ) ;
#7160 = LINE ( 'NONE', #4507, #8141 ) ;
#7161 = CARTESIAN_POINT ( 'NONE',  ( -0.8382302936962369166, 1.139520194342195758, 0.1486803815188311728 ) ) ;
#7162 = AXIS2_PLACEMENT_3D ( 'NONE', #8449, #2176, #1285 ) ;
#7163 = DIRECTION ( 'NONE',  ( -0.000000000000000000, -0.000000000000000000, 1.000000000000000000 ) ) ;
#7164 = ORIENTED_EDGE ( 'NONE', *, *, #2983, .T. ) ;
#7165 = CARTESIAN_POINT ( 'NONE',  ( -0.9060901019054050654, -0.02444164298217642306, 0.06776047822260958253 ) ) ;
#7166 = DIRECTION ( 'NONE',  ( 0.8660254037844339337, 0.000000000000000000, 0.5000000000000079936 ) ) ;
#7167 = CIRCLE ( 'NONE', #1158, 0.5140000000000003455 ) ;
#7168 = CARTESIAN_POINT ( 'NONE',  ( -0.5632557094116001917, 0.9619772429374008338, 0.1226505612495492337 ) ) ;
#7169 = CARTESIAN_POINT ( 'NONE',  ( -1.004526417120951365, 1.165727890054124360, 0.02256868353121763496 ) ) ;
#7170 = ORIENTED_EDGE ( 'NONE', *, *, #4974, .F. ) ;
#7171 = EDGE_CURVE ( 'NONE', #5548, #7551, #1917, .T. ) ;
#7172 = ORIENTED_EDGE ( 'NONE', *, *, #4841, .F. ) ;
#7173 = CARTESIAN_POINT ( 'NONE',  ( -1.356339172252752912, 0.07314455225284320627, 0.1014474432480942379 ) ) ;
#7174 = CARTESIAN_POINT ( 'NONE',  ( -1.474588977421597669, 0.5814254866359794827, 0.09619988270054552482 ) ) ;
#7175 = CARTESIAN_POINT ( 'NONE',  ( -1.319878739410052404, 1.081894704685896436, 0.1106354609384108401 ) ) ;
#7176 = CARTESIAN_POINT ( 'NONE',  ( -0.4854749764484694863, 0.8500707065873274182, 0.1066371122880619415 ) ) ;
#7177 = ORIENTED_EDGE ( 'NONE', *, *, #919, .F. ) ;
#7178 = CARTESIAN_POINT ( 'NONE',  ( -1.275528489077457861, 0.02586281286424340839, 0.1384560201162164106 ) ) ;
#7179 = EDGE_CURVE ( 'NONE', #5230, #5882, #8594, .T. ) ;
#7180 = DIRECTION ( 'NONE',  ( 0.1262153702611731598, 0.9920028630552609750, 0.000000000000000000 ) ) ;
#7181 = CARTESIAN_POINT ( 'NONE',  ( -1.474588977421597669, 0.5814254866359794827, 0.09619400962301105640 ) ) ;
#7182 = B_SPLINE_CURVE_WITH_KNOTS ( 'NONE', 3,
 ( #245, #3011, #1059, #4566 ),
 .UNSPECIFIED., .F., .F.,
 ( 4, 4 ),
 ( 0.000000000000000000, 1.000000000000000000 ),
 .UNSPECIFIED. ) ;
#7183 = CARTESIAN_POINT ( 'NONE',  ( -1.388001496456042094, 1.034862578053650672, 0.1553637761637761683 ) ) ;
#7184 = CARTESIAN_POINT ( 'NONE',  ( -0.9922556600798336790, -0.03381044088073038162, 0.05842400011882883937 ) ) ;
#7185 = CARTESIAN_POINT ( 'NONE',  ( -1.013859724571285925, 0.5658004866359794827, -0.06439654155809201863 ) ) ;
#7186 = CARTESIAN_POINT ( 'NONE',  ( -0.6354269299458181752, 1.031406135175554573, 0.09560345844190808184 ) ) ;
#7187 = LINE ( 'NONE', #7406, #7733 ) ;
#7188 = CARTESIAN_POINT ( 'NONE',  ( -1.013859724571285925, 0.5658004866359794827, 0.1025265353649850164 ) ) ;
#7189 = CARTESIAN_POINT ( 'NONE',  ( -1.261219033735099693, 0.01915752568400989203, 0.1014653061814178719 ) ) ;
#7190 = B_SPLINE_CURVE_WITH_KNOTS ( 'NONE', 3,
 ( #8041, #2423, #8741, #3198, #5855, #2466, #1722, #1024, #8788, #7395, #7351, #937, #1634, #1111, #7221, #3750, #8658, #3927, #4532, #1765, #3796, #7992, #5935, #4443, #2381, #4572 ),
 .UNSPECIFIED., .F., .F.,
 ( 4, 2, 1, 1, 2, 2, 2, 1, 2, 2, 2, 1, 2, 2, 4 ),
 ( 0.000000000000000000, 0.1250000000000228706, 0.1875000000000342781, 0.2187500000000466016, 0.2343750000000527633, 0.2500000000000588973, 0.3750000000000657252, 0.4375000000000747180, 0.4687500000000737743, 0.5000000000000728306, 0.6250000000000603961, 0.6875000000000502931, 0.7187500000000455191, 0.7500000000000408562, 1.000000000000000000 ),
 .UNSPECIFIED. ) ;
#7191 = EDGE_CURVE ( 'NONE', #2271, #6995, #4432, .T. ) ;
#7192 = CARTESIAN_POINT ( 'NONE',  ( -0.4870488099183674646, 0.8529768442191485445, 0.1201900654407718622 ) ) ;
#7193 = VERTEX_POINT ( 'NONE', #4387 ) ;
#7194 = DIRECTION ( 'NONE',  ( -0.000000000000000000, -0.000000000000000000, 1.000000000000000000 ) ) ;
#7195 = CARTESIAN_POINT ( 'NONE',  ( -1.297651904367281173, 1.094442140960189214, 0.1563726892111388656 ) ) ;
#7196 = CARTESIAN_POINT ( 'NONE',  ( -0.6931829781163373339, 1.072916863966193235, 0.1203030534716719030 ) ) ;
#7197 = ORIENTED_EDGE ( 'NONE', *, *, #4080, .T. ) ;
#7198 = ORIENTED_EDGE ( 'NONE', *, *, #5664, .F. ) ;
#7199 = CARTESIAN_POINT ( 'NONE',  ( -1.013859724571285925, 0.5658004866359794827, 0.1556034584419080935 ) ) ;
#7200 = CARTESIAN_POINT ( 'NONE',  ( -1.318063552270891226, 0.04863224915231901396, 0.06560519544865771324 ) ) ;
#7201 = EDGE_CURVE ( 'NONE', #3548, #7346, #6285, .T. ) ;
#7202 = B_SPLINE_CURVE_WITH_KNOTS ( 'NONE', 3,
 ( #7745, #7690, #1319, #4272 ),
 .UNSPECIFIED., .F., .F.,
 ( 4, 4 ),
 ( 0.000000000000000000, 1.000000000000000000 ),
 .UNSPECIFIED. ) ;
#7203 = CARTESIAN_POINT ( 'NONE',  ( -1.206748411044288538, 1.133950074887805526, 0.1556034584419080935 ) ) ;
#7204 = ADVANCED_FACE ( 'NONE', ( #7897 ), #4056, .T. ) ;
#7205 = EDGE_CURVE ( 'NONE', #2192, #4932, #8812, .T. ) ;
#7206 = DIRECTION ( 'NONE',  ( 0.4835956622101162949, 0.8752915145776057892, 0.000000000000000000 ) ) ;
#7207 = ORIENTED_EDGE ( 'NONE', *, *, #999, .F. ) ;
#7208 = CARTESIAN_POINT ( 'NONE',  ( -0.8962359498336394115, -0.02255959053690418867, 0.05946803014691426359 ) ) ;
#7209 = B_SPLINE_CURVE_WITH_KNOTS ( 'NONE', 3,
 ( #946, #7230, #3031, #3122, #1038, #3852, #349, #221, #5947, #2479, #5273, #8053, #1776, #4584, #3210, #5822 ),
 .UNSPECIFIED., .F., .F.,
 ( 4, 2, 1, 1, 2, 2, 2, 2, 4 ),
 ( 0.000000000000000000, 0.2499999999998492317, 0.3749999999997740141, 0.4374999999997360445, 0.4687499999997166156, 0.4999999999996971312, 0.6249999999997838396, 0.7499999999998705480, 1.000000000000000000 ),
 .UNSPECIFIED. ) ;
#7210 = CARTESIAN_POINT ( 'NONE',  ( -1.239339466150088942, 1.121821156319954937, 0.1309095194255206762 ) ) ;
#7211 = CARTESIAN_POINT ( 'NONE',  ( -1.013859724571285925, 0.5658004866359794827, 0.1556034584419080935 ) ) ;
#7212 = CARTESIAN_POINT ( 'NONE',  ( -1.297620134524647861, 1.094459194824069170, 0.09483422767267732367 ) ) ;
#7213 = DIRECTION ( 'NONE',  ( -0.000000000000000000, -0.000000000000000000, 1.000000000000000000 ) ) ;
#7214 = ORIENTED_EDGE ( 'NONE', *, *, #6010, .T. ) ;
#7215 = ORIENTED_EDGE ( 'NONE', *, *, #2396, .T. ) ;
#7216 = CARTESIAN_POINT ( 'NONE',  ( -1.030266253235480267, -0.03397516617136412537, 0.1045210793877744265 ) ) ;
#7217 = CARTESIAN_POINT ( 'NONE',  ( -1.357766337904245058, 1.057459537756364254, 0.09647620016857545722 ) ) ;
#7218 = CARTESIAN_POINT ( 'NONE',  ( -1.315081210663043843, 1.084710239389428565, 0.1025463307343570524 ) ) ;
#7219 = DIRECTION ( 'NONE',  ( 0.000000000000000000, -1.000000000000000000, 0.000000000000000000 ) ) ;
#7220 = ORIENTED_EDGE ( 'NONE', *, *, #3581, .F. ) ;
#7221 = CARTESIAN_POINT ( 'NONE',  ( -1.353054146076215769, 0.07087899264877010885, 0.08718605995505511463 ) ) ;
#7222 = CARTESIAN_POINT ( 'NONE',  ( -1.272323167981949332, 0.02432363828399027386, 0.1405544251775336650 ) ) ;
#7223 = B_SPLINE_CURVE_WITH_KNOTS ( 'NONE', 3,
 ( #957, #3223, #8810, #7972 ),
 .UNSPECIFIED., .F., .F.,
 ( 4, 4 ),
 ( 0.000000000000000000, 1.000000000000000000 ),
 .UNSPECIFIED. ) ;
#7224 = CARTESIAN_POINT ( 'NONE',  ( -1.013859724571285925, 0.5658004866359794827, 0.3756034584419081224 ) ) ;
#7225 = CARTESIAN_POINT ( 'NONE',  ( -1.513359724571285980, 0.5658004866359795937, 0.2706034573935184873 ) ) ;
#7226 = CARTESIAN_POINT ( 'NONE',  ( -1.378504333852461849, 1.042282399254952585, 0.1506169472325730729 ) ) ;
#7227 = CARTESIAN_POINT ( 'NONE',  ( -0.8624351360055289017, -0.01477736481394077706, 0.08211219180444975785 ) ) ;
#7228 = CARTESIAN_POINT ( 'NONE',  ( -1.334007530385791451, 0.05835047999829787863, 0.1075966845040164099 ) ) ;
#7229 = CARTESIAN_POINT ( 'NONE',  ( -1.474588977421597669, 0.5814254866359794827, 0.07119988270054551649 ) ) ;
#7230 = CARTESIAN_POINT ( 'NONE',  ( -1.321664245272351712, 0.05076861258814227562, 0.06554937600940761999 ) ) ;
#7231 = CARTESIAN_POINT ( 'NONE',  ( -0.9252386902408350489, 1.159220058561218902, 0.07941439413545242632 ) ) ;
#7232 = DIRECTION ( 'NONE',  ( 0.000000000000000000, 0.000000000000000000, 1.000000000000000000 ) ) ;
#7233 = CARTESIAN_POINT ( 'NONE',  ( -1.253808356437900562, 0.01586898720596887497, 0.1456034584419077238 ) ) ;
#7234 = ORIENTED_EDGE ( 'NONE', *, *, #2057, .T. ) ;
#7235 = CARTESIAN_POINT ( 'NONE',  ( -1.032057729450960748, -0.03392396817188576136, 0.08187933379590932315 ) ) ;
#7236 = CARTESIAN_POINT ( 'NONE',  ( -1.013859724571285925, 0.5658004866359794827, 0.1556034584419080935 ) ) ;
#7237 = CARTESIAN_POINT ( 'NONE',  ( -0.6939703418658517142, 1.073413423352651552, 0.1215478066956289516 ) ) ;
#7238 = B_SPLINE_CURVE_WITH_KNOTS ( 'NONE', 3,
 ( #101, #2226, #5022, #4592, #8806, #487, #7372, #1045, #3296, #7968, #1084, #5192, #4633, #8761, #4552, #403 ),
 .UNSPECIFIED., .F., .F.,
 ( 4, 2, 2, 2, 2, 2, 2, 4 ),
 ( 0.000000000000000000, 0.1250000000000027478, 0.2500000000000054956, 0.5000000000000000000, 0.7499999999999944489, 0.8749999999999982236, 0.9374999999999991118, 1.000000000000000000 ),
 .UNSPECIFIED. ) ;
#7239 = VERTEX_POINT ( 'NONE', #3780 ) ;
#7240 = DIRECTION ( 'NONE',  ( 0.000000000000000000, 0.000000000000000000, -1.000000000000000000 ) ) ;
#7241 = CARTESIAN_POINT ( 'NONE',  ( -1.316024756900417314, 0.04744123105881694474, 0.06599849043241275137 ) ) ;
#7242 = APPROVAL ( #1676, 'UNSPECIFIED' ) ;
#7243 = DIRECTION ( 'NONE',  ( 2.678332138011547403E-34, -1.000000000000000000, 0.000000000000000000 ) ) ;
#7244 = EDGE_CURVE ( 'NONE', #1465, #5544, #7602, .T. ) ;
#7245 = LINE ( 'NONE', #5289, #854 ) ;
#7246 = ORIENTED_EDGE ( 'NONE', *, *, #473, .F. ) ;
#7247 = EDGE_CURVE ( 'NONE', #4900, #4754, #5646, .T. ) ;
#7248 = CARTESIAN_POINT ( 'NONE',  ( -1.056580810299580842, 1.164278169286927067, 0.1407388569057095029 ) ) ;
#7249 = EDGE_CURVE ( 'NONE', #7646, #5589, #8696, .T. ) ;
#7250 = CARTESIAN_POINT ( 'NONE',  ( -0.5764067935283836430, 0.9764527549565050757, 0.1476391907036367912 ) ) ;
#7251 = CARTESIAN_POINT ( 'NONE',  ( -1.366252499109421148, 1.051412826919249754, 0.1149981275075182968 ) ) ;
#7252 = DIRECTION ( 'NONE',  ( 1.000000000000000000, 0.000000000000000000, 0.000000000000000000 ) ) ;
#7253 = CARTESIAN_POINT ( 'NONE',  ( -1.299667103152300829, 1.093355371298472267, 0.1493401013453697357 ) ) ;
#7254 = CIRCLE ( 'NONE', #2442, 0.5999999999999998668 ) ;
#7255 = AXIS2_PLACEMENT_3D ( 'NONE', #6054, #5382, #8219 ) ;
#7256 = ORIENTED_EDGE ( 'NONE', *, *, #3279, .F. ) ;
#7257 = CARTESIAN_POINT ( 'NONE',  ( -1.344706473280479875, 0.06525784725008593190, 0.08573507449628325894 ) ) ;
#7258 = CARTESIAN_POINT ( 'NONE',  ( -1.352920464144474311, 1.060813454614118800, 0.09507825328093506834 ) ) ;
#7259 = CARTESIAN_POINT ( 'NONE',  ( -1.304664681607048626, 1.090621126362781412, 0.09573534405654425539 ) ) ;
#7260 = VECTOR ( 'NONE', #8534, 39.37007874015748143 ) ;
#7261 = EDGE_CURVE ( 'NONE', #7846, #5063, #3136, .T. ) ;
#7262 = LINE ( 'NONE', #5851, #1609 ) ;
#7263 = ORIENTED_EDGE ( 'NONE', *, *, #2697, .T. ) ;
#7264 = CARTESIAN_POINT ( 'NONE',  ( -0.7088960056834694434, 1.082519069807597267, 0.1217419425895717999 ) ) ;
#7265 = CARTESIAN_POINT ( 'NONE',  ( -0.5531304717209751809, 0.5814254866359794827, 0.09619400962301037639 ) ) ;
#7266 = PERSON_AND_ORGANIZATION ( #4725, #1851 ) ;
#7267 = VECTOR ( 'NONE', #4295, 39.37007874015748143 ) ;
#7268 = CARTESIAN_POINT ( 'NONE',  ( -0.4804613887473140332, 0.8405480793712284404, 0.1562232035190650736 ) ) ;
#7269 = CARTESIAN_POINT ( 'NONE',  ( -1.224473955154733007, 1.127621187223352139, 0.09943736385917804899 ) ) ;
#7270 = CARTESIAN_POINT ( 'NONE',  ( -1.344598687509368728, 0.06518773592756733903, 0.04037172801103140751 ) ) ;
#7271 = EDGE_CURVE ( 'NONE', #3145, #6510, #2540, .T. ) ;
#7272 = CARTESIAN_POINT ( 'NONE',  ( -1.185035732316387813, 1.140864634685959000, 0.1025265353649850164 ) ) ;
#7273 = CARTESIAN_POINT ( 'NONE',  ( -1.226627160776603054, 1.126814058745174485, 0.1513807020316517149 ) ) ;
#7274 = CONICAL_SURFACE ( 'NONE', #8461, 0.4865582143213656452, 0.7853981633974498333 ) ;
#7275 = CARTESIAN_POINT ( 'NONE',  ( -1.328290190196535381, 0.05478785848161994709, 0.1033360294840408311 ) ) ;
#7276 = VECTOR ( 'NONE', #4139, 39.37007874015748143 ) ;
#7277 = CARTESIAN_POINT ( 'NONE',  ( -1.285199382211129837, 0.03066051411300282220, 0.06905587985742807355 ) ) ;
#7278 = ADVANCED_FACE ( 'NONE', ( #7472 ), #1836, .T. ) ;
#7279 = CARTESIAN_POINT ( 'NONE',  ( -1.245777062728663953, 0.01243410867107619215, 0.07893754585977005855 ) ) ;
#7280 = CARTESIAN_POINT ( 'NONE',  ( -1.013859724571285925, 0.5658004866359794827, 0.3756034584419081224 ) ) ;
#7281 = FACE_OUTER_BOUND ( 'NONE', #8240, .T. ) ;
#7282 = CIRCLE ( 'NONE', #541, 0.5999999999999999778 ) ;
#7283 = CARTESIAN_POINT ( 'NONE',  ( -1.229456226287489296, 1.125727532462010849, 0.1318023277893725920 ) ) ;
#7284 = ORIENTED_EDGE ( 'NONE', *, *, #8272, .T. ) ;
#7285 = VERTEX_POINT ( 'NONE', #1097 ) ;
#7286 = DIRECTION ( 'NONE',  ( -1.000000000000000000, 0.000000000000000000, 0.000000000000000000 ) ) ;
#7287 = CARTESIAN_POINT ( 'NONE',  ( -1.224428529458423842, 1.127637454455294952, 0.1390409584419080857 ) ) ;
#7288 = CARTESIAN_POINT ( 'NONE',  ( -0.9641549533934410388, 1.163738146818140251, 0.01922505170177985986 ) ) ;
#7289 = ORIENTED_EDGE ( 'NONE', *, *, #6312, .T. ) ;
#7290 = CARTESIAN_POINT ( 'NONE',  ( -1.013859724571285925, 0.5658004866359794827, 0.3756034584419081224 ) ) ;
#7291 = CARTESIAN_POINT ( 'NONE',  ( -1.013859724571285925, 0.5658004866359794827, 0.3656034584419079470 ) ) ;
#7292 = CIRCLE ( 'NONE', #7430, 0.5340000000000000302 ) ;
#7293 = VECTOR ( 'NONE', #5307, 39.37007874015748143 ) ;
#7294 = CARTESIAN_POINT ( 'NONE',  ( -0.9178818616063809666, 1.158074296355827038, 0.03000648295656667408 ) ) ;
#7295 = CARTESIAN_POINT ( 'NONE',  ( -1.164039548006273739, 1.146701529622634830, 0.1115769327855736098 ) ) ;
#7296 = EDGE_LOOP ( 'NONE', ( #4768, #5790, #2237, #8466 ) ) ;
#7297 = AXIS2_PLACEMENT_3D ( 'NONE', #6616, #5886, #2501 ) ;
#7298 = CARTESIAN_POINT ( 'NONE',  ( -1.335440302346078578, 1.072343738897489684, 0.1259923657768281802 ) ) ;
#7299 = CARTESIAN_POINT ( 'NONE',  ( -0.4861846191521299043, 0.8513879258429778440, 0.1539757700929582918 ) ) ;
#7300 = CARTESIAN_POINT ( 'NONE',  ( -1.237843248221515591, 1.122426387066146836, 0.1216927965616922680 ) ) ;
#7301 = CARTESIAN_POINT ( 'NONE',  ( -1.277802873328589106, 1.104628460698140247, 0.1052767973014394065 ) ) ;
#7302 = AXIS2_PLACEMENT_3D ( 'NONE', #6579, #3068, #5302 ) ;
#7303 = CARTESIAN_POINT ( 'NONE',  ( -1.324919142047394249, 0.05272922203234146898, 0.1084628241360856143 ) ) ;
#7304 = VERTEX_POINT ( 'NONE', #3229 ) ;
#7305 = EDGE_CURVE ( 'NONE', #1522, #2187, #6741, .T. ) ;
#7306 = ORIENTED_EDGE ( 'NONE', *, *, #7249, .F. ) ;
#7307 = CARTESIAN_POINT ( 'NONE',  ( -1.018274654870554574, -0.03418327013619555654, 0.09448403667345198209 ) ) ;
#7308 = CARTESIAN_POINT ( 'NONE',  ( -1.366513690435868789, 1.051223172901804670, 0.1088078901405816756 ) ) ;
#7309 = VECTOR ( 'NONE', #7885, 39.37007874015748143 ) ;
#7310 = CARTESIAN_POINT ( 'NONE',  ( -1.311913488121340343, 0.04506435455698743625, 0.1427650753582028198 ) ) ;
#7311 = ORIENTED_EDGE ( 'NONE', *, *, #6612, .T. ) ;
#7312 = CARTESIAN_POINT ( 'NONE',  ( -0.6996244786691185880, 1.076932876241251114, 0.1171915770497644893 ) ) ;
#7313 = CARTESIAN_POINT ( 'NONE',  ( -1.277200105154643328, 0.02667793420463802564, 0.1370119731815280517 ) ) ;
#7314 = AXIS2_PLACEMENT_3D ( 'NONE', #4399, #8656, #1672 ) ;
#7315 = EDGE_CURVE ( 'NONE', #3408, #6817, #1151, .T. ) ;
#7316 = CARTESIAN_POINT ( 'NONE',  ( -0.5413597245712860051, 0.5658004866359794827, 0.3756034584419081224 ) ) ;
#7317 = CARTESIAN_POINT ( 'NONE',  ( -1.232170998231706172, 1.124674535452030666, 0.09603518543074847369 ) ) ;
#7318 = CARTESIAN_POINT ( 'NONE',  ( -1.013859724571285925, 0.5658004866359794827, 0.004711531358574759867 ) ) ;
#7319 = CARTESIAN_POINT ( 'NONE',  ( -0.9375723370924848865, -0.02933002858976397134, 0.1130890824722344118 ) ) ;
#7320 = CARTESIAN_POINT ( 'NONE',  ( -0.4779403845255656424, 0.8355978215130815956, 0.1449214021540040365 ) ) ;
#7321 = CARTESIAN_POINT ( 'NONE',  ( -1.321201038876261835, 0.05047984481611560159, 0.1007468074834239752 ) ) ;
#7322 = B_SPLINE_CURVE_WITH_KNOTS ( 'NONE', 3,
 ( #4077, #6168, #6855, #5992, #6724, #2524, #3388, #8978, #2701, #440, #2008, #3251, #6031, #8837, #2798, #1398, #5006, #658, #5583, #8384, #7682, #5682 ),
 .UNSPECIFIED., .F., .F.,
 ( 4, 2, 2, 2, 2, 1, 2, 2, 1, 2, 2, 4 ),
 ( 0.000000000000000000, 0.1250000000000245914, 0.1875000000000387190, 0.2500000000000528466, 0.3750000000000811018, 0.4375000000000957567, 0.4687500000000963674, 0.5000000000000970335, 0.6250000000000688338, 0.6875000000000545120, 0.7500000000000401901, 1.000000000000000000 ),
 .UNSPECIFIED. ) ;
#7323 = CARTESIAN_POINT ( 'NONE',  ( -1.224293466412472053, 1.127688055723174099, 0.1556034584419080935 ) ) ;
#7324 = CARTESIAN_POINT ( 'NONE',  ( -0.5531304717209751809, 0.5501754866359794827, 0.07119988270054497526 ) ) ;
#7325 = CARTESIAN_POINT ( 'NONE',  ( -0.7311372476750140903, 1.095014999907901077, 0.1556034584419080935 ) ) ;
#7326 = CARTESIAN_POINT ( 'NONE',  ( -1.308255673801106411, 0.04298968787067032615, 0.06912389090920562085 ) ) ;
#7327 = FACE_OUTER_BOUND ( 'NONE', #8717, .T. ) ;
#7328 = ORIENTED_EDGE ( 'NONE', *, *, #8147, .T. ) ;
#7329 = VERTEX_POINT ( 'NONE', #4924 ) ;
#7330 = CARTESIAN_POINT ( 'NONE',  ( -1.356253386091775814, 1.058514028891414105, 0.1174078553417222115 ) ) ;
#7331 = CARTESIAN_POINT ( 'NONE',  ( -0.9270580607881940827, 1.159488511792441390, 0.04458279491229208413 ) ) ;
#7332 = CARTESIAN_POINT ( 'NONE',  ( -1.387797722546415091, 1.035023646412169596, 0.1202789392111388578 ) ) ;
#7333 = VERTEX_POINT ( 'NONE', #5509 ) ;
#7334 = CARTESIAN_POINT ( 'NONE',  ( -0.9693639412439716274, -0.03254734303008399027, 0.1054848011288119503 ) ) ;
#7336 = ADVANCED_FACE ( 'NONE', ( #8403 ), #7659, .T. ) ;
#7335 = CARTESIAN_POINT ( 'NONE',  ( -1.155705032284313205, -0.01719171629626934164, 0.06719990085114159462 ) ) ;
#7337 = CARTESIAN_POINT ( 'NONE',  ( -0.9202949744575624758, 1.158460976933680220, 0.02091023080779124896 ) ) ;
#7338 = CARTESIAN_POINT ( 'NONE',  ( -1.168595488367409896, 1.145505788966397542, 0.1002219583160043892 ) ) ;
#7339 = ORIENTED_EDGE ( 'NONE', *, *, #4463, .F. ) ;
#7340 = CARTESIAN_POINT ( 'NONE',  ( -0.8622394871785510340, -0.01472690551831623215, 0.09853026567005671033 ) ) ;
#7341 = CARTESIAN_POINT ( 'NONE',  ( -0.4868392085673545755, 0.8525921372387218478, 0.1529700935116733995 ) ) ;
#7342 = CARTESIAN_POINT ( 'NONE',  ( -1.231826709213368121, 1.124808983027723253, 0.1201935668667649115 ) ) ;
#7343 = EDGE_CURVE ( 'NONE', #4989, #4864, #5102, .T. ) ;
#7344 = DIRECTION ( 'NONE',  ( -0.000000000000000000, -0.000000000000000000, 1.000000000000000000 ) ) ;
#7345 = CARTESIAN_POINT ( 'NONE',  ( -1.326069321094501596, 0.05342803777973705037, 0.1090570623926686578 ) ) ;
#7346 = VERTEX_POINT ( 'NONE', #7705 ) ;
#7347 = CARTESIAN_POINT ( 'NONE',  ( -1.354576373357472718, 0.07192532459430452108, 0.09670407100171392323 ) ) ;
#7348 = CARTESIAN_POINT ( 'NONE',  ( -1.013859724571285925, 0.5658004866359794827, 0.1293654198945679845 ) ) ;
#7349 = LINE ( 'NONE', #3319, #3173 ) ;
#7350 = VERTEX_POINT ( 'NONE', #2769 ) ;
#7351 = CARTESIAN_POINT ( 'NONE',  ( -1.348148639058769360, 0.06754931508241383831, 0.08288402650488041479 ) ) ;
#7352 = CARTESIAN_POINT ( 'NONE',  ( -0.7427376432663834738, 1.101050724402295344, 0.1025265353649850164 ) ) ;
#7353 = APPROVAL_ROLE ( '' ) ;
#7354 = CARTESIAN_POINT ( 'NONE',  ( -0.5633963711923368756, 0.9621371713868740461, 0.1303541059012912895 ) ) ;
#7355 = CARTESIAN_POINT ( 'NONE',  ( -1.220161348086311826, 1.129218307334356908, 0.1079880288189349891 ) ) ;
#7356 = CARTESIAN_POINT ( 'NONE',  ( -1.249895777589186574, 0.01417834995568760872, 0.09535158241632657461 ) ) ;
#7357 = CARTESIAN_POINT ( 'NONE',  ( -0.5635944265229161365, 0.5915329830833159219, 0.08119400962301039082 ) ) ;
#7358 = EDGE_CURVE ( 'NONE', #7097, #7667, #7619, .T. ) ;
#7359 = CARTESIAN_POINT ( 'NONE',  ( -1.059039025171415016, 1.164097094345970529, 0.1482957661342157729 ) ) ;
#7360 = DIRECTION ( 'NONE',  ( -0.000000000000000000, -0.000000000000000000, 1.000000000000000000 ) ) ;
#7361 = EDGE_CURVE ( 'NONE', #4061, #605, #56, .T. ) ;
#7362 = ORIENTED_EDGE ( 'NONE', *, *, #6719, .F. ) ;
#7363 = ADVANCED_FACE ( 'NONE', ( #1332, #1233 ), #6924, .T. ) ;
#7364 = CARTESIAN_POINT ( 'NONE',  ( -1.232674795245357391, 1.124477489120345286, 0.1290557166209667372 ) ) ;
#7365 = EDGE_CURVE ( 'NONE', #8331, #2732, #3315, .T. ) ;
#7366 = FACE_OUTER_BOUND ( 'NONE', #6812, .T. ) ;
#7367 = CARTESIAN_POINT ( 'NONE',  ( -0.4238597245712854011, 0.5658004866359795937, 0.2556034584419079603 ) ) ;
#7368 = CARTESIAN_POINT ( 'NONE',  ( -1.311254768768276069, 0.04468977656013247562, 0.07293061416092791460 ) ) ;
#7369 = CARTESIAN_POINT ( 'NONE',  ( -1.517859724571285707, 0.5658004866359795937, 0.3756034584419081224 ) ) ;
#7370 = ORIENTED_EDGE ( 'NONE', *, *, #6363, .F. ) ;
#7371 = ORIENTED_EDGE ( 'NONE', *, *, #159, .F. ) ;
#7372 = CARTESIAN_POINT ( 'NONE',  ( -0.5204343294712049373, 0.9071704176555190902, 0.1056236808940793775 ) ) ;
#7373 = CARTESIAN_POINT ( 'NONE',  ( -0.9576783794604682987, 1.163164410367957702, 0.05439026997298798682 ) ) ;
#7374 = EDGE_CURVE ( 'NONE', #7601, #3680, #5852, .T. ) ;
#7375 = CARTESIAN_POINT ( 'NONE',  ( -0.6671458240340465418, 0.07611745530422792116, 0.06023375742572544683 ) ) ;
#7376 = ORIENTED_EDGE ( 'NONE', *, *, #1771, .T. ) ;
#7377 = CARTESIAN_POINT ( 'NONE',  ( -1.367406271170839682, 1.050573830755446414, 0.1425820225329080537 ) ) ;
#7378 = CARTESIAN_POINT ( 'NONE',  ( -1.279876131204324530, 1.103606465964998895, 0.1256395161342157840 ) ) ;
#7379 = CARTESIAN_POINT ( 'NONE',  ( -0.5531245952670407195, 0.5814254866359794827, 0.07119400962301036806 ) ) ;
#7380 = EDGE_CURVE ( 'NONE', #661, #5329, #1796, .T. ) ;
#7381 = DIRECTION ( 'NONE',  ( 0.000000000000000000, 0.000000000000000000, 1.000000000000000000 ) ) ;
#7382 = VERTEX_POINT ( 'NONE', #7065 ) ;
#7383 = CARTESIAN_POINT ( 'NONE',  ( -0.8618114458971172231, -0.01461429690439707517, 0.09051697043586993952 ) ) ;
#7384 = CARTESIAN_POINT ( 'NONE',  ( -0.5799769532556673379, 0.9802227001437335829, 0.1485511353162854431 ) ) ;
#7385 = CARTESIAN_POINT ( 'NONE',  ( -1.192747577080763843, -0.007031196800855568467, 0.1027968315335000132 ) ) ;
#7386 = DIRECTION ( 'NONE',  ( -0.000000000000000000, -0.000000000000000000, 1.000000000000000000 ) ) ;
#7387 = CARTESIAN_POINT ( 'NONE',  ( -0.8796650925412751176, 1.150601250459566627, 0.02620056571169718240 ) ) ;
#7388 = VERTEX_POINT ( 'NONE', #2957 ) ;
#7389 = CARTESIAN_POINT ( 'NONE',  ( -1.034386061993211703, -0.03384830179941882705, 0.1208695159946274605 ) ) ;
#7390 = CARTESIAN_POINT ( 'NONE',  ( -0.7733464924254387363, 1.115485291922388766, 0.1025265353649850164 ) ) ;
#7391 = CARTESIAN_POINT ( 'NONE',  ( -0.9693641344208726585, -0.03254735739553896862, 0.08326283026809906673 ) ) ;
#7392 = ORIENTED_EDGE ( 'NONE', *, *, #7051, .F. ) ;
#7393 = AXIS2_PLACEMENT_3D ( 'NONE', #65, #4796, #2190 ) ;
#7394 = VECTOR ( 'NONE', #4465, 39.37007874015748143 ) ;
#7395 = CARTESIAN_POINT ( 'NONE',  ( -1.346461038476449046, 0.06641947335838577215, 0.08178536640064767993 ) ) ;
#7396 = CARTESIAN_POINT ( 'NONE',  ( -1.281520659213775115, 0.02880967459643010362, 0.07981290577917374285 ) ) ;
#7397 = COORDINATED_UNIVERSAL_TIME_OFFSET ( 5, 0, .BEHIND. ) ;
#7398 = CARTESIAN_POINT ( 'NONE',  ( -1.309095153982392068, 1.088140665922229688, 0.1534862815112796042 ) ) ;
#7399 = CARTESIAN_POINT ( 'NONE',  ( -0.5713694960017359215, 0.9710194934055129679, 0.1417509239759688899 ) ) ;
#7400 = CARTESIAN_POINT ( 'NONE',  ( -1.285615759781257639, 0.03087176757116737169, 0.09661937019924732306 ) ) ;
#7401 = CARTESIAN_POINT ( 'NONE',  ( -1.013859724571285925, 0.5658004866359794827, 0.07119400962301036806 ) ) ;
#7402 = CARTESIAN_POINT ( 'NONE',  ( -0.7056920937868335075, 1.080613811246525557, 0.1355982746101655756 ) ) ;
#7403 = CARTESIAN_POINT ( 'NONE',  ( -1.613859724571285792, 0.5658004866359795937, 0.2456034584419083677 ) ) ;
#7404 = VERTEX_POINT ( 'NONE', #5706 ) ;
#7405 = CARTESIAN_POINT ( 'NONE',  ( -1.339657142380242583, 0.06195802812046532354, 0.04356612603065965900 ) ) ;
#7406 = CARTESIAN_POINT ( 'NONE',  ( -1.158041454453296204, 1.148219261031371730, 0.1025265353649850164 ) ) ;
#7407 = CARTESIAN_POINT ( 'NONE',  ( -1.168164818094220125, 1.145620015067947195, 0.1254109555305882306 ) ) ;
#7408 = ADVANCED_FACE ( 'NONE', ( #8544 ), #5023, .F. ) ;
#7409 = VECTOR ( 'NONE', #1573, 39.37007874015748143 ) ;
#7410 = CARTESIAN_POINT ( 'NONE',  ( -1.329966685971614604, 0.05582360423387304482, 0.1205689693253165357 ) ) ;
#7411 = B_SPLINE_CURVE_WITH_KNOTS ( 'NONE', 3,
 ( #6043, #6687, #8066, #3176, #1787, #1876, #2575, #4684, #2624, #6605, #408, #1185, #8898, #8019, #3135 ),
 .UNSPECIFIED., .F., .F.,
 ( 4, 1, 2, 2, 1, 1, 2, 2, 4 ),
 ( 0.000000000000000000, 0.1249999999999708566, 0.1874999999999706068, 0.2499999999999703570, 0.3749999999999698574, 0.4374999999999692468, 0.4687499999999692468, 0.4999999999999692468, 1.000000000000000000 ),
 .UNSPECIFIED. ) ;
#7412 = CARTESIAN_POINT ( 'NONE',  ( -1.228019369014693218, 1.126278656816237067, 0.1334818392589936231 ) ) ;
#7413 = ORIENTED_EDGE ( 'NONE', *, *, #1495, .T. ) ;
#7414 = EDGE_CURVE ( 'NONE', #5707, #1081, #8447, .T. ) ;
#7415 = ORIENTED_EDGE ( 'NONE', *, *, #582, .T. ) ;
#7416 = AXIS2_PLACEMENT_3D ( 'NONE', #7798, #8540, #1418 ) ;
#7417 = CIRCLE ( 'NONE', #4206, 0.5040000000000000036 ) ;
#7418 = CARTESIAN_POINT ( 'NONE',  ( -1.353663911721000090, 1.060303402956678687, 0.1186474264704938525 ) ) ;
#7419 = DIRECTION ( 'NONE',  ( -0.2152984080229442543, -0.9765483067942853923, 0.000000000000000000 ) ) ;
#7420 = CARTESIAN_POINT ( 'NONE',  ( -1.013859724571285925, 0.5658004866359794827, 0.2706034573935184873 ) ) ;
#7421 = ORIENTED_EDGE ( 'NONE', *, *, #6414, .F. ) ;
#7422 = CARTESIAN_POINT ( 'NONE',  ( -0.9552859355139386999, 1.162936395742489193, 0.08340838304773774692 ) ) ;
#7423 = CARTESIAN_POINT ( 'NONE',  ( -1.464125022619656269, 0.5400679901886431544, 0.08119400962301094593 ) ) ;
#7424 = VECTOR ( 'NONE', #6901, 39.37007874015748143 ) ;
#7425 = CARTESIAN_POINT ( 'NONE',  ( -0.9634817191752116372, 1.163681920168584627, 0.07371216020822668469 ) ) ;
#7426 = AXIS2_PLACEMENT_3D ( 'NONE', #2808, #4912, #5739 ) ;
#7427 = CARTESIAN_POINT ( 'NONE',  ( -1.173485916144781260, 1.144177913674826019, 0.09715986272882647101 ) ) ;
#7428 = EDGE_CURVE ( 'NONE', #8815, #1453, #6393, .T. ) ;
#7429 = ORIENTED_EDGE ( 'NONE', *, *, #5305, .T. ) ;
#7430 = AXIS2_PLACEMENT_3D ( 'NONE', #6604, #5325, #1925 ) ;
#7431 = CARTESIAN_POINT ( 'NONE',  ( -0.6996624042209588223, 1.076956404223294195, 0.1066121482883524846 ) ) ;
#7432 = CONICAL_SURFACE ( 'NONE', #3490, 0.5074999999999998401, 0.5241119331426197236 ) ;
#7433 = CARTESIAN_POINT ( 'NONE',  ( -0.5786925933973939840, 0.9788746221216498844, 0.1483684282453674730 ) ) ;
#7434 = LINE ( 'NONE', #5293, #1116 ) ;
#7435 = CARTESIAN_POINT ( 'NONE',  ( -1.008154922734478598, -0.03417239218355591635, 0.1370457969605385629 ) ) ;
#7436 = CARTESIAN_POINT ( 'NONE',  ( -1.438331138283200916, 0.9898571089653662725, 0.09560345844190808184 ) ) ;
#7437 = CIRCLE ( 'NONE', #1141, 0.5040000000000000036 ) ;
#7438 = AXIS2_PLACEMENT_3D ( 'NONE', #8399, #97, #8495 ) ;
#7439 = VERTEX_POINT ( 'NONE', #2311 ) ;
#7440 = EDGE_CURVE ( 'NONE', #5594, #1715, #5961, .T. ) ;
#7441 = CARTESIAN_POINT ( 'NONE',  ( -0.6783207833864988157, 1.063207407313102593, 0.1642203731742818418 ) ) ;
#7442 = VERTEX_POINT ( 'NONE', #6554 ) ;
#7443 = CARTESIAN_POINT ( 'NONE',  ( -1.061943602181955049, 1.163870787710971300, 0.1396171761825399371 ) ) ;
#7444 = CARTESIAN_POINT ( 'NONE',  ( -1.278624787007956121, 0.02737732783648734111, 0.08362184534406146008 ) ) ;
#7445 = SHAPE_DEFINITION_REPRESENTATION ( #8859, #7026 ) ;
#7446 = LINE ( 'NONE', #6023, #692 ) ;
#7447 = CIRCLE ( 'NONE', #5720, 0.5999999999999998668 ) ;
#7448 = CARTESIAN_POINT ( 'NONE',  ( -1.377448781616679163, 1.043087918553436522, 0.1053650271905809677 ) ) ;
#7449 = CARTESIAN_POINT ( 'NONE',  ( -1.276740546951413924, 1.105151730094649176, 0.1446649302758442612 ) ) ;
#7450 = CARTESIAN_POINT ( 'NONE',  ( -0.9381305024145820681, 1.161002204469135934, 0.1286803815188311828 ) ) ;
#7451 = CARTESIAN_POINT ( 'NONE',  ( -0.9395224604431713367, -0.02957674768233836335, 0.1052541541848951018 ) ) ;
#7452 = CARTESIAN_POINT ( 'NONE',  ( -0.7100005994386604513, 1.083168499760885695, 0.1302159993493462453 ) ) ;
#7453 = CARTESIAN_POINT ( 'NONE',  ( -1.360082742618922591, 1.055831319003844637, 0.1238165899585767782 ) ) ;
#7454 = VERTEX_POINT ( 'NONE', #281 ) ;
#7455 = CARTESIAN_POINT ( 'NONE',  ( -0.8338223048096410350, 1.138152238171317387, 0.1025265353649850164 ) ) ;
#7456 = LINE ( 'NONE', #481, #8476 ) ;
#7457 = CARTESIAN_POINT ( 'NONE',  ( -1.164287152402731174, 1.146637462364681337, 0.1165235563118095369 ) ) ;
#7458 = AXIS2_PLACEMENT_3D ( 'NONE', #969, #8032, #5125 ) ;
#7459 = CARTESIAN_POINT ( 'NONE',  ( -1.308658837360910931, 0.04321698433088670688, 0.07003574136457520194 ) ) ;
#7460 = CARTESIAN_POINT ( 'NONE',  ( -1.013859724571285925, 0.5658004866359794827, 0.07119400962301036806 ) ) ;
#7461 = ORIENTED_EDGE ( 'NONE', *, *, #8208, .T. ) ;
#7462 = ORIENTED_EDGE ( 'NONE', *, *, #2966, .F. ) ;
#7463 = FACE_OUTER_BOUND ( 'NONE', #1043, .T. ) ;
#7464 = CARTESIAN_POINT ( 'NONE',  ( -0.9579254834906973937, 1.163187598027146219, 0.04771134223099281896 ) ) ;
#7465 = DIRECTION ( 'NONE',  ( 1.000000000000000000, 0.000000000000000000, 0.000000000000000000 ) ) ;
#7466 = VERTEX_POINT ( 'NONE', #103 ) ;
#7467 = CARTESIAN_POINT ( 'NONE',  ( -1.016389513079114737, 1.165795153420698060, 0.1209880738265234762 ) ) ;
#7468 = FACE_OUTER_BOUND ( 'NONE', #7296, .T. ) ;
#7469 = CARTESIAN_POINT ( 'NONE',  ( -0.8366667439955433050, -0.007438302496239187697, 0.07353655307556690446 ) ) ;
#7470 = CARTESIAN_POINT ( 'NONE',  ( -1.454828740129903597, 0.9726743335680027025, 0.1556034584419080935 ) ) ;
#7471 = ORIENTED_EDGE ( 'NONE', *, *, #6408, .T. ) ;
#7472 = FACE_OUTER_BOUND ( 'NONE', #6867, .T. ) ;
#7473 = DIRECTION ( 'NONE',  ( -0.7168322281966846843, 0.6972456931516868295, 0.000000000000000000 ) ) ;
#7474 = ORIENTED_EDGE ( 'NONE', *, *, #3508, .T. ) ;
#7475 = CARTESIAN_POINT ( 'NONE',  ( -0.9274770582699373156, 1.159549621727000490, 0.05648582793236889277 ) ) ;
#7476 = CARTESIAN_POINT ( 'NONE',  ( -1.168686338371889066, 1.145480329013682574, 0.02524239506341917003 ) ) ;
#7477 = CARTESIAN_POINT ( 'NONE',  ( -1.009340439302934378, -0.03418271074449840546, 0.1431484400349669617 ) ) ;
#7478 = ADVANCED_FACE ( 'NONE', ( #8500 ), #2227, .F. ) ;
#7479 = CARTESIAN_POINT ( 'NONE',  ( -0.8810088698895187642, 1.150907870293307766, 0.02898559120850134965 ) ) ;
#7480 = ORIENTED_EDGE ( 'NONE', *, *, #8527, .T. ) ;
#7481 = VERTEX_POINT ( 'NONE', #7375 ) ;
#7482 = CARTESIAN_POINT ( 'NONE',  ( -1.378000532020267066, 1.042667957610466489, 0.1279276675027587185 ) ) ;
#7483 = ORIENTED_EDGE ( 'NONE', *, *, #3509, .F. ) ;
#7484 = CARTESIAN_POINT ( 'NONE',  ( -1.242969339455157973, 1.120335232497556177, 0.1289568238265234867 ) ) ;
#7485 = CARTESIAN_POINT ( 'NONE',  ( -1.130305633304587332, 1.154392323428909739, 0.06507259473706368536 ) ) ;
#7486 = ORIENTED_EDGE ( 'NONE', *, *, #8206, .T. ) ;
#7487 = CARTESIAN_POINT ( 'NONE',  ( -1.380750225618522453, 1.040555404077988078, 0.09959705049035219582 ) ) ;
#7488 = CARTESIAN_POINT ( 'NONE',  ( -1.273549924957862345, 1.106689662384531703, 0.1362982509813818743 ) ) ;
#7489 = DIRECTION ( 'NONE',  ( -0.3166505148087070398, -0.9485422771133508180, 0.000000000000000000 ) ) ;
#7490 = CARTESIAN_POINT ( 'NONE',  ( -1.176392747957624385, -0.01176597387648468246, 0.1456034584419077238 ) ) ;
#7491 = DIRECTION ( 'NONE',  ( 0.000000000000000000, 0.000000000000000000, -1.000000000000000000 ) ) ;
#7492 = CARTESIAN_POINT ( 'NONE',  ( -1.035622612540370691, -0.03380469738701149390, 0.06655724145384996071 ) ) ;
#7493 = ORIENTED_EDGE ( 'NONE', *, *, #8627, .T. ) ;
#7494 = CARTESIAN_POINT ( 'NONE',  ( -1.047029237709491856, 1.164882937888037429, 0.03893503897075426684 ) ) ;
#7495 = CARTESIAN_POINT ( 'NONE',  ( -1.464125022619656269, 0.5915329830833158109, 0.1511940096230110220 ) ) ;
#7496 = CARTESIAN_POINT ( 'NONE',  ( -0.9072873807293492243, -0.02465898782065601563, 0.1113321682494880505 ) ) ;
#7497 = VERTEX_POINT ( 'NONE', #449 ) ;
#7498 = ORIENTED_EDGE ( 'NONE', *, *, #5864, .T. ) ;
#7499 = B_SPLINE_CURVE_WITH_KNOTS ( 'NONE', 3,
 ( #8022, #6560, #4559, #285, #6478, #3865, #959, #8641, #365, #3095, #236, #8721, #196, #8682, #3178, #2447, #5160, #5241, #3005, #5879, #1750, #1009, #2407, #7337, #5963, #6606, #3730, #7294, #7933, #6514, #1618, #1051, #5795, #5115, #4428, #5066, #1568, #3045, #3825 ),
 .UNSPECIFIED., .F., .F.,
 ( 4, 1, 1, 2, 2, 2, 2, 2, 1, 2, 2, 1, 2, 2, 2, 1, 1, 2, 2, 1, 2, 2, 4 ),
 ( 0.000000000000000000, 0.03124999999998990391, 0.04687499999998900879, 0.05468749999998857164, 0.06249999999998813449, 0.1249999999999956979, 0.1875000000000032474, 0.2500000000000108247, 0.3125000000000183742, 0.3437500000000193179, 0.3750000000000202616, 0.4375000000000230371, 0.4687500000000243139, 0.5000000000000256462, 0.6250000000000214273, 0.6875000000000194289, 0.7187500000000177636, 0.7343750000000175415, 0.7500000000000172085, 0.8125000000000126565, 0.8437500000000106581, 0.8750000000000086597, 1.000000000000000000 ),
 .UNSPECIFIED. ) ;
#7500 = CARTESIAN_POINT ( 'NONE',  ( -1.300148539778627432, 1.093094573113368329, 0.1019307088933342764 ) ) ;
#7501 = ORIENTED_EDGE ( 'NONE', *, *, #6075, .T. ) ;
#7502 = ORIENTED_EDGE ( 'NONE', *, *, #5909, .F. ) ;
#7503 = CARTESIAN_POINT ( 'NONE',  ( -1.347575128700599700, 0.06716804172761711711, 0.1341542083581006850 ) ) ;
#7504 = CARTESIAN_POINT ( 'NONE',  ( -0.9424709996032216708, 1.161538390371702700, 0.07730685053592520339 ) ) ;
#7505 = CARTESIAN_POINT ( 'NONE',  ( -1.350165858086989079, 0.06891167042564232126, 0.1383294740070006024 ) ) ;
#7506 = ORIENTED_EDGE ( 'NONE', *, *, #262, .T. ) ;
#7507 = CARTESIAN_POINT ( 'NONE',  ( -1.198717129883510424, 1.136613713270779646, 0.1309880738265234712 ) ) ;
#7508 = LINE ( 'NONE', #1228, #838 ) ;
#7509 = CARTESIAN_POINT ( 'NONE',  ( -0.9666711478530412016, 1.163941978859391435, 0.06369612789488061921 ) ) ;
#7510 = FACE_OUTER_BOUND ( 'NONE', #7661, .T. ) ;
#7511 = VERTEX_POINT ( 'NONE', #8763 ) ;
#7512 = CARTESIAN_POINT ( 'NONE',  ( -1.305573462855216915, 0.04148846188582391847, 0.1081363205414750256 ) ) ;
#7513 = CARTESIAN_POINT ( 'NONE',  ( -1.251232890881508464, 0.01475108221044752616, 0.1007084223190826272 ) ) ;
#7514 = DIRECTION ( 'NONE',  ( 2.678332138011547403E-34, -1.000000000000000000, 0.000000000000000000 ) ) ;
#7515 = VERTEX_POINT ( 'NONE', #7332 ) ;
#7516 = CARTESIAN_POINT ( 'NONE',  ( -0.9271917332682338975, 1.159508075651346726, 0.05301716922935376802 ) ) ;
#7517 = CARTESIAN_POINT ( 'NONE',  ( -0.8736970621704653883, 1.149202884378043521, 0.01940344119208620155 ) ) ;
#7518 = DIRECTION ( 'NONE',  ( -0.6781496581344068630, 0.7349238335856220772, 0.000000000000000000 ) ) ;
#7519 = EDGE_CURVE ( 'NONE', #7902, #1579, #7122, .T. ) ;
#7520 = ADVANCED_FACE ( 'NONE', ( #3995 ), #5227, .T. ) ;
#7521 = CARTESIAN_POINT ( 'NONE',  ( -0.8956298621295938345, 1.154036578377227951, 0.1556034584419080935 ) ) ;
#7522 = EDGE_LOOP ( 'NONE', ( #5680, #355, #603, #466, #282 ) ) ;
#7523 = ORIENTED_EDGE ( 'NONE', *, *, #7205, .F. ) ;
#7524 = EDGE_CURVE ( 'NONE', #853, #1012, #7856, .T. ) ;
#7525 = B_SPLINE_CURVE_WITH_KNOTS ( 'NONE', 3,
 ( #5861, #4540, #3158, #3119, #5778, #6461, #5944, #2989, #5901, #1600, #5269, #7320, #8705, #8620, #2430, #5222, #1641, #3715, #8002, #1731, #8665, #6499, #8749, #7917, #1035, #6542, #3847, #943, #5182 ),
 .UNSPECIFIED., .F., .F.,
 ( 4, 2, 2, 2, 2, 2, 2, 1, 1, 2, 2, 1, 1, 1, 2, 2, 4 ),
 ( 0.000000000000000000, 0.03124999999999750894, 0.06249999999999501787, 0.1249999999999934219, 0.2499999999999878431, 0.3124999999999861222, 0.3749999999999844014, 0.4374999999999827360, 0.4687499999999810707, 0.4843749999999797384, 0.4999999999999784617, 0.6249999999999834577, 0.6874999999999859002, 0.7187499999999865663, 0.7343749999999870104, 0.7499999999999873435, 1.000000000000000000 ),
 .UNSPECIFIED. ) ;
#7526 = EDGE_CURVE ( 'NONE', #5916, #2158, #99, .T. ) ;
#7527 = CARTESIAN_POINT ( 'NONE',  ( -1.375051085265319273, 1.044904666820761996, 0.1345405794589004667 ) ) ;
#7528 = VERTEX_POINT ( 'NONE', #1825 ) ;
#7529 = CARTESIAN_POINT ( 'NONE',  ( -0.8789712017897134411, -0.01884976954182947945, 0.05866356109742665303 ) ) ;
#7530 = LINE ( 'NONE', #7485, #2194 ) ;
#7531 = EDGE_LOOP ( 'NONE', ( #8835, #3139, #8520, #4622 ) ) ;
#7532 = VERTEX_POINT ( 'NONE', #1181 ) ;
#7533 = CARTESIAN_POINT ( 'NONE',  ( -0.5066003142347212940, 0.5814254866359794827, 0.07119400962301036806 ) ) ;
#7534 = EDGE_CURVE ( 'NONE', #21, #3056, #8808, .T. ) ;
#7535 = CARTESIAN_POINT ( 'NONE',  ( -1.013859724571285925, 0.5658004866359794827, 0.2556034584419079603 ) ) ;
#7536 = CARTESIAN_POINT ( 'NONE',  ( -1.383356175280533451, 1.038529160205923230, 0.1139881897838934954 ) ) ;
#7537 = AXIS2_PLACEMENT_3D ( 'NONE', #4321, #50, #6279 ) ;
#7538 = CARTESIAN_POINT ( 'NONE',  ( -0.9165927184536761807, -0.02626490475135867531, 0.1414864165402782148 ) ) ;
#7539 = CARTESIAN_POINT ( 'NONE',  ( -1.471114560202579691, 0.5468194266794446090, 0.09955855284874003119 ) ) ;
#7540 = ORIENTED_EDGE ( 'NONE', *, *, #3799, .F. ) ;
#7541 = EDGE_CURVE ( 'NONE', #8580, #7454, #4766, .T. ) ;
#7542 = CARTESIAN_POINT ( 'NONE',  ( -1.342215455273180869, 0.06362248196921299614, 0.04521868842604185451 ) ) ;
#7543 = DIRECTION ( 'NONE',  ( -0.000000000000000000, -0.000000000000000000, 1.000000000000000000 ) ) ;
#7544 = CARTESIAN_POINT ( 'NONE',  ( -0.9111642038214090578, -0.02534555200349497550, 0.1003123587713404125 ) ) ;
#7545 = B_SPLINE_CURVE_WITH_KNOTS ( 'NONE', 3,
 ( #4949, #4166, #4306, #8283, #1452, #4264, #5624, #3525, #6941, #6257, #760, #5534, #656, #3468 ),
 .UNSPECIFIED., .F., .F.,
 ( 4, 2, 2, 1, 1, 2, 2, 4 ),
 ( 0.000000000000000000, 0.2499999999999830136, 0.3749999999999787392, 0.4374999999999707456, 0.4687499999999668043, 0.4843749999999648614, 0.4999999999999629186, 1.000000000000000000 ),
 .UNSPECIFIED. ) ;
#7546 = ORIENTED_EDGE ( 'NONE', *, *, #1993, .T. ) ;
#7547 = AXIS2_PLACEMENT_3D ( 'NONE', #5048, #5683, #8481 ) ;
#7548 = CIRCLE ( 'NONE', #3872, 0.5999999999999998668 ) ;
#7549 = EDGE_CURVE ( 'NONE', #3645, #4271, #3020, .T. ) ;
#7550 = FACE_OUTER_BOUND ( 'NONE', #34, .T. ) ;
#7551 = VERTEX_POINT ( 'NONE', #2807 ) ;
#7552 = EDGE_CURVE ( 'NONE', #5320, #3149, #2374, .T. ) ;
#7553 = ORIENTED_EDGE ( 'NONE', *, *, #7982, .F. ) ;
#7554 = CARTESIAN_POINT ( 'NONE',  ( -1.335728613951908450, 0.05943974350543086010, 0.1411763950725384298 ) ) ;
#7555 = EDGE_CURVE ( 'NONE', #2178, #8122, #5667, .T. ) ;
#7556 = CARTESIAN_POINT ( 'NONE',  ( -1.183696910143654968, 1.141262265480943006, 0.09562574908947880925 ) ) ;
#7557 = CARTESIAN_POINT ( 'NONE',  ( -1.344530747039701879, 0.06513807034742886970, 0.1430946218915739587 ) ) ;
#7558 = AXIS2_PLACEMENT_3D ( 'NONE', #6001, #489, #1746 ) ;
#7559 = VERTEX_POINT ( 'NONE', #5593 ) ;
#7560 = DIRECTION ( 'NONE',  ( 0.2730418294141453983, 0.9620021618427770926, 0.000000000000000000 ) ) ;
#7561 = FACE_BOUND ( 'NONE', #8225, .T. ) ;
#7562 = EDGE_CURVE ( 'NONE', #105, #4200, #1967, .T. ) ;
#7563 = DIRECTION ( 'NONE',  ( 0.000000000000000000, 0.000000000000000000, -1.000000000000000000 ) ) ;
#7564 = CIRCLE ( 'NONE', #5814, 0.4724999999999999201 ) ;
#7565 = CARTESIAN_POINT ( 'NONE',  ( -1.280614099417845431, 1.103240840869120998, 0.1336412004970308764 ) ) ;
#7566 = ORIENTED_EDGE ( 'NONE', *, *, #3440, .T. ) ;
#7567 = B_SPLINE_CURVE_WITH_KNOTS ( 'NONE', 3,
 ( #820, #1607, #6425, #3542, #910, #4322, #5701, #1558, #146, #8579 ),
 .UNSPECIFIED., .F., .F.,
 ( 4, 2, 2, 2, 4 ),
 ( 0.000000000000000000, 0.2499999999999981126, 0.3749999999999971689, 0.4999999999999962252, 1.000000000000000000 ),
 .UNSPECIFIED. ) ;
#7568 = B_SPLINE_CURVE_WITH_KNOTS ( 'NONE', 3,
 ( #5210, #5129, #208, #4569, #5891, #5809, #7308, #3107, #3835, #4610, #8693, #4478, #3704, #8605, #1630, #4439, #3791, #7217, #933, #5931, #3744, #5256, #8737, #5848, #7258, #974, #2419, #6283, #6923 ),
 .UNSPECIFIED., .F., .F.,
 ( 4, 1, 2, 2, 2, 2, 1, 2, 2, 1, 2, 2, 1, 1, 2, 2, 4 ),
 ( 0.000000000000000000, 0.03125000000000908301, 0.04687500000001516148, 0.06250000000002123302, 0.1250000000000384137, 0.2500000000000786593, 0.3750000000001189049, 0.4375000000001335043, 0.5000000000001481038, 0.6250000000001689759, 0.6875000000001755263, 0.7500000000001819656, 0.8125000000001885159, 0.8437500000001806333, 0.8593750000001615375, 0.8750000000001424416, 1.000000000000000000 ),
 .UNSPECIFIED. ) ;
#7569 = CARTESIAN_POINT ( 'NONE',  ( -0.5234993475574953870, 0.9115574089375902966, 0.1165293112904024070 ) ) ;
#7570 = CARTESIAN_POINT ( 'NONE',  ( -1.006025838118995264, 1.165749360318211858, 0.02398495710632089079 ) ) ;
#7571 = CARTESIAN_POINT ( 'NONE',  ( -1.254777556882059164, 0.01629268377997442063, 0.1022696330984542989 ) ) ;
#7572 = CARTESIAN_POINT ( 'NONE',  ( -1.354726885569492723, 1.059592666989431109, 0.1265627738200578445 ) ) ;
#7573 = ORIENTED_EDGE ( 'NONE', *, *, #3177, .T. ) ;
#7574 = FACE_OUTER_BOUND ( 'NONE', #2997, .T. ) ;
#7575 = CARTESIAN_POINT ( 'NONE',  ( -0.4905851232833143838, 0.8593710842729149757, 0.1163273651869994874 ) ) ;
#7576 = AXIS2_PLACEMENT_3D ( 'NONE', #2009, #4763, #4214 ) ;
#7577 = DIRECTION ( 'NONE',  ( 0.000000000000000000, 0.000000000000000000, 1.000000000000000000 ) ) ;
#7578 = CARTESIAN_POINT ( 'NONE',  ( -0.8763309936605562234, 1.149826045581470835, 0.01692234981125417467 ) ) ;
#7579 = ORIENTED_EDGE ( 'NONE', *, *, #4142, .T. ) ;
#7580 = ORIENTED_EDGE ( 'NONE', *, *, #548, .F. ) ;
#7581 = AXIS2_PLACEMENT_3D ( 'NONE', #5416, #1227, #7560 ) ;
#7582 = CARTESIAN_POINT ( 'NONE',  ( -1.000853217049209931, -0.03405873243360512531, 0.1085622417679313612 ) ) ;
#7583 = VERTEX_POINT ( 'NONE', #8251 ) ;
#7584 = CARTESIAN_POINT ( 'NONE',  ( -0.8826532292814217584, -0.01969334471981553855, 0.05781955563181111896 ) ) ;
#7585 = CYLINDRICAL_SURFACE ( 'NONE', #3065, 0.5999999999999998668 ) ;
#7586 = VECTOR ( 'NONE', #7874, 39.37007874015748854 ) ;
#7587 = AXIS2_PLACEMENT_3D ( 'NONE', #6241, #5394, #2133 ) ;
#7588 = VERTEX_POINT ( 'NONE', #1408 ) ;
#7589 = CARTESIAN_POINT ( 'NONE',  ( -1.388023464203155255, 1.034844187220468115, 0.09591666954542131529 ) ) ;
#7590 = CARTESIAN_POINT ( 'NONE',  ( -0.4798597245712858950, 0.5658004866359794827, 0.2256034584419080447 ) ) ;
#7591 = CARTESIAN_POINT ( 'NONE',  ( -0.6729033915375227659, 1.059509691728063530, 0.1590184333847569909 ) ) ;
#7592 = CARTESIAN_POINT ( 'NONE',  ( -0.9517367173848469974, 1.162576032646384538, 0.01776590599178295982 ) ) ;
#7593 = CARTESIAN_POINT ( 'NONE',  ( -1.013859724571285925, 0.5658004866359794827, 0.3756034584419081224 ) ) ;
#7594 = VERTEX_POINT ( 'NONE', #4224 ) ;
#7595 = CARTESIAN_POINT ( 'NONE',  ( -1.013859724571285925, 0.5658004866359794827, 0.08560345844190808684 ) ) ;
#7596 = CARTESIAN_POINT ( 'NONE',  ( -1.013859724571286147, 0.5658004866359794827, 0.1511940096230102448 ) ) ;
#7597 = DIRECTION ( 'NONE',  ( 0.7071067811865378028, 8.659560562354814529E-17, -0.7071067811865571207 ) ) ;
#7598 = EDGE_CURVE ( 'NONE', #4926, #4567, #925, .T. ) ;
#7599 = EDGE_CURVE ( 'NONE', #3557, #9066, #3181, .T. ) ;
#7600 = CIRCLE ( 'NONE', #2638, 0.5999999999999998668 ) ;
#7601 = VERTEX_POINT ( 'NONE', #4273 ) ;
#7602 = B_SPLINE_CURVE_WITH_KNOTS ( 'NONE', 3,
 ( #6391, #6564, #2411, #7978 ),
 .UNSPECIFIED., .F., .F.,
 ( 4, 4 ),
 ( 0.000000000000000000, 1.000000000000000000 ),
 .UNSPECIFIED. ) ;
#7603 = CARTESIAN_POINT ( 'NONE',  ( -1.024850444297939145, 1.165699814923559785, 0.09560345844190808184 ) ) ;
#7604 = VERTEX_POINT ( 'NONE', #2945 ) ;
#7605 = ORIENTED_EDGE ( 'NONE', *, *, #4409, .T. ) ;
#7606 = CARTESIAN_POINT ( 'NONE',  ( -0.5750603623716056267, 0.9750147035146963237, 0.1042327217963918695 ) ) ;
#7607 = DIRECTION ( 'NONE',  ( 1.000000000000000000, 0.000000000000000000, 0.000000000000000000 ) ) ;
#7608 = AXIS2_PLACEMENT_3D ( 'NONE', #4502, #1179, #7286 ) ;
#7609 = CARTESIAN_POINT ( 'NONE',  ( -1.382977459352501270, 1.038825251681100070, 0.1318402297992314898 ) ) ;
#7610 = EDGE_LOOP ( 'NONE', ( #2368, #6105, #4460, #1910, #5771, #890, #5402, #8525, #532, #1654, #6317, #1364, #2854, #6426, #2751, #8322, #2829, #7621, #1614, #3742, #7177, #6356, #7866, #3372, #619, #4323, #4086, #2075, #5952, #7392, #4081, #4736 ) ) ;
#7611 = CARTESIAN_POINT ( 'NONE',  ( -0.9568294484209610706, 1.163083967362121829, 0.02993594348755609924 ) ) ;
#7612 = FACE_BOUND ( 'NONE', #375, .T. ) ;
#7613 = CARTESIAN_POINT ( 'NONE',  ( -1.318937965215262853, 0.04915044348725821494, 0.05891999450843996011 ) ) ;
#7614 = EDGE_CURVE ( 'NONE', #4571, #4722, #7054, .T. ) ;
#7615 = CARTESIAN_POINT ( 'NONE',  ( -1.505985708823254665, 0.5658004866359794827, 0.2200356885113051719 ) ) ;
#7616 = ORIENTED_EDGE ( 'NONE', *, *, #6210, .F. ) ;
#7617 = CARTESIAN_POINT ( 'NONE',  ( -1.309041243899129459, 0.04343263811839132710, 0.1176963428874492207 ) ) ;
#7618 = CARTESIAN_POINT ( 'NONE',  ( -1.013859724571286147, 0.5658004866359794827, 0.1567617795536129510 ) ) ;
#7619 = LINE ( 'NONE', #4102, #4353 ) ;
#7620 = CARTESIAN_POINT ( 'NONE',  ( -1.357558807471720863, 1.057609703098295828, 0.1253776229632889150 ) ) ;
#7621 = ORIENTED_EDGE ( 'NONE', *, *, #3824, .F. ) ;
#7622 = CARTESIAN_POINT ( 'NONE',  ( -0.9321575479498860339, 1.160212112740051982, 0.07217784447685328397 ) ) ;
#7623 = CARTESIAN_POINT ( 'NONE',  ( -0.4894328536205880265, 0.8573077119075916963, 0.1067161995674247715 ) ) ;
#7624 = CARTESIAN_POINT ( 'NONE',  ( -0.6970790819061527532, 1.075359980871352539, 0.09804563331714437335 ) ) ;
#7625 = LINE ( 'NONE', #1852, #4231 ) ;
#7626 = ORIENTED_EDGE ( 'NONE', *, *, #1041, .F. ) ;
#7627 = ORIENTED_EDGE ( 'NONE', *, *, #2120, .F. ) ;
#7628 = CARTESIAN_POINT ( 'NONE',  ( -1.007277424144810141, -0.03416340671185810751, 0.1280143240662362791 ) ) ;
#7629 = EDGE_LOOP ( 'NONE', ( #4678, #8586, #2938, #1781 ) ) ;
#7630 = CARTESIAN_POINT ( 'NONE',  ( -1.071653094337779555, 1.163065058735380797, 0.1356034584419081312 ) ) ;
#7631 = ORIENTED_EDGE ( 'NONE', *, *, #7916, .T. ) ;
#7632 = VERTEX_POINT ( 'NONE', #5052 ) ;
#7633 = LINE ( 'NONE', #5577, #6106 ) ;
#7634 = CARTESIAN_POINT ( 'NONE',  ( -0.7896573529555228621, 1.122337364625090927, 0.1025265353649850164 ) ) ;
#7635 = CARTESIAN_POINT ( 'NONE',  ( -0.6735078981282089927, 1.059926680874524685, 0.1621760435370246389 ) ) ;
#7636 = CARTESIAN_POINT ( 'NONE',  ( -0.9018923986683233807, -0.02369639509892392318, 0.1482629095997574364 ) ) ;
#7637 = CARTESIAN_POINT ( 'NONE',  ( -1.226115917064831473, 0.004598821681087604182, 0.1231023796271846354 ) ) ;
#7638 = EDGE_LOOP ( 'NONE', ( #7715, #4997, #778, #5689, #4155 ) ) ;
#7639 = CARTESIAN_POINT ( 'NONE',  ( -1.352206303091834316, 1.061303847867972161, 0.1019255918058604576 ) ) ;
#7640 = EDGE_CURVE ( 'NONE', #1886, #7799, #8574, .T. ) ;
#7641 = CARTESIAN_POINT ( 'NONE',  ( -1.179677444175829315, 1.142432678803979362, 0.1307157604816266416 ) ) ;
#7642 = VERTEX_POINT ( 'NONE', #5013 ) ;
#7643 = CARTESIAN_POINT ( 'NONE',  ( -0.4737000203186244041, 0.8270044321774409068, 0.1404439605414580516 ) ) ;
#7644 = DIRECTION ( 'NONE',  ( 0.000000000000000000, 0.000000000000000000, -1.000000000000000000 ) ) ;
#7645 = ORIENTED_EDGE ( 'NONE', *, *, #6612, .F. ) ;
#7646 = VERTEX_POINT ( 'NONE', #181 ) ;
#7647 = EDGE_CURVE ( 'NONE', #1264, #4361, #3619, .T. ) ;
#7648 = CARTESIAN_POINT ( 'NONE',  ( -0.7146417557540447607, 1.085869343333000447, 0.1286761474301604813 ) ) ;
#7649 = CARTESIAN_POINT ( 'NONE',  ( -1.393410278626780796, 1.030495415504550927, 0.1209880738265234762 ) ) ;
#7650 = CARTESIAN_POINT ( 'NONE',  ( -1.382576783737879733, 1.039137443670974825, 0.1325893936969472497 ) ) ;
#7651 = CARTESIAN_POINT ( 'NONE',  ( -1.531359724571285774, 0.5658004866359795937, 0.3656034584419079470 ) ) ;
#7652 = CARTESIAN_POINT ( 'NONE',  ( -0.4806286905900780670, 0.8408726746071459868, 0.09572473146504212327 ) ) ;
#7653 = FACE_BOUND ( 'NONE', #6252, .T. ) ;
#7654 = CARTESIAN_POINT ( 'NONE',  ( -1.013859724571285925, 0.5658004866359794827, 0.03554692555714249885 ) ) ;
#7655 = CARTESIAN_POINT ( 'NONE',  ( -0.5819619296927260876, 0.9822923088309983841, 0.09560828865721292258 ) ) ;
#7656 = ORIENTED_EDGE ( 'NONE', *, *, #261, .T. ) ;
#7657 = DIRECTION ( 'NONE',  ( -0.000000000000000000, -0.000000000000000000, 1.000000000000000000 ) ) ;
#7658 = CARTESIAN_POINT ( 'NONE',  ( -1.291698022502129950, 0.03400335747819330234, 0.04459973620803960731 ) ) ;
#7659 = CYLINDRICAL_SURFACE ( 'NONE', #5515, 0.5999999999999998668 ) ;
#7660 = CARTESIAN_POINT ( 'NONE',  ( -1.005283348368811058, 1.165739232200601938, 0.01135742815294486611 ) ) ;
#7661 = EDGE_LOOP ( 'NONE', ( #5846, #7950, #15, #6419, #704, #8437, #8171 ) ) ;
#7662 = CARTESIAN_POINT ( 'NONE',  ( -0.9289426672163816345, 1.159761003215402875, 0.06540827453882089304 ) ) ;
#7663 = CARTESIAN_POINT ( 'NONE',  ( -1.013859724571285925, 0.5658004866359794827, 0.3656034584419080580 ) ) ;
#7664 = CARTESIAN_POINT ( 'NONE',  ( -0.6913046184993029142, 1.071723606830037756, 0.1117813430572927036 ) ) ;
#7665 = CARTESIAN_POINT ( 'NONE',  ( -0.8070020209949487766, 0.002586592568082584417, 0.1002386382480148219 ) ) ;
#7666 = EDGE_LOOP ( 'NONE', ( #623, #2284, #7421, #8210, #6325 ) ) ;
#7667 = VERTEX_POINT ( 'NONE', #2300 ) ;
#7668 = DIRECTION ( 'NONE',  ( -0.000000000000000000, -0.000000000000000000, 1.000000000000000000 ) ) ;
#7669 = CARTESIAN_POINT ( 'NONE',  ( -1.198717129883510424, 1.136613713270779646, 0.1240649969034465366 ) ) ;
#7670 = EDGE_LOOP ( 'NONE', ( #4703, #6346, #2093, #5151 ) ) ;
#7671 = CARTESIAN_POINT ( 'NONE',  ( -1.245219965948969554, 1.119402733089985835, 0.1286761474301604813 ) ) ;
#7672 = EDGE_LOOP ( 'NONE', ( #4313, #7817, #4476, #1653 ) ) ;
#7673 = DIRECTION ( 'NONE',  ( -0.000000000000000000, -0.000000000000000000, 1.000000000000000000 ) ) ;
#7674 = EDGE_CURVE ( 'NONE', #5544, #2229, #3909, .T. ) ;
#7675 = ORIENTED_EDGE ( 'NONE', *, *, #764, .T. ) ;
#7676 = LINE ( 'NONE', #126, #6986 ) ;
#7677 = CARTESIAN_POINT ( 'NONE',  ( -1.385602418487469123, 1.036765110676410417, 0.1045596337635695122 ) ) ;
#7678 = CARTESIAN_POINT ( 'NONE',  ( -1.219931915230321628, 1.129302263951484253, 0.1140365748778005978 ) ) ;
#7679 = CARTESIAN_POINT ( 'NONE',  ( -0.9142547178636155625, -0.02587815768308494510, 0.1429208056529105153 ) ) ;
#7680 = CARTESIAN_POINT ( 'NONE',  ( -1.236053449914118696, 1.123142347528930607, 0.1349210716139687960 ) ) ;
#7681 = VERTEX_POINT ( 'NONE', #87 ) ;
#7682 = CARTESIAN_POINT ( 'NONE',  ( -1.301736374047820721, 0.03936269494085469639, 0.09998073583365293948 ) ) ;
#7683 = FACE_OUTER_BOUND ( 'NONE', #6092, .T. ) ;
#7684 = VERTEX_POINT ( 'NONE', #5095 ) ;
#7685 = CARTESIAN_POINT ( 'NONE',  ( -1.285199382211129837, 0.03066051411300282220, 0.06905587985742807355 ) ) ;
#7686 = CARTESIAN_POINT ( 'NONE',  ( -0.8837004950463613895, 1.151519014012490238, 0.03645037774891048826 ) ) ;
#7687 = ORIENTED_EDGE ( 'NONE', *, *, #5258, .T. ) ;
#7688 = ORIENTED_EDGE ( 'NONE', *, *, #2576, .F. ) ;
#7689 = CARTESIAN_POINT ( 'NONE',  ( -0.5171474135202532851, 0.9023667951850409263, 0.1088486507496004008 ) ) ;
#7690 = CARTESIAN_POINT ( 'NONE',  ( -1.143613275438641219, 1.151744979396536195, 0.06548310398241181940 ) ) ;
#7691 = DIRECTION ( 'NONE',  ( 0.000000000000000000, 0.000000000000000000, 1.000000000000000000 ) ) ;
#7692 = VERTEX_POINT ( 'NONE', #1552 ) ;
#7693 = CARTESIAN_POINT ( 'NONE',  ( -0.4839958025862177715, 0.8473042030515599565, 0.1037646597163609519 ) ) ;
#7694 = CARTESIAN_POINT ( 'NONE',  ( -1.173969814714649118, 1.144043379504765090, 0.1064771943472294091 ) ) ;
#7695 = AXIS2_PLACEMENT_3D ( 'NONE', #570, #8235, #7489 ) ;
#7696 = CIRCLE ( 'NONE', #2726, 0.5999999999999998668 ) ;
#7697 = CARTESIAN_POINT ( 'NONE',  ( -0.8867833320148348353, -0.02058811357282280124, 0.03480979938655206357 ) ) ;
#7698 = ADVANCED_FACE ( 'NONE', ( #3577, #6321 ), #139, .T. ) ;
#7699 = FACE_OUTER_BOUND ( 'NONE', #8879, .T. ) ;
#7700 = ORIENTED_EDGE ( 'NONE', *, *, #1938, .T. ) ;
#7701 = CC_DESIGN_APPROVAL ( #7242, ( #7719 ) ) ;
#7702 = AXIS2_PLACEMENT_3D ( 'NONE', #8621, #8435, #3535 ) ;
#7703 = FACE_BOUND ( 'NONE', #2330, .T. ) ;
#7704 = DIRECTION ( 'NONE',  ( 0.000000000000000000, -0.000000000000000000, 1.000000000000000000 ) ) ;
#7705 = CARTESIAN_POINT ( 'NONE',  ( -1.006810986574248057, -0.03415810801255868973, 0.07030564349863452356 ) ) ;
#7706 = ORIENTED_EDGE ( 'NONE', *, *, #4542, .T. ) ;
#7707 = VERTEX_POINT ( 'NONE', #6462 ) ;
#7708 = CARTESIAN_POINT ( 'NONE',  ( -1.257611226585302555, 0.01754373467809544618, 0.1121963028847542954 ) ) ;
#7709 = CARTESIAN_POINT ( 'NONE',  ( -0.8689890123769442587, -0.01644790678111547610, 0.1468527939310481090 ) ) ;
#7710 = CARTESIAN_POINT ( 'NONE',  ( -1.344141860002461275, 1.066713390273017481, 0.1560451668644574075 ) ) ;
#7711 = VECTOR ( 'NONE', #6012, 39.37007874015748143 ) ;
#7712 = EDGE_CURVE ( 'NONE', #9029, #2021, #7918, .T. ) ;
#7713 = EDGE_CURVE ( 'NONE', #2503, #1886, #9035, .T. ) ;
#7714 = CARTESIAN_POINT ( 'NONE',  ( -0.8622291709191474141, 1.146324538850136854, 0.05137995082972858507 ) ) ;
#7715 = ORIENTED_EDGE ( 'NONE', *, *, #6719, .T. ) ;
#7716 = VERTEX_POINT ( 'NONE', #5820 ) ;
#7717 = CIRCLE ( 'NONE', #4953, 0.5999999999999998668 ) ;
#7718 = CARTESIAN_POINT ( 'NONE',  ( -1.004917337306878933, -0.03413294590278781460, 0.1146026520073604171 ) ) ;
#7719 = PRODUCT_DEFINITION_FORMATION_WITH_SPECIFIED_SOURCE ( 'ANY', '', #8947, .NOT_KNOWN. ) ;
#7720 = CARTESIAN_POINT ( 'NONE',  ( -1.022600153937411660, -0.03413603202064051378, 0.04206787655217501809 ) ) ;
#7721 = ORIENTED_EDGE ( 'NONE', *, *, #3850, .T. ) ;
#7722 = CARTESIAN_POINT ( 'NONE',  ( -0.5635643201131520508, 0.9623279761529678344, 0.1182876188885545327 ) ) ;
#7723 = EDGE_LOOP ( 'NONE', ( #7220, #8930, #3041, #6196 ) ) ;
#7724 = CARTESIAN_POINT ( 'NONE',  ( -1.257683961508613280, 0.01757163919214123002, 0.07843174186664458869 ) ) ;
#7725 = ORIENTED_EDGE ( 'NONE', *, *, #1041, .T. ) ;
#7726 = VECTOR ( 'NONE', #3743, 39.37007874015748143 ) ;
#7727 = EDGE_LOOP ( 'NONE', ( #7328, #7945, #2977, #8292, #5568, #8269, #8248, #7930, #6506, #6840 ) ) ;
#7728 = CARTESIAN_POINT ( 'NONE',  ( -0.4852375490934004998, 0.8496305644797522705, 0.1458770468981337998 ) ) ;
#7729 = CARTESIAN_POINT ( 'NONE',  ( -1.389075274386733172, 1.034002845976152996, 0.1028936865966565417 ) ) ;
#7730 = CARTESIAN_POINT ( 'NONE',  ( -1.220467466900240661, 1.129106263269533672, 0.1169218248222548967 ) ) ;
#7731 = CARTESIAN_POINT ( 'NONE',  ( -0.9100953174773144250, -0.02515947543497491085, 0.1449470643359747901 ) ) ;
#7732 = DIRECTION ( 'NONE',  ( 0.000000000000000000, 0.000000000000000000, -1.000000000000000000 ) ) ;
#7733 = VECTOR ( 'NONE', #5489, 39.37007874015748143 ) ;
#7734 = VERTEX_POINT ( 'NONE', #725 ) ;
#7735 = CIRCLE ( 'NONE', #8021, 0.5999999999999999778 ) ;
#7736 = CARTESIAN_POINT ( 'NONE',  ( -1.474588977421597225, 0.5501754866359794827, 0.1511940096230110220 ) ) ;
#7737 = DIRECTION ( 'NONE',  ( 0.000000000000000000, 0.000000000000000000, 1.000000000000000000 ) ) ;
#7738 = CARTESIAN_POINT ( 'NONE',  ( -1.293801754290642148, 0.03510982692299912528, 0.08902601403430729365 ) ) ;
#7739 = VECTOR ( 'NONE', #2984, 39.37007874015748143 ) ;
#7740 = AXIS2_PLACEMENT_3D ( 'NONE', #4589, #5150, #8102 ) ;
#7741 = CARTESIAN_POINT ( 'NONE',  ( -0.4900916118149455936, 0.8584897080793961743, 0.1410075987896900473 ) ) ;
#7742 = VERTEX_POINT ( 'NONE', #4541 ) ;
#7743 = ORIENTED_EDGE ( 'NONE', *, *, #813, .T. ) ;
#7744 = B_SPLINE_CURVE_WITH_KNOTS ( 'NONE', 3,
 ( #8349, #8434, #2896, #2708, #6869, #5691, #2161, #2066, #3483, #7008, #6177, #4962, #723, #5497, #2213 ),
 .UNSPECIFIED., .F., .F.,
 ( 4, 2, 2, 2, 2, 2, 1, 4 ),
 ( 0.000000000000000000, 0.1250000000000063560, 0.1875000000000129063, 0.2500000000000194289, 0.5000000000000405231, 0.6250000000000326406, 0.7500000000000247580, 1.000000000000000000 ),
 .UNSPECIFIED. ) ;
#7745 = CARTESIAN_POINT ( 'NONE',  ( -1.130941413630188297, 1.154266184945672347, 0.08560345844190808684 ) ) ;
#7746 = DIRECTION ( 'NONE',  ( -0.3214811441216712251, 0.9469159804197104791, 0.000000000000000000 ) ) ;
#7747 = ORIENTED_EDGE ( 'NONE', *, *, #2260, .T. ) ;
#7748 = CARTESIAN_POINT ( 'NONE',  ( -0.4826697241628973845, 0.8447936997423420857, 0.1027083338688540154 ) ) ;
#7749 = DIRECTION ( 'NONE',  ( -0.7071067811865493491, 8.659560562354955045E-17, 0.7071067811865456854 ) ) ;
#7750 = AXIS2_PLACEMENT_3D ( 'NONE', #6013, #2859, #3270 ) ;
#7751 = ORIENTED_EDGE ( 'NONE', *, *, #6805, .F. ) ;
#7752 = CARTESIAN_POINT ( 'NONE',  ( -1.337664524607035332, 1.070924722298244758, 0.1432126974750109749 ) ) ;
#7753 = CARTESIAN_POINT ( 'NONE',  ( -1.013859724571285925, 0.5658004866359794827, 0.09619400962301037639 ) ) ;
#7754 = LINE ( 'NONE', #4919, #3473 ) ;
#7755 = VERTEX_POINT ( 'NONE', #2431 ) ;
#7756 = AXIS2_PLACEMENT_3D ( 'NONE', #42, #2850, #8433 ) ;
#7757 = CARTESIAN_POINT ( 'NONE',  ( -1.354439453569125540, 0.07183074133966105279, 0.05158820336972229359 ) ) ;
#7758 = CARTESIAN_POINT ( 'NONE',  ( -1.013859724571285925, 0.5658004866359794827, 0.1231023796271846354 ) ) ;
#7759 = CARTESIAN_POINT ( 'NONE',  ( -0.6948673646881911026, 1.073977610099631663, 0.1227647377027051984 ) ) ;
#7760 = ORIENTED_EDGE ( 'NONE', *, *, #5247, .T. ) ;
#7761 = ORIENTED_EDGE ( 'NONE', *, *, #5008, .F. ) ;
#7762 = CARTESIAN_POINT ( 'NONE',  ( -1.013859724571285925, 0.1148004866359794568, 0.1411940096230107078 ) ) ;
#7763 = CARTESIAN_POINT ( 'NONE',  ( -0.8666001906345921491, -0.01584839065594212740, 0.1460004634952609681 ) ) ;
#7764 = CIRCLE ( 'NONE', #3816, 0.4921259842519685179 ) ;
#7765 = CARTESIAN_POINT ( 'NONE',  ( -1.330305801433334656, 1.075567086977966325, 0.1437406573014088640 ) ) ;
#7766 = CARTESIAN_POINT ( 'NONE',  ( -1.336874944643038798, 1.071429972338240111, 0.1376228229534441072 ) ) ;
#7767 = VERTEX_POINT ( 'NONE', #1036 ) ;
#7768 = VERTEX_POINT ( 'NONE', #8706 ) ;
#7769 = CARTESIAN_POINT ( 'NONE',  ( -0.9998495976158611187, -0.03403613135544207580, 0.1077964751698525514 ) ) ;
#7770 = EDGE_CURVE ( 'NONE', #676, #6126, #6611, .T. ) ;
#7771 = DIRECTION ( 'NONE',  ( -0.000000000000000000, -0.000000000000000000, 1.000000000000000000 ) ) ;
#7772 = CARTESIAN_POINT ( 'NONE',  ( -1.276585263211776455, 0.02632280985780139151, 0.04956562502087517169 ) ) ;
#7773 = CARTESIAN_POINT ( 'NONE',  ( -1.402907716239807590, 1.022573581485807237, 0.1279111507496004108 ) ) ;
#7774 = ORIENTED_EDGE ( 'NONE', *, *, #7365, .T. ) ;
#7775 = CARTESIAN_POINT ( 'NONE',  ( -1.013859724571285925, 0.5658004866359794827, 0.3656034584419080580 ) ) ;
#7776 = CARTESIAN_POINT ( 'NONE',  ( -1.394135900839240216, 1.029901800750714358, 0.1025265353649850164 ) ) ;
#7777 = EDGE_CURVE ( 'NONE', #8420, #3145, #713, .T. ) ;
#7778 = CARTESIAN_POINT ( 'NONE',  ( -1.013859724571285925, 0.5658004866359794827, 0.3756034584419081224 ) ) ;
#7779 = CARTESIAN_POINT ( 'NONE',  ( -1.314991363584819828, 1.084760733068565575, 0.1297366331793267658 ) ) ;
#7780 = CARTESIAN_POINT ( 'NONE',  ( -1.238902051755460532, 1.121998271349381682, 0.1313132746850332322 ) ) ;
#7781 = VERTEX_POINT ( 'NONE', #3940 ) ;
#7782 = CARTESIAN_POINT ( 'NONE',  ( -1.344108563319886152, 1.066735742834407974, 0.09543286095844440153 ) ) ;
#7783 = CARTESIAN_POINT ( 'NONE',  ( -1.013859724571285925, 0.5658004866359794827, 0.3756034584419081224 ) ) ;
#7784 = B_SPLINE_CURVE_WITH_KNOTS ( 'NONE', 3,
 ( #3161, #2433, #5146, #4494 ),
 .UNSPECIFIED., .F., .F.,
 ( 4, 4 ),
 ( 0.000000000000000000, 0.0005076080830146758585 ),
 .UNSPECIFIED. ) ;
#7785 = CARTESIAN_POINT ( 'NONE',  ( -0.6139178121965603863, 1.013066030497841608, 0.1556034584419080935 ) ) ;
#7786 = DIRECTION ( 'NONE',  ( 0.000000000000000000, 0.000000000000000000, 1.000000000000000000 ) ) ;
#7787 = EDGE_LOOP ( 'NONE', ( #1269, #2589, #7760, #4085, #317, #5062, #2313, #8511, #644, #2667, #2528, #2969 ) ) ;
#7788 = CARTESIAN_POINT ( 'NONE',  ( -1.387797722546415091, 1.035023646412169596, 0.1202789392111388578 ) ) ;
#7789 = B_SPLINE_CURVE_WITH_KNOTS ( 'NONE', 3,
 ( #3123, #3853, #8008, #5274 ),
 .UNSPECIFIED., .F., .F.,
 ( 4, 4 ),
 ( 3.127317220692750759E-18, 0.0005076080830146767258 ),
 .UNSPECIFIED. ) ;
#7790 = CARTESIAN_POINT ( 'NONE',  ( -1.276146335831743750, 0.02616389926533235419, 0.04337938379304553255 ) ) ;
#7791 = EDGE_LOOP ( 'NONE', ( #8431, #2687, #5966, #3364, #316, #3174 ) ) ;
#7792 = EDGE_CURVE ( 'NONE', #6685, #863, #237, .T. ) ;
#7793 = CARTESIAN_POINT ( 'NONE',  ( -0.4734456754110646926, 0.8264778047890144475, 0.1143653128872455516 ) ) ;
#7794 = CARTESIAN_POINT ( 'NONE',  ( -0.9168162421365557702, 1.157900615583061787, 0.04716732626147510793 ) ) ;
#7795 = DIRECTION ( 'NONE',  ( -0.5312974296907628791, -0.8471853641346673847, 0.000000000000000000 ) ) ;
#7796 = CARTESIAN_POINT ( 'NONE',  ( -1.358641469300662985, 1.056845884678140779, 0.1151571964575108104 ) ) ;
#7797 = ADVANCED_FACE ( 'NONE', ( #309 ), #347, .T. ) ;
#7798 = CARTESIAN_POINT ( 'NONE',  ( -1.013859724571285925, 0.5658004866359794827, 0.04826872286498498643 ) ) ;
#7799 = VERTEX_POINT ( 'NONE', #7403 ) ;
#7800 = CARTESIAN_POINT ( 'NONE',  ( -1.039458671012364999, 1.165254149516695259, 0.09560345844190808184 ) ) ;
#7801 = CARTESIAN_POINT ( 'NONE',  ( -1.014973422909636325, 1.165799990472484060, 0.03036884240400037835 ) ) ;
#7802 = DIRECTION ( 'NONE',  ( -0.000000000000000000, -0.000000000000000000, -1.000000000000000000 ) ) ;
#7803 = ORIENTED_EDGE ( 'NONE', *, *, #7343, .F. ) ;
#7804 = ORIENTED_EDGE ( 'NONE', *, *, #753, .F. ) ;
#7805 = CARTESIAN_POINT ( 'NONE',  ( -1.355414988158903489, 1.059095575569013237, 0.1553749871790970349 ) ) ;
#7806 = CARTESIAN_POINT ( 'NONE',  ( -1.319412426554830153, 0.04942896686370847059, 0.06547999858809877560 ) ) ;
#7807 = CARTESIAN_POINT ( 'NONE',  ( -1.339290034507795157, 1.069880341107851018, 0.1545240614329077833 ) ) ;
#7808 = CARTESIAN_POINT ( 'NONE',  ( -1.339414267133559377, 1.069798777777327459, 0.1326608442498317386 ) ) ;
#7809 = VERTEX_POINT ( 'NONE', #2389 ) ;
#7810 = VERTEX_POINT ( 'NONE', #5862 ) ;
#7811 = CARTESIAN_POINT ( 'NONE',  ( -1.013859724571285925, 0.5814254866359794827, 0.09619400962301037639 ) ) ;
#7812 = CARTESIAN_POINT ( 'NONE',  ( -1.234798579875477254, 1.123641716005755242, 0.1213235218790833375 ) ) ;
#7813 = CARTESIAN_POINT ( 'NONE',  ( -0.5651217710129421423, 0.9640896989553567886, 0.1097505771193159341 ) ) ;
#7814 = ORIENTED_EDGE ( 'NONE', *, *, #8081, .F. ) ;
#7815 = B_SPLINE_CURVE_WITH_KNOTS ( 'NONE', 3,
 ( #3758, #3248, #6544, #5349, #8136, #4026, #24, #478, #8239, #6979, #791, #4668, #7720, #1436, #2138, #6297, #6799, #2654, #6069, #4250, #2089, #3286, #7492 ),
 .UNSPECIFIED., .F., .F.,
 ( 4, 1, 1, 2, 2, 2, 1, 2, 2, 2, 2, 2, 4 ),
 ( 0.000000000000000000, 0.1250000000000320022, 0.1875000000000480171, 0.2187500000000522637, 0.2500000000000565104, 0.3750000000000668909, 0.4375000000000721645, 0.4687500000000713873, 0.5000000000000706102, 0.6250000000000504041, 0.6875000000000425215, 0.7500000000000347500, 1.000000000000000000 ),
 .UNSPECIFIED. ) ;
#7816 = CARTESIAN_POINT ( 'NONE',  ( -1.392096226600108677, 1.031565608272411616, 0.1556034584419080935 ) ) ;
#7817 = ORIENTED_EDGE ( 'NONE', *, *, #2907, .F. ) ;
#7818 = EDGE_CURVE ( 'NONE', #4233, #6487, #2913, .T. ) ;
#7819 = ORIENTED_EDGE ( 'NONE', *, *, #3966, .F. ) ;
#7820 = CARTESIAN_POINT ( 'NONE',  ( -0.4855961202825475054, 0.8502962948996959369, 0.1449241372586065613 ) ) ;
#7821 = CARTESIAN_POINT ( 'NONE',  ( -1.384358730880102639, 1.037743958140474376, 0.1063868405893025199 ) ) ;
#7822 = CARTESIAN_POINT ( 'NONE',  ( -1.310471207032486651, 0.04424327033017186328, 0.1424551903048732471 ) ) ;
#7823 = EDGE_CURVE ( 'NONE', #605, #9007, #6816, .T. ) ;
#7824 = CARTESIAN_POINT ( 'NONE',  ( -1.013859724571285925, 0.5658004866359794827, 0.2556034584419079603 ) ) ;
#7825 = VERTEX_POINT ( 'NONE', #3077 ) ;
#7826 = CARTESIAN_POINT ( 'NONE',  ( -1.331249555130627371, 1.074979946830442845, 0.1092667034100348739 ) ) ;
#7827 = LINE ( 'NONE', #2342, #674 ) ;
#7828 = CARTESIAN_POINT ( 'NONE',  ( -1.303998725505053136, 0.04061437306845840089, 0.09513378366421285093 ) ) ;
#7829 = CARTESIAN_POINT ( 'NONE',  ( -1.254779847521590774, 1.115307078368608096, 0.1286803815188311828 ) ) ;
#7830 = EDGE_CURVE ( 'NONE', #3272, #4419, #6162, .T. ) ;
#7831 = DIRECTION ( 'NONE',  ( -0.000000000000000000, -0.000000000000000000, 1.000000000000000000 ) ) ;
#7832 = CARTESIAN_POINT ( 'NONE',  ( -1.013859724571285925, 0.5658004866359794827, 0.1236623732928745084 ) ) ;
#7833 = ORIENTED_EDGE ( 'NONE', *, *, #8867, .F. ) ;
#7834 = CARTESIAN_POINT ( 'NONE',  ( -0.4831835224394427364, 0.8457708357901945195, 0.1029609839012746719 ) ) ;
#7835 = CARTESIAN_POINT ( 'NONE',  ( -0.9231918120815254536, 1.158911971876051883, 0.07676936415237552158 ) ) ;
#7836 = DIRECTION ( 'NONE',  ( 0.8555192693620110589, 0.5177709722940159187, 0.000000000000000000 ) ) ;
#7837 = CARTESIAN_POINT ( 'NONE',  ( -0.4864968577661392679, 0.8519620635586739876, 0.1119108807353583479 ) ) ;
#7838 = EDGE_CURVE ( 'NONE', #1219, #998, #7815, .T. ) ;
#7839 = ORIENTED_EDGE ( 'NONE', *, *, #6313, .F. ) ;
#7840 = EDGE_CURVE ( 'NONE', #5590, #2622, #2308, .T. ) ;
#7841 = DIRECTION ( 'NONE',  ( -0.3537603208225760798, -0.9353361082581534980, 0.000000000000000000 ) ) ;
#7842 = CARTESIAN_POINT ( 'NONE',  ( -0.9415393275132746265, 1.161426935291003160, 0.01407846604725190159 ) ) ;
#7843 = CARTESIAN_POINT ( 'NONE',  ( -0.6987536396023249496, 1.076396434943329261, 0.1259184105394184905 ) ) ;
#7844 = CONICAL_SURFACE ( 'NONE', #7537, 0.5175000000000000711, 0.5241119331426207228 ) ;
#7845 = ORIENTED_EDGE ( 'NONE', *, *, #9004, .F. ) ;
#7846 = VERTEX_POINT ( 'NONE', #5401 ) ;
#7847 = CARTESIAN_POINT ( 'NONE',  ( -1.013859724571285925, 0.5658004866359794827, 0.1556034584419080935 ) ) ;
#7848 = CARTESIAN_POINT ( 'NONE',  ( -0.9069632587800101620, 1.156201321324866527, 0.09560345844190808184 ) ) ;
#7849 = CARTESIAN_POINT ( 'NONE',  ( -1.013859724571285703, -0.5782672832946231800, 0.07119400962301036806 ) ) ;
#7850 = VECTOR ( 'NONE', #6788, 39.37007874015748143 ) ;
#7851 = CARTESIAN_POINT ( 'NONE',  ( -1.313301303599940573, 1.085738236011972280, 0.1503175106565535213 ) ) ;
#7852 = ORIENTED_EDGE ( 'NONE', *, *, #5575, .T. ) ;
#7853 = B_SPLINE_CURVE_WITH_KNOTS ( 'NONE', 3,
 ( #7649, #3576, #6362, #7788 ),
 .UNSPECIFIED., .F., .F.,
 ( 4, 4 ),
 ( 0.000000000000000000, 1.000000000000000000 ),
 .UNSPECIFIED. ) ;
#7854 = DIRECTION ( 'NONE',  ( -1.000000000000000000, 1.283091534577412468E-16, 0.000000000000000000 ) ) ;
#7855 = CARTESIAN_POINT ( 'NONE',  ( -1.366515270781489377, 1.051222021756655023, 0.1135643981670687169 ) ) ;
#7856 = CIRCLE ( 'NONE', #822, 0.5040000000000000036 ) ;
#7857 = CARTESIAN_POINT ( 'NONE',  ( -0.5694908763819196418, 0.9689584293319604136, 0.1007597084419080830 ) ) ;
#7858 = CARTESIAN_POINT ( 'NONE',  ( -0.5217337403193175183, 0.5658004866359795937, 0.2200356885113051719 ) ) ;
#7859 = ORIENTED_EDGE ( 'NONE', *, *, #3893, .F. ) ;
#7860 = ORIENTED_EDGE ( 'NONE', *, *, #2425, .F. ) ;
#7861 = CIRCLE ( 'NONE', #2592, 0.5999999999999999778 ) ;
#7862 = CARTESIAN_POINT ( 'NONE',  ( -1.013859724571285925, 0.5658004866359794827, 0.2556034584419079603 ) ) ;
#7863 = CARTESIAN_POINT ( 'NONE',  ( -1.013859724571285925, 1.016800486635979661, 0.08119400962301026592 ) ) ;
#7864 = CARTESIAN_POINT ( 'NONE',  ( -1.313814243179097563, 1.085444507189366581, 0.1011942226240024750 ) ) ;
#7865 = DIRECTION ( 'NONE',  ( -0.000000000000000000, -0.000000000000000000, -1.000000000000000000 ) ) ;
#7866 = ORIENTED_EDGE ( 'NONE', *, *, #8614, .F. ) ;
#7867 = CARTESIAN_POINT ( 'NONE',  ( -1.258718635115044115, 0.01803766028928073875, 0.07188518118741400731 ) ) ;
#7868 = CIRCLE ( 'NONE', #1122, 0.4921259842519685179 ) ;
#7869 = CARTESIAN_POINT ( 'NONE',  ( -0.5633581908446304576, 0.9620937750791340726, 0.1297221610622000809 ) ) ;
#7870 = CARTESIAN_POINT ( 'NONE',  ( -1.517859724571285707, 0.5658004866359795937, 0.1956034584419080458 ) ) ;
#7871 = AXIS2_PLACEMENT_3D ( 'NONE', #2352, #7920, #3760 ) ;
#7872 = CIRCLE ( 'NONE', #4083, 0.5999999999999999778 ) ;
#7873 = CARTESIAN_POINT ( 'NONE',  ( -1.374705517850384195, 1.045164975989375300, 0.1388578588943994441 ) ) ;
#7874 = DIRECTION ( 'NONE',  ( -0.7071067811865378028, 0.000000000000000000, -0.7071067811865571207 ) ) ;
#7875 = CARTESIAN_POINT ( 'NONE',  ( -1.013859724571285925, 0.5658004866359794827, 0.3756034584419081224 ) ) ;
#7876 = CARTESIAN_POINT ( 'NONE',  ( -1.300009615706773980, 0.03843124834602689582, 0.1451657953032477744 ) ) ;
#7877 = EDGE_CURVE ( 'NONE', #1317, #2503, #66, .T. ) ;
#7878 = DIRECTION ( 'NONE',  ( 0.6947498712428924472, -0.7192514278108764758, 3.081487911019577365E-32 ) ) ;
#7879 = CARTESIAN_POINT ( 'NONE',  ( -0.9175779405825010837, 1.158024954410474816, 0.05907676613948840971 ) ) ;
#7880 = CARTESIAN_POINT ( 'NONE',  ( -0.4963597245712860206, 0.5658004866359794827, 0.3756034584419081224 ) ) ;
#7881 = CIRCLE ( 'NONE', #7001, 0.5999999999999998668 ) ;
#7882 = VECTOR ( 'NONE', #871, 39.37007874015748143 ) ;
#7883 = CARTESIAN_POINT ( 'NONE',  ( -0.9465316250416582200, 1.162010958712517583, 0.1556034584419080935 ) ) ;
#7884 = ORIENTED_EDGE ( 'NONE', *, *, #6384, .T. ) ;
#7885 = DIRECTION ( 'NONE',  ( 0.000000000000000000, 0.000000000000000000, 1.000000000000000000 ) ) ;
#7886 = LINE ( 'NONE', #5193, #2354 ) ;
#7887 = CIRCLE ( 'NONE', #2201, 0.5999999999999999778 ) ;
#7888 = CARTESIAN_POINT ( 'NONE',  ( -0.7006398634505773826, 1.077556050981705038, 0.1268077893172374349 ) ) ;
#7889 = ORIENTED_EDGE ( 'NONE', *, *, #4920, .F. ) ;
#7890 = ORIENTED_EDGE ( 'NONE', *, *, #1869, .F. ) ;
#7891 = CARTESIAN_POINT ( 'NONE',  ( -1.349429603495910124, 1.063189731097006430, 0.1563579171030413384 ) ) ;
#7892 = LINE ( 'NONE', #7848, #5520 ) ;
#7893 = CARTESIAN_POINT ( 'NONE',  ( -0.7193408501130147403, 0.04305902798951536520, 0.06012531420792530112 ) ) ;
#7894 = VECTOR ( 'NONE', #951, 39.37007874015748143 ) ;
#7895 = CARTESIAN_POINT ( 'NONE',  ( -1.013859724571285925, 0.5658004866359794827, 0.03554692555714249885 ) ) ;
#7896 = EDGE_LOOP ( 'NONE', ( #2539, #7987, #402, #4121, #5536 ) ) ;
#7897 = FACE_OUTER_BOUND ( 'NONE', #1314, .T. ) ;
#7898 = CARTESIAN_POINT ( 'NONE',  ( -1.366329518318733172, 1.051356920643842452, 0.1146486681412100667 ) ) ;
#7899 = AXIS2_PLACEMENT_3D ( 'NONE', #1539, #7865, #7219 ) ;
#7900 = PLANE ( 'NONE',  #559 ) ;
#7901 = CARTESIAN_POINT ( 'NONE',  ( -1.319605378897276804, 0.04954504628367273344, 0.1061197636730726868 ) ) ;
#7902 = VERTEX_POINT ( 'NONE', #8929 ) ;
#7903 = VERTEX_POINT ( 'NONE', #2876 ) ;
#7904 = CARTESIAN_POINT ( 'NONE',  ( -1.348489801704304991, 0.06778158536039528836, 0.08861405357249230175 ) ) ;
#7905 = DIRECTION ( 'NONE',  ( -0.000000000000000000, -0.000000000000000000, 1.000000000000000000 ) ) ;
#7906 = CARTESIAN_POINT ( 'NONE',  ( -1.320540903160634549, 1.081500998854167062, 0.1125218779284805209 ) ) ;
#7907 = CARTESIAN_POINT ( 'NONE',  ( -0.8382302936962369166, 1.139520194342195758, 0.1486803815188311728 ) ) ;
#7908 = B_SPLINE_CURVE_WITH_KNOTS ( 'NONE', 3,
 ( #385, #1380, #4195, #6714, #3505, #20, #8088, #1807, #4616, #7398, #1117, #2235, #7851, #7029, #4333, #1570, #2275, #2320, #4383, #62, #5116, #8458, #4429, #1619 ),
 .UNSPECIFIED., .F., .F.,
 ( 4, 2, 2, 2, 2, 2, 2, 2, 2, 2, 2, 4 ),
 ( 0.000000000000000000, 0.06250000000000473233, 0.09374999999999843181, 0.1249999999999921452, 0.2499999999999779343, 0.3749999999999636957, 0.4374999999999614753, 0.4999999999999591993, 0.6249999999999693578, 0.7499999999999795719, 0.8749999999999898970, 1.000000000000000000 ),
 .UNSPECIFIED. ) ;
#7909 = ORIENTED_EDGE ( 'NONE', *, *, #9010, .F. ) ;
#7910 = CARTESIAN_POINT ( 'NONE',  ( -0.7077589006232363200, 1.081846315487247745, 0.1216927965616910190 ) ) ;
#7911 = CARTESIAN_POINT ( 'NONE',  ( -1.278470934822087068, 0.02730165880882156129, 0.1357179125507101680 ) ) ;
#7912 = LINE ( 'NONE', #1503, #4369 ) ;
#7913 = CARTESIAN_POINT ( 'NONE',  ( -1.226115917064831473, 0.004598821681087604182, 0.05975642949163724460 ) ) ;
#7914 = CARTESIAN_POINT ( 'NONE',  ( -0.7017086008763241400, 1.078208210988347515, 0.1429351892111388744 ) ) ;
#7915 = CARTESIAN_POINT ( 'NONE',  ( -1.181373956683975823, 1.141941970795950834, 0.1026273351667890826 ) ) ;
#7916 = EDGE_CURVE ( 'NONE', #2736, #4045, #6085, .T. ) ;
#7917 = CARTESIAN_POINT ( 'NONE',  ( -0.4766129638081596509, 0.8329444895670193860, 0.1340060433731419254 ) ) ;
#7918 = LINE ( 'NONE', #4449, #8130 ) ;
#7919 = CARTESIAN_POINT ( 'NONE',  ( -1.301153330603469938, 0.03905316141576185840, 0.1456624513535838827 ) ) ;
#7920 = DIRECTION ( 'NONE',  ( -0.000000000000000000, -0.000000000000000000, 1.000000000000000000 ) ) ;
#7921 = CARTESIAN_POINT ( 'NONE',  ( -1.004526417120951365, 1.165727890054124360, 0.08560345844190808684 ) ) ;
#7922 = CARTESIAN_POINT ( 'NONE',  ( -1.262274260191181163, 0.01964096919372929073, 0.1093265354512116122 ) ) ;
#7923 = EDGE_CURVE ( 'NONE', #2085, #2127, #109, .T. ) ;
#7924 = DIRECTION ( 'NONE',  ( 0.000000000000000000, 0.000000000000000000, -1.000000000000000000 ) ) ;
#7925 = ORIENTED_EDGE ( 'NONE', *, *, #3581, .T. ) ;
#7926 = CARTESIAN_POINT ( 'NONE',  ( -1.013859724571285925, 1.083300486635979443, 0.08849400962301035012 ) ) ;
#7927 = CARTESIAN_POINT ( 'NONE',  ( -0.9397298448711129959, 1.161203545326728426, 0.01432892435964953394 ) ) ;
#7928 = CARTESIAN_POINT ( 'NONE',  ( -0.7037064456534124490, 1.079421627589377319, 0.1276943012135200728 ) ) ;
#7929 = VERTEX_POINT ( 'NONE', #1384 ) ;
#7930 = ORIENTED_EDGE ( 'NONE', *, *, #4822, .T. ) ;
#7931 = CARTESIAN_POINT ( 'NONE',  ( -1.013859724571285925, 0.5658004866359794827, 0.1140400794833180409 ) ) ;
#7932 = CARTESIAN_POINT ( 'NONE',  ( -0.7017086008763241400, 1.078208210988347515, 0.1429351892111388744 ) ) ;
#7933 = CARTESIAN_POINT ( 'NONE',  ( -0.9177453104777371085, 1.158052140345773084, 0.03086080770675649759 ) ) ;
#7934 = ADVANCED_FACE ( 'NONE', ( #5665 ), #745, .F. ) ;
#7935 = CARTESIAN_POINT ( 'NONE',  ( -1.337059104656740605, 1.071312269808632367, 0.1366019815194503273 ) ) ;
#7936 = EDGE_CURVE ( 'NONE', #6007, #7329, #6392, .T. ) ;
#7937 = EDGE_CURVE ( 'NONE', #3517, #1346, #5444, .T. ) ;
#7938 = ORIENTED_EDGE ( 'NONE', *, *, #7201, .F. ) ;
#7939 = CARTESIAN_POINT ( 'NONE',  ( -1.001975948010395134, -0.03408192856999291143, 0.06088785630141901190 ) ) ;
#7940 = DIRECTION ( 'NONE',  ( -0.000000000000000000, -0.000000000000000000, 1.000000000000000000 ) ) ;
#7941 = CARTESIAN_POINT ( 'NONE',  ( -0.5128733996872187895, 0.8959712035070488412, 0.09560345844190808184 ) ) ;
#7942 = CARTESIAN_POINT ( 'NONE',  ( -1.295347192101738543, 1.095672971079533431, 0.09492937430776199337 ) ) ;
#7943 = CARTESIAN_POINT ( 'NONE',  ( -1.321319091776613774, 0.05056243080620627384, 0.1068165543814718343 ) ) ;
#7944 = EDGE_CURVE ( 'NONE', #4612, #2021, #5674, .T. ) ;
#7945 = ORIENTED_EDGE ( 'NONE', *, *, #3764, .T. ) ;
#7946 = CARTESIAN_POINT ( 'NONE',  ( -1.346683542487851160, 0.06657214962860241725, 0.08713606787296447609 ) ) ;
#7947 = CARTESIAN_POINT ( 'NONE',  ( -0.4963597245712859651, 0.5658004866359795937, 0.2556034584419079603 ) ) ;
#7948 = CARTESIAN_POINT ( 'NONE',  ( -1.306355016552610548, 1.089679838512803256, 0.09630052138214088842 ) ) ;
#7949 = DIRECTION ( 'NONE',  ( -1.000000000000000000, 0.000000000000000000, 0.000000000000000000 ) ) ;
#7950 = ORIENTED_EDGE ( 'NONE', *, *, #7999, .F. ) ;
#7951 = CARTESIAN_POINT ( 'NONE',  ( -0.6984970058914726776, 1.076237903546313879, 0.1129185915820483110 ) ) ;
#7952 = DIRECTION ( 'NONE',  ( 1.000000000000000000, 0.000000000000000000, 0.000000000000000000 ) ) ;
#7953 = APPLICATION_PROTOCOL_DEFINITION ( 'international standard', 'config_control_design', 1994, #2603 ) ;
#7954 = CARTESIAN_POINT ( 'NONE',  ( -0.6727219001682599453, 1.059384303997904508, 0.1556034584419080935 ) ) ;
#7955 = CARTESIAN_POINT ( 'NONE',  ( -1.235886694641402661, 1.123210153913395626, 0.09566371839174651892 ) ) ;
#7956 = CARTESIAN_POINT ( 'NONE',  ( -1.257718777722714343, 0.01759127857974137482, 0.1204169266091559970 ) ) ;
#7957 = CARTESIAN_POINT ( 'NONE',  ( -1.385799817974318504, 1.036608925670951864, 0.1549439215638051259 ) ) ;
#7958 = CARTESIAN_POINT ( 'NONE',  ( -1.119094329000936527, 1.156499799341297319, 0.08560345844190808684 ) ) ;
#7959 = CARTESIAN_POINT ( 'NONE',  ( -1.334901253660080389, 0.05891551079709738542, 0.1093069549150839787 ) ) ;
#7960 = CARTESIAN_POINT ( 'NONE',  ( -1.290636972066465438, 0.03345236920493978305, 0.1391706095920748065 ) ) ;
#7961 = DIRECTION ( 'NONE',  ( 0.000000000000000000, 0.000000000000000000, 1.000000000000000000 ) ) ;
#7962 = CARTESIAN_POINT ( 'NONE',  ( -1.166911139843121559, 1.145951717904892364, 0.1235832026024193120 ) ) ;
#7963 = CARTESIAN_POINT ( 'NONE',  ( -1.316657074654487669, 0.04780939825667921556, 0.07557064193527021634 ) ) ;
#7964 = B_SPLINE_CURVE_WITH_KNOTS ( 'NONE', 3,
 ( #4358, #7273, #990, #1682 ),
 .UNSPECIFIED., .F., .F.,
 ( 4, 4 ),
 ( 0.000000000000000000, 1.000000000000000000 ),
 .UNSPECIFIED. ) ;
#7965 = CYLINDRICAL_SURFACE ( 'NONE', #6703, 0.5999999999999998668 ) ;
#7966 = ORIENTED_EDGE ( 'NONE', *, *, #3625, .F. ) ;
#7967 = EDGE_LOOP ( 'NONE', ( #45, #4939, #2015, #8174, #8297 ) ) ;
#7968 = CARTESIAN_POINT ( 'NONE',  ( -0.5170258022636616824, 0.9021877762417943591, 0.09960135542943605869 ) ) ;
#7969 = CARTESIAN_POINT ( 'NONE',  ( -0.9399956157311231131, 1.161236557979151929, 0.01427656873798316406 ) ) ;
#7970 = CARTESIAN_POINT ( 'NONE',  ( -0.9640843878026139624, 1.163732283169126136, 0.01906008316311002745 ) ) ;
#7971 = ORIENTED_EDGE ( 'NONE', *, *, #3838, .T. ) ;
#7972 = CARTESIAN_POINT ( 'NONE',  ( -1.414105796549966598, 1.012793866749865046, 0.1556034584419080935 ) ) ;
#7973 = DIRECTION ( 'NONE',  ( 1.000000000000000000, 0.000000000000000000, 0.000000000000000000 ) ) ;
#7974 = EDGE_CURVE ( 'NONE', #1012, #6645, #1487, .T. ) ;
#7975 = LINE ( 'NONE', #7161, #955 ) ;
#7976 = CARTESIAN_POINT ( 'NONE',  ( -1.013859724571285925, 0.5658004866359794827, 0.3756034584419081224 ) ) ;
#7977 = VERTEX_POINT ( 'NONE', #7669 ) ;
#7978 = CARTESIAN_POINT ( 'NONE',  ( -1.172903609592315766, -0.01273649803951839264, 0.1236623732928745084 ) ) ;
#7979 = CARTESIAN_POINT ( 'NONE',  ( -1.314965254351272872, 0.04682490641065709808, 0.1152138305072117480 ) ) ;
#7980 = FACE_OUTER_BOUND ( 'NONE', #4521, .T. ) ;
#7981 = B_SPLINE_CURVE_WITH_KNOTS ( 'NONE', 3,
 ( #4755, #1254, #4069, #3281 ),
 .UNSPECIFIED., .F., .F.,
 ( 4, 4 ),
 ( 0.000000000000000000, 1.000000000000000000 ),
 .UNSPECIFIED. ) ;
#7982 = EDGE_CURVE ( 'NONE', #3347, #4793, #4366, .T. ) ;
#7983 = DIRECTION ( 'NONE',  ( 0.2333557240212628114, 0.9723914366480775895, 0.000000000000000000 ) ) ;
#7984 = CARTESIAN_POINT ( 'NONE',  ( -1.046421021861831502, 1.164970637120366082, 0.1356034584419081312 ) ) ;
#7985 = AXIS2_PLACEMENT_3D ( 'NONE', #547, #7657, #3116 ) ;
#7986 = VECTOR ( 'NONE', #2975, 39.37007874015748143 ) ;
#7987 = ORIENTED_EDGE ( 'NONE', *, *, #4660, .F. ) ;
#7988 = CARTESIAN_POINT ( 'NONE',  ( -1.341057890343528847, 0.06286769288557360336, 0.08372960282133146137 ) ) ;
#7989 = DIRECTION ( 'NONE',  ( -0.2175667982146619328, -0.9760454335299256767, 0.000000000000000000 ) ) ;
#7990 = CARTESIAN_POINT ( 'NONE',  ( -1.320496455124584578, 0.05007389678862277094, 0.1435199264540073794 ) ) ;
#7991 = ORIENTED_EDGE ( 'NONE', *, *, #3735, .F. ) ;
#7992 = CARTESIAN_POINT ( 'NONE',  ( -1.358942789611675472, 0.07496678985841745413, 0.09779367971547472949 ) ) ;
#7993 = CARTESIAN_POINT ( 'NONE',  ( -1.280098497320988127, 0.02810404206417575421, 0.1338635606713347026 ) ) ;
#7994 = COORDINATED_UNIVERSAL_TIME_OFFSET ( 5, 0, .BEHIND. ) ;
#7995 = CIRCLE ( 'NONE', #3628, 0.5999999999999999778 ) ;
#7996 = EDGE_CURVE ( 'NONE', #5990, #2178, #6615, .T. ) ;
#7997 = DIRECTION ( 'NONE',  ( -0.3537603208225760798, -0.9353361082581534980, 0.000000000000000000 ) ) ;
#7998 = CARTESIAN_POINT ( 'NONE',  ( -1.234171430462781993, 1.123889306090722018, 0.09579058871927885466 ) ) ;
#7999 = EDGE_CURVE ( 'NONE', #1453, #3394, #2319, .T. ) ;
#8000 = CARTESIAN_POINT ( 'NONE',  ( -1.013859724571285925, 0.5658004866359794827, 0.1179379935991548972 ) ) ;
#8001 = CARTESIAN_POINT ( 'NONE',  ( -0.9406410186676910090, -0.02971527400726286031, 0.09600115539989367841 ) ) ;
#8002 = CARTESIAN_POINT ( 'NONE',  ( -0.4771028635092700032, 0.8339274586838436587, 0.1406239499840994389 ) ) ;
#8003 = VECTOR ( 'NONE', #1980, 39.37007874015748143 ) ;
#8004 = CARTESIAN_POINT ( 'NONE',  ( -1.325189182914623176, 0.05289310779178890004, 0.1020773724942805327 ) ) ;
#8005 = VECTOR ( 'NONE', #3032, 39.37007874015748143 ) ;
#8006 = CARTESIAN_POINT ( 'NONE',  ( -1.119094329000936971, 1.156499799341297319, 0.004711531358574759867 ) ) ;
#8007 = DIRECTION ( 'NONE',  ( -0.000000000000000000, -0.000000000000000000, 1.000000000000000000 ) ) ;
#8008 = CARTESIAN_POINT ( 'NONE',  ( -0.5032654075860959475, 0.5501754866359794827, 0.07696066304091932209 ) ) ;
#8009 = CARTESIAN_POINT ( 'NONE',  ( -1.313090415292423208, 0.04574103849441172459, 0.07406028105729159372 ) ) ;
#8010 = CIRCLE ( 'NONE', #123, 0.5999999999999998668 ) ;
#8011 = FACE_OUTER_BOUND ( 'NONE', #6947, .T. ) ;
#8012 = VERTEX_POINT ( 'NONE', #3009 ) ;
#8013 = ORIENTED_EDGE ( 'NONE', *, *, #5873, .T. ) ;
#8014 = CARTESIAN_POINT ( 'NONE',  ( -0.5694531925508210524, 0.9689170324744470486, 0.1160280129997031812 ) ) ;
#8015 = CARTESIAN_POINT ( 'NONE',  ( -0.9407254240573613702, 1.161326909382966566, 0.01414694209976308931 ) ) ;
#8016 = DIRECTION ( 'NONE',  ( 1.603864418221765709E-16, -1.000000000000000000, 3.851859888774471022E-33 ) ) ;
#8017 = VERTEX_POINT ( 'NONE', #3738 ) ;
#8018 = CARTESIAN_POINT ( 'NONE',  ( -1.368464060588092224, 1.049800248622236420, 0.1365749061256692209 ) ) ;
#8019 = CARTESIAN_POINT ( 'NONE',  ( -0.5810403608911868245, 0.9813394464159459485, 0.1025539306112429466 ) ) ;
#8020 = AXIS2_PLACEMENT_3D ( 'NONE', #8139, #524, #1817 ) ;
#8021 = AXIS2_PLACEMENT_3D ( 'NONE', #8592, #923, #3732 ) ;
#8022 = CARTESIAN_POINT ( 'NONE',  ( -0.9424709996032216708, 1.161538390371702700, 0.004711531358574759867 ) ) ;
#8023 = DIRECTION ( 'NONE',  ( 0.000000000000000000, 0.000000000000000000, -1.000000000000000000 ) ) ;
#8024 = ORIENTED_EDGE ( 'NONE', *, *, #7428, .T. ) ;
#8025 = CIRCLE ( 'NONE', #8483, 0.5999999999999998668 ) ;
#8026 = CARTESIAN_POINT ( 'NONE',  ( -0.6990526904714532419, 1.076580822782309044, 0.1081953908348950583 ) ) ;
#8027 = EDGE_CURVE ( 'NONE', #7382, #5612, #5843, .T. ) ;
#8028 = CARTESIAN_POINT ( 'NONE',  ( -1.314266481697071054, 0.04642027374175750065, 0.1148192057303497604 ) ) ;
#8029 = CARTESIAN_POINT ( 'NONE',  ( -0.8869927251657405698, -0.02063345206626957321, 0.1495985232487931915 ) ) ;
#8030 = CARTESIAN_POINT ( 'NONE',  ( -1.274949666490771794, 1.106015543842091775, 0.1107340754550185380 ) ) ;
#8031 = CIRCLE ( 'NONE', #6125, 0.5999999999999998668 ) ;
#8032 = DIRECTION ( 'NONE',  ( 0.000000000000000000, 0.000000000000000000, -1.000000000000000000 ) ) ;
#8033 = ORIENTED_EDGE ( 'NONE', *, *, #6969, .F. ) ;
#8034 = EDGE_CURVE ( 'NONE', #9066, #2282, #3657, .T. ) ;
#8035 = CYLINDRICAL_SURFACE ( 'NONE', #8312, 0.5999999999999998668 ) ;
#8036 = EDGE_CURVE ( 'NONE', #3874, #749, #2839, .T. ) ;
#8037 = DIRECTION ( 'NONE',  ( -0.000000000000000000, -0.000000000000000000, 1.000000000000000000 ) ) ;
#8038 = AXIS2_PLACEMENT_3D ( 'NONE', #3901, #8893, #7419 ) ;
#8039 = CARTESIAN_POINT ( 'NONE',  ( -1.374852403098447473, 1.045054371936588344, 0.1358009345789814026 ) ) ;
#8040 = VERTEX_POINT ( 'NONE', #5070 ) ;
#8041 = CARTESIAN_POINT ( 'NONE',  ( -1.334247389993169941, 0.05850201054373391218, 0.07640513006048324507 ) ) ;
#8042 = CARTESIAN_POINT ( 'NONE',  ( -0.9381305024145820681, 1.161002204469135934, 0.1025265353649850164 ) ) ;
#8043 = PERSON_AND_ORGANIZATION ( #4725, #1851 ) ;
#8044 = CARTESIAN_POINT ( 'NONE',  ( -0.5718108950356887155, 0.9715026041687773173, 0.1526691766226794811 ) ) ;
#8045 = ADVANCED_FACE ( 'NONE', ( #329 ), #4433, .T. ) ;
#8046 = CARTESIAN_POINT ( 'NONE',  ( -1.231888682177146865, 1.124784747533579710, 0.09608155303518568779 ) ) ;
#8047 = CARTESIAN_POINT ( 'NONE',  ( -1.358453587903677429, 0.07462325710595164863, 0.06696460406337073623 ) ) ;
#8048 = CARTESIAN_POINT ( 'NONE',  ( -1.334247389993169941, 0.05850201054373391218, 0.07640513006048324507 ) ) ;
#8049 = CARTESIAN_POINT ( 'NONE',  ( -1.409310487828653313, 1.017041767813982256, 0.1556034584419080935 ) ) ;
#8050 = CARTESIAN_POINT ( 'NONE',  ( -1.327395424402338930, 0.05423781885300562461, 0.1029323460342933122 ) ) ;
#8051 = EDGE_CURVE ( 'NONE', #2765, #5894, #7861, .T. ) ;
#8052 = CARTESIAN_POINT ( 'NONE',  ( -1.233506243248861933, 1.124151339948762374, 0.1285585840215839881 ) ) ;
#8053 = CARTESIAN_POINT ( 'NONE',  ( -1.326581163605885738, 0.05374050253623006979, 0.06726339748903824300 ) ) ;
#8054 = CARTESIAN_POINT ( 'NONE',  ( -1.361659397507503089, 1.054712940461263182, 0.1348342276726773314 ) ) ;
#8055 = CYLINDRICAL_SURFACE ( 'NONE', #3801, 0.5999999999999998668 ) ;
#8056 = B_SPLINE_CURVE_WITH_KNOTS ( 'NONE', 3,
 ( #3370, #6014, #8820, #8119, #1841, #1156, #830, #4843, #7765, #1480, #2183, #6338, #4192, #2823, #108, #4984, #7807, #9053, #3649, #4929, #6434, #7710, #1379, #4290, #8409, #61, #6383 ),
 .UNSPECIFIED., .F., .F.,
 ( 4, 1, 2, 2, 2, 2, 2, 2, 2, 2, 1, 1, 2, 2, 4 ),
 ( 0.000000000000000000, 0.03124999999999339417, 0.04687499999999159006, 0.06249999999998978595, 0.1249999999999850120, 0.2499999999999787392, 0.3749999999999724665, 0.4999999999999662492, 0.6249999999999609201, 0.7499999999999549249, 0.8124999999999514833, 0.8437499999999424904, 0.8593749999999381606, 0.8749999999999337197, 1.000000000000000000 ),
 .UNSPECIFIED. ) ;
#8057 = CARTESIAN_POINT ( 'NONE',  ( -1.178400687748279552, 1.142798122191609034, 0.1030553815188311878 ) ) ;
#8058 = VERTEX_POINT ( 'NONE', #4389 ) ;
#8059 = ORIENTED_EDGE ( 'NONE', *, *, #2418, .T. ) ;
#8060 = CARTESIAN_POINT ( 'NONE',  ( -1.338428639293445466, 1.070434036448196569, 0.1240649969034465366 ) ) ;
#8061 = B_SPLINE_CURVE_WITH_KNOTS ( 'NONE', 3,
 ( #8747, #8662, #3586, #823, #5942, #8448, #7956, #4234, #1680, #4975, #5021, #779 ),
 .UNSPECIFIED., .F., .F.,
 ( 4, 2, 2, 2, 2, 4 ),
 ( 0.000000000000000000, 0.2500000000000042188, 0.5000000000000083267, 0.6249999999999980016, 0.7499999999999875655, 1.000000000000000000 ),
 .UNSPECIFIED. ) ;
#8062 = CARTESIAN_POINT ( 'NONE',  ( -1.178117703878795330, 1.142879516297133247, 0.09601527368926598971 ) ) ;
#8063 = CARTESIAN_POINT ( 'NONE',  ( -0.9464377213715522430, 1.162000413674047827, 0.004961118381424953726 ) ) ;
#8064 = ORIENTED_EDGE ( 'NONE', *, *, #5368, .F. ) ;
#8065 = FACE_OUTER_BOUND ( 'NONE', #7670, .T. ) ;
#8066 = CARTESIAN_POINT ( 'NONE',  ( -0.5764733727364121929, 0.9765235847796552848, 0.1034270189666541967 ) ) ;
#8067 = B_SPLINE_CURVE_WITH_KNOTS ( 'NONE', 3,
 ( #3608, #1584, #4999, #74 ),
 .UNSPECIFIED., .F., .F.,
 ( 4, 4 ),
 ( 0.000000000000000000, 0.0004483214460237710370 ),
 .UNSPECIFIED. ) ;
#8068 = CARTESIAN_POINT ( 'NONE',  ( -0.8388502999174073382, -0.008109988530017698399, 0.06646025033669836213 ) ) ;
#8069 = CARTESIAN_POINT ( 'NONE',  ( -1.164279629112259906, 1.146639409584976121, 0.1094058321395892791 ) ) ;
#8070 = ORIENTED_EDGE ( 'NONE', *, *, #3177, .F. ) ;
#8071 = CARTESIAN_POINT ( 'NONE',  ( -0.8695050424020631663, -0.01657605554416943794, 0.1157311357821042969 ) ) ;
#8072 = CARTESIAN_POINT ( 'NONE',  ( -1.013859724571285925, 0.5658004866359794827, 0.1309880738265234712 ) ) ;
#8073 = CARTESIAN_POINT ( 'NONE',  ( -1.013859724571285925, 0.5658004866359794827, 0.1025265353649850164 ) ) ;
#8074 = DIRECTION ( 'NONE',  ( -0.000000000000000000, -0.000000000000000000, 1.000000000000000000 ) ) ;
#8075 = CARTESIAN_POINT ( 'NONE',  ( -1.327462869749978180, 0.05428005691511213204, 0.1098768153695662969 ) ) ;
#8076 = ORIENTED_EDGE ( 'NONE', *, *, #9020, .T. ) ;
#8077 = B_SPLINE_CURVE_WITH_KNOTS ( 'NONE', 3,
 ( #2467, #175, #3797, #6580, #7993, #4533, #8610, #7911, #7313, #7178, #1635, #7222, #938, #1025, #3840, #6624, #340, #3151, #1766, #5772 ),
 .UNSPECIFIED., .F., .F.,
 ( 4, 2, 1, 2, 2, 1, 2, 2, 2, 2, 4 ),
 ( 0.000000000000000000, 0.1249999999999978073, 0.1875000000000017208, 0.2187500000000037192, 0.2500000000000056621, 0.3750000000000137113, 0.4375000000000173750, 0.5000000000000209832, 0.6250000000000111022, 0.7500000000000012212, 1.000000000000000000 ),
 .UNSPECIFIED. ) ;
#8078 = CARTESIAN_POINT ( 'NONE',  ( -1.033804304117214912, -0.03386821572018525878, 0.1143867246595526160 ) ) ;
#8079 = DIRECTION ( 'NONE',  ( 0.000000000000000000, -1.000000000000000000, 0.000000000000000000 ) ) ;
#8080 = EDGE_CURVE ( 'NONE', #8395, #5468, #5096, .T. ) ;
#8081 = EDGE_CURVE ( 'NONE', #3498, #6872, #2010, .T. ) ;
#8082 = CARTESIAN_POINT ( 'NONE',  ( -1.289938365397640618, 0.03302459420127383527, 0.1319241982439183503 ) ) ;
#8083 = ORIENTED_EDGE ( 'NONE', *, *, #2985, .F. ) ;
#8084 = CARTESIAN_POINT ( 'NONE',  ( -0.7029984303500831366, 1.078991837487620176, 0.1206327708604204296 ) ) ;
#8085 = CARTESIAN_POINT ( 'NONE',  ( -0.9825575834951122411, 1.164983410261183572, 0.09560345844190808184 ) ) ;
#8086 = APPROVAL_DATE_TIME ( #5340, #1979 ) ;
#8087 = ADVANCED_FACE ( 'NONE', ( #7980, #242 ), #8648, .T. ) ;
#8088 = CARTESIAN_POINT ( 'NONE',  ( -1.302330943483489767, 1.091903680139822530, 0.1559419865840892538 ) ) ;
#8089 = EDGE_CURVE ( 'NONE', #505, #8984, #2962, .T. ) ;
#8090 = CARTESIAN_POINT ( 'NONE',  ( -1.392142875856791751, 1.031527721671152253, 0.09560345844190808184 ) ) ;
#8091 = CARTESIAN_POINT ( 'NONE',  ( -1.284124695432257379, 0.03011690141097805862, 0.09343043723288023406 ) ) ;
#8092 = CARTESIAN_POINT ( 'NONE',  ( -0.8818939393508691271, 1.151108125003324600, 0.004711531358574759867 ) ) ;
#8093 = CARTESIAN_POINT ( 'NONE',  ( -0.5732725706070002092, 0.9730885247712388608, 0.09739826755585195839 ) ) ;
#8094 = CARTESIAN_POINT ( 'NONE',  ( -0.5531265540850116569, 0.5814254866359794827, 0.07119596731552907398 ) ) ;
#8095 = ORIENTED_EDGE ( 'NONE', *, *, #5247, .F. ) ;
#8096 = DIRECTION ( 'NONE',  ( 0.000000000000000000, 0.000000000000000000, -1.000000000000000000 ) ) ;
#8097 = FACE_OUTER_BOUND ( 'NONE', #9008, .T. ) ;
#8098 = DIRECTION ( 'NONE',  ( -0.2128911683836046120, -0.9770759184547861409, 0.000000000000000000 ) ) ;
#8099 = CARTESIAN_POINT ( 'NONE',  ( -1.310338981792113167, 0.04416784369075210659, 0.07223841411558266923 ) ) ;
#8100 = B_SPLINE_CURVE_WITH_KNOTS ( 'NONE', 3,
 ( #2574, #5549, #588, #6772, #4040, #8253, #9037, #6818, #491, #4639, #7422, #539, #1139, #3399, #8204, #3300, #8945, #451, #4732 ),
 .UNSPECIFIED., .F., .F.,
 ( 4, 1, 1, 2, 2, 2, 2, 1, 2, 2, 4 ),
 ( 0.000000000000000000, 0.1249999999999565625, 0.1874999999999248657, 0.2187499999999218403, 0.2499999999999188427, 0.4999999999999416023, 0.7499999999999642508, 0.8124999999999777955, 0.8437499999999775735, 0.8749999999999773515, 1.000000000000000000 ),
 .UNSPECIFIED. ) ;
#8101 = ADVANCED_FACE ( 'NONE', ( #4604 ), #3870, .T. ) ;
#8102 = DIRECTION ( 'NONE',  ( 1.000000000000000000, 0.000000000000000000, 0.000000000000000000 ) ) ;
#8103 = VERTEX_POINT ( 'NONE', #2636 ) ;
#8104 = VERTEX_POINT ( 'NONE', #6744 ) ;
#8105 = CARTESIAN_POINT ( 'NONE',  ( -1.357638158308989818, 1.057549001205477346, 0.1164055517590704691 ) ) ;
#8106 = CARTESIAN_POINT ( 'NONE',  ( -0.9576376289679426890, 1.163160575879949254, 0.05496844645997276541 ) ) ;
#8107 = DIRECTION ( 'NONE',  ( 1.000000000000000000, 0.000000000000000000, 0.000000000000000000 ) ) ;
#8108 = VERTEX_POINT ( 'NONE', #1793 ) ;
#8109 = FACE_OUTER_BOUND ( 'NONE', #812, .T. ) ;
#8110 = CARTESIAN_POINT ( 'NONE',  ( -1.467626869410854074, 0.5434505453191931235, 0.07789086438735993989 ) ) ;
#8111 = CARTESIAN_POINT ( 'NONE',  ( -0.8589078702092499684, 1.145446864033239143, 0.06071363472395938099 ) ) ;
#8112 = FACE_BOUND ( 'NONE', #4143, .T. ) ;
#8113 = ORIENTED_EDGE ( 'NONE', *, *, #1028, .F. ) ;
#8114 = B_SPLINE_CURVE_WITH_KNOTS ( 'NONE', 3,
 ( #7277, #3209, #5991, #2301, #992, #8622, #2350, #8798, #480, #1816, #5446, #4076, #523, #8977, #5403, #439, #1171, #1214, #2523, #8881 ),
 .UNSPECIFIED., .F., .F.,
 ( 4, 2, 2, 1, 2, 2, 2, 1, 2, 2, 4 ),
 ( 0.000000000000000000, 0.2499999999999631961, 0.3749999999999481526, 0.4374999999999359956, 0.4687499999999348299, 0.4999999999999336087, 0.6249999999999403810, 0.6874999999999497069, 0.7187499999999484857, 0.7499999999999471534, 1.000000000000000000 ),
 .UNSPECIFIED. ) ;
#8115 = DIRECTION ( 'NONE',  ( 0.000000000000000000, 0.000000000000000000, -1.000000000000000000 ) ) ;
#8116 = CARTESIAN_POINT ( 'NONE',  ( -0.4875488236408293541, 0.8538923604108148435, 0.1516769261788300516 ) ) ;
#8117 = CARTESIAN_POINT ( 'NONE',  ( -1.332710762128392012, 0.05753478526672185789, 0.06873772985940534985 ) ) ;
#8118 = DIRECTION ( 'NONE',  ( -0.000000000000000000, -0.000000000000000000, 1.000000000000000000 ) ) ;
#8119 = CARTESIAN_POINT ( 'NONE',  ( -1.329691630247463507, 1.075947727611639593, 0.1400289498352605411 ) ) ;
#8120 = ORIENTED_EDGE ( 'NONE', *, *, #1945, .T. ) ;
#8121 = DIRECTION ( 'NONE',  ( -0.000000000000000000, -0.000000000000000000, -1.000000000000000000 ) ) ;
#8122 = VERTEX_POINT ( 'NONE', #6699 ) ;
#8123 = AXIS2_PLACEMENT_3D ( 'NONE', #3460, #6250, #9064 ) ;
#8124 = CONICAL_SURFACE ( 'NONE', #5502, 0.4610000000000000764, 0.7853981633974517207 ) ;
#8125 = CARTESIAN_POINT ( 'NONE',  ( -1.013859724571285925, 0.04830048663597942549, 0.08849400962301035012 ) ) ;
#8126 = DIRECTION ( 'NONE',  ( 0.000000000000000000, 0.000000000000000000, 1.000000000000000000 ) ) ;
#8127 = CALENDAR_DATE ( 2023, 6, 3 ) ;
#8128 = ORIENTED_EDGE ( 'NONE', *, *, #7191, .F. ) ;
#8129 = CARTESIAN_POINT ( 'NONE',  ( -1.016389513079114737, 1.165795153420698060, 0.1025265353649850164 ) ) ;
#8130 = VECTOR ( 'NONE', #4411, 39.37007874015748143 ) ;
#8131 = CARTESIAN_POINT ( 'NONE',  ( -1.013859724571285925, 0.5658004866359794827, 0.07119400962301036806 ) ) ;
#8132 = CARTESIAN_POINT ( 'NONE',  ( -1.272772077411227887, 1.107062359624125580, 0.1325528243237233950 ) ) ;
#8133 = DIRECTION ( 'NONE',  ( 0.000000000000000000, 0.000000000000000000, -1.000000000000000000 ) ) ;
#8134 = CARTESIAN_POINT ( 'NONE',  ( -1.041850613252591540, 1.165147222800305915, 0.07626977454767733255 ) ) ;
#8135 = CARTESIAN_POINT ( 'NONE',  ( -0.7051663280536594192, 1.080298897761626797, 0.1364948993948574552 ) ) ;
#8136 = CARTESIAN_POINT ( 'NONE',  ( -1.008571151892628803, -0.03417645562643745194, 0.03666587940124499401 ) ) ;
#8137 = VERTEX_POINT ( 'NONE', #5378 ) ;
#8138 = CARTESIAN_POINT ( 'NONE',  ( -1.330934052715528892, 0.05642421048803834133, 0.04013768716531075642 ) ) ;
#8139 = CARTESIAN_POINT ( 'NONE',  ( -1.013859724571286147, 0.5658004866359794827, 0.1511940096230102448 ) ) ;
#8140 = CARTESIAN_POINT ( 'NONE',  ( -1.361399003688980258, 1.054898075099127919, 0.1370578355299164053 ) ) ;
#8141 = VECTOR ( 'NONE', #3094, 39.37007874015748143 ) ;
#8142 = CARTESIAN_POINT ( 'NONE',  ( -1.308072324145134191, 0.04288658717259918179, 0.06738923204287465551 ) ) ;
#8143 = CARTESIAN_POINT ( 'NONE',  ( -0.4889586110591482293, 0.8564529766257494847, 0.1474627990092481911 ) ) ;
#8144 = ORIENTED_EDGE ( 'NONE', *, *, #6055, .T. ) ;
#8145 = ORIENTED_EDGE ( 'NONE', *, *, #3623, .F. ) ;
#8146 = AXIS2_PLACEMENT_3D ( 'NONE', #350, #8709, #8098 ) ;
#8147 = EDGE_CURVE ( 'NONE', #6473, #2655, #1237, .T. ) ;
#8148 = CARTESIAN_POINT ( 'NONE',  ( -1.354236625309520381, 1.059909476447032262, 0.1184084171227000326 ) ) ;
#8149 = EDGE_CURVE ( 'NONE', #1270, #7126, #8884, .T. ) ;
#8150 = CARTESIAN_POINT ( 'NONE',  ( -1.013859724571285925, 0.5658004866359794827, 0.3756034584419081224 ) ) ;
#8151 = DIRECTION ( 'NONE',  ( 1.000000000000000000, 1.603864418221765709E-16, 0.000000000000000000 ) ) ;
#8152 = ORIENTED_EDGE ( 'NONE', *, *, #8347, .F. ) ;
#8153 = CARTESIAN_POINT ( 'NONE',  ( -0.9577605320891239282, 1.163172130305960783, 0.03869565410095872349 ) ) ;
#8154 = CARTESIAN_POINT ( 'NONE',  ( -1.013859724571285925, 0.5658004866359794827, 0.3756034584419081224 ) ) ;
#8155 = B_SPLINE_CURVE_WITH_KNOTS ( 'NONE', 3,
 ( #2860, #3541, #730, #8356, #3489, #1470, #6327, #96, #1325, #5018, #9, #7796, #8300, #6372 ),
 .UNSPECIFIED., .F., .F.,
 ( 4, 2, 2, 2, 2, 2, 4 ),
 ( 0.000000000000000000, 0.1250000000000033584, 0.2500000000000067168, 0.4999999999999920064, 0.6249999999999582556, 0.7499999999999245048, 1.000000000000000000 ),
 .UNSPECIFIED. ) ;
#8156 = AXIS2_PLACEMENT_3D ( 'NONE', #1798, #8782, #1104 ) ;
#8157 = CARTESIAN_POINT ( 'NONE',  ( -0.8360051823385360459, -0.007233621280295806505, 0.07613436040803887861 ) ) ;
#8158 = CONICAL_SURFACE ( 'NONE', #4221, 0.5174999999999998490, 0.8760580849716195218 ) ;
#8159 = CARTESIAN_POINT ( 'NONE',  ( -0.8873462566310339472, 1.152310795522132558, 0.09560345844190808184 ) ) ;
#8160 = EDGE_CURVE ( 'NONE', #9043, #174, #4501, .T. ) ;
#8161 = EDGE_LOOP ( 'NONE', ( #6878, #1276 ) ) ;
#8162 = AXIS2_PLACEMENT_3D ( 'NONE', #5865, #907, #5904 ) ;
#8163 = CARTESIAN_POINT ( 'NONE',  ( -0.6989462805043097360, 1.076515215375589918, 0.1085217462847889169 ) ) ;
#8164 = AXIS2_PLACEMENT_3D ( 'NONE', #4216, #7000, #1504 ) ;
#8165 = DIRECTION ( 'NONE',  ( -0.2090726765100100470, 0.9779001052954952034, 0.000000000000000000 ) ) ;
#8166 = EDGE_LOOP ( 'NONE', ( #1968, #1000, #6729, #7035 ) ) ;
#8167 = CARTESIAN_POINT ( 'NONE',  ( -0.9314532186179927953, 1.160114558992806133, 0.07119602762738766466 ) ) ;
#8168 = CARTESIAN_POINT ( 'NONE',  ( -1.329563213678633060, 0.05557350519234088848, 0.06235468182251100583 ) ) ;
#8169 = DIRECTION ( 'NONE',  ( 0.000000000000000000, 0.000000000000000000, 1.000000000000000000 ) ) ;
#8170 = CARTESIAN_POINT ( 'NONE',  ( -0.8756260621429297064, 1.149659591704696560, 0.01404521525280555232 ) ) ;
#8171 = ORIENTED_EDGE ( 'NONE', *, *, #1734, .F. ) ;
#8172 = CIRCLE ( 'NONE', #2472, 0.5999999999999999778 ) ;
#8173 = CONICAL_SURFACE ( 'NONE', #6268, 0.5074999999999999512, 0.7853981633974346233 ) ;
#8174 = ORIENTED_EDGE ( 'NONE', *, *, #7944, .F. ) ;
#8175 = CARTESIAN_POINT ( 'NONE',  ( -1.279816475330298742, 0.02796466314683256765, 0.07013378903601946712 ) ) ;
#8176 = VECTOR ( 'NONE', #3017, 39.37007874015748143 ) ;
#8177 = ORIENTED_EDGE ( 'NONE', *, *, #6008, .T. ) ;
#8178 = CARTESIAN_POINT ( 'NONE',  ( -1.059621386563400325, 1.164053118364747785, 0.1463434969120210039 ) ) ;
#8179 = CARTESIAN_POINT ( 'NONE',  ( -1.464125022619656269, 0.5400679901886431544, 0.08119400962301094593 ) ) ;
#8180 = CARTESIAN_POINT ( 'NONE',  ( -1.013859724571285925, 0.5658004866359794827, 0.3756034584419081224 ) ) ;
#8181 = CONICAL_SURFACE ( 'NONE', #4107, 0.5175000000000000711, 0.5241119331426207228 ) ;
#8182 = CARTESIAN_POINT ( 'NONE',  ( -1.376817677915827876, 1.043567720674444921, 0.1079314009123890500 ) ) ;
#8183 = CARTESIAN_POINT ( 'NONE',  ( -1.272342685262022099, 1.107267537773342303, 0.1284428567344160221 ) ) ;
#8184 = CARTESIAN_POINT ( 'NONE',  ( -1.527859724571286160, 0.5658004866359794827, -0.07439654155809191649 ) ) ;
#8185 = CARTESIAN_POINT ( 'NONE',  ( -0.9149091531553528167, -0.02599172705820381943, 0.04177180635385838864 ) ) ;
#8186 = CARTESIAN_POINT ( 'NONE',  ( -0.5712656099626058914, 0.9709060022860823702, 0.09885831252957692772 ) ) ;
#8187 = DIRECTION ( 'NONE',  ( 0.000000000000000000, -1.000000000000000000, 0.000000000000000000 ) ) ;
#8188 = ORIENTED_EDGE ( 'NONE', *, *, #4261, .F. ) ;
#8189 = CARTESIAN_POINT ( 'NONE',  ( -1.320737855231896685, 0.05021750308992701389, 0.03892466512797079781 ) ) ;
#8190 = DIRECTION ( 'NONE',  ( 0.000000000000000000, 0.000000000000000000, -1.000000000000000000 ) ) ;
#8191 = CARTESIAN_POINT ( 'NONE',  ( -0.9120564826660938484, -0.02549986001358056295, 0.09258605447819898138 ) ) ;
#8192 = FACE_BOUND ( 'NONE', #2849, .T. ) ;
#8193 = ORIENTED_EDGE ( 'NONE', *, *, #4261, .T. ) ;
#8194 = VERTEX_POINT ( 'NONE', #3232 ) ;
#8195 = CARTESIAN_POINT ( 'NONE',  ( -1.013859724571285925, 0.5658004866359794827, -0.06439654155809201863 ) ) ;
#8196 = ORIENTED_EDGE ( 'NONE', *, *, #3179, .F. ) ;
#8197 = EDGE_CURVE ( 'NONE', #4239, #3216, #304, .T. ) ;
#8198 = VERTEX_POINT ( 'NONE', #6052 ) ;
#8199 = DIRECTION ( 'NONE',  ( -0.03908722405687837381, -0.9992358024588227083, 0.000000000000000000 ) ) ;
#8200 = CARTESIAN_POINT ( 'NONE',  ( -0.9571250935601721688, 1.163112211356130965, 0.06019595446589491583 ) ) ;
#8201 = EDGE_CURVE ( 'NONE', #7052, #7684, #8856, .T. ) ;
#8202 = CARTESIAN_POINT ( 'NONE',  ( -1.263765504522156968, 0.02032094268398933548, 0.03741157716360706681 ) ) ;
#8203 = ORIENTED_EDGE ( 'NONE', *, *, #8328, .T. ) ;
#8204 = CARTESIAN_POINT ( 'NONE',  ( -0.9584180890090006066, 1.163233535812814523, 0.08097083919950261166 ) ) ;
#8205 = DIRECTION ( 'NONE',  ( -1.000000000000000000, 0.000000000000000000, 0.000000000000000000 ) ) ;
#8206 = EDGE_CURVE ( 'NONE', #5731, #2107, #7434, .T. ) ;
#8207 = CARTESIAN_POINT ( 'NONE',  ( -0.9630384973495544898, 1.163644355679289255, 0.07462823531541401545 ) ) ;
#8208 = EDGE_CURVE ( 'NONE', #7742, #7466, #1060, .T. ) ;
#8209 = CARTESIAN_POINT ( 'NONE',  ( -1.280224234450128895, 1.103434146881908440, 0.1313136623672171155 ) ) ;
#8210 = ORIENTED_EDGE ( 'NONE', *, *, #7201, .T. ) ;
#8211 = FACE_BOUND ( 'NONE', #4442, .T. ) ;
#8212 = CARTESIAN_POINT ( 'NONE',  ( -0.8741013995650941393, -0.01769805056920664352, 0.1198226341604950590 ) ) ;
#8213 = CARTESIAN_POINT ( 'NONE',  ( -1.020542223223458222, 1.165763349271325744, 0.02354556811937576558 ) ) ;
#8214 = ORIENTED_EDGE ( 'NONE', *, *, #6517, .T. ) ;
#8215 = LINE ( 'NONE', #2723, #8003 ) ;
#8216 = CARTESIAN_POINT ( 'NONE',  ( -1.332388922805104237, 0.05733233052512842071, 0.06688727853370002308 ) ) ;
#8217 = CARTESIAN_POINT ( 'NONE',  ( -1.245777062728663953, 0.01243410867107619215, 0.06503903640464567260 ) ) ;
#8218 = B_SPLINE_CURVE_WITH_KNOTS ( 'NONE', 3,
 ( #621, #6907, #4675, #7500, #579, #3345, #4862, #8937, #5407, #8982, #5451, #1176, #530, #1315, #3391, #4084, #3429, #8246, #6946, #3990, #1358, #2704, #6810, #2615, #4127, #6865 ),
 .UNSPECIFIED., .F., .F.,
 ( 4, 2, 2, 2, 2, 2, 1, 1, 2, 2, 1, 1, 2, 2, 4 ),
 ( 0.000000000000000000, 0.06250000000000052736, 0.1250000000000010547, 0.2500000000000017764, 0.3750000000000025535, 0.5000000000000033307, 0.6250000000000039968, 0.6875000000000005551, 0.7187500000000007772, 0.7500000000000008882, 0.8125000000000042188, 0.8437500000000039968, 0.8593750000000038858, 0.8750000000000037748, 1.000000000000000000 ),
 .UNSPECIFIED. ) ;
#8219 = DIRECTION ( 'NONE',  ( 0.4468712251114301259, -0.8945982943016432820, 0.000000000000000000 ) ) ;
#8220 = B_SPLINE_CURVE_WITH_KNOTS ( 'NONE', 3,
 ( #8990, #1875, #6137, #2668, #5458, #4774, #2711, #5500, #1323, #8298, #2022, #3262, #7611, #4138, #628, #6914, #3436, #6224, #6042, #5369, #8153, #1184, #46, #7056, #2165 ),
 .UNSPECIFIED., .F., .F.,
 ( 4, 2, 2, 1, 2, 2, 1, 2, 2, 1, 1, 1, 2, 2, 4 ),
 ( 0.000000000000000000, 0.06249999999999794609, 0.1249999999999958922, 0.1874999999999938383, 0.2187499999999930334, 0.2499999999999922284, 0.3749999999999894529, 0.4374999999999895639, 0.4999999999999896749, 0.6249999999999898970, 0.6874999999999898970, 0.7187499999999902300, 0.7343749999999906741, 0.7499999999999910072, 1.000000000000000000 ),
 .UNSPECIFIED. ) ;
#8221 = ORIENTED_EDGE ( 'NONE', *, *, #4986, .F. ) ;
#8222 = EDGE_CURVE ( 'NONE', #8492, #2705, #3597, .T. ) ;
#8223 = ORIENTED_EDGE ( 'NONE', *, *, #4314, .T. ) ;
#8224 = CARTESIAN_POINT ( 'NONE',  ( -0.6772421404872498440, 1.062478113845751304, 0.1627856404015078640 ) ) ;
#8225 = EDGE_LOOP ( 'NONE', ( #531, #7706, #4907, #6906, #1984, #5615, #6041, #1316, #6678, #5004, #7486, #8095 ) ) ;
#8226 = LINE ( 'NONE', #3416, #274 ) ;
#8227 = CARTESIAN_POINT ( 'NONE',  ( -1.436891846190501365, 0.9912929408950995613, 0.1107933705352349696 ) ) ;
#8228 = VERTEX_POINT ( 'NONE', #5250 ) ;
#8229 = EDGE_CURVE ( 'NONE', #121, #4293, #8954, .T. ) ;
#8230 = EDGE_CURVE ( 'NONE', #5384, #5990, #7564, .T. ) ;
#8231 = VERTEX_POINT ( 'NONE', #5657 ) ;
#8233 = EDGE_CURVE ( 'NONE', #789, #5438, #1710, .T. ) ;
#8232 = CARTESIAN_POINT ( 'NONE',  ( -1.380080298320732535, 1.041072058197107575, 0.1003770653429195137 ) ) ;
#8234 = CARTESIAN_POINT ( 'NONE',  ( -1.055790411038288523, 1.164333541305816233, 0.1386082661342157851 ) ) ;
#8235 = DIRECTION ( 'NONE',  ( -0.000000000000000000, -0.000000000000000000, 1.000000000000000000 ) ) ;
#8236 = CARTESIAN_POINT ( 'NONE',  ( -0.9490719089894070759, 1.162292526822020111, 0.01571464000724995952 ) ) ;
#8237 = EDGE_CURVE ( 'NONE', #5853, #8331, #2724, .T. ) ;
#8238 = CARTESIAN_POINT ( 'NONE',  ( -0.7091485489515801932, 1.082667199078091613, 0.1309095194255205930 ) ) ;
#8239 = CARTESIAN_POINT ( 'NONE',  ( -1.015491639800971235, -0.03420106471108576990, 0.03853017789698356260 ) ) ;
#8240 = EDGE_LOOP ( 'NONE', ( #3559, #6988, #4299, #137, #2699, #1483, #6037, #1183 ) ) ;
#8241 = CARTESIAN_POINT ( 'NONE',  ( -1.326008252848510871, 0.05338171590095073388, 0.03914928972332687440 ) ) ;
#8242 = DIRECTION ( 'NONE',  ( -0.000000000000000000, -0.000000000000000000, 1.000000000000000000 ) ) ;
#8243 = CARTESIAN_POINT ( 'NONE',  ( -1.431791712062925104, 0.9963035108196526268, 0.1144496122880619277 ) ) ;
#8244 = ORIENTED_EDGE ( 'NONE', *, *, #6608, .F. ) ;
#8245 = ORIENTED_EDGE ( 'NONE', *, *, #4464, .F. ) ;
#8246 = CARTESIAN_POINT ( 'NONE',  ( -1.314511659711016467, 1.085038808651020537, 0.1181993409422093105 ) ) ;
#8247 = ORIENTED_EDGE ( 'NONE', *, *, #7647, .F. ) ;
#8248 = ORIENTED_EDGE ( 'NONE', *, *, #4577, .F. ) ;
#8249 = LINE ( 'NONE', #4823, #2489 ) ;
#8250 = DIRECTION ( 'NONE',  ( -0.000000000000000000, -0.000000000000000000, 1.000000000000000000 ) ) ;
#8251 = CARTESIAN_POINT ( 'NONE',  ( -1.474588977421597669, 0.5814254866359794827, 0.07119988270054551649 ) ) ;
#8252 = ORIENTED_EDGE ( 'NONE', *, *, #1987, .F. ) ;
#8253 = CARTESIAN_POINT ( 'NONE',  ( -0.9471883849873425909, 1.162084782301944452, 0.08627644317831621723 ) ) ;
#8254 = DIRECTION ( 'NONE',  ( -0.000000000000000000, -0.000000000000000000, 1.000000000000000000 ) ) ;
#8255 = CARTESIAN_POINT ( 'NONE',  ( -0.9670856709922780459, 1.163974589214094690, 0.06156925366613225092 ) ) ;
#8256 = CARTESIAN_POINT ( 'NONE',  ( -1.438331138283200916, 0.9898571089653662725, 0.09560345844190808184 ) ) ;
#8257 = ORIENTED_EDGE ( 'NONE', *, *, #8559, .F. ) ;
#8258 = CARTESIAN_POINT ( 'NONE',  ( -1.158041454453296204, 1.148219261031371730, 0.1025265353649850164 ) ) ;
#8259 = CARTESIAN_POINT ( 'NONE',  ( -1.013859724571285925, 1.038300486635979514, 0.2256034584419080447 ) ) ;
#8260 = CARTESIAN_POINT ( 'NONE',  ( -1.376535858106470389, 1.043781680998235872, 0.1111563430572926892 ) ) ;
#8261 = CARTESIAN_POINT ( 'NONE',  ( -1.350321882790564532, 1.062583465628727186, 0.1279825297561651976 ) ) ;
#8262 = ORIENTED_EDGE ( 'NONE', *, *, #6484, .F. ) ;
#8263 = EDGE_CURVE ( 'NONE', #2099, #5491, #7995, .T. ) ;
#8264 = CARTESIAN_POINT ( 'NONE',  ( -1.394135900839240216, 1.029901800750714358, 0.1025265353649850164 ) ) ;
#8265 = CARTESIAN_POINT ( 'NONE',  ( -0.8381981138618116445, -0.007909473280621146310, 0.1157096412584111694 ) ) ;
#8266 = CARTESIAN_POINT ( 'NONE',  ( -0.9941588225239155197, 1.165476961460963468, 0.004711531358574759867 ) ) ;
#8267 = DIRECTION ( 'NONE',  ( -0.000000000000000000, -0.000000000000000000, 1.000000000000000000 ) ) ;
#8268 = EDGE_LOOP ( 'NONE', ( #4125, #4104, #8059, #64, #8291 ) ) ;
#8269 = ORIENTED_EDGE ( 'NONE', *, *, #3327, .T. ) ;
#8270 = EDGE_CURVE ( 'NONE', #8058, #3685, #6862, .T. ) ;
#8271 = DIRECTION ( 'NONE',  ( 1.000000000000000000, 0.000000000000000000, 0.000000000000000000 ) ) ;
#8272 = EDGE_CURVE ( 'NONE', #1460, #3293, #4588, .T. ) ;
#8273 = EDGE_LOOP ( 'NONE', ( #7483, #2035, #5360, #4903, #4959, #2521, #6146 ) ) ;
#8274 = CARTESIAN_POINT ( 'NONE',  ( -0.8669612233757074682, -0.01593904769649760744, 0.06890837514890940652 ) ) ;
#8275 = CARTESIAN_POINT ( 'NONE',  ( -1.435878428282064911, 0.9922982666393108664, 0.1071865531560229207 ) ) ;
#8276 = ORIENTED_EDGE ( 'NONE', *, *, #680, .T. ) ;
#8277 = ORIENTED_EDGE ( 'NONE', *, *, #5635, .T. ) ;
#8278 = CARTESIAN_POINT ( 'NONE',  ( -0.5702352344026260234, 0.9697775354936022385, 0.1383310735857998242 ) ) ;
#8279 = CARTESIAN_POINT ( 'NONE',  ( -1.272282882551651673, 1.107296074605982561, 0.1268486711932131361 ) ) ;
#8280 = CARTESIAN_POINT ( 'NONE',  ( -1.013859724571285925, 0.5658004866359794827, 0.1240649969034465366 ) ) ;
#8281 = AXIS2_PLACEMENT_3D ( 'NONE', #5658, #3593, #2083 ) ;
#8282 = CARTESIAN_POINT ( 'NONE',  ( -1.254779847521590774, 1.115307078368608096, 0.1286803815188311828 ) ) ;
#8283 = CARTESIAN_POINT ( 'NONE',  ( -1.278382112476338595, 0.02725689391731964464, 0.1287330891722130999 ) ) ;
#8284 = VERTEX_POINT ( 'NONE', #881 ) ;
#8285 = CARTESIAN_POINT ( 'NONE',  ( -1.152371923729192060, -0.01799835628549507557, 0.09368404572293874411 ) ) ;
#8286 = CARTESIAN_POINT ( 'NONE',  ( -1.184897490797986341, 1.140905766149374667, 0.1240649969034465366 ) ) ;
#8287 = CARTESIAN_POINT ( 'NONE',  ( -1.176704839881131948, 1.143279116831009024, 0.1301928304894897359 ) ) ;
#8288 = AXIS2_PLACEMENT_3D ( 'NONE', #1232, #2766, #8359 ) ;
#8289 = ORIENTED_EDGE ( 'NONE', *, *, #6263, .T. ) ;
#8290 = CARTESIAN_POINT ( 'NONE',  ( -1.190896542923387980, -0.007549156629595262652, 0.08129040813450225111 ) ) ;
#8291 = ORIENTED_EDGE ( 'NONE', *, *, #1250, .T. ) ;
#8292 = ORIENTED_EDGE ( 'NONE', *, *, #1945, .F. ) ;
#8293 = CARTESIAN_POINT ( 'NONE',  ( -0.7161476959030678158, 1.086729990490631570, 0.1286803815188311828 ) ) ;
#8294 = CYLINDRICAL_SURFACE ( 'NONE', #419, 0.5999999999999998668 ) ;
#8295 = CARTESIAN_POINT ( 'NONE',  ( -1.384411931511446925, 1.037702137852159368, 0.1300984151491224039 ) ) ;
#8296 = VECTOR ( 'NONE', #7854, 39.37007874015748143 ) ;
#8297 = ORIENTED_EDGE ( 'NONE', *, *, #8627, .F. ) ;
#8298 = CARTESIAN_POINT ( 'NONE',  ( -0.9558208848311218198, 1.162986804116839856, 0.02548551805438182410 ) ) ;
#8299 = LINE ( 'NONE', #6875, #7276 ) ;
#8300 = CARTESIAN_POINT ( 'NONE',  ( -1.358382578574529154, 1.057027728381262577, 0.1155313464802548568 ) ) ;
#8301 = B_SPLINE_CURVE_WITH_KNOTS ( 'NONE', 3,
 ( #4390, #2243, #68, #2972, #4891, #8417, #2878, #2140, #2193, #4993, #7772, #1488, #792 ),
 .UNSPECIFIED., .F., .F.,
 ( 4, 2, 1, 1, 1, 2, 2, 4 ),
 ( 0.000000000000000000, 0.2500000000000615619, 0.3750000000000848766, 0.4375000000000885958, 0.4687500000000822120, 0.4843750000000792144, 0.5000000000000761613, 1.000000000000000000 ),
 .UNSPECIFIED. ) ;
#8302 = AXIS2_PLACEMENT_3D ( 'NONE', #3102, #2413, #5204 ) ;
#8303 = CARTESIAN_POINT ( 'NONE',  ( -1.464125022619656269, 0.5915329830833158109, 0.08119400962301094593 ) ) ;
#8304 = ORIENTED_EDGE ( 'NONE', *, *, #4300, .F. ) ;
#8305 = FACE_OUTER_BOUND ( 'NONE', #5521, .T. ) ;
#8306 = DIRECTION ( 'NONE',  ( -0.000000000000000000, -0.000000000000000000, 1.000000000000000000 ) ) ;
#8307 = CARTESIAN_POINT ( 'NONE',  ( -1.341147470984628054, 1.068675309353229519, 0.1045945458062512295 ) ) ;
#8308 = CARTESIAN_POINT ( 'NONE',  ( -0.6358001328419805587, 1.031709217077329876, 0.1556034584419080935 ) ) ;
#8309 = ORIENTED_EDGE ( 'NONE', *, *, #1598, .F. ) ;
#8310 = CARTESIAN_POINT ( 'NONE',  ( -0.9406858113004040733, 1.161321778349500899, 0.07718353079332922195 ) ) ;
#8311 = CARTESIAN_POINT ( 'NONE',  ( -1.013859724571285925, 0.5658004866359794827, 0.1386803815188311639 ) ) ;
#8312 = AXIS2_PLACEMENT_3D ( 'NONE', #4477, #3834, #4395 ) ;
#8313 = CIRCLE ( 'NONE', #5217, 0.4610000000000001319 ) ;
#8314 = CARTESIAN_POINT ( 'NONE',  ( -1.013859724571285925, 0.5814254866359794827, 0.09619400962301037639 ) ) ;
#8315 = EDGE_CURVE ( 'NONE', #5191, #2617, #7892, .T. ) ;
#8316 = ORIENTED_EDGE ( 'NONE', *, *, #5367, .T. ) ;
#8317 = VERTEX_POINT ( 'NONE', #4462 ) ;
#8318 = VECTOR ( 'NONE', #2364, 39.37007874015748143 ) ;
#8319 = PRODUCT_DEFINITION ( 'UNKNOWN', '', #7719, #5937 ) ;
#8320 = B_SPLINE_CURVE_WITH_KNOTS ( 'NONE', 3,
 ( #335, #3146, #5847, #5929 ),
 .UNSPECIFIED., .F., .F.,
 ( 4, 4 ),
 ( 0.000000000000000000, 1.000000000000000000 ),
 .UNSPECIFIED. ) ;
#8321 = CARTESIAN_POINT ( 'NONE',  ( -1.006558201341551051, -0.03415508754763513233, 0.1211392333869767551 ) ) ;
#8322 = ORIENTED_EDGE ( 'NONE', *, *, #3694, .F. ) ;
#8323 = CARTESIAN_POINT ( 'NONE',  ( -1.013859724571285925, 0.5658004866359794827, 0.3756034584419081224 ) ) ;
#8324 = DIRECTION ( 'NONE',  ( -0.000000000000000000, -0.000000000000000000, 1.000000000000000000 ) ) ;
#8325 = AXIS2_PLACEMENT_3D ( 'NONE', #7736, #5732, #1455 ) ;
#8326 = VECTOR ( 'NONE', #1703, 39.37007874015748143 ) ;
#8327 = ADVANCED_FACE ( 'NONE', ( #3004 ), #1524, .T. ) ;
#8328 = EDGE_CURVE ( 'NONE', #455, #8387, #6382, .T. ) ;
#8329 = EDGE_CURVE ( 'NONE', #1201, #2831, #7160, .T. ) ;
#8330 = EDGE_CURVE ( 'NONE', #84, #7707, #8744, .T. ) ;
#8331 = VERTEX_POINT ( 'NONE', #6513 ) ;
#8332 = CARTESIAN_POINT ( 'NONE',  ( -0.5688914821294930313, 0.9682967776593709441, 0.1273078274817361355 ) ) ;
#8333 = CARTESIAN_POINT ( 'NONE',  ( -1.281328385177740836, 1.102888055616331409, 0.1501348184849645717 ) ) ;
#8334 = AXIS2_PLACEMENT_3D ( 'NONE', #1670, #8037, #1021 ) ;
#8335 = CARTESIAN_POINT ( 'NONE',  ( -0.6731196559296312998, 1.059658999465189488, 0.1605333153650120304 ) ) ;
#8336 = CARTESIAN_POINT ( 'NONE',  ( -1.381419067880630625, 1.040036850853236716, 0.1382957661342157918 ) ) ;
#8337 = LINE ( 'NONE', #6354, #4514 ) ;
#8338 = ORIENTED_EDGE ( 'NONE', *, *, #3467, .T. ) ;
#8339 = CARTESIAN_POINT ( 'NONE',  ( -1.346398820120639384, 1.065217902604461919, 0.1292535984624565704 ) ) ;
#8340 = CARTESIAN_POINT ( 'NONE',  ( -1.346432953752683348, 1.065195194765825581, 0.09502066044848701820 ) ) ;
#8341 = CARTESIAN_POINT ( 'NONE',  ( -0.8868193226922902461, -0.02059591196348586548, 0.1232268226640045178 ) ) ;
#8342 = ORIENTED_EDGE ( 'NONE', *, *, #3599, .T. ) ;
#8343 = CARTESIAN_POINT ( 'NONE',  ( -1.310858513941143499, 0.04446401264548762583, 0.09766444514350970663 ) ) ;
#8344 = CARTESIAN_POINT ( 'NONE',  ( -1.047029237709491856, 1.164882937888037429, 0.03893503897075426684 ) ) ;
#8345 = ORIENTED_EDGE ( 'NONE', *, *, #870, .F. ) ;
#8346 = ORIENTED_EDGE ( 'NONE', *, *, #3875, .T. ) ;
#8347 = EDGE_CURVE ( 'NONE', #789, #4612, #107, .T. ) ;
#8348 = CARTESIAN_POINT ( 'NONE',  ( -0.5706789306906024928, 0.9702648195312313373, 0.1108528653431605643 ) ) ;
#8349 = CARTESIAN_POINT ( 'NONE',  ( -1.227733754122890764, 1.126387589130640077, 0.1119616315188311922 ) ) ;
#8350 = AXIS2_PLACEMENT_3D ( 'NONE', #7824, #4480, #6451 ) ;
#8351 = CARTESIAN_POINT ( 'NONE',  ( -1.348724614401212163, 0.06793926068955685738, 0.1397136771694904023 ) ) ;
#8352 = ORIENTED_EDGE ( 'NONE', *, *, #5652, .F. ) ;
#8353 = CARTESIAN_POINT ( 'NONE',  ( -0.9069632587800100509, 1.156201321324866527, 0.1025265353649850164 ) ) ;
#8354 = FACE_BOUND ( 'NONE', #5499, .T. ) ;
#8355 = ADVANCED_FACE ( 'NONE', ( #4330 ), #3474, .T. ) ;
#8356 = CARTESIAN_POINT ( 'NONE',  ( -1.359718554206615471, 1.056087821127368764, 0.1118132260079334750 ) ) ;
#8357 = CARTESIAN_POINT ( 'NONE',  ( -1.282351673709887452, 1.102375461371856380, 0.1392515554993585813 ) ) ;
#8358 = ORIENTED_EDGE ( 'NONE', *, *, #1759, .F. ) ;
#8359 = DIRECTION ( 'NONE',  ( 1.000000000000000000, 0.000000000000000000, 0.000000000000000000 ) ) ;
#8360 = CARTESIAN_POINT ( 'NONE',  ( -1.293852440189726893, 0.03513170506654247904, 0.04276346266651834954 ) ) ;
#8361 = CARTESIAN_POINT ( 'NONE',  ( -1.338389253856792527, 1.070459368710161563, 0.1103446686529534065 ) ) ;
#8362 = CARTESIAN_POINT ( 'NONE',  ( -1.116258750538753564, -0.02539697570711423394, 0.1179379935991548972 ) ) ;
#8363 = ORIENTED_EDGE ( 'NONE', *, *, #7549, .T. ) ;
#8364 = CARTESIAN_POINT ( 'NONE',  ( -0.9293495478441454738, 1.159819056658152991, 0.06679747226192436771 ) ) ;
#8365 = CARTESIAN_POINT ( 'NONE',  ( -0.4895375895791852505, 0.8574961051843136284, 0.1072441110269869019 ) ) ;
#8366 = CARTESIAN_POINT ( 'NONE',  ( -0.6994955642508295934, 1.076853566125695494, 0.09682720412408203636 ) ) ;
#8367 = CARTESIAN_POINT ( 'NONE',  ( -0.8647638329351939879, 1.146986582400870702, 0.04429326491003489352 ) ) ;
#8368 = ORIENTED_EDGE ( 'NONE', *, *, #2135, .T. ) ;
#8369 = ORIENTED_EDGE ( 'NONE', *, *, #1209, .T. ) ;
#8370 = CARTESIAN_POINT ( 'NONE',  ( -1.001043478096851347, -0.03406689592753111423, 0.08215957128829395884 ) ) ;
#8371 = ORIENTED_EDGE ( 'NONE', *, *, #631, .F. ) ;
#8372 = CARTESIAN_POINT ( 'NONE',  ( -1.180820666084998916, 1.142102553909784879, 0.1237538698081704219 ) ) ;
#8373 = FACE_BOUND ( 'NONE', #7133, .T. ) ;
#8374 = VERTEX_POINT ( 'NONE', #7932 ) ;
#8375 = CARTESIAN_POINT ( 'NONE',  ( -1.474588977421597669, 0.5814254866359794827, 0.09619988270054552482 ) ) ;
#8376 = DIRECTION ( 'NONE',  ( -0.000000000000000000, -0.000000000000000000, 1.000000000000000000 ) ) ;
#8377 = CARTESIAN_POINT ( 'NONE',  ( -1.223392283960543780, 1.128024834423919875, 0.1223447591121540334 ) ) ;
#8378 = CARTESIAN_POINT ( 'NONE',  ( -0.8868193226922902461, -0.02059591196348586548, 0.05780800708657005127 ) ) ;
#8379 = DIMENSIONAL_EXPONENTS ( 1.000000000000000000, 0.000000000000000000, 0.000000000000000000, 0.000000000000000000, 0.000000000000000000, 0.000000000000000000, 0.000000000000000000 ) ;
#8380 = CARTESIAN_POINT ( 'NONE',  ( -1.233735958110643960, 1.124061787162798698, 0.1386329549335546529 ) ) ;
#8381 = VERTEX_POINT ( 'NONE', #1656 ) ;
#8382 = EDGE_CURVE ( 'NONE', #1673, #608, #7417, .T. ) ;
#8383 = EDGE_CURVE ( 'NONE', #6397, #3991, #8603, .T. ) ;
#8384 = CARTESIAN_POINT ( 'NONE',  ( -1.299192825276412666, 0.03798218738940375289, 0.09889152944773071940 ) ) ;
#8385 = CARTESIAN_POINT ( 'NONE',  ( -1.013859724571285925, 0.5658004866359794827, 0.2456034584419083677 ) ) ;
#8386 = EDGE_CURVE ( 'NONE', #690, #5870, #6398, .T. ) ;
#8387 = VERTEX_POINT ( 'NONE', #918 ) ;
#8388 = CARTESIAN_POINT ( 'NONE',  ( -0.4786262120471880821, 0.8369608042168089623, 0.1553717431343953903 ) ) ;
#8389 = CARTESIAN_POINT ( 'NONE',  ( -0.6979856586962379650, 1.075921633853825776, 0.1345866874214672604 ) ) ;
#8390 = ORIENTED_EDGE ( 'NONE', *, *, #6581, .T. ) ;
#8391 = ORIENTED_EDGE ( 'NONE', *, *, #7179, .T. ) ;
#8392 = CARTESIAN_POINT ( 'NONE',  ( -1.334300740114000572, 0.05853559428879920312, 0.1416246939994064424 ) ) ;
#8393 = FACE_OUTER_BOUND ( 'NONE', #3921, .T. ) ;
#8394 = CARTESIAN_POINT ( 'NONE',  ( -0.8656325582136719099, 1.147202849164368432, 0.09560345844190808184 ) ) ;
#8395 = VERTEX_POINT ( 'NONE', #2315 ) ;
#8396 = CARTESIAN_POINT ( 'NONE',  ( -0.4845935911980526756, 0.8484263585699044485, 0.1046566924870841186 ) ) ;
#8397 = FACE_OUTER_BOUND ( 'NONE', #4437, .T. ) ;
#8398 = CARTESIAN_POINT ( 'NONE',  ( -0.8459646423083626576, -0.01023109493637460593, 0.05384778277282813164 ) ) ;
#8399 = CARTESIAN_POINT ( 'NONE',  ( -1.013859724571285925, 0.5658004866359794827, 0.08383615711630544587 ) ) ;
#8400 = ORIENTED_EDGE ( 'NONE', *, *, #6889, .T. ) ;
#8401 = CARTESIAN_POINT ( 'NONE',  ( -1.310858513941143499, 0.04446401264548762583, 0.09766444514350970663 ) ) ;
#8402 = CARTESIAN_POINT ( 'NONE',  ( -1.013859724571285925, 0.5658004866359794827, 0.1217573045957542482 ) ) ;
#8403 = FACE_OUTER_BOUND ( 'NONE', #3949, .T. ) ;
#8404 = ORIENTED_EDGE ( 'NONE', *, *, #7541, .F. ) ;
#8405 = VERTEX_POINT ( 'NONE', #3043 ) ;
#8406 = CARTESIAN_POINT ( 'NONE',  ( -0.4769075518838824523, 0.8335361530215567027, 0.1132342548190696657 ) ) ;
#8407 = CARTESIAN_POINT ( 'NONE',  ( -1.013859724571285925, 0.5658004866359794827, 0.1338940096230100962 ) ) ;
#8408 = EDGE_CURVE ( 'NONE', #6639, #2206, #3729, .T. ) ;
#8409 = CARTESIAN_POINT ( 'NONE',  ( -1.345438383686236250, 1.065856901116899458, 0.1562521251921843435 ) ) ;
#8410 = LINE ( 'NONE', #4661, #4658 ) ;
#8411 = ORIENTED_EDGE ( 'NONE', *, *, #102, .T. ) ;
#8412 = ORIENTED_EDGE ( 'NONE', *, *, #8529, .T. ) ;
#8413 = B_SPLINE_CURVE_WITH_KNOTS ( 'NONE', 3,
 ( #6460, #179, #809, #3075, #3027, #7915, #3626, #8572, #5051, #7272 ),
 .UNSPECIFIED., .F., .F.,
 ( 4, 1, 1, 2, 2, 4 ),
 ( 0.000000000000000000, 0.2499999999999870104, 0.3750000000000086597, 0.4375000000000194289, 0.5000000000000303091, 1.000000000000000000 ),
 .UNSPECIFIED. ) ;
#8414 = CARTESIAN_POINT ( 'NONE',  ( -1.402907716239807590, 1.022573581485807237, 0.1486803815188311728 ) ) ;
#8415 = CARTESIAN_POINT ( 'NONE',  ( -1.013859724571285925, 0.5658004866359794827, 0.09560345844190808184 ) ) ;
#8416 = ORIENTED_EDGE ( 'NONE', *, *, #3521, .T. ) ;
#8417 = CARTESIAN_POINT ( 'NONE',  ( -1.267057216305607525, 0.02184077317856800843, 0.04419087889861365165 ) ) ;
#8418 = ORIENTED_EDGE ( 'NONE', *, *, #8051, .T. ) ;
#8419 = DIRECTION ( 'NONE',  ( -0.000000000000000000, -0.000000000000000000, 1.000000000000000000 ) ) ;
#8420 = VERTEX_POINT ( 'NONE', #5835 ) ;
#8421 = CARTESIAN_POINT ( 'NONE',  ( -0.4870156151254098065, 0.8529159414999980537, 0.1330598892044257409 ) ) ;
#8422 = CARTESIAN_POINT ( 'NONE',  ( -1.230834016278171239, 0.006406031230587303990, 0.07893754585977005855 ) ) ;
#8423 = LINE ( 'NONE', #3610, #6807 ) ;
#8424 = DIRECTION ( 'NONE',  ( -0.04873997849545724098, -0.9988115009831746161, 0.000000000000000000 ) ) ;
#8425 = CARTESIAN_POINT ( 'NONE',  ( -1.239788594177929859, 1.121638898133681561, 0.1305383328639655449 ) ) ;
#8426 = VERTEX_POINT ( 'NONE', #8640 ) ;
#8427 = CARTESIAN_POINT ( 'NONE',  ( -1.340155008348258958, 1.069321950023661261, 0.09676382108865379250 ) ) ;
#8428 = CARTESIAN_POINT ( 'NONE',  ( -1.218273991121299638, 1.129915345713793817, 0.1500826251085748131 ) ) ;
#8429 = CARTESIAN_POINT ( 'NONE',  ( -0.4742237527955071585, 0.8280847615393889249, 0.1444416179864886629 ) ) ;
#8430 = DIRECTION ( 'NONE',  ( 1.000000000000000000, 0.000000000000000000, 0.000000000000000000 ) ) ;
#8431 = ORIENTED_EDGE ( 'NONE', *, *, #6337, .F. ) ;
#8432 = ORIENTED_EDGE ( 'NONE', *, *, #8408, .F. ) ;
#8433 = DIRECTION ( 'NONE',  ( -1.000000000000000000, 0.000000000000000000, 0.000000000000000000 ) ) ;
#8434 = CARTESIAN_POINT ( 'NONE',  ( -1.227760518736038975, 1.126377377950900316, 0.1111076652627156769 ) ) ;
#8435 = DIRECTION ( 'NONE',  ( -0.000000000000000000, -0.000000000000000000, 1.000000000000000000 ) ) ;
#8436 = B_SPLINE_CURVE_WITH_KNOTS ( 'NONE', 3,
 ( #4870, #6323, #814, #864, #670, #7652, #3681, #6417, #2856, #1466, #2219, #4179, #141, #5015, #3486, #8536, #5740, #6276, #5642, #3537, #7011, #7, #1365, #2809, #183, #7793, #1411, #4275, #5694, #6464, #771, #727 ),
 .UNSPECIFIED., .F., .F.,
 ( 4, 1, 2, 2, 2, 2, 2, 1, 2, 2, 1, 2, 2, 1, 1, 1, 2, 2, 4 ),
 ( 0.000000000000000000, 0.03125000000000530131, 0.04687500000000237310, 0.06249999999999944489, 0.1249999999999947542, 0.1874999999999900635, 0.2499999999999853728, 0.3124999999999806821, 0.3437499999999812372, 0.3749999999999818479, 0.4374999999999829581, 0.4687499999999840683, 0.4999999999999852340, 0.6249999999999832356, 0.6874999999999822364, 0.7187499999999826805, 0.7343749999999824585, 0.7499999999999822364, 1.000000000000000000 ),
 .UNSPECIFIED. ) ;
#8437 = ORIENTED_EDGE ( 'NONE', *, *, #1894, .F. ) ;
#8438 = CARTESIAN_POINT ( 'NONE',  ( -0.4817406708794479409, 0.8430175725057047487, 0.1025265353649850164 ) ) ;
#8439 = FACE_BOUND ( 'NONE', #5174, .T. ) ;
#8440 = VECTOR ( 'NONE', #2651, 39.37007874015748143 ) ;
#8441 = CARTESIAN_POINT ( 'NONE',  ( -1.013859724571285925, 0.5658004866359794827, 0.1022137270181145557 ) ) ;
#8442 = AXIS2_PLACEMENT_3D ( 'NONE', #3356, #2627, #5327 ) ;
#8443 = CARTESIAN_POINT ( 'NONE',  ( -0.8623681514513984459, -0.01476046989946700437, 0.04020571965111646717 ) ) ;
#8444 = CARTESIAN_POINT ( 'NONE',  ( -0.4861841183974395242, 0.8513849489841353035, 0.1097236713924936435 ) ) ;
#8445 = EDGE_CURVE ( 'NONE', #2790, #5882, #3462, .T. ) ;
#8446 = ORIENTED_EDGE ( 'NONE', *, *, #4406, .F. ) ;
#8447 = CIRCLE ( 'NONE', #1998, 0.4865582143213656452 ) ;
#8448 = CARTESIAN_POINT ( 'NONE',  ( -1.258350906027281502, 0.01787306891448106269, 0.1198622000924139397 ) ) ;
#8449 = CARTESIAN_POINT ( 'NONE',  ( -1.013859724571285925, 0.5658004866359794827, 0.004711531358574759867 ) ) ;
#8450 = CARTESIAN_POINT ( 'NONE',  ( -0.6913173318087095787, 1.071731712296462247, 0.1124286161860853089 ) ) ;
#8451 = ORIENTED_EDGE ( 'NONE', *, *, #5634, .T. ) ;
#8452 = VERTEX_POINT ( 'NONE', #5370 ) ;
#8453 = CARTESIAN_POINT ( 'NONE',  ( -1.364652788847489973, 1.052571131787098047, 0.1486305006992710287 ) ) ;
#8454 = DIRECTION ( 'NONE',  ( 0.000000000000000000, 0.000000000000000000, -1.000000000000000000 ) ) ;
#8455 = CARTESIAN_POINT ( 'NONE',  ( -0.7071321863722423995, 1.081475340561804943, 0.09561543833568154904 ) ) ;
#8456 = AXIS2_PLACEMENT_3D ( 'NONE', #3556, #2191, #8187 ) ;
#8457 = ADVANCED_FACE ( 'NONE', ( #4640 ), #364, .T. ) ;
#8458 = CARTESIAN_POINT ( 'NONE',  ( -1.322243997624467537, 1.080484107522498460, 0.1303788973590205014 ) ) ;
#8459 = ORIENTED_EDGE ( 'NONE', *, *, #6786, .T. ) ;
#8460 = ORIENTED_EDGE ( 'NONE', *, *, #4079, .T. ) ;
#8461 = AXIS2_PLACEMENT_3D ( 'NONE', #9081, #3676, #2157 ) ;
#8462 = CARTESIAN_POINT ( 'NONE',  ( -1.006792283402869304, -0.03415788827447020781, 0.07456193663577498354 ) ) ;
#8463 = DIRECTION ( 'NONE',  ( 0.000000000000000000, 0.000000000000000000, 1.000000000000000000 ) ) ;
#8464 = EDGE_LOOP ( 'NONE', ( #4157, #1170, #1615, #4035, #2174, #1321 ) ) ;
#8465 = CARTESIAN_POINT ( 'NONE',  ( -1.176385178314671265, 1.143369172575587678, 0.1222198225636630803 ) ) ;
#8466 = ORIENTED_EDGE ( 'NONE', *, *, #7974, .F. ) ;
#8467 = CARTESIAN_POINT ( 'NONE',  ( -1.013859724571285925, 0.5658004866359794827, 0.05842400011882883937 ) ) ;
#8468 = ORIENTED_EDGE ( 'NONE', *, *, #5638, .T. ) ;
#8469 = AXIS2_PLACEMENT_3D ( 'NONE', #1684, #311, #8753 ) ;
#8470 = ORIENTED_EDGE ( 'NONE', *, *, #6183, .T. ) ;
#8471 = CARTESIAN_POINT ( 'NONE',  ( -0.4865292957679704933, 0.8520217643386075457, 0.1400277116995051752 ) ) ;
#8472 = DIRECTION ( 'NONE',  ( 1.000000000000000000, 0.000000000000000000, 0.000000000000000000 ) ) ;
#8473 = DIRECTION ( 'NONE',  ( 0.000000000000000000, 0.000000000000000000, 1.000000000000000000 ) ) ;
#8474 = CARTESIAN_POINT ( 'NONE',  ( -1.315100762730784467, 1.084697236586394720, 0.1273731272256276303 ) ) ;
#8475 = CARTESIAN_POINT ( 'NONE',  ( -1.235981847938821820, 1.123170887532942253, 0.1350286367040842150 ) ) ;
#8476 = VECTOR ( 'NONE', #4671, 39.37007874015748143 ) ;
#8477 = ORIENTED_EDGE ( 'NONE', *, *, #1658, .T. ) ;
#8478 = AXIS2_PLACEMENT_3D ( 'NONE', #5091, #1768, #1595 ) ;
#8479 = ORIENTED_EDGE ( 'NONE', *, *, #8878, .T. ) ;
#8480 = CARTESIAN_POINT ( 'NONE',  ( -1.346700610099139883, 1.065016833468457991, 0.09499230335101406519 ) ) ;
#8481 = DIRECTION ( 'NONE',  ( 1.000000000000000000, 0.000000000000000000, 0.000000000000000000 ) ) ;
#8482 = CARTESIAN_POINT ( 'NONE',  ( -1.302315818659545377, 0.03968917163758053923, 0.09437490648790013148 ) ) ;
#8483 = AXIS2_PLACEMENT_3D ( 'NONE', #6841, #6894, #4018 ) ;
#8484 = CARTESIAN_POINT ( 'NONE',  ( -1.013859724571285925, 0.5658004866359794827, 0.1956034584419080458 ) ) ;
#8485 = VERTEX_POINT ( 'NONE', #7378 ) ;
#8486 = CARTESIAN_POINT ( 'NONE',  ( -1.013859724571285703, -0.5782672832946231800, 0.1511940096230103281 ) ) ;
#8487 = CARTESIAN_POINT ( 'NONE',  ( -1.281708107163123778, 0.02890452338401331561, 0.05167637335407121446 ) ) ;
#8488 = ORIENTED_EDGE ( 'NONE', *, *, #8383, .T. ) ;
#8489 = CARTESIAN_POINT ( 'NONE',  ( -0.9425836253138609733, 1.161551875786391408, 0.01404521525280555232 ) ) ;
#8490 = CARTESIAN_POINT ( 'NONE',  ( -0.9334738281969509055, 1.160395522738889573, 0.08529089250978781622 ) ) ;
#8491 = AXIS2_PLACEMENT_3D ( 'NONE', #8259, #7704, #5651 ) ;
#8492 = VERTEX_POINT ( 'NONE', #2493 ) ;
#8493 = DIRECTION ( 'NONE',  ( 0.2079393073991736562, 0.9781417302407418024, 0.000000000000000000 ) ) ;
#8494 = DIRECTION ( 'NONE',  ( -0.000000000000000000, -0.000000000000000000, 1.000000000000000000 ) ) ;
#8495 = DIRECTION ( 'NONE',  ( -0.3537603208225760798, -0.9353361082581534980, 0.000000000000000000 ) ) ;
#8496 = ORIENTED_EDGE ( 'NONE', *, *, #1370, .T. ) ;
#8497 = CIRCLE ( 'NONE', #866, 0.5999999999999999778 ) ;
#8498 = CARTESIAN_POINT ( 'NONE',  ( -1.320393452660951983, 0.05001266830032841809, 0.03449982629018566449 ) ) ;
#8499 = CARTESIAN_POINT ( 'NONE',  ( -1.008383825879783480, 1.165775599081412484, 0.02594944306280241517 ) ) ;
#8500 = FACE_OUTER_BOUND ( 'NONE', #5582, .T. ) ;
#8501 = EDGE_LOOP ( 'NONE', ( #2759, #5463, #4277, #4384, #2252, #3304, #4726, #4817, #1797, #7573, #3596, #140, #507, #5673, #598, #2510 ) ) ;
#8502 = EDGE_LOOP ( 'NONE', ( #698, #560, #7645, #3821, #2312 ) ) ;
#8503 = CARTESIAN_POINT ( 'NONE',  ( -1.347942741225164553, 1.064186419406402129, 0.1563726892111388656 ) ) ;
#8504 = CARTESIAN_POINT ( 'NONE',  ( -1.013859724571285925, 0.5658004866359794827, 0.1956034584419080458 ) ) ;
#8505 = ADVANCED_FACE ( 'NONE', ( #323 ), #1090, .T. ) ;
#8506 = AXIS2_PLACEMENT_3D ( 'NONE', #8486, #6950, #667 ) ;
#8507 = CARTESIAN_POINT ( 'NONE',  ( -0.6944548542771510347, 1.073719219070319086, 0.1006888144683306535 ) ) ;
#8508 = EDGE_CURVE ( 'NONE', #6510, #3394, #4915, .T. ) ;
#8509 = CARTESIAN_POINT ( 'NONE',  ( -1.337837351275971809, 1.070814164032433125, 0.1345283463580564942 ) ) ;
#8510 = ORIENTED_EDGE ( 'NONE', *, *, #7205, .T. ) ;
#8511 = ORIENTED_EDGE ( 'NONE', *, *, #811, .F. ) ;
#8512 = CARTESIAN_POINT ( 'NONE',  ( -0.9042451963457814879, -0.02410235817635843214, 0.06530273553283957866 ) ) ;
#8513 = CARTESIAN_POINT ( 'NONE',  ( -1.360914517368410737, 1.055242553860050503, 0.1232298997551269509 ) ) ;
#8514 = CARTESIAN_POINT ( 'NONE',  ( -0.4817018035229067019, 0.8429429537273055439, 0.09560345844190808184 ) ) ;
#8515 = ADVANCED_FACE ( 'NONE', ( #7468 ), #3637, .F. ) ;
#8516 = ORIENTED_EDGE ( 'NONE', *, *, #6408, .F. ) ;
#8517 = CARTESIAN_POINT ( 'NONE',  ( -1.252553308943798127, 0.01532257745053015353, 0.08275168842171216899 ) ) ;
#8518 = ORIENTED_EDGE ( 'NONE', *, *, #3788, .T. ) ;
#8519 = B_SPLINE_CURVE_WITH_KNOTS ( 'NONE', 3,
 ( #8779, #2457, #2326, #5801, #2502, #8598, #7901, #3740, #5295, #8690, #7943, #5252, #1667, #7303, #1018, #332, #1758, #7345, #3873, #8075, #1795, #1626, #4435, #503, #1239, #4010, #8913, #6150, #3314, #3970, #6746, #557, #3919 ),
 .UNSPECIFIED., .F., .F.,
 ( 4, 2, 1, 1, 1, 2, 2, 1, 1, 1, 2, 2, 1, 1, 2, 2, 1, 2, 2, 2, 4 ),
 ( 0.000000000000000000, 0.2500000000000648925, 0.3750000000000842659, 0.4375000000001076361, 0.4687500000001193490, 0.4843750000001252887, 0.5000000000001312284, 0.6250000000001372236, 0.6875000000001405542, 0.7187500000001554312, 0.7343750000001491030, 0.7500000000001426637, 0.8125000000001159073, 0.8437500000001024736, 0.8593750000000959233, 0.8750000000000894840, 0.9062500000000576206, 0.9218750000000424105, 0.9375000000000273115, 0.9687500000000136557, 1.000000000000000000 ),
 .UNSPECIFIED. ) ;
#8520 = ORIENTED_EDGE ( 'NONE', *, *, #5672, .T. ) ;
#8521 = CARTESIAN_POINT ( 'NONE',  ( -0.4836290418575101557, 0.8466131548669538764, 0.1485374458565252298 ) ) ;
#8522 = CARTESIAN_POINT ( 'NONE',  ( -1.387168559247285771, 1.035524799773130944, 0.1034416345745488713 ) ) ;
#8523 = CARTESIAN_POINT ( 'NONE',  ( -1.322329943156512089, 1.080432520525878903, 0.1234681936883070819 ) ) ;
#8524 = CARTESIAN_POINT ( 'NONE',  ( -0.6782269869395379791, 1.063144360042193703, 0.1668855097239594076 ) ) ;
#8525 = ORIENTED_EDGE ( 'NONE', *, *, #209, .F. ) ;
#8526 = B_SPLINE_CURVE_WITH_KNOTS ( 'NONE', 3,
 ( #4896, #9071, #5079, #5042, #1446, #2200, #127, #2095, #7821, #5726, #7677, #4396, #8522, #6351, #4260, #7729, #2146, #3522, #4946, #8562, #4208, #6990, #7776 ),
 .UNSPECIFIED., .F., .F.,
 ( 4, 1, 2, 2, 2, 2, 2, 2, 2, 2, 2, 4 ),
 ( 0.000000000000000000, 0.06249999999999024392, 0.09374999999998474831, 0.1249999999999792388, 0.2499999999999666933, 0.3749999999999540923, 0.4999999999999416023, 0.6249999999999290567, 0.6874999999999313882, 0.7187499999999323874, 0.7499999999999333866, 1.000000000000000000 ),
 .UNSPECIFIED. ) ;
#8527 = EDGE_CURVE ( 'NONE', #1935, #3476, #2719, .T. ) ;
#8528 = CARTESIAN_POINT ( 'NONE',  ( -1.337398496437449236, 1.071095419776368685, 0.09850804369947160910 ) ) ;
#8529 = EDGE_CURVE ( 'NONE', #6410, #6804, #7411, .T. ) ;
#8530 = EDGE_CURVE ( 'NONE', #4747, #40, #5794, .T. ) ;
#8531 = CARTESIAN_POINT ( 'NONE',  ( -0.4735181516390416512, 0.8266280730678688959, 0.1384727632227047422 ) ) ;
#8532 = CARTESIAN_POINT ( 'NONE',  ( -0.7008468186676217737, 1.077682231512414601, 0.1308678815188311639 ) ) ;
#8533 = CARTESIAN_POINT ( 'NONE',  ( -1.333608323065629042, 0.05809896629070503138, 0.07620779895924036096 ) ) ;
#8534 = DIRECTION ( 'NONE',  ( 0.000000000000000000, 0.000000000000000000, -1.000000000000000000 ) ) ;
#8535 = LINE ( 'NONE', #2259, #124 ) ;
#8536 = CARTESIAN_POINT ( 'NONE',  ( -0.4758534467376211996, 0.8314117162623940738, 0.1009613256930898123 ) ) ;
#8537 = CARTESIAN_POINT ( 'NONE',  ( -0.9371264292529183360, 1.160874057125858672, 0.08617304548930156127 ) ) ;
#8538 = CARTESIAN_POINT ( 'NONE',  ( -1.337253421245282237, 1.071188002071936873, 0.1421056108515878214 ) ) ;
#8539 = CARTESIAN_POINT ( 'NONE',  ( -1.312312915602607433, 0.04529523903646248684, 0.06036423024922889929 ) ) ;
#8540 = DIRECTION ( 'NONE',  ( -0.000000000000000000, -0.000000000000000000, 1.000000000000000000 ) ) ;
#8541 = ORIENTED_EDGE ( 'NONE', *, *, #6044, .F. ) ;
#8542 = LINE ( 'NONE', #2998, #7309 ) ;
#8543 = CARTESIAN_POINT ( 'NONE',  ( -0.9288429373998199345, 1.159746736496088282, 0.02638079994196474570 ) ) ;
#8544 = FACE_OUTER_BOUND ( 'NONE', #4328, .T. ) ;
#8545 = EDGE_LOOP ( 'NONE', ( #1946, #4826, #1477, #3455, #3837, #9062, #6204, #3526, #1627, #104, #3857, #8368, #2889, #7038 ) ) ;
#8546 = ORIENTED_EDGE ( 'NONE', *, *, #6517, .F. ) ;
#8547 = CARTESIAN_POINT ( 'NONE',  ( -0.4765812632518692249, 0.8328807275579239722, 0.1189095411028860821 ) ) ;
#8548 = DIRECTION ( 'NONE',  ( -0.000000000000000000, -0.000000000000000000, 1.000000000000000000 ) ) ;
#8549 = CARTESIAN_POINT ( 'NONE',  ( -0.7043663713617372979, 1.079818231925301797, 0.09579058871927811913 ) ) ;
#8550 = CARTESIAN_POINT ( 'NONE',  ( -0.5635944265229161365, 0.5915329830833159219, 0.1061940096230103991 ) ) ;
#8551 = VERTEX_POINT ( 'NONE', #6004 ) ;
#8552 = CARTESIAN_POINT ( 'NONE',  ( -0.9086223746923338673, -0.02489911397161378645, 0.07214088583670649757 ) ) ;
#8553 = DIRECTION ( 'NONE',  ( -0.000000000000000000, -0.000000000000000000, 1.000000000000000000 ) ) ;
#8554 = CARTESIAN_POINT ( 'NONE',  ( -0.5646787147546389329, 0.9635899391351381293, 0.1114454272986594441 ) ) ;
#8555 = CARTESIAN_POINT ( 'NONE',  ( -1.253275217987302792, 0.01563625243874417273, 0.08238670692589167288 ) ) ;
#8556 = EDGE_LOOP ( 'NONE', ( #7062, #2662, #4600, #1, #3336, #2579, #7234, #8024 ) ) ;
#8557 = ORIENTED_EDGE ( 'NONE', *, *, #1028, .T. ) ;
#8558 = B_SPLINE_CURVE_WITH_KNOTS ( 'NONE', 3,
 ( #2900, #7794, #3719, #6503, #142, #5782, #222, #2220, #4319, #5823, #7099, #4452, #8624, #7879, #815, #5055, #1467, #8669, #2948, #2993, #4414, #865, #5695, #6418, #3631, #7835, #7231, #947, #6547, #5866, #2303, #8490, #5741, #8537, #4966, #5099, #7057, #3580, #3682, #1736 ),
 .UNSPECIFIED., .F., .F.,
 ( 4, 1, 1, 1, 2, 2, 1, 1, 2, 2, 1, 1, 2, 2, 2, 2, 2, 2, 2, 2, 1, 2, 2, 4 ),
 ( 0.000000000000000000, 0.06250000000000112410, 0.09375000000000144329, 0.1093750000000014155, 0.1171875000000016237, 0.1250000000000018319, 0.1875000000000022204, 0.2187500000000025535, 0.2343750000000023870, 0.2500000000000022204, 0.3124999999999993339, 0.3437499999999977796, 0.3593749999999970024, 0.3749999999999962252, 0.4374999999999967248, 0.4999999999999971689, 0.6250000000000004441, 0.6875000000000024425, 0.7500000000000044409, 0.8750000000000021094, 0.9062500000000037748, 0.9218750000000009992, 0.9374999999999983347, 1.000000000000000000 ),
 .UNSPECIFIED. ) ;
#8559 = EDGE_CURVE ( 'NONE', #6551, #4286, #3998, .T. ) ;
#8560 = CARTESIAN_POINT ( 'NONE',  ( -0.8155733050084578162, 1.132088837052049657, 0.1556034584419080935 ) ) ;
#8561 = EDGE_CURVE ( 'NONE', #3562, #1295, #7094, .T. ) ;
#8562 = CARTESIAN_POINT ( 'NONE',  ( -1.390237273718454070, 1.033069108095816757, 0.1027204103298672011 ) ) ;
#8563 = CARTESIAN_POINT ( 'NONE',  ( -1.321986393826777739, 1.080638299141887471, 0.1193711398086540615 ) ) ;
#8564 = CARTESIAN_POINT ( 'NONE',  ( -1.304463116623747698, 0.04087223579820740971, 0.1008430758554258039 ) ) ;
#8565 = VERTEX_POINT ( 'NONE', #4775 ) ;
#8566 = VERTEX_POINT ( 'NONE', #5501 ) ;
#8567 = CARTESIAN_POINT ( 'NONE',  ( -1.247543349936905743, 0.01317768287560214073, 0.05975642949163724460 ) ) ;
#8568 = DIRECTION ( 'NONE',  ( 1.000000000000000000, 0.000000000000000000, 0.000000000000000000 ) ) ;
#8569 = CARTESIAN_POINT ( 'NONE',  ( -1.043922335572141646, 1.165046879549454628, 0.01404521525280555232 ) ) ;
#8570 = B_SPLINE_CURVE_WITH_KNOTS ( 'NONE', 3,
 ( #5106, #1519, #7106, #5059 ),
 .UNSPECIFIED., .F., .F.,
 ( 4, 4 ),
 ( 0.000000000000000000, 1.000000000000000000 ),
 .UNSPECIFIED. ) ;
#8571 = CARTESIAN_POINT ( 'NONE',  ( -0.6981400758550814212, 1.076017227783836683, 0.1343512289567160012 ) ) ;
#8572 = CARTESIAN_POINT ( 'NONE',  ( -1.182413752639442928, 1.141639079275683866, 0.1025643330868466069 ) ) ;
#8573 = CARTESIAN_POINT ( 'NONE',  ( -0.5911755956717714700, 0.9916386333260788222, 0.1025265353649850164 ) ) ;
#8574 = LINE ( 'NONE', #862, #3033 ) ;
#8575 = CARTESIAN_POINT ( 'NONE',  ( -1.131016591348068756, 1.154251222523910103, 0.1025265353649850164 ) ) ;
#8576 = PLANE ( 'NONE',  #4657 ) ;
#8577 = FACE_BOUND ( 'NONE', #3167, .T. ) ;
#8578 = DIRECTION ( 'NONE',  ( 0.000000000000000000, -1.000000000000000000, 0.000000000000000000 ) ) ;
#8579 = CARTESIAN_POINT ( 'NONE',  ( -1.245777062728663953, 0.01243410867107619215, 0.07893754585977005855 ) ) ;
#8580 = VERTEX_POINT ( 'NONE', #2712 ) ;
#8581 = CARTESIAN_POINT ( 'NONE',  ( -1.021271561147450102, 1.165757783135059178, 0.03370457664236855416 ) ) ;
#8582 = CARTESIAN_POINT ( 'NONE',  ( -1.338084863303932615, 1.070654979944493101, 0.1125265353649850114 ) ) ;
#8583 = CARTESIAN_POINT ( 'NONE',  ( -1.382137960012544742, 1.039478807090431056, 0.1230297359134920748 ) ) ;
#8584 = CIRCLE ( 'NONE', #508, 0.4609999999999997433 ) ;
#8585 = AXIS2_PLACEMENT_3D ( 'NONE', #7654, #8494, #7102 ) ;
#8586 = ORIENTED_EDGE ( 'NONE', *, *, #2196, .F. ) ;
#8587 = ORIENTED_EDGE ( 'NONE', *, *, #8330, .F. ) ;
#8588 = CARTESIAN_POINT ( 'NONE',  ( -0.4765728796737358497, 0.8328638618650058278, 0.1191611800405849991 ) ) ;
#8589 = DIRECTION ( 'NONE',  ( 0.4034151720226705207, -0.9150170484651741765, 0.000000000000000000 ) ) ;
#8590 = FACE_OUTER_BOUND ( 'NONE', #1334, .T. ) ;
#8591 = AXIS2_PLACEMENT_3D ( 'NONE', #14, #8955, #2078 ) ;
#8592 = CARTESIAN_POINT ( 'NONE',  ( -1.013859724571285925, 0.5658004866359794827, 0.1456034584419080014 ) ) ;
#8593 = VERTEX_POINT ( 'NONE', #4914 ) ;
#8594 = LINE ( 'NONE', #1623, #7409 ) ;
#8595 = DIRECTION ( 'NONE',  ( 0.1970497707361535400, 0.9803934862354141133, 0.000000000000000000 ) ) ;
#8596 = AXIS2_PLACEMENT_3D ( 'NONE', #5877, #8681, #8719 ) ;
#8597 = CARTESIAN_POINT ( 'NONE',  ( -1.034931689733360027, -0.03382938617781141438, 0.1271695393067636404 ) ) ;
#8598 = CARTESIAN_POINT ( 'NONE',  ( -1.318931556616189660, 0.04914631379799359184, 0.1058515449885750331 ) ) ;
#8599 = ORIENTED_EDGE ( 'NONE', *, *, #4697, .F. ) ;
#8601 = ORIENTED_EDGE ( 'NONE', *, *, #2169, .T. ) ;
#8600 = ADVANCED_FACE ( 'NONE', ( #671, #7561, #3487, #3437, #2810, #2761, #2857, #4828, #7653, #4180, #7612, #5550, #3354, #6915, #1412, #6225, #6954, #2023, #8439, #8354, #2166, #1278, #2070, #4871, #1324, #8, #5596, #6819, #4227, #8397 ), #4092, .T. ) ;
#8602 = CIRCLE ( 'NONE', #3937, 0.5999999999999999778 ) ;
#8603 = CIRCLE ( 'NONE', #1845, 0.5074999999999998401 ) ;
#8604 = FACE_OUTER_BOUND ( 'NONE', #878, .T. ) ;
#8605 = CARTESIAN_POINT ( 'NONE',  ( -1.362069532021752627, 1.054421144950631328, 0.09937626370351192173 ) ) ;
#8606 = CARTESIAN_POINT ( 'NONE',  ( -1.130941413630188297, 1.154266184945672347, 0.08560345844190808684 ) ) ;
#8607 = DIRECTION ( 'NONE',  ( -1.000000000000000000, 0.000000000000000000, 0.000000000000000000 ) ) ;
#8608 = EDGE_LOOP ( 'NONE', ( #3749, #7501, #4011, #4174, #5084, #8193 ) ) ;
#8609 = CYLINDRICAL_SURFACE ( 'NONE', #5980, 0.4724999999999999201 ) ;
#8610 = CARTESIAN_POINT ( 'NONE',  ( -1.278783910466415152, 0.02745555489303588143, 0.1353851288460214408 ) ) ;
#8611 = FACE_OUTER_BOUND ( 'NONE', #9082, .T. ) ;
#8612 = CIRCLE ( 'NONE', #2606, 0.5999999999999997558 ) ;
#8613 = EDGE_CURVE ( 'NONE', #5433, #1608, #7508, .T. ) ;
#8614 = EDGE_CURVE ( 'NONE', #546, #2459, #8299, .T. ) ;
#8615 = CLOSED_SHELL ( 'NONE', ( #1496, #984, #754, #8515, #2485, #3755, #2241, #7408, #5153, #5815, #2546, #8600, #8087, #2788, #3438, #6526, #8826, #7089, #1337, #1052, #5188, #7336, #8505, #2014, #3230, #544, #4350, #8101, #1002, #8685, #8880, #8327, #6456, #7090, #4249, #2471, #752, #6742, #1265, #6441, #3914, #7278, #6365, #1357, #9070, #6595, #2351, #4632, #5088, #3632, #2456, #7363, #7797, #3745, #4042, #464, #7141, #8457, #2781, #5805, #3367, #4575, #2602, #4101, #7698, #583, #6761, #3238, #3070, #3817, #307, #7520, #6424, #4130, #4160, #4553, #4795, #8916, #7934, #1896, #4742, #1339, #2185, #1593 ) ) ;
#8616 = CARTESIAN_POINT ( 'NONE',  ( -0.5653149003266789707, 0.9643087925488794676, 0.1419137245673707803 ) ) ;
#8617 = DIRECTION ( 'NONE',  ( -0.000000000000000000, -0.000000000000000000, 1.000000000000000000 ) ) ;
#8618 = AXIS2_PLACEMENT_3D ( 'NONE', #8853, #4740, #4050 ) ;
#8619 = CARTESIAN_POINT ( 'NONE',  ( -1.379293966345534139, 1.041677353068174439, 0.1515040841259396032 ) ) ;
#8620 = CARTESIAN_POINT ( 'NONE',  ( -0.4775570234834583538, 0.8348348214499456965, 0.1434644988171484004 ) ) ;
#8621 = CARTESIAN_POINT ( 'NONE',  ( -1.013859724571285925, 0.5658004866359794827, 0.1456034584419080014 ) ) ;
#8622 = CARTESIAN_POINT ( 'NONE',  ( -1.292797802964852583, 0.03458090902132272132, 0.04936782445000049979 ) ) ;
#8623 = FACE_BOUND ( 'NONE', #5110, .T. ) ;
#8624 = CARTESIAN_POINT ( 'NONE',  ( -0.9175559139091592487, 1.158021372061658782, 0.05890917832446821573 ) ) ;
#8625 = EDGE_CURVE ( 'NONE', #546, #6966, #5380, .T. ) ;
#8626 = CARTESIAN_POINT ( 'NONE',  ( -1.345613043274876297, 1.065740809762838248, 0.1492420050374262674 ) ) ;
#8627 = EDGE_CURVE ( 'NONE', #5038, #4612, #6101, .T. ) ;
#8628 = VECTOR ( 'NONE', #2734, 39.37007874015748143 ) ;
#8629 = AXIS2_PLACEMENT_3D ( 'NONE', #8195, #1962, #2012 ) ;
#8630 = B_SPLINE_CURVE_WITH_KNOTS ( 'NONE', 3,
 ( #8533, #4315, #5900, #8704 ),
 .UNSPECIFIED., .F., .F.,
 ( 4, 4 ),
 ( 0.000000000000000000, 1.000000000000000000 ),
 .UNSPECIFIED. ) ;
#8631 = CARTESIAN_POINT ( 'NONE',  ( -1.013859724571285925, 0.5658004866359794827, 0.1025265353649850164 ) ) ;
#8632 = VERTEX_POINT ( 'NONE', #5016 ) ;
#8633 = CARTESIAN_POINT ( 'NONE',  ( -1.010123161595553043, 1.165790465238421447, 0.02727232069886064911 ) ) ;
#8634 = CARTESIAN_POINT ( 'NONE',  ( -1.431791712062925104, 0.9963035108196526268, 0.1144496122880619277 ) ) ;
#8635 = AXIS2_PLACEMENT_3D ( 'NONE', #2508, #4528, #3062 ) ;
#8636 = CARTESIAN_POINT ( 'NONE',  ( -1.383015627249575052, 1.038795838049344056, 0.1236462035357097505 ) ) ;
#8637 = ORIENTED_EDGE ( 'NONE', *, *, #248, .F. ) ;
#8638 = VERTEX_POINT ( 'NONE', #2262 ) ;
#8639 = DIRECTION ( 'NONE',  ( 0.000000000000000000, 0.000000000000000000, 1.000000000000000000 ) ) ;
#8640 = CARTESIAN_POINT ( 'NONE',  ( -1.164007292158822038, 1.146709866787088972, 0.1128510545957542438 ) ) ;
#8641 = CARTESIAN_POINT ( 'NONE',  ( -0.9379440656379007812, 1.160979534310191186, 0.005033212640449832506 ) ) ;
#8642 = CIRCLE ( 'NONE', #1751, 0.5999999999999997558 ) ;
#8643 = CARTESIAN_POINT ( 'NONE',  ( -1.125766849879539677, -0.02375011459333395761, 0.09229383922589265432 ) ) ;
#8644 = ORIENTED_EDGE ( 'NONE', *, *, #1182, .F. ) ;
#8645 = EDGE_CURVE ( 'NONE', #2486, #2142, #3325, .T. ) ;
#8646 = CARTESIAN_POINT ( 'NONE',  ( -0.9011388044143866516, -0.02351779309689931360, 0.06229734939600360677 ) ) ;
#8647 = CARTESIAN_POINT ( 'NONE',  ( -0.6945863491355399599, 0.05779998295722805352, 0.06023375742572544683 ) ) ;
#8648 = CYLINDRICAL_SURFACE ( 'NONE', #8302, 0.5999999999999998668 ) ;
#8649 = CIRCLE ( 'NONE', #4688, 0.5899999999999999689 ) ;
#8650 = FACE_BOUND ( 'NONE', #8764, .T. ) ;
#8651 = CARTESIAN_POINT ( 'NONE',  ( -1.531123786124957142, 0.5814254866359793716, 0.08849400962301103013 ) ) ;
#8652 = ORIENTED_EDGE ( 'NONE', *, *, #5306, .F. ) ;
#8653 = CARTESIAN_POINT ( 'NONE',  ( -1.531123786124957142, 0.5814254866359793716, 0.08849400962301103013 ) ) ;
#8654 = LINE ( 'NONE', #6620, #4674 ) ;
#8655 = CARTESIAN_POINT ( 'NONE',  ( -1.321284944750897417, 1.081057459459117798, 0.1154682179011056603 ) ) ;
#8656 = DIRECTION ( 'NONE',  ( 0.000000000000000000, 0.000000000000000000, -1.000000000000000000 ) ) ;
#8657 = ORIENTED_EDGE ( 'NONE', *, *, #334, .F. ) ;
#8658 = CARTESIAN_POINT ( 'NONE',  ( -1.354948512639084335, 0.07218022883135458145, 0.08938415723411173575 ) ) ;
#8659 = DIRECTION ( 'NONE',  ( -0.000000000000000000, -0.000000000000000000, 1.000000000000000000 ) ) ;
#8660 = CARTESIAN_POINT ( 'NONE',  ( -0.5709872916477356508, 0.9706023731222410689, 0.1519574637123636551 ) ) ;
#8661 = LINE ( 'NONE', #5140, #9065 ) ;
#8662 = CARTESIAN_POINT ( 'NONE',  ( -1.262265603924501711, 0.01963703198784221698, 0.1114126308302911955 ) ) ;
#8663 = EDGE_CURVE ( 'NONE', #3633, #7810, #2353, .T. ) ;
#8664 = CARTESIAN_POINT ( 'NONE',  ( -1.374914141079776719, 1.045007882599891857, 0.1417349811581108954 ) ) ;
#8665 = CARTESIAN_POINT ( 'NONE',  ( -0.4768242731248029664, 0.8333691338280693195, 0.1379293394476663326 ) ) ;
#8666 = CARTESIAN_POINT ( 'NONE',  ( -1.474592895057560860, 0.5501754866359794827, 0.09619596731552979008 ) ) ;
#8667 = CARTESIAN_POINT ( 'NONE',  ( -1.300557609813098425, 0.03872897999240871442, 0.1454067975231428944 ) ) ;
#8668 = CARTESIAN_POINT ( 'NONE',  ( -0.6790777597462570592, 1.063717182507781800, 0.1479111507496004008 ) ) ;
#8669 = CARTESIAN_POINT ( 'NONE',  ( -0.9186613274084041159, 1.158200071959291311, 0.06516045211540369420 ) ) ;
#8670 = B_SPLINE_CURVE_WITH_KNOTS ( 'NONE', 3,
 ( #5598, #7655, #1879, #1972, #1369, #6141, #4183, #2714, #4831, #6091 ),
 .UNSPECIFIED., .F., .F.,
 ( 4, 1, 1, 2, 2, 4 ),
 ( 0.000000000000000000, 0.2500000000000283662, 0.3750000000000358602, 0.4375000000000322520, 0.5000000000000286438, 1.000000000000000000 ),
 .UNSPECIFIED. ) ;
#8671 = DIRECTION ( 'NONE',  ( -0.000000000000000000, -0.000000000000000000, 1.000000000000000000 ) ) ;
#8672 = CARTESIAN_POINT ( 'NONE',  ( -1.130305633304587332, 1.154392323428909739, 0.004711531358574759867 ) ) ;
#8673 = ORIENTED_EDGE ( 'NONE', *, *, #6574, .T. ) ;
#8674 = ORIENTED_EDGE ( 'NONE', *, *, #2418, .F. ) ;
#8675 = CARTESIAN_POINT ( 'NONE',  ( -1.486359724571285845, 0.5658004866359795937, 0.3756034584419081224 ) ) ;
#8676 = EDGE_CURVE ( 'NONE', #6804, #2046, #4780, .T. ) ;
#8677 = LINE ( 'NONE', #2310, #3369 ) ;
#8678 = CARTESIAN_POINT ( 'NONE',  ( -0.9681137491897459091, 1.164054033098531171, 0.03928255471281191791 ) ) ;
#8679 = ORIENTED_EDGE ( 'NONE', *, *, #1544, .F. ) ;
#8680 = CARTESIAN_POINT ( 'NONE',  ( -1.041850613252591540, 1.165147222800305915, 0.07626977454767733255 ) ) ;
#8681 = DIRECTION ( 'NONE',  ( -0.000000000000000000, -0.000000000000000000, 1.000000000000000000 ) ) ;
#8682 = CARTESIAN_POINT ( 'NONE',  ( -0.9285048627474669081, 1.159699079019228973, 0.008849270114449926325 ) ) ;
#8683 = DIRECTION ( 'NONE',  ( -1.000000000000000000, 0.000000000000000000, 0.000000000000000000 ) ) ;
#8684 = ORIENTED_EDGE ( 'NONE', *, *, #4905, .F. ) ;
#8685 = ADVANCED_FACE ( 'NONE', ( #8577, #6368 ), #7147, .T. ) ;
#8686 = CARTESIAN_POINT ( 'NONE',  ( -0.8738462901585282161, 1.149235348624825903, 0.1556034584419080935 ) ) ;
#8687 = CARTESIAN_POINT ( 'NONE',  ( -0.5755951137739377943, 0.9755863859510588432, 0.1472052935427623499 ) ) ;
#8688 = CARTESIAN_POINT ( 'NONE',  ( -1.253573720449216333, 0.01576666880977141416, 0.06960504527399637154 ) ) ;
#8689 = LINE ( 'NONE', #6521, #5705 ) ;
#8690 = CARTESIAN_POINT ( 'NONE',  ( -1.320127897090545233, 0.04985491760811475853, 0.1063306855606840073 ) ) ;
#8691 = ORIENTED_EDGE ( 'NONE', *, *, #3128, .T. ) ;
#8692 = CARTESIAN_POINT ( 'NONE',  ( -1.341479029002058843, 0.06314190762304988658, 0.08394098153589070466 ) ) ;
#8693 = CARTESIAN_POINT ( 'NONE',  ( -1.364746120845838906, 1.052502731196080177, 0.1030127621812521044 ) ) ;
#8694 = CARTESIAN_POINT ( 'NONE',  ( -0.6746416190676260971, 1.060706371771966250, 0.1648991805668360566 ) ) ;
#8695 = CARTESIAN_POINT ( 'NONE',  ( -1.303860257932979438, 1.091063571746706096, 0.1483030404658634005 ) ) ;
#8696 = B_SPLINE_CURVE_WITH_KNOTS ( 'NONE', 3,
 ( #3655, #6440, #3100, #163, #4644, #8163, #8026, #7431, #6697, #6009, #4691, #3308, #3267, #5923, #6613 ),
 .UNSPECIFIED., .F., .F.,
 ( 4, 2, 2, 2, 2, 2, 1, 4 ),
 ( 0.000000000000000000, 0.1250000000000149603, 0.1875000000000207057, 0.2500000000000264788, 0.5000000000000356382, 0.6250000000000350830, 0.7500000000000344169, 1.000000000000000000 ),
 .UNSPECIFIED. ) ;
#8697 = ORIENTED_EDGE ( 'NONE', *, *, #4014, .T. ) ;
#8698 = FACE_OUTER_BOUND ( 'NONE', #1065, .T. ) ;
#8699 = DIRECTION ( 'NONE',  ( -0.000000000000000000, -0.000000000000000000, -1.000000000000000000 ) ) ;
#8700 = UNCERTAINTY_MEASURE_WITH_UNIT (LENGTH_MEASURE( 1.000000000000000082E-05 ), #2292, 'distance_accuracy_value', 'NONE');
#8701 = CARTESIAN_POINT ( 'NONE',  ( -0.5672583268413953217, 0.9664839794351055557, 0.1466942744035273083 ) ) ;
#8702 = DIRECTION ( 'NONE',  ( -0.000000000000000000, -0.000000000000000000, 1.000000000000000000 ) ) ;
#8703 = DIRECTION ( 'NONE',  ( 0.000000000000000000, -1.000000000000000000, 0.000000000000000000 ) ) ;
#8704 = CARTESIAN_POINT ( 'NONE',  ( -1.334247389993169941, 0.05850201054373391218, 0.07640513006048324507 ) ) ;
#8705 = CARTESIAN_POINT ( 'NONE',  ( -0.4777777879755150114, 0.8352744515354125765, 0.1443644179729985377 ) ) ;
#8706 = CARTESIAN_POINT ( 'NONE',  ( -1.247543349936905965, 0.01317768287560221012, 0.08383615711630544587 ) ) ;
#8707 = DIRECTION ( 'NONE',  ( -1.000000000000000000, 0.000000000000000000, 0.000000000000000000 ) ) ;
#8708 = DIRECTION ( 'NONE',  ( 1.000000000000000000, 0.000000000000000000, 0.000000000000000000 ) ) ;
#8709 = DIRECTION ( 'NONE',  ( -0.000000000000000000, -0.000000000000000000, 1.000000000000000000 ) ) ;
#8710 = CARTESIAN_POINT ( 'NONE',  ( -1.324392147465445424, 0.05240996968176311194, 0.07793837938391992570 ) ) ;
#8711 = DIRECTION ( 'NONE',  ( -1.000000000000000000, 0.000000000000000000, 0.000000000000000000 ) ) ;
#8712 = VERTEX_POINT ( 'NONE', #7921 ) ;
#8713 = ORIENTED_EDGE ( 'NONE', *, *, #4417, .T. ) ;
#8714 = CARTESIAN_POINT ( 'NONE',  ( -0.5692423976926574980, 0.9686844153579484695, 0.1176819536806070626 ) ) ;
#8715 = CARTESIAN_POINT ( 'NONE',  ( -0.4965956630176154296, 0.5814254866359794827, 0.08849400962301047502 ) ) ;
#8716 = CARTESIAN_POINT ( 'NONE',  ( -0.9497874488552622285, 1.162369893146326216, 0.005656347227065127055 ) ) ;
#8717 = EDGE_LOOP ( 'NONE', ( #6329, #401, #5134, #7058 ) ) ;
#8718 = CARTESIAN_POINT ( 'NONE',  ( -0.4138597245712860584, 0.5658004866359794827, -0.06439654155809201863 ) ) ;
#8719 = DIRECTION ( 'NONE',  ( 0.6671669496614959227, 0.7449082233935767627, 0.000000000000000000 ) ) ;
#8720 = EDGE_CURVE ( 'NONE', #6893, #863, #1645, .T. ) ;
#8721 = CARTESIAN_POINT ( 'NONE',  ( -0.9314104050924265632, 1.160109505267870711, 0.007117293488142413874 ) ) ;
#8722 = EDGE_CURVE ( 'NONE', #4212, #2197, #1512, .T. ) ;
#8723 = EDGE_CURVE ( 'NONE', #721, #5763, #8558, .T. ) ;
#8724 = DIRECTION ( 'NONE',  ( -1.893866817057835730E-34, 0.7071067811865500152, -0.7071067811865450192 ) ) ;
#8725 = VERTEX_POINT ( 'NONE', #3810 ) ;
#8726 = AXIS2_PLACEMENT_3D ( 'NONE', #120, #5670, #4995 ) ;
#8727 = CARTESIAN_POINT ( 'NONE',  ( -0.8847374805191200453, -0.02014488929868123862, 0.1232212809138191201 ) ) ;
#8728 = CARTESIAN_POINT ( 'NONE',  ( -1.309311899402869406, 0.04358595946501092611, 0.1045306297766150083 ) ) ;
#8729 = DIRECTION ( 'NONE',  ( -0.000000000000000000, -0.000000000000000000, 1.000000000000000000 ) ) ;
#8730 = CARTESIAN_POINT ( 'NONE',  ( -1.295232598525001944, 1.095733843075094249, 0.09493791670281927220 ) ) ;
#8731 = CIRCLE ( 'NONE', #8752, 0.4994999999999999440 ) ;
#8732 = CARTESIAN_POINT ( 'NONE',  ( -1.013859724571285925, 0.5658004866359794827, 0.1025265353649850164 ) ) ;
#8733 = AXIS2_PLACEMENT_3D ( 'NONE', #9018, #75, #6306 ) ;
#8734 = ORIENTED_EDGE ( 'NONE', *, *, #5076, .F. ) ;
#8735 = B_SPLINE_CURVE_WITH_KNOTS ( 'NONE', 3,
 ( #3420, #2694, #5396, #1255 ),
 .UNSPECIFIED., .F., .F.,
 ( 4, 4 ),
 ( 0.000000000000000000, 2.110276124944799915E-07 ),
 .UNSPECIFIED. ) ;
#8736 = DIRECTION ( 'NONE',  ( -0.4144089350621885104, 0.9100907836807395901, 0.000000000000000000 ) ) ;
#8737 = CARTESIAN_POINT ( 'NONE',  ( -1.353553240288992487, 1.060379580085593743, 0.09518108920548819241 ) ) ;
#8738 = LINE ( 'NONE', #2464, #7850 ) ;
#8739 = AXIS2_PLACEMENT_3D ( 'NONE', #6153, #8964, #1991 ) ;
#8740 = EDGE_LOOP ( 'NONE', ( #8223, #5105, #8345, #5156, #2573, #3480 ) ) ;
#8741 = CARTESIAN_POINT ( 'NONE',  ( -1.338187450082932051, 0.06100771950644366670, 0.07781154454319445801 ) ) ;
#8742 = CARTESIAN_POINT ( 'NONE',  ( -1.013859724571285925, 0.5501754866359795937, 0.09619400962301037639 ) ) ;
#8743 = B_SPLINE_CURVE_WITH_KNOTS ( 'NONE', 3,
 ( #4654, #7443, #3976, #467, #8865, #2594, #8178, #1900 ),
 .UNSPECIFIED., .F., .F.,
 ( 4, 2, 2, 4 ),
 ( 0.000000000000000000, 0.2499999999999963363, 0.4999999999999926725, 1.000000000000000000 ),
 .UNSPECIFIED. ) ;
#8744 = CIRCLE ( 'NONE', #1569, 0.5174999999999998490 ) ;
#8745 = CARTESIAN_POINT ( 'NONE',  ( -0.5639236970309928765, 0.9627357362465620572, 0.1353383855896674592 ) ) ;
#8746 = CARTESIAN_POINT ( 'NONE',  ( -1.220656831477218374, 1.129036683357473647, 0.1059753360910019176 ) ) ;
#8747 = CARTESIAN_POINT ( 'NONE',  ( -1.262274260191181163, 0.01964096919372929073, 0.1093265354512116122 ) ) ;
#8748 = CARTESIAN_POINT ( 'NONE',  ( -0.8997399201596878449, -0.02324957169925288836, 0.03608959108241773656 ) ) ;
#8749 = CARTESIAN_POINT ( 'NONE',  ( -0.4766349149939426155, 0.8329886337333634039, 0.1345317484584672985 ) ) ;
#8750 = VECTOR ( 'NONE', #7732, 39.37007874015748143 ) ;
#8751 = CARTESIAN_POINT ( 'NONE',  ( -1.268291752510410486, 0.02241816896380456614, 0.08585835646463021997 ) ) ;
#8752 = AXIS2_PLACEMENT_3D ( 'NONE', #659, #2702, #8883 ) ;
#8753 = DIRECTION ( 'NONE',  ( -0.3616238195114754861, -0.9323240923423203874, 0.000000000000000000 ) ) ;
#8754 = CYLINDRICAL_SURFACE ( 'NONE', #8162, 0.5999999999999998668 ) ;
#8755 = CARTESIAN_POINT ( 'NONE',  ( -1.349352752206606443, 1.063240116569336369, 0.1494094424020451506 ) ) ;
#8756 = CARTESIAN_POINT ( 'NONE',  ( -1.318889040471905583, 0.04912154630083025164, 0.07632406634925809064 ) ) ;
#8757 = CIRCLE ( 'NONE', #5113, 0.5340000000000000302 ) ;
#8758 = CARTESIAN_POINT ( 'NONE',  ( -1.013859724571285925, 0.5658004866359794827, 0.06012531420792530112 ) ) ;
#8759 = ORIENTED_EDGE ( 'NONE', *, *, #2240, .F. ) ;
#8760 = EDGE_LOOP ( 'NONE', ( #4205, #6197, #8516, #7256, #4531 ) ) ;
#8761 = CARTESIAN_POINT ( 'NONE',  ( -0.5159218599728897514, 0.9005510387632220670, 0.09663335250173364643 ) ) ;
#8762 = CARTESIAN_POINT ( 'NONE',  ( -1.181584994039135861, 1.141880557244282723, 0.09570347432522989528 ) ) ;
#8763 = CARTESIAN_POINT ( 'NONE',  ( -1.149847403455866779, -0.01858581641328261452, 0.1016857329904641560 ) ) ;
#8764 = EDGE_LOOP ( 'NONE', ( #2179, #4004 ) ) ;
#8765 = CARTESIAN_POINT ( 'NONE',  ( -1.402907716239807590, 1.022573581485807237, 0.1025265353649850164 ) ) ;
#8766 = CARTESIAN_POINT ( 'NONE',  ( -1.172399461009782540, 1.144475844741030590, 0.1104577813313768198 ) ) ;
#8767 = AXIS2_PLACEMENT_3D ( 'NONE', #3241, #428, #6842 ) ;
#8768 = AXIS2_PLACEMENT_3D ( 'NONE', #3023, #5216, #7997 ) ;
#8769 = CARTESIAN_POINT ( 'NONE',  ( -0.9616535895365277975, 1.163525137415367006, 0.07704874352508925273 ) ) ;
#8770 = CARTESIAN_POINT ( 'NONE',  ( -1.013859724571285925, 0.1148004866359793874, 0.1411940096230107078 ) ) ;
#8771 = ORIENTED_EDGE ( 'NONE', *, *, #8222, .F. ) ;
#8772 = AXIS2_PLACEMENT_3D ( 'NONE', #2249, #2884, #4303 ) ;
#8773 = CARTESIAN_POINT ( 'NONE',  ( -1.334549794558599345, 1.072908647723167519, 0.1267064768579668210 ) ) ;
#8774 = EDGE_CURVE ( 'NONE', #1371, #5603, #115, .T. ) ;
#8775 = CARTESIAN_POINT ( 'NONE',  ( -1.314541666788887175, 0.04657953665694723050, 0.1149787197075817363 ) ) ;
#8776 = CARTESIAN_POINT ( 'NONE',  ( -1.547859724571285955, 0.5658004866359795937, 0.3756034584419081224 ) ) ;
#8777 = CARTESIAN_POINT ( 'NONE',  ( -1.294183016690303223, 1.096290595230238862, 0.09504126225150094642 ) ) ;
#8778 = CIRCLE ( 'NONE', #4833, 0.5999999999999998668 ) ;
#8780 = EDGE_CURVE ( 'NONE', #8638, #7667, #7789, .T. ) ;
#8779 = CARTESIAN_POINT ( 'NONE',  ( -1.309310982057120265, 0.04358544046243326836, 0.1024110581193577729 ) ) ;
#8781 = EDGE_LOOP ( 'NONE', ( #6902, #5669, #6891, #7626 ) ) ;
#8782 = DIRECTION ( 'NONE',  ( -0.000000000000000000, -0.000000000000000000, 1.000000000000000000 ) ) ;
#8783 = DIRECTION ( 'NONE',  ( -0.000000000000000000, -0.000000000000000000, 1.000000000000000000 ) ) ;
#8784 = CIRCLE ( 'NONE', #5994, 0.5999999999999999778 ) ;
#8785 = CARTESIAN_POINT ( 'NONE',  ( -1.277853459219973731, 0.02699856393358423395, 0.07594555832034775855 ) ) ;
#8786 = EDGE_CURVE ( 'NONE', #7072, #1242, #482, .T. ) ;
#8787 = VERTEX_POINT ( 'NONE', #6073 ) ;
#8788 = CARTESIAN_POINT ( 'NONE',  ( -1.344355758546629032, 0.06502863226805107033, 0.08064174474446990371 ) ) ;
#8789 = DIRECTION ( 'NONE',  ( 0.000000000000000000, 0.000000000000000000, -1.000000000000000000 ) ) ;
#8790 = PERSON_AND_ORGANIZATION_ROLE ( 'design_owner' ) ;
#8791 = CARTESIAN_POINT ( 'NONE',  ( -0.5820290064190574153, 0.9823604833472942000, 0.1556034584419080935 ) ) ;
#8792 = CARTESIAN_POINT ( 'NONE',  ( -1.219807033094952198, 1.129347916859787304, 0.1117813430572927036 ) ) ;
#8793 = CARTESIAN_POINT ( 'NONE',  ( -1.386471954692625630, 1.036077312326743050, 0.1195969978392019128 ) ) ;
#8794 = DIRECTION ( 'NONE',  ( -0.000000000000000000, -0.000000000000000000, 1.000000000000000000 ) ) ;
#8795 = CARTESIAN_POINT ( 'NONE',  ( -0.5413597245712860051, 0.5658004866359794827, 0.2256034584419080447 ) ) ;
#8796 = CARTESIAN_POINT ( 'NONE',  ( -1.276302684591492209, 0.02623345907333369392, 0.08991620905568603606 ) ) ;
#8797 = ORIENTED_EDGE ( 'NONE', *, *, #1454, .T. ) ;
#8798 = CARTESIAN_POINT ( 'NONE',  ( -1.295305519378346482, 0.03590565918510964932, 0.04711677763906572253 ) ) ;
#8799 = EDGE_CURVE ( 'NONE', #2497, #4252, #1217, .T. ) ;
#8800 = DIRECTION ( 'NONE',  ( -0.000000000000000000, -0.000000000000000000, 1.000000000000000000 ) ) ;
#8801 = CARTESIAN_POINT ( 'NONE',  ( -1.350927573677023652, 1.062172621698617370, 0.1492148524371491314 ) ) ;
#8802 = DIRECTION ( 'NONE',  ( 0.000000000000000000, 0.000000000000000000, 1.000000000000000000 ) ) ;
#8803 = CARTESIAN_POINT ( 'NONE',  ( -0.8070020209949486656, 0.002586592568082721026, 0.1456034584419080014 ) ) ;
#8804 = ORIENTED_EDGE ( 'NONE', *, *, #3799, .T. ) ;
#8805 = ORIENTED_EDGE ( 'NONE', *, *, #3623, .T. ) ;
#8806 = CARTESIAN_POINT ( 'NONE',  ( -0.5226695058315878883, 0.9103767742420961762, 0.1083391729400677572 ) ) ;
#8807 = CARTESIAN_POINT ( 'NONE',  ( -0.9480230334321746444, 1.162177995090781568, 0.07607709876952538364 ) ) ;
#8808 = LINE ( 'NONE', #5915, #4496 ) ;
#8809 = ORIENTED_EDGE ( 'NONE', *, *, #2907, .T. ) ;
#8810 = CARTESIAN_POINT ( 'NONE',  ( -1.420021534259540585, 1.007496806689356372, 0.1356034584419081312 ) ) ;
#8811 = DIRECTION ( 'NONE',  ( 0.000000000000000000, 0.000000000000000000, -1.000000000000000000 ) ) ;
#8812 = B_SPLINE_CURVE_WITH_KNOTS ( 'NONE', 3,
 ( #3050, #5163, #1661, #7120, #7248, #964 ),
 .UNSPECIFIED., .F., .F.,
 ( 4, 2, 4 ),
 ( 0.000000000000000000, 0.5000000000000000000, 1.000000000000000000 ),
 .UNSPECIFIED. ) ;
#8813 = CARTESIAN_POINT ( 'NONE',  ( -0.8500346269227987417, 1.143001783741645516, 0.08560345844190808684 ) ) ;
#8814 = DIRECTION ( 'NONE',  ( -0.6484133194475362183, 0.7612884914163798866, 0.000000000000000000 ) ) ;
#8815 = VERTEX_POINT ( 'NONE', #3290 ) ;
#8816 = CARTESIAN_POINT ( 'NONE',  ( -1.336311078172807143, 1.071789842735302756, 0.1253519888360040135 ) ) ;
#8817 = CARTESIAN_POINT ( 'NONE',  ( -0.4832204709006053811, 0.8458397665536320220, 0.1561393041373890234 ) ) ;
#8818 = CARTESIAN_POINT ( 'NONE',  ( -1.170236405518205736, -0.01346312663178397991, 0.04100553047936803669 ) ) ;
#8819 = CARTESIAN_POINT ( 'NONE',  ( -1.272485723976346517, 1.107199227573215428, 0.1210633243844558699 ) ) ;
#8820 = CARTESIAN_POINT ( 'NONE',  ( -1.329664827485983247, 1.075964320816547692, 0.1395800040058847447 ) ) ;
#8821 = ORIENTED_EDGE ( 'NONE', *, *, #9003, .T. ) ;
#8822 = CARTESIAN_POINT ( 'NONE',  ( -0.6761704808977020420, 1.061750200005267430, 0.1595758104025685742 ) ) ;
#8823 = EDGE_LOOP ( 'NONE', ( #924, #6309, #1054, #5126 ) ) ;
#8824 = CARTESIAN_POINT ( 'NONE',  ( -1.079676732898976033, 1.162234191324807542, 0.1156034584419081412 ) ) ;
#8825 = DIRECTION ( 'NONE',  ( 1.000000000000000000, 0.000000000000000000, 0.000000000000000000 ) ) ;
#8826 = ADVANCED_FACE ( 'NONE', ( #5905 ), #4672, .T. ) ;
#8827 = EDGE_CURVE ( 'NONE', #7333, #69, #4954, .T. ) ;
#8828 = DIRECTION ( 'NONE',  ( -1.340356163439795071E-34, 0.5004443416173564030, -0.8657687109980185536 ) ) ;
#8829 = DIRECTION ( 'NONE',  ( -0.000000000000000000, -0.000000000000000000, 1.000000000000000000 ) ) ;
#8830 = CARTESIAN_POINT ( 'NONE',  ( -1.290715595226655354, 1.098111334381900228, 0.1554370534210288701 ) ) ;
#8831 = CYLINDRICAL_SURFACE ( 'NONE', #3753, 0.5999999999999998668 ) ;
#8832 = CARTESIAN_POINT ( 'NONE',  ( -1.172355696667973790, -0.01289063776632193292, 0.1347780994103479346 ) ) ;
#8833 = CARTESIAN_POINT ( 'NONE',  ( -0.7060367920403689546, 1.080819946164849998, 0.1350286367040848534 ) ) ;
#8834 = CARTESIAN_POINT ( 'NONE',  ( -1.332618110553813517, 0.05747652184352819438, 0.1060501467189917946 ) ) ;
#8835 = ORIENTED_EDGE ( 'NONE', *, *, #3849, .T. ) ;
#8836 = CARTESIAN_POINT ( 'NONE',  ( -1.149847403455866779, -0.01858581641328261452, 0.1016857329904641560 ) ) ;
#8837 = CARTESIAN_POINT ( 'NONE',  ( -1.289708048596826417, 0.03297051381332524733, 0.09229953789982058010 ) ) ;
#8838 = DIRECTION ( 'NONE',  ( 1.000000000000000000, 0.000000000000000000, 0.000000000000000000 ) ) ;
#8839 = CARTESIAN_POINT ( 'NONE',  ( -1.323270791015365155, 0.05173236554088903733, 0.07762047139663129369 ) ) ;
#8840 = CARTESIAN_POINT ( 'NONE',  ( -0.4884598744098011536, 0.8555506009866018502, 0.1492581658133561584 ) ) ;
#8841 = VERTEX_POINT ( 'NONE', #7367 ) ;
#8842 = ORIENTED_EDGE ( 'NONE', *, *, #7179, .F. ) ;
#8843 = CARTESIAN_POINT ( 'NONE',  ( -1.345979935430701602, 1.065498262876395597, 0.1211683436400187303 ) ) ;
#8844 = DIRECTION ( 'NONE',  ( 1.000000000000000000, 0.000000000000000000, 0.000000000000000000 ) ) ;
#8845 = CARTESIAN_POINT ( 'NONE',  ( -0.9559602397535750251, 1.163000527628603731, 0.008543551662286687221 ) ) ;
#8846 = EDGE_LOOP ( 'NONE', ( #2188, #6173, #8637, #5254, #3814, #5875, #8412 ) ) ;
#8847 = CARTESIAN_POINT ( 'NONE',  ( -1.013859724571285925, 0.5658004866359794827, 0.3756034584419081224 ) ) ;
#8848 = CARTESIAN_POINT ( 'NONE',  ( -1.323139607019387043, 0.05165075354876961372, 0.1177171755104052808 ) ) ;
#8849 = CARTESIAN_POINT ( 'NONE',  ( -0.9639213898813111525, 1.163718695289916338, 0.07269077378629888730 ) ) ;
#8850 = CARTESIAN_POINT ( 'NONE',  ( -1.500417938892651737, 0.5658004866359794827, 0.2256034584419079059 ) ) ;
#8851 = ORIENTED_EDGE ( 'NONE', *, *, #4880, .T. ) ;
#8852 = CARTESIAN_POINT ( 'NONE',  ( -1.337741823136387120, 1.070875781105865565, 0.1244415084192244808 ) ) ;
#8853 = CARTESIAN_POINT ( 'NONE',  ( -1.013859724571285925, 0.5658004866359794827, 0.3756034584419081224 ) ) ;
#8854 = VERTEX_POINT ( 'NONE', #1078 ) ;
#8855 = CARTESIAN_POINT ( 'NONE',  ( -1.328022565503257146, 0.05462369786564339608, 0.07462648351279210779 ) ) ;
#8856 = LINE ( 'NONE', #8776, #527 ) ;
#8857 = CARTESIAN_POINT ( 'NONE',  ( -1.253682170949019792, 0.01581137081183727616, 0.09567588312976557652 ) ) ;
#8858 = DIRECTION ( 'NONE',  ( 1.000000000000000000, 0.000000000000000000, 0.000000000000000000 ) ) ;
#8859 = PRODUCT_DEFINITION_SHAPE ( 'NONE', 'NONE',  #8319 ) ;
#8860 = ORIENTED_EDGE ( 'NONE', *, *, #6094, .T. ) ;
#8861 = B_SPLINE_CURVE_WITH_KNOTS ( 'NONE', 3,
 ( #2653, #3206, #7539, #6165 ),
 .UNSPECIFIED., .F., .F.,
 ( 4, 4 ),
 ( 0.000000000000000000, 0.0004483214460237709828 ),
 .UNSPECIFIED. ) ;
#8862 = CARTESIAN_POINT ( 'NONE',  ( -0.6765228736764377082, 1.061989816700908751, 0.1609396042029636875 ) ) ;
#8863 = B_SPLINE_CURVE_WITH_KNOTS ( 'NONE', 3,
 ( #3185, #1152, #416, #5924, #8817, #965, #371, #2541, #2452, #3101, #7299, #7341, #2370, #5249, #5331, #8116, #4645, #1792 ),
 .UNSPECIFIED., .F., .F.,
 ( 4, 1, 1, 2, 2, 2, 2, 2, 2, 4 ),
 ( 0.000000000000000000, 0.1249999999999718558, 0.1874999999999609479, 0.2187499999999590605, 0.2499999999999572009, 0.4999999999999916733, 0.7500000000000260902, 0.8125000000000268674, 0.8750000000000276446, 1.000000000000000000 ),
 .UNSPECIFIED. ) ;
#8864 = ORIENTED_EDGE ( 'NONE', *, *, #4685, .T. ) ;
#8865 = CARTESIAN_POINT ( 'NONE',  ( -1.060799946109585390, 1.163961556181139612, 0.1427669902187317652 ) ) ;
#8866 = DIRECTION ( 'NONE',  ( 0.000000000000000000, 0.000000000000000000, -1.000000000000000000 ) ) ;
#8867 = EDGE_CURVE ( 'NONE', #8426, #7388, #2331, .T. ) ;
#8868 = DIRECTION ( 'NONE',  ( -0.7071067811865486830, 0.000000000000000000, -0.7071067811865464625 ) ) ;
#8869 = LOCAL_TIME ( 12, 2, 7.000000000000000000, #6712 ) ;
#8870 = AXIS2_PLACEMENT_3D ( 'NONE', #2828, #7076, #5614 ) ;
#8871 = CARTESIAN_POINT ( 'NONE',  ( -0.5699554005021921776, 0.9694698664458226700, 0.1370911189049391909 ) ) ;
#8872 = CARTESIAN_POINT ( 'NONE',  ( -1.295688226499600360, 1.095492093140755685, 0.1563035425664468792 ) ) ;
#8873 = DIRECTION ( 'NONE',  ( -0.000000000000000000, -0.000000000000000000, 1.000000000000000000 ) ) ;
#8874 = CARTESIAN_POINT ( 'NONE',  ( -0.8943919982079236997, -0.02219667857172593489, 0.03512720814586102469 ) ) ;
#8875 = EDGE_CURVE ( 'NONE', #1489, #5812, #3609, .T. ) ;
#8876 = CARTESIAN_POINT ( 'NONE',  ( -0.7095661502788754849, 1.082913254281852034, 0.1305383328639652118 ) ) ;
#8877 = CARTESIAN_POINT ( 'NONE',  ( -1.364018106876169867, 1.053027085590553025, 0.1201922013481686868 ) ) ;
#8878 = EDGE_CURVE ( 'NONE', #6934, #7799, #7137, .T. ) ;
#8879 = EDGE_LOOP ( 'NONE', ( #795, #2121, #793, #4693, #3435, #645, #6333 ) ) ;
#8880 = ADVANCED_FACE ( 'NONE', ( #6856 ), #1399, .T. ) ;
#8881 = CARTESIAN_POINT ( 'NONE',  ( -1.320737855231896685, 0.05021750308992701389, 0.03892466512797079781 ) ) ;
#8882 = DIRECTION ( 'NONE',  ( 0.000000000000000000, 0.000000000000000000, 1.000000000000000000 ) ) ;
#8883 = DIRECTION ( 'NONE',  ( 1.000000000000000000, 0.000000000000000000, 0.000000000000000000 ) ) ;
#8884 = CIRCLE ( 'NONE', #384, 0.5999999999999998668 ) ;
#8885 = CARTESIAN_POINT ( 'NONE',  ( -1.013859724571285925, 0.5658004866359794827, 0.3756034584419081224 ) ) ;
#8886 = B_SPLINE_CURVE_WITH_KNOTS ( 'NONE', 3,
 ( #906, #5271, #3759, #7229 ),
 .UNSPECIFIED., .F., .F.,
 ( 4, 4 ),
 ( 0.000000000000000000, 0.0004483214460237771085 ),
 .UNSPECIFIED. ) ;
#8887 = CARTESIAN_POINT ( 'NONE',  ( -0.4894454384417132875, 0.8573303551865293359, 0.1451815633312474874 ) ) ;
#8888 = ORIENTED_EDGE ( 'NONE', *, *, #3736, .T. ) ;
#8889 = ORIENTED_EDGE ( 'NONE', *, *, #2279, .T. ) ;
#8890 = AXIS2_PLACEMENT_3D ( 'NONE', #6459, #663, #719 ) ;
#8891 = LOCAL_TIME ( 12, 2, 7.000000000000000000, #3929 ) ;
#8892 = CARTESIAN_POINT ( 'NONE',  ( -0.5688757994119628680, 0.9682794381808791373, 0.1244561302595466740 ) ) ;
#8893 = DIRECTION ( 'NONE',  ( -0.000000000000000000, -0.000000000000000000, 1.000000000000000000 ) ) ;
#8894 = CARTESIAN_POINT ( 'NONE',  ( -1.244555986767268196, 0.01192393485859798499, 0.03554692555714249885 ) ) ;
#8895 = ORIENTED_EDGE ( 'NONE', *, *, #4880, .F. ) ;
#8896 = EDGE_CURVE ( 'NONE', #2327, #7707, #6215, .T. ) ;
#8897 = CARTESIAN_POINT ( 'NONE',  ( -0.7811221171936799657, 1.118822372380248398, 0.1556034584419080935 ) ) ;
#8898 = CARTESIAN_POINT ( 'NONE',  ( -0.5798865889154208864, 0.9801293841150019448, 0.1026236589113876940 ) ) ;
#8899 = CIRCLE ( 'NONE', #3049, 0.5999999999999998668 ) ;
#8900 = LINE ( 'NONE', #3302, #5934 ) ;
#8901 = CARTESIAN_POINT ( 'NONE',  ( -1.287880628342408462, 1.099573673639130167, 0.1462407765918583569 ) ) ;
#8902 = EDGE_LOOP ( 'NONE', ( #6800, #6926 ) ) ;
#8903 = CARTESIAN_POINT ( 'NONE',  ( -1.309977133727965537, 0.04396284119295285064, 0.1186321166245491582 ) ) ;
#8904 = VECTOR ( 'NONE', #2623, 39.37007874015748143 ) ;
#8905 = CARTESIAN_POINT ( 'NONE',  ( -1.332838150671632915, 1.073986543546697536, 0.1285428427592012202 ) ) ;
#8906 = AXIS2_PLACEMENT_3D ( 'NONE', #197, #7163, #7206 ) ;
#8907 = CARTESIAN_POINT ( 'NONE',  ( -1.021445558812902998, 1.165752962863898956, 0.02402843023702338696 ) ) ;
#8908 = ORIENTED_EDGE ( 'NONE', *, *, #2238, .T. ) ;
#8909 = CARTESIAN_POINT ( 'NONE',  ( -1.327986826563641642, 0.05460173485313462444, 0.07243853558734322795 ) ) ;
#8910 = CARTESIAN_POINT ( 'NONE',  ( -1.013859724571285925, 0.5658004866359794827, 0.3756034584419081224 ) ) ;
#8911 = EDGE_CURVE ( 'NONE', #7551, #3408, #1551, .T. ) ;
#8912 = CARTESIAN_POINT ( 'NONE',  ( -1.296745890746015206, 1.094928361838529041, 0.1017780316232625021 ) ) ;
#8913 = CARTESIAN_POINT ( 'NONE',  ( -1.329073609057395133, 0.05527113723371700899, 0.1111078746171161036 ) ) ;
#8914 = AXIS2_PLACEMENT_3D ( 'NONE', #1591, #2341, #7952 ) ;
#8915 = ORIENTED_EDGE ( 'NONE', *, *, #6641, .F. ) ;
#8916 = ADVANCED_FACE ( 'NONE', ( #8933, #7683 ), #716, .F. ) ;
#8917 = CARTESIAN_POINT ( 'NONE',  ( -1.013859724571285925, 0.5658004866359794827, 0.1511940096230103281 ) ) ;
#8918 = AXIS2_PLACEMENT_3D ( 'NONE', #4453, #3762, #5783 ) ;
#8919 = ORIENTED_EDGE ( 'NONE', *, *, #1940, .T. ) ;
#8920 = CYLINDRICAL_SURFACE ( 'NONE', #1587, 0.5999999999999998668 ) ;
#8921 = CARTESIAN_POINT ( 'NONE',  ( -1.434945345449960108, 0.9932193676990666020, 0.1025265353649850164 ) ) ;
#8922 = ORIENTED_EDGE ( 'NONE', *, *, #802, .F. ) ;
#8923 = AXIS2_PLACEMENT_3D ( 'NONE', #2267, #1561, #7152 ) ;
#8924 = CARTESIAN_POINT ( 'NONE',  ( -1.013859724571285925, 0.5658004866359794827, 0.1486803815188311728 ) ) ;
#8925 = CARTESIAN_POINT ( 'NONE',  ( -0.5576962662673914384, 0.9555631058136412337, 0.1386803815188311639 ) ) ;
#8926 = CARTESIAN_POINT ( 'NONE',  ( -1.013859724571285925, 0.5658004866359794827, 0.1302188430572926992 ) ) ;
#8927 = DIRECTION ( 'NONE',  ( 0.000000000000000000, 1.000000000000000000, 0.000000000000000000 ) ) ;
#8928 = CARTESIAN_POINT ( 'NONE',  ( -0.5719927745671825603, 0.9716991751755136297, 0.09825680192034150218 ) ) ;
#8929 = CARTESIAN_POINT ( 'NONE',  ( -1.392142875856791751, 1.031527721671152253, 0.09560345844190808184 ) ) ;
#8930 = ORIENTED_EDGE ( 'NONE', *, *, #2232, .F. ) ;
#8931 = CARTESIAN_POINT ( 'NONE',  ( -1.345546307100036199, 0.06581215043027589806, 0.04788286151462735341 ) ) ;
#8932 = FACE_OUTER_BOUND ( 'NONE', #4524, .T. ) ;
#8933 = FACE_BOUND ( 'NONE', #187, .T. ) ;
#8934 = AXIS2_PLACEMENT_3D ( 'NONE', #4088, #43, #7053 ) ;
#8935 = ORIENTED_EDGE ( 'NONE', *, *, #7171, .T. ) ;
#8936 = EDGE_LOOP ( 'NONE', ( #4699, #7925, #1895, #2276 ) ) ;
#8937 = CARTESIAN_POINT ( 'NONE',  ( -1.306414934408585360, 1.089645109619058028, 0.1042972269212487646 ) ) ;
#8938 = ORIENTED_EDGE ( 'NONE', *, *, #1030, .F. ) ;
#8939 = EDGE_CURVE ( 'NONE', #1006, #5117, #8993, .T. ) ;
#8940 = ORIENTED_EDGE ( 'NONE', *, *, #1990, .T. ) ;
#8941 = CARTESIAN_POINT ( 'NONE',  ( -0.9014859962712273855, 1.155183337750553818, 0.08560345844190808684 ) ) ;
#8942 = CARTESIAN_POINT ( 'NONE',  ( -0.9576070610628404367, 1.163157697931324286, 0.05536835426369975804 ) ) ;
#8943 = CARTESIAN_POINT ( 'NONE',  ( -1.381976480150835407, 1.039604453353435431, 0.1340997922556718125 ) ) ;
#8944 = ORIENTED_EDGE ( 'NONE', *, *, #6917, .F. ) ;
#8945 = CARTESIAN_POINT ( 'NONE',  ( -0.9591123729949260213, 1.163297678752477138, 0.08031032508683715043 ) ) ;
#8946 = CARTESIAN_POINT ( 'NONE',  ( -1.175258853947512172, 1.143685007792275998, 0.1048986017257853287 ) ) ;
#8947 = PRODUCT ( '5129-E0W', '5129-E0W', '', ( #2154 ) ) ;
#8948 = CARTESIAN_POINT ( 'NONE',  ( -0.9679454671385901987, 1.164041141441302107, 0.05448146438347217790 ) ) ;
#8949 = CARTESIAN_POINT ( 'NONE',  ( -1.296248828274098042, 1.095192984938786473, 0.1493888693352016517 ) ) ;
#8950 = EDGE_CURVE ( 'NONE', #4773, #5543, #8731, .T. ) ;
#8951 = ORIENTED_EDGE ( 'NONE', *, *, #157, .T. ) ;
#8952 = CARTESIAN_POINT ( 'NONE',  ( -1.309595136547595962, 0.04374626118579874601, 0.1182661429103403911 ) ) ;
#8953 = DIRECTION ( 'NONE',  ( -0.000000000000000000, -0.000000000000000000, 1.000000000000000000 ) ) ;
#8954 = B_SPLINE_CURVE_WITH_KNOTS ( 'NONE', 3,
 ( #8029, #1756, #4564, #4150, #1426, #7709, #1378, #7763, #8959, #1336, #4928, #4982, #4788, #2680, #1479, #4241, #6928, #5563, #6289, #8265, #7025, #18, #785, #2037 ),
 .UNSPECIFIED., .F., .F.,
 ( 4, 2, 1, 2, 2, 2, 2, 2, 2, 1, 2, 2, 4 ),
 ( 0.000000000000000000, 0.1250000000000018041, 0.1875000000000026368, 0.2187500000000007772, 0.2499999999999988898, 0.3749999999999953371, 0.4374999999999956146, 0.4999999999999958367, 0.6249999999999957812, 0.6874999999999957812, 0.7187499999999968914, 0.7499999999999980016, 1.000000000000000000 ),
 .UNSPECIFIED. ) ;
#8955 = DIRECTION ( 'NONE',  ( -0.000000000000000000, -0.000000000000000000, 1.000000000000000000 ) ) ;
#8956 = DIRECTION ( 'NONE',  ( 0.000000000000000000, 0.000000000000000000, -1.000000000000000000 ) ) ;
#8957 = VERTEX_POINT ( 'NONE', #5448 ) ;
#8958 = CARTESIAN_POINT ( 'NONE',  ( -1.328010335474721026, 0.05461618116849777105, 0.07299498049724206794 ) ) ;
#8959 = CARTESIAN_POINT ( 'NONE',  ( -0.8623023966705796184, -0.01475352894128072016, 0.1442457002740303307 ) ) ;
#8960 = CARTESIAN_POINT ( 'NONE',  ( -1.283346461395274529, 1.101876628123740653, 0.1102562506555950089 ) ) ;
#8961 = FACE_BOUND ( 'NONE', #580, .T. ) ;
#8962 = ORIENTED_EDGE ( 'NONE', *, *, #116, .F. ) ;
#8963 = ORIENTED_EDGE ( 'NONE', *, *, #919, .T. ) ;
#8964 = DIRECTION ( 'NONE',  ( -0.000000000000000000, -0.000000000000000000, 1.000000000000000000 ) ) ;
#8965 = ORIENTED_EDGE ( 'NONE', *, *, #4013, .T. ) ;
#8966 = CARTESIAN_POINT ( 'NONE',  ( -1.100668363488248147, 1.159487491891597610, 0.004711531358574759867 ) ) ;
#8967 = CARTESIAN_POINT ( 'NONE',  ( -1.013859724571285925, 0.5658004866359794827, 0.3756034584419081224 ) ) ;
#8968 = EDGE_CURVE ( 'NONE', #6722, #5297, #4846, .T. ) ;
#8969 = VERTEX_POINT ( 'NONE', #1959 ) ;
#8970 = ORIENTED_EDGE ( 'NONE', *, *, #6629, .T. ) ;
#8971 = CARTESIAN_POINT ( 'NONE',  ( -0.5717924022167399922, 0.9714807727453801389, 0.1426901081128192084 ) ) ;
#8972 = CARTESIAN_POINT ( 'NONE',  ( -1.013859724571285925, 0.5658004866359794827, 0.1479111507496004008 ) ) ;
#8973 = CARTESIAN_POINT ( 'NONE',  ( -1.385242490583956876, 1.037049311216478475, 0.1185497691712692758 ) ) ;
#8974 = CARTESIAN_POINT ( 'NONE',  ( -1.381584978358031401, 1.039908215318482210, 0.1406912248423692613 ) ) ;
#8975 = CARTESIAN_POINT ( 'NONE',  ( -1.013859724571285925, 0.5658004866359794827, 0.2556034584419079603 ) ) ;
#8976 = EDGE_LOOP ( 'NONE', ( #6492, #9014, #5313, #7938, #225 ) ) ;
#8977 = CARTESIAN_POINT ( 'NONE',  ( -1.304951091414559006, 0.04114039946430051581, 0.04168814900872731821 ) ) ;
#8978 = CARTESIAN_POINT ( 'NONE',  ( -1.285322210178282409, 0.03072236186762804591, 0.08671271318597727207 ) ) ;
#8979 = DIRECTION ( 'NONE',  ( 0.000000000000000000, 0.000000000000000000, -1.000000000000000000 ) ) ;
#8980 = EDGE_LOOP ( 'NONE', ( #5619, #445, #239 ) ) ;
#8981 = ORIENTED_EDGE ( 'NONE', *, *, #3973, .F. ) ;
#8982 = CARTESIAN_POINT ( 'NONE',  ( -1.309716116730372582, 1.087787710136294717, 0.1070792284090258673 ) ) ;
#8983 = ORIENTED_EDGE ( 'NONE', *, *, #2125, .T. ) ;
#8984 = VERTEX_POINT ( 'NONE', #3472 ) ;
#8985 = CARTESIAN_POINT ( 'NONE',  ( -1.344074643188799545, 0.06483925728937883770, 0.1371034000290159705 ) ) ;
#8986 = PLANE ( 'NONE',  #5275 ) ;
#8987 = B_SPLINE_CURVE_WITH_KNOTS ( 'NONE', 3,
 ( #6127, #5493, #8290, #6217 ),
 .UNSPECIFIED., .F., .F.,
 ( 4, 4 ),
 ( 0.000000000000000000, 1.000000000000000000 ),
 .UNSPECIFIED. ) ;
#8988 = CARTESIAN_POINT ( 'NONE',  ( -1.358349291984295215, 0.07454985044515442805, 0.1252599606052137438 ) ) ;
#8989 = ORIENTED_EDGE ( 'NONE', *, *, #1437, .T. ) ;
#8990 = CARTESIAN_POINT ( 'NONE',  ( -0.9532779870548140355, 1.162734195752398003, 0.01958709006500507221 ) ) ;
#8991 = CARTESIAN_POINT ( 'NONE',  ( -1.177754133470822140, 1.142982498447253192, 0.1032871775246705787 ) ) ;
#8992 = DIRECTION ( 'NONE',  ( -1.000000000000000000, 0.000000000000000000, 0.000000000000000000 ) ) ;
#8993 = B_SPLINE_CURVE_WITH_KNOTS ( 'NONE', 3,
 ( #6944, #5490, #3528, #1216 ),
 .UNSPECIFIED., .F., .F.,
 ( 4, 4 ),
 ( 0.000000000000000000, 1.000000000000000000 ),
 .UNSPECIFIED. ) ;
#8994 = CARTESIAN_POINT ( 'NONE',  ( -1.358016281911903045, 1.057284223945215818, 0.1160121122880619499 ) ) ;
#8995 = ORIENTED_EDGE ( 'NONE', *, *, #7996, .T. ) ;
#8996 = CARTESIAN_POINT ( 'NONE',  ( -1.305515486552186966, 0.04145621375475513209, 0.1068287859264676065 ) ) ;
#8997 = CARTESIAN_POINT ( 'NONE',  ( -0.7028943050357436828, 1.078928674648739872, 0.1291202020208947754 ) ) ;
#8998 = CARTESIAN_POINT ( 'NONE',  ( -1.339417411022405746, 1.069796836183430244, 0.1071103120362394828 ) ) ;
#8999 = DIRECTION ( 'NONE',  ( -0.000000000000000000, -0.000000000000000000, 1.000000000000000000 ) ) ;
#9000 = ORIENTED_EDGE ( 'NONE', *, *, #4905, .T. ) ;
#9001 = CARTESIAN_POINT ( 'NONE',  ( -1.383240330769002213, 1.038619656895612309, 0.1119015353649849970 ) ) ;
#9002 = CARTESIAN_POINT ( 'NONE',  ( -0.4848307673849949206, 0.8488748902707307087, 0.09662111781211353556 ) ) ;
#9003 = EDGE_CURVE ( 'NONE', #4292, #6374, #7827, .T. ) ;
#9004 = EDGE_CURVE ( 'NONE', #5571, #8012, #8313, .T. ) ;
#9005 = EDGE_CURVE ( 'NONE', #853, #7642, #7912, .T. ) ;
#9006 = CARTESIAN_POINT ( 'NONE',  ( -0.8792214491692884604, 1.150499163807752634, 0.02519040140880212525 ) ) ;
#9007 = VERTEX_POINT ( 'NONE', #3710 ) ;
#9008 = EDGE_LOOP ( 'NONE', ( #1431, #6789, #5573, #7814, #421, #1376, #6932, #7370, #8120, #8944 ) ) ;
#9009 = CYLINDRICAL_SURFACE ( 'NONE', #2295, 0.5999999999999998668 ) ;
#9010 = EDGE_CURVE ( 'NONE', #4996, #5702, #2763, .T. ) ;
#9011 = ORIENTED_EDGE ( 'NONE', *, *, #3860, .F. ) ;
#9012 = FACE_OUTER_BOUND ( 'NONE', #4701, .T. ) ;
#9013 = CARTESIAN_POINT ( 'NONE',  ( -0.5531245952670408306, 0.5501754866359794827, 0.09619400962301037639 ) ) ;
#9014 = ORIENTED_EDGE ( 'NONE', *, *, #1706, .F. ) ;
#9015 = ORIENTED_EDGE ( 'NONE', *, *, #2686, .T. ) ;
#9016 = CARTESIAN_POINT ( 'NONE',  ( -0.5719407596978512975, 0.9716423776683311697, 0.1429821567919022096 ) ) ;
#9017 = CARTESIAN_POINT ( 'NONE',  ( -1.280061499674144843, 1.103516152746800261, 0.1488779400036166767 ) ) ;
#9018 = CARTESIAN_POINT ( 'NONE',  ( -1.013859724571285925, 0.5658004866359794827, 0.08849400962301035012 ) ) ;
#9019 = CARTESIAN_POINT ( 'NONE',  ( -0.8947613037803623381, -0.02231407829445844829, 0.1495732366545150793 ) ) ;
#9020 = EDGE_CURVE ( 'NONE', #3169, #1103, #393, .T. ) ;
#9021 = CARTESIAN_POINT ( 'NONE',  ( -1.236054070150351736, 1.123142103953584936, 0.1349198484234762629 ) ) ;
#9022 = VERTEX_POINT ( 'NONE', #1542 ) ;
#9023 = CARTESIAN_POINT ( 'NONE',  ( -1.346753132448309964, 1.064981871822391568, 0.1291352174293648458 ) ) ;
#9024 = CARTESIAN_POINT ( 'NONE',  ( -1.330985684904639310, 1.075144308741408317, 0.1116410096815917824 ) ) ;
#9025 = CARTESIAN_POINT ( 'NONE',  ( -0.9079590652943431150, -0.02478006964673781093, 0.1101158215145162100 ) ) ;
#9026 = CIRCLE ( 'NONE', #3305, 0.5999999999999998668 ) ;
#9027 = ORIENTED_EDGE ( 'NONE', *, *, #2395, .F. ) ;
#9028 = CARTESIAN_POINT ( 'NONE',  ( -1.013859724571285925, 0.5658004866359794827, 0.09560345844190808184 ) ) ;
#9029 = VERTEX_POINT ( 'NONE', #5007 ) ;
#9030 = ADVANCED_FACE ( 'NONE', ( #8611 ), #2845, .F. ) ;
#9031 = ORIENTED_EDGE ( 'NONE', *, *, #8237, .T. ) ;
#9032 = CARTESIAN_POINT ( 'NONE',  ( -0.5714211686717631800, 0.9710783141543989361, 0.1090738707340413033 ) ) ;
#9033 = CYLINDRICAL_SURFACE ( 'NONE', #3220, 0.5174999999999998490 ) ;
#9034 = CARTESIAN_POINT ( 'NONE',  ( -1.381739013923095394, 1.039788723599593956, 0.1349957550244949844 ) ) ;
#9035 = CIRCLE ( 'NONE', #2738, 0.5999999999999998668 ) ;
#9036 = EDGE_LOOP ( 'NONE', ( #8276, #1222, #7215, #7246, #6913, #6281, #8888 ) ) ;
#9037 = CARTESIAN_POINT ( 'NONE',  ( -0.9472912579241199449, 1.162096290315067559, 0.08626082447035006429 ) ) ;
#9038 = CARTESIAN_POINT ( 'NONE',  ( -1.173410708825884274, 1.144197899789225481, 0.1074375621622958576 ) ) ;
#9039 = DIRECTION ( 'NONE',  ( 0.000000000000000000, -1.000000000000000000, 0.000000000000000000 ) ) ;
#9040 = AXIS2_PLACEMENT_3D ( 'NONE', #2483, #1688, #2356 ) ;
#9041 = AXIS2_PLACEMENT_3D ( 'NONE', #3984, #7771, #6120 ) ;
#9042 = CARTESIAN_POINT ( 'NONE',  ( -1.285872910295160487, 1.100599605613743703, 0.1444197801439941475 ) ) ;
#9043 = VERTEX_POINT ( 'NONE', #7135 ) ;
#9044 = CARTESIAN_POINT ( 'NONE',  ( -0.5177554262980035293, 0.9032641144481808881, 0.1098939491570399690 ) ) ;
#9045 = CARTESIAN_POINT ( 'NONE',  ( -1.420749519451929066, 1.006754786787353417, 0.1556034584419080935 ) ) ;
#9046 = B_SPLINE_CURVE_WITH_KNOTS ( 'NONE', 3,
 ( #5811, #8524, #2981, #5678 ),
 .UNSPECIFIED., .F., .F.,
 ( 4, 4 ),
 ( 0.000000000000000000, 1.000000000000000000 ),
 .UNSPECIFIED. ) ;
#9047 = CARTESIAN_POINT ( 'NONE',  ( -1.346978075210357284, 1.064831752949073174, 0.1019046357060069963 ) ) ;
#9048 = CARTESIAN_POINT ( 'NONE',  ( -1.010947139961864361, 1.165793638461728232, 0.01698027806094947259 ) ) ;
#9049 = ORIENTED_EDGE ( 'NONE', *, *, #1027, .F. ) ;
#9050 = DIRECTION ( 'NONE',  ( -0.000000000000000000, -0.000000000000000000, 1.000000000000000000 ) ) ;
#9051 = CARTESIAN_POINT ( 'NONE',  ( -0.4855872910790747787, 0.8502827991813910469, 0.09730354813100429434 ) ) ;
#9052 = CONICAL_SURFACE ( 'NONE', #3334, 0.5900000000000005240, 0.7853981633974346233 ) ;
#9053 = CARTESIAN_POINT ( 'NONE',  ( -1.340399474648503508, 1.069162591195760070, 0.1550054536664627058 ) ) ;
#9054 = DIRECTION ( 'NONE',  ( 0.000000000000000000, 1.000000000000000000, 0.000000000000000000 ) ) ;
#9055 = EDGE_LOOP ( 'NONE', ( #2404, #8418, #3992, #7339 ) ) ;
#9056 = ORIENTED_EDGE ( 'NONE', *, *, #6983, .F. ) ;
#9057 = CIRCLE ( 'NONE', #8768, 0.5999999999999997558 ) ;
#9058 = EDGE_CURVE ( 'NONE', #6824, #3415, #1272, .T. ) ;
#9059 = CARTESIAN_POINT ( 'NONE',  ( -0.6790777597462570592, 1.063717182507782022, 0.1648342276726773303 ) ) ;
#9060 = ORIENTED_EDGE ( 'NONE', *, *, #6247, .F. ) ;
#9061 = CARTESIAN_POINT ( 'NONE',  ( -0.5643454147106049534, 0.9632133671876914605, 0.1129090026026232096 ) ) ;
#9062 = ORIENTED_EDGE ( 'NONE', *, *, #7440, .T. ) ;
#9063 = VECTOR ( 'NONE', #4752, 39.37007874015748143 ) ;
#9064 = DIRECTION ( 'NONE',  ( -0.3084995478114715972, -0.9512244892769097238, 0.000000000000000000 ) ) ;
#9065 = VECTOR ( 'NONE', #902, 39.37007874015748143 ) ;
#9066 = VERTEX_POINT ( 'NONE', #3618 ) ;
#9067 = B_SPLINE_CURVE_WITH_KNOTS ( 'NONE', 3,
 ( #1922, #3994, #536, #4593 ),
 .UNSPECIFIED., .F., .F.,
 ( 4, 4 ),
 ( 0.000000000000000000, 1.000000000000000000 ),
 .UNSPECIFIED. ) ;
#9068 = EDGE_LOOP ( 'NONE', ( #8488, #3239 ) ) ;
#9069 = CARTESIAN_POINT ( 'NONE',  ( -0.4860784845027517065, 0.8511897098835997655, 0.1429789270306813243 ) ) ;
#9070 = ADVANCED_FACE ( 'NONE', ( #4267 ), #2208, .T. ) ;
#9071 = CARTESIAN_POINT ( 'NONE',  ( -1.383253240113379912, 1.038609571726160974, 0.1113877256174971436 ) ) ;
#9072 = CARTESIAN_POINT ( 'NONE',  ( -0.5826302630564839102, 0.9829828826232187566, 0.1025265353649850164 ) ) ;
#9073 = CARTESIAN_POINT ( 'NONE',  ( -0.9448075919220770835, 1.161813788989028318, 0.01421482883309312280 ) ) ;
#9074 = CARTESIAN_POINT ( 'NONE',  ( -1.013859724571285925, 0.5658004866359794827, 0.07119400962301036806 ) ) ;
#9075 = ORIENTED_EDGE ( 'NONE', *, *, #3860, .T. ) ;
#9076 = CARTESIAN_POINT ( 'NONE',  ( -0.9911753263839602202, -0.03377054174921412244, 0.1054848011288119503 ) ) ;
#9077 = CARTESIAN_POINT ( 'NONE',  ( -1.430397521579958475, 0.9976569898122638058, 0.1197060225444722265 ) ) ;
#9078 = CIRCLE ( 'NONE', #5130, 0.5140000000000003455 ) ;
#9079 = ORIENTED_EDGE ( 'NONE', *, *, #3254, .T. ) ;
#9080 = CARTESIAN_POINT ( 'NONE',  ( -0.4732946284112452551, 0.8261644239487846431, 0.1349887319089958237 ) ) ;
#9081 = CARTESIAN_POINT ( 'NONE',  ( -1.013859724571286147, 0.5658004866359794827, 0.2256034584419079059 ) ) ;
#9082 = EDGE_LOOP ( 'NONE', ( #5476, #8713, #4196, #7605, #2128, #7687, #6271, #8257 ) ) ;
#9083 = EDGE_CURVE ( 'NONE', #5213, #3447, #554, .T. ) ;
ENDSEC;
END-ISO-10303-21;
